{"Time":"2026-09-08T10:19:03.80660898+03:00","Action":"start","Package":"virmill.local/core/internal/app"}
{"Time":"2026-09-08T10:19:03.806798129+03:00","Action":"start","Package":"virmill.local/core/internal/app/network"}
{"Time":"2026-09-08T10:19:03.806928618+03:00","Action":"start","Package":"virmill.local/core/internal/networksettings"}
{"Time":"2026-09-08T10:19:03.814036372+03:00","Action":"run","Package":"virmill.local/core/internal/app/network","Test":"TestDefaultAllocationConfig"}
{"Time":"2026-09-08T10:19:03.814090042+03:00","Action":"output","Package":"virmill.local/core/internal/app/network","Test":"TestDefaultAllocationConfig","Output":"=== RUN   TestDefaultAllocationConfig\n","OutputType":"frame"}
{"Time":"2026-09-08T10:19:03.814114968+03:00","Action":"output","Package":"virmill.local/core/internal/app/network","Test":"TestDefaultAllocationConfig","Output":"--- PASS: TestDefaultAllocationConfig (0.00s)\n","OutputType":"frame"}
{"Time":"2026-09-08T10:19:03.814120537+03:00","Action":"pass","Package":"virmill.local/core/internal/app/network","Test":"TestDefaultAllocationConfig","Elapsed":0}
{"Time":"2026-09-08T10:19:03.814136283+03:00","Action":"run","Package":"virmill.local/core/internal/app/network","Test":"TestValidateAllocationConfigRejectsCorruption"}
{"Time":"2026-09-08T10:19:03.814138317+03:00","Action":"output","Package":"virmill.local/core/internal/app/network","Test":"TestValidateAllocationConfigRejectsCorruption","Output":"=== RUN   TestValidateAllocationConfigRejectsCorruption\n","OutputType":"frame"}
{"Time":"2026-09-08T10:19:03.814167025+03:00","Action":"run","Package":"virmill.local/core/internal/networksettings","Test":"TestCustomSettingsAreExactReadOnlyAndBounded"}
{"Time":"2026-09-08T10:19:03.814182322+03:00","Action":"output","Package":"virmill.local/core/internal/networksettings","Test":"TestCustomSettingsAreExactReadOnlyAndBounded","Output":"=== RUN   TestCustomSettingsAreExactReadOnlyAndBounded\n","OutputType":"frame"}
{"Time":"2026-09-08T10:19:03.814175294+03:00","Action":"run","Package":"virmill.local/core/internal/app/network","Test":"TestValidateAllocationConfigRejectsCorruption/zero_version"}
{"Time":"2026-09-08T10:19:03.814192528+03:00","Action":"output","Package":"virmill.local/core/internal/app/network","Test":"TestValidateAllocationConfigRejectsCorruption/zero_version","Output":"=== RUN   TestValidateAllocationConfigRejectsCorruption/zero_version\n","OutputType":"frame"}
{"Time":"2026-09-08T10:19:03.814225384+03:00","Action":"output","Package":"virmill.local/core/internal/app/network","Test":"TestValidateAllocationConfigRejectsCorruption/zero_version","Output":"--- PASS: TestValidateAllocationConfigRejectsCorruption/zero_version (0.00s)\n","OutputType":"frame"}
{"Time":"2026-09-08T10:19:03.814235523+03:00","Action":"pass","Package":"virmill.local/core/internal/app/network","Test":"TestValidateAllocationConfigRejectsCorruption/zero_version","Elapsed":0}
{"Time":"2026-09-08T10:19:03.814249552+03:00","Action":"run","Package":"virmill.local/core/internal/app/network","Test":"TestValidateAllocationConfigRejectsCorruption/future_version"}
{"Time":"2026-09-08T10:19:03.814251344+03:00","Action":"output","Package":"virmill.local/core/internal/app/network","Test":"TestValidateAllocationConfigRejectsCorruption/future_version","Output":"=== RUN   TestValidateAllocationConfigRejectsCorruption/future_version\n","OutputType":"frame"}
{"Time":"2026-09-08T10:19:03.814283497+03:00","Action":"output","Package":"virmill.local/core/internal/app/network","Test":"TestValidateAllocationConfigRejectsCorruption/future_version","Output":"--- PASS: TestValidateAllocationConfigRejectsCorruption/future_version (0.00s)\n","OutputType":"frame"}
{"Time":"2026-09-08T10:19:03.8142966+03:00","Action":"pass","Package":"virmill.local/core/internal/app/network","Test":"TestValidateAllocationConfigRejectsCorruption/future_version","Elapsed":0}
{"Time":"2026-09-08T10:19:03.814306302+03:00","Action":"run","Package":"virmill.local/core/internal/app/network","Test":"TestValidateAllocationConfigRejectsCorruption/nil_ranges"}
{"Time":"2026-09-08T10:19:03.814308356+03:00","Action":"output","Package":"virmill.local/core/internal/app/network","Test":"TestValidateAllocationConfigRejectsCorruption/nil_ranges","Output":"=== RUN   TestValidateAllocationConfigRejectsCorruption/nil_ranges\n","OutputType":"frame"}
{"Time":"2026-09-08T10:19:03.81434762+03:00","Action":"output","Package":"virmill.local/core/internal/app/network","Test":"TestValidateAllocationConfigRejectsCorruption/nil_ranges","Output":"--- PASS: TestValidateAllocationConfigRejectsCorruption/nil_ranges (0.00s)\n","OutputType":"frame"}
{"Time":"2026-09-08T10:19:03.814356983+03:00","Action":"pass","Package":"virmill.local/core/internal/app/network","Test":"TestValidateAllocationConfigRejectsCorruption/nil_ranges","Elapsed":0}
{"Time":"2026-09-08T10:19:03.814365871+03:00","Action":"run","Package":"virmill.local/core/internal/app/network","Test":"TestValidateAllocationConfigRejectsCorruption/empty_ranges"}
{"Time":"2026-09-08T10:19:03.814368027+03:00","Action":"output","Package":"virmill.local/core/internal/app/network","Test":"TestValidateAllocationConfigRejectsCorruption/empty_ranges","Output":"=== RUN   TestValidateAllocationConfigRejectsCorruption/empty_ranges\n","OutputType":"frame"}
{"Time":"2026-09-08T10:19:03.814395687+03:00","Action":"output","Package":"virmill.local/core/internal/app/network","Test":"TestValidateAllocationConfigRejectsCorruption/empty_ranges","Output":"--- PASS: TestValidateAllocationConfigRejectsCorruption/empty_ranges (0.00s)\n","OutputType":"frame"}
{"Time":"2026-09-08T10:19:03.814404423+03:00","Action":"pass","Package":"virmill.local/core/internal/app/network","Test":"TestValidateAllocationConfigRejectsCorruption/empty_ranges","Elapsed":0}
{"Time":"2026-09-08T10:19:03.814415357+03:00","Action":"run","Package":"virmill.local/core/internal/app/network","Test":"TestValidateAllocationConfigRejectsCorruption/too_many_ranges"}
{"Time":"2026-09-08T10:19:03.814417386+03:00","Action":"output","Package":"virmill.local/core/internal/app/network","Test":"TestValidateAllocationConfigRejectsCorruption/too_many_ranges","Output":"=== RUN   TestValidateAllocationConfigRejectsCorruption/too_many_ranges\n","OutputType":"frame"}
{"Time":"2026-09-08T10:19:03.814451404+03:00","Action":"output","Package":"virmill.local/core/internal/app/network","Test":"TestValidateAllocationConfigRejectsCorruption/too_many_ranges","Output":"--- PASS: TestValidateAllocationConfigRejectsCorruption/too_many_ranges (0.00s)\n","OutputType":"frame"}
{"Time":"2026-09-08T10:19:03.814456282+03:00","Action":"pass","Package":"virmill.local/core/internal/app/network","Test":"TestValidateAllocationConfigRejectsCorruption/too_many_ranges","Elapsed":0}
{"Time":"2026-09-08T10:19:03.814467151+03:00","Action":"run","Package":"virmill.local/core/internal/app/network","Test":"TestValidateAllocationConfigRejectsCorruption/duplicate_ranges"}
{"Time":"2026-09-08T10:19:03.814469298+03:00","Action":"output","Package":"virmill.local/core/internal/app/network","Test":"TestValidateAllocationConfigRejectsCorruption/duplicate_ranges","Output":"=== RUN   TestValidateAllocationConfigRejectsCorruption/duplicate_ranges\n","OutputType":"frame"}
{"Time":"2026-09-08T10:19:03.814509763+03:00","Action":"output","Package":"virmill.local/core/internal/app/network","Test":"TestValidateAllocationConfigRejectsCorruption/duplicate_ranges","Output":"--- PASS: TestValidateAllocationConfigRejectsCorruption/duplicate_ranges (0.00s)\n","OutputType":"frame"}
{"Time":"2026-09-08T10:19:03.814518948+03:00","Action":"pass","Package":"virmill.local/core/internal/app/network","Test":"TestValidateAllocationConfigRejectsCorruption/duplicate_ranges","Elapsed":0}
{"Time":"2026-09-08T10:19:03.814527667+03:00","Action":"run","Package":"virmill.local/core/internal/app/network","Test":"TestValidateAllocationConfigRejectsCorruption/contained_range"}
{"Time":"2026-09-08T10:19:03.814530701+03:00","Action":"output","Package":"virmill.local/core/internal/app/network","Test":"TestValidateAllocationConfigRejectsCorruption/contained_range","Output":"=== RUN   TestValidateAllocationConfigRejectsCorruption/contained_range\n","OutputType":"frame"}
{"Time":"2026-09-08T10:19:03.814560112+03:00","Action":"output","Package":"virmill.local/core/internal/app/network","Test":"TestValidateAllocationConfigRejectsCorruption/contained_range","Output":"--- PASS: TestValidateAllocationConfigRejectsCorruption/contained_range (0.00s)\n","OutputType":"frame"}
{"Time":"2026-09-08T10:19:03.814568954+03:00","Action":"pass","Package":"virmill.local/core/internal/app/network","Test":"TestValidateAllocationConfigRejectsCorruption/contained_range","Elapsed":0}
{"Time":"2026-09-08T10:19:03.814579839+03:00","Action":"run","Package":"virmill.local/core/internal/app/network","Test":"TestValidateAllocationConfigRejectsCorruption/wider_range"}
{"Time":"2026-09-08T10:19:03.814581866+03:00","Action":"output","Package":"virmill.local/core/internal/app/network","Test":"TestValidateAllocationConfigRejectsCorruption/wider_range","Output":"=== RUN   TestValidateAllocationConfigRejectsCorruption/wider_range\n","OutputType":"frame"}
{"Time":"2026-09-08T10:19:03.814615336+03:00","Action":"output","Package":"virmill.local/core/internal/app/network","Test":"TestValidateAllocationConfigRejectsCorruption/wider_range","Output":"--- PASS: TestValidateAllocationConfigRejectsCorruption/wider_range (0.00s)\n","OutputType":"frame"}
{"Time":"2026-09-08T10:19:03.814624055+03:00","Action":"pass","Package":"virmill.local/core/internal/app/network","Test":"TestValidateAllocationConfigRejectsCorruption/wider_range","Elapsed":0}
{"Time":"2026-09-08T10:19:03.814633858+03:00","Action":"run","Package":"virmill.local/core/internal/app/network","Test":"TestValidateAllocationConfigRejectsCorruption/missing_CIDR"}
{"Time":"2026-09-08T10:19:03.814635807+03:00","Action":"output","Package":"virmill.local/core/internal/app/network","Test":"TestValidateAllocationConfigRejectsCorruption/missing_CIDR","Output":"=== RUN   TestValidateAllocationConfigRejectsCorruption/missing_CIDR\n","OutputType":"frame"}
{"Time":"2026-09-08T10:19:03.814668214+03:00","Action":"output","Package":"virmill.local/core/internal/app/network","Test":"TestValidateAllocationConfigRejectsCorruption/missing_CIDR","Output":"--- PASS: TestValidateAllocationConfigRejectsCorruption/missing_CIDR (0.00s)\n","OutputType":"frame"}
{"Time":"2026-09-08T10:19:03.814676763+03:00","Action":"pass","Package":"virmill.local/core/internal/app/network","Test":"TestValidateAllocationConfigRejectsCorruption/missing_CIDR","Elapsed":0}
{"Time":"2026-09-08T10:19:03.814689486+03:00","Action":"run","Package":"virmill.local/core/internal/app/network","Test":"TestValidateAllocationConfigRejectsCorruption/malformed_CIDR"}
{"Time":"2026-09-08T10:19:03.814691512+03:00","Action":"output","Package":"virmill.local/core/internal/app/network","Test":"TestValidateAllocationConfigRejectsCorruption/malformed_CIDR","Output":"=== RUN   TestValidateAllocationConfigRejectsCorruption/malformed_CIDR\n","OutputType":"frame"}
{"Time":"2026-09-08T10:19:03.814723926+03:00","Action":"output","Package":"virmill.local/core/internal/app/network","Test":"TestValidateAllocationConfigRejectsCorruption/malformed_CIDR","Output":"--- PASS: TestValidateAllocationConfigRejectsCorruption/malformed_CIDR (0.00s)\n","OutputType":"frame"}
{"Time":"2026-09-08T10:19:03.814732682+03:00","Action":"pass","Package":"virmill.local/core/internal/app/network","Test":"TestValidateAllocationConfigRejectsCorruption/malformed_CIDR","Elapsed":0}
{"Time":"2026-09-08T10:19:03.814740755+03:00","Action":"run","Package":"virmill.local/core/internal/app/network","Test":"TestValidateAllocationConfigRejectsCorruption/host_bits"}
{"Time":"2026-09-08T10:19:03.81474468+03:00","Action":"output","Package":"virmill.local/core/internal/app/network","Test":"TestValidateAllocationConfigRejectsCorruption/host_bits","Output":"=== RUN   TestValidateAllocationConfigRejectsCorruption/host_bits\n","OutputType":"frame"}
{"Time":"2026-09-08T10:19:03.814773215+03:00","Action":"output","Package":"virmill.local/core/internal/app/network","Test":"TestValidateAllocationConfigRejectsCorruption/host_bits","Output":"--- PASS: TestValidateAllocationConfigRejectsCorruption/host_bits (0.00s)\n","OutputType":"frame"}
{"Time":"2026-09-08T10:19:03.814782659+03:00","Action":"pass","Package":"virmill.local/core/internal/app/network","Test":"TestValidateAllocationConfigRejectsCorruption/host_bits","Elapsed":0}
{"Time":"2026-09-08T10:19:03.814799756+03:00","Action":"run","Package":"virmill.local/core/internal/app/network","Test":"TestValidateAllocationConfigRejectsCorruption/prefix_leading_zero"}
{"Time":"2026-09-08T10:19:03.814801915+03:00","Action":"output","Package":"virmill.local/core/internal/app/network","Test":"TestValidateAllocationConfigRejectsCorruption/prefix_leading_zero","Output":"=== RUN   TestValidateAllocationConfigRejectsCorruption/prefix_leading_zero\n","OutputType":"frame"}
{"Time":"2026-09-08T10:19:03.814834097+03:00","Action":"output","Package":"virmill.local/core/internal/app/network","Test":"TestValidateAllocationConfigRejectsCorruption/prefix_leading_zero","Output":"--- PASS: TestValidateAllocationConfigRejectsCorruption/prefix_leading_zero (0.00s)\n","OutputType":"frame"}
{"Time":"2026-09-08T10:19:03.81484534+03:00","Action":"pass","Package":"virmill.local/core/internal/app/network","Test":"TestValidateAllocationConfigRejectsCorruption/prefix_leading_zero","Elapsed":0}
{"Time":"2026-09-08T10:19:03.814856042+03:00","Action":"run","Package":"virmill.local/core/internal/app/network","Test":"TestValidateAllocationConfigRejectsCorruption/address_leading_zero"}
{"Time":"2026-09-08T10:19:03.814858361+03:00","Action":"output","Package":"virmill.local/core/internal/app/network","Test":"TestValidateAllocationConfigRejectsCorruption/address_leading_zero","Output":"=== RUN   TestValidateAllocationConfigRejectsCorruption/address_leading_zero\n","OutputType":"frame"}
{"Time":"2026-09-08T10:19:03.814900762+03:00","Action":"output","Package":"virmill.local/core/internal/app/network","Test":"TestValidateAllocationConfigRejectsCorruption/address_leading_zero","Output":"--- PASS: TestValidateAllocationConfigRejectsCorruption/address_leading_zero (0.00s)\n","OutputType":"frame"}
{"Time":"2026-09-08T10:19:03.814909779+03:00","Action":"pass","Package":"virmill.local/core/internal/app/network","Test":"TestValidateAllocationConfigRejectsCorruption/address_leading_zero","Elapsed":0}
{"Time":"2026-09-08T10:19:03.814918174+03:00","Action":"run","Package":"virmill.local/core/internal/app/network","Test":"TestValidateAllocationConfigRejectsCorruption/trailing_whitespace"}
{"Time":"2026-09-08T10:19:03.814920166+03:00","Action":"output","Package":"virmill.local/core/internal/app/network","Test":"TestValidateAllocationConfigRejectsCorruption/trailing_whitespace","Output":"=== RUN   TestValidateAllocationConfigRejectsCorruption/trailing_whitespace\n","OutputType":"frame"}
{"Time":"2026-09-08T10:19:03.814953991+03:00","Action":"output","Package":"virmill.local/core/internal/app/network","Test":"TestValidateAllocationConfigRejectsCorruption/trailing_whitespace","Output":"--- PASS: TestValidateAllocationConfigRejectsCorruption/trailing_whitespace (0.00s)\n","OutputType":"frame"}
{"Time":"2026-09-08T10:19:03.814963435+03:00","Action":"pass","Package":"virmill.local/core/internal/app/network","Test":"TestValidateAllocationConfigRejectsCorruption/trailing_whitespace","Elapsed":0}
{"Time":"2026-09-08T10:19:03.814974137+03:00","Action":"run","Package":"virmill.local/core/internal/app/network","Test":"TestValidateAllocationConfigRejectsCorruption/public"}
{"Time":"2026-09-08T10:19:03.814976661+03:00","Action":"output","Package":"virmill.local/core/internal/app/network","Test":"TestValidateAllocationConfigRejectsCorruption/public","Output":"=== RUN   TestValidateAllocationConfigRejectsCorruption/public\n","OutputType":"frame"}
{"Time":"2026-09-08T10:19:03.815011316+03:00","Action":"output","Package":"virmill.local/core/internal/app/network","Test":"TestValidateAllocationConfigRejectsCorruption/public","Output":"--- PASS: TestValidateAllocationConfigRejectsCorruption/public (0.00s)\n","OutputType":"frame"}
{"Time":"2026-09-08T10:19:03.81502344+03:00","Action":"pass","Package":"virmill.local/core/internal/app/network","Test":"TestValidateAllocationConfigRejectsCorruption/public","Elapsed":0}
{"Time":"2026-09-08T10:19:03.815031683+03:00","Action":"run","Package":"virmill.local/core/internal/app/network","Test":"TestValidateAllocationConfigRejectsCorruption/shared_address_space"}
{"Time":"2026-09-08T10:19:03.815034688+03:00","Action":"output","Package":"virmill.local/core/internal/app/network","Test":"TestValidateAllocationConfigRejectsCorruption/shared_address_space","Output":"=== RUN   TestValidateAllocationConfigRejectsCorruption/shared_address_space\n","OutputType":"frame"}
{"Time":"2026-09-08T10:19:03.81507615+03:00","Action":"output","Package":"virmill.local/core/internal/app/network","Test":"TestValidateAllocationConfigRejectsCorruption/shared_address_space","Output":"--- PASS: TestValidateAllocationConfigRejectsCorruption/shared_address_space (0.00s)\n","OutputType":"frame"}
{"Time":"2026-09-08T10:19:03.815086701+03:00","Action":"pass","Package":"virmill.local/core/internal/app/network","Test":"TestValidateAllocationConfigRejectsCorruption/shared_address_space","Elapsed":0}
{"Time":"2026-09-08T10:19:03.81509514+03:00","Action":"run","Package":"virmill.local/core/internal/app/network","Test":"TestValidateAllocationConfigRejectsCorruption/loopback"}
{"Time":"2026-09-08T10:19:03.815097569+03:00","Action":"output","Package":"virmill.local/core/internal/app/network","Test":"TestValidateAllocationConfigRejectsCorruption/loopback","Output":"=== RUN   TestValidateAllocationConfigRejectsCorruption/loopback\n","OutputType":"frame"}
{"Time":"2026-09-08T10:19:03.815132876+03:00","Action":"output","Package":"virmill.local/core/internal/app/network","Test":"TestValidateAllocationConfigRejectsCorruption/loopback","Output":"--- PASS: TestValidateAllocationConfigRejectsCorruption/loopback (0.00s)\n","OutputType":"frame"}
{"Time":"2026-09-08T10:19:03.81514513+03:00","Action":"pass","Package":"virmill.local/core/internal/app/network","Test":"TestValidateAllocationConfigRejectsCorruption/loopback","Elapsed":0}
{"Time":"2026-09-08T10:19:03.815164629+03:00","Action":"run","Package":"virmill.local/core/internal/app/network","Test":"TestValidateAllocationConfigRejectsCorruption/link_local"}
{"Time":"2026-09-08T10:19:03.815166003+03:00","Action":"output","Package":"virmill.local/core/internal/app/network","Test":"TestValidateAllocationConfigRejectsCorruption/link_local","Output":"=== RUN   TestValidateAllocationConfigRejectsCorruption/link_local\n","OutputType":"frame"}
{"Time":"2026-09-08T10:19:03.815196606+03:00","Action":"output","Package":"virmill.local/core/internal/app/network","Test":"TestValidateAllocationConfigRejectsCorruption/link_local","Output":"--- PASS: TestValidateAllocationConfigRejectsCorruption/link_local (0.00s)\n","OutputType":"frame"}
{"Time":"2026-09-08T10:19:03.815205356+03:00","Action":"pass","Package":"virmill.local/core/internal/app/network","Test":"TestValidateAllocationConfigRejectsCorruption/link_local","Elapsed":0}
{"Time":"2026-09-08T10:19:03.815217119+03:00","Action":"run","Package":"virmill.local/core/internal/app/network","Test":"TestValidateAllocationConfigRejectsCorruption/multicast"}
{"Time":"2026-09-08T10:19:03.815219007+03:00","Action":"output","Package":"virmill.local/core/internal/app/network","Test":"TestValidateAllocationConfigRejectsCorruption/multicast","Output":"=== RUN   TestValidateAllocationConfigRejectsCorruption/multicast\n","OutputType":"frame"}
{"Time":"2026-09-08T10:19:03.815251006+03:00","Action":"output","Package":"virmill.local/core/internal/app/network","Test":"TestValidateAllocationConfigRejectsCorruption/multicast","Output":"--- PASS: TestValidateAllocationConfigRejectsCorruption/multicast (0.00s)\n","OutputType":"frame"}
{"Time":"2026-09-08T10:19:03.815255188+03:00","Action":"pass","Package":"virmill.local/core/internal/app/network","Test":"TestValidateAllocationConfigRejectsCorruption/multicast","Elapsed":0}
{"Time":"2026-09-08T10:19:03.815268539+03:00","Action":"run","Package":"virmill.local/core/internal/app/network","Test":"TestValidateAllocationConfigRejectsCorruption/all_IPv4"}
{"Time":"2026-09-08T10:19:03.815270705+03:00","Action":"output","Package":"virmill.local/core/internal/app/network","Test":"TestValidateAllocationConfigRejectsCorruption/all_IPv4","Output":"=== RUN   TestValidateAllocationConfigRejectsCorruption/all_IPv4\n","OutputType":"frame"}
{"Time":"2026-09-08T10:19:03.815300045+03:00","Action":"output","Package":"virmill.local/core/internal/app/network","Test":"TestValidateAllocationConfigRejectsCorruption/all_IPv4","Output":"--- PASS: TestValidateAllocationConfigRejectsCorruption/all_IPv4 (0.00s)\n","OutputType":"frame"}
{"Time":"2026-09-08T10:19:03.815308692+03:00","Action":"pass","Package":"virmill.local/core/internal/app/network","Test":"TestValidateAllocationConfigRejectsCorruption/all_IPv4","Elapsed":0}
{"Time":"2026-09-08T10:19:03.815317719+03:00","Action":"run","Package":"virmill.local/core/internal/app/network","Test":"TestValidateAllocationConfigRejectsCorruption/partly_private_10"}
{"Time":"2026-09-08T10:19:03.815325457+03:00","Action":"output","Package":"virmill.local/core/internal/app/network","Test":"TestValidateAllocationConfigRejectsCorruption/partly_private_10","Output":"=== RUN   TestValidateAllocationConfigRejectsCorruption/partly_private_10\n","OutputType":"frame"}
{"Time":"2026-09-08T10:19:03.815362195+03:00","Action":"output","Package":"virmill.local/core/internal/app/network","Test":"TestValidateAllocationConfigRejectsCorruption/partly_private_10","Output":"--- PASS: TestValidateAllocationConfigRejectsCorruption/partly_private_10 (0.00s)\n","OutputType":"frame"}
{"Time":"2026-09-08T10:19:03.815366878+03:00","Action":"pass","Package":"virmill.local/core/internal/app/network","Test":"TestValidateAllocationConfigRejectsCorruption/partly_private_10","Elapsed":0}
{"Time":"2026-09-08T10:19:03.815380945+03:00","Action":"run","Package":"virmill.local/core/internal/app/network","Test":"TestValidateAllocationConfigRejectsCorruption/partly_private_172"}
{"Time":"2026-09-08T10:19:03.815382863+03:00","Action":"output","Package":"virmill.local/core/internal/app/network","Test":"TestValidateAllocationConfigRejectsCorruption/partly_private_172","Output":"=== RUN   TestValidateAllocationConfigRejectsCorruption/partly_private_172\n","OutputType":"frame"}
{"Time":"2026-09-08T10:19:03.815416535+03:00","Action":"output","Package":"virmill.local/core/internal/app/network","Test":"TestValidateAllocationConfigRejectsCorruption/partly_private_172","Output":"--- PASS: TestValidateAllocationConfigRejectsCorruption/partly_private_172 (0.00s)\n","OutputType":"frame"}
{"Time":"2026-09-08T10:19:03.815420914+03:00","Action":"pass","Package":"virmill.local/core/internal/app/network","Test":"TestValidateAllocationConfigRejectsCorruption/partly_private_172","Elapsed":0}
{"Time":"2026-09-08T10:19:03.815431001+03:00","Action":"run","Package":"virmill.local/core/internal/app/network","Test":"TestValidateAllocationConfigRejectsCorruption/partly_private_192"}
{"Time":"2026-09-08T10:19:03.815432969+03:00","Action":"output","Package":"virmill.local/core/internal/app/network","Test":"TestValidateAllocationConfigRejectsCorruption/partly_private_192","Output":"=== RUN   TestValidateAllocationConfigRejectsCorruption/partly_private_192\n","OutputType":"frame"}
{"Time":"2026-09-08T10:19:03.815469486+03:00","Action":"output","Package":"virmill.local/core/internal/app/network","Test":"TestValidateAllocationConfigRejectsCorruption/partly_private_192","Output":"--- PASS: TestValidateAllocationConfigRejectsCorruption/partly_private_192 (0.00s)\n","OutputType":"frame"}
{"Time":"2026-09-08T10:19:03.815478093+03:00","Action":"pass","Package":"virmill.local/core/internal/app/network","Test":"TestValidateAllocationConfigRejectsCorruption/partly_private_192","Elapsed":0}
{"Time":"2026-09-08T10:19:03.815486682+03:00","Action":"run","Package":"virmill.local/core/internal/app/network","Test":"TestValidateAllocationConfigRejectsCorruption/IPv6_ULA"}
{"Time":"2026-09-08T10:19:03.815488728+03:00","Action":"output","Package":"virmill.local/core/internal/app/network","Test":"TestValidateAllocationConfigRejectsCorruption/IPv6_ULA","Output":"=== RUN   TestValidateAllocationConfigRejectsCorruption/IPv6_ULA\n","OutputType":"frame"}
{"Time":"2026-09-08T10:19:03.815523512+03:00","Action":"output","Package":"virmill.local/core/internal/app/network","Test":"TestValidateAllocationConfigRejectsCorruption/IPv6_ULA","Output":"--- PASS: TestValidateAllocationConfigRejectsCorruption/IPv6_ULA (0.00s)\n","OutputType":"frame"}
{"Time":"2026-09-08T10:19:03.815526294+03:00","Action":"pass","Package":"virmill.local/core/internal/app/network","Test":"TestValidateAllocationConfigRejectsCorruption/IPv6_ULA","Elapsed":0}
{"Time":"2026-09-08T10:19:03.815536063+03:00","Action":"run","Package":"virmill.local/core/internal/app/network","Test":"TestValidateAllocationConfigRejectsCorruption/IPv4_mapped"}
{"Time":"2026-09-08T10:19:03.815537902+03:00","Action":"output","Package":"virmill.local/core/internal/app/network","Test":"TestValidateAllocationConfigRejectsCorruption/IPv4_mapped","Output":"=== RUN   TestValidateAllocationConfigRejectsCorruption/IPv4_mapped\n","OutputType":"frame"}
{"Time":"2026-09-08T10:19:03.815577138+03:00","Action":"output","Package":"virmill.local/core/internal/app/network","Test":"TestValidateAllocationConfigRejectsCorruption/IPv4_mapped","Output":"--- PASS: TestValidateAllocationConfigRejectsCorruption/IPv4_mapped (0.00s)\n","OutputType":"frame"}
{"Time":"2026-09-08T10:19:03.815587108+03:00","Action":"pass","Package":"virmill.local/core/internal/app/network","Test":"TestValidateAllocationConfigRejectsCorruption/IPv4_mapped","Elapsed":0}
{"Time":"2026-09-08T10:19:03.815598711+03:00","Action":"run","Package":"virmill.local/core/internal/app/network","Test":"TestValidateAllocationConfigRejectsCorruption/overlong_CIDR"}
{"Time":"2026-09-08T10:19:03.815600585+03:00","Action":"output","Package":"virmill.local/core/internal/app/network","Test":"TestValidateAllocationConfigRejectsCorruption/overlong_CIDR","Output":"=== RUN   TestValidateAllocationConfigRejectsCorruption/overlong_CIDR\n","OutputType":"frame"}
{"Time":"2026-09-08T10:19:03.815643674+03:00","Action":"output","Package":"virmill.local/core/internal/app/network","Test":"TestValidateAllocationConfigRejectsCorruption/overlong_CIDR","Output":"--- PASS: TestValidateAllocationConfigRejectsCorruption/overlong_CIDR (0.00s)\n","OutputType":"frame"}
{"Time":"2026-09-08T10:19:03.815648458+03:00","Action":"pass","Package":"virmill.local/core/internal/app/network","Test":"TestValidateAllocationConfigRejectsCorruption/overlong_CIDR","Elapsed":0}
{"Time":"2026-09-08T10:19:03.815662414+03:00","Action":"run","Package":"virmill.local/core/internal/app/network","Test":"TestValidateAllocationConfigRejectsCorruption/output_prefix_zero"}
{"Time":"2026-09-08T10:19:03.815664405+03:00","Action":"output","Package":"virmill.local/core/internal/app/network","Test":"TestValidateAllocationConfigRejectsCorruption/output_prefix_zero","Output":"=== RUN   TestValidateAllocationConfigRejectsCorruption/output_prefix_zero\n","OutputType":"frame"}
{"Time":"2026-09-08T10:19:03.815695732+03:00","Action":"output","Package":"virmill.local/core/internal/app/network","Test":"TestValidateAllocationConfigRejectsCorruption/output_prefix_zero","Output":"--- PASS: TestValidateAllocationConfigRejectsCorruption/output_prefix_zero (0.00s)\n","OutputType":"frame"}
{"Time":"2026-09-08T10:19:03.815700101+03:00","Action":"pass","Package":"virmill.local/core/internal/app/network","Test":"TestValidateAllocationConfigRejectsCorruption/output_prefix_zero","Elapsed":0}
{"Time":"2026-09-08T10:19:03.815714605+03:00","Action":"run","Package":"virmill.local/core/internal/app/network","Test":"TestValidateAllocationConfigRejectsCorruption/output_prefix_negative"}
{"Time":"2026-09-08T10:19:03.815716521+03:00","Action":"output","Package":"virmill.local/core/internal/app/network","Test":"TestValidateAllocationConfigRejectsCorruption/output_prefix_negative","Output":"=== RUN   TestValidateAllocationConfigRejectsCorruption/output_prefix_negative\n","OutputType":"frame"}
{"Time":"2026-09-08T10:19:03.815745312+03:00","Action":"output","Package":"virmill.local/core/internal/app/network","Test":"TestValidateAllocationConfigRejectsCorruption/output_prefix_negative","Output":"--- PASS: TestValidateAllocationConfigRejectsCorruption/output_prefix_negative (0.00s)\n","OutputType":"frame"}
{"Time":"2026-09-08T10:19:03.815753828+03:00","Action":"pass","Package":"virmill.local/core/internal/app/network","Test":"TestValidateAllocationConfigRejectsCorruption/output_prefix_negative","Elapsed":0}
{"Time":"2026-09-08T10:19:03.815767062+03:00","Action":"run","Package":"virmill.local/core/internal/app/network","Test":"TestValidateAllocationConfigRejectsCorruption/output_prefix_seven"}
{"Time":"2026-09-08T10:19:03.815769089+03:00","Action":"output","Package":"virmill.local/core/internal/app/network","Test":"TestValidateAllocationConfigRejectsCorruption/output_prefix_seven","Output":"=== RUN   TestValidateAllocationConfigRejectsCorruption/output_prefix_seven\n","OutputType":"frame"}
{"Time":"2026-09-08T10:19:03.815803694+03:00","Action":"output","Package":"virmill.local/core/internal/app/network","Test":"TestValidateAllocationConfigRejectsCorruption/output_prefix_seven","Output":"--- PASS: TestValidateAllocationConfigRejectsCorruption/output_prefix_seven (0.00s)\n","OutputType":"frame"}
{"Time":"2026-09-08T10:19:03.815808169+03:00","Action":"pass","Package":"virmill.local/core/internal/app/network","Test":"TestValidateAllocationConfigRejectsCorruption/output_prefix_seven","Elapsed":0}
{"Time":"2026-09-08T10:19:03.81582098+03:00","Action":"run","Package":"virmill.local/core/internal/app/network","Test":"TestValidateAllocationConfigRejectsCorruption/output_larger_than_pool"}
{"Time":"2026-09-08T10:19:03.815822932+03:00","Action":"output","Package":"virmill.local/core/internal/app/network","Test":"TestValidateAllocationConfigRejectsCorruption/output_larger_than_pool","Output":"=== RUN   TestValidateAllocationConfigRejectsCorruption/output_larger_than_pool\n","OutputType":"frame"}
{"Time":"2026-09-08T10:19:03.815855805+03:00","Action":"output","Package":"virmill.local/core/internal/app/network","Test":"TestValidateAllocationConfigRejectsCorruption/output_larger_than_pool","Output":"--- PASS: TestValidateAllocationConfigRejectsCorruption/output_larger_than_pool (0.00s)\n","OutputType":"frame"}
{"Time":"2026-09-08T10:19:03.815860229+03:00","Action":"pass","Package":"virmill.local/core/internal/app/network","Test":"TestValidateAllocationConfigRejectsCorruption/output_larger_than_pool","Elapsed":0}
{"Time":"2026-09-08T10:19:03.815870599+03:00","Action":"run","Package":"virmill.local/core/internal/app/network","Test":"TestValidateAllocationConfigRejectsCorruption/output_prefix_31"}
{"Time":"2026-09-08T10:19:03.815872477+03:00","Action":"output","Package":"virmill.local/core/internal/app/network","Test":"TestValidateAllocationConfigRejectsCorruption/output_prefix_31","Output":"=== RUN   TestValidateAllocationConfigRejectsCorruption/output_prefix_31\n","OutputType":"frame"}
{"Time":"2026-09-08T10:19:03.815912004+03:00","Action":"output","Package":"virmill.local/core/internal/app/network","Test":"TestValidateAllocationConfigRejectsCorruption/output_prefix_31","Output":"--- PASS: TestValidateAllocationConfigRejectsCorruption/output_prefix_31 (0.00s)\n","OutputType":"frame"}
{"Time":"2026-09-08T10:19:03.815934045+03:00","Action":"pass","Package":"virmill.local/core/internal/app/network","Test":"TestValidateAllocationConfigRejectsCorruption/output_prefix_31","Elapsed":0}
{"Time":"2026-09-08T10:19:03.815937086+03:00","Action":"run","Package":"virmill.local/core/internal/app/network","Test":"TestValidateAllocationConfigRejectsCorruption/output_prefix_33"}
{"Time":"2026-09-08T10:19:03.815938289+03:00","Action":"output","Package":"virmill.local/core/internal/app/network","Test":"TestValidateAllocationConfigRejectsCorruption/output_prefix_33","Output":"=== RUN   TestValidateAllocationConfigRejectsCorruption/output_prefix_33\n","OutputType":"frame"}
{"Time":"2026-09-08T10:19:03.815964171+03:00","Action":"output","Package":"virmill.local/core/internal/app/network","Test":"TestValidateAllocationConfigRejectsCorruption/output_prefix_33","Output":"--- PASS: TestValidateAllocationConfigRejectsCorruption/output_prefix_33 (0.00s)\n","OutputType":"frame"}
{"Time":"2026-09-08T10:19:03.815968603+03:00","Action":"pass","Package":"virmill.local/core/internal/app/network","Test":"TestValidateAllocationConfigRejectsCorruption/output_prefix_33","Elapsed":0}
{"Time":"2026-09-08T10:19:03.815984293+03:00","Action":"run","Package":"virmill.local/core/internal/app/network","Test":"TestValidateAllocationConfigRejectsCorruption/pool_too_narrow"}
{"Time":"2026-09-08T10:19:03.815986381+03:00","Action":"output","Package":"virmill.local/core/internal/app/network","Test":"TestValidateAllocationConfigRejectsCorruption/pool_too_narrow","Output":"=== RUN   TestValidateAllocationConfigRejectsCorruption/pool_too_narrow\n","OutputType":"frame"}
{"Time":"2026-09-08T10:19:03.816017861+03:00","Action":"output","Package":"virmill.local/core/internal/app/network","Test":"TestValidateAllocationConfigRejectsCorruption/pool_too_narrow","Output":"--- PASS: TestValidateAllocationConfigRejectsCorruption/pool_too_narrow (0.00s)\n","OutputType":"frame"}
{"Time":"2026-09-08T10:19:03.816027199+03:00","Action":"pass","Package":"virmill.local/core/internal/app/network","Test":"TestValidateAllocationConfigRejectsCorruption/pool_too_narrow","Elapsed":0}
{"Time":"2026-09-08T10:19:03.816038914+03:00","Action":"run","Package":"virmill.local/core/internal/app/network","Test":"TestValidateAllocationConfigRejectsCorruption/too_many_planned"}
{"Time":"2026-09-08T10:19:03.816040969+03:00","Action":"output","Package":"virmill.local/core/internal/app/network","Test":"TestValidateAllocationConfigRejectsCorruption/too_many_planned","Output":"=== RUN   TestValidateAllocationConfigRejectsCorruption/too_many_planned\n","OutputType":"frame"}
{"Time":"2026-09-08T10:19:03.81609007+03:00","Action":"output","Package":"virmill.local/core/internal/app/network","Test":"TestValidateAllocationConfigRejectsCorruption/too_many_planned","Output":"--- PASS: TestValidateAllocationConfigRejectsCorruption/too_many_planned (0.00s)\n","OutputType":"frame"}
{"Time":"2026-09-08T10:19:03.816100242+03:00","Action":"pass","Package":"virmill.local/core/internal/app/network","Test":"TestValidateAllocationConfigRejectsCorruption/too_many_planned","Elapsed":0}
{"Time":"2026-09-08T10:19:03.816113461+03:00","Action":"run","Package":"virmill.local/core/internal/app/network","Test":"TestValidateAllocationConfigRejectsCorruption/planned_duplicate_ID"}
{"Time":"2026-09-08T10:19:03.816115424+03:00","Action":"output","Package":"virmill.local/core/internal/app/network","Test":"TestValidateAllocationConfigRejectsCorruption/planned_duplicate_ID","Output":"=== RUN   TestValidateAllocationConfigRejectsCorruption/planned_duplicate_ID\n","OutputType":"frame"}
{"Time":"2026-09-08T10:19:03.816153824+03:00","Action":"output","Package":"virmill.local/core/internal/app/network","Test":"TestValidateAllocationConfigRejectsCorruption/planned_duplicate_ID","Output":"--- PASS: TestValidateAllocationConfigRejectsCorruption/planned_duplicate_ID (0.00s)\n","OutputType":"frame"}
{"Time":"2026-09-08T10:19:03.816156504+03:00","Action":"pass","Package":"virmill.local/core/internal/app/network","Test":"TestValidateAllocationConfigRejectsCorruption/planned_duplicate_ID","Elapsed":0}
{"Time":"2026-09-08T10:19:03.816168703+03:00","Action":"run","Package":"virmill.local/core/internal/app/network","Test":"TestValidateAllocationConfigRejectsCorruption/planned_missing_ID"}
{"Time":"2026-09-08T10:19:03.816172732+03:00","Action":"output","Package":"virmill.local/core/internal/app/network","Test":"TestValidateAllocationConfigRejectsCorruption/planned_missing_ID","Output":"=== RUN   TestValidateAllocationConfigRejectsCorruption/planned_missing_ID\n","OutputType":"frame"}
{"Time":"2026-09-08T10:19:03.816210821+03:00","Action":"output","Package":"virmill.local/core/internal/app/network","Test":"TestValidateAllocationConfigRejectsCorruption/planned_missing_ID","Output":"--- PASS: TestValidateAllocationConfigRejectsCorruption/planned_missing_ID (0.00s)\n","OutputType":"frame"}
{"Time":"2026-09-08T10:19:03.81621543+03:00","Action":"pass","Package":"virmill.local/core/internal/app/network","Test":"TestValidateAllocationConfigRejectsCorruption/planned_missing_ID","Elapsed":0}
{"Time":"2026-09-08T10:19:03.816232729+03:00","Action":"run","Package":"virmill.local/core/internal/app/network","Test":"TestValidateAllocationConfigRejectsCorruption/planned_nonalphanumeric_first"}
{"Time":"2026-09-08T10:19:03.816234844+03:00","Action":"output","Package":"virmill.local/core/internal/app/network","Test":"TestValidateAllocationConfigRejectsCorruption/planned_nonalphanumeric_first","Output":"=== RUN   TestValidateAllocationConfigRejectsCorruption/planned_nonalphanumeric_first\n","OutputType":"frame"}
{"Time":"2026-09-08T10:19:03.816265295+03:00","Action":"output","Package":"virmill.local/core/internal/app/network","Test":"TestValidateAllocationConfigRejectsCorruption/planned_nonalphanumeric_first","Output":"--- PASS: TestValidateAllocationConfigRejectsCorruption/planned_nonalphanumeric_first (0.00s)\n","OutputType":"frame"}
{"Time":"2026-09-08T10:19:03.816272122+03:00","Action":"pass","Package":"virmill.local/core/internal/app/network","Test":"TestValidateAllocationConfigRejectsCorruption/planned_nonalphanumeric_first","Elapsed":0}
{"Time":"2026-09-08T10:19:03.816281301+03:00","Action":"run","Package":"virmill.local/core/internal/app/network","Test":"TestValidateAllocationConfigRejectsCorruption/planned_slash_ID"}
{"Time":"2026-09-08T10:19:03.816283172+03:00","Action":"output","Package":"virmill.local/core/internal/app/network","Test":"TestValidateAllocationConfigRejectsCorruption/planned_slash_ID","Output":"=== RUN   TestValidateAllocationConfigRejectsCorruption/planned_slash_ID\n","OutputType":"frame"}
{"Time":"2026-09-08T10:19:03.816313447+03:00","Action":"output","Package":"virmill.local/core/internal/app/network","Test":"TestValidateAllocationConfigRejectsCorruption/planned_slash_ID","Output":"--- PASS: TestValidateAllocationConfigRejectsCorruption/planned_slash_ID (0.00s)\n","OutputType":"frame"}
{"Time":"2026-09-08T10:19:03.816317922+03:00","Action":"pass","Package":"virmill.local/core/internal/app/network","Test":"TestValidateAllocationConfigRejectsCorruption/planned_slash_ID","Elapsed":0}
{"Time":"2026-09-08T10:19:03.81633733+03:00","Action":"run","Package":"virmill.local/core/internal/app/network","Test":"TestValidateAllocationConfigRejectsCorruption/planned_Unicode_ID"}
{"Time":"2026-09-08T10:19:03.816339329+03:00","Action":"output","Package":"virmill.local/core/internal/app/network","Test":"TestValidateAllocationConfigRejectsCorruption/planned_Unicode_ID","Output":"=== RUN   TestValidateAllocationConfigRejectsCorruption/planned_Unicode_ID\n","OutputType":"frame"}
{"Time":"2026-09-08T10:19:03.816373442+03:00","Action":"output","Package":"virmill.local/core/internal/app/network","Test":"TestValidateAllocationConfigRejectsCorruption/planned_Unicode_ID","Output":"--- PASS: TestValidateAllocationConfigRejectsCorruption/planned_Unicode_ID (0.00s)\n","OutputType":"frame"}
{"Time":"2026-09-08T10:19:03.81638252+03:00","Action":"pass","Package":"virmill.local/core/internal/app/network","Test":"TestValidateAllocationConfigRejectsCorruption/planned_Unicode_ID","Elapsed":0}
{"Time":"2026-09-08T10:19:03.816396939+03:00","Action":"run","Package":"virmill.local/core/internal/app/network","Test":"TestValidateAllocationConfigRejectsCorruption/planned_whitespace_ID"}
{"Time":"2026-09-08T10:19:03.816398791+03:00","Action":"output","Package":"virmill.local/core/internal/app/network","Test":"TestValidateAllocationConfigRejectsCorruption/planned_whitespace_ID","Output":"=== RUN   TestValidateAllocationConfigRejectsCorruption/planned_whitespace_ID\n","OutputType":"frame"}
{"Time":"2026-09-08T10:19:03.816434005+03:00","Action":"output","Package":"virmill.local/core/internal/app/network","Test":"TestValidateAllocationConfigRejectsCorruption/planned_whitespace_ID","Output":"--- PASS: TestValidateAllocationConfigRejectsCorruption/planned_whitespace_ID (0.00s)\n","OutputType":"frame"}
{"Time":"2026-09-08T10:19:03.816443012+03:00","Action":"pass","Package":"virmill.local/core/internal/app/network","Test":"TestValidateAllocationConfigRejectsCorruption/planned_whitespace_ID","Elapsed":0}
{"Time":"2026-09-08T10:19:03.816461753+03:00","Action":"run","Package":"virmill.local/core/internal/app/network","Test":"TestValidateAllocationConfigRejectsCorruption/planned_newline_ID"}
{"Time":"2026-09-08T10:19:03.816463892+03:00","Action":"output","Package":"virmill.local/core/internal/app/network","Test":"TestValidateAllocationConfigRejectsCorruption/planned_newline_ID","Output":"=== RUN   TestValidateAllocationConfigRejectsCorruption/planned_newline_ID\n","OutputType":"frame"}
{"Time":"2026-09-08T10:19:03.816488831+03:00","Action":"output","Package":"virmill.local/core/internal/app/network","Test":"TestValidateAllocationConfigRejectsCorruption/planned_newline_ID","Output":"--- PASS: TestValidateAllocationConfigRejectsCorruption/planned_newline_ID (0.00s)\n","OutputType":"frame"}
{"Time":"2026-09-08T10:19:03.816506832+03:00","Action":"pass","Package":"virmill.local/core/internal/app/network","Test":"TestValidateAllocationConfigRejectsCorruption/planned_newline_ID","Elapsed":0}
{"Time":"2026-09-08T10:19:03.816509579+03:00","Action":"run","Package":"virmill.local/core/internal/app/network","Test":"TestValidateAllocationConfigRejectsCorruption/planned_long_ID"}
{"Time":"2026-09-08T10:19:03.816510788+03:00","Action":"output","Package":"virmill.local/core/internal/app/network","Test":"TestValidateAllocationConfigRejectsCorruption/planned_long_ID","Output":"=== RUN   TestValidateAllocationConfigRejectsCorruption/planned_long_ID\n","OutputType":"frame"}
{"Time":"2026-09-08T10:19:03.816555594+03:00","Action":"output","Package":"virmill.local/core/internal/app/network","Test":"TestValidateAllocationConfigRejectsCorruption/planned_long_ID","Output":"--- PASS: TestValidateAllocationConfigRejectsCorruption/planned_long_ID (0.00s)\n","OutputType":"frame"}
{"Time":"2026-09-08T10:19:03.816571182+03:00","Action":"pass","Package":"virmill.local/core/internal/app/network","Test":"TestValidateAllocationConfigRejectsCorruption/planned_long_ID","Elapsed":0}
{"Time":"2026-09-08T10:19:03.816576868+03:00","Action":"run","Package":"virmill.local/core/internal/app/network","Test":"TestValidateAllocationConfigRejectsCorruption/planned_host_bits"}
{"Time":"2026-09-08T10:19:03.816579888+03:00","Action":"output","Package":"virmill.local/core/internal/app/network","Test":"TestValidateAllocationConfigRejectsCorruption/planned_host_bits","Output":"=== RUN   TestValidateAllocationConfigRejectsCorruption/planned_host_bits\n","OutputType":"frame"}
{"Time":"2026-09-08T10:19:03.816614513+03:00","Action":"output","Package":"virmill.local/core/internal/app/network","Test":"TestValidateAllocationConfigRejectsCorruption/planned_host_bits","Output":"--- PASS: TestValidateAllocationConfigRejectsCorruption/planned_host_bits (0.00s)\n","OutputType":"frame"}
{"Time":"2026-09-08T10:19:03.816629348+03:00","Action":"pass","Package":"virmill.local/core/internal/app/network","Test":"TestValidateAllocationConfigRejectsCorruption/planned_host_bits","Elapsed":0}
{"Time":"2026-09-08T10:19:03.81663582+03:00","Action":"run","Package":"virmill.local/core/internal/app/network","Test":"TestValidateAllocationConfigRejectsCorruption/planned_public"}
{"Time":"2026-09-08T10:19:03.816638659+03:00","Action":"output","Package":"virmill.local/core/internal/app/network","Test":"TestValidateAllocationConfigRejectsCorruption/planned_public","Output":"=== RUN   TestValidateAllocationConfigRejectsCorruption/planned_public\n","OutputType":"frame"}
{"Time":"2026-09-08T10:19:03.816659982+03:00","Action":"output","Package":"virmill.local/core/internal/app/network","Test":"TestValidateAllocationConfigRejectsCorruption/planned_public","Output":"--- PASS: TestValidateAllocationConfigRejectsCorruption/planned_public (0.00s)\n","OutputType":"frame"}
{"Time":"2026-09-08T10:19:03.816664018+03:00","Action":"pass","Package":"virmill.local/core/internal/app/network","Test":"TestValidateAllocationConfigRejectsCorruption/planned_public","Elapsed":0}
{"Time":"2026-09-08T10:19:03.816669558+03:00","Action":"run","Package":"virmill.local/core/internal/app/network","Test":"TestValidateAllocationConfigRejectsCorruption/planned_partly_private"}
{"Time":"2026-09-08T10:19:03.816672205+03:00","Action":"output","Package":"virmill.local/core/internal/app/network","Test":"TestValidateAllocationConfigRejectsCorruption/planned_partly_private","Output":"=== RUN   TestValidateAllocationConfigRejectsCorruption/planned_partly_private\n","OutputType":"frame"}
{"Time":"2026-09-08T10:19:03.816707411+03:00","Action":"output","Package":"virmill.local/core/internal/app/network","Test":"TestValidateAllocationConfigRejectsCorruption/planned_partly_private","Output":"--- PASS: TestValidateAllocationConfigRejectsCorruption/planned_partly_private (0.00s)\n","OutputType":"frame"}
{"Time":"2026-09-08T10:19:03.816712806+03:00","Action":"pass","Package":"virmill.local/core/internal/app/network","Test":"TestValidateAllocationConfigRejectsCorruption/planned_partly_private","Elapsed":0}
{"Time":"2026-09-08T10:19:03.81672016+03:00","Action":"run","Package":"virmill.local/core/internal/app/network","Test":"TestValidateAllocationConfigRejectsCorruption/planned_default"}
{"Time":"2026-09-08T10:19:03.816723688+03:00","Action":"output","Package":"virmill.local/core/internal/app/network","Test":"TestValidateAllocationConfigRejectsCorruption/planned_default","Output":"=== RUN   TestValidateAllocationConfigRejectsCorruption/planned_default\n","OutputType":"frame"}
{"Time":"2026-09-08T10:19:03.816766919+03:00","Action":"output","Package":"virmill.local/core/internal/app/network","Test":"TestValidateAllocationConfigRejectsCorruption/planned_default","Output":"--- PASS: TestValidateAllocationConfigRejectsCorruption/planned_default (0.00s)\n","OutputType":"frame"}
{"Time":"2026-09-08T10:19:03.816780699+03:00","Action":"pass","Package":"virmill.local/core/internal/app/network","Test":"TestValidateAllocationConfigRejectsCorruption/planned_default","Elapsed":0}
{"Time":"2026-09-08T10:19:03.816785193+03:00","Action":"run","Package":"virmill.local/core/internal/app/network","Test":"TestValidateAllocationConfigRejectsCorruption/planned_IPv6"}
{"Time":"2026-09-08T10:19:03.816798709+03:00","Action":"output","Package":"virmill.local/core/internal/app/network","Test":"TestValidateAllocationConfigRejectsCorruption/planned_IPv6","Output":"=== RUN   TestValidateAllocationConfigRejectsCorruption/planned_IPv6\n","OutputType":"frame"}
{"Time":"2026-09-08T10:19:03.816806065+03:00","Action":"output","Package":"virmill.local/core/internal/app/network","Test":"TestValidateAllocationConfigRejectsCorruption/planned_IPv6","Output":"--- PASS: TestValidateAllocationConfigRejectsCorruption/planned_IPv6 (0.00s)\n","OutputType":"frame"}
{"Time":"2026-09-08T10:19:03.816819541+03:00","Action":"pass","Package":"virmill.local/core/internal/app/network","Test":"TestValidateAllocationConfigRejectsCorruption/planned_IPv6","Elapsed":0}
{"Time":"2026-09-08T10:19:03.816829917+03:00","Action":"run","Package":"virmill.local/core/internal/app/network","Test":"TestValidateAllocationConfigRejectsCorruption/planned_mapped"}
{"Time":"2026-09-08T10:19:03.816831517+03:00","Action":"output","Package":"virmill.local/core/internal/app/network","Test":"TestValidateAllocationConfigRejectsCorruption/planned_mapped","Output":"=== RUN   TestValidateAllocationConfigRejectsCorruption/planned_mapped\n","OutputType":"frame"}
{"Time":"2026-09-08T10:19:03.816862315+03:00","Action":"output","Package":"virmill.local/core/internal/app/network","Test":"TestValidateAllocationConfigRejectsCorruption/planned_mapped","Output":"--- PASS: TestValidateAllocationConfigRejectsCorruption/planned_mapped (0.00s)\n","OutputType":"frame"}
{"Time":"2026-09-08T10:19:03.816872661+03:00","Action":"pass","Package":"virmill.local/core/internal/app/network","Test":"TestValidateAllocationConfigRejectsCorruption/planned_mapped","Elapsed":0}
{"Time":"2026-09-08T10:19:03.816887523+03:00","Action":"output","Package":"virmill.local/core/internal/app/network","Test":"TestValidateAllocationConfigRejectsCorruption","Output":"--- PASS: TestValidateAllocationConfigRejectsCorruption (0.00s)\n","OutputType":"frame"}
{"Time":"2026-09-08T10:19:03.816896557+03:00","Action":"pass","Package":"virmill.local/core/internal/app/network","Test":"TestValidateAllocationConfigRejectsCorruption","Elapsed":0}
{"Time":"2026-09-08T10:19:03.81692001+03:00","Action":"run","Package":"virmill.local/core/internal/app/network","Test":"TestValidateAllocationConfigBoundaries"}
{"Time":"2026-09-08T10:19:03.816922352+03:00","Action":"output","Package":"virmill.local/core/internal/app/network","Test":"TestValidateAllocationConfigBoundaries","Output":"=== RUN   TestValidateAllocationConfigBoundaries\n","OutputType":"frame"}
{"Time":"2026-09-08T10:19:03.817552416+03:00","Action":"output","Package":"virmill.local/core/internal/app/network","Test":"TestValidateAllocationConfigBoundaries","Output":"--- PASS: TestValidateAllocationConfigBoundaries (0.00s)\n","OutputType":"frame"}
{"Time":"2026-09-08T10:19:03.817563428+03:00","Action":"pass","Package":"virmill.local/core/internal/app/network","Test":"TestValidateAllocationConfigBoundaries","Elapsed":0}
{"Time":"2026-09-08T10:19:03.817574353+03:00","Action":"run","Package":"virmill.local/core/internal/app/network","Test":"TestAllocateConfiguredSelectionAndConflicts"}
{"Time":"2026-09-08T10:19:03.81757733+03:00","Action":"output","Package":"virmill.local/core/internal/app/network","Test":"TestAllocateConfiguredSelectionAndConflicts","Output":"=== RUN   TestAllocateConfiguredSelectionAndConflicts\n","OutputType":"frame"}
{"Time":"2026-09-08T10:19:03.817644692+03:00","Action":"run","Package":"virmill.local/core/internal/app/network","Test":"TestAllocateConfiguredSelectionAndConflicts/default_first"}
{"Time":"2026-09-08T10:19:03.817648203+03:00","Action":"output","Package":"virmill.local/core/internal/app/network","Test":"TestAllocateConfiguredSelectionAndConflicts/default_first","Output":"=== RUN   TestAllocateConfiguredSelectionAndConflicts/default_first\n","OutputType":"frame"}
{"Time":"2026-09-08T10:19:03.81768095+03:00","Action":"output","Package":"virmill.local/core/internal/app/network","Test":"TestAllocateConfiguredSelectionAndConflicts/default_first","Output":"--- PASS: TestAllocateConfiguredSelectionAndConflicts/default_first (0.00s)\n","OutputType":"frame"}
{"Time":"2026-09-08T10:19:03.817685898+03:00","Action":"pass","Package":"virmill.local/core/internal/app/network","Test":"TestAllocateConfiguredSelectionAndConflicts/default_first","Elapsed":0}
{"Time":"2026-09-08T10:19:03.817699054+03:00","Action":"run","Package":"virmill.local/core/internal/app/network","Test":"TestAllocateConfiguredSelectionAndConflicts/default_second_range"}
{"Time":"2026-09-08T10:19:03.817701707+03:00","Action":"output","Package":"virmill.local/core/internal/app/network","Test":"TestAllocateConfiguredSelectionAndConflicts/default_second_range","Output":"=== RUN   TestAllocateConfiguredSelectionAndConflicts/default_second_range\n","OutputType":"frame"}
{"Time":"2026-09-08T10:19:03.817725512+03:00","Action":"output","Package":"virmill.local/core/internal/app/network","Test":"TestAllocateConfiguredSelectionAndConflicts/default_second_range","Output":"--- PASS: TestAllocateConfiguredSelectionAndConflicts/default_second_range (0.00s)\n","OutputType":"frame"}
{"Time":"2026-09-08T10:19:03.817735265+03:00","Action":"pass","Package":"virmill.local/core/internal/app/network","Test":"TestAllocateConfiguredSelectionAndConflicts/default_second_range","Elapsed":0}
{"Time":"2026-09-08T10:19:03.817742821+03:00","Action":"run","Package":"virmill.local/core/internal/app/network","Test":"TestAllocateConfiguredSelectionAndConflicts/default_third_range"}
{"Time":"2026-09-08T10:19:03.817744175+03:00","Action":"output","Package":"virmill.local/core/internal/app/network","Test":"TestAllocateConfiguredSelectionAndConflicts/default_third_range","Output":"=== RUN   TestAllocateConfiguredSelectionAndConflicts/default_third_range\n","OutputType":"frame"}
{"Time":"2026-09-08T10:19:03.817776685+03:00","Action":"output","Package":"virmill.local/core/internal/app/network","Test":"TestAllocateConfiguredSelectionAndConflicts/default_third_range","Output":"--- PASS: TestAllocateConfiguredSelectionAndConflicts/default_third_range (0.00s)\n","OutputType":"frame"}
{"Time":"2026-09-08T10:19:03.817779652+03:00","Action":"pass","Package":"virmill.local/core/internal/app/network","Test":"TestAllocateConfiguredSelectionAndConflicts/default_third_range","Elapsed":0}
{"Time":"2026-09-08T10:19:03.817799001+03:00","Action":"run","Package":"virmill.local/core/internal/app/network","Test":"TestAllocateConfiguredSelectionAndConflicts/ordered_not_numeric"}
{"Time":"2026-09-08T10:19:03.817801011+03:00","Action":"output","Package":"virmill.local/core/internal/app/network","Test":"TestAllocateConfiguredSelectionAndConflicts/ordered_not_numeric","Output":"=== RUN   TestAllocateConfiguredSelectionAndConflicts/ordered_not_numeric\n","OutputType":"frame"}
{"Time":"2026-09-08T10:19:03.817827954+03:00","Action":"output","Package":"virmill.local/core/internal/app/network","Test":"TestAllocateConfiguredSelectionAndConflicts/ordered_not_numeric","Output":"--- PASS: TestAllocateConfiguredSelectionAndConflicts/ordered_not_numeric (0.00s)\n","OutputType":"frame"}
{"Time":"2026-09-08T10:19:03.817831634+03:00","Action":"pass","Package":"virmill.local/core/internal/app/network","Test":"TestAllocateConfiguredSelectionAndConflicts/ordered_not_numeric","Elapsed":0}
{"Time":"2026-09-08T10:19:03.817848947+03:00","Action":"run","Package":"virmill.local/core/internal/app/network","Test":"TestAllocateConfiguredSelectionAndConflicts/different_output_prefixes"}
{"Time":"2026-09-08T10:19:03.81785121+03:00","Action":"output","Package":"virmill.local/core/internal/app/network","Test":"TestAllocateConfiguredSelectionAndConflicts/different_output_prefixes","Output":"=== RUN   TestAllocateConfiguredSelectionAndConflicts/different_output_prefixes\n","OutputType":"frame"}
{"Time":"2026-09-08T10:19:03.817885564+03:00","Action":"output","Package":"virmill.local/core/internal/app/network","Test":"TestAllocateConfiguredSelectionAndConflicts/different_output_prefixes","Output":"--- PASS: TestAllocateConfiguredSelectionAndConflicts/different_output_prefixes (0.00s)\n","OutputType":"frame"}
{"Time":"2026-09-08T10:19:03.817897828+03:00","Action":"pass","Package":"virmill.local/core/internal/app/network","Test":"TestAllocateConfiguredSelectionAndConflicts/different_output_prefixes","Elapsed":0}
{"Time":"2026-09-08T10:19:03.81790963+03:00","Action":"run","Package":"virmill.local/core/internal/app/network","Test":"TestAllocateConfiguredSelectionAndConflicts/LAN_and_VPN_all_tables"}
{"Time":"2026-09-08T10:19:03.817911188+03:00","Action":"output","Package":"virmill.local/core/internal/app/network","Test":"TestAllocateConfiguredSelectionAndConflicts/LAN_and_VPN_all_tables","Output":"=== RUN   TestAllocateConfiguredSelectionAndConflicts/LAN_and_VPN_all_tables\n","OutputType":"frame"}
{"Time":"2026-09-08T10:19:03.817938601+03:00","Action":"output","Package":"virmill.local/core/internal/app/network","Test":"TestAllocateConfiguredSelectionAndConflicts/LAN_and_VPN_all_tables","Output":"--- PASS: TestAllocateConfiguredSelectionAndConflicts/LAN_and_VPN_all_tables (0.00s)\n","OutputType":"frame"}
{"Time":"2026-09-08T10:19:03.817947251+03:00","Action":"pass","Package":"virmill.local/core/internal/app/network","Test":"TestAllocateConfiguredSelectionAndConflicts/LAN_and_VPN_all_tables","Elapsed":0}
{"Time":"2026-09-08T10:19:03.817961876+03:00","Action":"run","Package":"virmill.local/core/internal/app/network","Test":"TestAllocateConfiguredSelectionAndConflicts/unaligned_observed_address"}
{"Time":"2026-09-08T10:19:03.817963906+03:00","Action":"output","Package":"virmill.local/core/internal/app/network","Test":"TestAllocateConfiguredSelectionAndConflicts/unaligned_observed_address","Output":"=== RUN   TestAllocateConfiguredSelectionAndConflicts/unaligned_observed_address\n","OutputType":"frame"}
{"Time":"2026-09-08T10:19:03.817989834+03:00","Action":"output","Package":"virmill.local/core/internal/app/network","Test":"TestAllocateConfiguredSelectionAndConflicts/unaligned_observed_address","Output":"--- PASS: TestAllocateConfiguredSelectionAndConflicts/unaligned_observed_address (0.00s)\n","OutputType":"frame"}
{"Time":"2026-09-08T10:19:03.817993006+03:00","Action":"pass","Package":"virmill.local/core/internal/app/network","Test":"TestAllocateConfiguredSelectionAndConflicts/unaligned_observed_address","Elapsed":0}
{"Time":"2026-09-08T10:19:03.818005002+03:00","Action":"run","Package":"virmill.local/core/internal/app/network","Test":"TestAllocateConfiguredSelectionAndConflicts/single_address_blocks_subnet"}
{"Time":"2026-09-08T10:19:03.818007216+03:00","Action":"output","Package":"virmill.local/core/internal/app/network","Test":"TestAllocateConfiguredSelectionAndConflicts/single_address_blocks_subnet","Output":"=== RUN   TestAllocateConfiguredSelectionAndConflicts/single_address_blocks_subnet\n","OutputType":"frame"}
{"Time":"2026-09-08T10:19:03.818028248+03:00","Action":"output","Package":"virmill.local/core/internal/app/network","Test":"TestAllocateConfiguredSelectionAndConflicts/single_address_blocks_subnet","Output":"--- PASS: TestAllocateConfiguredSelectionAndConflicts/single_address_blocks_subnet (0.00s)\n","OutputType":"frame"}
{"Time":"2026-09-08T10:19:03.818032834+03:00","Action":"pass","Package":"virmill.local/core/internal/app/network","Test":"TestAllocateConfiguredSelectionAndConflicts/single_address_blocks_subnet","Elapsed":0}
{"Time":"2026-09-08T10:19:03.818054778+03:00","Action":"run","Package":"virmill.local/core/internal/app/network","Test":"TestAllocateConfiguredSelectionAndConflicts/last_address_of_previous_subnet_disjoint"}
{"Time":"2026-09-08T10:19:03.818056809+03:00","Action":"output","Package":"virmill.local/core/internal/app/network","Test":"TestAllocateConfiguredSelectionAndConflicts/last_address_of_previous_subnet_disjoint","Output":"=== RUN   TestAllocateConfiguredSelectionAndConflicts/last_address_of_previous_subnet_disjoint\n","OutputType":"frame"}
{"Time":"2026-09-08T10:19:03.818082152+03:00","Action":"output","Package":"virmill.local/core/internal/app/network","Test":"TestAllocateConfiguredSelectionAndConflicts/last_address_of_previous_subnet_disjoint","Output":"--- PASS: TestAllocateConfiguredSelectionAndConflicts/last_address_of_previous_subnet_disjoint (0.00s)\n","OutputType":"frame"}
{"Time":"2026-09-08T10:19:03.818091254+03:00","Action":"pass","Package":"virmill.local/core/internal/app/network","Test":"TestAllocateConfiguredSelectionAndConflicts/last_address_of_previous_subnet_disjoint","Elapsed":0}
{"Time":"2026-09-08T10:19:03.818102411+03:00","Action":"run","Package":"virmill.local/core/internal/app/network","Test":"TestAllocateConfiguredSelectionAndConflicts/prefix_crossing_range_boundary"}
{"Time":"2026-09-08T10:19:03.818104768+03:00","Action":"output","Package":"virmill.local/core/internal/app/network","Test":"TestAllocateConfiguredSelectionAndConflicts/prefix_crossing_range_boundary","Output":"=== RUN   TestAllocateConfiguredSelectionAndConflicts/prefix_crossing_range_boundary\n","OutputType":"frame"}
{"Time":"2026-09-08T10:19:03.818130875+03:00","Action":"output","Package":"virmill.local/core/internal/app/network","Test":"TestAllocateConfiguredSelectionAndConflicts/prefix_crossing_range_boundary","Output":"--- PASS: TestAllocateConfiguredSelectionAndConflicts/prefix_crossing_range_boundary (0.00s)\n","OutputType":"frame"}
{"Time":"2026-09-08T10:19:03.818138172+03:00","Action":"pass","Package":"virmill.local/core/internal/app/network","Test":"TestAllocateConfiguredSelectionAndConflicts/prefix_crossing_range_boundary","Elapsed":0}
{"Time":"2026-09-08T10:19:03.818154878+03:00","Action":"run","Package":"virmill.local/core/internal/app/network","Test":"TestAllocateConfiguredSelectionAndConflicts/multiple_addresses_within_blocked_subnets"}
{"Time":"2026-09-08T10:19:03.818156958+03:00","Action":"output","Package":"virmill.local/core/internal/app/network","Test":"TestAllocateConfiguredSelectionAndConflicts/multiple_addresses_within_blocked_subnets","Output":"=== RUN   TestAllocateConfiguredSelectionAndConflicts/multiple_addresses_within_blocked_subnets\n","OutputType":"frame"}
{"Time":"2026-09-08T10:19:03.818180389+03:00","Action":"output","Package":"virmill.local/core/internal/app/network","Test":"TestAllocateConfiguredSelectionAndConflicts/multiple_addresses_within_blocked_subnets","Output":"--- PASS: TestAllocateConfiguredSelectionAndConflicts/multiple_addresses_within_blocked_subnets (0.00s)\n","OutputType":"frame"}
{"Time":"2026-09-08T10:19:03.818183796+03:00","Action":"pass","Package":"virmill.local/core/internal/app/network","Test":"TestAllocateConfiguredSelectionAndConflicts/multiple_addresses_within_blocked_subnets","Elapsed":0}
{"Time":"2026-09-08T10:19:03.818197865+03:00","Action":"run","Package":"virmill.local/core/internal/app/network","Test":"TestAllocateConfiguredSelectionAndConflicts/hole_cannot_fit_aligned_subnet"}
{"Time":"2026-09-08T10:19:03.818200152+03:00","Action":"output","Package":"virmill.local/core/internal/app/network","Test":"TestAllocateConfiguredSelectionAndConflicts/hole_cannot_fit_aligned_subnet","Output":"=== RUN   TestAllocateConfiguredSelectionAndConflicts/hole_cannot_fit_aligned_subnet\n","OutputType":"frame"}
{"Time":"2026-09-08T10:19:03.81822321+03:00","Action":"output","Package":"virmill.local/core/internal/app/network","Test":"TestAllocateConfiguredSelectionAndConflicts/hole_cannot_fit_aligned_subnet","Output":"--- PASS: TestAllocateConfiguredSelectionAndConflicts/hole_cannot_fit_aligned_subnet (0.00s)\n","OutputType":"frame"}
{"Time":"2026-09-08T10:19:03.818225873+03:00","Action":"pass","Package":"virmill.local/core/internal/app/network","Test":"TestAllocateConfiguredSelectionAndConflicts/hole_cannot_fit_aligned_subnet","Elapsed":0}
{"Time":"2026-09-08T10:19:03.81824079+03:00","Action":"run","Package":"virmill.local/core/internal/app/network","Test":"TestAllocateConfiguredSelectionAndConflicts/IPv6_default_is_disjoint"}
{"Time":"2026-09-08T10:19:03.818242671+03:00","Action":"output","Package":"virmill.local/core/internal/app/network","Test":"TestAllocateConfiguredSelectionAndConflicts/IPv6_default_is_disjoint","Output":"=== RUN   TestAllocateConfiguredSelectionAndConflicts/IPv6_default_is_disjoint\n","OutputType":"frame"}
{"Time":"2026-09-08T10:19:03.818265597+03:00","Action":"output","Package":"virmill.local/core/internal/app/network","Test":"TestAllocateConfiguredSelectionAndConflicts/IPv6_default_is_disjoint","Output":"--- PASS: TestAllocateConfiguredSelectionAndConflicts/IPv6_default_is_disjoint (0.00s)\n","OutputType":"frame"}
{"Time":"2026-09-08T10:19:03.818268918+03:00","Action":"pass","Package":"virmill.local/core/internal/app/network","Test":"TestAllocateConfiguredSelectionAndConflicts/IPv6_default_is_disjoint","Elapsed":0}
{"Time":"2026-09-08T10:19:03.818285219+03:00","Action":"run","Package":"virmill.local/core/internal/app/network","Test":"TestAllocateConfiguredSelectionAndConflicts/public_IPv4_disjoint"}
{"Time":"2026-09-08T10:19:03.818287767+03:00","Action":"output","Package":"virmill.local/core/internal/app/network","Test":"TestAllocateConfiguredSelectionAndConflicts/public_IPv4_disjoint","Output":"=== RUN   TestAllocateConfiguredSelectionAndConflicts/public_IPv4_disjoint\n","OutputType":"frame"}
{"Time":"2026-09-08T10:19:03.818322621+03:00","Action":"output","Package":"virmill.local/core/internal/app/network","Test":"TestAllocateConfiguredSelectionAndConflicts/public_IPv4_disjoint","Output":"--- PASS: TestAllocateConfiguredSelectionAndConflicts/public_IPv4_disjoint (0.00s)\n","OutputType":"frame"}
{"Time":"2026-09-08T10:19:03.818329118+03:00","Action":"pass","Package":"virmill.local/core/internal/app/network","Test":"TestAllocateConfiguredSelectionAndConflicts/public_IPv4_disjoint","Elapsed":0}
{"Time":"2026-09-08T10:19:03.818343695+03:00","Action":"run","Package":"virmill.local/core/internal/app/network","Test":"TestAllocateConfiguredSelectionAndConflicts/whole_pool_allocation"}
{"Time":"2026-09-08T10:19:03.818345257+03:00","Action":"output","Package":"virmill.local/core/internal/app/network","Test":"TestAllocateConfiguredSelectionAndConflicts/whole_pool_allocation","Output":"=== RUN   TestAllocateConfiguredSelectionAndConflicts/whole_pool_allocation\n","OutputType":"frame"}
{"Time":"2026-09-08T10:19:03.818367465+03:00","Action":"output","Package":"virmill.local/core/internal/app/network","Test":"TestAllocateConfiguredSelectionAndConflicts/whole_pool_allocation","Output":"--- PASS: TestAllocateConfiguredSelectionAndConflicts/whole_pool_allocation (0.00s)\n","OutputType":"frame"}
{"Time":"2026-09-08T10:19:03.818376318+03:00","Action":"pass","Package":"virmill.local/core/internal/app/network","Test":"TestAllocateConfiguredSelectionAndConflicts/whole_pool_allocation","Elapsed":0}
{"Time":"2026-09-08T10:19:03.818388639+03:00","Action":"run","Package":"virmill.local/core/internal/app/network","Test":"TestAllocateConfiguredSelectionAndConflicts/whole_pool_blocked_by_one_host"}
{"Time":"2026-09-08T10:19:03.81839105+03:00","Action":"output","Package":"virmill.local/core/internal/app/network","Test":"TestAllocateConfiguredSelectionAndConflicts/whole_pool_blocked_by_one_host","Output":"=== RUN   TestAllocateConfiguredSelectionAndConflicts/whole_pool_blocked_by_one_host\n","OutputType":"frame"}
{"Time":"2026-09-08T10:19:03.818418434+03:00","Action":"output","Package":"virmill.local/core/internal/app/network","Test":"TestAllocateConfiguredSelectionAndConflicts/whole_pool_blocked_by_one_host","Output":"--- PASS: TestAllocateConfiguredSelectionAndConflicts/whole_pool_blocked_by_one_host (0.00s)\n","OutputType":"frame"}
{"Time":"2026-09-08T10:19:03.818423498+03:00","Action":"pass","Package":"virmill.local/core/internal/app/network","Test":"TestAllocateConfiguredSelectionAndConflicts/whole_pool_blocked_by_one_host","Elapsed":0}
{"Time":"2026-09-08T10:19:03.81843806+03:00","Action":"run","Package":"virmill.local/core/internal/app/network","Test":"TestAllocateConfiguredSelectionAndConflicts/IPv4_default_is_occupied"}
{"Time":"2026-09-08T10:19:03.818439557+03:00","Action":"output","Package":"virmill.local/core/internal/app/network","Test":"TestAllocateConfiguredSelectionAndConflicts/IPv4_default_is_occupied","Output":"=== RUN   TestAllocateConfiguredSelectionAndConflicts/IPv4_default_is_occupied\n","OutputType":"frame"}
{"Time":"2026-09-08T10:19:03.818463643+03:00","Action":"output","Package":"virmill.local/core/internal/app/network","Test":"TestAllocateConfiguredSelectionAndConflicts/IPv4_default_is_occupied","Output":"--- PASS: TestAllocateConfiguredSelectionAndConflicts/IPv4_default_is_occupied (0.00s)\n","OutputType":"frame"}
{"Time":"2026-09-08T10:19:03.81847233+03:00","Action":"pass","Package":"virmill.local/core/internal/app/network","Test":"TestAllocateConfiguredSelectionAndConflicts/IPv4_default_is_occupied","Elapsed":0}
{"Time":"2026-09-08T10:19:03.818485961+03:00","Action":"run","Package":"virmill.local/core/internal/app/network","Test":"TestAllocateConfiguredSelectionAndConflicts/nonmasked_IPv4_default_is_occupied"}
{"Time":"2026-09-08T10:19:03.818487985+03:00","Action":"output","Package":"virmill.local/core/internal/app/network","Test":"TestAllocateConfiguredSelectionAndConflicts/nonmasked_IPv4_default_is_occupied","Output":"=== RUN   TestAllocateConfiguredSelectionAndConflicts/nonmasked_IPv4_default_is_occupied\n","OutputType":"frame"}
{"Time":"2026-09-08T10:19:03.818516425+03:00","Action":"output","Package":"virmill.local/core/internal/app/network","Test":"TestAllocateConfiguredSelectionAndConflicts/nonmasked_IPv4_default_is_occupied","Output":"--- PASS: TestAllocateConfiguredSelectionAndConflicts/nonmasked_IPv4_default_is_occupied (0.00s)\n","OutputType":"frame"}
{"Time":"2026-09-08T10:19:03.818520546+03:00","Action":"pass","Package":"virmill.local/core/internal/app/network","Test":"TestAllocateConfiguredSelectionAndConflicts/nonmasked_IPv4_default_is_occupied","Elapsed":0}
{"Time":"2026-09-08T10:19:03.818534528+03:00","Action":"run","Package":"virmill.local/core/internal/app/network","Test":"TestAllocateConfiguredSelectionAndConflicts/native_superset_not_restricted_to_RFC1918"}
{"Time":"2026-09-08T10:19:03.818536415+03:00","Action":"output","Package":"virmill.local/core/internal/app/network","Test":"TestAllocateConfiguredSelectionAndConflicts/native_superset_not_restricted_to_RFC1918","Output":"=== RUN   TestAllocateConfiguredSelectionAndConflicts/native_superset_not_restricted_to_RFC1918\n","OutputType":"frame"}
{"Time":"2026-09-08T10:19:03.818570408+03:00","Action":"output","Package":"virmill.local/core/internal/app/network","Test":"TestAllocateConfiguredSelectionAndConflicts/native_superset_not_restricted_to_RFC1918","Output":"--- PASS: TestAllocateConfiguredSelectionAndConflicts/native_superset_not_restricted_to_RFC1918 (0.00s)\n","OutputType":"frame"}
{"Time":"2026-09-08T10:19:03.818578722+03:00","Action":"pass","Package":"virmill.local/core/internal/app/network","Test":"TestAllocateConfiguredSelectionAndConflicts/native_superset_not_restricted_to_RFC1918","Elapsed":0}
{"Time":"2026-09-08T10:19:03.818588084+03:00","Action":"run","Package":"virmill.local/core/internal/app/network","Test":"TestAllocateConfiguredSelectionAndConflicts/all_pools_exhausted"}
{"Time":"2026-09-08T10:19:03.818589895+03:00","Action":"output","Package":"virmill.local/core/internal/app/network","Test":"TestAllocateConfiguredSelectionAndConflicts/all_pools_exhausted","Output":"=== RUN   TestAllocateConfiguredSelectionAndConflicts/all_pools_exhausted\n","OutputType":"frame"}
{"Time":"2026-09-08T10:19:03.818613403+03:00","Action":"output","Package":"virmill.local/core/internal/app/network","Test":"TestAllocateConfiguredSelectionAndConflicts/all_pools_exhausted","Output":"--- PASS: TestAllocateConfiguredSelectionAndConflicts/all_pools_exhausted (0.00s)\n","OutputType":"frame"}
{"Time":"2026-09-08T10:19:03.818621677+03:00","Action":"pass","Package":"virmill.local/core/internal/app/network","Test":"TestAllocateConfiguredSelectionAndConflicts/all_pools_exhausted","Elapsed":0}
{"Time":"2026-09-08T10:19:03.81863583+03:00","Action":"run","Package":"virmill.local/core/internal/app/network","Test":"TestAllocateConfiguredSelectionAndConflicts/last_10_subnet"}
{"Time":"2026-09-08T10:19:03.818637877+03:00","Action":"output","Package":"virmill.local/core/internal/app/network","Test":"TestAllocateConfiguredSelectionAndConflicts/last_10_subnet","Output":"=== RUN   TestAllocateConfiguredSelectionAndConflicts/last_10_subnet\n","OutputType":"frame"}
{"Time":"2026-09-08T10:19:03.818656945+03:00","Action":"output","Package":"virmill.local/core/internal/app/network","Test":"TestAllocateConfiguredSelectionAndConflicts/last_10_subnet","Output":"--- PASS: TestAllocateConfiguredSelectionAndConflicts/last_10_subnet (0.00s)\n","OutputType":"frame"}
{"Time":"2026-09-08T10:19:03.818665316+03:00","Action":"pass","Package":"virmill.local/core/internal/app/network","Test":"TestAllocateConfiguredSelectionAndConflicts/last_10_subnet","Elapsed":0}
{"Time":"2026-09-08T10:19:03.818673004+03:00","Action":"run","Package":"virmill.local/core/internal/app/network","Test":"TestAllocateConfiguredSelectionAndConflicts/last_172_subnet"}
{"Time":"2026-09-08T10:19:03.818675116+03:00","Action":"output","Package":"virmill.local/core/internal/app/network","Test":"TestAllocateConfiguredSelectionAndConflicts/last_172_subnet","Output":"=== RUN   TestAllocateConfiguredSelectionAndConflicts/last_172_subnet\n","OutputType":"frame"}
{"Time":"2026-09-08T10:19:03.818754522+03:00","Action":"output","Package":"virmill.local/core/internal/app/network","Test":"TestAllocateConfiguredSelectionAndConflicts/last_172_subnet","Output":"--- PASS: TestAllocateConfiguredSelectionAndConflicts/last_172_subnet (0.00s)\n","OutputType":"frame"}
{"Time":"2026-09-08T10:19:03.818757976+03:00","Action":"pass","Package":"virmill.local/core/internal/app/network","Test":"TestAllocateConfiguredSelectionAndConflicts/last_172_subnet","Elapsed":0}
{"Time":"2026-09-08T10:19:03.818770372+03:00","Action":"run","Package":"virmill.local/core/internal/app/network","Test":"TestAllocateConfiguredSelectionAndConflicts/last_192_subnet"}
{"Time":"2026-09-08T10:19:03.818772404+03:00","Action":"output","Package":"virmill.local/core/internal/app/network","Test":"TestAllocateConfiguredSelectionAndConflicts/last_192_subnet","Output":"=== RUN   TestAllocateConfiguredSelectionAndConflicts/last_192_subnet\n","OutputType":"frame"}
{"Time":"2026-09-08T10:19:03.818790781+03:00","Action":"output","Package":"virmill.local/core/internal/app/network","Test":"TestAllocateConfiguredSelectionAndConflicts/last_192_subnet","Output":"--- PASS: TestAllocateConfiguredSelectionAndConflicts/last_192_subnet (0.00s)\n","OutputType":"frame"}
{"Time":"2026-09-08T10:19:03.818796683+03:00","Action":"pass","Package":"virmill.local/core/internal/app/network","Test":"TestAllocateConfiguredSelectionAndConflicts/last_192_subnet","Elapsed":0}
{"Time":"2026-09-08T10:19:03.818832244+03:00","Action":"output","Package":"virmill.local/core/internal/app/network","Test":"TestAllocateConfiguredSelectionAndConflicts","Output":"--- PASS: TestAllocateConfiguredSelectionAndConflicts (0.00s)\n","OutputType":"frame"}
{"Time":"2026-09-08T10:19:03.818844605+03:00","Action":"pass","Package":"virmill.local/core/internal/app/network","Test":"TestAllocateConfiguredSelectionAndConflicts","Elapsed":0}
{"Time":"2026-09-08T10:19:03.818849423+03:00","Action":"run","Package":"virmill.local/core/internal/app/network","Test":"TestAllocateConfiguredPlannedAndNative"}
{"Time":"2026-09-08T10:19:03.818852279+03:00","Action":"output","Package":"virmill.local/core/internal/app/network","Test":"TestAllocateConfiguredPlannedAndNative","Output":"=== RUN   TestAllocateConfiguredPlannedAndNative\n","OutputType":"frame"}
{"Time":"2026-09-08T10:19:03.8191495+03:00","Action":"output","Package":"virmill.local/core/internal/app/network","Test":"TestAllocateConfiguredPlannedAndNative","Output":"--- PASS: TestAllocateConfiguredPlannedAndNative (0.00s)\n","OutputType":"frame"}
{"Time":"2026-09-08T10:19:03.819156137+03:00","Action":"pass","Package":"virmill.local/core/internal/app/network","Test":"TestAllocateConfiguredPlannedAndNative","Elapsed":0}
{"Time":"2026-09-08T10:19:03.819172516+03:00","Action":"run","Package":"virmill.local/core/internal/app/network","Test":"TestAllocateConfiguredInvalidOccupied"}
{"Time":"2026-09-08T10:19:03.81917633+03:00","Action":"output","Package":"virmill.local/core/internal/app/network","Test":"TestAllocateConfiguredInvalidOccupied","Output":"=== RUN   TestAllocateConfiguredInvalidOccupied\n","OutputType":"frame"}
{"Time":"2026-09-08T10:19:03.819200839+03:00","Action":"run","Package":"virmill.local/core/internal/app/network","Test":"TestAllocateConfiguredInvalidOccupied/zero"}
{"Time":"2026-09-08T10:19:03.819204317+03:00","Action":"output","Package":"virmill.local/core/internal/app/network","Test":"TestAllocateConfiguredInvalidOccupied/zero","Output":"=== RUN   TestAllocateConfiguredInvalidOccupied/zero\n","OutputType":"frame"}
{"Time":"2026-09-08T10:19:03.81925293+03:00","Action":"output","Package":"virmill.local/core/internal/app/network","Test":"TestAllocateConfiguredInvalidOccupied/zero","Output":"--- PASS: TestAllocateConfiguredInvalidOccupied/zero (0.00s)\n","OutputType":"frame"}
{"Time":"2026-09-08T10:19:03.819258282+03:00","Action":"pass","Package":"virmill.local/core/internal/app/network","Test":"TestAllocateConfiguredInvalidOccupied/zero","Elapsed":0}
{"Time":"2026-09-08T10:19:03.819282791+03:00","Action":"run","Package":"virmill.local/core/internal/app/network","Test":"TestAllocateConfiguredInvalidOccupied/invalid_IPv4_length"}
{"Time":"2026-09-08T10:19:03.819290744+03:00","Action":"output","Package":"virmill.local/core/internal/app/network","Test":"TestAllocateConfiguredInvalidOccupied/invalid_IPv4_length","Output":"=== RUN   TestAllocateConfiguredInvalidOccupied/invalid_IPv4_length\n","OutputType":"frame"}
{"Time":"2026-09-08T10:19:03.819317116+03:00","Action":"output","Package":"virmill.local/core/internal/app/network","Test":"TestAllocateConfiguredInvalidOccupied/invalid_IPv4_length","Output":"--- PASS: TestAllocateConfiguredInvalidOccupied/invalid_IPv4_length (0.00s)\n","OutputType":"frame"}
{"Time":"2026-09-08T10:19:03.819328826+03:00","Action":"pass","Package":"virmill.local/core/internal/app/network","Test":"TestAllocateConfiguredInvalidOccupied/invalid_IPv4_length","Elapsed":0}
{"Time":"2026-09-08T10:19:03.819348206+03:00","Action":"run","Package":"virmill.local/core/internal/app/network","Test":"TestAllocateConfiguredInvalidOccupied/invalid_IPv6_length"}
{"Time":"2026-09-08T10:19:03.819351627+03:00","Action":"output","Package":"virmill.local/core/internal/app/network","Test":"TestAllocateConfiguredInvalidOccupied/invalid_IPv6_length","Output":"=== RUN   TestAllocateConfiguredInvalidOccupied/invalid_IPv6_length\n","OutputType":"frame"}
{"Time":"2026-09-08T10:19:03.819381592+03:00","Action":"output","Package":"virmill.local/core/internal/app/network","Test":"TestAllocateConfiguredInvalidOccupied/invalid_IPv6_length","Output":"--- PASS: TestAllocateConfiguredInvalidOccupied/invalid_IPv6_length (0.00s)\n","OutputType":"frame"}
{"Time":"2026-09-08T10:19:03.819386516+03:00","Action":"pass","Package":"virmill.local/core/internal/app/network","Test":"TestAllocateConfiguredInvalidOccupied/invalid_IPv6_length","Elapsed":0}
{"Time":"2026-09-08T10:19:03.819410835+03:00","Action":"run","Package":"virmill.local/core/internal/app/network","Test":"TestAllocateConfiguredInvalidOccupied/mapped_IPv4"}
{"Time":"2026-09-08T10:19:03.819414079+03:00","Action":"output","Package":"virmill.local/core/internal/app/network","Test":"TestAllocateConfiguredInvalidOccupied/mapped_IPv4","Output":"=== RUN   TestAllocateConfiguredInvalidOccupied/mapped_IPv4\n","OutputType":"frame"}
{"Time":"2026-09-08T10:19:03.819437859+03:00","Action":"output","Package":"virmill.local/core/internal/app/network","Test":"TestAllocateConfiguredInvalidOccupied/mapped_IPv4","Output":"--- PASS: TestAllocateConfiguredInvalidOccupied/mapped_IPv4 (0.00s)\n","OutputType":"frame"}
{"Time":"2026-09-08T10:19:03.819442796+03:00","Action":"pass","Package":"virmill.local/core/internal/app/network","Test":"TestAllocateConfiguredInvalidOccupied/mapped_IPv4","Elapsed":0}
{"Time":"2026-09-08T10:19:03.819456741+03:00","Action":"run","Package":"virmill.local/core/internal/app/network","Test":"TestAllocateConfiguredInvalidOccupied/mapped_default"}
{"Time":"2026-09-08T10:19:03.819460056+03:00","Action":"output","Package":"virmill.local/core/internal/app/network","Test":"TestAllocateConfiguredInvalidOccupied/mapped_default","Output":"=== RUN   TestAllocateConfiguredInvalidOccupied/mapped_default\n","OutputType":"frame"}
{"Time":"2026-09-08T10:19:03.819484314+03:00","Action":"output","Package":"virmill.local/core/internal/app/network","Test":"TestAllocateConfiguredInvalidOccupied/mapped_default","Output":"--- PASS: TestAllocateConfiguredInvalidOccupied/mapped_default (0.00s)\n","OutputType":"frame"}
{"Time":"2026-09-08T10:19:03.819498903+03:00","Action":"pass","Package":"virmill.local/core/internal/app/network","Test":"TestAllocateConfiguredInvalidOccupied/mapped_default","Elapsed":0}
{"Time":"2026-09-08T10:19:03.819503625+03:00","Action":"output","Package":"virmill.local/core/internal/app/network","Test":"TestAllocateConfiguredInvalidOccupied","Output":"--- PASS: TestAllocateConfiguredInvalidOccupied (0.00s)\n","OutputType":"frame"}
{"Time":"2026-09-08T10:19:03.819510635+03:00","Action":"pass","Package":"virmill.local/core/internal/app/network","Test":"TestAllocateConfiguredInvalidOccupied","Elapsed":0}
{"Time":"2026-09-08T10:19:03.819518688+03:00","Action":"run","Package":"virmill.local/core/internal/app/network","Test":"TestAllocateConfiguredOccupiedBound"}
{"Time":"2026-09-08T10:19:03.819521174+03:00","Action":"output","Package":"virmill.local/core/internal/app/network","Test":"TestAllocateConfiguredOccupiedBound","Output":"=== RUN   TestAllocateConfiguredOccupiedBound\n","OutputType":"frame"}
{"Time":"2026-09-08T10:19:03.820276232+03:00","Action":"output","Package":"virmill.local/core/internal/networksettings","Test":"TestCustomSettingsAreExactReadOnlyAndBounded","Output":"--- PASS: TestCustomSettingsAreExactReadOnlyAndBounded (0.01s)\n","OutputType":"frame"}
{"Time":"2026-09-08T10:19:03.820288121+03:00","Action":"pass","Package":"virmill.local/core/internal/networksettings","Test":"TestCustomSettingsAreExactReadOnlyAndBounded","Elapsed":0.01}
{"Time":"2026-09-08T10:19:03.820303673+03:00","Action":"run","Package":"virmill.local/core/internal/networksettings","Test":"TestExistingInvalidSettingsNeverFallBack"}
{"Time":"2026-09-08T10:19:03.820305695+03:00","Action":"output","Package":"virmill.local/core/internal/networksettings","Test":"TestExistingInvalidSettingsNeverFallBack","Output":"=== RUN   TestExistingInvalidSettingsNeverFallBack\n","OutputType":"frame"}
{"Time":"2026-09-08T10:19:03.820498989+03:00","Action":"run","Package":"virmill.local/core/internal/networksettings","Test":"TestExistingInvalidSettingsNeverFallBack/null_range"}
{"Time":"2026-09-08T10:19:03.820503997+03:00","Action":"output","Package":"virmill.local/core/internal/networksettings","Test":"TestExistingInvalidSettingsNeverFallBack/null_range","Output":"=== RUN   TestExistingInvalidSettingsNeverFallBack/null_range\n","OutputType":"frame"}
{"Time":"2026-09-08T10:19:03.820853177+03:00","Action":"output","Package":"virmill.local/core/internal/networksettings","Test":"TestExistingInvalidSettingsNeverFallBack/null_range","Output":"--- PASS: TestExistingInvalidSettingsNeverFallBack/null_range (0.00s)\n","OutputType":"frame"}
{"Time":"2026-09-08T10:19:03.82086479+03:00","Action":"pass","Package":"virmill.local/core/internal/networksettings","Test":"TestExistingInvalidSettingsNeverFallBack/null_range","Elapsed":0}
{"Time":"2026-09-08T10:19:03.820878147+03:00","Action":"run","Package":"virmill.local/core/internal/networksettings","Test":"TestExistingInvalidSettingsNeverFallBack/unknown_range"}
{"Time":"2026-09-08T10:19:03.820880307+03:00","Action":"output","Package":"virmill.local/core/internal/networksettings","Test":"TestExistingInvalidSettingsNeverFallBack/unknown_range","Output":"=== RUN   TestExistingInvalidSettingsNeverFallBack/unknown_range\n","OutputType":"frame"}
{"Time":"2026-09-08T10:19:03.821208469+03:00","Action":"output","Package":"virmill.local/core/internal/networksettings","Test":"TestExistingInvalidSettingsNeverFallBack/unknown_range","Output":"--- PASS: TestExistingInvalidSettingsNeverFallBack/unknown_range (0.00s)\n","OutputType":"frame"}
{"Time":"2026-09-08T10:19:03.821221664+03:00","Action":"pass","Package":"virmill.local/core/internal/networksettings","Test":"TestExistingInvalidSettingsNeverFallBack/unknown_range","Elapsed":0}
{"Time":"2026-09-08T10:19:03.821235276+03:00","Action":"run","Package":"virmill.local/core/internal/networksettings","Test":"TestExistingInvalidSettingsNeverFallBack/unknown_planned"}
{"Time":"2026-09-08T10:19:03.821236726+03:00","Action":"output","Package":"virmill.local/core/internal/networksettings","Test":"TestExistingInvalidSettingsNeverFallBack/unknown_planned","Output":"=== RUN   TestExistingInvalidSettingsNeverFallBack/unknown_planned\n","OutputType":"frame"}
{"Time":"2026-09-08T10:19:03.821585564+03:00","Action":"output","Package":"virmill.local/core/internal/networksettings","Test":"TestExistingInvalidSettingsNeverFallBack/unknown_planned","Output":"--- PASS: TestExistingInvalidSettingsNeverFallBack/unknown_planned (0.00s)\n","OutputType":"frame"}
{"Time":"2026-09-08T10:19:03.821594769+03:00","Action":"pass","Package":"virmill.local/core/internal/networksettings","Test":"TestExistingInvalidSettingsNeverFallBack/unknown_planned","Elapsed":0}
{"Time":"2026-09-08T10:19:03.821615855+03:00","Action":"run","Package":"virmill.local/core/internal/networksettings","Test":"TestExistingInvalidSettingsNeverFallBack/duplicate_root"}
{"Time":"2026-09-08T10:19:03.821617497+03:00","Action":"output","Package":"virmill.local/core/internal/networksettings","Test":"TestExistingInvalidSettingsNeverFallBack/duplicate_root","Output":"=== RUN   TestExistingInvalidSettingsNeverFallBack/duplicate_root\n","OutputType":"frame"}
{"Time":"2026-09-08T10:19:03.821826682+03:00","Action":"output","Package":"virmill.local/core/internal/networksettings","Test":"TestExistingInvalidSettingsNeverFallBack/duplicate_root","Output":"--- PASS: TestExistingInvalidSettingsNeverFallBack/duplicate_root (0.00s)\n","OutputType":"frame"}
{"Time":"2026-09-08T10:19:03.821835639+03:00","Action":"pass","Package":"virmill.local/core/internal/networksettings","Test":"TestExistingInvalidSettingsNeverFallBack/duplicate_root","Elapsed":0}
{"Time":"2026-09-08T10:19:03.821848059+03:00","Action":"run","Package":"virmill.local/core/internal/networksettings","Test":"TestExistingInvalidSettingsNeverFallBack/planned_case_alias"}
{"Time":"2026-09-08T10:19:03.821850346+03:00","Action":"output","Package":"virmill.local/core/internal/networksettings","Test":"TestExistingInvalidSettingsNeverFallBack/planned_case_alias","Output":"=== RUN   TestExistingInvalidSettingsNeverFallBack/planned_case_alias\n","OutputType":"frame"}
{"Time":"2026-09-08T10:19:03.822242027+03:00","Action":"output","Package":"virmill.local/core/internal/networksettings","Test":"TestExistingInvalidSettingsNeverFallBack/planned_case_alias","Output":"--- PASS: TestExistingInvalidSettingsNeverFallBack/planned_case_alias (0.00s)\n","OutputType":"frame"}
{"Time":"2026-09-08T10:19:03.822251006+03:00","Action":"pass","Package":"virmill.local/core/internal/networksettings","Test":"TestExistingInvalidSettingsNeverFallBack/planned_case_alias","Elapsed":0}
{"Time":"2026-09-08T10:19:03.822268089+03:00","Action":"run","Package":"virmill.local/core/internal/networksettings","Test":"TestExistingInvalidSettingsNeverFallBack/public_range"}
{"Time":"2026-09-08T10:19:03.822270189+03:00","Action":"output","Package":"virmill.local/core/internal/networksettings","Test":"TestExistingInvalidSettingsNeverFallBack/public_range","Output":"=== RUN   TestExistingInvalidSettingsNeverFallBack/public_range\n","OutputType":"frame"}
{"Time":"2026-09-08T10:19:03.82268559+03:00","Action":"output","Package":"virmill.local/core/internal/networksettings","Test":"TestExistingInvalidSettingsNeverFallBack/public_range","Output":"--- PASS: TestExistingInvalidSettingsNeverFallBack/public_range (0.00s)\n","OutputType":"frame"}
{"Time":"2026-09-08T10:19:03.822693173+03:00","Action":"pass","Package":"virmill.local/core/internal/networksettings","Test":"TestExistingInvalidSettingsNeverFallBack/public_range","Elapsed":0}
{"Time":"2026-09-08T10:19:03.822709327+03:00","Action":"run","Package":"virmill.local/core/internal/networksettings","Test":"TestExistingInvalidSettingsNeverFallBack/invalid_UTF8"}
{"Time":"2026-09-08T10:19:03.822711175+03:00","Action":"output","Package":"virmill.local/core/internal/networksettings","Test":"TestExistingInvalidSettingsNeverFallBack/invalid_UTF8","Output":"=== RUN   TestExistingInvalidSettingsNeverFallBack/invalid_UTF8\n","OutputType":"frame"}
{"Time":"2026-09-08T10:19:03.82290654+03:00","Action":"output","Package":"virmill.local/core/internal/networksettings","Test":"TestExistingInvalidSettingsNeverFallBack/invalid_UTF8","Output":"--- PASS: TestExistingInvalidSettingsNeverFallBack/invalid_UTF8 (0.00s)\n","OutputType":"frame"}
{"Time":"2026-09-08T10:19:03.822911548+03:00","Action":"pass","Package":"virmill.local/core/internal/networksettings","Test":"TestExistingInvalidSettingsNeverFallBack/invalid_UTF8","Elapsed":0}
{"Time":"2026-09-08T10:19:03.822929645+03:00","Action":"run","Package":"virmill.local/core/internal/networksettings","Test":"TestExistingInvalidSettingsNeverFallBack/unknown_version"}
{"Time":"2026-09-08T10:19:03.822931861+03:00","Action":"output","Package":"virmill.local/core/internal/networksettings","Test":"TestExistingInvalidSettingsNeverFallBack/unknown_version","Output":"=== RUN   TestExistingInvalidSettingsNeverFallBack/unknown_version\n","OutputType":"frame"}
{"Time":"2026-09-08T10:19:03.823333701+03:00","Action":"output","Package":"virmill.local/core/internal/networksettings","Test":"TestExistingInvalidSettingsNeverFallBack/unknown_version","Output":"--- PASS: TestExistingInvalidSettingsNeverFallBack/unknown_version (0.00s)\n","OutputType":"frame"}
{"Time":"2026-09-08T10:19:03.823341372+03:00","Action":"pass","Package":"virmill.local/core/internal/networksettings","Test":"TestExistingInvalidSettingsNeverFallBack/unknown_version","Elapsed":0}
{"Time":"2026-09-08T10:19:03.823371175+03:00","Action":"run","Package":"virmill.local/core/internal/networksettings","Test":"TestExistingInvalidSettingsNeverFallBack/root_case_alias"}
{"Time":"2026-09-08T10:19:03.823373606+03:00","Action":"output","Package":"virmill.local/core/internal/networksettings","Test":"TestExistingInvalidSettingsNeverFallBack/root_case_alias","Output":"=== RUN   TestExistingInvalidSettingsNeverFallBack/root_case_alias\n","OutputType":"frame"}
{"Time":"2026-09-08T10:19:03.823719881+03:00","Action":"output","Package":"virmill.local/core/internal/networksettings","Test":"TestExistingInvalidSettingsNeverFallBack/root_case_alias","Output":"--- PASS: TestExistingInvalidSettingsNeverFallBack/root_case_alias (0.00s)\n","OutputType":"frame"}
{"Time":"2026-09-08T10:19:03.823726405+03:00","Action":"pass","Package":"virmill.local/core/internal/networksettings","Test":"TestExistingInvalidSettingsNeverFallBack/root_case_alias","Elapsed":0}
{"Time":"2026-09-08T10:19:03.823744038+03:00","Action":"run","Package":"virmill.local/core/internal/networksettings","Test":"TestExistingInvalidSettingsNeverFallBack/nested_case_alias"}
{"Time":"2026-09-08T10:19:03.823746282+03:00","Action":"output","Package":"virmill.local/core/internal/networksettings","Test":"TestExistingInvalidSettingsNeverFallBack/nested_case_alias","Output":"=== RUN   TestExistingInvalidSettingsNeverFallBack/nested_case_alias\n","OutputType":"frame"}
{"Time":"2026-09-08T10:19:03.824099413+03:00","Action":"output","Package":"virmill.local/core/internal/networksettings","Test":"TestExistingInvalidSettingsNeverFallBack/nested_case_alias","Output":"--- PASS: TestExistingInvalidSettingsNeverFallBack/nested_case_alias (0.00s)\n","OutputType":"frame"}
{"Time":"2026-09-08T10:19:03.824107412+03:00","Action":"pass","Package":"virmill.local/core/internal/networksettings","Test":"TestExistingInvalidSettingsNeverFallBack/nested_case_alias","Elapsed":0}
{"Time":"2026-09-08T10:19:03.824131039+03:00","Action":"run","Package":"virmill.local/core/internal/networksettings","Test":"TestExistingInvalidSettingsNeverFallBack/empty"}
{"Time":"2026-09-08T10:19:03.824133792+03:00","Action":"output","Package":"virmill.local/core/internal/networksettings","Test":"TestExistingInvalidSettingsNeverFallBack/empty","Output":"=== RUN   TestExistingInvalidSettingsNeverFallBack/empty\n","OutputType":"frame"}
{"Time":"2026-09-08T10:19:03.824314957+03:00","Action":"output","Package":"virmill.local/core/internal/networksettings","Test":"TestExistingInvalidSettingsNeverFallBack/empty","Output":"--- PASS: TestExistingInvalidSettingsNeverFallBack/empty (0.00s)\n","OutputType":"frame"}
{"Time":"2026-09-08T10:19:03.824334713+03:00","Action":"pass","Package":"virmill.local/core/internal/networksettings","Test":"TestExistingInvalidSettingsNeverFallBack/empty","Elapsed":0}
{"Time":"2026-09-08T10:19:03.824347907+03:00","Action":"run","Package":"virmill.local/core/internal/networksettings","Test":"TestExistingInvalidSettingsNeverFallBack/trailing"}
{"Time":"2026-09-08T10:19:03.824351069+03:00","Action":"output","Package":"virmill.local/core/internal/networksettings","Test":"TestExistingInvalidSettingsNeverFallBack/trailing","Output":"=== RUN   TestExistingInvalidSettingsNeverFallBack/trailing\n","OutputType":"frame"}
{"Time":"2026-09-08T10:19:03.824615937+03:00","Action":"output","Package":"virmill.local/core/internal/networksettings","Test":"TestExistingInvalidSettingsNeverFallBack/trailing","Output":"--- PASS: TestExistingInvalidSettingsNeverFallBack/trailing (0.00s)\n","OutputType":"frame"}
{"Time":"2026-09-08T10:19:03.824623482+03:00","Action":"pass","Package":"virmill.local/core/internal/networksettings","Test":"TestExistingInvalidSettingsNeverFallBack/trailing","Elapsed":0}
{"Time":"2026-09-08T10:19:03.824639704+03:00","Action":"run","Package":"virmill.local/core/internal/networksettings","Test":"TestExistingInvalidSettingsNeverFallBack/escaped_duplicate"}
{"Time":"2026-09-08T10:19:03.824641955+03:00","Action":"output","Package":"virmill.local/core/internal/networksettings","Test":"TestExistingInvalidSettingsNeverFallBack/escaped_duplicate","Output":"=== RUN   TestExistingInvalidSettingsNeverFallBack/escaped_duplicate\n","OutputType":"frame"}
{"Time":"2026-09-08T10:19:03.824853132+03:00","Action":"output","Package":"virmill.local/core/internal/networksettings","Test":"TestExistingInvalidSettingsNeverFallBack/escaped_duplicate","Output":"--- PASS: TestExistingInvalidSettingsNeverFallBack/escaped_duplicate (0.00s)\n","OutputType":"frame"}
{"Time":"2026-09-08T10:19:03.824874074+03:00","Action":"pass","Package":"virmill.local/core/internal/networksettings","Test":"TestExistingInvalidSettingsNeverFallBack/escaped_duplicate","Elapsed":0}
{"Time":"2026-09-08T10:19:03.824879348+03:00","Action":"run","Package":"virmill.local/core/internal/networksettings","Test":"TestExistingInvalidSettingsNeverFallBack/nested_duplicate"}
{"Time":"2026-09-08T10:19:03.824882318+03:00","Action":"output","Package":"virmill.local/core/internal/networksettings","Test":"TestExistingInvalidSettingsNeverFallBack/nested_duplicate","Output":"=== RUN   TestExistingInvalidSettingsNeverFallBack/nested_duplicate\n","OutputType":"frame"}
{"Time":"2026-09-08T10:19:03.825090602+03:00","Action":"output","Package":"virmill.local/core/internal/networksettings","Test":"TestExistingInvalidSettingsNeverFallBack/nested_duplicate","Output":"--- PASS: TestExistingInvalidSettingsNeverFallBack/nested_duplicate (0.00s)\n","OutputType":"frame"}
{"Time":"2026-09-08T10:19:03.825096991+03:00","Action":"pass","Package":"virmill.local/core/internal/networksettings","Test":"TestExistingInvalidSettingsNeverFallBack/nested_duplicate","Elapsed":0}
{"Time":"2026-09-08T10:19:03.825119565+03:00","Action":"run","Package":"virmill.local/core/internal/networksettings","Test":"TestExistingInvalidSettingsNeverFallBack/missing_version"}
{"Time":"2026-09-08T10:19:03.825123222+03:00","Action":"output","Package":"virmill.local/core/internal/networksettings","Test":"TestExistingInvalidSettingsNeverFallBack/missing_version","Output":"=== RUN   TestExistingInvalidSettingsNeverFallBack/missing_version\n","OutputType":"frame"}
{"Time":"2026-09-08T10:19:03.825567161+03:00","Action":"output","Package":"virmill.local/core/internal/networksettings","Test":"TestExistingInvalidSettingsNeverFallBack/missing_version","Output":"--- PASS: TestExistingInvalidSettingsNeverFallBack/missing_version (0.00s)\n","OutputType":"frame"}
{"Time":"2026-09-08T10:19:03.825575882+03:00","Action":"pass","Package":"virmill.local/core/internal/networksettings","Test":"TestExistingInvalidSettingsNeverFallBack/missing_version","Elapsed":0}
{"Time":"2026-09-08T10:19:03.825587916+03:00","Action":"run","Package":"virmill.local/core/internal/networksettings","Test":"TestExistingInvalidSettingsNeverFallBack/null_planned"}
{"Time":"2026-09-08T10:19:03.825589499+03:00","Action":"output","Package":"virmill.local/core/internal/networksettings","Test":"TestExistingInvalidSettingsNeverFallBack/null_planned","Output":"=== RUN   TestExistingInvalidSettingsNeverFallBack/null_planned\n","OutputType":"frame"}
{"Time":"2026-09-08T10:19:03.825884625+03:00","Action":"output","Package":"virmill.local/core/internal/networksettings","Test":"TestExistingInvalidSettingsNeverFallBack/null_planned","Output":"--- PASS: TestExistingInvalidSettingsNeverFallBack/null_planned (0.00s)\n","OutputType":"frame"}
{"Time":"2026-09-08T10:19:03.825898903+03:00","Action":"pass","Package":"virmill.local/core/internal/networksettings","Test":"TestExistingInvalidSettingsNeverFallBack/null_planned","Elapsed":0}
{"Time":"2026-09-08T10:19:03.825920051+03:00","Action":"run","Package":"virmill.local/core/internal/networksettings","Test":"TestExistingInvalidSettingsNeverFallBack/oversized"}
{"Time":"2026-09-08T10:19:03.825922088+03:00","Action":"output","Package":"virmill.local/core/internal/networksettings","Test":"TestExistingInvalidSettingsNeverFallBack/oversized","Output":"=== RUN   TestExistingInvalidSettingsNeverFallBack/oversized\n","OutputType":"frame"}
{"Time":"2026-09-08T10:19:03.826216071+03:00","Action":"output","Package":"virmill.local/core/internal/networksettings","Test":"TestExistingInvalidSettingsNeverFallBack/oversized","Output":"--- PASS: TestExistingInvalidSettingsNeverFallBack/oversized (0.00s)\n","OutputType":"frame"}
{"Time":"2026-09-08T10:19:03.826229411+03:00","Action":"pass","Package":"virmill.local/core/internal/networksettings","Test":"TestExistingInvalidSettingsNeverFallBack/oversized","Elapsed":0}
{"Time":"2026-09-08T10:19:03.826243541+03:00","Action":"run","Package":"virmill.local/core/internal/networksettings","Test":"TestExistingInvalidSettingsNeverFallBack/malformed"}
{"Time":"2026-09-08T10:19:03.826245911+03:00","Action":"output","Package":"virmill.local/core/internal/networksettings","Test":"TestExistingInvalidSettingsNeverFallBack/malformed","Output":"=== RUN   TestExistingInvalidSettingsNeverFallBack/malformed\n","OutputType":"frame"}
{"Time":"2026-09-08T10:19:03.826489305+03:00","Action":"output","Package":"virmill.local/core/internal/networksettings","Test":"TestExistingInvalidSettingsNeverFallBack/malformed","Output":"--- PASS: TestExistingInvalidSettingsNeverFallBack/malformed (0.00s)\n","OutputType":"frame"}
{"Time":"2026-09-08T10:19:03.826497802+03:00","Action":"pass","Package":"virmill.local/core/internal/networksettings","Test":"TestExistingInvalidSettingsNeverFallBack/malformed","Elapsed":0}
{"Time":"2026-09-08T10:19:03.826513014+03:00","Action":"run","Package":"virmill.local/core/internal/networksettings","Test":"TestExistingInvalidSettingsNeverFallBack/unknown_root"}
{"Time":"2026-09-08T10:19:03.826515108+03:00","Action":"output","Package":"virmill.local/core/internal/networksettings","Test":"TestExistingInvalidSettingsNeverFallBack/unknown_root","Output":"=== RUN   TestExistingInvalidSettingsNeverFallBack/unknown_root\n","OutputType":"frame"}
{"Time":"2026-09-08T10:19:03.826819754+03:00","Action":"output","Package":"virmill.local/core/internal/networksettings","Test":"TestExistingInvalidSettingsNeverFallBack/unknown_root","Output":"--- PASS: TestExistingInvalidSettingsNeverFallBack/unknown_root (0.00s)\n","OutputType":"frame"}
{"Time":"2026-09-08T10:19:03.8268258+03:00","Action":"pass","Package":"virmill.local/core/internal/networksettings","Test":"TestExistingInvalidSettingsNeverFallBack/unknown_root","Elapsed":0}
{"Time":"2026-09-08T10:19:03.82686001+03:00","Action":"output","Package":"virmill.local/core/internal/networksettings","Test":"TestExistingInvalidSettingsNeverFallBack","Output":"--- PASS: TestExistingInvalidSettingsNeverFallBack (0.01s)\n","OutputType":"frame"}
{"Time":"2026-09-08T10:19:03.826867218+03:00","Action":"pass","Package":"virmill.local/core/internal/networksettings","Test":"TestExistingInvalidSettingsNeverFallBack","Elapsed":0.01}
{"Time":"2026-09-08T10:19:03.826881116+03:00","Action":"run","Package":"virmill.local/core/internal/networksettings","Test":"TestUnsafeSettingsLeafNeverOpenedForIO"}
{"Time":"2026-09-08T10:19:03.826882994+03:00","Action":"output","Package":"virmill.local/core/internal/networksettings","Test":"TestUnsafeSettingsLeafNeverOpenedForIO","Output":"=== RUN   TestUnsafeSettingsLeafNeverOpenedForIO\n","OutputType":"frame"}
{"Time":"2026-09-08T10:19:03.826911209+03:00","Action":"run","Package":"virmill.local/core/internal/networksettings","Test":"TestUnsafeSettingsLeafNeverOpenedForIO/fifo"}
{"Time":"2026-09-08T10:19:03.826916879+03:00","Action":"output","Package":"virmill.local/core/internal/networksettings","Test":"TestUnsafeSettingsLeafNeverOpenedForIO/fifo","Output":"=== RUN   TestUnsafeSettingsLeafNeverOpenedForIO/fifo\n","OutputType":"frame"}
{"Time":"2026-09-08T10:19:03.827117075+03:00","Action":"output","Package":"virmill.local/core/internal/networksettings","Test":"TestUnsafeSettingsLeafNeverOpenedForIO/fifo","Output":"--- PASS: TestUnsafeSettingsLeafNeverOpenedForIO/fifo (0.00s)\n","OutputType":"frame"}
{"Time":"2026-09-08T10:19:03.82712996+03:00","Action":"pass","Package":"virmill.local/core/internal/networksettings","Test":"TestUnsafeSettingsLeafNeverOpenedForIO/fifo","Elapsed":0}
{"Time":"2026-09-08T10:19:03.827140919+03:00","Action":"run","Package":"virmill.local/core/internal/networksettings","Test":"TestUnsafeSettingsLeafNeverOpenedForIO/directory"}
{"Time":"2026-09-08T10:19:03.827142956+03:00","Action":"output","Package":"virmill.local/core/internal/networksettings","Test":"TestUnsafeSettingsLeafNeverOpenedForIO/directory","Output":"=== RUN   TestUnsafeSettingsLeafNeverOpenedForIO/directory\n","OutputType":"frame"}
{"Time":"2026-09-08T10:19:03.827308826+03:00","Action":"output","Package":"virmill.local/core/internal/networksettings","Test":"TestUnsafeSettingsLeafNeverOpenedForIO/directory","Output":"--- PASS: TestUnsafeSettingsLeafNeverOpenedForIO/directory (0.00s)\n","OutputType":"frame"}
{"Time":"2026-09-08T10:19:03.827323028+03:00","Action":"pass","Package":"virmill.local/core/internal/networksettings","Test":"TestUnsafeSettingsLeafNeverOpenedForIO/directory","Elapsed":0}
{"Time":"2026-09-08T10:19:03.827335969+03:00","Action":"run","Package":"virmill.local/core/internal/networksettings","Test":"TestUnsafeSettingsLeafNeverOpenedForIO/symlink"}
{"Time":"2026-09-08T10:19:03.827338189+03:00","Action":"output","Package":"virmill.local/core/internal/networksettings","Test":"TestUnsafeSettingsLeafNeverOpenedForIO/symlink","Output":"=== RUN   TestUnsafeSettingsLeafNeverOpenedForIO/symlink\n","OutputType":"frame"}
{"Time":"2026-09-08T10:19:03.827548967+03:00","Action":"output","Package":"virmill.local/core/internal/networksettings","Test":"TestUnsafeSettingsLeafNeverOpenedForIO/symlink","Output":"--- PASS: TestUnsafeSettingsLeafNeverOpenedForIO/symlink (0.00s)\n","OutputType":"frame"}
{"Time":"2026-09-08T10:19:03.827557839+03:00","Action":"pass","Package":"virmill.local/core/internal/networksettings","Test":"TestUnsafeSettingsLeafNeverOpenedForIO/symlink","Elapsed":0}
{"Time":"2026-09-08T10:19:03.827574+03:00","Action":"run","Package":"virmill.local/core/internal/networksettings","Test":"TestUnsafeSettingsLeafNeverOpenedForIO/dangling_symlink"}
{"Time":"2026-09-08T10:19:03.827575547+03:00","Action":"output","Package":"virmill.local/core/internal/networksettings","Test":"TestUnsafeSettingsLeafNeverOpenedForIO/dangling_symlink","Output":"=== RUN   TestUnsafeSettingsLeafNeverOpenedForIO/dangling_symlink\n","OutputType":"frame"}
{"Time":"2026-09-08T10:19:03.827727905+03:00","Action":"output","Package":"virmill.local/core/internal/networksettings","Test":"TestUnsafeSettingsLeafNeverOpenedForIO/dangling_symlink","Output":"--- PASS: TestUnsafeSettingsLeafNeverOpenedForIO/dangling_symlink (0.00s)\n","OutputType":"frame"}
{"Time":"2026-09-08T10:19:03.827738264+03:00","Action":"pass","Package":"virmill.local/core/internal/networksettings","Test":"TestUnsafeSettingsLeafNeverOpenedForIO/dangling_symlink","Elapsed":0}
{"Time":"2026-09-08T10:19:03.827765044+03:00","Action":"output","Package":"virmill.local/core/internal/networksettings","Test":"TestUnsafeSettingsLeafNeverOpenedForIO","Output":"--- PASS: TestUnsafeSettingsLeafNeverOpenedForIO (0.00s)\n","OutputType":"frame"}
{"Time":"2026-09-08T10:19:03.827768041+03:00","Action":"pass","Package":"virmill.local/core/internal/networksettings","Test":"TestUnsafeSettingsLeafNeverOpenedForIO","Elapsed":0}
{"Time":"2026-09-08T10:19:03.827785533+03:00","Action":"run","Package":"virmill.local/core/internal/networksettings","Test":"TestUnreadableSettingsAreNotAbsence"}
{"Time":"2026-09-08T10:19:03.827787522+03:00","Action":"output","Package":"virmill.local/core/internal/networksettings","Test":"TestUnreadableSettingsAreNotAbsence","Output":"=== RUN   TestUnreadableSettingsAreNotAbsence\n","OutputType":"frame"}
{"Time":"2026-09-08T10:19:03.827961271+03:00","Action":"output","Package":"virmill.local/core/internal/networksettings","Test":"TestUnreadableSettingsAreNotAbsence","Output":"--- PASS: TestUnreadableSettingsAreNotAbsence (0.00s)\n","OutputType":"frame"}
{"Time":"2026-09-08T10:19:03.827967056+03:00","Action":"pass","Package":"virmill.local/core/internal/networksettings","Test":"TestUnreadableSettingsAreNotAbsence","Elapsed":0}
{"Time":"2026-09-08T10:19:03.827983148+03:00","Action":"run","Package":"virmill.local/core/internal/networksettings","Test":"TestBoundedReadHonorsLateCancellationAndReadFailure"}
{"Time":"2026-09-08T10:19:03.827985222+03:00","Action":"output","Package":"virmill.local/core/internal/networksettings","Test":"TestBoundedReadHonorsLateCancellationAndReadFailure","Output":"=== RUN   TestBoundedReadHonorsLateCancellationAndReadFailure\n","OutputType":"frame"}
{"Time":"2026-09-08T10:19:03.828010225+03:00","Action":"run","Package":"virmill.local/core/internal/networksettings","Test":"TestBoundedReadHonorsLateCancellationAndReadFailure/cancel_with_final_EOF"}
{"Time":"2026-09-08T10:19:03.828012743+03:00","Action":"output","Package":"virmill.local/core/internal/networksettings","Test":"TestBoundedReadHonorsLateCancellationAndReadFailure/cancel_with_final_EOF","Output":"=== RUN   TestBoundedReadHonorsLateCancellationAndReadFailure/cancel_with_final_EOF\n","OutputType":"frame"}
{"Time":"2026-09-08T10:19:03.828079604+03:00","Action":"output","Package":"virmill.local/core/internal/networksettings","Test":"TestBoundedReadHonorsLateCancellationAndReadFailure/cancel_with_final_EOF","Output":"--- PASS: TestBoundedReadHonorsLateCancellationAndReadFailure/cancel_with_final_EOF (0.00s)\n","OutputType":"frame"}
{"Time":"2026-09-08T10:19:03.828084776+03:00","Action":"pass","Package":"virmill.local/core/internal/networksettings","Test":"TestBoundedReadHonorsLateCancellationAndReadFailure/cancel_with_final_EOF","Elapsed":0}
{"Time":"2026-09-08T10:19:03.828099172+03:00","Action":"run","Package":"virmill.local/core/internal/networksettings","Test":"TestBoundedReadHonorsLateCancellationAndReadFailure/read_error_with_bytes"}
{"Time":"2026-09-08T10:19:03.828101484+03:00","Action":"output","Package":"virmill.local/core/internal/networksettings","Test":"TestBoundedReadHonorsLateCancellationAndReadFailure/read_error_with_bytes","Output":"=== RUN   TestBoundedReadHonorsLateCancellationAndReadFailure/read_error_with_bytes\n","OutputType":"frame"}
{"Time":"2026-09-08T10:19:03.828165745+03:00","Action":"output","Package":"virmill.local/core/internal/networksettings","Test":"TestBoundedReadHonorsLateCancellationAndReadFailure/read_error_with_bytes","Output":"--- PASS: TestBoundedReadHonorsLateCancellationAndReadFailure/read_error_with_bytes (0.00s)\n","OutputType":"frame"}
{"Time":"2026-09-08T10:19:03.828169227+03:00","Action":"pass","Package":"virmill.local/core/internal/networksettings","Test":"TestBoundedReadHonorsLateCancellationAndReadFailure/read_error_with_bytes","Elapsed":0}
{"Time":"2026-09-08T10:19:03.828186359+03:00","Action":"run","Package":"virmill.local/core/internal/networksettings","Test":"TestBoundedReadHonorsLateCancellationAndReadFailure/growth_beyond_stat_size_remains_bounded"}
{"Time":"2026-09-08T10:19:03.828188521+03:00","Action":"output","Package":"virmill.local/core/internal/networksettings","Test":"TestBoundedReadHonorsLateCancellationAndReadFailure/growth_beyond_stat_size_remains_bounded","Output":"=== RUN   TestBoundedReadHonorsLateCancellationAndReadFailure/growth_beyond_stat_size_remains_bounded\n","OutputType":"frame"}
{"Time":"2026-09-08T10:19:03.828449489+03:00","Action":"output","Package":"virmill.local/core/internal/networksettings","Test":"TestBoundedReadHonorsLateCancellationAndReadFailure/growth_beyond_stat_size_remains_bounded","Output":"--- PASS: TestBoundedReadHonorsLateCancellationAndReadFailure/growth_beyond_stat_size_remains_bounded (0.00s)\n","OutputType":"frame"}
{"Time":"2026-09-08T10:19:03.828454306+03:00","Action":"pass","Package":"virmill.local/core/internal/networksettings","Test":"TestBoundedReadHonorsLateCancellationAndReadFailure/growth_beyond_stat_size_remains_bounded","Elapsed":0}
{"Time":"2026-09-08T10:19:03.828469763+03:00","Action":"run","Package":"virmill.local/core/internal/networksettings","Test":"TestBoundedReadHonorsLateCancellationAndReadFailure/no_progress_refuses"}
{"Time":"2026-09-08T10:19:03.828471919+03:00","Action":"output","Package":"virmill.local/core/internal/networksettings","Test":"TestBoundedReadHonorsLateCancellationAndReadFailure/no_progress_refuses","Output":"=== RUN   TestBoundedReadHonorsLateCancellationAndReadFailure/no_progress_refuses\n","OutputType":"frame"}
{"Time":"2026-09-08T10:19:03.829898143+03:00","Action":"output","Package":"virmill.local/core/internal/networksettings","Test":"TestBoundedReadHonorsLateCancellationAndReadFailure/no_progress_refuses","Output":"--- PASS: TestBoundedReadHonorsLateCancellationAndReadFailure/no_progress_refuses (0.00s)\n","OutputType":"frame"}
{"Time":"2026-09-08T10:19:03.829923979+03:00","Action":"pass","Package":"virmill.local/core/internal/networksettings","Test":"TestBoundedReadHonorsLateCancellationAndReadFailure/no_progress_refuses","Elapsed":0}
{"Time":"2026-09-08T10:19:03.829975881+03:00","Action":"output","Package":"virmill.local/core/internal/networksettings","Test":"TestBoundedReadHonorsLateCancellationAndReadFailure","Output":"--- PASS: TestBoundedReadHonorsLateCancellationAndReadFailure (0.00s)\n","OutputType":"frame"}
{"Time":"2026-09-08T10:19:03.82998802+03:00","Action":"pass","Package":"virmill.local/core/internal/networksettings","Test":"TestBoundedReadHonorsLateCancellationAndReadFailure","Elapsed":0}
{"Time":"2026-09-08T10:19:03.829993042+03:00","Action":"run","Package":"virmill.local/core/internal/networksettings","Test":"TestMissingSettingsUseIndependentDefaultsWithoutWrites"}
{"Time":"2026-09-08T10:19:03.829995779+03:00","Action":"output","Package":"virmill.local/core/internal/networksettings","Test":"TestMissingSettingsUseIndependentDefaultsWithoutWrites","Output":"=== RUN   TestMissingSettingsUseIndependentDefaultsWithoutWrites\n","OutputType":"frame"}
{"Time":"2026-09-08T10:19:03.830175006+03:00","Action":"output","Package":"virmill.local/core/internal/networksettings","Test":"TestMissingSettingsUseIndependentDefaultsWithoutWrites","Output":"--- PASS: TestMissingSettingsUseIndependentDefaultsWithoutWrites (0.00s)\n","OutputType":"frame"}
{"Time":"2026-09-08T10:19:03.830186631+03:00","Action":"pass","Package":"virmill.local/core/internal/networksettings","Test":"TestMissingSettingsUseIndependentDefaultsWithoutWrites","Elapsed":0}
{"Time":"2026-09-08T10:19:03.830191414+03:00","Action":"run","Package":"virmill.local/core/internal/networksettings","Test":"TestSettingsCancellationDoesNotBecomeDefaults"}
{"Time":"2026-09-08T10:19:03.830194001+03:00","Action":"output","Package":"virmill.local/core/internal/networksettings","Test":"TestSettingsCancellationDoesNotBecomeDefaults","Output":"=== RUN   TestSettingsCancellationDoesNotBecomeDefaults\n","OutputType":"frame"}
{"Time":"2026-09-08T10:19:03.830294047+03:00","Action":"output","Package":"virmill.local/core/internal/networksettings","Test":"TestSettingsCancellationDoesNotBecomeDefaults","Output":"--- PASS: TestSettingsCancellationDoesNotBecomeDefaults (0.00s)\n","OutputType":"frame"}
{"Time":"2026-09-08T10:19:03.830302661+03:00","Action":"pass","Package":"virmill.local/core/internal/networksettings","Test":"TestSettingsCancellationDoesNotBecomeDefaults","Elapsed":0}
{"Time":"2026-09-08T10:19:03.830322653+03:00","Action":"output","Package":"virmill.local/core/internal/networksettings","Output":"PASS\n","OutputType":"frame"}
{"Time":"2026-09-08T10:19:03.835649143+03:00","Action":"run","Package":"virmill.local/core/internal/app","Test":"TestVersionedCaptureServiceChecksAllMembersAndKeepsNoRecoveryProof"}
{"Time":"2026-09-08T10:19:03.835703464+03:00","Action":"output","Package":"virmill.local/core/internal/app","Test":"TestVersionedCaptureServiceChecksAllMembersAndKeepsNoRecoveryProof","Output":"=== RUN   TestVersionedCaptureServiceChecksAllMembersAndKeepsNoRecoveryProof\n","OutputType":"frame"}
{"Time":"2026-09-08T10:19:03.852803922+03:00","Action":"output","Package":"virmill.local/core/internal/app/network","Test":"TestAllocateConfiguredOccupiedBound","Output":"--- PASS: TestAllocateConfiguredOccupiedBound (0.03s)\n","OutputType":"frame"}
{"Time":"2026-09-08T10:19:03.852841109+03:00","Action":"pass","Package":"virmill.local/core/internal/app/network","Test":"TestAllocateConfiguredOccupiedBound","Elapsed":0.03}
{"Time":"2026-09-08T10:19:03.852854555+03:00","Action":"run","Package":"virmill.local/core/internal/app/network","Test":"TestAllocateConfiguredCancellation"}
{"Time":"2026-09-08T10:19:03.852857994+03:00","Action":"output","Package":"virmill.local/core/internal/app/network","Test":"TestAllocateConfiguredCancellation","Output":"=== RUN   TestAllocateConfiguredCancellation\n","OutputType":"frame"}
{"Time":"2026-09-08T10:19:03.852862014+03:00","Action":"run","Package":"virmill.local/core/internal/app/network","Test":"TestAllocateConfiguredCancellation/exhausted=false"}
{"Time":"2026-09-08T10:19:03.852864394+03:00","Action":"output","Package":"virmill.local/core/internal/app/network","Test":"TestAllocateConfiguredCancellation/exhausted=false","Output":"=== RUN   TestAllocateConfiguredCancellation/exhausted=false\n","OutputType":"frame"}
{"Time":"2026-09-08T10:19:03.852962471+03:00","Action":"output","Package":"virmill.local/core/internal/app/network","Test":"TestAllocateConfiguredCancellation/exhausted=false","Output":"--- PASS: TestAllocateConfiguredCancellation/exhausted=false (0.00s)\n","OutputType":"frame"}
{"Time":"2026-09-08T10:19:03.852970335+03:00","Action":"pass","Package":"virmill.local/core/internal/app/network","Test":"TestAllocateConfiguredCancellation/exhausted=false","Elapsed":0}
{"Time":"2026-09-08T10:19:03.85297537+03:00","Action":"run","Package":"virmill.local/core/internal/app/network","Test":"TestAllocateConfiguredCancellation/exhausted=true"}
{"Time":"2026-09-08T10:19:03.852977923+03:00","Action":"output","Package":"virmill.local/core/internal/app/network","Test":"TestAllocateConfiguredCancellation/exhausted=true","Output":"=== RUN   TestAllocateConfiguredCancellation/exhausted=true\n","OutputType":"frame"}
{"Time":"2026-09-08T10:19:03.853065939+03:00","Action":"output","Package":"virmill.local/core/internal/app/network","Test":"TestAllocateConfiguredCancellation/exhausted=true","Output":"--- PASS: TestAllocateConfiguredCancellation/exhausted=true (0.00s)\n","OutputType":"frame"}
{"Time":"2026-09-08T10:19:03.85307165+03:00","Action":"pass","Package":"virmill.local/core/internal/app/network","Test":"TestAllocateConfiguredCancellation/exhausted=true","Elapsed":0}
{"Time":"2026-09-08T10:19:03.853100012+03:00","Action":"output","Package":"virmill.local/core/internal/app/network","Test":"TestAllocateConfiguredCancellation","Output":"--- PASS: TestAllocateConfiguredCancellation (0.00s)\n","OutputType":"frame"}
{"Time":"2026-09-08T10:19:03.853104725+03:00","Action":"pass","Package":"virmill.local/core/internal/app/network","Test":"TestAllocateConfiguredCancellation","Elapsed":0}
{"Time":"2026-09-08T10:19:03.85311776+03:00","Action":"run","Package":"virmill.local/core/internal/app/network","Test":"TestAllocateConfiguredSkipsLargeOccupiedIntervals"}
{"Time":"2026-09-08T10:19:03.853121505+03:00","Action":"output","Package":"virmill.local/core/internal/app/network","Test":"TestAllocateConfiguredSkipsLargeOccupiedIntervals","Output":"=== RUN   TestAllocateConfiguredSkipsLargeOccupiedIntervals\n","OutputType":"frame"}
{"Time":"2026-09-08T10:19:03.853165138+03:00","Action":"output","Package":"virmill.local/core/internal/app/network","Test":"TestAllocateConfiguredSkipsLargeOccupiedIntervals","Output":"--- PASS: TestAllocateConfiguredSkipsLargeOccupiedIntervals (0.00s)\n","OutputType":"frame"}
{"Time":"2026-09-08T10:19:03.853170714+03:00","Action":"pass","Package":"virmill.local/core/internal/app/network","Test":"TestAllocateConfiguredSkipsLargeOccupiedIntervals","Elapsed":0}
{"Time":"2026-09-08T10:19:03.853184832+03:00","Action":"run","Package":"virmill.local/core/internal/app/network","Test":"TestAllocateConfiguredMatchesSmallExhaustiveOracle"}
{"Time":"2026-09-08T10:19:03.85318795+03:00","Action":"output","Package":"virmill.local/core/internal/app/network","Test":"TestAllocateConfiguredMatchesSmallExhaustiveOracle","Output":"=== RUN   TestAllocateConfiguredMatchesSmallExhaustiveOracle\n","OutputType":"frame"}
{"Time":"2026-09-08T10:19:03.924783612+03:00","Action":"output","Package":"virmill.local/core/internal/app","Test":"TestVersionedCaptureServiceChecksAllMembersAndKeepsNoRecoveryProof","Output":"--- PASS: TestVersionedCaptureServiceChecksAllMembersAndKeepsNoRecoveryProof (0.09s)\n","OutputType":"frame"}
{"Time":"2026-09-08T10:19:03.924818873+03:00","Action":"pass","Package":"virmill.local/core/internal/app","Test":"TestVersionedCaptureServiceChecksAllMembersAndKeepsNoRecoveryProof","Elapsed":0.09}
{"Time":"2026-09-08T10:19:03.924831924+03:00","Action":"run","Package":"virmill.local/core/internal/app","Test":"TestVMPlansReportInterruptionAndStoppedEditRequirement"}
{"Time":"2026-09-08T10:19:03.924835346+03:00","Action":"output","Package":"virmill.local/core/internal/app","Test":"TestVMPlansReportInterruptionAndStoppedEditRequirement","Output":"=== RUN   TestVMPlansReportInterruptionAndStoppedEditRequirement\n","OutputType":"frame"}
{"Time":"2026-09-08T10:19:03.924839299+03:00","Action":"run","Package":"virmill.local/core/internal/app","Test":"TestVMPlansReportInterruptionAndStoppedEditRequirement/start"}
{"Time":"2026-09-08T10:19:03.924841789+03:00","Action":"output","Package":"virmill.local/core/internal/app","Test":"TestVMPlansReportInterruptionAndStoppedEditRequirement/start","Output":"=== RUN   TestVMPlansReportInterruptionAndStoppedEditRequirement/start\n","OutputType":"frame"}
{"Time":"2026-09-08T10:19:03.929382434+03:00","Action":"output","Package":"virmill.local/core/internal/app/network","Test":"TestAllocateConfiguredMatchesSmallExhaustiveOracle","Output":"--- PASS: TestAllocateConfiguredMatchesSmallExhaustiveOracle (0.08s)\n","OutputType":"frame"}
{"Time":"2026-09-08T10:19:03.929411084+03:00","Action":"pass","Package":"virmill.local/core/internal/app/network","Test":"TestAllocateConfiguredMatchesSmallExhaustiveOracle","Elapsed":0.08}
{"Time":"2026-09-08T10:19:03.929428579+03:00","Action":"run","Package":"virmill.local/core/internal/app/network","Test":"TestRouteOverlapAndDefaultRoute"}
{"Time":"2026-09-08T10:19:03.929430523+03:00","Action":"output","Package":"virmill.local/core/internal/app/network","Test":"TestRouteOverlapAndDefaultRoute","Output":"=== RUN   TestRouteOverlapAndDefaultRoute\n","OutputType":"frame"}
{"Time":"2026-09-08T10:19:03.929498313+03:00","Action":"output","Package":"virmill.local/core/internal/app/network","Test":"TestRouteOverlapAndDefaultRoute","Output":"--- PASS: TestRouteOverlapAndDefaultRoute (0.00s)\n","OutputType":"frame"}
{"Time":"2026-09-08T10:19:03.929503867+03:00","Action":"pass","Package":"virmill.local/core/internal/app/network","Test":"TestRouteOverlapAndDefaultRoute","Elapsed":0}
{"Time":"2026-09-08T10:19:03.929519105+03:00","Action":"run","Package":"virmill.local/core/internal/app/network","Test":"TestLabDHCPAndGuestOnly"}
{"Time":"2026-09-08T10:19:03.929521392+03:00","Action":"output","Package":"virmill.local/core/internal/app/network","Test":"TestLabDHCPAndGuestOnly","Output":"=== RUN   TestLabDHCPAndGuestOnly\n","OutputType":"frame"}
{"Time":"2026-09-08T10:19:03.929546542+03:00","Action":"output","Package":"virmill.local/core/internal/app/network","Test":"TestLabDHCPAndGuestOnly","Output":"--- PASS: TestLabDHCPAndGuestOnly (0.00s)\n","OutputType":"frame"}
{"Time":"2026-09-08T10:19:03.929554528+03:00","Action":"pass","Package":"virmill.local/core/internal/app/network","Test":"TestLabDHCPAndGuestOnly","Elapsed":0}
{"Time":"2026-09-08T10:19:03.929566974+03:00","Action":"run","Package":"virmill.local/core/internal/app/network","Test":"TestDefinedPrefixesIPv4IPv6AndExplicitZero"}
{"Time":"2026-09-08T10:19:03.92956915+03:00","Action":"output","Package":"virmill.local/core/internal/app/network","Test":"TestDefinedPrefixesIPv4IPv6AndExplicitZero","Output":"=== RUN   TestDefinedPrefixesIPv4IPv6AndExplicitZero\n","OutputType":"frame"}
{"Time":"2026-09-08T10:19:03.929595729+03:00","Action":"run","Package":"virmill.local/core/internal/app/network","Test":"TestDefinedPrefixesIPv4IPv6AndExplicitZero/IPv4_netmask"}
{"Time":"2026-09-08T10:19:03.929598054+03:00","Action":"output","Package":"virmill.local/core/internal/app/network","Test":"TestDefinedPrefixesIPv4IPv6AndExplicitZero/IPv4_netmask","Output":"=== RUN   TestDefinedPrefixesIPv4IPv6AndExplicitZero/IPv4_netmask\n","OutputType":"frame"}
{"Time":"2026-09-08T10:19:03.929692904+03:00","Action":"output","Package":"virmill.local/core/internal/app/network","Test":"TestDefinedPrefixesIPv4IPv6AndExplicitZero/IPv4_netmask","Output":"--- PASS: TestDefinedPrefixesIPv4IPv6AndExplicitZero/IPv4_netmask (0.00s)\n","OutputType":"frame"}
{"Time":"2026-09-08T10:19:03.929701192+03:00","Action":"pass","Package":"virmill.local/core/internal/app/network","Test":"TestDefinedPrefixesIPv4IPv6AndExplicitZero/IPv4_netmask","Elapsed":0}
{"Time":"2026-09-08T10:19:03.929715658+03:00","Action":"run","Package":"virmill.local/core/internal/app/network","Test":"TestDefinedPrefixesIPv4IPv6AndExplicitZero/IPv4_prefix"}
{"Time":"2026-09-08T10:19:03.929717735+03:00","Action":"output","Package":"virmill.local/core/internal/app/network","Test":"TestDefinedPrefixesIPv4IPv6AndExplicitZero/IPv4_prefix","Output":"=== RUN   TestDefinedPrefixesIPv4IPv6AndExplicitZero/IPv4_prefix\n","OutputType":"frame"}
{"Time":"2026-09-08T10:19:03.929755398+03:00","Action":"output","Package":"virmill.local/core/internal/app","Test":"TestVMPlansReportInterruptionAndStoppedEditRequirement/start","Output":"--- PASS: TestVMPlansReportInterruptionAndStoppedEditRequirement/start (0.00s)\n","OutputType":"frame"}
{"Time":"2026-09-08T10:19:03.929767208+03:00","Action":"pass","Package":"virmill.local/core/internal/app","Test":"TestVMPlansReportInterruptionAndStoppedEditRequirement/start","Elapsed":0}
{"Time":"2026-09-08T10:19:03.92977139+03:00","Action":"output","Package":"virmill.local/core/internal/app/network","Test":"TestDefinedPrefixesIPv4IPv6AndExplicitZero/IPv4_prefix","Output":"--- PASS: TestDefinedPrefixesIPv4IPv6AndExplicitZero/IPv4_prefix (0.00s)\n","OutputType":"frame"}
{"Time":"2026-09-08T10:19:03.929790757+03:00","Action":"pass","Package":"virmill.local/core/internal/app/network","Test":"TestDefinedPrefixesIPv4IPv6AndExplicitZero/IPv4_prefix","Elapsed":0}
{"Time":"2026-09-08T10:19:03.929793773+03:00","Action":"run","Package":"virmill.local/core/internal/app/network","Test":"TestDefinedPrefixesIPv4IPv6AndExplicitZero/IPv6_prefix"}
{"Time":"2026-09-08T10:19:03.92979513+03:00","Action":"output","Package":"virmill.local/core/internal/app/network","Test":"TestDefinedPrefixesIPv4IPv6AndExplicitZero/IPv6_prefix","Output":"=== RUN   TestDefinedPrefixesIPv4IPv6AndExplicitZero/IPv6_prefix\n","OutputType":"frame"}
{"Time":"2026-09-08T10:19:03.929800864+03:00","Action":"run","Package":"virmill.local/core/internal/app","Test":"TestVMPlansReportInterruptionAndStoppedEditRequirement/restore-saved"}
{"Time":"2026-09-08T10:19:03.929815742+03:00","Action":"output","Package":"virmill.local/core/internal/app","Test":"TestVMPlansReportInterruptionAndStoppedEditRequirement/restore-saved","Output":"=== RUN   TestVMPlansReportInterruptionAndStoppedEditRequirement/restore-saved\n","OutputType":"frame"}
{"Time":"2026-09-08T10:19:03.929966348+03:00","Action":"output","Package":"virmill.local/core/internal/app/network","Test":"TestDefinedPrefixesIPv4IPv6AndExplicitZero/IPv6_prefix","Output":"--- PASS: TestDefinedPrefixesIPv4IPv6AndExplicitZero/IPv6_prefix (0.00s)\n","OutputType":"frame"}
{"Time":"2026-09-08T10:19:03.929989572+03:00","Action":"pass","Package":"virmill.local/core/internal/app/network","Test":"TestDefinedPrefixesIPv4IPv6AndExplicitZero/IPv6_prefix","Elapsed":0}
{"Time":"2026-09-08T10:19:03.929998104+03:00","Action":"run","Package":"virmill.local/core/internal/app/network","Test":"TestDefinedPrefixesIPv4IPv6AndExplicitZero/IPv4_explicit_zero"}
{"Time":"2026-09-08T10:19:03.930004199+03:00","Action":"output","Package":"virmill.local/core/internal/app/network","Test":"TestDefinedPrefixesIPv4IPv6AndExplicitZero/IPv4_explicit_zero","Output":"=== RUN   TestDefinedPrefixesIPv4IPv6AndExplicitZero/IPv4_explicit_zero\n","OutputType":"frame"}
{"Time":"2026-09-08T10:19:03.930013925+03:00","Action":"output","Package":"virmill.local/core/internal/app/network","Test":"TestDefinedPrefixesIPv4IPv6AndExplicitZero/IPv4_explicit_zero","Output":"--- PASS: TestDefinedPrefixesIPv4IPv6AndExplicitZero/IPv4_explicit_zero (0.00s)\n","OutputType":"frame"}
{"Time":"2026-09-08T10:19:03.93001975+03:00","Action":"pass","Package":"virmill.local/core/internal/app/network","Test":"TestDefinedPrefixesIPv4IPv6AndExplicitZero/IPv4_explicit_zero","Elapsed":0}
{"Time":"2026-09-08T10:19:03.930025425+03:00","Action":"run","Package":"virmill.local/core/internal/app/network","Test":"TestDefinedPrefixesIPv4IPv6AndExplicitZero/IPv4_zero_netmask"}
{"Time":"2026-09-08T10:19:03.930029088+03:00","Action":"output","Package":"virmill.local/core/internal/app/network","Test":"TestDefinedPrefixesIPv4IPv6AndExplicitZero/IPv4_zero_netmask","Output":"=== RUN   TestDefinedPrefixesIPv4IPv6AndExplicitZero/IPv4_zero_netmask\n","OutputType":"frame"}
{"Time":"2026-09-08T10:19:03.930176735+03:00","Action":"output","Package":"virmill.local/core/internal/app/network","Test":"TestDefinedPrefixesIPv4IPv6AndExplicitZero/IPv4_zero_netmask","Output":"--- PASS: TestDefinedPrefixesIPv4IPv6AndExplicitZero/IPv4_zero_netmask (0.00s)\n","OutputType":"frame"}
{"Time":"2026-09-08T10:19:03.930193611+03:00","Action":"pass","Package":"virmill.local/core/internal/app/network","Test":"TestDefinedPrefixesIPv4IPv6AndExplicitZero/IPv4_zero_netmask","Elapsed":0}
{"Time":"2026-09-08T10:19:03.930199264+03:00","Action":"run","Package":"virmill.local/core/internal/app/network","Test":"TestDefinedPrefixesIPv4IPv6AndExplicitZero/IPv6_explicit_zero"}
{"Time":"2026-09-08T10:19:03.930203201+03:00","Action":"output","Package":"virmill.local/core/internal/app/network","Test":"TestDefinedPrefixesIPv4IPv6AndExplicitZero/IPv6_explicit_zero","Output":"=== RUN   TestDefinedPrefixesIPv4IPv6AndExplicitZero/IPv6_explicit_zero\n","OutputType":"frame"}
{"Time":"2026-09-08T10:19:03.930284217+03:00","Action":"output","Package":"virmill.local/core/internal/app/network","Test":"TestDefinedPrefixesIPv4IPv6AndExplicitZero/IPv6_explicit_zero","Output":"--- PASS: TestDefinedPrefixesIPv4IPv6AndExplicitZero/IPv6_explicit_zero (0.00s)\n","OutputType":"frame"}
{"Time":"2026-09-08T10:19:03.930289373+03:00","Action":"pass","Package":"virmill.local/core/internal/app/network","Test":"TestDefinedPrefixesIPv4IPv6AndExplicitZero/IPv6_explicit_zero","Elapsed":0}
{"Time":"2026-09-08T10:19:03.93029303+03:00","Action":"run","Package":"virmill.local/core/internal/app/network","Test":"TestDefinedPrefixesIPv4IPv6AndExplicitZero/host_prefixes"}
{"Time":"2026-09-08T10:19:03.930298131+03:00","Action":"output","Package":"virmill.local/core/internal/app/network","Test":"TestDefinedPrefixesIPv4IPv6AndExplicitZero/host_prefixes","Output":"=== RUN   TestDefinedPrefixesIPv4IPv6AndExplicitZero/host_prefixes\n","OutputType":"frame"}
{"Time":"2026-09-08T10:19:03.93043479+03:00","Action":"output","Package":"virmill.local/core/internal/app/network","Test":"TestDefinedPrefixesIPv4IPv6AndExplicitZero/host_prefixes","Output":"--- PASS: TestDefinedPrefixesIPv4IPv6AndExplicitZero/host_prefixes (0.00s)\n","OutputType":"frame"}
{"Time":"2026-09-08T10:19:03.930443792+03:00","Action":"pass","Package":"virmill.local/core/internal/app/network","Test":"TestDefinedPrefixesIPv4IPv6AndExplicitZero/host_prefixes","Elapsed":0}
{"Time":"2026-09-08T10:19:03.930484706+03:00","Action":"run","Package":"virmill.local/core/internal/app/network","Test":"TestDefinedPrefixesIPv4IPv6AndExplicitZero/full_IPv4_netmask"}
{"Time":"2026-09-08T10:19:03.930557059+03:00","Action":"output","Package":"virmill.local/core/internal/app/network","Test":"TestDefinedPrefixesIPv4IPv6AndExplicitZero/full_IPv4_netmask","Output":"=== RUN   TestDefinedPrefixesIPv4IPv6AndExplicitZero/full_IPv4_netmask\n","OutputType":"frame"}
{"Time":"2026-09-08T10:19:03.930591189+03:00","Action":"output","Package":"virmill.local/core/internal/app/network","Test":"TestDefinedPrefixesIPv4IPv6AndExplicitZero/full_IPv4_netmask","Output":"--- PASS: TestDefinedPrefixesIPv4IPv6AndExplicitZero/full_IPv4_netmask (0.00s)\n","OutputType":"frame"}
{"Time":"2026-09-08T10:19:03.9306013+03:00","Action":"pass","Package":"virmill.local/core/internal/app/network","Test":"TestDefinedPrefixesIPv4IPv6AndExplicitZero/full_IPv4_netmask","Elapsed":0}
{"Time":"2026-09-08T10:19:03.9306116+03:00","Action":"run","Package":"virmill.local/core/internal/app/network","Test":"TestDefinedPrefixesIPv4IPv6AndExplicitZero/no_host_layer_three"}
{"Time":"2026-09-08T10:19:03.930640594+03:00","Action":"output","Package":"virmill.local/core/internal/app/network","Test":"TestDefinedPrefixesIPv4IPv6AndExplicitZero/no_host_layer_three","Output":"=== RUN   TestDefinedPrefixesIPv4IPv6AndExplicitZero/no_host_layer_three\n","OutputType":"frame"}
{"Time":"2026-09-08T10:19:03.930647896+03:00","Action":"output","Package":"virmill.local/core/internal/app/network","Test":"TestDefinedPrefixesIPv4IPv6AndExplicitZero/no_host_layer_three","Output":"--- PASS: TestDefinedPrefixesIPv4IPv6AndExplicitZero/no_host_layer_three (0.00s)\n","OutputType":"frame"}
{"Time":"2026-09-08T10:19:03.930658015+03:00","Action":"pass","Package":"virmill.local/core/internal/app/network","Test":"TestDefinedPrefixesIPv4IPv6AndExplicitZero/no_host_layer_three","Elapsed":0}
{"Time":"2026-09-08T10:19:03.930662391+03:00","Action":"run","Package":"virmill.local/core/internal/app/network","Test":"TestDefinedPrefixesIPv4IPv6AndExplicitZero/only_direct_IP_and_route_declarations"}
{"Time":"2026-09-08T10:19:03.930665249+03:00","Action":"output","Package":"virmill.local/core/internal/app/network","Test":"TestDefinedPrefixesIPv4IPv6AndExplicitZero/only_direct_IP_and_route_declarations","Output":"=== RUN   TestDefinedPrefixesIPv4IPv6AndExplicitZero/only_direct_IP_and_route_declarations\n","OutputType":"frame"}
{"Time":"2026-09-08T10:19:03.930869882+03:00","Action":"output","Package":"virmill.local/core/internal/app/network","Test":"TestDefinedPrefixesIPv4IPv6AndExplicitZero/only_direct_IP_and_route_declarations","Output":"--- PASS: TestDefinedPrefixesIPv4IPv6AndExplicitZero/only_direct_IP_and_route_declarations (0.00s)\n","OutputType":"frame"}
{"Time":"2026-09-08T10:19:03.930891298+03:00","Action":"pass","Package":"virmill.local/core/internal/app/network","Test":"TestDefinedPrefixesIPv4IPv6AndExplicitZero/only_direct_IP_and_route_declarations","Elapsed":0}
{"Time":"2026-09-08T10:19:03.930914103+03:00","Action":"run","Package":"virmill.local/core/internal/app/network","Test":"TestDefinedPrefixesIPv4IPv6AndExplicitZero/XML_declaration_and_comments"}
{"Time":"2026-09-08T10:19:03.930921518+03:00","Action":"output","Package":"virmill.local/core/internal/app/network","Test":"TestDefinedPrefixesIPv4IPv6AndExplicitZero/XML_declaration_and_comments","Output":"=== RUN   TestDefinedPrefixesIPv4IPv6AndExplicitZero/XML_declaration_and_comments\n","OutputType":"frame"}
{"Time":"2026-09-08T10:19:03.930929611+03:00","Action":"output","Package":"virmill.local/core/internal/app/network","Test":"TestDefinedPrefixesIPv4IPv6AndExplicitZero/XML_declaration_and_comments","Output":"--- PASS: TestDefinedPrefixesIPv4IPv6AndExplicitZero/XML_declaration_and_comments (0.00s)\n","OutputType":"frame"}
{"Time":"2026-09-08T10:19:03.930934751+03:00","Action":"pass","Package":"virmill.local/core/internal/app/network","Test":"TestDefinedPrefixesIPv4IPv6AndExplicitZero/XML_declaration_and_comments","Elapsed":0}
{"Time":"2026-09-08T10:19:03.930941674+03:00","Action":"output","Package":"virmill.local/core/internal/app/network","Test":"TestDefinedPrefixesIPv4IPv6AndExplicitZero","Output":"--- PASS: TestDefinedPrefixesIPv4IPv6AndExplicitZero (0.00s)\n","OutputType":"frame"}
{"Time":"2026-09-08T10:19:03.930950923+03:00","Action":"pass","Package":"virmill.local/core/internal/app/network","Test":"TestDefinedPrefixesIPv4IPv6AndExplicitZero","Elapsed":0}
{"Time":"2026-09-08T10:19:03.930954991+03:00","Action":"run","Package":"virmill.local/core/internal/app/network","Test":"TestDefinedPrefixesKeepsLivePersistentAndOpaqueObservationsSeparate"}
{"Time":"2026-09-08T10:19:03.930957681+03:00","Action":"output","Package":"virmill.local/core/internal/app/network","Test":"TestDefinedPrefixesKeepsLivePersistentAndOpaqueObservationsSeparate","Output":"=== RUN   TestDefinedPrefixesKeepsLivePersistentAndOpaqueObservationsSeparate\n","OutputType":"frame"}
{"Time":"2026-09-08T10:19:03.931341236+03:00","Action":"output","Package":"virmill.local/core/internal/app/network","Test":"TestDefinedPrefixesKeepsLivePersistentAndOpaqueObservationsSeparate","Output":"--- PASS: TestDefinedPrefixesKeepsLivePersistentAndOpaqueObservationsSeparate (0.00s)\n","OutputType":"frame"}
{"Time":"2026-09-08T10:19:03.931350172+03:00","Action":"pass","Package":"virmill.local/core/internal/app/network","Test":"TestDefinedPrefixesKeepsLivePersistentAndOpaqueObservationsSeparate","Elapsed":0}
{"Time":"2026-09-08T10:19:03.931353652+03:00","Action":"run","Package":"virmill.local/core/internal/app/network","Test":"TestDefinedPrefixesRejectsMalformedAndAmbiguousDeclarations"}
{"Time":"2026-09-08T10:19:03.9313554+03:00","Action":"output","Package":"virmill.local/core/internal/app/network","Test":"TestDefinedPrefixesRejectsMalformedAndAmbiguousDeclarations","Output":"=== RUN   TestDefinedPrefixesRejectsMalformedAndAmbiguousDeclarations\n","OutputType":"frame"}
{"Time":"2026-09-08T10:19:03.931365347+03:00","Action":"run","Package":"virmill.local/core/internal/app/network","Test":"TestDefinedPrefixesRejectsMalformedAndAmbiguousDeclarations/text_outside"}
{"Time":"2026-09-08T10:19:03.931368696+03:00","Action":"output","Package":"virmill.local/core/internal/app/network","Test":"TestDefinedPrefixesRejectsMalformedAndAmbiguousDeclarations/text_outside","Output":"=== RUN   TestDefinedPrefixesRejectsMalformedAndAmbiguousDeclarations/text_outside\n","OutputType":"frame"}
{"Time":"2026-09-08T10:19:03.931424258+03:00","Action":"output","Package":"virmill.local/core/internal/app/network","Test":"TestDefinedPrefixesRejectsMalformedAndAmbiguousDeclarations/text_outside","Output":"--- PASS: TestDefinedPrefixesRejectsMalformedAndAmbiguousDeclarations/text_outside (0.00s)\n","OutputType":"frame"}
{"Time":"2026-09-08T10:19:03.93143569+03:00","Action":"pass","Package":"virmill.local/core/internal/app/network","Test":"TestDefinedPrefixesRejectsMalformedAndAmbiguousDeclarations/text_outside","Elapsed":0}
{"Time":"2026-09-08T10:19:03.931439507+03:00","Action":"run","Package":"virmill.local/core/internal/app/network","Test":"TestDefinedPrefixesRejectsMalformedAndAmbiguousDeclarations/foreign_prefix"}
{"Time":"2026-09-08T10:19:03.931441268+03:00","Action":"output","Package":"virmill.local/core/internal/app/network","Test":"TestDefinedPrefixesRejectsMalformedAndAmbiguousDeclarations/foreign_prefix","Output":"=== RUN   TestDefinedPrefixesRejectsMalformedAndAmbiguousDeclarations/foreign_prefix\n","OutputType":"frame"}
{"Time":"2026-09-08T10:19:03.931491956+03:00","Action":"output","Package":"virmill.local/core/internal/app/network","Test":"TestDefinedPrefixesRejectsMalformedAndAmbiguousDeclarations/foreign_prefix","Output":"--- PASS: TestDefinedPrefixesRejectsMalformedAndAmbiguousDeclarations/foreign_prefix (0.00s)\n","OutputType":"frame"}
{"Time":"2026-09-08T10:19:03.931498606+03:00","Action":"pass","Package":"virmill.local/core/internal/app/network","Test":"TestDefinedPrefixesRejectsMalformedAndAmbiguousDeclarations/foreign_prefix","Elapsed":0}
{"Time":"2026-09-08T10:19:03.931522025+03:00","Action":"run","Package":"virmill.local/core/internal/app/network","Test":"TestDefinedPrefixesRejectsMalformedAndAmbiguousDeclarations/duplicate_family"}
{"Time":"2026-09-08T10:19:03.931524338+03:00","Action":"output","Package":"virmill.local/core/internal/app/network","Test":"TestDefinedPrefixesRejectsMalformedAndAmbiguousDeclarations/duplicate_family","Output":"=== RUN   TestDefinedPrefixesRejectsMalformedAndAmbiguousDeclarations/duplicate_family\n","OutputType":"frame"}
{"Time":"2026-09-08T10:19:03.931571162+03:00","Action":"output","Package":"virmill.local/core/internal/app/network","Test":"TestDefinedPrefixesRejectsMalformedAndAmbiguousDeclarations/duplicate_family","Output":"--- PASS: TestDefinedPrefixesRejectsMalformedAndAmbiguousDeclarations/duplicate_family (0.00s)\n","OutputType":"frame"}
{"Time":"2026-09-08T10:19:03.931578866+03:00","Action":"pass","Package":"virmill.local/core/internal/app/network","Test":"TestDefinedPrefixesRejectsMalformedAndAmbiguousDeclarations/duplicate_family","Elapsed":0}
{"Time":"2026-09-08T10:19:03.93159019+03:00","Action":"run","Package":"virmill.local/core/internal/app/network","Test":"TestDefinedPrefixesRejectsMalformedAndAmbiguousDeclarations/explicit_empty_family"}
{"Time":"2026-09-08T10:19:03.931592661+03:00","Action":"output","Package":"virmill.local/core/internal/app/network","Test":"TestDefinedPrefixesRejectsMalformedAndAmbiguousDeclarations/explicit_empty_family","Output":"=== RUN   TestDefinedPrefixesRejectsMalformedAndAmbiguousDeclarations/explicit_empty_family\n","OutputType":"frame"}
{"Time":"2026-09-08T10:19:03.931637271+03:00","Action":"output","Package":"virmill.local/core/internal/app/network","Test":"TestDefinedPrefixesRejectsMalformedAndAmbiguousDeclarations/explicit_empty_family","Output":"--- PASS: TestDefinedPrefixesRejectsMalformedAndAmbiguousDeclarations/explicit_empty_family (0.00s)\n","OutputType":"frame"}
{"Time":"2026-09-08T10:19:03.931642086+03:00","Action":"pass","Package":"virmill.local/core/internal/app/network","Test":"TestDefinedPrefixesRejectsMalformedAndAmbiguousDeclarations/explicit_empty_family","Elapsed":0}
{"Time":"2026-09-08T10:19:03.931655873+03:00","Action":"run","Package":"virmill.local/core/internal/app/network","Test":"TestDefinedPrefixesRejectsMalformedAndAmbiguousDeclarations/empty_prefix"}
{"Time":"2026-09-08T10:19:03.931658061+03:00","Action":"output","Package":"virmill.local/core/internal/app/network","Test":"TestDefinedPrefixesRejectsMalformedAndAmbiguousDeclarations/empty_prefix","Output":"=== RUN   TestDefinedPrefixesRejectsMalformedAndAmbiguousDeclarations/empty_prefix\n","OutputType":"frame"}
{"Time":"2026-09-08T10:19:03.931706211+03:00","Action":"output","Package":"virmill.local/core/internal/app/network","Test":"TestDefinedPrefixesRejectsMalformedAndAmbiguousDeclarations/empty_prefix","Output":"--- PASS: TestDefinedPrefixesRejectsMalformedAndAmbiguousDeclarations/empty_prefix (0.00s)\n","OutputType":"frame"}
{"Time":"2026-09-08T10:19:03.931711045+03:00","Action":"pass","Package":"virmill.local/core/internal/app/network","Test":"TestDefinedPrefixesRejectsMalformedAndAmbiguousDeclarations/empty_prefix","Elapsed":0}
{"Time":"2026-09-08T10:19:03.931724104+03:00","Action":"run","Package":"virmill.local/core/internal/app/network","Test":"TestDefinedPrefixesRejectsMalformedAndAmbiguousDeclarations/wrong_root"}
{"Time":"2026-09-08T10:19:03.93172644+03:00","Action":"output","Package":"virmill.local/core/internal/app/network","Test":"TestDefinedPrefixesRejectsMalformedAndAmbiguousDeclarations/wrong_root","Output":"=== RUN   TestDefinedPrefixesRejectsMalformedAndAmbiguousDeclarations/wrong_root\n","OutputType":"frame"}
{"Time":"2026-09-08T10:19:03.931752184+03:00","Action":"output","Package":"virmill.local/core/internal/app/network","Test":"TestDefinedPrefixesRejectsMalformedAndAmbiguousDeclarations/wrong_root","Output":"--- PASS: TestDefinedPrefixesRejectsMalformedAndAmbiguousDeclarations/wrong_root (0.00s)\n","OutputType":"frame"}
{"Time":"2026-09-08T10:19:03.93175713+03:00","Action":"pass","Package":"virmill.local/core/internal/app/network","Test":"TestDefinedPrefixesRejectsMalformedAndAmbiguousDeclarations/wrong_root","Elapsed":0}
{"Time":"2026-09-08T10:19:03.931770293+03:00","Action":"run","Package":"virmill.local/core/internal/app/network","Test":"TestDefinedPrefixesRejectsMalformedAndAmbiguousDeclarations/IPv4_with_IPv6_mask"}
{"Time":"2026-09-08T10:19:03.931772451+03:00","Action":"output","Package":"virmill.local/core/internal/app/network","Test":"TestDefinedPrefixesRejectsMalformedAndAmbiguousDeclarations/IPv4_with_IPv6_mask","Output":"=== RUN   TestDefinedPrefixesRejectsMalformedAndAmbiguousDeclarations/IPv4_with_IPv6_mask\n","OutputType":"frame"}
{"Time":"2026-09-08T10:19:03.931815098+03:00","Action":"output","Package":"virmill.local/core/internal/app/network","Test":"TestDefinedPrefixesRejectsMalformedAndAmbiguousDeclarations/IPv4_with_IPv6_mask","Output":"--- PASS: TestDefinedPrefixesRejectsMalformedAndAmbiguousDeclarations/IPv4_with_IPv6_mask (0.00s)\n","OutputType":"frame"}
{"Time":"2026-09-08T10:19:03.931819994+03:00","Action":"pass","Package":"virmill.local/core/internal/app/network","Test":"TestDefinedPrefixesRejectsMalformedAndAmbiguousDeclarations/IPv4_with_IPv6_mask","Elapsed":0}
{"Time":"2026-09-08T10:19:03.931830404+03:00","Action":"run","Package":"virmill.local/core/internal/app/network","Test":"TestDefinedPrefixesRejectsMalformedAndAmbiguousDeclarations/whitespace_only"}
{"Time":"2026-09-08T10:19:03.931832475+03:00","Action":"output","Package":"virmill.local/core/internal/app/network","Test":"TestDefinedPrefixesRejectsMalformedAndAmbiguousDeclarations/whitespace_only","Output":"=== RUN   TestDefinedPrefixesRejectsMalformedAndAmbiguousDeclarations/whitespace_only\n","OutputType":"frame"}
{"Time":"2026-09-08T10:19:03.931859637+03:00","Action":"output","Package":"virmill.local/core/internal/app/network","Test":"TestDefinedPrefixesRejectsMalformedAndAmbiguousDeclarations/whitespace_only","Output":"--- PASS: TestDefinedPrefixesRejectsMalformedAndAmbiguousDeclarations/whitespace_only (0.00s)\n","OutputType":"frame"}
{"Time":"2026-09-08T10:19:03.931864815+03:00","Action":"pass","Package":"virmill.local/core/internal/app/network","Test":"TestDefinedPrefixesRejectsMalformedAndAmbiguousDeclarations/whitespace_only","Elapsed":0}
{"Time":"2026-09-08T10:19:03.931890731+03:00","Action":"run","Package":"virmill.local/core/internal/app/network","Test":"TestDefinedPrefixesRejectsMalformedAndAmbiguousDeclarations/invalid_address"}
{"Time":"2026-09-08T10:19:03.931909428+03:00","Action":"output","Package":"virmill.local/core/internal/app/network","Test":"TestDefinedPrefixesRejectsMalformedAndAmbiguousDeclarations/invalid_address","Output":"=== RUN   TestDefinedPrefixesRejectsMalformedAndAmbiguousDeclarations/invalid_address\n","OutputType":"frame"}
{"Time":"2026-09-08T10:19:03.93192264+03:00","Action":"output","Package":"virmill.local/core/internal/app/network","Test":"TestDefinedPrefixesRejectsMalformedAndAmbiguousDeclarations/invalid_address","Output":"--- PASS: TestDefinedPrefixesRejectsMalformedAndAmbiguousDeclarations/invalid_address (0.00s)\n","OutputType":"frame"}
{"Time":"2026-09-08T10:19:03.931931983+03:00","Action":"pass","Package":"virmill.local/core/internal/app/network","Test":"TestDefinedPrefixesRejectsMalformedAndAmbiguousDeclarations/invalid_address","Elapsed":0}
{"Time":"2026-09-08T10:19:03.931943159+03:00","Action":"run","Package":"virmill.local/core/internal/app/network","Test":"TestDefinedPrefixesRejectsMalformedAndAmbiguousDeclarations/no_explicit_IPv6_prefix"}
{"Time":"2026-09-08T10:19:03.9319471+03:00","Action":"output","Package":"virmill.local/core/internal/app/network","Test":"TestDefinedPrefixesRejectsMalformedAndAmbiguousDeclarations/no_explicit_IPv6_prefix","Output":"=== RUN   TestDefinedPrefixesRejectsMalformedAndAmbiguousDeclarations/no_explicit_IPv6_prefix\n","OutputType":"frame"}
{"Time":"2026-09-08T10:19:03.931991913+03:00","Action":"output","Package":"virmill.local/core/internal/app/network","Test":"TestDefinedPrefixesRejectsMalformedAndAmbiguousDeclarations/no_explicit_IPv6_prefix","Output":"--- PASS: TestDefinedPrefixesRejectsMalformedAndAmbiguousDeclarations/no_explicit_IPv6_prefix (0.00s)\n","OutputType":"frame"}
{"Time":"2026-09-08T10:19:03.932001923+03:00","Action":"pass","Package":"virmill.local/core/internal/app/network","Test":"TestDefinedPrefixesRejectsMalformedAndAmbiguousDeclarations/no_explicit_IPv6_prefix","Elapsed":0}
{"Time":"2026-09-08T10:19:03.932015513+03:00","Action":"run","Package":"virmill.local/core/internal/app/network","Test":"TestDefinedPrefixesRejectsMalformedAndAmbiguousDeclarations/external_entity"}
{"Time":"2026-09-08T10:19:03.932022551+03:00","Action":"output","Package":"virmill.local/core/internal/app/network","Test":"TestDefinedPrefixesRejectsMalformedAndAmbiguousDeclarations/external_entity","Output":"=== RUN   TestDefinedPrefixesRejectsMalformedAndAmbiguousDeclarations/external_entity\n","OutputType":"frame"}
{"Time":"2026-09-08T10:19:03.932057884+03:00","Action":"output","Package":"virmill.local/core/internal/app/network","Test":"TestDefinedPrefixesRejectsMalformedAndAmbiguousDeclarations/external_entity","Output":"--- PASS: TestDefinedPrefixesRejectsMalformedAndAmbiguousDeclarations/external_entity (0.00s)\n","OutputType":"frame"}
{"Time":"2026-09-08T10:19:03.932064546+03:00","Action":"pass","Package":"virmill.local/core/internal/app/network","Test":"TestDefinedPrefixesRejectsMalformedAndAmbiguousDeclarations/external_entity","Elapsed":0}
{"Time":"2026-09-08T10:19:03.932068476+03:00","Action":"run","Package":"virmill.local/core/internal/app/network","Test":"TestDefinedPrefixesRejectsMalformedAndAmbiguousDeclarations/foreign_netmask"}
{"Time":"2026-09-08T10:19:03.932070961+03:00","Action":"output","Package":"virmill.local/core/internal/app/network","Test":"TestDefinedPrefixesRejectsMalformedAndAmbiguousDeclarations/foreign_netmask","Output":"=== RUN   TestDefinedPrefixesRejectsMalformedAndAmbiguousDeclarations/foreign_netmask\n","OutputType":"frame"}
{"Time":"2026-09-08T10:19:03.932125963+03:00","Action":"output","Package":"virmill.local/core/internal/app/network","Test":"TestDefinedPrefixesRejectsMalformedAndAmbiguousDeclarations/foreign_netmask","Output":"--- PASS: TestDefinedPrefixesRejectsMalformedAndAmbiguousDeclarations/foreign_netmask (0.00s)\n","OutputType":"frame"}
{"Time":"2026-09-08T10:19:03.932132002+03:00","Action":"pass","Package":"virmill.local/core/internal/app/network","Test":"TestDefinedPrefixesRejectsMalformedAndAmbiguousDeclarations/foreign_netmask","Elapsed":0}
{"Time":"2026-09-08T10:19:03.932140116+03:00","Action":"run","Package":"virmill.local/core/internal/app/network","Test":"TestDefinedPrefixesRejectsMalformedAndAmbiguousDeclarations/foreign_family_beside_native"}
{"Time":"2026-09-08T10:19:03.932141654+03:00","Action":"output","Package":"virmill.local/core/internal/app/network","Test":"TestDefinedPrefixesRejectsMalformedAndAmbiguousDeclarations/foreign_family_beside_native","Output":"=== RUN   TestDefinedPrefixesRejectsMalformedAndAmbiguousDeclarations/foreign_family_beside_native\n","OutputType":"frame"}
{"Time":"2026-09-08T10:19:03.932199012+03:00","Action":"output","Package":"virmill.local/core/internal/app/network","Test":"TestDefinedPrefixesRejectsMalformedAndAmbiguousDeclarations/foreign_family_beside_native","Output":"--- PASS: TestDefinedPrefixesRejectsMalformedAndAmbiguousDeclarations/foreign_family_beside_native (0.00s)\n","OutputType":"frame"}
{"Time":"2026-09-08T10:19:03.932202196+03:00","Action":"pass","Package":"virmill.local/core/internal/app/network","Test":"TestDefinedPrefixesRejectsMalformedAndAmbiguousDeclarations/foreign_family_beside_native","Elapsed":0}
{"Time":"2026-09-08T10:19:03.932214408+03:00","Action":"run","Package":"virmill.local/core/internal/app/network","Test":"TestDefinedPrefixesRejectsMalformedAndAmbiguousDeclarations/root_namespace"}
{"Time":"2026-09-08T10:19:03.932216448+03:00","Action":"output","Package":"virmill.local/core/internal/app/network","Test":"TestDefinedPrefixesRejectsMalformedAndAmbiguousDeclarations/root_namespace","Output":"=== RUN   TestDefinedPrefixesRejectsMalformedAndAmbiguousDeclarations/root_namespace\n","OutputType":"frame"}
{"Time":"2026-09-08T10:19:03.932254852+03:00","Action":"output","Package":"virmill.local/core/internal/app/network","Test":"TestDefinedPrefixesRejectsMalformedAndAmbiguousDeclarations/root_namespace","Output":"--- PASS: TestDefinedPrefixesRejectsMalformedAndAmbiguousDeclarations/root_namespace (0.00s)\n","OutputType":"frame"}
{"Time":"2026-09-08T10:19:03.932257998+03:00","Action":"pass","Package":"virmill.local/core/internal/app/network","Test":"TestDefinedPrefixesRejectsMalformedAndAmbiguousDeclarations/root_namespace","Elapsed":0}
{"Time":"2026-09-08T10:19:03.932273936+03:00","Action":"run","Package":"virmill.local/core/internal/app/network","Test":"TestDefinedPrefixesRejectsMalformedAndAmbiguousDeclarations/duplicate_root_attribute"}
{"Time":"2026-09-08T10:19:03.932276026+03:00","Action":"output","Package":"virmill.local/core/internal/app/network","Test":"TestDefinedPrefixesRejectsMalformedAndAmbiguousDeclarations/duplicate_root_attribute","Output":"=== RUN   TestDefinedPrefixesRejectsMalformedAndAmbiguousDeclarations/duplicate_root_attribute\n","OutputType":"frame"}
{"Time":"2026-09-08T10:19:03.932308867+03:00","Action":"output","Package":"virmill.local/core/internal/app/network","Test":"TestDefinedPrefixesRejectsMalformedAndAmbiguousDeclarations/duplicate_root_attribute","Output":"--- PASS: TestDefinedPrefixesRejectsMalformedAndAmbiguousDeclarations/duplicate_root_attribute (0.00s)\n","OutputType":"frame"}
{"Time":"2026-09-08T10:19:03.932321903+03:00","Action":"pass","Package":"virmill.local/core/internal/app/network","Test":"TestDefinedPrefixesRejectsMalformedAndAmbiguousDeclarations/duplicate_root_attribute","Elapsed":0}
{"Time":"2026-09-08T10:19:03.932331822+03:00","Action":"run","Package":"virmill.local/core/internal/app/network","Test":"TestDefinedPrefixesRejectsMalformedAndAmbiguousDeclarations/foreign_address"}
{"Time":"2026-09-08T10:19:03.932334152+03:00","Action":"output","Package":"virmill.local/core/internal/app/network","Test":"TestDefinedPrefixesRejectsMalformedAndAmbiguousDeclarations/foreign_address","Output":"=== RUN   TestDefinedPrefixesRejectsMalformedAndAmbiguousDeclarations/foreign_address\n","OutputType":"frame"}
{"Time":"2026-09-08T10:19:03.932385662+03:00","Action":"output","Package":"virmill.local/core/internal/app/network","Test":"TestDefinedPrefixesRejectsMalformedAndAmbiguousDeclarations/foreign_address","Output":"--- PASS: TestDefinedPrefixesRejectsMalformedAndAmbiguousDeclarations/foreign_address (0.00s)\n","OutputType":"frame"}
{"Time":"2026-09-08T10:19:03.932390584+03:00","Action":"pass","Package":"virmill.local/core/internal/app/network","Test":"TestDefinedPrefixesRejectsMalformedAndAmbiguousDeclarations/foreign_address","Elapsed":0}
{"Time":"2026-09-08T10:19:03.932403415+03:00","Action":"run","Package":"virmill.local/core/internal/app/network","Test":"TestDefinedPrefixesRejectsMalformedAndAmbiguousDeclarations/unclosed"}
{"Time":"2026-09-08T10:19:03.932405435+03:00","Action":"output","Package":"virmill.local/core/internal/app/network","Test":"TestDefinedPrefixesRejectsMalformedAndAmbiguousDeclarations/unclosed","Output":"=== RUN   TestDefinedPrefixesRejectsMalformedAndAmbiguousDeclarations/unclosed\n","OutputType":"frame"}
{"Time":"2026-09-08T10:19:03.932430974+03:00","Action":"output","Package":"virmill.local/core/internal/app/network","Test":"TestDefinedPrefixesRejectsMalformedAndAmbiguousDeclarations/unclosed","Output":"--- PASS: TestDefinedPrefixesRejectsMalformedAndAmbiguousDeclarations/unclosed (0.00s)\n","OutputType":"frame"}
{"Time":"2026-09-08T10:19:03.932433861+03:00","Action":"pass","Package":"virmill.local/core/internal/app/network","Test":"TestDefinedPrefixesRejectsMalformedAndAmbiguousDeclarations/unclosed","Elapsed":0}
{"Time":"2026-09-08T10:19:03.932493535+03:00","Action":"run","Package":"virmill.local/core/internal/app/network","Test":"TestDefinedPrefixesRejectsMalformedAndAmbiguousDeclarations/malformed_attribute"}
{"Time":"2026-09-08T10:19:03.932495824+03:00","Action":"output","Package":"virmill.local/core/internal/app/network","Test":"TestDefinedPrefixesRejectsMalformedAndAmbiguousDeclarations/malformed_attribute","Output":"=== RUN   TestDefinedPrefixesRejectsMalformedAndAmbiguousDeclarations/malformed_attribute\n","OutputType":"frame"}
{"Time":"2026-09-08T10:19:03.932544906+03:00","Action":"output","Package":"virmill.local/core/internal/app/network","Test":"TestDefinedPrefixesRejectsMalformedAndAmbiguousDeclarations/malformed_attribute","Output":"--- PASS: TestDefinedPrefixesRejectsMalformedAndAmbiguousDeclarations/malformed_attribute (0.00s)\n","OutputType":"frame"}
{"Time":"2026-09-08T10:19:03.932555542+03:00","Action":"pass","Package":"virmill.local/core/internal/app/network","Test":"TestDefinedPrefixesRejectsMalformedAndAmbiguousDeclarations/malformed_attribute","Elapsed":0}
{"Time":"2026-09-08T10:19:03.932564554+03:00","Action":"run","Package":"virmill.local/core/internal/app/network","Test":"TestDefinedPrefixesRejectsMalformedAndAmbiguousDeclarations/no_explicit_IPv4_mask"}
{"Time":"2026-09-08T10:19:03.932567041+03:00","Action":"output","Package":"virmill.local/core/internal/app/network","Test":"TestDefinedPrefixesRejectsMalformedAndAmbiguousDeclarations/no_explicit_IPv4_mask","Output":"=== RUN   TestDefinedPrefixesRejectsMalformedAndAmbiguousDeclarations/no_explicit_IPv4_mask\n","OutputType":"frame"}
{"Time":"2026-09-08T10:19:03.932601813+03:00","Action":"output","Package":"virmill.local/core/internal/app/network","Test":"TestDefinedPrefixesRejectsMalformedAndAmbiguousDeclarations/no_explicit_IPv4_mask","Output":"--- PASS: TestDefinedPrefixesRejectsMalformedAndAmbiguousDeclarations/no_explicit_IPv4_mask (0.00s)\n","OutputType":"frame"}
{"Time":"2026-09-08T10:19:03.932606361+03:00","Action":"pass","Package":"virmill.local/core/internal/app/network","Test":"TestDefinedPrefixesRejectsMalformedAndAmbiguousDeclarations/no_explicit_IPv4_mask","Elapsed":0}
{"Time":"2026-09-08T10:19:03.932619835+03:00","Action":"run","Package":"virmill.local/core/internal/app/network","Test":"TestDefinedPrefixesRejectsMalformedAndAmbiguousDeclarations/integer_prefix_overflow"}
{"Time":"2026-09-08T10:19:03.932621962+03:00","Action":"output","Package":"virmill.local/core/internal/app/network","Test":"TestDefinedPrefixesRejectsMalformedAndAmbiguousDeclarations/integer_prefix_overflow","Output":"=== RUN   TestDefinedPrefixesRejectsMalformedAndAmbiguousDeclarations/integer_prefix_overflow\n","OutputType":"frame"}
{"Time":"2026-09-08T10:19:03.932664013+03:00","Action":"output","Package":"virmill.local/core/internal/app/network","Test":"TestDefinedPrefixesRejectsMalformedAndAmbiguousDeclarations/integer_prefix_overflow","Output":"--- PASS: TestDefinedPrefixesRejectsMalformedAndAmbiguousDeclarations/integer_prefix_overflow (0.00s)\n","OutputType":"frame"}
{"Time":"2026-09-08T10:19:03.932666693+03:00","Action":"pass","Package":"virmill.local/core/internal/app/network","Test":"TestDefinedPrefixesRejectsMalformedAndAmbiguousDeclarations/integer_prefix_overflow","Elapsed":0}
{"Time":"2026-09-08T10:19:03.932683018+03:00","Action":"run","Package":"virmill.local/core/internal/app/network","Test":"TestDefinedPrefixesRejectsMalformedAndAmbiguousDeclarations/short_mask"}
{"Time":"2026-09-08T10:19:03.932685113+03:00","Action":"output","Package":"virmill.local/core/internal/app/network","Test":"TestDefinedPrefixesRejectsMalformedAndAmbiguousDeclarations/short_mask","Output":"=== RUN   TestDefinedPrefixesRejectsMalformedAndAmbiguousDeclarations/short_mask\n","OutputType":"frame"}
{"Time":"2026-09-08T10:19:03.93272236+03:00","Action":"output","Package":"virmill.local/core/internal/app/network","Test":"TestDefinedPrefixesRejectsMalformedAndAmbiguousDeclarations/short_mask","Output":"--- PASS: TestDefinedPrefixesRejectsMalformedAndAmbiguousDeclarations/short_mask (0.00s)\n","OutputType":"frame"}
{"Time":"2026-09-08T10:19:03.932729594+03:00","Action":"pass","Package":"virmill.local/core/internal/app/network","Test":"TestDefinedPrefixesRejectsMalformedAndAmbiguousDeclarations/short_mask","Elapsed":0}
{"Time":"2026-09-08T10:19:03.932743395+03:00","Action":"run","Package":"virmill.local/core/internal/app/network","Test":"TestDefinedPrefixesRejectsMalformedAndAmbiguousDeclarations/foreign_IP_default_namespace"}
{"Time":"2026-09-08T10:19:03.932745428+03:00","Action":"output","Package":"virmill.local/core/internal/app/network","Test":"TestDefinedPrefixesRejectsMalformedAndAmbiguousDeclarations/foreign_IP_default_namespace","Output":"=== RUN   TestDefinedPrefixesRejectsMalformedAndAmbiguousDeclarations/foreign_IP_default_namespace\n","OutputType":"frame"}
{"Time":"2026-09-08T10:19:03.932790448+03:00","Action":"output","Package":"virmill.local/core/internal/app/network","Test":"TestDefinedPrefixesRejectsMalformedAndAmbiguousDeclarations/foreign_IP_default_namespace","Output":"--- PASS: TestDefinedPrefixesRejectsMalformedAndAmbiguousDeclarations/foreign_IP_default_namespace (0.00s)\n","OutputType":"frame"}
{"Time":"2026-09-08T10:19:03.932793771+03:00","Action":"pass","Package":"virmill.local/core/internal/app/network","Test":"TestDefinedPrefixesRejectsMalformedAndAmbiguousDeclarations/foreign_IP_default_namespace","Elapsed":0}
{"Time":"2026-09-08T10:19:03.932807542+03:00","Action":"run","Package":"virmill.local/core/internal/app/network","Test":"TestDefinedPrefixesRejectsMalformedAndAmbiguousDeclarations/multiple_roots"}
{"Time":"2026-09-08T10:19:03.932809428+03:00","Action":"output","Package":"virmill.local/core/internal/app/network","Test":"TestDefinedPrefixesRejectsMalformedAndAmbiguousDeclarations/multiple_roots","Output":"=== RUN   TestDefinedPrefixesRejectsMalformedAndAmbiguousDeclarations/multiple_roots\n","OutputType":"frame"}
{"Time":"2026-09-08T10:19:03.93284345+03:00","Action":"output","Package":"virmill.local/core/internal/app/network","Test":"TestDefinedPrefixesRejectsMalformedAndAmbiguousDeclarations/multiple_roots","Output":"--- PASS: TestDefinedPrefixesRejectsMalformedAndAmbiguousDeclarations/multiple_roots (0.00s)\n","OutputType":"frame"}
{"Time":"2026-09-08T10:19:03.932852363+03:00","Action":"pass","Package":"virmill.local/core/internal/app/network","Test":"TestDefinedPrefixesRejectsMalformedAndAmbiguousDeclarations/multiple_roots","Elapsed":0}
{"Time":"2026-09-08T10:19:03.932879491+03:00","Action":"run","Package":"virmill.local/core/internal/app/network","Test":"TestDefinedPrefixesRejectsMalformedAndAmbiguousDeclarations/invalid_Unicode"}
{"Time":"2026-09-08T10:19:03.932881544+03:00","Action":"output","Package":"virmill.local/core/internal/app/network","Test":"TestDefinedPrefixesRejectsMalformedAndAmbiguousDeclarations/invalid_Unicode","Output":"=== RUN   TestDefinedPrefixesRejectsMalformedAndAmbiguousDeclarations/invalid_Unicode\n","OutputType":"frame"}
{"Time":"2026-09-08T10:19:03.932912138+03:00","Action":"output","Package":"virmill.local/core/internal/app/network","Test":"TestDefinedPrefixesRejectsMalformedAndAmbiguousDeclarations/invalid_Unicode","Output":"--- PASS: TestDefinedPrefixesRejectsMalformedAndAmbiguousDeclarations/invalid_Unicode (0.00s)\n","OutputType":"frame"}
{"Time":"2026-09-08T10:19:03.932925236+03:00","Action":"pass","Package":"virmill.local/core/internal/app/network","Test":"TestDefinedPrefixesRejectsMalformedAndAmbiguousDeclarations/invalid_Unicode","Elapsed":0}
{"Time":"2026-09-08T10:19:03.932937581+03:00","Action":"run","Package":"virmill.local/core/internal/app/network","Test":"TestDefinedPrefixesRejectsMalformedAndAmbiguousDeclarations/noncontiguous_mask"}
{"Time":"2026-09-08T10:19:03.932939494+03:00","Action":"output","Package":"virmill.local/core/internal/app/network","Test":"TestDefinedPrefixesRejectsMalformedAndAmbiguousDeclarations/noncontiguous_mask","Output":"=== RUN   TestDefinedPrefixesRejectsMalformedAndAmbiguousDeclarations/noncontiguous_mask\n","OutputType":"frame"}
{"Time":"2026-09-08T10:19:03.932979298+03:00","Action":"output","Package":"virmill.local/core/internal/app/network","Test":"TestDefinedPrefixesRejectsMalformedAndAmbiguousDeclarations/noncontiguous_mask","Output":"--- PASS: TestDefinedPrefixesRejectsMalformedAndAmbiguousDeclarations/noncontiguous_mask (0.00s)\n","OutputType":"frame"}
{"Time":"2026-09-08T10:19:03.932988006+03:00","Action":"pass","Package":"virmill.local/core/internal/app/network","Test":"TestDefinedPrefixesRejectsMalformedAndAmbiguousDeclarations/noncontiguous_mask","Elapsed":0}
{"Time":"2026-09-08T10:19:03.932996491+03:00","Action":"run","Package":"virmill.local/core/internal/app/network","Test":"TestDefinedPrefixesRejectsMalformedAndAmbiguousDeclarations/DTD"}
{"Time":"2026-09-08T10:19:03.932998537+03:00","Action":"output","Package":"virmill.local/core/internal/app/network","Test":"TestDefinedPrefixesRejectsMalformedAndAmbiguousDeclarations/DTD","Output":"=== RUN   TestDefinedPrefixesRejectsMalformedAndAmbiguousDeclarations/DTD\n","OutputType":"frame"}
{"Time":"2026-09-08T10:19:03.933025176+03:00","Action":"output","Package":"virmill.local/core/internal/app/network","Test":"TestDefinedPrefixesRejectsMalformedAndAmbiguousDeclarations/DTD","Output":"--- PASS: TestDefinedPrefixesRejectsMalformedAndAmbiguousDeclarations/DTD (0.00s)\n","OutputType":"frame"}
{"Time":"2026-09-08T10:19:03.933029618+03:00","Action":"pass","Package":"virmill.local/core/internal/app/network","Test":"TestDefinedPrefixesRejectsMalformedAndAmbiguousDeclarations/DTD","Elapsed":0}
{"Time":"2026-09-08T10:19:03.933041471+03:00","Action":"run","Package":"virmill.local/core/internal/app/network","Test":"TestDefinedPrefixesRejectsMalformedAndAmbiguousDeclarations/duplicate_address"}
{"Time":"2026-09-08T10:19:03.933043603+03:00","Action":"output","Package":"virmill.local/core/internal/app/network","Test":"TestDefinedPrefixesRejectsMalformedAndAmbiguousDeclarations/duplicate_address","Output":"=== RUN   TestDefinedPrefixesRejectsMalformedAndAmbiguousDeclarations/duplicate_address\n","OutputType":"frame"}
{"Time":"2026-09-08T10:19:03.933086472+03:00","Action":"output","Package":"virmill.local/core/internal/app/network","Test":"TestDefinedPrefixesRejectsMalformedAndAmbiguousDeclarations/duplicate_address","Output":"--- PASS: TestDefinedPrefixesRejectsMalformedAndAmbiguousDeclarations/duplicate_address (0.00s)\n","OutputType":"frame"}
{"Time":"2026-09-08T10:19:03.933091226+03:00","Action":"pass","Package":"virmill.local/core/internal/app/network","Test":"TestDefinedPrefixesRejectsMalformedAndAmbiguousDeclarations/duplicate_address","Elapsed":0}
{"Time":"2026-09-08T10:19:03.933104202+03:00","Action":"run","Package":"virmill.local/core/internal/app/network","Test":"TestDefinedPrefixesRejectsMalformedAndAmbiguousDeclarations/duplicate_netmask"}
{"Time":"2026-09-08T10:19:03.933106237+03:00","Action":"output","Package":"virmill.local/core/internal/app/network","Test":"TestDefinedPrefixesRejectsMalformedAndAmbiguousDeclarations/duplicate_netmask","Output":"=== RUN   TestDefinedPrefixesRejectsMalformedAndAmbiguousDeclarations/duplicate_netmask\n","OutputType":"frame"}
{"Time":"2026-09-08T10:19:03.933145869+03:00","Action":"output","Package":"virmill.local/core/internal/app/network","Test":"TestDefinedPrefixesRejectsMalformedAndAmbiguousDeclarations/duplicate_netmask","Output":"--- PASS: TestDefinedPrefixesRejectsMalformedAndAmbiguousDeclarations/duplicate_netmask (0.00s)\n","OutputType":"frame"}
{"Time":"2026-09-08T10:19:03.933156228+03:00","Action":"pass","Package":"virmill.local/core/internal/app/network","Test":"TestDefinedPrefixesRejectsMalformedAndAmbiguousDeclarations/duplicate_netmask","Elapsed":0}
{"Time":"2026-09-08T10:19:03.933160865+03:00","Action":"run","Package":"virmill.local/core/internal/app/network","Test":"TestDefinedPrefixesRejectsMalformedAndAmbiguousDeclarations/both_masks"}
{"Time":"2026-09-08T10:19:03.933165195+03:00","Action":"output","Package":"virmill.local/core/internal/app/network","Test":"TestDefinedPrefixesRejectsMalformedAndAmbiguousDeclarations/both_masks","Output":"=== RUN   TestDefinedPrefixesRejectsMalformedAndAmbiguousDeclarations/both_masks\n","OutputType":"frame"}
{"Time":"2026-09-08T10:19:03.93320945+03:00","Action":"output","Package":"virmill.local/core/internal/app/network","Test":"TestDefinedPrefixesRejectsMalformedAndAmbiguousDeclarations/both_masks","Output":"--- PASS: TestDefinedPrefixesRejectsMalformedAndAmbiguousDeclarations/both_masks (0.00s)\n","OutputType":"frame"}
{"Time":"2026-09-08T10:19:03.93321755+03:00","Action":"pass","Package":"virmill.local/core/internal/app/network","Test":"TestDefinedPrefixesRejectsMalformedAndAmbiguousDeclarations/both_masks","Elapsed":0}
{"Time":"2026-09-08T10:19:03.933226359+03:00","Action":"run","Package":"virmill.local/core/internal/app/network","Test":"TestDefinedPrefixesRejectsMalformedAndAmbiguousDeclarations/IPv6_family_missing"}
{"Time":"2026-09-08T10:19:03.933228504+03:00","Action":"output","Package":"virmill.local/core/internal/app/network","Test":"TestDefinedPrefixesRejectsMalformedAndAmbiguousDeclarations/IPv6_family_missing","Output":"=== RUN   TestDefinedPrefixesRejectsMalformedAndAmbiguousDeclarations/IPv6_family_missing\n","OutputType":"frame"}
{"Time":"2026-09-08T10:19:03.933264135+03:00","Action":"output","Package":"virmill.local/core/internal/app/network","Test":"TestDefinedPrefixesRejectsMalformedAndAmbiguousDeclarations/IPv6_family_missing","Output":"--- PASS: TestDefinedPrefixesRejectsMalformedAndAmbiguousDeclarations/IPv6_family_missing (0.00s)\n","OutputType":"frame"}
{"Time":"2026-09-08T10:19:03.93327317+03:00","Action":"pass","Package":"virmill.local/core/internal/app/network","Test":"TestDefinedPrefixesRejectsMalformedAndAmbiguousDeclarations/IPv6_family_missing","Elapsed":0}
{"Time":"2026-09-08T10:19:03.93328339+03:00","Action":"run","Package":"virmill.local/core/internal/app/network","Test":"TestDefinedPrefixesRejectsMalformedAndAmbiguousDeclarations/empty_netmask"}
{"Time":"2026-09-08T10:19:03.933285412+03:00","Action":"output","Package":"virmill.local/core/internal/app/network","Test":"TestDefinedPrefixesRejectsMalformedAndAmbiguousDeclarations/empty_netmask","Output":"=== RUN   TestDefinedPrefixesRejectsMalformedAndAmbiguousDeclarations/empty_netmask\n","OutputType":"frame"}
{"Time":"2026-09-08T10:19:03.933328939+03:00","Action":"output","Package":"virmill.local/core/internal/app/network","Test":"TestDefinedPrefixesRejectsMalformedAndAmbiguousDeclarations/empty_netmask","Output":"--- PASS: TestDefinedPrefixesRejectsMalformedAndAmbiguousDeclarations/empty_netmask (0.00s)\n","OutputType":"frame"}
{"Time":"2026-09-08T10:19:03.933338407+03:00","Action":"pass","Package":"virmill.local/core/internal/app/network","Test":"TestDefinedPrefixesRejectsMalformedAndAmbiguousDeclarations/empty_netmask","Elapsed":0}
{"Time":"2026-09-08T10:19:03.933351311+03:00","Action":"run","Package":"virmill.local/core/internal/app/network","Test":"TestDefinedPrefixesRejectsMalformedAndAmbiguousDeclarations/prefixed_root"}
{"Time":"2026-09-08T10:19:03.933354582+03:00","Action":"output","Package":"virmill.local/core/internal/app/network","Test":"TestDefinedPrefixesRejectsMalformedAndAmbiguousDeclarations/prefixed_root","Output":"=== RUN   TestDefinedPrefixesRejectsMalformedAndAmbiguousDeclarations/prefixed_root\n","OutputType":"frame"}
{"Time":"2026-09-08T10:19:03.933387471+03:00","Action":"output","Package":"virmill.local/core/internal/app/network","Test":"TestDefinedPrefixesRejectsMalformedAndAmbiguousDeclarations/prefixed_root","Output":"--- PASS: TestDefinedPrefixesRejectsMalformedAndAmbiguousDeclarations/prefixed_root (0.00s)\n","OutputType":"frame"}
{"Time":"2026-09-08T10:19:03.933398988+03:00","Action":"pass","Package":"virmill.local/core/internal/app/network","Test":"TestDefinedPrefixesRejectsMalformedAndAmbiguousDeclarations/prefixed_root","Elapsed":0}
{"Time":"2026-09-08T10:19:03.933422552+03:00","Action":"run","Package":"virmill.local/core/internal/app/network","Test":"TestDefinedPrefixesRejectsMalformedAndAmbiguousDeclarations/duplicate_expanded_namespace_attribute"}
{"Time":"2026-09-08T10:19:03.933424859+03:00","Action":"output","Package":"virmill.local/core/internal/app/network","Test":"TestDefinedPrefixesRejectsMalformedAndAmbiguousDeclarations/duplicate_expanded_namespace_attribute","Output":"=== RUN   TestDefinedPrefixesRejectsMalformedAndAmbiguousDeclarations/duplicate_expanded_namespace_attribute\n","OutputType":"frame"}
{"Time":"2026-09-08T10:19:03.933466085+03:00","Action":"output","Package":"virmill.local/core/internal/app/network","Test":"TestDefinedPrefixesRejectsMalformedAndAmbiguousDeclarations/duplicate_expanded_namespace_attribute","Output":"--- PASS: TestDefinedPrefixesRejectsMalformedAndAmbiguousDeclarations/duplicate_expanded_namespace_attribute (0.00s)\n","OutputType":"frame"}
{"Time":"2026-09-08T10:19:03.933469532+03:00","Action":"pass","Package":"virmill.local/core/internal/app/network","Test":"TestDefinedPrefixesRejectsMalformedAndAmbiguousDeclarations/duplicate_expanded_namespace_attribute","Elapsed":0}
{"Time":"2026-09-08T10:19:03.933490117+03:00","Action":"run","Package":"virmill.local/core/internal/app/network","Test":"TestDefinedPrefixesRejectsMalformedAndAmbiguousDeclarations/foreign_prefix_beside_native"}
{"Time":"2026-09-08T10:19:03.933492389+03:00","Action":"output","Package":"virmill.local/core/internal/app/network","Test":"TestDefinedPrefixesRejectsMalformedAndAmbiguousDeclarations/foreign_prefix_beside_native","Output":"=== RUN   TestDefinedPrefixesRejectsMalformedAndAmbiguousDeclarations/foreign_prefix_beside_native\n","OutputType":"frame"}
{"Time":"2026-09-08T10:19:03.933528364+03:00","Action":"output","Package":"virmill.local/core/internal/app/network","Test":"TestDefinedPrefixesRejectsMalformedAndAmbiguousDeclarations/foreign_prefix_beside_native","Output":"--- PASS: TestDefinedPrefixesRejectsMalformedAndAmbiguousDeclarations/foreign_prefix_beside_native (0.00s)\n","OutputType":"frame"}
{"Time":"2026-09-08T10:19:03.933537754+03:00","Action":"pass","Package":"virmill.local/core/internal/app/network","Test":"TestDefinedPrefixesRejectsMalformedAndAmbiguousDeclarations/foreign_prefix_beside_native","Elapsed":0}
{"Time":"2026-09-08T10:19:03.933549652+03:00","Action":"run","Package":"virmill.local/core/internal/app/network","Test":"TestDefinedPrefixesRejectsMalformedAndAmbiguousDeclarations/zoned_IPv6"}
{"Time":"2026-09-08T10:19:03.933555884+03:00","Action":"output","Package":"virmill.local/core/internal/app/network","Test":"TestDefinedPrefixesRejectsMalformedAndAmbiguousDeclarations/zoned_IPv6","Output":"=== RUN   TestDefinedPrefixesRejectsMalformedAndAmbiguousDeclarations/zoned_IPv6\n","OutputType":"frame"}
{"Time":"2026-09-08T10:19:03.933600267+03:00","Action":"output","Package":"virmill.local/core/internal/app/network","Test":"TestDefinedPrefixesRejectsMalformedAndAmbiguousDeclarations/zoned_IPv6","Output":"--- PASS: TestDefinedPrefixesRejectsMalformedAndAmbiguousDeclarations/zoned_IPv6 (0.00s)\n","OutputType":"frame"}
{"Time":"2026-09-08T10:19:03.933609194+03:00","Action":"pass","Package":"virmill.local/core/internal/app/network","Test":"TestDefinedPrefixesRejectsMalformedAndAmbiguousDeclarations/zoned_IPv6","Elapsed":0}
{"Time":"2026-09-08T10:19:03.933627725+03:00","Action":"run","Package":"virmill.local/core/internal/app/network","Test":"TestDefinedPrefixesRejectsMalformedAndAmbiguousDeclarations/mapped_IPv6"}
{"Time":"2026-09-08T10:19:03.93362994+03:00","Action":"output","Package":"virmill.local/core/internal/app/network","Test":"TestDefinedPrefixesRejectsMalformedAndAmbiguousDeclarations/mapped_IPv6","Output":"=== RUN   TestDefinedPrefixesRejectsMalformedAndAmbiguousDeclarations/mapped_IPv6\n","OutputType":"frame"}
{"Time":"2026-09-08T10:19:03.933671003+03:00","Action":"output","Package":"virmill.local/core/internal/app/network","Test":"TestDefinedPrefixesRejectsMalformedAndAmbiguousDeclarations/mapped_IPv6","Output":"--- PASS: TestDefinedPrefixesRejectsMalformedAndAmbiguousDeclarations/mapped_IPv6 (0.00s)\n","OutputType":"frame"}
{"Time":"2026-09-08T10:19:03.933679585+03:00","Action":"pass","Package":"virmill.local/core/internal/app/network","Test":"TestDefinedPrefixesRejectsMalformedAndAmbiguousDeclarations/mapped_IPv6","Elapsed":0}
{"Time":"2026-09-08T10:19:03.933691493+03:00","Action":"run","Package":"virmill.local/core/internal/app/network","Test":"TestDefinedPrefixesRejectsMalformedAndAmbiguousDeclarations/empty"}
{"Time":"2026-09-08T10:19:03.933697622+03:00","Action":"output","Package":"virmill.local/core/internal/app/network","Test":"TestDefinedPrefixesRejectsMalformedAndAmbiguousDeclarations/empty","Output":"=== RUN   TestDefinedPrefixesRejectsMalformedAndAmbiguousDeclarations/empty\n","OutputType":"frame"}
{"Time":"2026-09-08T10:19:03.933727821+03:00","Action":"output","Package":"virmill.local/core/internal/app/network","Test":"TestDefinedPrefixesRejectsMalformedAndAmbiguousDeclarations/empty","Output":"--- PASS: TestDefinedPrefixesRejectsMalformedAndAmbiguousDeclarations/empty (0.00s)\n","OutputType":"frame"}
{"Time":"2026-09-08T10:19:03.933731475+03:00","Action":"pass","Package":"virmill.local/core/internal/app/network","Test":"TestDefinedPrefixesRejectsMalformedAndAmbiguousDeclarations/empty","Elapsed":0}
{"Time":"2026-09-08T10:19:03.933742836+03:00","Action":"run","Package":"virmill.local/core/internal/app/network","Test":"TestDefinedPrefixesRejectsMalformedAndAmbiguousDeclarations/IPv4_prefix_overflow"}
{"Time":"2026-09-08T10:19:03.933744968+03:00","Action":"output","Package":"virmill.local/core/internal/app/network","Test":"TestDefinedPrefixesRejectsMalformedAndAmbiguousDeclarations/IPv4_prefix_overflow","Output":"=== RUN   TestDefinedPrefixesRejectsMalformedAndAmbiguousDeclarations/IPv4_prefix_overflow\n","OutputType":"frame"}
{"Time":"2026-09-08T10:19:03.933783755+03:00","Action":"output","Package":"virmill.local/core/internal/app/network","Test":"TestDefinedPrefixesRejectsMalformedAndAmbiguousDeclarations/IPv4_prefix_overflow","Output":"--- PASS: TestDefinedPrefixesRejectsMalformedAndAmbiguousDeclarations/IPv4_prefix_overflow (0.00s)\n","OutputType":"frame"}
{"Time":"2026-09-08T10:19:03.933790006+03:00","Action":"pass","Package":"virmill.local/core/internal/app/network","Test":"TestDefinedPrefixesRejectsMalformedAndAmbiguousDeclarations/IPv4_prefix_overflow","Elapsed":0}
{"Time":"2026-09-08T10:19:03.933814038+03:00","Action":"run","Package":"virmill.local/core/internal/app/network","Test":"TestDefinedPrefixesRejectsMalformedAndAmbiguousDeclarations/partial_result_followed_by_invalid_IP"}
{"Time":"2026-09-08T10:19:03.933825364+03:00","Action":"output","Package":"virmill.local/core/internal/app/network","Test":"TestDefinedPrefixesRejectsMalformedAndAmbiguousDeclarations/partial_result_followed_by_invalid_IP","Output":"=== RUN   TestDefinedPrefixesRejectsMalformedAndAmbiguousDeclarations/partial_result_followed_by_invalid_IP\n","OutputType":"frame"}
{"Time":"2026-09-08T10:19:03.93386779+03:00","Action":"output","Package":"virmill.local/core/internal/app/network","Test":"TestDefinedPrefixesRejectsMalformedAndAmbiguousDeclarations/partial_result_followed_by_invalid_IP","Output":"--- PASS: TestDefinedPrefixesRejectsMalformedAndAmbiguousDeclarations/partial_result_followed_by_invalid_IP (0.00s)\n","OutputType":"frame"}
{"Time":"2026-09-08T10:19:03.933875954+03:00","Action":"pass","Package":"virmill.local/core/internal/app/network","Test":"TestDefinedPrefixesRejectsMalformedAndAmbiguousDeclarations/partial_result_followed_by_invalid_IP","Elapsed":0}
{"Time":"2026-09-08T10:19:03.933880505+03:00","Action":"run","Package":"virmill.local/core/internal/app/network","Test":"TestDefinedPrefixesRejectsMalformedAndAmbiguousDeclarations/foreign_IP_element"}
{"Time":"2026-09-08T10:19:03.93388509+03:00","Action":"output","Package":"virmill.local/core/internal/app/network","Test":"TestDefinedPrefixesRejectsMalformedAndAmbiguousDeclarations/foreign_IP_element","Output":"=== RUN   TestDefinedPrefixesRejectsMalformedAndAmbiguousDeclarations/foreign_IP_element\n","OutputType":"frame"}
{"Time":"2026-09-08T10:19:03.933925344+03:00","Action":"output","Package":"virmill.local/core/internal/app/network","Test":"TestDefinedPrefixesRejectsMalformedAndAmbiguousDeclarations/foreign_IP_element","Output":"--- PASS: TestDefinedPrefixesRejectsMalformedAndAmbiguousDeclarations/foreign_IP_element (0.00s)\n","OutputType":"frame"}
{"Time":"2026-09-08T10:19:03.933930379+03:00","Action":"pass","Package":"virmill.local/core/internal/app/network","Test":"TestDefinedPrefixesRejectsMalformedAndAmbiguousDeclarations/foreign_IP_element","Elapsed":0}
{"Time":"2026-09-08T10:19:03.933943806+03:00","Action":"run","Package":"virmill.local/core/internal/app/network","Test":"TestDefinedPrefixesRejectsMalformedAndAmbiguousDeclarations/duplicate_prefix"}
{"Time":"2026-09-08T10:19:03.933946381+03:00","Action":"output","Package":"virmill.local/core/internal/app/network","Test":"TestDefinedPrefixesRejectsMalformedAndAmbiguousDeclarations/duplicate_prefix","Output":"=== RUN   TestDefinedPrefixesRejectsMalformedAndAmbiguousDeclarations/duplicate_prefix\n","OutputType":"frame"}
{"Time":"2026-09-08T10:19:03.933984585+03:00","Action":"output","Package":"virmill.local/core/internal/app/network","Test":"TestDefinedPrefixesRejectsMalformedAndAmbiguousDeclarations/duplicate_prefix","Output":"--- PASS: TestDefinedPrefixesRejectsMalformedAndAmbiguousDeclarations/duplicate_prefix (0.00s)\n","OutputType":"frame"}
{"Time":"2026-09-08T10:19:03.933994024+03:00","Action":"pass","Package":"virmill.local/core/internal/app/network","Test":"TestDefinedPrefixesRejectsMalformedAndAmbiguousDeclarations/duplicate_prefix","Elapsed":0}
{"Time":"2026-09-08T10:19:03.934008708+03:00","Action":"run","Package":"virmill.local/core/internal/app/network","Test":"TestDefinedPrefixesRejectsMalformedAndAmbiguousDeclarations/address_contains_prefix"}
{"Time":"2026-09-08T10:19:03.934011113+03:00","Action":"output","Package":"virmill.local/core/internal/app/network","Test":"TestDefinedPrefixesRejectsMalformedAndAmbiguousDeclarations/address_contains_prefix","Output":"=== RUN   TestDefinedPrefixesRejectsMalformedAndAmbiguousDeclarations/address_contains_prefix\n","OutputType":"frame"}
{"Time":"2026-09-08T10:19:03.934050682+03:00","Action":"output","Package":"virmill.local/core/internal/app/network","Test":"TestDefinedPrefixesRejectsMalformedAndAmbiguousDeclarations/address_contains_prefix","Output":"--- PASS: TestDefinedPrefixesRejectsMalformedAndAmbiguousDeclarations/address_contains_prefix (0.00s)\n","OutputType":"frame"}
{"Time":"2026-09-08T10:19:03.934053645+03:00","Action":"pass","Package":"virmill.local/core/internal/app/network","Test":"TestDefinedPrefixesRejectsMalformedAndAmbiguousDeclarations/address_contains_prefix","Elapsed":0}
{"Time":"2026-09-08T10:19:03.93407359+03:00","Action":"run","Package":"virmill.local/core/internal/app/network","Test":"TestDefinedPrefixesRejectsMalformedAndAmbiguousDeclarations/negative_prefix"}
{"Time":"2026-09-08T10:19:03.934075796+03:00","Action":"output","Package":"virmill.local/core/internal/app/network","Test":"TestDefinedPrefixesRejectsMalformedAndAmbiguousDeclarations/negative_prefix","Output":"=== RUN   TestDefinedPrefixesRejectsMalformedAndAmbiguousDeclarations/negative_prefix\n","OutputType":"frame"}
{"Time":"2026-09-08T10:19:03.934112772+03:00","Action":"output","Package":"virmill.local/core/internal/app/network","Test":"TestDefinedPrefixesRejectsMalformedAndAmbiguousDeclarations/negative_prefix","Output":"--- PASS: TestDefinedPrefixesRejectsMalformedAndAmbiguousDeclarations/negative_prefix (0.00s)\n","OutputType":"frame"}
{"Time":"2026-09-08T10:19:03.934115782+03:00","Action":"pass","Package":"virmill.local/core/internal/app/network","Test":"TestDefinedPrefixesRejectsMalformedAndAmbiguousDeclarations/negative_prefix","Elapsed":0}
{"Time":"2026-09-08T10:19:03.934125843+03:00","Action":"run","Package":"virmill.local/core/internal/app/network","Test":"TestDefinedPrefixesRejectsMalformedAndAmbiguousDeclarations/signed_prefix"}
{"Time":"2026-09-08T10:19:03.934128029+03:00","Action":"output","Package":"virmill.local/core/internal/app/network","Test":"TestDefinedPrefixesRejectsMalformedAndAmbiguousDeclarations/signed_prefix","Output":"=== RUN   TestDefinedPrefixesRejectsMalformedAndAmbiguousDeclarations/signed_prefix\n","OutputType":"frame"}
{"Time":"2026-09-08T10:19:03.93422504+03:00","Action":"output","Package":"virmill.local/core/internal/app/network","Test":"TestDefinedPrefixesRejectsMalformedAndAmbiguousDeclarations/signed_prefix","Output":"--- PASS: TestDefinedPrefixesRejectsMalformedAndAmbiguousDeclarations/signed_prefix (0.00s)\n","OutputType":"frame"}
{"Time":"2026-09-08T10:19:03.934230403+03:00","Action":"pass","Package":"virmill.local/core/internal/app/network","Test":"TestDefinedPrefixesRejectsMalformedAndAmbiguousDeclarations/signed_prefix","Elapsed":0}
{"Time":"2026-09-08T10:19:03.934245284+03:00","Action":"run","Package":"virmill.local/core/internal/app/network","Test":"TestDefinedPrefixesRejectsMalformedAndAmbiguousDeclarations/whitespace_prefix"}
{"Time":"2026-09-08T10:19:03.934246781+03:00","Action":"output","Package":"virmill.local/core/internal/app/network","Test":"TestDefinedPrefixesRejectsMalformedAndAmbiguousDeclarations/whitespace_prefix","Output":"=== RUN   TestDefinedPrefixesRejectsMalformedAndAmbiguousDeclarations/whitespace_prefix\n","OutputType":"frame"}
{"Time":"2026-09-08T10:19:03.934288904+03:00","Action":"output","Package":"virmill.local/core/internal/app/network","Test":"TestDefinedPrefixesRejectsMalformedAndAmbiguousDeclarations/whitespace_prefix","Output":"--- PASS: TestDefinedPrefixesRejectsMalformedAndAmbiguousDeclarations/whitespace_prefix (0.00s)\n","OutputType":"frame"}
{"Time":"2026-09-08T10:19:03.934292038+03:00","Action":"pass","Package":"virmill.local/core/internal/app/network","Test":"TestDefinedPrefixesRejectsMalformedAndAmbiguousDeclarations/whitespace_prefix","Elapsed":0}
{"Time":"2026-09-08T10:19:03.934306175+03:00","Action":"run","Package":"virmill.local/core/internal/app/network","Test":"TestDefinedPrefixesRejectsMalformedAndAmbiguousDeclarations/IPv6_netmask"}
{"Time":"2026-09-08T10:19:03.934307778+03:00","Action":"output","Package":"virmill.local/core/internal/app/network","Test":"TestDefinedPrefixesRejectsMalformedAndAmbiguousDeclarations/IPv6_netmask","Output":"=== RUN   TestDefinedPrefixesRejectsMalformedAndAmbiguousDeclarations/IPv6_netmask\n","OutputType":"frame"}
{"Time":"2026-09-08T10:19:03.934362883+03:00","Action":"output","Package":"virmill.local/core/internal/app/network","Test":"TestDefinedPrefixesRejectsMalformedAndAmbiguousDeclarations/IPv6_netmask","Output":"--- PASS: TestDefinedPrefixesRejectsMalformedAndAmbiguousDeclarations/IPv6_netmask (0.00s)\n","OutputType":"frame"}
{"Time":"2026-09-08T10:19:03.934372031+03:00","Action":"pass","Package":"virmill.local/core/internal/app/network","Test":"TestDefinedPrefixesRejectsMalformedAndAmbiguousDeclarations/IPv6_netmask","Elapsed":0}
{"Time":"2026-09-08T10:19:03.93438125+03:00","Action":"run","Package":"virmill.local/core/internal/app/network","Test":"TestDefinedPrefixesRejectsMalformedAndAmbiguousDeclarations/empty_address"}
{"Time":"2026-09-08T10:19:03.934383107+03:00","Action":"output","Package":"virmill.local/core/internal/app/network","Test":"TestDefinedPrefixesRejectsMalformedAndAmbiguousDeclarations/empty_address","Output":"=== RUN   TestDefinedPrefixesRejectsMalformedAndAmbiguousDeclarations/empty_address\n","OutputType":"frame"}
{"Time":"2026-09-08T10:19:03.934419231+03:00","Action":"output","Package":"virmill.local/core/internal/app/network","Test":"TestDefinedPrefixesRejectsMalformedAndAmbiguousDeclarations/empty_address","Output":"--- PASS: TestDefinedPrefixesRejectsMalformedAndAmbiguousDeclarations/empty_address (0.00s)\n","OutputType":"frame"}
{"Time":"2026-09-08T10:19:03.934427399+03:00","Action":"pass","Package":"virmill.local/core/internal/app/network","Test":"TestDefinedPrefixesRejectsMalformedAndAmbiguousDeclarations/empty_address","Elapsed":0}
{"Time":"2026-09-08T10:19:03.934442047+03:00","Action":"run","Package":"virmill.local/core/internal/app/network","Test":"TestDefinedPrefixesRejectsMalformedAndAmbiguousDeclarations/empty_prefix_with_netmask"}
{"Time":"2026-09-08T10:19:03.93444374+03:00","Action":"output","Package":"virmill.local/core/internal/app/network","Test":"TestDefinedPrefixesRejectsMalformedAndAmbiguousDeclarations/empty_prefix_with_netmask","Output":"=== RUN   TestDefinedPrefixesRejectsMalformedAndAmbiguousDeclarations/empty_prefix_with_netmask\n","OutputType":"frame"}
{"Time":"2026-09-08T10:19:03.934487627+03:00","Action":"output","Package":"virmill.local/core/internal/app/network","Test":"TestDefinedPrefixesRejectsMalformedAndAmbiguousDeclarations/empty_prefix_with_netmask","Output":"--- PASS: TestDefinedPrefixesRejectsMalformedAndAmbiguousDeclarations/empty_prefix_with_netmask (0.00s)\n","OutputType":"frame"}
{"Time":"2026-09-08T10:19:03.934491306+03:00","Action":"pass","Package":"virmill.local/core/internal/app/network","Test":"TestDefinedPrefixesRejectsMalformedAndAmbiguousDeclarations/empty_prefix_with_netmask","Elapsed":0}
{"Time":"2026-09-08T10:19:03.934502838+03:00","Action":"run","Package":"virmill.local/core/internal/app/network","Test":"TestDefinedPrefixesRejectsMalformedAndAmbiguousDeclarations/missing_address"}
{"Time":"2026-09-08T10:19:03.934505053+03:00","Action":"output","Package":"virmill.local/core/internal/app/network","Test":"TestDefinedPrefixesRejectsMalformedAndAmbiguousDeclarations/missing_address","Output":"=== RUN   TestDefinedPrefixesRejectsMalformedAndAmbiguousDeclarations/missing_address\n","OutputType":"frame"}
{"Time":"2026-09-08T10:19:03.934541744+03:00","Action":"output","Package":"virmill.local/core/internal/app/network","Test":"TestDefinedPrefixesRejectsMalformedAndAmbiguousDeclarations/missing_address","Output":"--- PASS: TestDefinedPrefixesRejectsMalformedAndAmbiguousDeclarations/missing_address (0.00s)\n","OutputType":"frame"}
{"Time":"2026-09-08T10:19:03.934544698+03:00","Action":"pass","Package":"virmill.local/core/internal/app/network","Test":"TestDefinedPrefixesRejectsMalformedAndAmbiguousDeclarations/missing_address","Elapsed":0}
{"Time":"2026-09-08T10:19:03.93455584+03:00","Action":"run","Package":"virmill.local/core/internal/app/network","Test":"TestDefinedPrefixesRejectsMalformedAndAmbiguousDeclarations/IPv6_family_mismatch"}
{"Time":"2026-09-08T10:19:03.934557439+03:00","Action":"output","Package":"virmill.local/core/internal/app/network","Test":"TestDefinedPrefixesRejectsMalformedAndAmbiguousDeclarations/IPv6_family_mismatch","Output":"=== RUN   TestDefinedPrefixesRejectsMalformedAndAmbiguousDeclarations/IPv6_family_mismatch\n","OutputType":"frame"}
{"Time":"2026-09-08T10:19:03.934617741+03:00","Action":"output","Package":"virmill.local/core/internal/app/network","Test":"TestDefinedPrefixesRejectsMalformedAndAmbiguousDeclarations/IPv6_family_mismatch","Output":"--- PASS: TestDefinedPrefixesRejectsMalformedAndAmbiguousDeclarations/IPv6_family_mismatch (0.00s)\n","OutputType":"frame"}
{"Time":"2026-09-08T10:19:03.934621135+03:00","Action":"pass","Package":"virmill.local/core/internal/app/network","Test":"TestDefinedPrefixesRejectsMalformedAndAmbiguousDeclarations/IPv6_family_mismatch","Elapsed":0}
{"Time":"2026-09-08T10:19:03.934629633+03:00","Action":"run","Package":"virmill.local/core/internal/app/network","Test":"TestDefinedPrefixesRejectsMalformedAndAmbiguousDeclarations/unknown_family"}
{"Time":"2026-09-08T10:19:03.934631511+03:00","Action":"output","Package":"virmill.local/core/internal/app/network","Test":"TestDefinedPrefixesRejectsMalformedAndAmbiguousDeclarations/unknown_family","Output":"=== RUN   TestDefinedPrefixesRejectsMalformedAndAmbiguousDeclarations/unknown_family\n","OutputType":"frame"}
{"Time":"2026-09-08T10:19:03.934680575+03:00","Action":"output","Package":"virmill.local/core/internal/app/network","Test":"TestDefinedPrefixesRejectsMalformedAndAmbiguousDeclarations/unknown_family","Output":"--- PASS: TestDefinedPrefixesRejectsMalformedAndAmbiguousDeclarations/unknown_family (0.00s)\n","OutputType":"frame"}
{"Time":"2026-09-08T10:19:03.93468843+03:00","Action":"pass","Package":"virmill.local/core/internal/app/network","Test":"TestDefinedPrefixesRejectsMalformedAndAmbiguousDeclarations/unknown_family","Elapsed":0}
{"Time":"2026-09-08T10:19:03.934698413+03:00","Action":"run","Package":"virmill.local/core/internal/app/network","Test":"TestDefinedPrefixesRejectsMalformedAndAmbiguousDeclarations/leading_zero_prefix"}
{"Time":"2026-09-08T10:19:03.934700564+03:00","Action":"output","Package":"virmill.local/core/internal/app/network","Test":"TestDefinedPrefixesRejectsMalformedAndAmbiguousDeclarations/leading_zero_prefix","Output":"=== RUN   TestDefinedPrefixesRejectsMalformedAndAmbiguousDeclarations/leading_zero_prefix\n","OutputType":"frame"}
{"Time":"2026-09-08T10:19:03.934741106+03:00","Action":"output","Package":"virmill.local/core/internal/app/network","Test":"TestDefinedPrefixesRejectsMalformedAndAmbiguousDeclarations/leading_zero_prefix","Output":"--- PASS: TestDefinedPrefixesRejectsMalformedAndAmbiguousDeclarations/leading_zero_prefix (0.00s)\n","OutputType":"frame"}
{"Time":"2026-09-08T10:19:03.934750174+03:00","Action":"pass","Package":"virmill.local/core/internal/app/network","Test":"TestDefinedPrefixesRejectsMalformedAndAmbiguousDeclarations/leading_zero_prefix","Elapsed":0}
{"Time":"2026-09-08T10:19:03.934761183+03:00","Action":"run","Package":"virmill.local/core/internal/app/network","Test":"TestDefinedPrefixesRejectsMalformedAndAmbiguousDeclarations/undefined_entity"}
{"Time":"2026-09-08T10:19:03.934763223+03:00","Action":"output","Package":"virmill.local/core/internal/app/network","Test":"TestDefinedPrefixesRejectsMalformedAndAmbiguousDeclarations/undefined_entity","Output":"=== RUN   TestDefinedPrefixesRejectsMalformedAndAmbiguousDeclarations/undefined_entity\n","OutputType":"frame"}
{"Time":"2026-09-08T10:19:03.934800923+03:00","Action":"output","Package":"virmill.local/core/internal/app/network","Test":"TestDefinedPrefixesRejectsMalformedAndAmbiguousDeclarations/undefined_entity","Output":"--- PASS: TestDefinedPrefixesRejectsMalformedAndAmbiguousDeclarations/undefined_entity (0.00s)\n","OutputType":"frame"}
{"Time":"2026-09-08T10:19:03.934806041+03:00","Action":"pass","Package":"virmill.local/core/internal/app/network","Test":"TestDefinedPrefixesRejectsMalformedAndAmbiguousDeclarations/undefined_entity","Elapsed":0}
{"Time":"2026-09-08T10:19:03.934806543+03:00","Action":"output","Package":"virmill.local/core/internal/app","Test":"TestVMPlansReportInterruptionAndStoppedEditRequirement/restore-saved","Output":"--- PASS: TestVMPlansReportInterruptionAndStoppedEditRequirement/restore-saved (0.00s)\n","OutputType":"frame"}
{"Time":"2026-09-08T10:19:03.934826498+03:00","Action":"run","Package":"virmill.local/core/internal/app/network","Test":"TestDefinedPrefixesRejectsMalformedAndAmbiguousDeclarations/partial_result_followed_by_malformed_XML"}
{"Time":"2026-09-08T10:19:03.934833911+03:00","Action":"pass","Package":"virmill.local/core/internal/app","Test":"TestVMPlansReportInterruptionAndStoppedEditRequirement/restore-saved","Elapsed":0}
{"Time":"2026-09-08T10:19:03.934836301+03:00","Action":"run","Package":"virmill.local/core/internal/app","Test":"TestVMPlansReportInterruptionAndStoppedEditRequirement/resume"}
{"Time":"2026-09-08T10:19:03.934835407+03:00","Action":"output","Package":"virmill.local/core/internal/app/network","Test":"TestDefinedPrefixesRejectsMalformedAndAmbiguousDeclarations/partial_result_followed_by_malformed_XML","Output":"=== RUN   TestDefinedPrefixesRejectsMalformedAndAmbiguousDeclarations/partial_result_followed_by_malformed_XML\n","OutputType":"frame"}
{"Time":"2026-09-08T10:19:03.934838221+03:00","Action":"output","Package":"virmill.local/core/internal/app","Test":"TestVMPlansReportInterruptionAndStoppedEditRequirement/resume","Output":"=== RUN   TestVMPlansReportInterruptionAndStoppedEditRequirement/resume\n","OutputType":"frame"}
{"Time":"2026-09-08T10:19:03.934868872+03:00","Action":"output","Package":"virmill.local/core/internal/app/network","Test":"TestDefinedPrefixesRejectsMalformedAndAmbiguousDeclarations/partial_result_followed_by_malformed_XML","Output":"--- PASS: TestDefinedPrefixesRejectsMalformedAndAmbiguousDeclarations/partial_result_followed_by_malformed_XML (0.00s)\n","OutputType":"frame"}
{"Time":"2026-09-08T10:19:03.934873333+03:00","Action":"pass","Package":"virmill.local/core/internal/app/network","Test":"TestDefinedPrefixesRejectsMalformedAndAmbiguousDeclarations/partial_result_followed_by_malformed_XML","Elapsed":0}
{"Time":"2026-09-08T10:19:03.934884595+03:00","Action":"run","Package":"virmill.local/core/internal/app/network","Test":"TestDefinedPrefixesRejectsMalformedAndAmbiguousDeclarations/IPv4_family_mismatch"}
{"Time":"2026-09-08T10:19:03.934886207+03:00","Action":"output","Package":"virmill.local/core/internal/app/network","Test":"TestDefinedPrefixesRejectsMalformedAndAmbiguousDeclarations/IPv4_family_mismatch","Output":"=== RUN   TestDefinedPrefixesRejectsMalformedAndAmbiguousDeclarations/IPv4_family_mismatch\n","OutputType":"frame"}
{"Time":"2026-09-08T10:19:03.934930698+03:00","Action":"output","Package":"virmill.local/core/internal/app/network","Test":"TestDefinedPrefixesRejectsMalformedAndAmbiguousDeclarations/IPv4_family_mismatch","Output":"--- PASS: TestDefinedPrefixesRejectsMalformedAndAmbiguousDeclarations/IPv4_family_mismatch (0.00s)\n","OutputType":"frame"}
{"Time":"2026-09-08T10:19:03.934933645+03:00","Action":"pass","Package":"virmill.local/core/internal/app/network","Test":"TestDefinedPrefixesRejectsMalformedAndAmbiguousDeclarations/IPv4_family_mismatch","Elapsed":0}
{"Time":"2026-09-08T10:19:03.934944626+03:00","Action":"run","Package":"virmill.local/core/internal/app/network","Test":"TestDefinedPrefixesRejectsMalformedAndAmbiguousDeclarations/IPv6_prefix_overflow"}
{"Time":"2026-09-08T10:19:03.934946635+03:00","Action":"output","Package":"virmill.local/core/internal/app/network","Test":"TestDefinedPrefixesRejectsMalformedAndAmbiguousDeclarations/IPv6_prefix_overflow","Output":"=== RUN   TestDefinedPrefixesRejectsMalformedAndAmbiguousDeclarations/IPv6_prefix_overflow\n","OutputType":"frame"}
{"Time":"2026-09-08T10:19:03.934993898+03:00","Action":"output","Package":"virmill.local/core/internal/app/network","Test":"TestDefinedPrefixesRejectsMalformedAndAmbiguousDeclarations/IPv6_prefix_overflow","Output":"--- PASS: TestDefinedPrefixesRejectsMalformedAndAmbiguousDeclarations/IPv6_prefix_overflow (0.00s)\n","OutputType":"frame"}
{"Time":"2026-09-08T10:19:03.935002997+03:00","Action":"pass","Package":"virmill.local/core/internal/app/network","Test":"TestDefinedPrefixesRejectsMalformedAndAmbiguousDeclarations/IPv6_prefix_overflow","Elapsed":0}
{"Time":"2026-09-08T10:19:03.935013699+03:00","Action":"run","Package":"virmill.local/core/internal/app/network","Test":"TestDefinedPrefixesRejectsMalformedAndAmbiguousDeclarations/prefix_with_empty_netmask"}
{"Time":"2026-09-08T10:19:03.935016347+03:00","Action":"output","Package":"virmill.local/core/internal/app/network","Test":"TestDefinedPrefixesRejectsMalformedAndAmbiguousDeclarations/prefix_with_empty_netmask","Output":"=== RUN   TestDefinedPrefixesRejectsMalformedAndAmbiguousDeclarations/prefix_with_empty_netmask\n","OutputType":"frame"}
{"Time":"2026-09-08T10:19:03.935054578+03:00","Action":"output","Package":"virmill.local/core/internal/app/network","Test":"TestDefinedPrefixesRejectsMalformedAndAmbiguousDeclarations/prefix_with_empty_netmask","Output":"--- PASS: TestDefinedPrefixesRejectsMalformedAndAmbiguousDeclarations/prefix_with_empty_netmask (0.00s)\n","OutputType":"frame"}
{"Time":"2026-09-08T10:19:03.93506326+03:00","Action":"pass","Package":"virmill.local/core/internal/app/network","Test":"TestDefinedPrefixesRejectsMalformedAndAmbiguousDeclarations/prefix_with_empty_netmask","Elapsed":0}
{"Time":"2026-09-08T10:19:03.935072683+03:00","Action":"run","Package":"virmill.local/core/internal/app/network","Test":"TestDefinedPrefixesRejectsMalformedAndAmbiguousDeclarations/mismatched_close"}
{"Time":"2026-09-08T10:19:03.935074733+03:00","Action":"output","Package":"virmill.local/core/internal/app/network","Test":"TestDefinedPrefixesRejectsMalformedAndAmbiguousDeclarations/mismatched_close","Output":"=== RUN   TestDefinedPrefixesRejectsMalformedAndAmbiguousDeclarations/mismatched_close\n","OutputType":"frame"}
{"Time":"2026-09-08T10:19:03.935106814+03:00","Action":"output","Package":"virmill.local/core/internal/app/network","Test":"TestDefinedPrefixesRejectsMalformedAndAmbiguousDeclarations/mismatched_close","Output":"--- PASS: TestDefinedPrefixesRejectsMalformedAndAmbiguousDeclarations/mismatched_close (0.00s)\n","OutputType":"frame"}
{"Time":"2026-09-08T10:19:03.935115797+03:00","Action":"pass","Package":"virmill.local/core/internal/app/network","Test":"TestDefinedPrefixesRejectsMalformedAndAmbiguousDeclarations/mismatched_close","Elapsed":0}
{"Time":"2026-09-08T10:19:03.935134522+03:00","Action":"output","Package":"virmill.local/core/internal/app/network","Test":"TestDefinedPrefixesRejectsMalformedAndAmbiguousDeclarations","Output":"--- PASS: TestDefinedPrefixesRejectsMalformedAndAmbiguousDeclarations (0.00s)\n","OutputType":"frame"}
{"Time":"2026-09-08T10:19:03.935147847+03:00","Action":"pass","Package":"virmill.local/core/internal/app/network","Test":"TestDefinedPrefixesRejectsMalformedAndAmbiguousDeclarations","Elapsed":0}
{"Time":"2026-09-08T10:19:03.935160189+03:00","Action":"run","Package":"virmill.local/core/internal/app/network","Test":"TestDefinedPrefixesStaticRoutesAndDocumentedDefaults"}
{"Time":"2026-09-08T10:19:03.935162725+03:00","Action":"output","Package":"virmill.local/core/internal/app/network","Test":"TestDefinedPrefixesStaticRoutesAndDocumentedDefaults","Output":"=== RUN   TestDefinedPrefixesStaticRoutesAndDocumentedDefaults\n","OutputType":"frame"}
{"Time":"2026-09-08T10:19:03.935190162+03:00","Action":"run","Package":"virmill.local/core/internal/app/network","Test":"TestDefinedPrefixesStaticRoutesAndDocumentedDefaults/IPv4_destination_prefix"}
{"Time":"2026-09-08T10:19:03.935192126+03:00","Action":"output","Package":"virmill.local/core/internal/app/network","Test":"TestDefinedPrefixesStaticRoutesAndDocumentedDefaults/IPv4_destination_prefix","Output":"=== RUN   TestDefinedPrefixesStaticRoutesAndDocumentedDefaults/IPv4_destination_prefix\n","OutputType":"frame"}
{"Time":"2026-09-08T10:19:03.935255138+03:00","Action":"output","Package":"virmill.local/core/internal/app/network","Test":"TestDefinedPrefixesStaticRoutesAndDocumentedDefaults/IPv4_destination_prefix","Output":"--- PASS: TestDefinedPrefixesStaticRoutesAndDocumentedDefaults/IPv4_destination_prefix (0.00s)\n","OutputType":"frame"}
{"Time":"2026-09-08T10:19:03.935264246+03:00","Action":"pass","Package":"virmill.local/core/internal/app/network","Test":"TestDefinedPrefixesStaticRoutesAndDocumentedDefaults/IPv4_destination_prefix","Elapsed":0}
{"Time":"2026-09-08T10:19:03.935274051+03:00","Action":"run","Package":"virmill.local/core/internal/app/network","Test":"TestDefinedPrefixesStaticRoutesAndDocumentedDefaults/IPv4_destination_netmask"}
{"Time":"2026-09-08T10:19:03.935275582+03:00","Action":"output","Package":"virmill.local/core/internal/app/network","Test":"TestDefinedPrefixesStaticRoutesAndDocumentedDefaults/IPv4_destination_netmask","Output":"=== RUN   TestDefinedPrefixesStaticRoutesAndDocumentedDefaults/IPv4_destination_netmask\n","OutputType":"frame"}
{"Time":"2026-09-08T10:19:03.935344622+03:00","Action":"output","Package":"virmill.local/core/internal/app/network","Test":"TestDefinedPrefixesStaticRoutesAndDocumentedDefaults/IPv4_destination_netmask","Output":"--- PASS: TestDefinedPrefixesStaticRoutesAndDocumentedDefaults/IPv4_destination_netmask (0.00s)\n","OutputType":"frame"}
{"Time":"2026-09-08T10:19:03.93534876+03:00","Action":"pass","Package":"virmill.local/core/internal/app/network","Test":"TestDefinedPrefixesStaticRoutesAndDocumentedDefaults/IPv4_destination_netmask","Elapsed":0}
{"Time":"2026-09-08T10:19:03.93535951+03:00","Action":"run","Package":"virmill.local/core/internal/app/network","Test":"TestDefinedPrefixesStaticRoutesAndDocumentedDefaults/IPv6_destination"}
{"Time":"2026-09-08T10:19:03.935360992+03:00","Action":"output","Package":"virmill.local/core/internal/app/network","Test":"TestDefinedPrefixesStaticRoutesAndDocumentedDefaults/IPv6_destination","Output":"=== RUN   TestDefinedPrefixesStaticRoutesAndDocumentedDefaults/IPv6_destination\n","OutputType":"frame"}
{"Time":"2026-09-08T10:19:03.935422289+03:00","Action":"output","Package":"virmill.local/core/internal/app/network","Test":"TestDefinedPrefixesStaticRoutesAndDocumentedDefaults/IPv6_destination","Output":"--- PASS: TestDefinedPrefixesStaticRoutesAndDocumentedDefaults/IPv6_destination (0.00s)\n","OutputType":"frame"}
{"Time":"2026-09-08T10:19:03.935425445+03:00","Action":"pass","Package":"virmill.local/core/internal/app/network","Test":"TestDefinedPrefixesStaticRoutesAndDocumentedDefaults/IPv6_destination","Elapsed":0}
{"Time":"2026-09-08T10:19:03.935439384+03:00","Action":"run","Package":"virmill.local/core/internal/app/network","Test":"TestDefinedPrefixesStaticRoutesAndDocumentedDefaults/IPv4_explicit_default"}
{"Time":"2026-09-08T10:19:03.935440948+03:00","Action":"output","Package":"virmill.local/core/internal/app/network","Test":"TestDefinedPrefixesStaticRoutesAndDocumentedDefaults/IPv4_explicit_default","Output":"=== RUN   TestDefinedPrefixesStaticRoutesAndDocumentedDefaults/IPv4_explicit_default\n","OutputType":"frame"}
{"Time":"2026-09-08T10:19:03.935495625+03:00","Action":"output","Package":"virmill.local/core/internal/app/network","Test":"TestDefinedPrefixesStaticRoutesAndDocumentedDefaults/IPv4_explicit_default","Output":"--- PASS: TestDefinedPrefixesStaticRoutesAndDocumentedDefaults/IPv4_explicit_default (0.00s)\n","OutputType":"frame"}
{"Time":"2026-09-08T10:19:03.935500498+03:00","Action":"pass","Package":"virmill.local/core/internal/app/network","Test":"TestDefinedPrefixesStaticRoutesAndDocumentedDefaults/IPv4_explicit_default","Elapsed":0}
{"Time":"2026-09-08T10:19:03.935511073+03:00","Action":"run","Package":"virmill.local/core/internal/app/network","Test":"TestDefinedPrefixesStaticRoutesAndDocumentedDefaults/IPv6_explicit_default"}
{"Time":"2026-09-08T10:19:03.935513246+03:00","Action":"output","Package":"virmill.local/core/internal/app/network","Test":"TestDefinedPrefixesStaticRoutesAndDocumentedDefaults/IPv6_explicit_default","Output":"=== RUN   TestDefinedPrefixesStaticRoutesAndDocumentedDefaults/IPv6_explicit_default\n","OutputType":"frame"}
{"Time":"2026-09-08T10:19:03.935569581+03:00","Action":"output","Package":"virmill.local/core/internal/app/network","Test":"TestDefinedPrefixesStaticRoutesAndDocumentedDefaults/IPv6_explicit_default","Output":"--- PASS: TestDefinedPrefixesStaticRoutesAndDocumentedDefaults/IPv6_explicit_default (0.00s)\n","OutputType":"frame"}
{"Time":"2026-09-08T10:19:03.935572689+03:00","Action":"pass","Package":"virmill.local/core/internal/app/network","Test":"TestDefinedPrefixesStaticRoutesAndDocumentedDefaults/IPv6_explicit_default","Elapsed":0}
{"Time":"2026-09-08T10:19:03.935589442+03:00","Action":"run","Package":"virmill.local/core/internal/app/network","Test":"TestDefinedPrefixesStaticRoutesAndDocumentedDefaults/IPv4_zero_netmask"}
{"Time":"2026-09-08T10:19:03.935591538+03:00","Action":"output","Package":"virmill.local/core/internal/app/network","Test":"TestDefinedPrefixesStaticRoutesAndDocumentedDefaults/IPv4_zero_netmask","Output":"=== RUN   TestDefinedPrefixesStaticRoutesAndDocumentedDefaults/IPv4_zero_netmask\n","OutputType":"frame"}
{"Time":"2026-09-08T10:19:03.935651801+03:00","Action":"output","Package":"virmill.local/core/internal/app/network","Test":"TestDefinedPrefixesStaticRoutesAndDocumentedDefaults/IPv4_zero_netmask","Output":"--- PASS: TestDefinedPrefixesStaticRoutesAndDocumentedDefaults/IPv4_zero_netmask (0.00s)\n","OutputType":"frame"}
{"Time":"2026-09-08T10:19:03.935660678+03:00","Action":"pass","Package":"virmill.local/core/internal/app/network","Test":"TestDefinedPrefixesStaticRoutesAndDocumentedDefaults/IPv4_zero_netmask","Elapsed":0}
{"Time":"2026-09-08T10:19:03.935672408+03:00","Action":"run","Package":"virmill.local/core/internal/app/network","Test":"TestDefinedPrefixesStaticRoutesAndDocumentedDefaults/IPv4_gateway-only_default"}
{"Time":"2026-09-08T10:19:03.935674417+03:00","Action":"output","Package":"virmill.local/core/internal/app/network","Test":"TestDefinedPrefixesStaticRoutesAndDocumentedDefaults/IPv4_gateway-only_default","Output":"=== RUN   TestDefinedPrefixesStaticRoutesAndDocumentedDefaults/IPv4_gateway-only_default\n","OutputType":"frame"}
{"Time":"2026-09-08T10:19:03.935718243+03:00","Action":"output","Package":"virmill.local/core/internal/app/network","Test":"TestDefinedPrefixesStaticRoutesAndDocumentedDefaults/IPv4_gateway-only_default","Output":"--- PASS: TestDefinedPrefixesStaticRoutesAndDocumentedDefaults/IPv4_gateway-only_default (0.00s)\n","OutputType":"frame"}
{"Time":"2026-09-08T10:19:03.935722935+03:00","Action":"pass","Package":"virmill.local/core/internal/app/network","Test":"TestDefinedPrefixesStaticRoutesAndDocumentedDefaults/IPv4_gateway-only_default","Elapsed":0}
{"Time":"2026-09-08T10:19:03.935734998+03:00","Action":"run","Package":"virmill.local/core/internal/app/network","Test":"TestDefinedPrefixesStaticRoutesAndDocumentedDefaults/IPv6_gateway-only_default"}
{"Time":"2026-09-08T10:19:03.935737145+03:00","Action":"output","Package":"virmill.local/core/internal/app/network","Test":"TestDefinedPrefixesStaticRoutesAndDocumentedDefaults/IPv6_gateway-only_default","Output":"=== RUN   TestDefinedPrefixesStaticRoutesAndDocumentedDefaults/IPv6_gateway-only_default\n","OutputType":"frame"}
{"Time":"2026-09-08T10:19:03.935793015+03:00","Action":"output","Package":"virmill.local/core/internal/app/network","Test":"TestDefinedPrefixesStaticRoutesAndDocumentedDefaults/IPv6_gateway-only_default","Output":"--- PASS: TestDefinedPrefixesStaticRoutesAndDocumentedDefaults/IPv6_gateway-only_default (0.00s)\n","OutputType":"frame"}
{"Time":"2026-09-08T10:19:03.93580202+03:00","Action":"pass","Package":"virmill.local/core/internal/app/network","Test":"TestDefinedPrefixesStaticRoutesAndDocumentedDefaults/IPv6_gateway-only_default","Elapsed":0}
{"Time":"2026-09-08T10:19:03.935810765+03:00","Action":"run","Package":"virmill.local/core/internal/app/network","Test":"TestDefinedPrefixesStaticRoutesAndDocumentedDefaults/omitted_destination"}
{"Time":"2026-09-08T10:19:03.93581278+03:00","Action":"output","Package":"virmill.local/core/internal/app/network","Test":"TestDefinedPrefixesStaticRoutesAndDocumentedDefaults/omitted_destination","Output":"=== RUN   TestDefinedPrefixesStaticRoutesAndDocumentedDefaults/omitted_destination\n","OutputType":"frame"}
{"Time":"2026-09-08T10:19:03.935859914+03:00","Action":"output","Package":"virmill.local/core/internal/app/network","Test":"TestDefinedPrefixesStaticRoutesAndDocumentedDefaults/omitted_destination","Output":"--- PASS: TestDefinedPrefixesStaticRoutesAndDocumentedDefaults/omitted_destination (0.00s)\n","OutputType":"frame"}
{"Time":"2026-09-08T10:19:03.93586474+03:00","Action":"pass","Package":"virmill.local/core/internal/app/network","Test":"TestDefinedPrefixesStaticRoutesAndDocumentedDefaults/omitted_destination","Elapsed":0}
{"Time":"2026-09-08T10:19:03.935874215+03:00","Action":"run","Package":"virmill.local/core/internal/app/network","Test":"TestDefinedPrefixesStaticRoutesAndDocumentedDefaults/omitted_mask"}
{"Time":"2026-09-08T10:19:03.935877267+03:00","Action":"output","Package":"virmill.local/core/internal/app/network","Test":"TestDefinedPrefixesStaticRoutesAndDocumentedDefaults/omitted_mask","Output":"=== RUN   TestDefinedPrefixesStaticRoutesAndDocumentedDefaults/omitted_mask\n","OutputType":"frame"}
{"Time":"2026-09-08T10:19:03.935921737+03:00","Action":"output","Package":"virmill.local/core/internal/app/network","Test":"TestDefinedPrefixesStaticRoutesAndDocumentedDefaults/omitted_mask","Output":"--- PASS: TestDefinedPrefixesStaticRoutesAndDocumentedDefaults/omitted_mask (0.00s)\n","OutputType":"frame"}
{"Time":"2026-09-08T10:19:03.935931004+03:00","Action":"pass","Package":"virmill.local/core/internal/app/network","Test":"TestDefinedPrefixesStaticRoutesAndDocumentedDefaults/omitted_mask","Elapsed":0}
{"Time":"2026-09-08T10:19:03.935938997+03:00","Action":"run","Package":"virmill.local/core/internal/app/network","Test":"TestDefinedPrefixesStaticRoutesAndDocumentedDefaults/IPv4_host_destination"}
{"Time":"2026-09-08T10:19:03.935940382+03:00","Action":"output","Package":"virmill.local/core/internal/app/network","Test":"TestDefinedPrefixesStaticRoutesAndDocumentedDefaults/IPv4_host_destination","Output":"=== RUN   TestDefinedPrefixesStaticRoutesAndDocumentedDefaults/IPv4_host_destination\n","OutputType":"frame"}
{"Time":"2026-09-08T10:19:03.935998805+03:00","Action":"output","Package":"virmill.local/core/internal/app/network","Test":"TestDefinedPrefixesStaticRoutesAndDocumentedDefaults/IPv4_host_destination","Output":"--- PASS: TestDefinedPrefixesStaticRoutesAndDocumentedDefaults/IPv4_host_destination (0.00s)\n","OutputType":"frame"}
{"Time":"2026-09-08T10:19:03.936006402+03:00","Action":"pass","Package":"virmill.local/core/internal/app/network","Test":"TestDefinedPrefixesStaticRoutesAndDocumentedDefaults/IPv4_host_destination","Elapsed":0}
{"Time":"2026-09-08T10:19:03.936020165+03:00","Action":"run","Package":"virmill.local/core/internal/app/network","Test":"TestDefinedPrefixesStaticRoutesAndDocumentedDefaults/IPv6_host_destination"}
{"Time":"2026-09-08T10:19:03.936022373+03:00","Action":"output","Package":"virmill.local/core/internal/app/network","Test":"TestDefinedPrefixesStaticRoutesAndDocumentedDefaults/IPv6_host_destination","Output":"=== RUN   TestDefinedPrefixesStaticRoutesAndDocumentedDefaults/IPv6_host_destination\n","OutputType":"frame"}
{"Time":"2026-09-08T10:19:03.936081018+03:00","Action":"output","Package":"virmill.local/core/internal/app/network","Test":"TestDefinedPrefixesStaticRoutesAndDocumentedDefaults/IPv6_host_destination","Output":"--- PASS: TestDefinedPrefixesStaticRoutesAndDocumentedDefaults/IPv6_host_destination (0.00s)\n","OutputType":"frame"}
{"Time":"2026-09-08T10:19:03.936089915+03:00","Action":"pass","Package":"virmill.local/core/internal/app/network","Test":"TestDefinedPrefixesStaticRoutesAndDocumentedDefaults/IPv6_host_destination","Elapsed":0}
{"Time":"2026-09-08T10:19:03.93615998+03:00","Action":"output","Package":"virmill.local/core/internal/app/network","Test":"TestDefinedPrefixesStaticRoutesAndDocumentedDefaults","Output":"--- PASS: TestDefinedPrefixesStaticRoutesAndDocumentedDefaults (0.00s)\n","OutputType":"frame"}
{"Time":"2026-09-08T10:19:03.936170172+03:00","Action":"pass","Package":"virmill.local/core/internal/app/network","Test":"TestDefinedPrefixesStaticRoutesAndDocumentedDefaults","Elapsed":0}
{"Time":"2026-09-08T10:19:03.936181844+03:00","Action":"run","Package":"virmill.local/core/internal/app/network","Test":"TestDefinedPrefixesRejectsMalformedAndAmbiguousStaticRoutes"}
{"Time":"2026-09-08T10:19:03.936183638+03:00","Action":"output","Package":"virmill.local/core/internal/app/network","Test":"TestDefinedPrefixesRejectsMalformedAndAmbiguousStaticRoutes","Output":"=== RUN   TestDefinedPrefixesRejectsMalformedAndAmbiguousStaticRoutes\n","OutputType":"frame"}
{"Time":"2026-09-08T10:19:03.936199678+03:00","Action":"run","Package":"virmill.local/core/internal/app/network","Test":"TestDefinedPrefixesRejectsMalformedAndAmbiguousStaticRoutes/mapped_gateway"}
{"Time":"2026-09-08T10:19:03.936201841+03:00","Action":"output","Package":"virmill.local/core/internal/app/network","Test":"TestDefinedPrefixesRejectsMalformedAndAmbiguousStaticRoutes/mapped_gateway","Output":"=== RUN   TestDefinedPrefixesRejectsMalformedAndAmbiguousStaticRoutes/mapped_gateway\n","OutputType":"frame"}
{"Time":"2026-09-08T10:19:03.936265212+03:00","Action":"output","Package":"virmill.local/core/internal/app/network","Test":"TestDefinedPrefixesRejectsMalformedAndAmbiguousStaticRoutes/mapped_gateway","Output":"--- PASS: TestDefinedPrefixesRejectsMalformedAndAmbiguousStaticRoutes/mapped_gateway (0.00s)\n","OutputType":"frame"}
{"Time":"2026-09-08T10:19:03.936274162+03:00","Action":"pass","Package":"virmill.local/core/internal/app/network","Test":"TestDefinedPrefixesRejectsMalformedAndAmbiguousStaticRoutes/mapped_gateway","Elapsed":0}
{"Time":"2026-09-08T10:19:03.93628899+03:00","Action":"run","Package":"virmill.local/core/internal/app/network","Test":"TestDefinedPrefixesRejectsMalformedAndAmbiguousStaticRoutes/IPv6_gateway_family_missing"}
{"Time":"2026-09-08T10:19:03.936290949+03:00","Action":"output","Package":"virmill.local/core/internal/app/network","Test":"TestDefinedPrefixesRejectsMalformedAndAmbiguousStaticRoutes/IPv6_gateway_family_missing","Output":"=== RUN   TestDefinedPrefixesRejectsMalformedAndAmbiguousStaticRoutes/IPv6_gateway_family_missing\n","OutputType":"frame"}
{"Time":"2026-09-08T10:19:03.936348655+03:00","Action":"output","Package":"virmill.local/core/internal/app/network","Test":"TestDefinedPrefixesRejectsMalformedAndAmbiguousStaticRoutes/IPv6_gateway_family_missing","Output":"--- PASS: TestDefinedPrefixesRejectsMalformedAndAmbiguousStaticRoutes/IPv6_gateway_family_missing (0.00s)\n","OutputType":"frame"}
{"Time":"2026-09-08T10:19:03.936357848+03:00","Action":"pass","Package":"virmill.local/core/internal/app/network","Test":"TestDefinedPrefixesRejectsMalformedAndAmbiguousStaticRoutes/IPv6_gateway_family_missing","Elapsed":0}
{"Time":"2026-09-08T10:19:03.936369132+03:00","Action":"run","Package":"virmill.local/core/internal/app/network","Test":"TestDefinedPrefixesRejectsMalformedAndAmbiguousStaticRoutes/mapped_destination"}
{"Time":"2026-09-08T10:19:03.936371222+03:00","Action":"output","Package":"virmill.local/core/internal/app/network","Test":"TestDefinedPrefixesRejectsMalformedAndAmbiguousStaticRoutes/mapped_destination","Output":"=== RUN   TestDefinedPrefixesRejectsMalformedAndAmbiguousStaticRoutes/mapped_destination\n","OutputType":"frame"}
{"Time":"2026-09-08T10:19:03.9364362+03:00","Action":"output","Package":"virmill.local/core/internal/app/network","Test":"TestDefinedPrefixesRejectsMalformedAndAmbiguousStaticRoutes/mapped_destination","Output":"--- PASS: TestDefinedPrefixesRejectsMalformedAndAmbiguousStaticRoutes/mapped_destination (0.00s)\n","OutputType":"frame"}
{"Time":"2026-09-08T10:19:03.936445703+03:00","Action":"pass","Package":"virmill.local/core/internal/app/network","Test":"TestDefinedPrefixesRejectsMalformedAndAmbiguousStaticRoutes/mapped_destination","Elapsed":0}
{"Time":"2026-09-08T10:19:03.936455079+03:00","Action":"run","Package":"virmill.local/core/internal/app/network","Test":"TestDefinedPrefixesRejectsMalformedAndAmbiguousStaticRoutes/IPv6_netmask"}
{"Time":"2026-09-08T10:19:03.936456741+03:00","Action":"output","Package":"virmill.local/core/internal/app/network","Test":"TestDefinedPrefixesRejectsMalformedAndAmbiguousStaticRoutes/IPv6_netmask","Output":"=== RUN   TestDefinedPrefixesRejectsMalformedAndAmbiguousStaticRoutes/IPv6_netmask\n","OutputType":"frame"}
{"Time":"2026-09-08T10:19:03.936523726+03:00","Action":"output","Package":"virmill.local/core/internal/app/network","Test":"TestDefinedPrefixesRejectsMalformedAndAmbiguousStaticRoutes/IPv6_netmask","Output":"--- PASS: TestDefinedPrefixesRejectsMalformedAndAmbiguousStaticRoutes/IPv6_netmask (0.00s)\n","OutputType":"frame"}
{"Time":"2026-09-08T10:19:03.936532556+03:00","Action":"pass","Package":"virmill.local/core/internal/app/network","Test":"TestDefinedPrefixesRejectsMalformedAndAmbiguousStaticRoutes/IPv6_netmask","Elapsed":0}
{"Time":"2026-09-08T10:19:03.936541332+03:00","Action":"run","Package":"virmill.local/core/internal/app/network","Test":"TestDefinedPrefixesRejectsMalformedAndAmbiguousStaticRoutes/signed_prefix"}
{"Time":"2026-09-08T10:19:03.936543546+03:00","Action":"output","Package":"virmill.local/core/internal/app/network","Test":"TestDefinedPrefixesRejectsMalformedAndAmbiguousStaticRoutes/signed_prefix","Output":"=== RUN   TestDefinedPrefixesRejectsMalformedAndAmbiguousStaticRoutes/signed_prefix\n","OutputType":"frame"}
{"Time":"2026-09-08T10:19:03.936597344+03:00","Action":"output","Package":"virmill.local/core/internal/app/network","Test":"TestDefinedPrefixesRejectsMalformedAndAmbiguousStaticRoutes/signed_prefix","Output":"--- PASS: TestDefinedPrefixesRejectsMalformedAndAmbiguousStaticRoutes/signed_prefix (0.00s)\n","OutputType":"frame"}
{"Time":"2026-09-08T10:19:03.936606131+03:00","Action":"pass","Package":"virmill.local/core/internal/app/network","Test":"TestDefinedPrefixesRejectsMalformedAndAmbiguousStaticRoutes/signed_prefix","Elapsed":0}
{"Time":"2026-09-08T10:19:03.936614129+03:00","Action":"run","Package":"virmill.local/core/internal/app/network","Test":"TestDefinedPrefixesRejectsMalformedAndAmbiguousStaticRoutes/noncanonical_prefix"}
{"Time":"2026-09-08T10:19:03.936616137+03:00","Action":"output","Package":"virmill.local/core/internal/app/network","Test":"TestDefinedPrefixesRejectsMalformedAndAmbiguousStaticRoutes/noncanonical_prefix","Output":"=== RUN   TestDefinedPrefixesRejectsMalformedAndAmbiguousStaticRoutes/noncanonical_prefix\n","OutputType":"frame"}
{"Time":"2026-09-08T10:19:03.936666622+03:00","Action":"output","Package":"virmill.local/core/internal/app/network","Test":"TestDefinedPrefixesRejectsMalformedAndAmbiguousStaticRoutes/noncanonical_prefix","Output":"--- PASS: TestDefinedPrefixesRejectsMalformedAndAmbiguousStaticRoutes/noncanonical_prefix (0.00s)\n","OutputType":"frame"}
{"Time":"2026-09-08T10:19:03.936675368+03:00","Action":"pass","Package":"virmill.local/core/internal/app/network","Test":"TestDefinedPrefixesRejectsMalformedAndAmbiguousStaticRoutes/noncanonical_prefix","Elapsed":0}
{"Time":"2026-09-08T10:19:03.936687546+03:00","Action":"run","Package":"virmill.local/core/internal/app/network","Test":"TestDefinedPrefixesRejectsMalformedAndAmbiguousStaticRoutes/overflow_prefix"}
{"Time":"2026-09-08T10:19:03.936689515+03:00","Action":"output","Package":"virmill.local/core/internal/app/network","Test":"TestDefinedPrefixesRejectsMalformedAndAmbiguousStaticRoutes/overflow_prefix","Output":"=== RUN   TestDefinedPrefixesRejectsMalformedAndAmbiguousStaticRoutes/overflow_prefix\n","OutputType":"frame"}
{"Time":"2026-09-08T10:19:03.936742431+03:00","Action":"output","Package":"virmill.local/core/internal/app/network","Test":"TestDefinedPrefixesRejectsMalformedAndAmbiguousStaticRoutes/overflow_prefix","Output":"--- PASS: TestDefinedPrefixesRejectsMalformedAndAmbiguousStaticRoutes/overflow_prefix (0.00s)\n","OutputType":"frame"}
{"Time":"2026-09-08T10:19:03.936745331+03:00","Action":"pass","Package":"virmill.local/core/internal/app/network","Test":"TestDefinedPrefixesRejectsMalformedAndAmbiguousStaticRoutes/overflow_prefix","Elapsed":0}
{"Time":"2026-09-08T10:19:03.936759412+03:00","Action":"run","Package":"virmill.local/core/internal/app/network","Test":"TestDefinedPrefixesRejectsMalformedAndAmbiguousStaticRoutes/foreign_gateway_beside_native"}
{"Time":"2026-09-08T10:19:03.936761568+03:00","Action":"output","Package":"virmill.local/core/internal/app/network","Test":"TestDefinedPrefixesRejectsMalformedAndAmbiguousStaticRoutes/foreign_gateway_beside_native","Output":"=== RUN   TestDefinedPrefixesRejectsMalformedAndAmbiguousStaticRoutes/foreign_gateway_beside_native\n","OutputType":"frame"}
{"Time":"2026-09-08T10:19:03.936820372+03:00","Action":"output","Package":"virmill.local/core/internal/app/network","Test":"TestDefinedPrefixesRejectsMalformedAndAmbiguousStaticRoutes/foreign_gateway_beside_native","Output":"--- PASS: TestDefinedPrefixesRejectsMalformedAndAmbiguousStaticRoutes/foreign_gateway_beside_native (0.00s)\n","OutputType":"frame"}
{"Time":"2026-09-08T10:19:03.936824972+03:00","Action":"pass","Package":"virmill.local/core/internal/app/network","Test":"TestDefinedPrefixesRejectsMalformedAndAmbiguousStaticRoutes/foreign_gateway_beside_native","Elapsed":0}
{"Time":"2026-09-08T10:19:03.936840445+03:00","Action":"run","Package":"virmill.local/core/internal/app/network","Test":"TestDefinedPrefixesRejectsMalformedAndAmbiguousStaticRoutes/zoned_gateway"}
{"Time":"2026-09-08T10:19:03.936842496+03:00","Action":"output","Package":"virmill.local/core/internal/app/network","Test":"TestDefinedPrefixesRejectsMalformedAndAmbiguousStaticRoutes/zoned_gateway","Output":"=== RUN   TestDefinedPrefixesRejectsMalformedAndAmbiguousStaticRoutes/zoned_gateway\n","OutputType":"frame"}
{"Time":"2026-09-08T10:19:03.93690339+03:00","Action":"output","Package":"virmill.local/core/internal/app/network","Test":"TestDefinedPrefixesRejectsMalformedAndAmbiguousStaticRoutes/zoned_gateway","Output":"--- PASS: TestDefinedPrefixesRejectsMalformedAndAmbiguousStaticRoutes/zoned_gateway (0.00s)\n","OutputType":"frame"}
{"Time":"2026-09-08T10:19:03.936912462+03:00","Action":"pass","Package":"virmill.local/core/internal/app/network","Test":"TestDefinedPrefixesRejectsMalformedAndAmbiguousStaticRoutes/zoned_gateway","Elapsed":0}
{"Time":"2026-09-08T10:19:03.936923796+03:00","Action":"run","Package":"virmill.local/core/internal/app/network","Test":"TestDefinedPrefixesRejectsMalformedAndAmbiguousStaticRoutes/gateway_family_mismatch"}
{"Time":"2026-09-08T10:19:03.936925901+03:00","Action":"output","Package":"virmill.local/core/internal/app/network","Test":"TestDefinedPrefixesRejectsMalformedAndAmbiguousStaticRoutes/gateway_family_mismatch","Output":"=== RUN   TestDefinedPrefixesRejectsMalformedAndAmbiguousStaticRoutes/gateway_family_mismatch\n","OutputType":"frame"}
{"Time":"2026-09-08T10:19:03.936990402+03:00","Action":"output","Package":"virmill.local/core/internal/app/network","Test":"TestDefinedPrefixesRejectsMalformedAndAmbiguousStaticRoutes/gateway_family_mismatch","Output":"--- PASS: TestDefinedPrefixesRejectsMalformedAndAmbiguousStaticRoutes/gateway_family_mismatch (0.00s)\n","OutputType":"frame"}
{"Time":"2026-09-08T10:19:03.937003782+03:00","Action":"pass","Package":"virmill.local/core/internal/app/network","Test":"TestDefinedPrefixesRejectsMalformedAndAmbiguousStaticRoutes/gateway_family_mismatch","Elapsed":0}
{"Time":"2026-09-08T10:19:03.937017556+03:00","Action":"run","Package":"virmill.local/core/internal/app/network","Test":"TestDefinedPrefixesRejectsMalformedAndAmbiguousStaticRoutes/empty_family"}
{"Time":"2026-09-08T10:19:03.937020316+03:00","Action":"output","Package":"virmill.local/core/internal/app/network","Test":"TestDefinedPrefixesRejectsMalformedAndAmbiguousStaticRoutes/empty_family","Output":"=== RUN   TestDefinedPrefixesRejectsMalformedAndAmbiguousStaticRoutes/empty_family\n","OutputType":"frame"}
{"Time":"2026-09-08T10:19:03.937073978+03:00","Action":"output","Package":"virmill.local/core/internal/app/network","Test":"TestDefinedPrefixesRejectsMalformedAndAmbiguousStaticRoutes/empty_family","Output":"--- PASS: TestDefinedPrefixesRejectsMalformedAndAmbiguousStaticRoutes/empty_family (0.00s)\n","OutputType":"frame"}
{"Time":"2026-09-08T10:19:03.937078502+03:00","Action":"pass","Package":"virmill.local/core/internal/app/network","Test":"TestDefinedPrefixesRejectsMalformedAndAmbiguousStaticRoutes/empty_family","Elapsed":0}
{"Time":"2026-09-08T10:19:03.937089917+03:00","Action":"run","Package":"virmill.local/core/internal/app/network","Test":"TestDefinedPrefixesRejectsMalformedAndAmbiguousStaticRoutes/noncontiguous_netmask"}
{"Time":"2026-09-08T10:19:03.937091957+03:00","Action":"output","Package":"virmill.local/core/internal/app/network","Test":"TestDefinedPrefixesRejectsMalformedAndAmbiguousStaticRoutes/noncontiguous_netmask","Output":"=== RUN   TestDefinedPrefixesRejectsMalformedAndAmbiguousStaticRoutes/noncontiguous_netmask\n","OutputType":"frame"}
{"Time":"2026-09-08T10:19:03.937149191+03:00","Action":"output","Package":"virmill.local/core/internal/app/network","Test":"TestDefinedPrefixesRejectsMalformedAndAmbiguousStaticRoutes/noncontiguous_netmask","Output":"--- PASS: TestDefinedPrefixesRejectsMalformedAndAmbiguousStaticRoutes/noncontiguous_netmask (0.00s)\n","OutputType":"frame"}
{"Time":"2026-09-08T10:19:03.937157802+03:00","Action":"pass","Package":"virmill.local/core/internal/app/network","Test":"TestDefinedPrefixesRejectsMalformedAndAmbiguousStaticRoutes/noncontiguous_netmask","Elapsed":0}
{"Time":"2026-09-08T10:19:03.93716647+03:00","Action":"run","Package":"virmill.local/core/internal/app/network","Test":"TestDefinedPrefixesRejectsMalformedAndAmbiguousStaticRoutes/duplicate_prefix"}
{"Time":"2026-09-08T10:19:03.937168552+03:00","Action":"output","Package":"virmill.local/core/internal/app/network","Test":"TestDefinedPrefixesRejectsMalformedAndAmbiguousStaticRoutes/duplicate_prefix","Output":"=== RUN   TestDefinedPrefixesRejectsMalformedAndAmbiguousStaticRoutes/duplicate_prefix\n","OutputType":"frame"}
{"Time":"2026-09-08T10:19:03.937219216+03:00","Action":"output","Package":"virmill.local/core/internal/app/network","Test":"TestDefinedPrefixesRejectsMalformedAndAmbiguousStaticRoutes/duplicate_prefix","Output":"--- PASS: TestDefinedPrefixesRejectsMalformedAndAmbiguousStaticRoutes/duplicate_prefix (0.00s)\n","OutputType":"frame"}
{"Time":"2026-09-08T10:19:03.937227769+03:00","Action":"pass","Package":"virmill.local/core/internal/app/network","Test":"TestDefinedPrefixesRejectsMalformedAndAmbiguousStaticRoutes/duplicate_prefix","Elapsed":0}
{"Time":"2026-09-08T10:19:03.937236578+03:00","Action":"run","Package":"virmill.local/core/internal/app/network","Test":"TestDefinedPrefixesRejectsMalformedAndAmbiguousStaticRoutes/foreign_element"}
{"Time":"2026-09-08T10:19:03.937239193+03:00","Action":"output","Package":"virmill.local/core/internal/app/network","Test":"TestDefinedPrefixesRejectsMalformedAndAmbiguousStaticRoutes/foreign_element","Output":"=== RUN   TestDefinedPrefixesRejectsMalformedAndAmbiguousStaticRoutes/foreign_element\n","OutputType":"frame"}
{"Time":"2026-09-08T10:19:03.93729489+03:00","Action":"output","Package":"virmill.local/core/internal/app/network","Test":"TestDefinedPrefixesRejectsMalformedAndAmbiguousStaticRoutes/foreign_element","Output":"--- PASS: TestDefinedPrefixesRejectsMalformedAndAmbiguousStaticRoutes/foreign_element (0.00s)\n","OutputType":"frame"}
{"Time":"2026-09-08T10:19:03.937304171+03:00","Action":"pass","Package":"virmill.local/core/internal/app/network","Test":"TestDefinedPrefixesRejectsMalformedAndAmbiguousStaticRoutes/foreign_element","Elapsed":0}
{"Time":"2026-09-08T10:19:03.937313482+03:00","Action":"run","Package":"virmill.local/core/internal/app/network","Test":"TestDefinedPrefixesRejectsMalformedAndAmbiguousStaticRoutes/foreign_gateway"}
{"Time":"2026-09-08T10:19:03.937315557+03:00","Action":"output","Package":"virmill.local/core/internal/app/network","Test":"TestDefinedPrefixesRejectsMalformedAndAmbiguousStaticRoutes/foreign_gateway","Output":"=== RUN   TestDefinedPrefixesRejectsMalformedAndAmbiguousStaticRoutes/foreign_gateway\n","OutputType":"frame"}
{"Time":"2026-09-08T10:19:03.937385752+03:00","Action":"output","Package":"virmill.local/core/internal/app/network","Test":"TestDefinedPrefixesRejectsMalformedAndAmbiguousStaticRoutes/foreign_gateway","Output":"--- PASS: TestDefinedPrefixesRejectsMalformedAndAmbiguousStaticRoutes/foreign_gateway (0.00s)\n","OutputType":"frame"}
{"Time":"2026-09-08T10:19:03.937393255+03:00","Action":"pass","Package":"virmill.local/core/internal/app/network","Test":"TestDefinedPrefixesRejectsMalformedAndAmbiguousStaticRoutes/foreign_gateway","Elapsed":0}
{"Time":"2026-09-08T10:19:03.937404005+03:00","Action":"run","Package":"virmill.local/core/internal/app/network","Test":"TestDefinedPrefixesRejectsMalformedAndAmbiguousStaticRoutes/empty_gateway"}
{"Time":"2026-09-08T10:19:03.937406304+03:00","Action":"output","Package":"virmill.local/core/internal/app/network","Test":"TestDefinedPrefixesRejectsMalformedAndAmbiguousStaticRoutes/empty_gateway","Output":"=== RUN   TestDefinedPrefixesRejectsMalformedAndAmbiguousStaticRoutes/empty_gateway\n","OutputType":"frame"}
{"Time":"2026-09-08T10:19:03.937453578+03:00","Action":"output","Package":"virmill.local/core/internal/app/network","Test":"TestDefinedPrefixesRejectsMalformedAndAmbiguousStaticRoutes/empty_gateway","Output":"--- PASS: TestDefinedPrefixesRejectsMalformedAndAmbiguousStaticRoutes/empty_gateway (0.00s)\n","OutputType":"frame"}
{"Time":"2026-09-08T10:19:03.93746278+03:00","Action":"pass","Package":"virmill.local/core/internal/app/network","Test":"TestDefinedPrefixesRejectsMalformedAndAmbiguousStaticRoutes/empty_gateway","Elapsed":0}
{"Time":"2026-09-08T10:19:03.9374725+03:00","Action":"run","Package":"virmill.local/core/internal/app/network","Test":"TestDefinedPrefixesRejectsMalformedAndAmbiguousStaticRoutes/invalid_destination"}
{"Time":"2026-09-08T10:19:03.937474765+03:00","Action":"output","Package":"virmill.local/core/internal/app/network","Test":"TestDefinedPrefixesRejectsMalformedAndAmbiguousStaticRoutes/invalid_destination","Output":"=== RUN   TestDefinedPrefixesRejectsMalformedAndAmbiguousStaticRoutes/invalid_destination\n","OutputType":"frame"}
{"Time":"2026-09-08T10:19:03.937532663+03:00","Action":"output","Package":"virmill.local/core/internal/app/network","Test":"TestDefinedPrefixesRejectsMalformedAndAmbiguousStaticRoutes/invalid_destination","Output":"--- PASS: TestDefinedPrefixesRejectsMalformedAndAmbiguousStaticRoutes/invalid_destination (0.00s)\n","OutputType":"frame"}
{"Time":"2026-09-08T10:19:03.937541404+03:00","Action":"pass","Package":"virmill.local/core/internal/app/network","Test":"TestDefinedPrefixesRejectsMalformedAndAmbiguousStaticRoutes/invalid_destination","Elapsed":0}
{"Time":"2026-09-08T10:19:03.937553238+03:00","Action":"run","Package":"virmill.local/core/internal/app/network","Test":"TestDefinedPrefixesRejectsMalformedAndAmbiguousStaticRoutes/destination_family_mismatch"}
{"Time":"2026-09-08T10:19:03.937555382+03:00","Action":"output","Package":"virmill.local/core/internal/app/network","Test":"TestDefinedPrefixesRejectsMalformedAndAmbiguousStaticRoutes/destination_family_mismatch","Output":"=== RUN   TestDefinedPrefixesRejectsMalformedAndAmbiguousStaticRoutes/destination_family_mismatch\n","OutputType":"frame"}
{"Time":"2026-09-08T10:19:03.937620794+03:00","Action":"output","Package":"virmill.local/core/internal/app/network","Test":"TestDefinedPrefixesRejectsMalformedAndAmbiguousStaticRoutes/destination_family_mismatch","Output":"--- PASS: TestDefinedPrefixesRejectsMalformedAndAmbiguousStaticRoutes/destination_family_mismatch (0.00s)\n","OutputType":"frame"}
{"Time":"2026-09-08T10:19:03.937623786+03:00","Action":"pass","Package":"virmill.local/core/internal/app/network","Test":"TestDefinedPrefixesRejectsMalformedAndAmbiguousStaticRoutes/destination_family_mismatch","Elapsed":0}
{"Time":"2026-09-08T10:19:03.937637985+03:00","Action":"run","Package":"virmill.local/core/internal/app/network","Test":"TestDefinedPrefixesRejectsMalformedAndAmbiguousStaticRoutes/prefix_with_empty_netmask"}
{"Time":"2026-09-08T10:19:03.937640103+03:00","Action":"output","Package":"virmill.local/core/internal/app/network","Test":"TestDefinedPrefixesRejectsMalformedAndAmbiguousStaticRoutes/prefix_with_empty_netmask","Output":"=== RUN   TestDefinedPrefixesRejectsMalformedAndAmbiguousStaticRoutes/prefix_with_empty_netmask\n","OutputType":"frame"}
{"Time":"2026-09-08T10:19:03.937691444+03:00","Action":"output","Package":"virmill.local/core/internal/app/network","Test":"TestDefinedPrefixesRejectsMalformedAndAmbiguousStaticRoutes/prefix_with_empty_netmask","Output":"--- PASS: TestDefinedPrefixesRejectsMalformedAndAmbiguousStaticRoutes/prefix_with_empty_netmask (0.00s)\n","OutputType":"frame"}
{"Time":"2026-09-08T10:19:03.937695012+03:00","Action":"pass","Package":"virmill.local/core/internal/app/network","Test":"TestDefinedPrefixesRejectsMalformedAndAmbiguousStaticRoutes/prefix_with_empty_netmask","Elapsed":0}
{"Time":"2026-09-08T10:19:03.937708571+03:00","Action":"run","Package":"virmill.local/core/internal/app/network","Test":"TestDefinedPrefixesRejectsMalformedAndAmbiguousStaticRoutes/duplicate_destination"}
{"Time":"2026-09-08T10:19:03.937710723+03:00","Action":"output","Package":"virmill.local/core/internal/app/network","Test":"TestDefinedPrefixesRejectsMalformedAndAmbiguousStaticRoutes/duplicate_destination","Output":"=== RUN   TestDefinedPrefixesRejectsMalformedAndAmbiguousStaticRoutes/duplicate_destination\n","OutputType":"frame"}
{"Time":"2026-09-08T10:19:03.937766827+03:00","Action":"output","Package":"virmill.local/core/internal/app/network","Test":"TestDefinedPrefixesRejectsMalformedAndAmbiguousStaticRoutes/duplicate_destination","Output":"--- PASS: TestDefinedPrefixesRejectsMalformedAndAmbiguousStaticRoutes/duplicate_destination (0.00s)\n","OutputType":"frame"}
{"Time":"2026-09-08T10:19:03.937776391+03:00","Action":"pass","Package":"virmill.local/core/internal/app/network","Test":"TestDefinedPrefixesRejectsMalformedAndAmbiguousStaticRoutes/duplicate_destination","Elapsed":0}
{"Time":"2026-09-08T10:19:03.937785412+03:00","Action":"run","Package":"virmill.local/core/internal/app/network","Test":"TestDefinedPrefixesRejectsMalformedAndAmbiguousStaticRoutes/undefined_entity"}
{"Time":"2026-09-08T10:19:03.937787839+03:00","Action":"output","Package":"virmill.local/core/internal/app/network","Test":"TestDefinedPrefixesRejectsMalformedAndAmbiguousStaticRoutes/undefined_entity","Output":"=== RUN   TestDefinedPrefixesRejectsMalformedAndAmbiguousStaticRoutes/undefined_entity\n","OutputType":"frame"}
{"Time":"2026-09-08T10:19:03.937834837+03:00","Action":"output","Package":"virmill.local/core/internal/app/network","Test":"TestDefinedPrefixesRejectsMalformedAndAmbiguousStaticRoutes/undefined_entity","Output":"--- PASS: TestDefinedPrefixesRejectsMalformedAndAmbiguousStaticRoutes/undefined_entity (0.00s)\n","OutputType":"frame"}
{"Time":"2026-09-08T10:19:03.937843222+03:00","Action":"pass","Package":"virmill.local/core/internal/app/network","Test":"TestDefinedPrefixesRejectsMalformedAndAmbiguousStaticRoutes/undefined_entity","Elapsed":0}
{"Time":"2026-09-08T10:19:03.937854485+03:00","Action":"run","Package":"virmill.local/core/internal/app/network","Test":"TestDefinedPrefixesRejectsMalformedAndAmbiguousStaticRoutes/empty_destination"}
{"Time":"2026-09-08T10:19:03.937856452+03:00","Action":"output","Package":"virmill.local/core/internal/app/network","Test":"TestDefinedPrefixesRejectsMalformedAndAmbiguousStaticRoutes/empty_destination","Output":"=== RUN   TestDefinedPrefixesRejectsMalformedAndAmbiguousStaticRoutes/empty_destination\n","OutputType":"frame"}
{"Time":"2026-09-08T10:19:03.937904252+03:00","Action":"output","Package":"virmill.local/core/internal/app/network","Test":"TestDefinedPrefixesRejectsMalformedAndAmbiguousStaticRoutes/empty_destination","Output":"--- PASS: TestDefinedPrefixesRejectsMalformedAndAmbiguousStaticRoutes/empty_destination (0.00s)\n","OutputType":"frame"}
{"Time":"2026-09-08T10:19:03.937908974+03:00","Action":"pass","Package":"virmill.local/core/internal/app/network","Test":"TestDefinedPrefixesRejectsMalformedAndAmbiguousStaticRoutes/empty_destination","Elapsed":0}
{"Time":"2026-09-08T10:19:03.937923961+03:00","Action":"run","Package":"virmill.local/core/internal/app/network","Test":"TestDefinedPrefixesRejectsMalformedAndAmbiguousStaticRoutes/empty_netmask"}
{"Time":"2026-09-08T10:19:03.937926297+03:00","Action":"output","Package":"virmill.local/core/internal/app/network","Test":"TestDefinedPrefixesRejectsMalformedAndAmbiguousStaticRoutes/empty_netmask","Output":"=== RUN   TestDefinedPrefixesRejectsMalformedAndAmbiguousStaticRoutes/empty_netmask\n","OutputType":"frame"}
{"Time":"2026-09-08T10:19:03.937980028+03:00","Action":"output","Package":"virmill.local/core/internal/app/network","Test":"TestDefinedPrefixesRejectsMalformedAndAmbiguousStaticRoutes/empty_netmask","Output":"--- PASS: TestDefinedPrefixesRejectsMalformedAndAmbiguousStaticRoutes/empty_netmask (0.00s)\n","OutputType":"frame"}
{"Time":"2026-09-08T10:19:03.937988873+03:00","Action":"pass","Package":"virmill.local/core/internal/app/network","Test":"TestDefinedPrefixesRejectsMalformedAndAmbiguousStaticRoutes/empty_netmask","Elapsed":0}
{"Time":"2026-09-08T10:19:03.938002106+03:00","Action":"run","Package":"virmill.local/core/internal/app/network","Test":"TestDefinedPrefixesRejectsMalformedAndAmbiguousStaticRoutes/both_masks"}
{"Time":"2026-09-08T10:19:03.93800434+03:00","Action":"output","Package":"virmill.local/core/internal/app/network","Test":"TestDefinedPrefixesRejectsMalformedAndAmbiguousStaticRoutes/both_masks","Output":"=== RUN   TestDefinedPrefixesRejectsMalformedAndAmbiguousStaticRoutes/both_masks\n","OutputType":"frame"}
{"Time":"2026-09-08T10:19:03.938065571+03:00","Action":"output","Package":"virmill.local/core/internal/app/network","Test":"TestDefinedPrefixesRejectsMalformedAndAmbiguousStaticRoutes/both_masks","Output":"--- PASS: TestDefinedPrefixesRejectsMalformedAndAmbiguousStaticRoutes/both_masks (0.00s)\n","OutputType":"frame"}
{"Time":"2026-09-08T10:19:03.9380754+03:00","Action":"pass","Package":"virmill.local/core/internal/app/network","Test":"TestDefinedPrefixesRejectsMalformedAndAmbiguousStaticRoutes/both_masks","Elapsed":0}
{"Time":"2026-09-08T10:19:03.938092623+03:00","Action":"run","Package":"virmill.local/core/internal/app/network","Test":"TestDefinedPrefixesRejectsMalformedAndAmbiguousStaticRoutes/negative_prefix"}
{"Time":"2026-09-08T10:19:03.938094636+03:00","Action":"output","Package":"virmill.local/core/internal/app/network","Test":"TestDefinedPrefixesRejectsMalformedAndAmbiguousStaticRoutes/negative_prefix","Output":"=== RUN   TestDefinedPrefixesRejectsMalformedAndAmbiguousStaticRoutes/negative_prefix\n","OutputType":"frame"}
{"Time":"2026-09-08T10:19:03.938153862+03:00","Action":"output","Package":"virmill.local/core/internal/app/network","Test":"TestDefinedPrefixesRejectsMalformedAndAmbiguousStaticRoutes/negative_prefix","Output":"--- PASS: TestDefinedPrefixesRejectsMalformedAndAmbiguousStaticRoutes/negative_prefix (0.00s)\n","OutputType":"frame"}
{"Time":"2026-09-08T10:19:03.938163421+03:00","Action":"pass","Package":"virmill.local/core/internal/app/network","Test":"TestDefinedPrefixesRejectsMalformedAndAmbiguousStaticRoutes/negative_prefix","Elapsed":0}
{"Time":"2026-09-08T10:19:03.938321573+03:00","Action":"run","Package":"virmill.local/core/internal/app/network","Test":"TestDefinedPrefixesRejectsMalformedAndAmbiguousStaticRoutes/foreign_destination"}
{"Time":"2026-09-08T10:19:03.938325535+03:00","Action":"output","Package":"virmill.local/core/internal/app/network","Test":"TestDefinedPrefixesRejectsMalformedAndAmbiguousStaticRoutes/foreign_destination","Output":"=== RUN   TestDefinedPrefixesRejectsMalformedAndAmbiguousStaticRoutes/foreign_destination\n","OutputType":"frame"}
{"Time":"2026-09-08T10:19:03.938461276+03:00","Action":"output","Package":"virmill.local/core/internal/app/network","Test":"TestDefinedPrefixesRejectsMalformedAndAmbiguousStaticRoutes/foreign_destination","Output":"--- PASS: TestDefinedPrefixesRejectsMalformedAndAmbiguousStaticRoutes/foreign_destination (0.00s)\n","OutputType":"frame"}
{"Time":"2026-09-08T10:19:03.938596596+03:00","Action":"pass","Package":"virmill.local/core/internal/app/network","Test":"TestDefinedPrefixesRejectsMalformedAndAmbiguousStaticRoutes/foreign_destination","Elapsed":0}
{"Time":"2026-09-08T10:19:03.938617121+03:00","Action":"run","Package":"virmill.local/core/internal/app/network","Test":"TestDefinedPrefixesRejectsMalformedAndAmbiguousStaticRoutes/malformed"}
{"Time":"2026-09-08T10:19:03.938619278+03:00","Action":"output","Package":"virmill.local/core/internal/app/network","Test":"TestDefinedPrefixesRejectsMalformedAndAmbiguousStaticRoutes/malformed","Output":"=== RUN   TestDefinedPrefixesRejectsMalformedAndAmbiguousStaticRoutes/malformed\n","OutputType":"frame"}
{"Time":"2026-09-08T10:19:03.938692209+03:00","Action":"output","Package":"virmill.local/core/internal/app/network","Test":"TestDefinedPrefixesRejectsMalformedAndAmbiguousStaticRoutes/malformed","Output":"--- PASS: TestDefinedPrefixesRejectsMalformedAndAmbiguousStaticRoutes/malformed (0.00s)\n","OutputType":"frame"}
{"Time":"2026-09-08T10:19:03.938705947+03:00","Action":"pass","Package":"virmill.local/core/internal/app/network","Test":"TestDefinedPrefixesRejectsMalformedAndAmbiguousStaticRoutes/malformed","Elapsed":0}
{"Time":"2026-09-08T10:19:03.938716134+03:00","Action":"run","Package":"virmill.local/core/internal/app/network","Test":"TestDefinedPrefixesRejectsMalformedAndAmbiguousStaticRoutes/unknown_family"}
{"Time":"2026-09-08T10:19:03.938718863+03:00","Action":"output","Package":"virmill.local/core/internal/app/network","Test":"TestDefinedPrefixesRejectsMalformedAndAmbiguousStaticRoutes/unknown_family","Output":"=== RUN   TestDefinedPrefixesRejectsMalformedAndAmbiguousStaticRoutes/unknown_family\n","OutputType":"frame"}
{"Time":"2026-09-08T10:19:03.938777077+03:00","Action":"output","Package":"virmill.local/core/internal/app/network","Test":"TestDefinedPrefixesRejectsMalformedAndAmbiguousStaticRoutes/unknown_family","Output":"--- PASS: TestDefinedPrefixesRejectsMalformedAndAmbiguousStaticRoutes/unknown_family (0.00s)\n","OutputType":"frame"}
{"Time":"2026-09-08T10:19:03.938790118+03:00","Action":"pass","Package":"virmill.local/core/internal/app/network","Test":"TestDefinedPrefixesRejectsMalformedAndAmbiguousStaticRoutes/unknown_family","Elapsed":0}
{"Time":"2026-09-08T10:19:03.938798792+03:00","Action":"run","Package":"virmill.local/core/internal/app/network","Test":"TestDefinedPrefixesRejectsMalformedAndAmbiguousStaticRoutes/empty_prefix"}
{"Time":"2026-09-08T10:19:03.938800853+03:00","Action":"output","Package":"virmill.local/core/internal/app/network","Test":"TestDefinedPrefixesRejectsMalformedAndAmbiguousStaticRoutes/empty_prefix","Output":"=== RUN   TestDefinedPrefixesRejectsMalformedAndAmbiguousStaticRoutes/empty_prefix\n","OutputType":"frame"}
{"Time":"2026-09-08T10:19:03.93897278+03:00","Action":"output","Package":"virmill.local/core/internal/app/network","Test":"TestDefinedPrefixesRejectsMalformedAndAmbiguousStaticRoutes/empty_prefix","Output":"--- PASS: TestDefinedPrefixesRejectsMalformedAndAmbiguousStaticRoutes/empty_prefix (0.00s)\n","OutputType":"frame"}
{"Time":"2026-09-08T10:19:03.938986992+03:00","Action":"pass","Package":"virmill.local/core/internal/app/network","Test":"TestDefinedPrefixesRejectsMalformedAndAmbiguousStaticRoutes/empty_prefix","Elapsed":0}
{"Time":"2026-09-08T10:19:03.939012605+03:00","Action":"run","Package":"virmill.local/core/internal/app/network","Test":"TestDefinedPrefixesRejectsMalformedAndAmbiguousStaticRoutes/duplicate_gateway"}
{"Time":"2026-09-08T10:19:03.939014675+03:00","Action":"output","Package":"virmill.local/core/internal/app/network","Test":"TestDefinedPrefixesRejectsMalformedAndAmbiguousStaticRoutes/duplicate_gateway","Output":"=== RUN   TestDefinedPrefixesRejectsMalformedAndAmbiguousStaticRoutes/duplicate_gateway\n","OutputType":"frame"}
{"Time":"2026-09-08T10:19:03.939076383+03:00","Action":"output","Package":"virmill.local/core/internal/app/network","Test":"TestDefinedPrefixesRejectsMalformedAndAmbiguousStaticRoutes/duplicate_gateway","Output":"--- PASS: TestDefinedPrefixesRejectsMalformedAndAmbiguousStaticRoutes/duplicate_gateway (0.00s)\n","OutputType":"frame"}
{"Time":"2026-09-08T10:19:03.93908731+03:00","Action":"pass","Package":"virmill.local/core/internal/app/network","Test":"TestDefinedPrefixesRejectsMalformedAndAmbiguousStaticRoutes/duplicate_gateway","Elapsed":0}
{"Time":"2026-09-08T10:19:03.939100052+03:00","Action":"run","Package":"virmill.local/core/internal/app/network","Test":"TestDefinedPrefixesRejectsMalformedAndAmbiguousStaticRoutes/foreign_prefix_beside_native"}
{"Time":"2026-09-08T10:19:03.939102389+03:00","Action":"output","Package":"virmill.local/core/internal/app/network","Test":"TestDefinedPrefixesRejectsMalformedAndAmbiguousStaticRoutes/foreign_prefix_beside_native","Output":"=== RUN   TestDefinedPrefixesRejectsMalformedAndAmbiguousStaticRoutes/foreign_prefix_beside_native\n","OutputType":"frame"}
{"Time":"2026-09-08T10:19:03.939171791+03:00","Action":"output","Package":"virmill.local/core/internal/app/network","Test":"TestDefinedPrefixesRejectsMalformedAndAmbiguousStaticRoutes/foreign_prefix_beside_native","Output":"--- PASS: TestDefinedPrefixesRejectsMalformedAndAmbiguousStaticRoutes/foreign_prefix_beside_native (0.00s)\n","OutputType":"frame"}
{"Time":"2026-09-08T10:19:03.939183873+03:00","Action":"pass","Package":"virmill.local/core/internal/app/network","Test":"TestDefinedPrefixesRejectsMalformedAndAmbiguousStaticRoutes/foreign_prefix_beside_native","Elapsed":0}
{"Time":"2026-09-08T10:19:03.939191315+03:00","Action":"run","Package":"virmill.local/core/internal/app/network","Test":"TestDefinedPrefixesRejectsMalformedAndAmbiguousStaticRoutes/invalid_gateway"}
{"Time":"2026-09-08T10:19:03.939193059+03:00","Action":"output","Package":"virmill.local/core/internal/app/network","Test":"TestDefinedPrefixesRejectsMalformedAndAmbiguousStaticRoutes/invalid_gateway","Output":"=== RUN   TestDefinedPrefixesRejectsMalformedAndAmbiguousStaticRoutes/invalid_gateway\n","OutputType":"frame"}
{"Time":"2026-09-08T10:19:03.939248656+03:00","Action":"output","Package":"virmill.local/core/internal/app/network","Test":"TestDefinedPrefixesRejectsMalformedAndAmbiguousStaticRoutes/invalid_gateway","Output":"--- PASS: TestDefinedPrefixesRejectsMalformedAndAmbiguousStaticRoutes/invalid_gateway (0.00s)\n","OutputType":"frame"}
{"Time":"2026-09-08T10:19:03.93925973+03:00","Action":"pass","Package":"virmill.local/core/internal/app/network","Test":"TestDefinedPrefixesRejectsMalformedAndAmbiguousStaticRoutes/invalid_gateway","Elapsed":0}
{"Time":"2026-09-08T10:19:03.939275626+03:00","Action":"run","Package":"virmill.local/core/internal/app/network","Test":"TestDefinedPrefixesRejectsMalformedAndAmbiguousStaticRoutes/empty_prefix_with_netmask"}
{"Time":"2026-09-08T10:19:03.939277857+03:00","Action":"output","Package":"virmill.local/core/internal/app/network","Test":"TestDefinedPrefixesRejectsMalformedAndAmbiguousStaticRoutes/empty_prefix_with_netmask","Output":"=== RUN   TestDefinedPrefixesRejectsMalformedAndAmbiguousStaticRoutes/empty_prefix_with_netmask\n","OutputType":"frame"}
{"Time":"2026-09-08T10:19:03.939356494+03:00","Action":"output","Package":"virmill.local/core/internal/app/network","Test":"TestDefinedPrefixesRejectsMalformedAndAmbiguousStaticRoutes/empty_prefix_with_netmask","Output":"--- PASS: TestDefinedPrefixesRejectsMalformedAndAmbiguousStaticRoutes/empty_prefix_with_netmask (0.00s)\n","OutputType":"frame"}
{"Time":"2026-09-08T10:19:03.939368602+03:00","Action":"pass","Package":"virmill.local/core/internal/app/network","Test":"TestDefinedPrefixesRejectsMalformedAndAmbiguousStaticRoutes/empty_prefix_with_netmask","Elapsed":0}
{"Time":"2026-09-08T10:19:03.939371939+03:00","Action":"run","Package":"virmill.local/core/internal/app/network","Test":"TestDefinedPrefixesRejectsMalformedAndAmbiguousStaticRoutes/foreign_default_namespace"}
{"Time":"2026-09-08T10:19:03.939373453+03:00","Action":"output","Package":"virmill.local/core/internal/app/network","Test":"TestDefinedPrefixesRejectsMalformedAndAmbiguousStaticRoutes/foreign_default_namespace","Output":"=== RUN   TestDefinedPrefixesRejectsMalformedAndAmbiguousStaticRoutes/foreign_default_namespace\n","OutputType":"frame"}
{"Time":"2026-09-08T10:19:03.939428759+03:00","Action":"output","Package":"virmill.local/core/internal/app/network","Test":"TestDefinedPrefixesRejectsMalformedAndAmbiguousStaticRoutes/foreign_default_namespace","Output":"--- PASS: TestDefinedPrefixesRejectsMalformedAndAmbiguousStaticRoutes/foreign_default_namespace (0.00s)\n","OutputType":"frame"}
{"Time":"2026-09-08T10:19:03.939437172+03:00","Action":"pass","Package":"virmill.local/core/internal/app/network","Test":"TestDefinedPrefixesRejectsMalformedAndAmbiguousStaticRoutes/foreign_default_namespace","Elapsed":0}
{"Time":"2026-09-08T10:19:03.939446091+03:00","Action":"run","Package":"virmill.local/core/internal/app/network","Test":"TestDefinedPrefixesRejectsMalformedAndAmbiguousStaticRoutes/missing_gateway"}
{"Time":"2026-09-08T10:19:03.939448246+03:00","Action":"output","Package":"virmill.local/core/internal/app/network","Test":"TestDefinedPrefixesRejectsMalformedAndAmbiguousStaticRoutes/missing_gateway","Output":"=== RUN   TestDefinedPrefixesRejectsMalformedAndAmbiguousStaticRoutes/missing_gateway\n","OutputType":"frame"}
{"Time":"2026-09-08T10:19:03.93949778+03:00","Action":"output","Package":"virmill.local/core/internal/app/network","Test":"TestDefinedPrefixesRejectsMalformedAndAmbiguousStaticRoutes/missing_gateway","Output":"--- PASS: TestDefinedPrefixesRejectsMalformedAndAmbiguousStaticRoutes/missing_gateway (0.00s)\n","OutputType":"frame"}
{"Time":"2026-09-08T10:19:03.939506779+03:00","Action":"pass","Package":"virmill.local/core/internal/app/network","Test":"TestDefinedPrefixesRejectsMalformedAndAmbiguousStaticRoutes/missing_gateway","Elapsed":0}
{"Time":"2026-09-08T10:19:03.939515946+03:00","Action":"run","Package":"virmill.local/core/internal/app/network","Test":"TestDefinedPrefixesRejectsMalformedAndAmbiguousStaticRoutes/IPv6_overflow_prefix"}
{"Time":"2026-09-08T10:19:03.939518044+03:00","Action":"output","Package":"virmill.local/core/internal/app/network","Test":"TestDefinedPrefixesRejectsMalformedAndAmbiguousStaticRoutes/IPv6_overflow_prefix","Output":"=== RUN   TestDefinedPrefixesRejectsMalformedAndAmbiguousStaticRoutes/IPv6_overflow_prefix\n","OutputType":"frame"}
{"Time":"2026-09-08T10:19:03.939577985+03:00","Action":"output","Package":"virmill.local/core/internal/app/network","Test":"TestDefinedPrefixesRejectsMalformedAndAmbiguousStaticRoutes/IPv6_overflow_prefix","Output":"--- PASS: TestDefinedPrefixesRejectsMalformedAndAmbiguousStaticRoutes/IPv6_overflow_prefix (0.00s)\n","OutputType":"frame"}
{"Time":"2026-09-08T10:19:03.939582709+03:00","Action":"pass","Package":"virmill.local/core/internal/app/network","Test":"TestDefinedPrefixesRejectsMalformedAndAmbiguousStaticRoutes/IPv6_overflow_prefix","Elapsed":0}
{"Time":"2026-09-08T10:19:03.939601634+03:00","Action":"output","Package":"virmill.local/core/internal/app/network","Test":"TestDefinedPrefixesRejectsMalformedAndAmbiguousStaticRoutes","Output":"--- PASS: TestDefinedPrefixesRejectsMalformedAndAmbiguousStaticRoutes (0.00s)\n","OutputType":"frame"}
{"Time":"2026-09-08T10:19:03.939609876+03:00","Action":"pass","Package":"virmill.local/core/internal/app/network","Test":"TestDefinedPrefixesRejectsMalformedAndAmbiguousStaticRoutes","Elapsed":0}
{"Time":"2026-09-08T10:19:03.939622375+03:00","Action":"run","Package":"virmill.local/core/internal/app/network","Test":"TestDefinedPrefixesBounds"}
{"Time":"2026-09-08T10:19:03.93962496+03:00","Action":"output","Package":"virmill.local/core/internal/app/network","Test":"TestDefinedPrefixesBounds","Output":"=== RUN   TestDefinedPrefixesBounds\n","OutputType":"frame"}
{"Time":"2026-09-08T10:19:03.939706898+03:00","Action":"output","Package":"virmill.local/core/internal/app","Test":"TestVMPlansReportInterruptionAndStoppedEditRequirement/resume","Output":"--- PASS: TestVMPlansReportInterruptionAndStoppedEditRequirement/resume (0.00s)\n","OutputType":"frame"}
{"Time":"2026-09-08T10:19:03.939724347+03:00","Action":"pass","Package":"virmill.local/core/internal/app","Test":"TestVMPlansReportInterruptionAndStoppedEditRequirement/resume","Elapsed":0}
{"Time":"2026-09-08T10:19:03.939740744+03:00","Action":"run","Package":"virmill.local/core/internal/app","Test":"TestVMPlansReportInterruptionAndStoppedEditRequirement/autostart"}
{"Time":"2026-09-08T10:19:03.939742901+03:00","Action":"output","Package":"virmill.local/core/internal/app","Test":"TestVMPlansReportInterruptionAndStoppedEditRequirement/autostart","Output":"=== RUN   TestVMPlansReportInterruptionAndStoppedEditRequirement/autostart\n","OutputType":"frame"}
{"Time":"2026-09-08T10:19:03.942608832+03:00","Action":"start","Package":"virmill.local/core/internal/ui/cli"}
{"Time":"2026-09-08T10:19:03.942730172+03:00","Action":"start","Package":"virmill.local/core/internal/ui/tui"}
{"Time":"2026-09-08T10:19:03.942824641+03:00","Action":"start","Package":"virmill.local/core/internal/validation"}
{"Time":"2026-09-08T10:19:03.942913396+03:00","Action":"start","Package":"virmill.local/core/internal/transport/local"}
{"Time":"2026-09-08T10:19:03.944884406+03:00","Action":"output","Package":"virmill.local/core/internal/app","Test":"TestVMPlansReportInterruptionAndStoppedEditRequirement/autostart","Output":"--- PASS: TestVMPlansReportInterruptionAndStoppedEditRequirement/autostart (0.01s)\n","OutputType":"frame"}
{"Time":"2026-09-08T10:19:03.94489931+03:00","Action":"pass","Package":"virmill.local/core/internal/app","Test":"TestVMPlansReportInterruptionAndStoppedEditRequirement/autostart","Elapsed":0.01}
{"Time":"2026-09-08T10:19:03.944909187+03:00","Action":"run","Package":"virmill.local/core/internal/app","Test":"TestVMPlansReportInterruptionAndStoppedEditRequirement/stop"}
{"Time":"2026-09-08T10:19:03.944911891+03:00","Action":"output","Package":"virmill.local/core/internal/app","Test":"TestVMPlansReportInterruptionAndStoppedEditRequirement/stop","Output":"=== RUN   TestVMPlansReportInterruptionAndStoppedEditRequirement/stop\n","OutputType":"frame"}
{"Time":"2026-09-08T10:19:03.950143578+03:00","Action":"output","Package":"virmill.local/core/internal/app","Test":"TestVMPlansReportInterruptionAndStoppedEditRequirement/stop","Output":"--- PASS: TestVMPlansReportInterruptionAndStoppedEditRequirement/stop (0.01s)\n","OutputType":"frame"}
{"Time":"2026-09-08T10:19:03.950169402+03:00","Action":"pass","Package":"virmill.local/core/internal/app","Test":"TestVMPlansReportInterruptionAndStoppedEditRequirement/stop","Elapsed":0.01}
{"Time":"2026-09-08T10:19:03.950175911+03:00","Action":"run","Package":"virmill.local/core/internal/app","Test":"TestVMPlansReportInterruptionAndStoppedEditRequirement/hard-stop"}
{"Time":"2026-09-08T10:19:03.950177077+03:00","Action":"output","Package":"virmill.local/core/internal/app","Test":"TestVMPlansReportInterruptionAndStoppedEditRequirement/hard-stop","Output":"=== RUN   TestVMPlansReportInterruptionAndStoppedEditRequirement/hard-stop\n","OutputType":"frame"}
{"Time":"2026-09-08T10:19:03.955461685+03:00","Action":"output","Package":"virmill.local/core/internal/app","Test":"TestVMPlansReportInterruptionAndStoppedEditRequirement/hard-stop","Output":"--- PASS: TestVMPlansReportInterruptionAndStoppedEditRequirement/hard-stop (0.01s)\n","OutputType":"frame"}
{"Time":"2026-09-08T10:19:03.955473252+03:00","Action":"pass","Package":"virmill.local/core/internal/app","Test":"TestVMPlansReportInterruptionAndStoppedEditRequirement/hard-stop","Elapsed":0.01}
{"Time":"2026-09-08T10:19:03.955497879+03:00","Action":"run","Package":"virmill.local/core/internal/app","Test":"TestVMPlansReportInterruptionAndStoppedEditRequirement/pause"}
{"Time":"2026-09-08T10:19:03.95549952+03:00","Action":"output","Package":"virmill.local/core/internal/app","Test":"TestVMPlansReportInterruptionAndStoppedEditRequirement/pause","Output":"=== RUN   TestVMPlansReportInterruptionAndStoppedEditRequirement/pause\n","OutputType":"frame"}
{"Time":"2026-09-08T10:19:03.960601328+03:00","Action":"output","Package":"virmill.local/core/internal/app","Test":"TestVMPlansReportInterruptionAndStoppedEditRequirement/pause","Output":"--- PASS: TestVMPlansReportInterruptionAndStoppedEditRequirement/pause (0.01s)\n","OutputType":"frame"}
{"Time":"2026-09-08T10:19:03.960624054+03:00","Action":"pass","Package":"virmill.local/core/internal/app","Test":"TestVMPlansReportInterruptionAndStoppedEditRequirement/pause","Elapsed":0.01}
{"Time":"2026-09-08T10:19:03.960630478+03:00","Action":"run","Package":"virmill.local/core/internal/app","Test":"TestVMPlansReportInterruptionAndStoppedEditRequirement/save"}
{"Time":"2026-09-08T10:19:03.960636976+03:00","Action":"output","Package":"virmill.local/core/internal/app","Test":"TestVMPlansReportInterruptionAndStoppedEditRequirement/save","Output":"=== RUN   TestVMPlansReportInterruptionAndStoppedEditRequirement/save\n","OutputType":"frame"}
{"Time":"2026-09-08T10:19:03.965781791+03:00","Action":"output","Package":"virmill.local/core/internal/app","Test":"TestVMPlansReportInterruptionAndStoppedEditRequirement/save","Output":"--- PASS: TestVMPlansReportInterruptionAndStoppedEditRequirement/save (0.01s)\n","OutputType":"frame"}
{"Time":"2026-09-08T10:19:03.965795272+03:00","Action":"pass","Package":"virmill.local/core/internal/app","Test":"TestVMPlansReportInterruptionAndStoppedEditRequirement/save","Elapsed":0.01}
{"Time":"2026-09-08T10:19:03.971591896+03:00","Action":"run","Package":"virmill.local/core/internal/transport/local","Test":"TestPrivateRPCAndSingleton"}
{"Time":"2026-09-08T10:19:03.971631338+03:00","Action":"output","Package":"virmill.local/core/internal/transport/local","Test":"TestPrivateRPCAndSingleton","Output":"=== RUN   TestPrivateRPCAndSingleton\n","OutputType":"frame"}
{"Time":"2026-09-08T10:19:03.975035875+03:00","Action":"run","Package":"virmill.local/core/internal/ui/cli","Test":"TestAuxiliaryCLIMachineOutputPreservesSharedReadOnlyObservation"}
{"Time":"2026-09-08T10:19:03.975059032+03:00","Action":"output","Package":"virmill.local/core/internal/ui/cli","Test":"TestAuxiliaryCLIMachineOutputPreservesSharedReadOnlyObservation","Output":"=== RUN   TestAuxiliaryCLIMachineOutputPreservesSharedReadOnlyObservation\n","OutputType":"frame"}
{"Time":"2026-09-08T10:19:03.975772624+03:00","Action":"run","Package":"virmill.local/core/internal/ui/cli","Test":"TestAuxiliaryCLIMachineOutputPreservesSharedReadOnlyObservation/json"}
{"Time":"2026-09-08T10:19:03.975778501+03:00","Action":"output","Package":"virmill.local/core/internal/ui/cli","Test":"TestAuxiliaryCLIMachineOutputPreservesSharedReadOnlyObservation/json","Output":"=== RUN   TestAuxiliaryCLIMachineOutputPreservesSharedReadOnlyObservation/json\n","OutputType":"frame"}
{"Time":"2026-09-08T10:19:03.976799144+03:00","Action":"run","Package":"virmill.local/core/internal/validation","Test":"TestColdRecoveryPointSchemaIsOfflineStrictAndExplicit"}
{"Time":"2026-09-08T10:19:03.976831275+03:00","Action":"output","Package":"virmill.local/core/internal/validation","Test":"TestColdRecoveryPointSchemaIsOfflineStrictAndExplicit","Output":"=== RUN   TestColdRecoveryPointSchemaIsOfflineStrictAndExplicit\n","OutputType":"frame"}
{"Time":"2026-09-08T10:19:03.97706586+03:00","Action":"output","Package":"virmill.local/core/internal/transport/local","Test":"TestPrivateRPCAndSingleton","Output":"--- PASS: TestPrivateRPCAndSingleton (0.01s)\n","OutputType":"frame"}
{"Time":"2026-09-08T10:19:03.977077576+03:00","Action":"pass","Package":"virmill.local/core/internal/transport/local","Test":"TestPrivateRPCAndSingleton","Elapsed":0.01}
{"Time":"2026-09-08T10:19:03.977101133+03:00","Action":"output","Package":"virmill.local/core/internal/transport/local","Output":"PASS\n","OutputType":"frame"}
{"Time":"2026-09-08T10:19:03.979076221+03:00","Action":"run","Package":"virmill.local/core/internal/ui/tui","Test":"TestAuxiliaryTUIJSONFormAndCurrentPagedSharedObservation"}
{"Time":"2026-09-08T10:19:03.979093996+03:00","Action":"output","Package":"virmill.local/core/internal/ui/tui","Test":"TestAuxiliaryTUIJSONFormAndCurrentPagedSharedObservation","Output":"=== RUN   TestAuxiliaryTUIJSONFormAndCurrentPagedSharedObservation\n","OutputType":"frame"}
{"Time":"2026-09-08T10:19:03.992206456+03:00","Action":"output","Package":"virmill.local/core/internal/app","Test":"TestVMPlansReportInterruptionAndStoppedEditRequirement","Output":"--- PASS: TestVMPlansReportInterruptionAndStoppedEditRequirement (0.07s)\n","OutputType":"frame"}
{"Time":"2026-09-08T10:19:03.992233363+03:00","Action":"pass","Package":"virmill.local/core/internal/app","Test":"TestVMPlansReportInterruptionAndStoppedEditRequirement","Elapsed":0.07}
{"Time":"2026-09-08T10:19:03.992241948+03:00","Action":"run","Package":"virmill.local/core/internal/app","Test":"TestHardwareCombinedPlanReviewAndDurableExecution"}
{"Time":"2026-09-08T10:19:03.992244768+03:00","Action":"output","Package":"virmill.local/core/internal/app","Test":"TestHardwareCombinedPlanReviewAndDurableExecution","Output":"=== RUN   TestHardwareCombinedPlanReviewAndDurableExecution\n","OutputType":"frame"}
{"Time":"2026-09-08T10:19:04.024406018+03:00","Action":"output","Package":"virmill.local/core/internal/app","Test":"TestHardwareCombinedPlanReviewAndDurableExecution","Output":"    hardware_edit_test.go:72: synthetic shared coordinator: one reviewed CPU/RAM/boot/media definition, hashes only, no file or storage deletion\n"}
{"Time":"2026-09-08T10:19:04.024686964+03:00","Action":"output","Package":"virmill.local/core/internal/app","Test":"TestHardwareCombinedPlanReviewAndDurableExecution","Output":"--- PASS: TestHardwareCombinedPlanReviewAndDurableExecution (0.03s)\n","OutputType":"frame"}
{"Time":"2026-09-08T10:19:04.024703036+03:00","Action":"pass","Package":"virmill.local/core/internal/app","Test":"TestHardwareCombinedPlanReviewAndDurableExecution","Elapsed":0.03}
{"Time":"2026-09-08T10:19:04.024712857+03:00","Action":"run","Package":"virmill.local/core/internal/app","Test":"TestHardwareRefusalAndStalePlanDoNotExecute"}
{"Time":"2026-09-08T10:19:04.024716451+03:00","Action":"output","Package":"virmill.local/core/internal/app","Test":"TestHardwareRefusalAndStalePlanDoNotExecute","Output":"=== RUN   TestHardwareRefusalAndStalePlanDoNotExecute\n","OutputType":"frame"}
{"Time":"2026-09-08T10:19:04.024738082+03:00","Action":"run","Package":"virmill.local/core/internal/app","Test":"TestHardwareRefusalAndStalePlanDoNotExecute/missing-boot-replacement"}
{"Time":"2026-09-08T10:19:04.024742212+03:00","Action":"output","Package":"virmill.local/core/internal/app","Test":"TestHardwareRefusalAndStalePlanDoNotExecute/missing-boot-replacement","Output":"=== RUN   TestHardwareRefusalAndStalePlanDoNotExecute/missing-boot-replacement\n","OutputType":"frame"}
{"Time":"2026-09-08T10:19:04.026740062+03:00","Action":"output","Package":"virmill.local/core/internal/app","Test":"TestHardwareRefusalAndStalePlanDoNotExecute/missing-boot-replacement","Output":"--- PASS: TestHardwareRefusalAndStalePlanDoNotExecute/missing-boot-replacement (0.00s)\n","OutputType":"frame"}
{"Time":"2026-09-08T10:19:04.026751265+03:00","Action":"pass","Package":"virmill.local/core/internal/app","Test":"TestHardwareRefusalAndStalePlanDoNotExecute/missing-boot-replacement","Elapsed":0}
{"Time":"2026-09-08T10:19:04.026757414+03:00","Action":"run","Package":"virmill.local/core/internal/app","Test":"TestHardwareRefusalAndStalePlanDoNotExecute/empty-candidate"}
{"Time":"2026-09-08T10:19:04.02676024+03:00","Action":"output","Package":"virmill.local/core/internal/app","Test":"TestHardwareRefusalAndStalePlanDoNotExecute/empty-candidate","Output":"=== RUN   TestHardwareRefusalAndStalePlanDoNotExecute/empty-candidate\n","OutputType":"frame"}
{"Time":"2026-09-08T10:19:04.028875498+03:00","Action":"output","Package":"virmill.local/core/internal/app","Test":"TestHardwareRefusalAndStalePlanDoNotExecute/empty-candidate","Output":"--- PASS: TestHardwareRefusalAndStalePlanDoNotExecute/empty-candidate (0.00s)\n","OutputType":"frame"}
{"Time":"2026-09-08T10:19:04.028881898+03:00","Action":"pass","Package":"virmill.local/core/internal/app","Test":"TestHardwareRefusalAndStalePlanDoNotExecute/empty-candidate","Elapsed":0}
{"Time":"2026-09-08T10:19:04.028896751+03:00","Action":"run","Package":"virmill.local/core/internal/app","Test":"TestHardwareRefusalAndStalePlanDoNotExecute/duplicate"}
{"Time":"2026-09-08T10:19:04.02890031+03:00","Action":"output","Package":"virmill.local/core/internal/app","Test":"TestHardwareRefusalAndStalePlanDoNotExecute/duplicate","Output":"=== RUN   TestHardwareRefusalAndStalePlanDoNotExecute/duplicate\n","OutputType":"frame"}
{"Time":"2026-09-08T10:19:04.031401314+03:00","Action":"output","Package":"virmill.local/core/internal/app","Test":"TestHardwareRefusalAndStalePlanDoNotExecute/duplicate","Output":"--- PASS: TestHardwareRefusalAndStalePlanDoNotExecute/duplicate (0.00s)\n","OutputType":"frame"}
{"Time":"2026-09-08T10:19:04.031422493+03:00","Action":"pass","Package":"virmill.local/core/internal/app","Test":"TestHardwareRefusalAndStalePlanDoNotExecute/duplicate","Elapsed":0}
{"Time":"2026-09-08T10:19:04.031427597+03:00","Action":"run","Package":"virmill.local/core/internal/app","Test":"TestHardwareRefusalAndStalePlanDoNotExecute/live-mode"}
{"Time":"2026-09-08T10:19:04.031430222+03:00","Action":"output","Package":"virmill.local/core/internal/app","Test":"TestHardwareRefusalAndStalePlanDoNotExecute/live-mode","Output":"=== RUN   TestHardwareRefusalAndStalePlanDoNotExecute/live-mode\n","OutputType":"frame"}
{"Time":"2026-09-08T10:19:04.032533667+03:00","Action":"output","Package":"virmill.local/core/internal/app","Test":"TestHardwareRefusalAndStalePlanDoNotExecute/live-mode","Output":"--- PASS: TestHardwareRefusalAndStalePlanDoNotExecute/live-mode (0.00s)\n","OutputType":"frame"}
{"Time":"2026-09-08T10:19:04.032551382+03:00","Action":"pass","Package":"virmill.local/core/internal/app","Test":"TestHardwareRefusalAndStalePlanDoNotExecute/live-mode","Elapsed":0}
{"Time":"2026-09-08T10:19:04.032556782+03:00","Action":"run","Package":"virmill.local/core/internal/app","Test":"TestHardwareRefusalAndStalePlanDoNotExecute/saved"}
{"Time":"2026-09-08T10:19:04.032559448+03:00","Action":"output","Package":"virmill.local/core/internal/app","Test":"TestHardwareRefusalAndStalePlanDoNotExecute/saved","Output":"=== RUN   TestHardwareRefusalAndStalePlanDoNotExecute/saved\n","OutputType":"frame"}
{"Time":"2026-09-08T10:19:04.03360177+03:00","Action":"output","Package":"virmill.local/core/internal/app","Test":"TestHardwareRefusalAndStalePlanDoNotExecute/saved","Output":"--- PASS: TestHardwareRefusalAndStalePlanDoNotExecute/saved (0.00s)\n","OutputType":"frame"}
{"Time":"2026-09-08T10:19:04.033618541+03:00","Action":"pass","Package":"virmill.local/core/internal/app","Test":"TestHardwareRefusalAndStalePlanDoNotExecute/saved","Elapsed":0}
{"Time":"2026-09-08T10:19:04.033624326+03:00","Action":"run","Package":"virmill.local/core/internal/app","Test":"TestHardwareRefusalAndStalePlanDoNotExecute/running"}
{"Time":"2026-09-08T10:19:04.033627612+03:00","Action":"output","Package":"virmill.local/core/internal/app","Test":"TestHardwareRefusalAndStalePlanDoNotExecute/running","Output":"=== RUN   TestHardwareRefusalAndStalePlanDoNotExecute/running\n","OutputType":"frame"}
{"Time":"2026-09-08T10:19:04.034673957+03:00","Action":"output","Package":"virmill.local/core/internal/app","Test":"TestHardwareRefusalAndStalePlanDoNotExecute/running","Output":"--- PASS: TestHardwareRefusalAndStalePlanDoNotExecute/running (0.00s)\n","OutputType":"frame"}
{"Time":"2026-09-08T10:19:04.034688603+03:00","Action":"pass","Package":"virmill.local/core/internal/app","Test":"TestHardwareRefusalAndStalePlanDoNotExecute/running","Elapsed":0}
{"Time":"2026-09-08T10:19:04.034694808+03:00","Action":"run","Package":"virmill.local/core/internal/app","Test":"TestHardwareRefusalAndStalePlanDoNotExecute/unknown-field"}
{"Time":"2026-09-08T10:19:04.034697762+03:00","Action":"output","Package":"virmill.local/core/internal/app","Test":"TestHardwareRefusalAndStalePlanDoNotExecute/unknown-field","Output":"=== RUN   TestHardwareRefusalAndStalePlanDoNotExecute/unknown-field\n","OutputType":"frame"}
{"Time":"2026-09-08T10:19:04.035760172+03:00","Action":"output","Package":"virmill.local/core/internal/app","Test":"TestHardwareRefusalAndStalePlanDoNotExecute/unknown-field","Output":"--- PASS: TestHardwareRefusalAndStalePlanDoNotExecute/unknown-field (0.00s)\n","OutputType":"frame"}
{"Time":"2026-09-08T10:19:04.035778571+03:00","Action":"pass","Package":"virmill.local/core/internal/app","Test":"TestHardwareRefusalAndStalePlanDoNotExecute/unknown-field","Elapsed":0}
{"Time":"2026-09-08T10:19:04.052239126+03:00","Action":"output","Package":"virmill.local/core/internal/app","Test":"TestHardwareRefusalAndStalePlanDoNotExecute","Output":"--- PASS: TestHardwareRefusalAndStalePlanDoNotExecute (0.03s)\n","OutputType":"frame"}
{"Time":"2026-09-08T10:19:04.052281629+03:00","Action":"pass","Package":"virmill.local/core/internal/app","Test":"TestHardwareRefusalAndStalePlanDoNotExecute","Elapsed":0.03}
{"Time":"2026-09-08T10:19:04.052294157+03:00","Action":"run","Package":"virmill.local/core/internal/app","Test":"TestHardwareLostAcknowledgementReopensWithoutRedefining"}
{"Time":"2026-09-08T10:19:04.052297292+03:00","Action":"output","Package":"virmill.local/core/internal/app","Test":"TestHardwareLostAcknowledgementReopensWithoutRedefining","Output":"=== RUN   TestHardwareLostAcknowledgementReopensWithoutRedefining\n","OutputType":"frame"}
{"Time":"2026-09-08T10:19:04.052317383+03:00","Action":"output","Package":"virmill.local/core/internal/ui/cli","Test":"TestAuxiliaryCLIMachineOutputPreservesSharedReadOnlyObservation/json","Output":"--- PASS: TestAuxiliaryCLIMachineOutputPreservesSharedReadOnlyObservation/json (0.08s)\n","OutputType":"frame"}
{"Time":"2026-09-08T10:19:04.05233104+03:00","Action":"pass","Package":"virmill.local/core/internal/ui/cli","Test":"TestAuxiliaryCLIMachineOutputPreservesSharedReadOnlyObservation/json","Elapsed":0.08}
{"Time":"2026-09-08T10:19:04.052338266+03:00","Action":"run","Package":"virmill.local/core/internal/ui/cli","Test":"TestAuxiliaryCLIMachineOutputPreservesSharedReadOnlyObservation/ndjson"}
{"Time":"2026-09-08T10:19:04.052341376+03:00","Action":"output","Package":"virmill.local/core/internal/ui/cli","Test":"TestAuxiliaryCLIMachineOutputPreservesSharedReadOnlyObservation/ndjson","Output":"=== RUN   TestAuxiliaryCLIMachineOutputPreservesSharedReadOnlyObservation/ndjson\n","OutputType":"frame"}
{"Time":"2026-09-08T10:19:04.05569304+03:00","Action":"output","Package":"virmill.local/core/internal/ui/cli","Test":"TestAuxiliaryCLIMachineOutputPreservesSharedReadOnlyObservation/ndjson","Output":"--- PASS: TestAuxiliaryCLIMachineOutputPreservesSharedReadOnlyObservation/ndjson (0.00s)\n","OutputType":"frame"}
{"Time":"2026-09-08T10:19:04.055730954+03:00","Action":"pass","Package":"virmill.local/core/internal/ui/cli","Test":"TestAuxiliaryCLIMachineOutputPreservesSharedReadOnlyObservation/ndjson","Elapsed":0}
{"Time":"2026-09-08T10:19:04.056565093+03:00","Action":"output","Package":"virmill.local/core/internal/ui/cli","Test":"TestAuxiliaryCLIMachineOutputPreservesSharedReadOnlyObservation","Output":"--- PASS: TestAuxiliaryCLIMachineOutputPreservesSharedReadOnlyObservation (0.08s)\n","OutputType":"frame"}
{"Time":"2026-09-08T10:19:04.056591005+03:00","Action":"pass","Package":"virmill.local/core/internal/ui/cli","Test":"TestAuxiliaryCLIMachineOutputPreservesSharedReadOnlyObservation","Elapsed":0.08}
{"Time":"2026-09-08T10:19:04.056628852+03:00","Action":"run","Package":"virmill.local/core/internal/ui/cli","Test":"TestAuxiliaryCLIErrorsAndCancellationDoNotReturnMetadata"}
{"Time":"2026-09-08T10:19:04.056632925+03:00","Action":"output","Package":"virmill.local/core/internal/ui/cli","Test":"TestAuxiliaryCLIErrorsAndCancellationDoNotReturnMetadata","Output":"=== RUN   TestAuxiliaryCLIErrorsAndCancellationDoNotReturnMetadata\n","OutputType":"frame"}
{"Time":"2026-09-08T10:19:04.056697655+03:00","Action":"run","Package":"virmill.local/core/internal/ui/cli","Test":"TestAuxiliaryCLIErrorsAndCancellationDoNotReturnMetadata/json/unknown-input"}
{"Time":"2026-09-08T10:19:04.056701727+03:00","Action":"output","Package":"virmill.local/core/internal/ui/cli","Test":"TestAuxiliaryCLIErrorsAndCancellationDoNotReturnMetadata/json/unknown-input","Output":"=== RUN   TestAuxiliaryCLIErrorsAndCancellationDoNotReturnMetadata/json/unknown-input\n","OutputType":"frame"}
{"Time":"2026-09-08T10:19:04.058831495+03:00","Action":"output","Package":"virmill.local/core/internal/ui/cli","Test":"TestAuxiliaryCLIErrorsAndCancellationDoNotReturnMetadata/json/unknown-input","Output":"--- PASS: TestAuxiliaryCLIErrorsAndCancellationDoNotReturnMetadata/json/unknown-input (0.00s)\n","OutputType":"frame"}
{"Time":"2026-09-08T10:19:04.05885465+03:00","Action":"pass","Package":"virmill.local/core/internal/ui/cli","Test":"TestAuxiliaryCLIErrorsAndCancellationDoNotReturnMetadata/json/unknown-input","Elapsed":0}
{"Time":"2026-09-08T10:19:04.058882824+03:00","Action":"run","Package":"virmill.local/core/internal/ui/cli","Test":"TestAuxiliaryCLIErrorsAndCancellationDoNotReturnMetadata/json/missing-root"}
{"Time":"2026-09-08T10:19:04.058887826+03:00","Action":"output","Package":"virmill.local/core/internal/ui/cli","Test":"TestAuxiliaryCLIErrorsAndCancellationDoNotReturnMetadata/json/missing-root","Output":"=== RUN   TestAuxiliaryCLIErrorsAndCancellationDoNotReturnMetadata/json/missing-root\n","OutputType":"frame"}
{"Time":"2026-09-08T10:19:04.060398515+03:00","Action":"output","Package":"virmill.local/core/internal/ui/cli","Test":"TestAuxiliaryCLIErrorsAndCancellationDoNotReturnMetadata/json/missing-root","Output":"--- PASS: TestAuxiliaryCLIErrorsAndCancellationDoNotReturnMetadata/json/missing-root (0.00s)\n","OutputType":"frame"}
{"Time":"2026-09-08T10:19:04.060408476+03:00","Action":"pass","Package":"virmill.local/core/internal/ui/cli","Test":"TestAuxiliaryCLIErrorsAndCancellationDoNotReturnMetadata/json/missing-root","Elapsed":0}
{"Time":"2026-09-08T10:19:04.060432592+03:00","Action":"run","Package":"virmill.local/core/internal/ui/cli","Test":"TestAuxiliaryCLIErrorsAndCancellationDoNotReturnMetadata/json/unapproved-root"}
{"Time":"2026-09-08T10:19:04.060436748+03:00","Action":"output","Package":"virmill.local/core/internal/ui/cli","Test":"TestAuxiliaryCLIErrorsAndCancellationDoNotReturnMetadata/json/unapproved-root","Output":"=== RUN   TestAuxiliaryCLIErrorsAndCancellationDoNotReturnMetadata/json/unapproved-root\n","OutputType":"frame"}
{"Time":"2026-09-08T10:19:04.063083991+03:00","Action":"output","Package":"virmill.local/core/internal/ui/cli","Test":"TestAuxiliaryCLIErrorsAndCancellationDoNotReturnMetadata/json/unapproved-root","Output":"--- PASS: TestAuxiliaryCLIErrorsAndCancellationDoNotReturnMetadata/json/unapproved-root (0.00s)\n","OutputType":"frame"}
{"Time":"2026-09-08T10:19:04.063099704+03:00","Action":"pass","Package":"virmill.local/core/internal/ui/cli","Test":"TestAuxiliaryCLIErrorsAndCancellationDoNotReturnMetadata/json/unapproved-root","Elapsed":0}
{"Time":"2026-09-08T10:19:04.063120611+03:00","Action":"run","Package":"virmill.local/core/internal/ui/cli","Test":"TestAuxiliaryCLIErrorsAndCancellationDoNotReturnMetadata/json/session"}
{"Time":"2026-09-08T10:19:04.063124248+03:00","Action":"output","Package":"virmill.local/core/internal/ui/cli","Test":"TestAuxiliaryCLIErrorsAndCancellationDoNotReturnMetadata/json/session","Output":"=== RUN   TestAuxiliaryCLIErrorsAndCancellationDoNotReturnMetadata/json/session\n","OutputType":"frame"}
{"Time":"2026-09-08T10:19:04.064402836+03:00","Action":"output","Package":"virmill.local/core/internal/ui/cli","Test":"TestAuxiliaryCLIErrorsAndCancellationDoNotReturnMetadata/json/session","Output":"--- PASS: TestAuxiliaryCLIErrorsAndCancellationDoNotReturnMetadata/json/session (0.00s)\n","OutputType":"frame"}
{"Time":"2026-09-08T10:19:04.064420001+03:00","Action":"pass","Package":"virmill.local/core/internal/ui/cli","Test":"TestAuxiliaryCLIErrorsAndCancellationDoNotReturnMetadata/json/session","Elapsed":0}
{"Time":"2026-09-08T10:19:04.064439601+03:00","Action":"run","Package":"virmill.local/core/internal/ui/cli","Test":"TestAuxiliaryCLIErrorsAndCancellationDoNotReturnMetadata/json/root-actor"}
{"Time":"2026-09-08T10:19:04.064443603+03:00","Action":"output","Package":"virmill.local/core/internal/ui/cli","Test":"TestAuxiliaryCLIErrorsAndCancellationDoNotReturnMetadata/json/root-actor","Output":"=== RUN   TestAuxiliaryCLIErrorsAndCancellationDoNotReturnMetadata/json/root-actor\n","OutputType":"frame"}
{"Time":"2026-09-08T10:19:04.065475759+03:00","Action":"output","Package":"virmill.local/core/internal/ui/cli","Test":"TestAuxiliaryCLIErrorsAndCancellationDoNotReturnMetadata/json/root-actor","Output":"--- PASS: TestAuxiliaryCLIErrorsAndCancellationDoNotReturnMetadata/json/root-actor (0.00s)\n","OutputType":"frame"}
{"Time":"2026-09-08T10:19:04.065491348+03:00","Action":"pass","Package":"virmill.local/core/internal/ui/cli","Test":"TestAuxiliaryCLIErrorsAndCancellationDoNotReturnMetadata/json/root-actor","Elapsed":0}
{"Time":"2026-09-08T10:19:04.065495986+03:00","Action":"run","Package":"virmill.local/core/internal/ui/cli","Test":"TestAuxiliaryCLIErrorsAndCancellationDoNotReturnMetadata/json/native-error"}
{"Time":"2026-09-08T10:19:04.065499235+03:00","Action":"output","Package":"virmill.local/core/internal/ui/cli","Test":"TestAuxiliaryCLIErrorsAndCancellationDoNotReturnMetadata/json/native-error","Output":"=== RUN   TestAuxiliaryCLIErrorsAndCancellationDoNotReturnMetadata/json/native-error\n","OutputType":"frame"}
{"Time":"2026-09-08T10:19:04.066369674+03:00","Action":"output","Package":"virmill.local/core/internal/ui/cli","Test":"TestAuxiliaryCLIErrorsAndCancellationDoNotReturnMetadata/json/native-error","Output":"--- PASS: TestAuxiliaryCLIErrorsAndCancellationDoNotReturnMetadata/json/native-error (0.00s)\n","OutputType":"frame"}
{"Time":"2026-09-08T10:19:04.066375951+03:00","Action":"pass","Package":"virmill.local/core/internal/ui/cli","Test":"TestAuxiliaryCLIErrorsAndCancellationDoNotReturnMetadata/json/native-error","Elapsed":0}
{"Time":"2026-09-08T10:19:04.0663926+03:00","Action":"run","Package":"virmill.local/core/internal/ui/cli","Test":"TestAuxiliaryCLIErrorsAndCancellationDoNotReturnMetadata/json/helper-denied"}
{"Time":"2026-09-08T10:19:04.066396469+03:00","Action":"output","Package":"virmill.local/core/internal/ui/cli","Test":"TestAuxiliaryCLIErrorsAndCancellationDoNotReturnMetadata/json/helper-denied","Output":"=== RUN   TestAuxiliaryCLIErrorsAndCancellationDoNotReturnMetadata/json/helper-denied\n","OutputType":"frame"}
{"Time":"2026-09-08T10:19:04.067503997+03:00","Action":"output","Package":"virmill.local/core/internal/ui/cli","Test":"TestAuxiliaryCLIErrorsAndCancellationDoNotReturnMetadata/json/helper-denied","Output":"--- PASS: TestAuxiliaryCLIErrorsAndCancellationDoNotReturnMetadata/json/helper-denied (0.00s)\n","OutputType":"frame"}
{"Time":"2026-09-08T10:19:04.067512924+03:00","Action":"pass","Package":"virmill.local/core/internal/ui/cli","Test":"TestAuxiliaryCLIErrorsAndCancellationDoNotReturnMetadata/json/helper-denied","Elapsed":0}
{"Time":"2026-09-08T10:19:04.067517399+03:00","Action":"run","Package":"virmill.local/core/internal/ui/cli","Test":"TestAuxiliaryCLIErrorsAndCancellationDoNotReturnMetadata/json/source-change"}
{"Time":"2026-09-08T10:19:04.067520244+03:00","Action":"output","Package":"virmill.local/core/internal/ui/cli","Test":"TestAuxiliaryCLIErrorsAndCancellationDoNotReturnMetadata/json/source-change","Output":"=== RUN   TestAuxiliaryCLIErrorsAndCancellationDoNotReturnMetadata/json/source-change\n","OutputType":"frame"}
{"Time":"2026-09-08T10:19:04.068990813+03:00","Action":"output","Package":"virmill.local/core/internal/ui/cli","Test":"TestAuxiliaryCLIErrorsAndCancellationDoNotReturnMetadata/json/source-change","Output":"--- PASS: TestAuxiliaryCLIErrorsAndCancellationDoNotReturnMetadata/json/source-change (0.00s)\n","OutputType":"frame"}
{"Time":"2026-09-08T10:19:04.06900709+03:00","Action":"pass","Package":"virmill.local/core/internal/ui/cli","Test":"TestAuxiliaryCLIErrorsAndCancellationDoNotReturnMetadata/json/source-change","Elapsed":0}
{"Time":"2026-09-08T10:19:04.069012961+03:00","Action":"run","Package":"virmill.local/core/internal/ui/cli","Test":"TestAuxiliaryCLIErrorsAndCancellationDoNotReturnMetadata/json/pre-cancel"}
{"Time":"2026-09-08T10:19:04.069016242+03:00","Action":"output","Package":"virmill.local/core/internal/ui/cli","Test":"TestAuxiliaryCLIErrorsAndCancellationDoNotReturnMetadata/json/pre-cancel","Output":"=== RUN   TestAuxiliaryCLIErrorsAndCancellationDoNotReturnMetadata/json/pre-cancel\n","OutputType":"frame"}
{"Time":"2026-09-08T10:19:04.069788177+03:00","Action":"output","Package":"virmill.local/core/internal/ui/cli","Test":"TestAuxiliaryCLIErrorsAndCancellationDoNotReturnMetadata/json/pre-cancel","Output":"--- PASS: TestAuxiliaryCLIErrorsAndCancellationDoNotReturnMetadata/json/pre-cancel (0.00s)\n","OutputType":"frame"}
{"Time":"2026-09-08T10:19:04.069798294+03:00","Action":"pass","Package":"virmill.local/core/internal/ui/cli","Test":"TestAuxiliaryCLIErrorsAndCancellationDoNotReturnMetadata/json/pre-cancel","Elapsed":0}
{"Time":"2026-09-08T10:19:04.069803278+03:00","Action":"run","Package":"virmill.local/core/internal/ui/cli","Test":"TestAuxiliaryCLIErrorsAndCancellationDoNotReturnMetadata/json/post-cancel"}
{"Time":"2026-09-08T10:19:04.069806258+03:00","Action":"output","Package":"virmill.local/core/internal/ui/cli","Test":"TestAuxiliaryCLIErrorsAndCancellationDoNotReturnMetadata/json/post-cancel","Output":"=== RUN   TestAuxiliaryCLIErrorsAndCancellationDoNotReturnMetadata/json/post-cancel\n","OutputType":"frame"}
{"Time":"2026-09-08T10:19:04.071393379+03:00","Action":"output","Package":"virmill.local/core/internal/ui/cli","Test":"TestAuxiliaryCLIErrorsAndCancellationDoNotReturnMetadata/json/post-cancel","Output":"--- PASS: TestAuxiliaryCLIErrorsAndCancellationDoNotReturnMetadata/json/post-cancel (0.00s)\n","OutputType":"frame"}
{"Time":"2026-09-08T10:19:04.071412203+03:00","Action":"pass","Package":"virmill.local/core/internal/ui/cli","Test":"TestAuxiliaryCLIErrorsAndCancellationDoNotReturnMetadata/json/post-cancel","Elapsed":0}
{"Time":"2026-09-08T10:19:04.071424777+03:00","Action":"run","Package":"virmill.local/core/internal/ui/cli","Test":"TestAuxiliaryCLIErrorsAndCancellationDoNotReturnMetadata/json/transport"}
{"Time":"2026-09-08T10:19:04.071428234+03:00","Action":"output","Package":"virmill.local/core/internal/ui/cli","Test":"TestAuxiliaryCLIErrorsAndCancellationDoNotReturnMetadata/json/transport","Output":"=== RUN   TestAuxiliaryCLIErrorsAndCancellationDoNotReturnMetadata/json/transport\n","OutputType":"frame"}
{"Time":"2026-09-08T10:19:04.073021526+03:00","Action":"output","Package":"virmill.local/core/internal/ui/cli","Test":"TestAuxiliaryCLIErrorsAndCancellationDoNotReturnMetadata/json/transport","Output":"--- PASS: TestAuxiliaryCLIErrorsAndCancellationDoNotReturnMetadata/json/transport (0.00s)\n","OutputType":"frame"}
{"Time":"2026-09-08T10:19:04.073074065+03:00","Action":"pass","Package":"virmill.local/core/internal/ui/cli","Test":"TestAuxiliaryCLIErrorsAndCancellationDoNotReturnMetadata/json/transport","Elapsed":0}
{"Time":"2026-09-08T10:19:04.073108561+03:00","Action":"run","Package":"virmill.local/core/internal/ui/cli","Test":"TestAuxiliaryCLIErrorsAndCancellationDoNotReturnMetadata/ndjson/unknown-input"}
{"Time":"2026-09-08T10:19:04.073112698+03:00","Action":"output","Package":"virmill.local/core/internal/ui/cli","Test":"TestAuxiliaryCLIErrorsAndCancellationDoNotReturnMetadata/ndjson/unknown-input","Output":"=== RUN   TestAuxiliaryCLIErrorsAndCancellationDoNotReturnMetadata/ndjson/unknown-input\n","OutputType":"frame"}
{"Time":"2026-09-08T10:19:04.074604586+03:00","Action":"output","Package":"virmill.local/core/internal/ui/cli","Test":"TestAuxiliaryCLIErrorsAndCancellationDoNotReturnMetadata/ndjson/unknown-input","Output":"--- PASS: TestAuxiliaryCLIErrorsAndCancellationDoNotReturnMetadata/ndjson/unknown-input (0.00s)\n","OutputType":"frame"}
{"Time":"2026-09-08T10:19:04.074625528+03:00","Action":"pass","Package":"virmill.local/core/internal/ui/cli","Test":"TestAuxiliaryCLIErrorsAndCancellationDoNotReturnMetadata/ndjson/unknown-input","Elapsed":0}
{"Time":"2026-09-08T10:19:04.074648473+03:00","Action":"run","Package":"virmill.local/core/internal/ui/cli","Test":"TestAuxiliaryCLIErrorsAndCancellationDoNotReturnMetadata/ndjson/missing-root"}
{"Time":"2026-09-08T10:19:04.074652342+03:00","Action":"output","Package":"virmill.local/core/internal/ui/cli","Test":"TestAuxiliaryCLIErrorsAndCancellationDoNotReturnMetadata/ndjson/missing-root","Output":"=== RUN   TestAuxiliaryCLIErrorsAndCancellationDoNotReturnMetadata/ndjson/missing-root\n","OutputType":"frame"}
{"Time":"2026-09-08T10:19:04.075937905+03:00","Action":"output","Package":"virmill.local/core/internal/ui/cli","Test":"TestAuxiliaryCLIErrorsAndCancellationDoNotReturnMetadata/ndjson/missing-root","Output":"--- PASS: TestAuxiliaryCLIErrorsAndCancellationDoNotReturnMetadata/ndjson/missing-root (0.00s)\n","OutputType":"frame"}
{"Time":"2026-09-08T10:19:04.075952304+03:00","Action":"pass","Package":"virmill.local/core/internal/ui/cli","Test":"TestAuxiliaryCLIErrorsAndCancellationDoNotReturnMetadata/ndjson/missing-root","Elapsed":0}
{"Time":"2026-09-08T10:19:04.075977822+03:00","Action":"run","Package":"virmill.local/core/internal/ui/cli","Test":"TestAuxiliaryCLIErrorsAndCancellationDoNotReturnMetadata/ndjson/unapproved-root"}
{"Time":"2026-09-08T10:19:04.07598151+03:00","Action":"output","Package":"virmill.local/core/internal/ui/cli","Test":"TestAuxiliaryCLIErrorsAndCancellationDoNotReturnMetadata/ndjson/unapproved-root","Output":"=== RUN   TestAuxiliaryCLIErrorsAndCancellationDoNotReturnMetadata/ndjson/unapproved-root\n","OutputType":"frame"}
{"Time":"2026-09-08T10:19:04.077329994+03:00","Action":"output","Package":"virmill.local/core/internal/ui/cli","Test":"TestAuxiliaryCLIErrorsAndCancellationDoNotReturnMetadata/ndjson/unapproved-root","Output":"--- PASS: TestAuxiliaryCLIErrorsAndCancellationDoNotReturnMetadata/ndjson/unapproved-root (0.00s)\n","OutputType":"frame"}
{"Time":"2026-09-08T10:19:04.077366155+03:00","Action":"pass","Package":"virmill.local/core/internal/ui/cli","Test":"TestAuxiliaryCLIErrorsAndCancellationDoNotReturnMetadata/ndjson/unapproved-root","Elapsed":0}
{"Time":"2026-09-08T10:19:04.077382476+03:00","Action":"run","Package":"virmill.local/core/internal/ui/cli","Test":"TestAuxiliaryCLIErrorsAndCancellationDoNotReturnMetadata/ndjson/session"}
{"Time":"2026-09-08T10:19:04.077386219+03:00","Action":"output","Package":"virmill.local/core/internal/ui/cli","Test":"TestAuxiliaryCLIErrorsAndCancellationDoNotReturnMetadata/ndjson/session","Output":"=== RUN   TestAuxiliaryCLIErrorsAndCancellationDoNotReturnMetadata/ndjson/session\n","OutputType":"frame"}
{"Time":"2026-09-08T10:19:04.078114955+03:00","Action":"output","Package":"virmill.local/core/internal/ui/cli","Test":"TestAuxiliaryCLIErrorsAndCancellationDoNotReturnMetadata/ndjson/session","Output":"--- PASS: TestAuxiliaryCLIErrorsAndCancellationDoNotReturnMetadata/ndjson/session (0.00s)\n","OutputType":"frame"}
{"Time":"2026-09-08T10:19:04.078127288+03:00","Action":"pass","Package":"virmill.local/core/internal/ui/cli","Test":"TestAuxiliaryCLIErrorsAndCancellationDoNotReturnMetadata/ndjson/session","Elapsed":0}
{"Time":"2026-09-08T10:19:04.078130527+03:00","Action":"run","Package":"virmill.local/core/internal/ui/cli","Test":"TestAuxiliaryCLIErrorsAndCancellationDoNotReturnMetadata/ndjson/root-actor"}
{"Time":"2026-09-08T10:19:04.078132528+03:00","Action":"output","Package":"virmill.local/core/internal/ui/cli","Test":"TestAuxiliaryCLIErrorsAndCancellationDoNotReturnMetadata/ndjson/root-actor","Output":"=== RUN   TestAuxiliaryCLIErrorsAndCancellationDoNotReturnMetadata/ndjson/root-actor\n","OutputType":"frame"}
{"Time":"2026-09-08T10:19:04.078452928+03:00","Action":"output","Package":"virmill.local/core/internal/ui/tui","Test":"TestAuxiliaryTUIJSONFormAndCurrentPagedSharedObservation","Output":"--- PASS: TestAuxiliaryTUIJSONFormAndCurrentPagedSharedObservation (0.10s)\n","OutputType":"frame"}
{"Time":"2026-09-08T10:19:04.078475098+03:00","Action":"pass","Package":"virmill.local/core/internal/ui/tui","Test":"TestAuxiliaryTUIJSONFormAndCurrentPagedSharedObservation","Elapsed":0.1}
{"Time":"2026-09-08T10:19:04.078511018+03:00","Action":"run","Package":"virmill.local/core/internal/ui/tui","Test":"TestAuxiliaryTUIFailuresClearStaleMetadataAndApproval"}
{"Time":"2026-09-08T10:19:04.078520081+03:00","Action":"output","Package":"virmill.local/core/internal/ui/tui","Test":"TestAuxiliaryTUIFailuresClearStaleMetadataAndApproval","Output":"=== RUN   TestAuxiliaryTUIFailuresClearStaleMetadataAndApproval\n","OutputType":"frame"}
{"Time":"2026-09-08T10:19:04.078583031+03:00","Action":"run","Package":"virmill.local/core/internal/ui/tui","Test":"TestAuxiliaryTUIFailuresClearStaleMetadataAndApproval/unknown-input"}
{"Time":"2026-09-08T10:19:04.078587235+03:00","Action":"output","Package":"virmill.local/core/internal/ui/tui","Test":"TestAuxiliaryTUIFailuresClearStaleMetadataAndApproval/unknown-input","Output":"=== RUN   TestAuxiliaryTUIFailuresClearStaleMetadataAndApproval/unknown-input\n","OutputType":"frame"}
{"Time":"2026-09-08T10:19:04.078786756+03:00","Action":"output","Package":"virmill.local/core/internal/ui/cli","Test":"TestAuxiliaryCLIErrorsAndCancellationDoNotReturnMetadata/ndjson/root-actor","Output":"--- PASS: TestAuxiliaryCLIErrorsAndCancellationDoNotReturnMetadata/ndjson/root-actor (0.00s)\n","OutputType":"frame"}
{"Time":"2026-09-08T10:19:04.078793282+03:00","Action":"pass","Package":"virmill.local/core/internal/ui/cli","Test":"TestAuxiliaryCLIErrorsAndCancellationDoNotReturnMetadata/ndjson/root-actor","Elapsed":0}
{"Time":"2026-09-08T10:19:04.078810423+03:00","Action":"run","Package":"virmill.local/core/internal/ui/cli","Test":"TestAuxiliaryCLIErrorsAndCancellationDoNotReturnMetadata/ndjson/native-error"}
{"Time":"2026-09-08T10:19:04.078812836+03:00","Action":"output","Package":"virmill.local/core/internal/ui/cli","Test":"TestAuxiliaryCLIErrorsAndCancellationDoNotReturnMetadata/ndjson/native-error","Output":"=== RUN   TestAuxiliaryCLIErrorsAndCancellationDoNotReturnMetadata/ndjson/native-error\n","OutputType":"frame"}
{"Time":"2026-09-08T10:19:04.079605824+03:00","Action":"output","Package":"virmill.local/core/internal/ui/cli","Test":"TestAuxiliaryCLIErrorsAndCancellationDoNotReturnMetadata/ndjson/native-error","Output":"--- PASS: TestAuxiliaryCLIErrorsAndCancellationDoNotReturnMetadata/ndjson/native-error (0.00s)\n","OutputType":"frame"}
{"Time":"2026-09-08T10:19:04.079616868+03:00","Action":"pass","Package":"virmill.local/core/internal/ui/cli","Test":"TestAuxiliaryCLIErrorsAndCancellationDoNotReturnMetadata/ndjson/native-error","Elapsed":0}
{"Time":"2026-09-08T10:19:04.07963154+03:00","Action":"run","Package":"virmill.local/core/internal/ui/cli","Test":"TestAuxiliaryCLIErrorsAndCancellationDoNotReturnMetadata/ndjson/helper-denied"}
{"Time":"2026-09-08T10:19:04.079633703+03:00","Action":"output","Package":"virmill.local/core/internal/ui/cli","Test":"TestAuxiliaryCLIErrorsAndCancellationDoNotReturnMetadata/ndjson/helper-denied","Output":"=== RUN   TestAuxiliaryCLIErrorsAndCancellationDoNotReturnMetadata/ndjson/helper-denied\n","OutputType":"frame"}
{"Time":"2026-09-08T10:19:04.081665072+03:00","Action":"output","Package":"virmill.local/core/internal/ui/cli","Test":"TestAuxiliaryCLIErrorsAndCancellationDoNotReturnMetadata/ndjson/helper-denied","Output":"--- PASS: TestAuxiliaryCLIErrorsAndCancellationDoNotReturnMetadata/ndjson/helper-denied (0.00s)\n","OutputType":"frame"}
{"Time":"2026-09-08T10:19:04.081681656+03:00","Action":"pass","Package":"virmill.local/core/internal/ui/cli","Test":"TestAuxiliaryCLIErrorsAndCancellationDoNotReturnMetadata/ndjson/helper-denied","Elapsed":0}
{"Time":"2026-09-08T10:19:04.081691606+03:00","Action":"run","Package":"virmill.local/core/internal/ui/cli","Test":"TestAuxiliaryCLIErrorsAndCancellationDoNotReturnMetadata/ndjson/source-change"}
{"Time":"2026-09-08T10:19:04.081694783+03:00","Action":"output","Package":"virmill.local/core/internal/ui/cli","Test":"TestAuxiliaryCLIErrorsAndCancellationDoNotReturnMetadata/ndjson/source-change","Output":"=== RUN   TestAuxiliaryCLIErrorsAndCancellationDoNotReturnMetadata/ndjson/source-change\n","OutputType":"frame"}
{"Time":"2026-09-08T10:19:04.082236333+03:00","Action":"output","Package":"virmill.local/core/internal/ui/tui","Test":"TestAuxiliaryTUIFailuresClearStaleMetadataAndApproval/unknown-input","Output":"--- PASS: TestAuxiliaryTUIFailuresClearStaleMetadataAndApproval/unknown-input (0.00s)\n","OutputType":"frame"}
{"Time":"2026-09-08T10:19:04.082258993+03:00","Action":"pass","Package":"virmill.local/core/internal/ui/tui","Test":"TestAuxiliaryTUIFailuresClearStaleMetadataAndApproval/unknown-input","Elapsed":0}
{"Time":"2026-09-08T10:19:04.082289526+03:00","Action":"run","Package":"virmill.local/core/internal/ui/tui","Test":"TestAuxiliaryTUIFailuresClearStaleMetadataAndApproval/missing-root"}
{"Time":"2026-09-08T10:19:04.082293571+03:00","Action":"output","Package":"virmill.local/core/internal/ui/tui","Test":"TestAuxiliaryTUIFailuresClearStaleMetadataAndApproval/missing-root","Output":"=== RUN   TestAuxiliaryTUIFailuresClearStaleMetadataAndApproval/missing-root\n","OutputType":"frame"}
{"Time":"2026-09-08T10:19:04.083935993+03:00","Action":"output","Package":"virmill.local/core/internal/ui/cli","Test":"TestAuxiliaryCLIErrorsAndCancellationDoNotReturnMetadata/ndjson/source-change","Output":"--- PASS: TestAuxiliaryCLIErrorsAndCancellationDoNotReturnMetadata/ndjson/source-change (0.00s)\n","OutputType":"frame"}
{"Time":"2026-09-08T10:19:04.083957086+03:00","Action":"pass","Package":"virmill.local/core/internal/ui/cli","Test":"TestAuxiliaryCLIErrorsAndCancellationDoNotReturnMetadata/ndjson/source-change","Elapsed":0}
{"Time":"2026-09-08T10:19:04.08396301+03:00","Action":"run","Package":"virmill.local/core/internal/ui/cli","Test":"TestAuxiliaryCLIErrorsAndCancellationDoNotReturnMetadata/ndjson/pre-cancel"}
{"Time":"2026-09-08T10:19:04.08396617+03:00","Action":"output","Package":"virmill.local/core/internal/ui/cli","Test":"TestAuxiliaryCLIErrorsAndCancellationDoNotReturnMetadata/ndjson/pre-cancel","Output":"=== RUN   TestAuxiliaryCLIErrorsAndCancellationDoNotReturnMetadata/ndjson/pre-cancel\n","OutputType":"frame"}
{"Time":"2026-09-08T10:19:04.085215152+03:00","Action":"output","Package":"virmill.local/core/internal/ui/cli","Test":"TestAuxiliaryCLIErrorsAndCancellationDoNotReturnMetadata/ndjson/pre-cancel","Output":"--- PASS: TestAuxiliaryCLIErrorsAndCancellationDoNotReturnMetadata/ndjson/pre-cancel (0.00s)\n","OutputType":"frame"}
{"Time":"2026-09-08T10:19:04.08523153+03:00","Action":"pass","Package":"virmill.local/core/internal/ui/cli","Test":"TestAuxiliaryCLIErrorsAndCancellationDoNotReturnMetadata/ndjson/pre-cancel","Elapsed":0}
{"Time":"2026-09-08T10:19:04.08525683+03:00","Action":"run","Package":"virmill.local/core/internal/ui/cli","Test":"TestAuxiliaryCLIErrorsAndCancellationDoNotReturnMetadata/ndjson/post-cancel"}
{"Time":"2026-09-08T10:19:04.085261112+03:00","Action":"output","Package":"virmill.local/core/internal/ui/cli","Test":"TestAuxiliaryCLIErrorsAndCancellationDoNotReturnMetadata/ndjson/post-cancel","Output":"=== RUN   TestAuxiliaryCLIErrorsAndCancellationDoNotReturnMetadata/ndjson/post-cancel\n","OutputType":"frame"}
{"Time":"2026-09-08T10:19:04.085271204+03:00","Action":"output","Package":"virmill.local/core/internal/ui/tui","Test":"TestAuxiliaryTUIFailuresClearStaleMetadataAndApproval/missing-root","Output":"--- PASS: TestAuxiliaryTUIFailuresClearStaleMetadataAndApproval/missing-root (0.00s)\n","OutputType":"frame"}
{"Time":"2026-09-08T10:19:04.085302618+03:00","Action":"pass","Package":"virmill.local/core/internal/ui/tui","Test":"TestAuxiliaryTUIFailuresClearStaleMetadataAndApproval/missing-root","Elapsed":0}
{"Time":"2026-09-08T10:19:04.085340152+03:00","Action":"run","Package":"virmill.local/core/internal/ui/tui","Test":"TestAuxiliaryTUIFailuresClearStaleMetadataAndApproval/unapproved-root"}
{"Time":"2026-09-08T10:19:04.085350939+03:00","Action":"output","Package":"virmill.local/core/internal/ui/tui","Test":"TestAuxiliaryTUIFailuresClearStaleMetadataAndApproval/unapproved-root","Output":"=== RUN   TestAuxiliaryTUIFailuresClearStaleMetadataAndApproval/unapproved-root\n","OutputType":"frame"}
{"Time":"2026-09-08T10:19:04.086420474+03:00","Action":"output","Package":"virmill.local/core/internal/app","Test":"TestHardwareLostAcknowledgementReopensWithoutRedefining","Output":"--- PASS: TestHardwareLostAcknowledgementReopensWithoutRedefining (0.03s)\n","OutputType":"frame"}
{"Time":"2026-09-08T10:19:04.086428972+03:00","Action":"pass","Package":"virmill.local/core/internal/app","Test":"TestHardwareLostAcknowledgementReopensWithoutRedefining","Elapsed":0.03}
{"Time":"2026-09-08T10:19:04.086449053+03:00","Action":"run","Package":"virmill.local/core/internal/app","Test":"TestHardwareUnknownOperationRegistryFailsClosed"}
{"Time":"2026-09-08T10:19:04.086451612+03:00","Action":"output","Package":"virmill.local/core/internal/app","Test":"TestHardwareUnknownOperationRegistryFailsClosed","Output":"=== RUN   TestHardwareUnknownOperationRegistryFailsClosed\n","OutputType":"frame"}
{"Time":"2026-09-08T10:19:04.087406924+03:00","Action":"output","Package":"virmill.local/core/internal/ui/cli","Test":"TestAuxiliaryCLIErrorsAndCancellationDoNotReturnMetadata/ndjson/post-cancel","Output":"--- PASS: TestAuxiliaryCLIErrorsAndCancellationDoNotReturnMetadata/ndjson/post-cancel (0.00s)\n","OutputType":"frame"}
{"Time":"2026-09-08T10:19:04.087449676+03:00","Action":"pass","Package":"virmill.local/core/internal/ui/cli","Test":"TestAuxiliaryCLIErrorsAndCancellationDoNotReturnMetadata/ndjson/post-cancel","Elapsed":0}
{"Time":"2026-09-08T10:19:04.087482556+03:00","Action":"run","Package":"virmill.local/core/internal/ui/cli","Test":"TestAuxiliaryCLIErrorsAndCancellationDoNotReturnMetadata/ndjson/transport"}
{"Time":"2026-09-08T10:19:04.087488803+03:00","Action":"output","Package":"virmill.local/core/internal/ui/cli","Test":"TestAuxiliaryCLIErrorsAndCancellationDoNotReturnMetadata/ndjson/transport","Output":"=== RUN   TestAuxiliaryCLIErrorsAndCancellationDoNotReturnMetadata/ndjson/transport\n","OutputType":"frame"}
{"Time":"2026-09-08T10:19:04.088522376+03:00","Action":"output","Package":"virmill.local/core/internal/ui/cli","Test":"TestAuxiliaryCLIErrorsAndCancellationDoNotReturnMetadata/ndjson/transport","Output":"--- PASS: TestAuxiliaryCLIErrorsAndCancellationDoNotReturnMetadata/ndjson/transport (0.00s)\n","OutputType":"frame"}
{"Time":"2026-09-08T10:19:04.088520595+03:00","Action":"output","Package":"virmill.local/core/internal/ui/tui","Test":"TestAuxiliaryTUIFailuresClearStaleMetadataAndApproval/unapproved-root","Output":"--- PASS: TestAuxiliaryTUIFailuresClearStaleMetadataAndApproval/unapproved-root (0.00s)\n","OutputType":"frame"}
{"Time":"2026-09-08T10:19:04.088531778+03:00","Action":"pass","Package":"virmill.local/core/internal/ui/cli","Test":"TestAuxiliaryCLIErrorsAndCancellationDoNotReturnMetadata/ndjson/transport","Elapsed":0}
{"Time":"2026-09-08T10:19:04.088535313+03:00","Action":"pass","Package":"virmill.local/core/internal/ui/tui","Test":"TestAuxiliaryTUIFailuresClearStaleMetadataAndApproval/unapproved-root","Elapsed":0}
{"Time":"2026-09-08T10:19:04.088537669+03:00","Action":"output","Package":"virmill.local/core/internal/ui/cli","Test":"TestAuxiliaryCLIErrorsAndCancellationDoNotReturnMetadata","Output":"--- PASS: TestAuxiliaryCLIErrorsAndCancellationDoNotReturnMetadata (0.03s)\n","OutputType":"frame"}
{"Time":"2026-09-08T10:19:04.088539685+03:00","Action":"pass","Package":"virmill.local/core/internal/ui/cli","Test":"TestAuxiliaryCLIErrorsAndCancellationDoNotReturnMetadata","Elapsed":0.03}
{"Time":"2026-09-08T10:19:04.088565122+03:00","Action":"run","Package":"virmill.local/core/internal/ui/cli","Test":"TestAuxiliaryCLIStrictJSONRefusesBeforeDispatch"}
{"Time":"2026-09-08T10:19:04.088576336+03:00","Action":"output","Package":"virmill.local/core/internal/ui/cli","Test":"TestAuxiliaryCLIStrictJSONRefusesBeforeDispatch","Output":"=== RUN   TestAuxiliaryCLIStrictJSONRefusesBeforeDispatch\n","OutputType":"frame"}
{"Time":"2026-09-08T10:19:04.088583903+03:00","Action":"run","Package":"virmill.local/core/internal/ui/cli","Test":"TestAuxiliaryCLIStrictJSONRefusesBeforeDispatch/{\"rootID\":\"state\",\"rootID\":\"other\"}"}
{"Time":"2026-09-08T10:19:04.088587588+03:00","Action":"output","Package":"virmill.local/core/internal/ui/cli","Test":"TestAuxiliaryCLIStrictJSONRefusesBeforeDispatch/{\"rootID\":\"state\",\"rootID\":\"other\"}","Output":"=== RUN   TestAuxiliaryCLIStrictJSONRefusesBeforeDispatch/{\"rootID\":\"state\",\"rootID\":\"other\"}\n","OutputType":"frame"}
{"Time":"2026-09-08T10:19:04.088596245+03:00","Action":"run","Package":"virmill.local/core/internal/ui/tui","Test":"TestAuxiliaryTUIFailuresClearStaleMetadataAndApproval/session"}
{"Time":"2026-09-08T10:19:04.088599322+03:00","Action":"output","Package":"virmill.local/core/internal/ui/tui","Test":"TestAuxiliaryTUIFailuresClearStaleMetadataAndApproval/session","Output":"=== RUN   TestAuxiliaryTUIFailuresClearStaleMetadataAndApproval/session\n","OutputType":"frame"}
{"Time":"2026-09-08T10:19:04.088986519+03:00","Action":"output","Package":"virmill.local/core/internal/ui/cli","Test":"TestAuxiliaryCLIStrictJSONRefusesBeforeDispatch/{\"rootID\":\"state\",\"rootID\":\"other\"}","Output":"--- PASS: TestAuxiliaryCLIStrictJSONRefusesBeforeDispatch/{\"rootID\":\"state\",\"rootID\":\"other\"} (0.00s)\n","OutputType":"frame"}
{"Time":"2026-09-08T10:19:04.088992897+03:00","Action":"pass","Package":"virmill.local/core/internal/ui/cli","Test":"TestAuxiliaryCLIStrictJSONRefusesBeforeDispatch/{\"rootID\":\"state\",\"rootID\":\"other\"}","Elapsed":0}
{"Time":"2026-09-08T10:19:04.089001346+03:00","Action":"run","Package":"virmill.local/core/internal/ui/cli","Test":"TestAuxiliaryCLIStrictJSONRefusesBeforeDispatch/{\"rootID\":"}
{"Time":"2026-09-08T10:19:04.089004601+03:00","Action":"output","Package":"virmill.local/core/internal/ui/cli","Test":"TestAuxiliaryCLIStrictJSONRefusesBeforeDispatch/{\"rootID\":","Output":"=== RUN   TestAuxiliaryCLIStrictJSONRefusesBeforeDispatch/{\"rootID\":\n","OutputType":"frame"}
{"Time":"2026-09-08T10:19:04.08985812+03:00","Action":"output","Package":"virmill.local/core/internal/ui/cli","Test":"TestAuxiliaryCLIStrictJSONRefusesBeforeDispatch/{\"rootID\":","Output":"--- PASS: TestAuxiliaryCLIStrictJSONRefusesBeforeDispatch/{\"rootID\": (0.00s)\n","OutputType":"frame"}
{"Time":"2026-09-08T10:19:04.08986836+03:00","Action":"pass","Package":"virmill.local/core/internal/ui/cli","Test":"TestAuxiliaryCLIStrictJSONRefusesBeforeDispatch/{\"rootID\":","Elapsed":0}
{"Time":"2026-09-08T10:19:04.089885414+03:00","Action":"run","Package":"virmill.local/core/internal/ui/cli","Test":"TestAuxiliaryCLIStrictJSONRefusesBeforeDispatch/[]"}
{"Time":"2026-09-08T10:19:04.0898881+03:00","Action":"output","Package":"virmill.local/core/internal/ui/cli","Test":"TestAuxiliaryCLIStrictJSONRefusesBeforeDispatch/[]","Output":"=== RUN   TestAuxiliaryCLIStrictJSONRefusesBeforeDispatch/[]\n","OutputType":"frame"}
{"Time":"2026-09-08T10:19:04.090868063+03:00","Action":"output","Package":"virmill.local/core/internal/ui/tui","Test":"TestAuxiliaryTUIFailuresClearStaleMetadataAndApproval/session","Output":"--- PASS: TestAuxiliaryTUIFailuresClearStaleMetadataAndApproval/session (0.00s)\n","OutputType":"frame"}
{"Time":"2026-09-08T10:19:04.090886216+03:00","Action":"pass","Package":"virmill.local/core/internal/ui/tui","Test":"TestAuxiliaryTUIFailuresClearStaleMetadataAndApproval/session","Elapsed":0}
{"Time":"2026-09-08T10:19:04.090908853+03:00","Action":"output","Package":"virmill.local/core/internal/ui/cli","Test":"TestAuxiliaryCLIStrictJSONRefusesBeforeDispatch/[]","Output":"--- PASS: TestAuxiliaryCLIStrictJSONRefusesBeforeDispatch/[] (0.00s)\n","OutputType":"frame"}
{"Time":"2026-09-08T10:19:04.090913372+03:00","Action":"run","Package":"virmill.local/core/internal/ui/tui","Test":"TestAuxiliaryTUIFailuresClearStaleMetadataAndApproval/root-actor"}
{"Time":"2026-09-08T10:19:04.090922362+03:00","Action":"output","Package":"virmill.local/core/internal/ui/tui","Test":"TestAuxiliaryTUIFailuresClearStaleMetadataAndApproval/root-actor","Output":"=== RUN   TestAuxiliaryTUIFailuresClearStaleMetadataAndApproval/root-actor\n","OutputType":"frame"}
{"Time":"2026-09-08T10:19:04.090941722+03:00","Action":"pass","Package":"virmill.local/core/internal/ui/cli","Test":"TestAuxiliaryCLIStrictJSONRefusesBeforeDispatch/[]","Elapsed":0}
{"Time":"2026-09-08T10:19:04.090957791+03:00","Action":"run","Package":"virmill.local/core/internal/ui/cli","Test":"TestAuxiliaryCLIStrictJSONRefusesBeforeDispatch/{\"rootID\":\"state\"}_{}"}
{"Time":"2026-09-08T10:19:04.09096244+03:00","Action":"output","Package":"virmill.local/core/internal/ui/cli","Test":"TestAuxiliaryCLIStrictJSONRefusesBeforeDispatch/{\"rootID\":\"state\"}_{}","Output":"=== RUN   TestAuxiliaryCLIStrictJSONRefusesBeforeDispatch/{\"rootID\":\"state\"}_{}\n","OutputType":"frame"}
{"Time":"2026-09-08T10:19:04.09143625+03:00","Action":"output","Package":"virmill.local/core/internal/ui/cli","Test":"TestAuxiliaryCLIStrictJSONRefusesBeforeDispatch/{\"rootID\":\"state\"}_{}","Output":"--- PASS: TestAuxiliaryCLIStrictJSONRefusesBeforeDispatch/{\"rootID\":\"state\"}_{} (0.00s)\n","OutputType":"frame"}
{"Time":"2026-09-08T10:19:04.091446825+03:00","Action":"pass","Package":"virmill.local/core/internal/ui/cli","Test":"TestAuxiliaryCLIStrictJSONRefusesBeforeDispatch/{\"rootID\":\"state\"}_{}","Elapsed":0}
{"Time":"2026-09-08T10:19:04.091471414+03:00","Action":"output","Package":"virmill.local/core/internal/ui/cli","Test":"TestAuxiliaryCLIStrictJSONRefusesBeforeDispatch","Output":"--- PASS: TestAuxiliaryCLIStrictJSONRefusesBeforeDispatch (0.00s)\n","OutputType":"frame"}
{"Time":"2026-09-08T10:19:04.091476852+03:00","Action":"pass","Package":"virmill.local/core/internal/ui/cli","Test":"TestAuxiliaryCLIStrictJSONRefusesBeforeDispatch","Elapsed":0}
{"Time":"2026-09-08T10:19:04.091489514+03:00","Action":"run","Package":"virmill.local/core/internal/ui/cli","Test":"TestVersionedCaptureCLIDeclarationAndTamperedAuxiliaryMember"}
{"Time":"2026-09-08T10:19:04.09149173+03:00","Action":"output","Package":"virmill.local/core/internal/ui/cli","Test":"TestVersionedCaptureCLIDeclarationAndTamperedAuxiliaryMember","Output":"=== RUN   TestVersionedCaptureCLIDeclarationAndTamperedAuxiliaryMember\n","OutputType":"frame"}
{"Time":"2026-09-08T10:19:04.092924265+03:00","Action":"output","Package":"virmill.local/core/internal/ui/tui","Test":"TestAuxiliaryTUIFailuresClearStaleMetadataAndApproval/root-actor","Output":"--- PASS: TestAuxiliaryTUIFailuresClearStaleMetadataAndApproval/root-actor (0.00s)\n","OutputType":"frame"}
{"Time":"2026-09-08T10:19:04.092945478+03:00","Action":"pass","Package":"virmill.local/core/internal/ui/tui","Test":"TestAuxiliaryTUIFailuresClearStaleMetadataAndApproval/root-actor","Elapsed":0}
{"Time":"2026-09-08T10:19:04.092962498+03:00","Action":"run","Package":"virmill.local/core/internal/ui/tui","Test":"TestAuxiliaryTUIFailuresClearStaleMetadataAndApproval/native-error"}
{"Time":"2026-09-08T10:19:04.092964683+03:00","Action":"output","Package":"virmill.local/core/internal/ui/tui","Test":"TestAuxiliaryTUIFailuresClearStaleMetadataAndApproval/native-error","Output":"=== RUN   TestAuxiliaryTUIFailuresClearStaleMetadataAndApproval/native-error\n","OutputType":"frame"}
{"Time":"2026-09-08T10:19:04.096164178+03:00","Action":"output","Package":"virmill.local/core/internal/ui/tui","Test":"TestAuxiliaryTUIFailuresClearStaleMetadataAndApproval/native-error","Output":"--- PASS: TestAuxiliaryTUIFailuresClearStaleMetadataAndApproval/native-error (0.00s)\n","OutputType":"frame"}
{"Time":"2026-09-08T10:19:04.09617888+03:00","Action":"pass","Package":"virmill.local/core/internal/ui/tui","Test":"TestAuxiliaryTUIFailuresClearStaleMetadataAndApproval/native-error","Elapsed":0}
{"Time":"2026-09-08T10:19:04.096183883+03:00","Action":"run","Package":"virmill.local/core/internal/ui/tui","Test":"TestAuxiliaryTUIFailuresClearStaleMetadataAndApproval/helper-denied"}
{"Time":"2026-09-08T10:19:04.096186708+03:00","Action":"output","Package":"virmill.local/core/internal/ui/tui","Test":"TestAuxiliaryTUIFailuresClearStaleMetadataAndApproval/helper-denied","Output":"=== RUN   TestAuxiliaryTUIFailuresClearStaleMetadataAndApproval/helper-denied\n","OutputType":"frame"}
{"Time":"2026-09-08T10:19:04.099584447+03:00","Action":"output","Package":"virmill.local/core/internal/ui/tui","Test":"TestAuxiliaryTUIFailuresClearStaleMetadataAndApproval/helper-denied","Output":"--- PASS: TestAuxiliaryTUIFailuresClearStaleMetadataAndApproval/helper-denied (0.00s)\n","OutputType":"frame"}
{"Time":"2026-09-08T10:19:04.099597759+03:00","Action":"pass","Package":"virmill.local/core/internal/ui/tui","Test":"TestAuxiliaryTUIFailuresClearStaleMetadataAndApproval/helper-denied","Elapsed":0}
{"Time":"2026-09-08T10:19:04.099602579+03:00","Action":"run","Package":"virmill.local/core/internal/ui/tui","Test":"TestAuxiliaryTUIFailuresClearStaleMetadataAndApproval/source-change"}
{"Time":"2026-09-08T10:19:04.09960525+03:00","Action":"output","Package":"virmill.local/core/internal/ui/tui","Test":"TestAuxiliaryTUIFailuresClearStaleMetadataAndApproval/source-change","Output":"=== RUN   TestAuxiliaryTUIFailuresClearStaleMetadataAndApproval/source-change\n","OutputType":"frame"}
{"Time":"2026-09-08T10:19:04.101539887+03:00","Action":"output","Package":"virmill.local/core/internal/validation","Test":"TestColdRecoveryPointSchemaIsOfflineStrictAndExplicit","Output":"--- PASS: TestColdRecoveryPointSchemaIsOfflineStrictAndExplicit (0.12s)\n","OutputType":"frame"}
{"Time":"2026-09-08T10:19:04.101557919+03:00","Action":"pass","Package":"virmill.local/core/internal/validation","Test":"TestColdRecoveryPointSchemaIsOfflineStrictAndExplicit","Elapsed":0.12}
{"Time":"2026-09-08T10:19:04.101582401+03:00","Action":"run","Package":"virmill.local/core/internal/validation","Test":"TestPluginSchemasAreOfflineAndValidateResults"}
{"Time":"2026-09-08T10:19:04.101586162+03:00","Action":"output","Package":"virmill.local/core/internal/validation","Test":"TestPluginSchemasAreOfflineAndValidateResults","Output":"=== RUN   TestPluginSchemasAreOfflineAndValidateResults\n","OutputType":"frame"}
{"Time":"2026-09-08T10:19:04.103173601+03:00","Action":"output","Package":"virmill.local/core/internal/ui/tui","Test":"TestAuxiliaryTUIFailuresClearStaleMetadataAndApproval/source-change","Output":"--- PASS: TestAuxiliaryTUIFailuresClearStaleMetadataAndApproval/source-change (0.00s)\n","OutputType":"frame"}
{"Time":"2026-09-08T10:19:04.103189308+03:00","Action":"pass","Package":"virmill.local/core/internal/ui/tui","Test":"TestAuxiliaryTUIFailuresClearStaleMetadataAndApproval/source-change","Elapsed":0}
{"Time":"2026-09-08T10:19:04.103194266+03:00","Action":"run","Package":"virmill.local/core/internal/ui/tui","Test":"TestAuxiliaryTUIFailuresClearStaleMetadataAndApproval/pre-cancel"}
{"Time":"2026-09-08T10:19:04.103197017+03:00","Action":"output","Package":"virmill.local/core/internal/ui/tui","Test":"TestAuxiliaryTUIFailuresClearStaleMetadataAndApproval/pre-cancel","Output":"=== RUN   TestAuxiliaryTUIFailuresClearStaleMetadataAndApproval/pre-cancel\n","OutputType":"frame"}
{"Time":"2026-09-08T10:19:04.103300143+03:00","Action":"output","Package":"virmill.local/core/internal/app","Test":"TestHardwareUnknownOperationRegistryFailsClosed","Output":"--- PASS: TestHardwareUnknownOperationRegistryFailsClosed (0.02s)\n","OutputType":"frame"}
{"Time":"2026-09-08T10:19:04.103316239+03:00","Action":"pass","Package":"virmill.local/core/internal/app","Test":"TestHardwareUnknownOperationRegistryFailsClosed","Elapsed":0.02}
{"Time":"2026-09-08T10:19:04.103354528+03:00","Action":"run","Package":"virmill.local/core/internal/app","Test":"TestBootInspectionKeepsLiveAndPersistentSeparate"}
{"Time":"2026-09-08T10:19:04.103358859+03:00","Action":"output","Package":"virmill.local/core/internal/app","Test":"TestBootInspectionKeepsLiveAndPersistentSeparate","Output":"=== RUN   TestBootInspectionKeepsLiveAndPersistentSeparate\n","OutputType":"frame"}
{"Time":"2026-09-08T10:19:04.103420222+03:00","Action":"output","Package":"virmill.local/core/internal/validation","Test":"TestPluginSchemasAreOfflineAndValidateResults","Output":"--- PASS: TestPluginSchemasAreOfflineAndValidateResults (0.00s)\n","OutputType":"frame"}
{"Time":"2026-09-08T10:19:04.103437453+03:00","Action":"pass","Package":"virmill.local/core/internal/validation","Test":"TestPluginSchemasAreOfflineAndValidateResults","Elapsed":0}
{"Time":"2026-09-08T10:19:04.103443501+03:00","Action":"run","Package":"virmill.local/core/internal/validation","Test":"TestNetworkAllocationSettingsSchema"}
{"Time":"2026-09-08T10:19:04.103445225+03:00","Action":"output","Package":"virmill.local/core/internal/validation","Test":"TestNetworkAllocationSettingsSchema","Output":"=== RUN   TestNetworkAllocationSettingsSchema\n","OutputType":"frame"}
{"Time":"2026-09-08T10:19:04.10419494+03:00","Action":"output","Package":"virmill.local/core/internal/ui/cli","Test":"TestVersionedCaptureCLIDeclarationAndTamperedAuxiliaryMember","Output":"--- PASS: TestVersionedCaptureCLIDeclarationAndTamperedAuxiliaryMember (0.01s)\n","OutputType":"frame"}
{"Time":"2026-09-08T10:19:04.104216323+03:00","Action":"pass","Package":"virmill.local/core/internal/ui/cli","Test":"TestVersionedCaptureCLIDeclarationAndTamperedAuxiliaryMember","Elapsed":0.01}
{"Time":"2026-09-08T10:19:04.104226844+03:00","Action":"output","Package":"virmill.local/core/internal/validation","Test":"TestNetworkAllocationSettingsSchema","Output":"--- PASS: TestNetworkAllocationSettingsSchema (0.00s)\n","OutputType":"frame"}
{"Time":"2026-09-08T10:19:04.10423244+03:00","Action":"run","Package":"virmill.local/core/internal/ui/cli","Test":"TestCreationEstimateCLIShowsAndReusesPersistedReview"}
{"Time":"2026-09-08T10:19:04.104233988+03:00","Action":"output","Package":"virmill.local/core/internal/ui/cli","Test":"TestCreationEstimateCLIShowsAndReusesPersistedReview","Output":"=== RUN   TestCreationEstimateCLIShowsAndReusesPersistedReview\n","OutputType":"frame"}
{"Time":"2026-09-08T10:19:04.104236863+03:00","Action":"pass","Package":"virmill.local/core/internal/validation","Test":"TestNetworkAllocationSettingsSchema","Elapsed":0}
{"Time":"2026-09-08T10:19:04.104254267+03:00","Action":"run","Package":"virmill.local/core/internal/validation","Test":"TestBundledExamplesOffline"}
{"Time":"2026-09-08T10:19:04.104256582+03:00","Action":"output","Package":"virmill.local/core/internal/validation","Test":"TestBundledExamplesOffline","Output":"=== RUN   TestBundledExamplesOffline\n","OutputType":"frame"}
{"Time":"2026-09-08T10:19:04.104286475+03:00","Action":"run","Package":"virmill.local/core/internal/ui/cli","Test":"TestCreationEstimateCLIShowsAndReusesPersistedReview/table"}
{"Time":"2026-09-08T10:19:04.10428956+03:00","Action":"output","Package":"virmill.local/core/internal/ui/cli","Test":"TestCreationEstimateCLIShowsAndReusesPersistedReview/table","Output":"=== RUN   TestCreationEstimateCLIShowsAndReusesPersistedReview/table\n","OutputType":"frame"}
{"Time":"2026-09-08T10:19:04.105886021+03:00","Action":"output","Package":"virmill.local/core/internal/ui/tui","Test":"TestAuxiliaryTUIFailuresClearStaleMetadataAndApproval/pre-cancel","Output":"--- PASS: TestAuxiliaryTUIFailuresClearStaleMetadataAndApproval/pre-cancel (0.00s)\n","OutputType":"frame"}
{"Time":"2026-09-08T10:19:04.105903646+03:00","Action":"pass","Package":"virmill.local/core/internal/ui/tui","Test":"TestAuxiliaryTUIFailuresClearStaleMetadataAndApproval/pre-cancel","Elapsed":0}
{"Time":"2026-09-08T10:19:04.105930693+03:00","Action":"run","Package":"virmill.local/core/internal/ui/tui","Test":"TestAuxiliaryTUIFailuresClearStaleMetadataAndApproval/post-cancel"}
{"Time":"2026-09-08T10:19:04.105934253+03:00","Action":"output","Package":"virmill.local/core/internal/ui/tui","Test":"TestAuxiliaryTUIFailuresClearStaleMetadataAndApproval/post-cancel","Output":"=== RUN   TestAuxiliaryTUIFailuresClearStaleMetadataAndApproval/post-cancel\n","OutputType":"frame"}
{"Time":"2026-09-08T10:19:04.106666169+03:00","Action":"output","Package":"virmill.local/core/internal/app","Test":"TestBootInspectionKeepsLiveAndPersistentSeparate","Output":"--- PASS: TestBootInspectionKeepsLiveAndPersistentSeparate (0.00s)\n","OutputType":"frame"}
{"Time":"2026-09-08T10:19:04.106682694+03:00","Action":"pass","Package":"virmill.local/core/internal/app","Test":"TestBootInspectionKeepsLiveAndPersistentSeparate","Elapsed":0}
{"Time":"2026-09-08T10:19:04.106690086+03:00","Action":"run","Package":"virmill.local/core/internal/app","Test":"TestHardwareExampleSchema"}
{"Time":"2026-09-08T10:19:04.10669349+03:00","Action":"output","Package":"virmill.local/core/internal/app","Test":"TestHardwareExampleSchema","Output":"=== RUN   TestHardwareExampleSchema\n","OutputType":"frame"}
{"Time":"2026-09-08T10:19:04.107138703+03:00","Action":"output","Package":"virmill.local/core/internal/app","Test":"TestHardwareExampleSchema","Output":"--- PASS: TestHardwareExampleSchema (0.00s)\n","OutputType":"frame"}
{"Time":"2026-09-08T10:19:04.107148393+03:00","Action":"pass","Package":"virmill.local/core/internal/app","Test":"TestHardwareExampleSchema","Elapsed":0}
{"Time":"2026-09-08T10:19:04.107171336+03:00","Action":"run","Package":"virmill.local/core/internal/app","Test":"TestHardwareFailureAndCancellationRetainTruthfulState"}
{"Time":"2026-09-08T10:19:04.107176466+03:00","Action":"output","Package":"virmill.local/core/internal/app","Test":"TestHardwareFailureAndCancellationRetainTruthfulState","Output":"=== RUN   TestHardwareFailureAndCancellationRetainTruthfulState\n","OutputType":"frame"}
{"Time":"2026-09-08T10:19:04.107203977+03:00","Action":"run","Package":"virmill.local/core/internal/app","Test":"TestHardwareFailureAndCancellationRetainTruthfulState/failed-definition"}
{"Time":"2026-09-08T10:19:04.107208106+03:00","Action":"output","Package":"virmill.local/core/internal/app","Test":"TestHardwareFailureAndCancellationRetainTruthfulState/failed-definition","Output":"=== RUN   TestHardwareFailureAndCancellationRetainTruthfulState/failed-definition\n","OutputType":"frame"}
{"Time":"2026-09-08T10:19:04.109898418+03:00","Action":"output","Package":"virmill.local/core/internal/ui/tui","Test":"TestAuxiliaryTUIFailuresClearStaleMetadataAndApproval/post-cancel","Output":"--- PASS: TestAuxiliaryTUIFailuresClearStaleMetadataAndApproval/post-cancel (0.00s)\n","OutputType":"frame"}
{"Time":"2026-09-08T10:19:04.109914059+03:00","Action":"pass","Package":"virmill.local/core/internal/ui/tui","Test":"TestAuxiliaryTUIFailuresClearStaleMetadataAndApproval/post-cancel","Elapsed":0}
{"Time":"2026-09-08T10:19:04.109944397+03:00","Action":"run","Package":"virmill.local/core/internal/ui/tui","Test":"TestAuxiliaryTUIFailuresClearStaleMetadataAndApproval/transport"}
{"Time":"2026-09-08T10:19:04.109947916+03:00","Action":"output","Package":"virmill.local/core/internal/ui/tui","Test":"TestAuxiliaryTUIFailuresClearStaleMetadataAndApproval/transport","Output":"=== RUN   TestAuxiliaryTUIFailuresClearStaleMetadataAndApproval/transport\n","OutputType":"frame"}
{"Time":"2026-09-08T10:19:04.112275897+03:00","Action":"output","Package":"virmill.local/core/internal/ui/tui","Test":"TestAuxiliaryTUIFailuresClearStaleMetadataAndApproval/transport","Output":"--- PASS: TestAuxiliaryTUIFailuresClearStaleMetadataAndApproval/transport (0.00s)\n","OutputType":"frame"}
{"Time":"2026-09-08T10:19:04.112362645+03:00","Action":"pass","Package":"virmill.local/core/internal/ui/tui","Test":"TestAuxiliaryTUIFailuresClearStaleMetadataAndApproval/transport","Elapsed":0}
{"Time":"2026-09-08T10:19:04.112386993+03:00","Action":"output","Package":"virmill.local/core/internal/ui/tui","Test":"TestAuxiliaryTUIFailuresClearStaleMetadataAndApproval","Output":"--- PASS: TestAuxiliaryTUIFailuresClearStaleMetadataAndApproval (0.03s)\n","OutputType":"frame"}
{"Time":"2026-09-08T10:19:04.112394333+03:00","Action":"pass","Package":"virmill.local/core/internal/ui/tui","Test":"TestAuxiliaryTUIFailuresClearStaleMetadataAndApproval","Elapsed":0.03}
{"Time":"2026-09-08T10:19:04.112418472+03:00","Action":"run","Package":"virmill.local/core/internal/ui/tui","Test":"TestAuxiliaryTUIStrictJSONAndEscapeNeverDispatch"}
{"Time":"2026-09-08T10:19:04.112422247+03:00","Action":"output","Package":"virmill.local/core/internal/ui/tui","Test":"TestAuxiliaryTUIStrictJSONAndEscapeNeverDispatch","Output":"=== RUN   TestAuxiliaryTUIStrictJSONAndEscapeNeverDispatch\n","OutputType":"frame"}
{"Time":"2026-09-08T10:19:04.112467484+03:00","Action":"run","Package":"virmill.local/core/internal/ui/tui","Test":"TestAuxiliaryTUIStrictJSONAndEscapeNeverDispatch/12345678-1234-4234-8234-123456789abc"}
{"Time":"2026-09-08T10:19:04.112470861+03:00","Action":"output","Package":"virmill.local/core/internal/ui/tui","Test":"TestAuxiliaryTUIStrictJSONAndEscapeNeverDispatch/12345678-1234-4234-8234-123456789abc","Output":"=== RUN   TestAuxiliaryTUIStrictJSONAndEscapeNeverDispatch/12345678-1234-4234-8234-123456789abc\n","OutputType":"frame"}
{"Time":"2026-09-08T10:19:04.113469973+03:00","Action":"output","Package":"virmill.local/core/internal/ui/tui","Test":"TestAuxiliaryTUIStrictJSONAndEscapeNeverDispatch/12345678-1234-4234-8234-123456789abc","Output":"--- PASS: TestAuxiliaryTUIStrictJSONAndEscapeNeverDispatch/12345678-1234-4234-8234-123456789abc (0.00s)\n","OutputType":"frame"}
{"Time":"2026-09-08T10:19:04.113483094+03:00","Action":"pass","Package":"virmill.local/core/internal/ui/tui","Test":"TestAuxiliaryTUIStrictJSONAndEscapeNeverDispatch/12345678-1234-4234-8234-123456789abc","Elapsed":0}
{"Time":"2026-09-08T10:19:04.113496841+03:00","Action":"run","Package":"virmill.local/core/internal/ui/tui","Test":"TestAuxiliaryTUIStrictJSONAndEscapeNeverDispatch/{\"id\":\"12345678-1234-4234-8234-123456789abc\",\"id\":\"other\",\"input\":{\"rootID\":\"state\"}}"}
{"Time":"2026-09-08T10:19:04.113502812+03:00","Action":"output","Package":"virmill.local/core/internal/ui/tui","Test":"TestAuxiliaryTUIStrictJSONAndEscapeNeverDispatch/{\"id\":\"12345678-1234-4234-8234-123456789abc\",\"id\":\"other\",\"input\":{\"rootID\":\"state\"}}","Output":"=== RUN   TestAuxiliaryTUIStrictJSONAndEscapeNeverDispatch/{\"id\":\"12345678-1234-4234-8234-123456789abc\",\"id\":\"other\",\"input\":{\"rootID\":\"state\"}}\n","OutputType":"frame"}
{"Time":"2026-09-08T10:19:04.114473559+03:00","Action":"output","Package":"virmill.local/core/internal/ui/tui","Test":"TestAuxiliaryTUIStrictJSONAndEscapeNeverDispatch/{\"id\":\"12345678-1234-4234-8234-123456789abc\",\"id\":\"other\",\"input\":{\"rootID\":\"state\"}}","Output":"--- PASS: TestAuxiliaryTUIStrictJSONAndEscapeNeverDispatch/{\"id\":\"12345678-1234-4234-8234-123456789abc\",\"id\":\"other\",\"input\":{\"rootID\":\"state\"}} (0.00s)\n","OutputType":"frame"}
{"Time":"2026-09-08T10:19:04.114481047+03:00","Action":"pass","Package":"virmill.local/core/internal/ui/tui","Test":"TestAuxiliaryTUIStrictJSONAndEscapeNeverDispatch/{\"id\":\"12345678-1234-4234-8234-123456789abc\",\"id\":\"other\",\"input\":{\"rootID\":\"state\"}}","Elapsed":0}
{"Time":"2026-09-08T10:19:04.114498494+03:00","Action":"run","Package":"virmill.local/core/internal/ui/tui","Test":"TestAuxiliaryTUIStrictJSONAndEscapeNeverDispatch/{\"id\":\"12345678-1234-4234-8234-123456789abc\",\"input\":{\"rootID\":\"state\",\"rootID\":\"other\"}}"}
{"Time":"2026-09-08T10:19:04.114502131+03:00","Action":"output","Package":"virmill.local/core/internal/ui/tui","Test":"TestAuxiliaryTUIStrictJSONAndEscapeNeverDispatch/{\"id\":\"12345678-1234-4234-8234-123456789abc\",\"input\":{\"rootID\":\"state\",\"rootID\":\"other\"}}","Output":"=== RUN   TestAuxiliaryTUIStrictJSONAndEscapeNeverDispatch/{\"id\":\"12345678-1234-4234-8234-123456789abc\",\"input\":{\"rootID\":\"state\",\"rootID\":\"other\"}}\n","OutputType":"frame"}
{"Time":"2026-09-08T10:19:04.115522412+03:00","Action":"output","Package":"virmill.local/core/internal/ui/tui","Test":"TestAuxiliaryTUIStrictJSONAndEscapeNeverDispatch/{\"id\":\"12345678-1234-4234-8234-123456789abc\",\"input\":{\"rootID\":\"state\",\"rootID\":\"other\"}}","Output":"--- PASS: TestAuxiliaryTUIStrictJSONAndEscapeNeverDispatch/{\"id\":\"12345678-1234-4234-8234-123456789abc\",\"input\":{\"rootID\":\"state\",\"rootID\":\"other\"}} (0.00s)\n","OutputType":"frame"}
{"Time":"2026-09-08T10:19:04.11553056+03:00","Action":"pass","Package":"virmill.local/core/internal/ui/tui","Test":"TestAuxiliaryTUIStrictJSONAndEscapeNeverDispatch/{\"id\":\"12345678-1234-4234-8234-123456789abc\",\"input\":{\"rootID\":\"state\",\"rootID\":\"other\"}}","Elapsed":0}
{"Time":"2026-09-08T10:19:04.115555852+03:00","Action":"run","Package":"virmill.local/core/internal/ui/tui","Test":"TestAuxiliaryTUIStrictJSONAndEscapeNeverDispatch/{\"id\":\"12345678-1234-4234-8234-123456789abc\",\"input\":{\"rootID\":\"state\"},\"apply\":{}}"}
{"Time":"2026-09-08T10:19:04.115559505+03:00","Action":"output","Package":"virmill.local/core/internal/ui/tui","Test":"TestAuxiliaryTUIStrictJSONAndEscapeNeverDispatch/{\"id\":\"12345678-1234-4234-8234-123456789abc\",\"input\":{\"rootID\":\"state\"},\"apply\":{}}","Output":"=== RUN   TestAuxiliaryTUIStrictJSONAndEscapeNeverDispatch/{\"id\":\"12345678-1234-4234-8234-123456789abc\",\"input\":{\"rootID\":\"state\"},\"apply\":{}}\n","OutputType":"frame"}
{"Time":"2026-09-08T10:19:04.11695216+03:00","Action":"output","Package":"virmill.local/core/internal/ui/tui","Test":"TestAuxiliaryTUIStrictJSONAndEscapeNeverDispatch/{\"id\":\"12345678-1234-4234-8234-123456789abc\",\"input\":{\"rootID\":\"state\"},\"apply\":{}}","Output":"--- PASS: TestAuxiliaryTUIStrictJSONAndEscapeNeverDispatch/{\"id\":\"12345678-1234-4234-8234-123456789abc\",\"input\":{\"rootID\":\"state\"},\"apply\":{}} (0.00s)\n","OutputType":"frame"}
{"Time":"2026-09-08T10:19:04.116965178+03:00","Action":"pass","Package":"virmill.local/core/internal/ui/tui","Test":"TestAuxiliaryTUIStrictJSONAndEscapeNeverDispatch/{\"id\":\"12345678-1234-4234-8234-123456789abc\",\"input\":{\"rootID\":\"state\"},\"apply\":{}}","Elapsed":0}
{"Time":"2026-09-08T10:19:04.116975831+03:00","Action":"run","Package":"virmill.local/core/internal/ui/tui","Test":"TestAuxiliaryTUIStrictJSONAndEscapeNeverDispatch/{\"id\":"}
{"Time":"2026-09-08T10:19:04.116979201+03:00","Action":"output","Package":"virmill.local/core/internal/ui/tui","Test":"TestAuxiliaryTUIStrictJSONAndEscapeNeverDispatch/{\"id\":","Output":"=== RUN   TestAuxiliaryTUIStrictJSONAndEscapeNeverDispatch/{\"id\":\n","OutputType":"frame"}
{"Time":"2026-09-08T10:19:04.117182601+03:00","Action":"output","Package":"virmill.local/core/internal/validation","Test":"TestBundledExamplesOffline","Output":"--- PASS: TestBundledExamplesOffline (0.01s)\n","OutputType":"frame"}
{"Time":"2026-09-08T10:19:04.11721954+03:00","Action":"pass","Package":"virmill.local/core/internal/validation","Test":"TestBundledExamplesOffline","Elapsed":0.01}
{"Time":"2026-09-08T10:19:04.117242592+03:00","Action":"run","Package":"virmill.local/core/internal/validation","Test":"TestYAMLAndTerminalSafety"}
{"Time":"2026-09-08T10:19:04.117247015+03:00","Action":"output","Package":"virmill.local/core/internal/validation","Test":"TestYAMLAndTerminalSafety","Output":"=== RUN   TestYAMLAndTerminalSafety\n","OutputType":"frame"}
{"Time":"2026-09-08T10:19:04.117662435+03:00","Action":"output","Package":"virmill.local/core/internal/validation","Test":"TestYAMLAndTerminalSafety","Output":"--- PASS: TestYAMLAndTerminalSafety (0.00s)\n","OutputType":"frame"}
{"Time":"2026-09-08T10:19:04.117679345+03:00","Action":"pass","Package":"virmill.local/core/internal/validation","Test":"TestYAMLAndTerminalSafety","Elapsed":0}
{"Time":"2026-09-08T10:19:04.117696083+03:00","Action":"run","Package":"virmill.local/core/internal/validation","Test":"TestSpecificationPreviouslyUnvisitedExamples"}
{"Time":"2026-09-08T10:19:04.117699257+03:00","Action":"output","Package":"virmill.local/core/internal/validation","Test":"TestSpecificationPreviouslyUnvisitedExamples","Output":"=== RUN   TestSpecificationPreviouslyUnvisitedExamples\n","OutputType":"frame"}
{"Time":"2026-09-08T10:19:04.117731814+03:00","Action":"run","Package":"virmill.local/core/internal/validation","Test":"TestSpecificationPreviouslyUnvisitedExamples/root_backup_policy"}
{"Time":"2026-09-08T10:19:04.117735238+03:00","Action":"output","Package":"virmill.local/core/internal/validation","Test":"TestSpecificationPreviouslyUnvisitedExamples/root_backup_policy","Output":"=== RUN   TestSpecificationPreviouslyUnvisitedExamples/root_backup_policy\n","OutputType":"frame"}
{"Time":"2026-09-08T10:19:04.118230411+03:00","Action":"output","Package":"virmill.local/core/internal/ui/tui","Test":"TestAuxiliaryTUIStrictJSONAndEscapeNeverDispatch/{\"id\":","Output":"--- PASS: TestAuxiliaryTUIStrictJSONAndEscapeNeverDispatch/{\"id\": (0.00s)\n","OutputType":"frame"}
{"Time":"2026-09-08T10:19:04.118244481+03:00","Action":"pass","Package":"virmill.local/core/internal/ui/tui","Test":"TestAuxiliaryTUIStrictJSONAndEscapeNeverDispatch/{\"id\":","Elapsed":0}
{"Time":"2026-09-08T10:19:04.118644474+03:00","Action":"output","Package":"virmill.local/core/internal/ui/tui","Test":"TestAuxiliaryTUIStrictJSONAndEscapeNeverDispatch","Output":"--- PASS: TestAuxiliaryTUIStrictJSONAndEscapeNeverDispatch (0.01s)\n","OutputType":"frame"}
{"Time":"2026-09-08T10:19:04.118654933+03:00","Action":"pass","Package":"virmill.local/core/internal/ui/tui","Test":"TestAuxiliaryTUIStrictJSONAndEscapeNeverDispatch","Elapsed":0.01}
{"Time":"2026-09-08T10:19:04.118659018+03:00","Action":"run","Package":"virmill.local/core/internal/ui/tui","Test":"TestVersionedCaptureTUIIncludesAuxiliaryVerificationAndClearsSuccess"}
{"Time":"2026-09-08T10:19:04.118661076+03:00","Action":"output","Package":"virmill.local/core/internal/ui/tui","Test":"TestVersionedCaptureTUIIncludesAuxiliaryVerificationAndClearsSuccess","Output":"=== RUN   TestVersionedCaptureTUIIncludesAuxiliaryVerificationAndClearsSuccess\n","OutputType":"frame"}
{"Time":"2026-09-08T10:19:04.119189002+03:00","Action":"output","Package":"virmill.local/core/internal/validation","Test":"TestSpecificationPreviouslyUnvisitedExamples/root_backup_policy","Output":"--- PASS: TestSpecificationPreviouslyUnvisitedExamples/root_backup_policy (0.00s)\n","OutputType":"frame"}
{"Time":"2026-09-08T10:19:04.119207741+03:00","Action":"pass","Package":"virmill.local/core/internal/validation","Test":"TestSpecificationPreviouslyUnvisitedExamples/root_backup_policy","Elapsed":0}
{"Time":"2026-09-08T10:19:04.119229313+03:00","Action":"run","Package":"virmill.local/core/internal/validation","Test":"TestSpecificationPreviouslyUnvisitedExamples/plugin_manifest"}
{"Time":"2026-09-08T10:19:04.119232422+03:00","Action":"output","Package":"virmill.local/core/internal/validation","Test":"TestSpecificationPreviouslyUnvisitedExamples/plugin_manifest","Output":"=== RUN   TestSpecificationPreviouslyUnvisitedExamples/plugin_manifest\n","OutputType":"frame"}
{"Time":"2026-09-08T10:19:04.119975135+03:00","Action":"output","Package":"virmill.local/core/internal/validation","Test":"TestSpecificationPreviouslyUnvisitedExamples/plugin_manifest","Output":"--- PASS: TestSpecificationPreviouslyUnvisitedExamples/plugin_manifest (0.00s)\n","OutputType":"frame"}
{"Time":"2026-09-08T10:19:04.119988978+03:00","Action":"pass","Package":"virmill.local/core/internal/validation","Test":"TestSpecificationPreviouslyUnvisitedExamples/plugin_manifest","Elapsed":0}
{"Time":"2026-09-08T10:19:04.120035347+03:00","Action":"output","Package":"virmill.local/core/internal/validation","Test":"TestSpecificationPreviouslyUnvisitedExamples","Output":"--- PASS: TestSpecificationPreviouslyUnvisitedExamples (0.00s)\n","OutputType":"frame"}
{"Time":"2026-09-08T10:19:04.120043891+03:00","Action":"pass","Package":"virmill.local/core/internal/validation","Test":"TestSpecificationPreviouslyUnvisitedExamples","Elapsed":0}
{"Time":"2026-09-08T10:19:04.120067652+03:00","Action":"run","Package":"virmill.local/core/internal/validation","Test":"TestSpecificationLabSchemaRejectsUnknownField"}
{"Time":"2026-09-08T10:19:04.120071032+03:00","Action":"output","Package":"virmill.local/core/internal/validation","Test":"TestSpecificationLabSchemaRejectsUnknownField","Output":"=== RUN   TestSpecificationLabSchemaRejectsUnknownField\n","OutputType":"frame"}
{"Time":"2026-09-08T10:19:04.129734807+03:00","Action":"output","Package":"virmill.local/core/internal/validation","Test":"TestSpecificationLabSchemaRejectsUnknownField","Output":"--- PASS: TestSpecificationLabSchemaRejectsUnknownField (0.01s)\n","OutputType":"frame"}
{"Time":"2026-09-08T10:19:04.129761012+03:00","Action":"pass","Package":"virmill.local/core/internal/validation","Test":"TestSpecificationLabSchemaRejectsUnknownField","Elapsed":0.01}
{"Time":"2026-09-08T10:19:04.129766433+03:00","Action":"run","Package":"virmill.local/core/internal/validation","Test":"TestSpecificationLabSemanticNegatives"}
{"Time":"2026-09-08T10:19:04.129767756+03:00","Action":"output","Package":"virmill.local/core/internal/validation","Test":"TestSpecificationLabSemanticNegatives","Output":"=== RUN   TestSpecificationLabSemanticNegatives\n","OutputType":"frame"}
{"Time":"2026-09-08T10:19:04.136280427+03:00","Action":"run","Package":"virmill.local/core/internal/validation","Test":"TestSpecificationLabSemanticNegatives/unresolved_network"}
{"Time":"2026-09-08T10:19:04.136293984+03:00","Action":"output","Package":"virmill.local/core/internal/validation","Test":"TestSpecificationLabSemanticNegatives/unresolved_network","Output":"=== RUN   TestSpecificationLabSemanticNegatives/unresolved_network\n","OutputType":"frame"}
{"Time":"2026-09-08T10:19:04.138159878+03:00","Action":"output","Package":"virmill.local/core/internal/ui/tui","Test":"TestVersionedCaptureTUIIncludesAuxiliaryVerificationAndClearsSuccess","Output":"--- PASS: TestVersionedCaptureTUIIncludesAuxiliaryVerificationAndClearsSuccess (0.02s)\n","OutputType":"frame"}
{"Time":"2026-09-08T10:19:04.13819401+03:00","Action":"pass","Package":"virmill.local/core/internal/ui/tui","Test":"TestVersionedCaptureTUIIncludesAuxiliaryVerificationAndClearsSuccess","Elapsed":0.02}
{"Time":"2026-09-08T10:19:04.138206337+03:00","Action":"run","Package":"virmill.local/core/internal/ui/tui","Test":"TestCreationEstimateTUIShowsPagedSharedReviewAndReusesDigest"}
{"Time":"2026-09-08T10:19:04.138210221+03:00","Action":"output","Package":"virmill.local/core/internal/ui/tui","Test":"TestCreationEstimateTUIShowsPagedSharedReviewAndReusesDigest","Output":"=== RUN   TestCreationEstimateTUIShowsPagedSharedReviewAndReusesDigest\n","OutputType":"frame"}
{"Time":"2026-09-08T10:19:04.139686849+03:00","Action":"output","Package":"virmill.local/core/internal/app","Test":"TestHardwareFailureAndCancellationRetainTruthfulState/failed-definition","Output":"--- PASS: TestHardwareFailureAndCancellationRetainTruthfulState/failed-definition (0.03s)\n","OutputType":"frame"}
{"Time":"2026-09-08T10:19:04.139696973+03:00","Action":"pass","Package":"virmill.local/core/internal/app","Test":"TestHardwareFailureAndCancellationRetainTruthfulState/failed-definition","Elapsed":0.03}
{"Time":"2026-09-08T10:19:04.139703546+03:00","Action":"run","Package":"virmill.local/core/internal/app","Test":"TestHardwareFailureAndCancellationRetainTruthfulState/cancel-during-definition"}
{"Time":"2026-09-08T10:19:04.139704881+03:00","Action":"output","Package":"virmill.local/core/internal/app","Test":"TestHardwareFailureAndCancellationRetainTruthfulState/cancel-during-definition","Output":"=== RUN   TestHardwareFailureAndCancellationRetainTruthfulState/cancel-during-definition\n","OutputType":"frame"}
{"Time":"2026-09-08T10:19:04.145158031+03:00","Action":"output","Package":"virmill.local/core/internal/ui/cli","Test":"TestCreationEstimateCLIShowsAndReusesPersistedReview/table","Output":"--- PASS: TestCreationEstimateCLIShowsAndReusesPersistedReview/table (0.04s)\n","OutputType":"frame"}
{"Time":"2026-09-08T10:19:04.145183519+03:00","Action":"pass","Package":"virmill.local/core/internal/ui/cli","Test":"TestCreationEstimateCLIShowsAndReusesPersistedReview/table","Elapsed":0.04}
{"Time":"2026-09-08T10:19:04.145232122+03:00","Action":"run","Package":"virmill.local/core/internal/ui/cli","Test":"TestCreationEstimateCLIShowsAndReusesPersistedReview/json"}
{"Time":"2026-09-08T10:19:04.14524651+03:00","Action":"output","Package":"virmill.local/core/internal/ui/cli","Test":"TestCreationEstimateCLIShowsAndReusesPersistedReview/json","Output":"=== RUN   TestCreationEstimateCLIShowsAndReusesPersistedReview/json\n","OutputType":"frame"}
{"Time":"2026-09-08T10:19:04.146734596+03:00","Action":"output","Package":"virmill.local/core/internal/validation","Test":"TestSpecificationLabSemanticNegatives/unresolved_network","Output":"--- PASS: TestSpecificationLabSemanticNegatives/unresolved_network (0.01s)\n","OutputType":"frame"}
{"Time":"2026-09-08T10:19:04.146751199+03:00","Action":"pass","Package":"virmill.local/core/internal/validation","Test":"TestSpecificationLabSemanticNegatives/unresolved_network","Elapsed":0.01}
{"Time":"2026-09-08T10:19:04.146778971+03:00","Action":"run","Package":"virmill.local/core/internal/validation","Test":"TestSpecificationLabSemanticNegatives/dependency_cycle"}
{"Time":"2026-09-08T10:19:04.146782208+03:00","Action":"output","Package":"virmill.local/core/internal/validation","Test":"TestSpecificationLabSemanticNegatives/dependency_cycle","Output":"=== RUN   TestSpecificationLabSemanticNegatives/dependency_cycle\n","OutputType":"frame"}
{"Time":"2026-09-08T10:19:04.155405471+03:00","Action":"output","Package":"virmill.local/core/internal/validation","Test":"TestSpecificationLabSemanticNegatives/dependency_cycle","Output":"--- PASS: TestSpecificationLabSemanticNegatives/dependency_cycle (0.01s)\n","OutputType":"frame"}
{"Time":"2026-09-08T10:19:04.155420064+03:00","Action":"pass","Package":"virmill.local/core/internal/validation","Test":"TestSpecificationLabSemanticNegatives/dependency_cycle","Elapsed":0.01}
{"Time":"2026-09-08T10:19:04.155441277+03:00","Action":"run","Package":"virmill.local/core/internal/validation","Test":"TestSpecificationLabSemanticNegatives/duplicate_machine_identity"}
{"Time":"2026-09-08T10:19:04.155443173+03:00","Action":"output","Package":"virmill.local/core/internal/validation","Test":"TestSpecificationLabSemanticNegatives/duplicate_machine_identity","Output":"=== RUN   TestSpecificationLabSemanticNegatives/duplicate_machine_identity\n","OutputType":"frame"}
{"Time":"2026-09-08T10:19:04.164731029+03:00","Action":"output","Package":"virmill.local/core/internal/validation","Test":"TestSpecificationLabSemanticNegatives/duplicate_machine_identity","Output":"--- PASS: TestSpecificationLabSemanticNegatives/duplicate_machine_identity (0.01s)\n","OutputType":"frame"}
{"Time":"2026-09-08T10:19:04.164760611+03:00","Action":"pass","Package":"virmill.local/core/internal/validation","Test":"TestSpecificationLabSemanticNegatives/duplicate_machine_identity","Elapsed":0.01}
{"Time":"2026-09-08T10:19:04.164764944+03:00","Action":"run","Package":"virmill.local/core/internal/validation","Test":"TestSpecificationLabSemanticNegatives/invalid_cidr"}
{"Time":"2026-09-08T10:19:04.164766687+03:00","Action":"output","Package":"virmill.local/core/internal/validation","Test":"TestSpecificationLabSemanticNegatives/invalid_cidr","Output":"=== RUN   TestSpecificationLabSemanticNegatives/invalid_cidr\n","OutputType":"frame"}
{"Time":"2026-09-08T10:19:04.172301031+03:00","Action":"output","Package":"virmill.local/core/internal/validation","Test":"TestSpecificationLabSemanticNegatives/invalid_cidr","Output":"--- PASS: TestSpecificationLabSemanticNegatives/invalid_cidr (0.01s)\n","OutputType":"frame"}
{"Time":"2026-09-08T10:19:04.172337724+03:00","Action":"pass","Package":"virmill.local/core/internal/validation","Test":"TestSpecificationLabSemanticNegatives/invalid_cidr","Elapsed":0.01}
{"Time":"2026-09-08T10:19:04.172345594+03:00","Action":"output","Package":"virmill.local/core/internal/validation","Test":"TestSpecificationLabSemanticNegatives","Output":"--- PASS: TestSpecificationLabSemanticNegatives (0.04s)\n","OutputType":"frame"}
{"Time":"2026-09-08T10:19:04.172348781+03:00","Action":"pass","Package":"virmill.local/core/internal/validation","Test":"TestSpecificationLabSemanticNegatives","Elapsed":0.04}
{"Time":"2026-09-08T10:19:04.172352022+03:00","Action":"run","Package":"virmill.local/core/internal/validation","Test":"TestSpecificationPluginManifestNegatives"}
{"Time":"2026-09-08T10:19:04.172353848+03:00","Action":"output","Package":"virmill.local/core/internal/validation","Test":"TestSpecificationPluginManifestNegatives","Output":"=== RUN   TestSpecificationPluginManifestNegatives\n","OutputType":"frame"}
{"Time":"2026-09-08T10:19:04.172386792+03:00","Action":"run","Package":"virmill.local/core/internal/validation","Test":"TestSpecificationPluginManifestNegatives/entrypoint_traversal"}
{"Time":"2026-09-08T10:19:04.172390317+03:00","Action":"output","Package":"virmill.local/core/internal/validation","Test":"TestSpecificationPluginManifestNegatives/entrypoint_traversal","Output":"=== RUN   TestSpecificationPluginManifestNegatives/entrypoint_traversal\n","OutputType":"frame"}
{"Time":"2026-09-08T10:19:04.172986368+03:00","Action":"output","Package":"virmill.local/core/internal/validation","Test":"TestSpecificationPluginManifestNegatives/entrypoint_traversal","Output":"--- PASS: TestSpecificationPluginManifestNegatives/entrypoint_traversal (0.00s)\n","OutputType":"frame"}
{"Time":"2026-09-08T10:19:04.172998631+03:00","Action":"pass","Package":"virmill.local/core/internal/validation","Test":"TestSpecificationPluginManifestNegatives/entrypoint_traversal","Elapsed":0}
{"Time":"2026-09-08T10:19:04.173003223+03:00","Action":"run","Package":"virmill.local/core/internal/validation","Test":"TestSpecificationPluginManifestNegatives/unimplemented_protocol_version"}
{"Time":"2026-09-08T10:19:04.173007013+03:00","Action":"output","Package":"virmill.local/core/internal/validation","Test":"TestSpecificationPluginManifestNegatives/unimplemented_protocol_version","Output":"=== RUN   TestSpecificationPluginManifestNegatives/unimplemented_protocol_version\n","OutputType":"frame"}
{"Time":"2026-09-08T10:19:04.173572895+03:00","Action":"output","Package":"virmill.local/core/internal/validation","Test":"TestSpecificationPluginManifestNegatives/unimplemented_protocol_version","Output":"--- PASS: TestSpecificationPluginManifestNegatives/unimplemented_protocol_version (0.00s)\n","OutputType":"frame"}
{"Time":"2026-09-08T10:19:04.173583754+03:00","Action":"pass","Package":"virmill.local/core/internal/validation","Test":"TestSpecificationPluginManifestNegatives/unimplemented_protocol_version","Elapsed":0}
{"Time":"2026-09-08T10:19:04.173615217+03:00","Action":"output","Package":"virmill.local/core/internal/validation","Test":"TestSpecificationPluginManifestNegatives","Output":"--- PASS: TestSpecificationPluginManifestNegatives (0.00s)\n","OutputType":"frame"}
{"Time":"2026-09-08T10:19:04.173622268+03:00","Action":"pass","Package":"virmill.local/core/internal/validation","Test":"TestSpecificationPluginManifestNegatives","Elapsed":0}
{"Time":"2026-09-08T10:19:04.173641311+03:00","Action":"run","Package":"virmill.local/core/internal/validation","Test":"TestSpecificationRPCEnvelopeAlternatives"}
{"Time":"2026-09-08T10:19:04.173644919+03:00","Action":"output","Package":"virmill.local/core/internal/validation","Test":"TestSpecificationRPCEnvelopeAlternatives","Output":"=== RUN   TestSpecificationRPCEnvelopeAlternatives\n","OutputType":"frame"}
{"Time":"2026-09-08T10:19:04.174020608+03:00","Action":"run","Package":"virmill.local/core/internal/validation","Test":"TestSpecificationRPCEnvelopeAlternatives/both_result_and_error"}
{"Time":"2026-09-08T10:19:04.174027579+03:00","Action":"output","Package":"virmill.local/core/internal/validation","Test":"TestSpecificationRPCEnvelopeAlternatives/both_result_and_error","Output":"=== RUN   TestSpecificationRPCEnvelopeAlternatives/both_result_and_error\n","OutputType":"frame"}
{"Time":"2026-09-08T10:19:04.174226567+03:00","Action":"output","Package":"virmill.local/core/internal/validation","Test":"TestSpecificationRPCEnvelopeAlternatives/both_result_and_error","Output":"--- PASS: TestSpecificationRPCEnvelopeAlternatives/both_result_and_error (0.00s)\n","OutputType":"frame"}
{"Time":"2026-09-08T10:19:04.174233857+03:00","Action":"pass","Package":"virmill.local/core/internal/validation","Test":"TestSpecificationRPCEnvelopeAlternatives/both_result_and_error","Elapsed":0}
{"Time":"2026-09-08T10:19:04.174254927+03:00","Action":"run","Package":"virmill.local/core/internal/validation","Test":"TestSpecificationRPCEnvelopeAlternatives/numeric_identifier"}
{"Time":"2026-09-08T10:19:04.174258841+03:00","Action":"output","Package":"virmill.local/core/internal/validation","Test":"TestSpecificationRPCEnvelopeAlternatives/numeric_identifier","Output":"=== RUN   TestSpecificationRPCEnvelopeAlternatives/numeric_identifier\n","OutputType":"frame"}
{"Time":"2026-09-08T10:19:04.174409082+03:00","Action":"output","Package":"virmill.local/core/internal/validation","Test":"TestSpecificationRPCEnvelopeAlternatives/numeric_identifier","Output":"--- PASS: TestSpecificationRPCEnvelopeAlternatives/numeric_identifier (0.00s)\n","OutputType":"frame"}
{"Time":"2026-09-08T10:19:04.174416532+03:00","Action":"pass","Package":"virmill.local/core/internal/validation","Test":"TestSpecificationRPCEnvelopeAlternatives/numeric_identifier","Elapsed":0}
{"Time":"2026-09-08T10:19:04.174439229+03:00","Action":"output","Package":"virmill.local/core/internal/validation","Test":"TestSpecificationRPCEnvelopeAlternatives","Output":"--- PASS: TestSpecificationRPCEnvelopeAlternatives (0.00s)\n","OutputType":"frame"}
{"Time":"2026-09-08T10:19:04.174446994+03:00","Action":"pass","Package":"virmill.local/core/internal/validation","Test":"TestSpecificationRPCEnvelopeAlternatives","Elapsed":0}
{"Time":"2026-09-08T10:19:04.174462836+03:00","Action":"run","Package":"virmill.local/core/internal/validation","Test":"TestSpecificationPlanDateTimeFormats"}
{"Time":"2026-09-08T10:19:04.174466388+03:00","Action":"output","Package":"virmill.local/core/internal/validation","Test":"TestSpecificationPlanDateTimeFormats","Output":"=== RUN   TestSpecificationPlanDateTimeFormats\n","OutputType":"frame"}
{"Time":"2026-09-08T10:19:04.175204774+03:00","Action":"output","Package":"virmill.local/core/internal/app","Test":"TestHardwareFailureAndCancellationRetainTruthfulState/cancel-during-definition","Output":"--- PASS: TestHardwareFailureAndCancellationRetainTruthfulState/cancel-during-definition (0.04s)\n","OutputType":"frame"}
{"Time":"2026-09-08T10:19:04.175226615+03:00","Action":"pass","Package":"virmill.local/core/internal/app","Test":"TestHardwareFailureAndCancellationRetainTruthfulState/cancel-during-definition","Elapsed":0.04}
{"Time":"2026-09-08T10:19:04.175242685+03:00","Action":"run","Package":"virmill.local/core/internal/app","Test":"TestHardwareFailureAndCancellationRetainTruthfulState/changed-after-lost-ack"}
{"Time":"2026-09-08T10:19:04.175245963+03:00","Action":"output","Package":"virmill.local/core/internal/app","Test":"TestHardwareFailureAndCancellationRetainTruthfulState/changed-after-lost-ack","Output":"=== RUN   TestHardwareFailureAndCancellationRetainTruthfulState/changed-after-lost-ack\n","OutputType":"frame"}
{"Time":"2026-09-08T10:19:04.177095581+03:00","Action":"run","Package":"virmill.local/core/internal/validation","Test":"TestSpecificationPlanDateTimeFormats/createdAt/not-a-date"}
{"Time":"2026-09-08T10:19:04.177110765+03:00","Action":"output","Package":"virmill.local/core/internal/validation","Test":"TestSpecificationPlanDateTimeFormats/createdAt/not-a-date","Output":"=== RUN   TestSpecificationPlanDateTimeFormats/createdAt/not-a-date\n","OutputType":"frame"}
{"Time":"2026-09-08T10:19:04.177678922+03:00","Action":"output","Package":"virmill.local/core/internal/validation","Test":"TestSpecificationPlanDateTimeFormats/createdAt/not-a-date","Output":"--- PASS: TestSpecificationPlanDateTimeFormats/createdAt/not-a-date (0.00s)\n","OutputType":"frame"}
{"Time":"2026-09-08T10:19:04.177690536+03:00","Action":"pass","Package":"virmill.local/core/internal/validation","Test":"TestSpecificationPlanDateTimeFormats/createdAt/not-a-date","Elapsed":0}
{"Time":"2026-09-08T10:19:04.177707632+03:00","Action":"run","Package":"virmill.local/core/internal/validation","Test":"TestSpecificationPlanDateTimeFormats/createdAt/2026-02-30T01:02:03Z"}
{"Time":"2026-09-08T10:19:04.177710726+03:00","Action":"output","Package":"virmill.local/core/internal/validation","Test":"TestSpecificationPlanDateTimeFormats/createdAt/2026-02-30T01:02:03Z","Output":"=== RUN   TestSpecificationPlanDateTimeFormats/createdAt/2026-02-30T01:02:03Z\n","OutputType":"frame"}
{"Time":"2026-09-08T10:19:04.178276848+03:00","Action":"output","Package":"virmill.local/core/internal/validation","Test":"TestSpecificationPlanDateTimeFormats/createdAt/2026-02-30T01:02:03Z","Output":"--- PASS: TestSpecificationPlanDateTimeFormats/createdAt/2026-02-30T01:02:03Z (0.00s)\n","OutputType":"frame"}
{"Time":"2026-09-08T10:19:04.178287594+03:00","Action":"pass","Package":"virmill.local/core/internal/validation","Test":"TestSpecificationPlanDateTimeFormats/createdAt/2026-02-30T01:02:03Z","Elapsed":0}
{"Time":"2026-09-08T10:19:04.17835721+03:00","Action":"run","Package":"virmill.local/core/internal/validation","Test":"TestSpecificationPlanDateTimeFormats/createdAt/2026-09-08T25:02:03Z"}
{"Time":"2026-09-08T10:19:04.178370935+03:00","Action":"output","Package":"virmill.local/core/internal/validation","Test":"TestSpecificationPlanDateTimeFormats/createdAt/2026-09-08T25:02:03Z","Output":"=== RUN   TestSpecificationPlanDateTimeFormats/createdAt/2026-09-08T25:02:03Z\n","OutputType":"frame"}
{"Time":"2026-09-08T10:19:04.179137731+03:00","Action":"output","Package":"virmill.local/core/internal/validation","Test":"TestSpecificationPlanDateTimeFormats/createdAt/2026-09-08T25:02:03Z","Output":"--- PASS: TestSpecificationPlanDateTimeFormats/createdAt/2026-09-08T25:02:03Z (0.00s)\n","OutputType":"frame"}
{"Time":"2026-09-08T10:19:04.17914912+03:00","Action":"pass","Package":"virmill.local/core/internal/validation","Test":"TestSpecificationPlanDateTimeFormats/createdAt/2026-09-08T25:02:03Z","Elapsed":0}
{"Time":"2026-09-08T10:19:04.179171573+03:00","Action":"run","Package":"virmill.local/core/internal/validation","Test":"TestSpecificationPlanDateTimeFormats/createdAt/2026-09-08T01:02:03"}
{"Time":"2026-09-08T10:19:04.179181509+03:00","Action":"output","Package":"virmill.local/core/internal/validation","Test":"TestSpecificationPlanDateTimeFormats/createdAt/2026-09-08T01:02:03","Output":"=== RUN   TestSpecificationPlanDateTimeFormats/createdAt/2026-09-08T01:02:03\n","OutputType":"frame"}
{"Time":"2026-09-08T10:19:04.179911304+03:00","Action":"output","Package":"virmill.local/core/internal/validation","Test":"TestSpecificationPlanDateTimeFormats/createdAt/2026-09-08T01:02:03","Output":"--- PASS: TestSpecificationPlanDateTimeFormats/createdAt/2026-09-08T01:02:03 (0.00s)\n","OutputType":"frame"}
{"Time":"2026-09-08T10:19:04.179927218+03:00","Action":"pass","Package":"virmill.local/core/internal/validation","Test":"TestSpecificationPlanDateTimeFormats/createdAt/2026-09-08T01:02:03","Elapsed":0}
{"Time":"2026-09-08T10:19:04.17996812+03:00","Action":"run","Package":"virmill.local/core/internal/validation","Test":"TestSpecificationPlanDateTimeFormats/createdAt/2026-09-08T01:02:03+24:00"}
{"Time":"2026-09-08T10:19:04.179982131+03:00","Action":"output","Package":"virmill.local/core/internal/validation","Test":"TestSpecificationPlanDateTimeFormats/createdAt/2026-09-08T01:02:03+24:00","Output":"=== RUN   TestSpecificationPlanDateTimeFormats/createdAt/2026-09-08T01:02:03+24:00\n","OutputType":"frame"}
{"Time":"2026-09-08T10:19:04.180751268+03:00","Action":"output","Package":"virmill.local/core/internal/validation","Test":"TestSpecificationPlanDateTimeFormats/createdAt/2026-09-08T01:02:03+24:00","Output":"--- PASS: TestSpecificationPlanDateTimeFormats/createdAt/2026-09-08T01:02:03+24:00 (0.00s)\n","OutputType":"frame"}
{"Time":"2026-09-08T10:19:04.180760008+03:00","Action":"pass","Package":"virmill.local/core/internal/validation","Test":"TestSpecificationPlanDateTimeFormats/createdAt/2026-09-08T01:02:03+24:00","Elapsed":0}
{"Time":"2026-09-08T10:19:04.180785483+03:00","Action":"run","Package":"virmill.local/core/internal/validation","Test":"TestSpecificationPlanDateTimeFormats/expiresAt/not-a-date"}
{"Time":"2026-09-08T10:19:04.18079222+03:00","Action":"output","Package":"virmill.local/core/internal/validation","Test":"TestSpecificationPlanDateTimeFormats/expiresAt/not-a-date","Output":"=== RUN   TestSpecificationPlanDateTimeFormats/expiresAt/not-a-date\n","OutputType":"frame"}
{"Time":"2026-09-08T10:19:04.181304338+03:00","Action":"output","Package":"virmill.local/core/internal/ui/cli","Test":"TestCreationEstimateCLIShowsAndReusesPersistedReview/json","Output":"--- PASS: TestCreationEstimateCLIShowsAndReusesPersistedReview/json (0.04s)\n","OutputType":"frame"}
{"Time":"2026-09-08T10:19:04.181329856+03:00","Action":"pass","Package":"virmill.local/core/internal/ui/cli","Test":"TestCreationEstimateCLIShowsAndReusesPersistedReview/json","Elapsed":0.04}
{"Time":"2026-09-08T10:19:04.181354515+03:00","Action":"run","Package":"virmill.local/core/internal/ui/cli","Test":"TestCreationEstimateCLIShowsAndReusesPersistedReview/ndjson"}
{"Time":"2026-09-08T10:19:04.181361443+03:00","Action":"output","Package":"virmill.local/core/internal/ui/cli","Test":"TestCreationEstimateCLIShowsAndReusesPersistedReview/ndjson","Output":"=== RUN   TestCreationEstimateCLIShowsAndReusesPersistedReview/ndjson\n","OutputType":"frame"}
{"Time":"2026-09-08T10:19:04.181505533+03:00","Action":"output","Package":"virmill.local/core/internal/validation","Test":"TestSpecificationPlanDateTimeFormats/expiresAt/not-a-date","Output":"--- PASS: TestSpecificationPlanDateTimeFormats/expiresAt/not-a-date (0.00s)\n","OutputType":"frame"}
{"Time":"2026-09-08T10:19:04.18151311+03:00","Action":"pass","Package":"virmill.local/core/internal/validation","Test":"TestSpecificationPlanDateTimeFormats/expiresAt/not-a-date","Elapsed":0}
{"Time":"2026-09-08T10:19:04.181542388+03:00","Action":"run","Package":"virmill.local/core/internal/validation","Test":"TestSpecificationPlanDateTimeFormats/expiresAt/2026-02-30T01:02:03Z"}
{"Time":"2026-09-08T10:19:04.181546252+03:00","Action":"output","Package":"virmill.local/core/internal/validation","Test":"TestSpecificationPlanDateTimeFormats/expiresAt/2026-02-30T01:02:03Z","Output":"=== RUN   TestSpecificationPlanDateTimeFormats/expiresAt/2026-02-30T01:02:03Z\n","OutputType":"frame"}
{"Time":"2026-09-08T10:19:04.182260163+03:00","Action":"output","Package":"virmill.local/core/internal/validation","Test":"TestSpecificationPlanDateTimeFormats/expiresAt/2026-02-30T01:02:03Z","Output":"--- PASS: TestSpecificationPlanDateTimeFormats/expiresAt/2026-02-30T01:02:03Z (0.00s)\n","OutputType":"frame"}
{"Time":"2026-09-08T10:19:04.182277804+03:00","Action":"pass","Package":"virmill.local/core/internal/validation","Test":"TestSpecificationPlanDateTimeFormats/expiresAt/2026-02-30T01:02:03Z","Elapsed":0}
{"Time":"2026-09-08T10:19:04.182296369+03:00","Action":"run","Package":"virmill.local/core/internal/validation","Test":"TestSpecificationPlanDateTimeFormats/expiresAt/2026-09-08T25:02:03Z"}
{"Time":"2026-09-08T10:19:04.182299862+03:00","Action":"output","Package":"virmill.local/core/internal/validation","Test":"TestSpecificationPlanDateTimeFormats/expiresAt/2026-09-08T25:02:03Z","Output":"=== RUN   TestSpecificationPlanDateTimeFormats/expiresAt/2026-09-08T25:02:03Z\n","OutputType":"frame"}
{"Time":"2026-09-08T10:19:04.18313006+03:00","Action":"output","Package":"virmill.local/core/internal/validation","Test":"TestSpecificationPlanDateTimeFormats/expiresAt/2026-09-08T25:02:03Z","Output":"--- PASS: TestSpecificationPlanDateTimeFormats/expiresAt/2026-09-08T25:02:03Z (0.00s)\n","OutputType":"frame"}
{"Time":"2026-09-08T10:19:04.183147072+03:00","Action":"pass","Package":"virmill.local/core/internal/validation","Test":"TestSpecificationPlanDateTimeFormats/expiresAt/2026-09-08T25:02:03Z","Elapsed":0}
{"Time":"2026-09-08T10:19:04.183166038+03:00","Action":"run","Package":"virmill.local/core/internal/validation","Test":"TestSpecificationPlanDateTimeFormats/expiresAt/2026-09-08T01:02:03"}
{"Time":"2026-09-08T10:19:04.183169713+03:00","Action":"output","Package":"virmill.local/core/internal/validation","Test":"TestSpecificationPlanDateTimeFormats/expiresAt/2026-09-08T01:02:03","Output":"=== RUN   TestSpecificationPlanDateTimeFormats/expiresAt/2026-09-08T01:02:03\n","OutputType":"frame"}
{"Time":"2026-09-08T10:19:04.183975425+03:00","Action":"output","Package":"virmill.local/core/internal/validation","Test":"TestSpecificationPlanDateTimeFormats/expiresAt/2026-09-08T01:02:03","Output":"--- PASS: TestSpecificationPlanDateTimeFormats/expiresAt/2026-09-08T01:02:03 (0.00s)\n","OutputType":"frame"}
{"Time":"2026-09-08T10:19:04.183991654+03:00","Action":"pass","Package":"virmill.local/core/internal/validation","Test":"TestSpecificationPlanDateTimeFormats/expiresAt/2026-09-08T01:02:03","Elapsed":0}
{"Time":"2026-09-08T10:19:04.18401227+03:00","Action":"run","Package":"virmill.local/core/internal/validation","Test":"TestSpecificationPlanDateTimeFormats/expiresAt/2026-09-08T01:02:03+24:00"}
{"Time":"2026-09-08T10:19:04.184015803+03:00","Action":"output","Package":"virmill.local/core/internal/validation","Test":"TestSpecificationPlanDateTimeFormats/expiresAt/2026-09-08T01:02:03+24:00","Output":"=== RUN   TestSpecificationPlanDateTimeFormats/expiresAt/2026-09-08T01:02:03+24:00\n","OutputType":"frame"}
{"Time":"2026-09-08T10:19:04.184837926+03:00","Action":"output","Package":"virmill.local/core/internal/validation","Test":"TestSpecificationPlanDateTimeFormats/expiresAt/2026-09-08T01:02:03+24:00","Output":"--- PASS: TestSpecificationPlanDateTimeFormats/expiresAt/2026-09-08T01:02:03+24:00 (0.00s)\n","OutputType":"frame"}
{"Time":"2026-09-08T10:19:04.184853242+03:00","Action":"pass","Package":"virmill.local/core/internal/validation","Test":"TestSpecificationPlanDateTimeFormats/expiresAt/2026-09-08T01:02:03+24:00","Elapsed":0}
{"Time":"2026-09-08T10:19:04.184872538+03:00","Action":"output","Package":"virmill.local/core/internal/validation","Test":"TestSpecificationPlanDateTimeFormats","Output":"--- PASS: TestSpecificationPlanDateTimeFormats (0.01s)\n","OutputType":"frame"}
{"Time":"2026-09-08T10:19:04.184891144+03:00","Action":"pass","Package":"virmill.local/core/internal/validation","Test":"TestSpecificationPlanDateTimeFormats","Elapsed":0.01}
{"Time":"2026-09-08T10:19:04.184920698+03:00","Action":"output","Package":"virmill.local/core/internal/validation","Output":"PASS\n","OutputType":"frame"}
{"Time":"2026-09-08T10:19:04.202654403+03:00","Action":"run","Package":"virmill.local/core/internal/app/network","Test":"TestDefinedPrefixesBounds/declarations"}
{"Time":"2026-09-08T10:19:04.202683511+03:00","Action":"output","Package":"virmill.local/core/internal/app/network","Test":"TestDefinedPrefixesBounds/declarations","Output":"=== RUN   TestDefinedPrefixesBounds/declarations\n","OutputType":"frame"}
{"Time":"2026-09-08T10:19:04.205801622+03:00","Action":"output","Package":"virmill.local/core/internal/app/network","Test":"TestDefinedPrefixesBounds/declarations","Output":"--- PASS: TestDefinedPrefixesBounds/declarations (0.00s)\n","OutputType":"frame"}
{"Time":"2026-09-08T10:19:04.205814566+03:00","Action":"pass","Package":"virmill.local/core/internal/app/network","Test":"TestDefinedPrefixesBounds/declarations","Elapsed":0}
{"Time":"2026-09-08T10:19:04.205819008+03:00","Action":"run","Package":"virmill.local/core/internal/app/network","Test":"TestDefinedPrefixesBounds/route_declarations"}
{"Time":"2026-09-08T10:19:04.205825513+03:00","Action":"output","Package":"virmill.local/core/internal/app/network","Test":"TestDefinedPrefixesBounds/route_declarations","Output":"=== RUN   TestDefinedPrefixesBounds/route_declarations\n","OutputType":"frame"}
{"Time":"2026-09-08T10:19:04.210747023+03:00","Action":"output","Package":"virmill.local/core/internal/app/network","Test":"TestDefinedPrefixesBounds/route_declarations","Output":"--- PASS: TestDefinedPrefixesBounds/route_declarations (0.00s)\n","OutputType":"frame"}
{"Time":"2026-09-08T10:19:04.210762265+03:00","Action":"pass","Package":"virmill.local/core/internal/app/network","Test":"TestDefinedPrefixesBounds/route_declarations","Elapsed":0}
{"Time":"2026-09-08T10:19:04.210766078+03:00","Action":"run","Package":"virmill.local/core/internal/app/network","Test":"TestDefinedPrefixesBounds/combined_declarations"}
{"Time":"2026-09-08T10:19:04.210767588+03:00","Action":"output","Package":"virmill.local/core/internal/app/network","Test":"TestDefinedPrefixesBounds/combined_declarations","Output":"=== RUN   TestDefinedPrefixesBounds/combined_declarations\n","OutputType":"frame"}
{"Time":"2026-09-08T10:19:04.213882907+03:00","Action":"output","Package":"virmill.local/core/internal/app","Test":"TestHardwareFailureAndCancellationRetainTruthfulState/changed-after-lost-ack","Output":"--- PASS: TestHardwareFailureAndCancellationRetainTruthfulState/changed-after-lost-ack (0.04s)\n","OutputType":"frame"}
{"Time":"2026-09-08T10:19:04.213904022+03:00","Action":"pass","Package":"virmill.local/core/internal/app","Test":"TestHardwareFailureAndCancellationRetainTruthfulState/changed-after-lost-ack","Elapsed":0.04}
{"Time":"2026-09-08T10:19:04.213947606+03:00","Action":"output","Package":"virmill.local/core/internal/app","Test":"TestHardwareFailureAndCancellationRetainTruthfulState","Output":"--- PASS: TestHardwareFailureAndCancellationRetainTruthfulState (0.11s)\n","OutputType":"frame"}
{"Time":"2026-09-08T10:19:04.213965815+03:00","Action":"pass","Package":"virmill.local/core/internal/app","Test":"TestHardwareFailureAndCancellationRetainTruthfulState","Elapsed":0.11}
{"Time":"2026-09-08T10:19:04.213988971+03:00","Action":"run","Package":"virmill.local/core/internal/app","Test":"TestCIDRCheckIncludesHostPolicyTablesBothNetworkLayersAndPlanned"}
{"Time":"2026-09-08T10:19:04.213992873+03:00","Action":"output","Package":"virmill.local/core/internal/app","Test":"TestCIDRCheckIncludesHostPolicyTablesBothNetworkLayersAndPlanned","Output":"=== RUN   TestCIDRCheckIncludesHostPolicyTablesBothNetworkLayersAndPlanned\n","OutputType":"frame"}
{"Time":"2026-09-08T10:19:04.21420864+03:00","Action":"output","Package":"virmill.local/core/internal/app/network","Test":"TestDefinedPrefixesBounds/combined_declarations","Output":"--- PASS: TestDefinedPrefixesBounds/combined_declarations (0.00s)\n","OutputType":"frame"}
{"Time":"2026-09-08T10:19:04.2142132+03:00","Action":"pass","Package":"virmill.local/core/internal/app/network","Test":"TestDefinedPrefixesBounds/combined_declarations","Elapsed":0}
{"Time":"2026-09-08T10:19:04.214230526+03:00","Action":"run","Package":"virmill.local/core/internal/app/network","Test":"TestDefinedPrefixesBounds/depth"}
{"Time":"2026-09-08T10:19:04.214233071+03:00","Action":"output","Package":"virmill.local/core/internal/app/network","Test":"TestDefinedPrefixesBounds/depth","Output":"=== RUN   TestDefinedPrefixesBounds/depth\n","OutputType":"frame"}
{"Time":"2026-09-08T10:19:04.214720766+03:00","Action":"output","Package":"virmill.local/core/internal/app/network","Test":"TestDefinedPrefixesBounds/depth","Output":"--- PASS: TestDefinedPrefixesBounds/depth (0.00s)\n","OutputType":"frame"}
{"Time":"2026-09-08T10:19:04.214730362+03:00","Action":"pass","Package":"virmill.local/core/internal/app/network","Test":"TestDefinedPrefixesBounds/depth","Elapsed":0}
{"Time":"2026-09-08T10:19:04.214733097+03:00","Action":"run","Package":"virmill.local/core/internal/app/network","Test":"TestDefinedPrefixesBounds/bytes"}
{"Time":"2026-09-08T10:19:04.214734545+03:00","Action":"output","Package":"virmill.local/core/internal/app/network","Test":"TestDefinedPrefixesBounds/bytes","Output":"=== RUN   TestDefinedPrefixesBounds/bytes\n","OutputType":"frame"}
{"Time":"2026-09-08T10:19:04.214736606+03:00","Action":"output","Package":"virmill.local/core/internal/app/network","Test":"TestDefinedPrefixesBounds/bytes","Output":"--- PASS: TestDefinedPrefixesBounds/bytes (0.00s)\n","OutputType":"frame"}
{"Time":"2026-09-08T10:19:04.21473924+03:00","Action":"pass","Package":"virmill.local/core/internal/app/network","Test":"TestDefinedPrefixesBounds/bytes","Elapsed":0}
{"Time":"2026-09-08T10:19:04.21474066+03:00","Action":"run","Package":"virmill.local/core/internal/app/network","Test":"TestDefinedPrefixesBounds/tokens"}
{"Time":"2026-09-08T10:19:04.214741779+03:00","Action":"output","Package":"virmill.local/core/internal/app/network","Test":"TestDefinedPrefixesBounds/tokens","Output":"=== RUN   TestDefinedPrefixesBounds/tokens\n","OutputType":"frame"}
{"Time":"2026-09-08T10:19:04.215648661+03:00","Action":"output","Package":"virmill.local/core/internal/ui/cli","Test":"TestCreationEstimateCLIShowsAndReusesPersistedReview/ndjson","Output":"--- PASS: TestCreationEstimateCLIShowsAndReusesPersistedReview/ndjson (0.03s)\n","OutputType":"frame"}
{"Time":"2026-09-08T10:19:04.215684434+03:00","Action":"pass","Package":"virmill.local/core/internal/ui/cli","Test":"TestCreationEstimateCLIShowsAndReusesPersistedReview/ndjson","Elapsed":0.03}
{"Time":"2026-09-08T10:19:04.215740027+03:00","Action":"output","Package":"virmill.local/core/internal/ui/cli","Test":"TestCreationEstimateCLIShowsAndReusesPersistedReview","Output":"--- PASS: TestCreationEstimateCLIShowsAndReusesPersistedReview (0.11s)\n","OutputType":"frame"}
{"Time":"2026-09-08T10:19:04.215753621+03:00","Action":"pass","Package":"virmill.local/core/internal/ui/cli","Test":"TestCreationEstimateCLIShowsAndReusesPersistedReview","Elapsed":0.11}
{"Time":"2026-09-08T10:19:04.215777594+03:00","Action":"run","Package":"virmill.local/core/internal/ui/cli","Test":"TestCreationEstimateCLIFailuresDoNotPrintSuccessfulEstimate"}
{"Time":"2026-09-08T10:19:04.215779956+03:00","Action":"output","Package":"virmill.local/core/internal/ui/cli","Test":"TestCreationEstimateCLIFailuresDoNotPrintSuccessfulEstimate","Output":"=== RUN   TestCreationEstimateCLIFailuresDoNotPrintSuccessfulEstimate\n","OutputType":"frame"}
{"Time":"2026-09-08T10:19:04.215808926+03:00","Action":"run","Package":"virmill.local/core/internal/ui/cli","Test":"TestCreationEstimateCLIFailuresDoNotPrintSuccessfulEstimate/preflight-error"}
{"Time":"2026-09-08T10:19:04.215811282+03:00","Action":"output","Package":"virmill.local/core/internal/ui/cli","Test":"TestCreationEstimateCLIFailuresDoNotPrintSuccessfulEstimate/preflight-error","Output":"=== RUN   TestCreationEstimateCLIFailuresDoNotPrintSuccessfulEstimate/preflight-error\n","OutputType":"frame"}
{"Time":"2026-09-08T10:19:04.218080143+03:00","Action":"output","Package":"virmill.local/core/internal/app","Test":"TestCIDRCheckIncludesHostPolicyTablesBothNetworkLayersAndPlanned","Output":"--- PASS: TestCIDRCheckIncludesHostPolicyTablesBothNetworkLayersAndPlanned (0.00s)\n","OutputType":"frame"}
{"Time":"2026-09-08T10:19:04.218095082+03:00","Action":"pass","Package":"virmill.local/core/internal/app","Test":"TestCIDRCheckIncludesHostPolicyTablesBothNetworkLayersAndPlanned","Elapsed":0}
{"Time":"2026-09-08T10:19:04.218100305+03:00","Action":"run","Package":"virmill.local/core/internal/app","Test":"TestCIDRCheckExcludesOnlyRouteDefaults"}
{"Time":"2026-09-08T10:19:04.218103164+03:00","Action":"output","Package":"virmill.local/core/internal/app","Test":"TestCIDRCheckExcludesOnlyRouteDefaults","Output":"=== RUN   TestCIDRCheckExcludesOnlyRouteDefaults\n","OutputType":"frame"}
{"Time":"2026-09-08T10:19:04.218106595+03:00","Action":"run","Package":"virmill.local/core/internal/app","Test":"TestCIDRCheckExcludesOnlyRouteDefaults/ipv4/route"}
{"Time":"2026-09-08T10:19:04.218108984+03:00","Action":"output","Package":"virmill.local/core/internal/app","Test":"TestCIDRCheckExcludesOnlyRouteDefaults/ipv4/route","Output":"=== RUN   TestCIDRCheckExcludesOnlyRouteDefaults/ipv4/route\n","OutputType":"frame"}
{"Time":"2026-09-08T10:19:04.219676556+03:00","Action":"output","Package":"virmill.local/core/internal/app","Test":"TestCIDRCheckExcludesOnlyRouteDefaults/ipv4/route","Output":"--- PASS: TestCIDRCheckExcludesOnlyRouteDefaults/ipv4/route (0.00s)\n","OutputType":"frame"}
{"Time":"2026-09-08T10:19:04.219686508+03:00","Action":"pass","Package":"virmill.local/core/internal/app","Test":"TestCIDRCheckExcludesOnlyRouteDefaults/ipv4/route","Elapsed":0}
{"Time":"2026-09-08T10:19:04.219696467+03:00","Action":"run","Package":"virmill.local/core/internal/app","Test":"TestCIDRCheckExcludesOnlyRouteDefaults/ipv4/address"}
{"Time":"2026-09-08T10:19:04.219697956+03:00","Action":"output","Package":"virmill.local/core/internal/app","Test":"TestCIDRCheckExcludesOnlyRouteDefaults/ipv4/address","Output":"=== RUN   TestCIDRCheckExcludesOnlyRouteDefaults/ipv4/address\n","OutputType":"frame"}
{"Time":"2026-09-08T10:19:04.22072397+03:00","Action":"output","Package":"virmill.local/core/internal/app","Test":"TestCIDRCheckExcludesOnlyRouteDefaults/ipv4/address","Output":"--- PASS: TestCIDRCheckExcludesOnlyRouteDefaults/ipv4/address (0.00s)\n","OutputType":"frame"}
{"Time":"2026-09-08T10:19:04.220733832+03:00","Action":"pass","Package":"virmill.local/core/internal/app","Test":"TestCIDRCheckExcludesOnlyRouteDefaults/ipv4/address","Elapsed":0}
{"Time":"2026-09-08T10:19:04.220749288+03:00","Action":"run","Package":"virmill.local/core/internal/app","Test":"TestCIDRCheckExcludesOnlyRouteDefaults/ipv4/planned"}
{"Time":"2026-09-08T10:19:04.220751278+03:00","Action":"output","Package":"virmill.local/core/internal/app","Test":"TestCIDRCheckExcludesOnlyRouteDefaults/ipv4/planned","Output":"=== RUN   TestCIDRCheckExcludesOnlyRouteDefaults/ipv4/planned\n","OutputType":"frame"}
{"Time":"2026-09-08T10:19:04.221812223+03:00","Action":"output","Package":"virmill.local/core/internal/app","Test":"TestCIDRCheckExcludesOnlyRouteDefaults/ipv4/planned","Output":"--- PASS: TestCIDRCheckExcludesOnlyRouteDefaults/ipv4/planned (0.00s)\n","OutputType":"frame"}
{"Time":"2026-09-08T10:19:04.221823966+03:00","Action":"pass","Package":"virmill.local/core/internal/app","Test":"TestCIDRCheckExcludesOnlyRouteDefaults/ipv4/planned","Elapsed":0}
{"Time":"2026-09-08T10:19:04.221839177+03:00","Action":"run","Package":"virmill.local/core/internal/app","Test":"TestCIDRCheckExcludesOnlyRouteDefaults/ipv4/network-live"}
{"Time":"2026-09-08T10:19:04.221841166+03:00","Action":"output","Package":"virmill.local/core/internal/app","Test":"TestCIDRCheckExcludesOnlyRouteDefaults/ipv4/network-live","Output":"=== RUN   TestCIDRCheckExcludesOnlyRouteDefaults/ipv4/network-live\n","OutputType":"frame"}
{"Time":"2026-09-08T10:19:04.222837952+03:00","Action":"output","Package":"virmill.local/core/internal/app","Test":"TestCIDRCheckExcludesOnlyRouteDefaults/ipv4/network-live","Output":"--- PASS: TestCIDRCheckExcludesOnlyRouteDefaults/ipv4/network-live (0.00s)\n","OutputType":"frame"}
{"Time":"2026-09-08T10:19:04.222847237+03:00","Action":"pass","Package":"virmill.local/core/internal/app","Test":"TestCIDRCheckExcludesOnlyRouteDefaults/ipv4/network-live","Elapsed":0}
{"Time":"2026-09-08T10:19:04.222860471+03:00","Action":"run","Package":"virmill.local/core/internal/app","Test":"TestCIDRCheckExcludesOnlyRouteDefaults/ipv4/network-persistent"}
{"Time":"2026-09-08T10:19:04.222862258+03:00","Action":"output","Package":"virmill.local/core/internal/app","Test":"TestCIDRCheckExcludesOnlyRouteDefaults/ipv4/network-persistent","Output":"=== RUN   TestCIDRCheckExcludesOnlyRouteDefaults/ipv4/network-persistent\n","OutputType":"frame"}
{"Time":"2026-09-08T10:19:04.22394187+03:00","Action":"output","Package":"virmill.local/core/internal/app","Test":"TestCIDRCheckExcludesOnlyRouteDefaults/ipv4/network-persistent","Output":"--- PASS: TestCIDRCheckExcludesOnlyRouteDefaults/ipv4/network-persistent (0.00s)\n","OutputType":"frame"}
{"Time":"2026-09-08T10:19:04.223951244+03:00","Action":"pass","Package":"virmill.local/core/internal/app","Test":"TestCIDRCheckExcludesOnlyRouteDefaults/ipv4/network-persistent","Elapsed":0}
{"Time":"2026-09-08T10:19:04.223962153+03:00","Action":"run","Package":"virmill.local/core/internal/app","Test":"TestCIDRCheckExcludesOnlyRouteDefaults/ipv6/route"}
{"Time":"2026-09-08T10:19:04.223963955+03:00","Action":"output","Package":"virmill.local/core/internal/app","Test":"TestCIDRCheckExcludesOnlyRouteDefaults/ipv6/route","Output":"=== RUN   TestCIDRCheckExcludesOnlyRouteDefaults/ipv6/route\n","OutputType":"frame"}
{"Time":"2026-09-08T10:19:04.224912883+03:00","Action":"output","Package":"virmill.local/core/internal/app","Test":"TestCIDRCheckExcludesOnlyRouteDefaults/ipv6/route","Output":"--- PASS: TestCIDRCheckExcludesOnlyRouteDefaults/ipv6/route (0.00s)\n","OutputType":"frame"}
{"Time":"2026-09-08T10:19:04.22492134+03:00","Action":"pass","Package":"virmill.local/core/internal/app","Test":"TestCIDRCheckExcludesOnlyRouteDefaults/ipv6/route","Elapsed":0}
{"Time":"2026-09-08T10:19:04.224934264+03:00","Action":"run","Package":"virmill.local/core/internal/app","Test":"TestCIDRCheckExcludesOnlyRouteDefaults/ipv6/address"}
{"Time":"2026-09-08T10:19:04.224936112+03:00","Action":"output","Package":"virmill.local/core/internal/app","Test":"TestCIDRCheckExcludesOnlyRouteDefaults/ipv6/address","Output":"=== RUN   TestCIDRCheckExcludesOnlyRouteDefaults/ipv6/address\n","OutputType":"frame"}
{"Time":"2026-09-08T10:19:04.225932767+03:00","Action":"output","Package":"virmill.local/core/internal/app","Test":"TestCIDRCheckExcludesOnlyRouteDefaults/ipv6/address","Output":"--- PASS: TestCIDRCheckExcludesOnlyRouteDefaults/ipv6/address (0.00s)\n","OutputType":"frame"}
{"Time":"2026-09-08T10:19:04.225942417+03:00","Action":"pass","Package":"virmill.local/core/internal/app","Test":"TestCIDRCheckExcludesOnlyRouteDefaults/ipv6/address","Elapsed":0}
{"Time":"2026-09-08T10:19:04.225954041+03:00","Action":"run","Package":"virmill.local/core/internal/app","Test":"TestCIDRCheckExcludesOnlyRouteDefaults/ipv6/planned"}
{"Time":"2026-09-08T10:19:04.225955432+03:00","Action":"output","Package":"virmill.local/core/internal/app","Test":"TestCIDRCheckExcludesOnlyRouteDefaults/ipv6/planned","Output":"=== RUN   TestCIDRCheckExcludesOnlyRouteDefaults/ipv6/planned\n","OutputType":"frame"}
{"Time":"2026-09-08T10:19:04.227220793+03:00","Action":"output","Package":"virmill.local/core/internal/app","Test":"TestCIDRCheckExcludesOnlyRouteDefaults/ipv6/planned","Output":"--- PASS: TestCIDRCheckExcludesOnlyRouteDefaults/ipv6/planned (0.00s)\n","OutputType":"frame"}
{"Time":"2026-09-08T10:19:04.227228368+03:00","Action":"pass","Package":"virmill.local/core/internal/app","Test":"TestCIDRCheckExcludesOnlyRouteDefaults/ipv6/planned","Elapsed":0}
{"Time":"2026-09-08T10:19:04.227240059+03:00","Action":"run","Package":"virmill.local/core/internal/app","Test":"TestCIDRCheckExcludesOnlyRouteDefaults/ipv6/network-live"}
{"Time":"2026-09-08T10:19:04.227242075+03:00","Action":"output","Package":"virmill.local/core/internal/app","Test":"TestCIDRCheckExcludesOnlyRouteDefaults/ipv6/network-live","Output":"=== RUN   TestCIDRCheckExcludesOnlyRouteDefaults/ipv6/network-live\n","OutputType":"frame"}
{"Time":"2026-09-08T10:19:04.22842424+03:00","Action":"output","Package":"virmill.local/core/internal/app","Test":"TestCIDRCheckExcludesOnlyRouteDefaults/ipv6/network-live","Output":"--- PASS: TestCIDRCheckExcludesOnlyRouteDefaults/ipv6/network-live (0.00s)\n","OutputType":"frame"}
{"Time":"2026-09-08T10:19:04.228434388+03:00","Action":"pass","Package":"virmill.local/core/internal/app","Test":"TestCIDRCheckExcludesOnlyRouteDefaults/ipv6/network-live","Elapsed":0}
{"Time":"2026-09-08T10:19:04.228445678+03:00","Action":"run","Package":"virmill.local/core/internal/app","Test":"TestCIDRCheckExcludesOnlyRouteDefaults/ipv6/network-persistent"}
{"Time":"2026-09-08T10:19:04.228447859+03:00","Action":"output","Package":"virmill.local/core/internal/app","Test":"TestCIDRCheckExcludesOnlyRouteDefaults/ipv6/network-persistent","Output":"=== RUN   TestCIDRCheckExcludesOnlyRouteDefaults/ipv6/network-persistent\n","OutputType":"frame"}
{"Time":"2026-09-08T10:19:04.229592892+03:00","Action":"output","Package":"virmill.local/core/internal/app","Test":"TestCIDRCheckExcludesOnlyRouteDefaults/ipv6/network-persistent","Output":"--- PASS: TestCIDRCheckExcludesOnlyRouteDefaults/ipv6/network-persistent (0.00s)\n","OutputType":"frame"}
{"Time":"2026-09-08T10:19:04.22960116+03:00","Action":"pass","Package":"virmill.local/core/internal/app","Test":"TestCIDRCheckExcludesOnlyRouteDefaults/ipv6/network-persistent","Elapsed":0}
{"Time":"2026-09-08T10:19:04.229628737+03:00","Action":"output","Package":"virmill.local/core/internal/app","Test":"TestCIDRCheckExcludesOnlyRouteDefaults","Output":"--- PASS: TestCIDRCheckExcludesOnlyRouteDefaults (0.01s)\n","OutputType":"frame"}
{"Time":"2026-09-08T10:19:04.229638778+03:00","Action":"pass","Package":"virmill.local/core/internal/app","Test":"TestCIDRCheckExcludesOnlyRouteDefaults","Elapsed":0.01}
{"Time":"2026-09-08T10:19:04.229654839+03:00","Action":"run","Package":"virmill.local/core/internal/app","Test":"TestCIDRCheckInactiveConfiguredStaticRoutesRemainOccupied"}
{"Time":"2026-09-08T10:19:04.229658335+03:00","Action":"output","Package":"virmill.local/core/internal/app","Test":"TestCIDRCheckInactiveConfiguredStaticRoutesRemainOccupied","Output":"=== RUN   TestCIDRCheckInactiveConfiguredStaticRoutesRemainOccupied\n","OutputType":"frame"}
{"Time":"2026-09-08T10:19:04.229690979+03:00","Action":"run","Package":"virmill.local/core/internal/app","Test":"TestCIDRCheckInactiveConfiguredStaticRoutesRemainOccupied/ipv4-static-route"}
{"Time":"2026-09-08T10:19:04.229693492+03:00","Action":"output","Package":"virmill.local/core/internal/app","Test":"TestCIDRCheckInactiveConfiguredStaticRoutesRemainOccupied/ipv4-static-route","Output":"=== RUN   TestCIDRCheckInactiveConfiguredStaticRoutesRemainOccupied/ipv4-static-route\n","OutputType":"frame"}
{"Time":"2026-09-08T10:19:04.230916935+03:00","Action":"output","Package":"virmill.local/core/internal/app","Test":"TestCIDRCheckInactiveConfiguredStaticRoutesRemainOccupied/ipv4-static-route","Output":"--- PASS: TestCIDRCheckInactiveConfiguredStaticRoutesRemainOccupied/ipv4-static-route (0.00s)\n","OutputType":"frame"}
{"Time":"2026-09-08T10:19:04.230956575+03:00","Action":"pass","Package":"virmill.local/core/internal/app","Test":"TestCIDRCheckInactiveConfiguredStaticRoutesRemainOccupied/ipv4-static-route","Elapsed":0}
{"Time":"2026-09-08T10:19:04.230977752+03:00","Action":"run","Package":"virmill.local/core/internal/app","Test":"TestCIDRCheckInactiveConfiguredStaticRoutesRemainOccupied/ipv6-static-route"}
{"Time":"2026-09-08T10:19:04.230981785+03:00","Action":"output","Package":"virmill.local/core/internal/app","Test":"TestCIDRCheckInactiveConfiguredStaticRoutesRemainOccupied/ipv6-static-route","Output":"=== RUN   TestCIDRCheckInactiveConfiguredStaticRoutesRemainOccupied/ipv6-static-route\n","OutputType":"frame"}
{"Time":"2026-09-08T10:19:04.232862647+03:00","Action":"output","Package":"virmill.local/core/internal/app","Test":"TestCIDRCheckInactiveConfiguredStaticRoutesRemainOccupied/ipv6-static-route","Output":"--- PASS: TestCIDRCheckInactiveConfiguredStaticRoutesRemainOccupied/ipv6-static-route (0.00s)\n","OutputType":"frame"}
{"Time":"2026-09-08T10:19:04.232874863+03:00","Action":"pass","Package":"virmill.local/core/internal/app","Test":"TestCIDRCheckInactiveConfiguredStaticRoutesRemainOccupied/ipv6-static-route","Elapsed":0}
{"Time":"2026-09-08T10:19:04.232878359+03:00","Action":"run","Package":"virmill.local/core/internal/app","Test":"TestCIDRCheckInactiveConfiguredStaticRoutesRemainOccupied/ipv4-configured-default"}
{"Time":"2026-09-08T10:19:04.23288217+03:00","Action":"output","Package":"virmill.local/core/internal/app","Test":"TestCIDRCheckInactiveConfiguredStaticRoutesRemainOccupied/ipv4-configured-default","Output":"=== RUN   TestCIDRCheckInactiveConfiguredStaticRoutesRemainOccupied/ipv4-configured-default\n","OutputType":"frame"}
{"Time":"2026-09-08T10:19:04.2333307+03:00","Action":"output","Package":"virmill.local/core/internal/ui/cli","Test":"TestCreationEstimateCLIFailuresDoNotPrintSuccessfulEstimate/preflight-error","Output":"--- PASS: TestCreationEstimateCLIFailuresDoNotPrintSuccessfulEstimate/preflight-error (0.02s)\n","OutputType":"frame"}
{"Time":"2026-09-08T10:19:04.233375965+03:00","Action":"pass","Package":"virmill.local/core/internal/ui/cli","Test":"TestCreationEstimateCLIFailuresDoNotPrintSuccessfulEstimate/preflight-error","Elapsed":0.02}
{"Time":"2026-09-08T10:19:04.233405962+03:00","Action":"run","Package":"virmill.local/core/internal/ui/cli","Test":"TestCreationEstimateCLIFailuresDoNotPrintSuccessfulEstimate/canceled-creation"}
{"Time":"2026-09-08T10:19:04.233410302+03:00","Action":"output","Package":"virmill.local/core/internal/ui/cli","Test":"TestCreationEstimateCLIFailuresDoNotPrintSuccessfulEstimate/canceled-creation","Output":"=== RUN   TestCreationEstimateCLIFailuresDoNotPrintSuccessfulEstimate/canceled-creation\n","OutputType":"frame"}
{"Time":"2026-09-08T10:19:04.233960303+03:00","Action":"output","Package":"virmill.local/core/internal/app","Test":"TestCIDRCheckInactiveConfiguredStaticRoutesRemainOccupied/ipv4-configured-default","Output":"--- PASS: TestCIDRCheckInactiveConfiguredStaticRoutesRemainOccupied/ipv4-configured-default (0.00s)\n","OutputType":"frame"}
{"Time":"2026-09-08T10:19:04.233970358+03:00","Action":"pass","Package":"virmill.local/core/internal/app","Test":"TestCIDRCheckInactiveConfiguredStaticRoutesRemainOccupied/ipv4-configured-default","Elapsed":0}
{"Time":"2026-09-08T10:19:04.233982741+03:00","Action":"run","Package":"virmill.local/core/internal/app","Test":"TestCIDRCheckInactiveConfiguredStaticRoutesRemainOccupied/ipv6-configured-default"}
{"Time":"2026-09-08T10:19:04.2339847+03:00","Action":"output","Package":"virmill.local/core/internal/app","Test":"TestCIDRCheckInactiveConfiguredStaticRoutesRemainOccupied/ipv6-configured-default","Output":"=== RUN   TestCIDRCheckInactiveConfiguredStaticRoutesRemainOccupied/ipv6-configured-default\n","OutputType":"frame"}
{"Time":"2026-09-08T10:19:04.235045941+03:00","Action":"output","Package":"virmill.local/core/internal/app","Test":"TestCIDRCheckInactiveConfiguredStaticRoutesRemainOccupied/ipv6-configured-default","Output":"--- PASS: TestCIDRCheckInactiveConfiguredStaticRoutesRemainOccupied/ipv6-configured-default (0.00s)\n","OutputType":"frame"}
{"Time":"2026-09-08T10:19:04.235051219+03:00","Action":"pass","Package":"virmill.local/core/internal/app","Test":"TestCIDRCheckInactiveConfiguredStaticRoutesRemainOccupied/ipv6-configured-default","Elapsed":0}
{"Time":"2026-09-08T10:19:04.235067227+03:00","Action":"run","Package":"virmill.local/core/internal/app","Test":"TestCIDRCheckInactiveConfiguredStaticRoutesRemainOccupied/ipv4-implicit-configured-default"}
{"Time":"2026-09-08T10:19:04.235069513+03:00","Action":"output","Package":"virmill.local/core/internal/app","Test":"TestCIDRCheckInactiveConfiguredStaticRoutesRemainOccupied/ipv4-implicit-configured-default","Output":"=== RUN   TestCIDRCheckInactiveConfiguredStaticRoutesRemainOccupied/ipv4-implicit-configured-default\n","OutputType":"frame"}
{"Time":"2026-09-08T10:19:04.2373927+03:00","Action":"output","Package":"virmill.local/core/internal/app","Test":"TestCIDRCheckInactiveConfiguredStaticRoutesRemainOccupied/ipv4-implicit-configured-default","Output":"--- PASS: TestCIDRCheckInactiveConfiguredStaticRoutesRemainOccupied/ipv4-implicit-configured-default (0.00s)\n","OutputType":"frame"}
{"Time":"2026-09-08T10:19:04.237413718+03:00","Action":"pass","Package":"virmill.local/core/internal/app","Test":"TestCIDRCheckInactiveConfiguredStaticRoutesRemainOccupied/ipv4-implicit-configured-default","Elapsed":0}
{"Time":"2026-09-08T10:19:04.237419807+03:00","Action":"run","Package":"virmill.local/core/internal/app","Test":"TestCIDRCheckInactiveConfiguredStaticRoutesRemainOccupied/ipv6-implicit-configured-default"}
{"Time":"2026-09-08T10:19:04.237426778+03:00","Action":"output","Package":"virmill.local/core/internal/app","Test":"TestCIDRCheckInactiveConfiguredStaticRoutesRemainOccupied/ipv6-implicit-configured-default","Output":"=== RUN   TestCIDRCheckInactiveConfiguredStaticRoutesRemainOccupied/ipv6-implicit-configured-default\n","OutputType":"frame"}
{"Time":"2026-09-08T10:19:04.239268108+03:00","Action":"output","Package":"virmill.local/core/internal/app","Test":"TestCIDRCheckInactiveConfiguredStaticRoutesRemainOccupied/ipv6-implicit-configured-default","Output":"--- PASS: TestCIDRCheckInactiveConfiguredStaticRoutesRemainOccupied/ipv6-implicit-configured-default (0.00s)\n","OutputType":"frame"}
{"Time":"2026-09-08T10:19:04.239282639+03:00","Action":"pass","Package":"virmill.local/core/internal/app","Test":"TestCIDRCheckInactiveConfiguredStaticRoutesRemainOccupied/ipv6-implicit-configured-default","Elapsed":0}
{"Time":"2026-09-08T10:19:04.239308789+03:00","Action":"output","Package":"virmill.local/core/internal/app","Test":"TestCIDRCheckInactiveConfiguredStaticRoutesRemainOccupied","Output":"--- PASS: TestCIDRCheckInactiveConfiguredStaticRoutesRemainOccupied (0.01s)\n","OutputType":"frame"}
{"Time":"2026-09-08T10:19:04.239333074+03:00","Action":"pass","Package":"virmill.local/core/internal/app","Test":"TestCIDRCheckInactiveConfiguredStaticRoutesRemainOccupied","Elapsed":0.01}
{"Time":"2026-09-08T10:19:04.239351393+03:00","Action":"run","Package":"virmill.local/core/internal/app","Test":"TestCIDRCheckRejectsInvalidInputsBeforeObservation"}
{"Time":"2026-09-08T10:19:04.239355701+03:00","Action":"output","Package":"virmill.local/core/internal/app","Test":"TestCIDRCheckRejectsInvalidInputsBeforeObservation","Output":"=== RUN   TestCIDRCheckRejectsInvalidInputsBeforeObservation\n","OutputType":"frame"}
{"Time":"2026-09-08T10:19:04.239393813+03:00","Action":"run","Package":"virmill.local/core/internal/app","Test":"TestCIDRCheckRejectsInvalidInputsBeforeObservation/missing"}
{"Time":"2026-09-08T10:19:04.239397412+03:00","Action":"output","Package":"virmill.local/core/internal/app","Test":"TestCIDRCheckRejectsInvalidInputsBeforeObservation/missing","Output":"=== RUN   TestCIDRCheckRejectsInvalidInputsBeforeObservation/missing\n","OutputType":"frame"}
{"Time":"2026-09-08T10:19:04.240889758+03:00","Action":"output","Package":"virmill.local/core/internal/app","Test":"TestCIDRCheckRejectsInvalidInputsBeforeObservation/missing","Output":"--- PASS: TestCIDRCheckRejectsInvalidInputsBeforeObservation/missing (0.00s)\n","OutputType":"frame"}
{"Time":"2026-09-08T10:19:04.24090355+03:00","Action":"pass","Package":"virmill.local/core/internal/app","Test":"TestCIDRCheckRejectsInvalidInputsBeforeObservation/missing","Elapsed":0}
{"Time":"2026-09-08T10:19:04.240914923+03:00","Action":"run","Package":"virmill.local/core/internal/app","Test":"TestCIDRCheckRejectsInvalidInputsBeforeObservation/empty"}
{"Time":"2026-09-08T10:19:04.240918045+03:00","Action":"output","Package":"virmill.local/core/internal/app","Test":"TestCIDRCheckRejectsInvalidInputsBeforeObservation/empty","Output":"=== RUN   TestCIDRCheckRejectsInvalidInputsBeforeObservation/empty\n","OutputType":"frame"}
{"Time":"2026-09-08T10:19:04.242356976+03:00","Action":"output","Package":"virmill.local/core/internal/app","Test":"TestCIDRCheckRejectsInvalidInputsBeforeObservation/empty","Output":"--- PASS: TestCIDRCheckRejectsInvalidInputsBeforeObservation/empty (0.00s)\n","OutputType":"frame"}
{"Time":"2026-09-08T10:19:04.242366435+03:00","Action":"pass","Package":"virmill.local/core/internal/app","Test":"TestCIDRCheckRejectsInvalidInputsBeforeObservation/empty","Elapsed":0}
{"Time":"2026-09-08T10:19:04.242391054+03:00","Action":"run","Package":"virmill.local/core/internal/app","Test":"TestCIDRCheckRejectsInvalidInputsBeforeObservation/no-candidates"}
{"Time":"2026-09-08T10:19:04.242394899+03:00","Action":"output","Package":"virmill.local/core/internal/app","Test":"TestCIDRCheckRejectsInvalidInputsBeforeObservation/no-candidates","Output":"=== RUN   TestCIDRCheckRejectsInvalidInputsBeforeObservation/no-candidates\n","OutputType":"frame"}
{"Time":"2026-09-08T10:19:04.243902106+03:00","Action":"output","Package":"virmill.local/core/internal/app","Test":"TestCIDRCheckRejectsInvalidInputsBeforeObservation/no-candidates","Output":"--- PASS: TestCIDRCheckRejectsInvalidInputsBeforeObservation/no-candidates (0.00s)\n","OutputType":"frame"}
{"Time":"2026-09-08T10:19:04.243914676+03:00","Action":"pass","Package":"virmill.local/core/internal/app","Test":"TestCIDRCheckRejectsInvalidInputsBeforeObservation/no-candidates","Elapsed":0}
{"Time":"2026-09-08T10:19:04.243936508+03:00","Action":"run","Package":"virmill.local/core/internal/app","Test":"TestCIDRCheckRejectsInvalidInputsBeforeObservation/duplicate-candidates"}
{"Time":"2026-09-08T10:19:04.243939818+03:00","Action":"output","Package":"virmill.local/core/internal/app","Test":"TestCIDRCheckRejectsInvalidInputsBeforeObservation/duplicate-candidates","Output":"=== RUN   TestCIDRCheckRejectsInvalidInputsBeforeObservation/duplicate-candidates\n","OutputType":"frame"}
{"Time":"2026-09-08T10:19:04.245519323+03:00","Action":"output","Package":"virmill.local/core/internal/app","Test":"TestCIDRCheckRejectsInvalidInputsBeforeObservation/duplicate-candidates","Output":"--- PASS: TestCIDRCheckRejectsInvalidInputsBeforeObservation/duplicate-candidates (0.00s)\n","OutputType":"frame"}
{"Time":"2026-09-08T10:19:04.24553137+03:00","Action":"pass","Package":"virmill.local/core/internal/app","Test":"TestCIDRCheckRejectsInvalidInputsBeforeObservation/duplicate-candidates","Elapsed":0}
{"Time":"2026-09-08T10:19:04.245554407+03:00","Action":"run","Package":"virmill.local/core/internal/app","Test":"TestCIDRCheckRejectsInvalidInputsBeforeObservation/unknown-key"}
{"Time":"2026-09-08T10:19:04.245558476+03:00","Action":"output","Package":"virmill.local/core/internal/app","Test":"TestCIDRCheckRejectsInvalidInputsBeforeObservation/unknown-key","Output":"=== RUN   TestCIDRCheckRejectsInvalidInputsBeforeObservation/unknown-key\n","OutputType":"frame"}
{"Time":"2026-09-08T10:19:04.247123266+03:00","Action":"output","Package":"virmill.local/core/internal/app","Test":"TestCIDRCheckRejectsInvalidInputsBeforeObservation/unknown-key","Output":"--- PASS: TestCIDRCheckRejectsInvalidInputsBeforeObservation/unknown-key (0.00s)\n","OutputType":"frame"}
{"Time":"2026-09-08T10:19:04.247149005+03:00","Action":"pass","Package":"virmill.local/core/internal/app","Test":"TestCIDRCheckRejectsInvalidInputsBeforeObservation/unknown-key","Elapsed":0}
{"Time":"2026-09-08T10:19:04.247194404+03:00","Action":"run","Package":"virmill.local/core/internal/app","Test":"TestCIDRCheckRejectsInvalidInputsBeforeObservation/host-bits"}
{"Time":"2026-09-08T10:19:04.247198311+03:00","Action":"output","Package":"virmill.local/core/internal/app","Test":"TestCIDRCheckRejectsInvalidInputsBeforeObservation/host-bits","Output":"=== RUN   TestCIDRCheckRejectsInvalidInputsBeforeObservation/host-bits\n","OutputType":"frame"}
{"Time":"2026-09-08T10:19:04.248602814+03:00","Action":"output","Package":"virmill.local/core/internal/app","Test":"TestCIDRCheckRejectsInvalidInputsBeforeObservation/host-bits","Output":"--- PASS: TestCIDRCheckRejectsInvalidInputsBeforeObservation/host-bits (0.00s)\n","OutputType":"frame"}
{"Time":"2026-09-08T10:19:04.248615829+03:00","Action":"pass","Package":"virmill.local/core/internal/app","Test":"TestCIDRCheckRejectsInvalidInputsBeforeObservation/host-bits","Elapsed":0}
{"Time":"2026-09-08T10:19:04.24863764+03:00","Action":"run","Package":"virmill.local/core/internal/app","Test":"TestCIDRCheckRejectsInvalidInputsBeforeObservation/invalid-cidr"}
{"Time":"2026-09-08T10:19:04.248644635+03:00","Action":"output","Package":"virmill.local/core/internal/app","Test":"TestCIDRCheckRejectsInvalidInputsBeforeObservation/invalid-cidr","Output":"=== RUN   TestCIDRCheckRejectsInvalidInputsBeforeObservation/invalid-cidr\n","OutputType":"frame"}
{"Time":"2026-09-08T10:19:04.250535268+03:00","Action":"output","Package":"virmill.local/core/internal/app","Test":"TestCIDRCheckRejectsInvalidInputsBeforeObservation/invalid-cidr","Output":"--- PASS: TestCIDRCheckRejectsInvalidInputsBeforeObservation/invalid-cidr (0.00s)\n","OutputType":"frame"}
{"Time":"2026-09-08T10:19:04.250551553+03:00","Action":"pass","Package":"virmill.local/core/internal/app","Test":"TestCIDRCheckRejectsInvalidInputsBeforeObservation/invalid-cidr","Elapsed":0}
{"Time":"2026-09-08T10:19:04.250564406+03:00","Action":"run","Package":"virmill.local/core/internal/app","Test":"TestCIDRCheckRejectsInvalidInputsBeforeObservation/mapped-ipv6"}
{"Time":"2026-09-08T10:19:04.250567617+03:00","Action":"output","Package":"virmill.local/core/internal/app","Test":"TestCIDRCheckRejectsInvalidInputsBeforeObservation/mapped-ipv6","Output":"=== RUN   TestCIDRCheckRejectsInvalidInputsBeforeObservation/mapped-ipv6\n","OutputType":"frame"}
{"Time":"2026-09-08T10:19:04.251604607+03:00","Action":"output","Package":"virmill.local/core/internal/app","Test":"TestCIDRCheckRejectsInvalidInputsBeforeObservation/mapped-ipv6","Output":"--- PASS: TestCIDRCheckRejectsInvalidInputsBeforeObservation/mapped-ipv6 (0.00s)\n","OutputType":"frame"}
{"Time":"2026-09-08T10:19:04.251615793+03:00","Action":"pass","Package":"virmill.local/core/internal/app","Test":"TestCIDRCheckRejectsInvalidInputsBeforeObservation/mapped-ipv6","Elapsed":0}
{"Time":"2026-09-08T10:19:04.25161902+03:00","Action":"run","Package":"virmill.local/core/internal/app","Test":"TestCIDRCheckRejectsInvalidInputsBeforeObservation/noncanonical-ipv6"}
{"Time":"2026-09-08T10:19:04.251620328+03:00","Action":"output","Package":"virmill.local/core/internal/app","Test":"TestCIDRCheckRejectsInvalidInputsBeforeObservation/noncanonical-ipv6","Output":"=== RUN   TestCIDRCheckRejectsInvalidInputsBeforeObservation/noncanonical-ipv6\n","OutputType":"frame"}
{"Time":"2026-09-08T10:19:04.251929447+03:00","Action":"output","Package":"virmill.local/core/internal/ui/cli","Test":"TestCreationEstimateCLIFailuresDoNotPrintSuccessfulEstimate/canceled-creation","Output":"--- PASS: TestCreationEstimateCLIFailuresDoNotPrintSuccessfulEstimate/canceled-creation (0.02s)\n","OutputType":"frame"}
{"Time":"2026-09-08T10:19:04.25194171+03:00","Action":"pass","Package":"virmill.local/core/internal/ui/cli","Test":"TestCreationEstimateCLIFailuresDoNotPrintSuccessfulEstimate/canceled-creation","Elapsed":0.02}
{"Time":"2026-09-08T10:19:04.251969454+03:00","Action":"run","Package":"virmill.local/core/internal/ui/cli","Test":"TestCreationEstimateCLIFailuresDoNotPrintSuccessfulEstimate/canceled-plan-show"}
{"Time":"2026-09-08T10:19:04.251973518+03:00","Action":"output","Package":"virmill.local/core/internal/ui/cli","Test":"TestCreationEstimateCLIFailuresDoNotPrintSuccessfulEstimate/canceled-plan-show","Output":"=== RUN   TestCreationEstimateCLIFailuresDoNotPrintSuccessfulEstimate/canceled-plan-show\n","OutputType":"frame"}
{"Time":"2026-09-08T10:19:04.252618758+03:00","Action":"output","Package":"virmill.local/core/internal/app","Test":"TestCIDRCheckRejectsInvalidInputsBeforeObservation/noncanonical-ipv6","Output":"--- PASS: TestCIDRCheckRejectsInvalidInputsBeforeObservation/noncanonical-ipv6 (0.00s)\n","OutputType":"frame"}
{"Time":"2026-09-08T10:19:04.252631641+03:00","Action":"pass","Package":"virmill.local/core/internal/app","Test":"TestCIDRCheckRejectsInvalidInputsBeforeObservation/noncanonical-ipv6","Elapsed":0}
{"Time":"2026-09-08T10:19:04.252642093+03:00","Action":"run","Package":"virmill.local/core/internal/app","Test":"TestCIDRCheckRejectsInvalidInputsBeforeObservation/wrong-type"}
{"Time":"2026-09-08T10:19:04.252651889+03:00","Action":"output","Package":"virmill.local/core/internal/app","Test":"TestCIDRCheckRejectsInvalidInputsBeforeObservation/wrong-type","Output":"=== RUN   TestCIDRCheckRejectsInvalidInputsBeforeObservation/wrong-type\n","OutputType":"frame"}
{"Time":"2026-09-08T10:19:04.25271139+03:00","Action":"output","Package":"virmill.local/core/internal/ui/tui","Test":"TestCreationEstimateTUIShowsPagedSharedReviewAndReusesDigest","Output":"--- PASS: TestCreationEstimateTUIShowsPagedSharedReviewAndReusesDigest (0.11s)\n","OutputType":"frame"}
{"Time":"2026-09-08T10:19:04.252733215+03:00","Action":"pass","Package":"virmill.local/core/internal/ui/tui","Test":"TestCreationEstimateTUIShowsPagedSharedReviewAndReusesDigest","Elapsed":0.11}
{"Time":"2026-09-08T10:19:04.252753517+03:00","Action":"run","Package":"virmill.local/core/internal/ui/tui","Test":"TestCreationEstimateTUIFailuresClearStaleBudgetAndApproval"}
{"Time":"2026-09-08T10:19:04.252755467+03:00","Action":"output","Package":"virmill.local/core/internal/ui/tui","Test":"TestCreationEstimateTUIFailuresClearStaleBudgetAndApproval","Output":"=== RUN   TestCreationEstimateTUIFailuresClearStaleBudgetAndApproval\n","OutputType":"frame"}
{"Time":"2026-09-08T10:19:04.252788421+03:00","Action":"run","Package":"virmill.local/core/internal/ui/tui","Test":"TestCreationEstimateTUIFailuresClearStaleBudgetAndApproval/preflight-error"}
{"Time":"2026-09-08T10:19:04.252794717+03:00","Action":"output","Package":"virmill.local/core/internal/ui/tui","Test":"TestCreationEstimateTUIFailuresClearStaleBudgetAndApproval/preflight-error","Output":"=== RUN   TestCreationEstimateTUIFailuresClearStaleBudgetAndApproval/preflight-error\n","OutputType":"frame"}
{"Time":"2026-09-08T10:19:04.253677693+03:00","Action":"output","Package":"virmill.local/core/internal/app","Test":"TestCIDRCheckRejectsInvalidInputsBeforeObservation/wrong-type","Output":"--- PASS: TestCIDRCheckRejectsInvalidInputsBeforeObservation/wrong-type (0.00s)\n","OutputType":"frame"}
{"Time":"2026-09-08T10:19:04.253689156+03:00","Action":"pass","Package":"virmill.local/core/internal/app","Test":"TestCIDRCheckRejectsInvalidInputsBeforeObservation/wrong-type","Elapsed":0}
{"Time":"2026-09-08T10:19:04.253692704+03:00","Action":"run","Package":"virmill.local/core/internal/app","Test":"TestCIDRCheckRejectsInvalidInputsBeforeObservation/unknown-planned-key"}
{"Time":"2026-09-08T10:19:04.253694145+03:00","Action":"output","Package":"virmill.local/core/internal/app","Test":"TestCIDRCheckRejectsInvalidInputsBeforeObservation/unknown-planned-key","Output":"=== RUN   TestCIDRCheckRejectsInvalidInputsBeforeObservation/unknown-planned-key\n","OutputType":"frame"}
{"Time":"2026-09-08T10:19:04.254775818+03:00","Action":"output","Package":"virmill.local/core/internal/app","Test":"TestCIDRCheckRejectsInvalidInputsBeforeObservation/unknown-planned-key","Output":"--- PASS: TestCIDRCheckRejectsInvalidInputsBeforeObservation/unknown-planned-key (0.00s)\n","OutputType":"frame"}
{"Time":"2026-09-08T10:19:04.254788695+03:00","Action":"pass","Package":"virmill.local/core/internal/app","Test":"TestCIDRCheckRejectsInvalidInputsBeforeObservation/unknown-planned-key","Elapsed":0}
{"Time":"2026-09-08T10:19:04.254801294+03:00","Action":"run","Package":"virmill.local/core/internal/app","Test":"TestCIDRCheckRejectsInvalidInputsBeforeObservation/invalid-planned-id"}
{"Time":"2026-09-08T10:19:04.254803708+03:00","Action":"output","Package":"virmill.local/core/internal/app","Test":"TestCIDRCheckRejectsInvalidInputsBeforeObservation/invalid-planned-id","Output":"=== RUN   TestCIDRCheckRejectsInvalidInputsBeforeObservation/invalid-planned-id\n","OutputType":"frame"}
{"Time":"2026-09-08T10:19:04.255848884+03:00","Action":"output","Package":"virmill.local/core/internal/app","Test":"TestCIDRCheckRejectsInvalidInputsBeforeObservation/invalid-planned-id","Output":"--- PASS: TestCIDRCheckRejectsInvalidInputsBeforeObservation/invalid-planned-id (0.00s)\n","OutputType":"frame"}
{"Time":"2026-09-08T10:19:04.255861707+03:00","Action":"pass","Package":"virmill.local/core/internal/app","Test":"TestCIDRCheckRejectsInvalidInputsBeforeObservation/invalid-planned-id","Elapsed":0}
{"Time":"2026-09-08T10:19:04.255878215+03:00","Action":"run","Package":"virmill.local/core/internal/app","Test":"TestCIDRCheckRejectsInvalidInputsBeforeObservation/missing-planned-cidr"}
{"Time":"2026-09-08T10:19:04.255880435+03:00","Action":"output","Package":"virmill.local/core/internal/app","Test":"TestCIDRCheckRejectsInvalidInputsBeforeObservation/missing-planned-cidr","Output":"=== RUN   TestCIDRCheckRejectsInvalidInputsBeforeObservation/missing-planned-cidr\n","OutputType":"frame"}
{"Time":"2026-09-08T10:19:04.257006385+03:00","Action":"output","Package":"virmill.local/core/internal/app","Test":"TestCIDRCheckRejectsInvalidInputsBeforeObservation/missing-planned-cidr","Output":"--- PASS: TestCIDRCheckRejectsInvalidInputsBeforeObservation/missing-planned-cidr (0.00s)\n","OutputType":"frame"}
{"Time":"2026-09-08T10:19:04.25701669+03:00","Action":"pass","Package":"virmill.local/core/internal/app","Test":"TestCIDRCheckRejectsInvalidInputsBeforeObservation/missing-planned-cidr","Elapsed":0}
{"Time":"2026-09-08T10:19:04.257034143+03:00","Action":"run","Package":"virmill.local/core/internal/app","Test":"TestCIDRCheckRejectsInvalidInputsBeforeObservation/planned-host-bits"}
{"Time":"2026-09-08T10:19:04.257035744+03:00","Action":"output","Package":"virmill.local/core/internal/app","Test":"TestCIDRCheckRejectsInvalidInputsBeforeObservation/planned-host-bits","Output":"=== RUN   TestCIDRCheckRejectsInvalidInputsBeforeObservation/planned-host-bits\n","OutputType":"frame"}
{"Time":"2026-09-08T10:19:04.258221406+03:00","Action":"output","Package":"virmill.local/core/internal/app","Test":"TestCIDRCheckRejectsInvalidInputsBeforeObservation/planned-host-bits","Output":"--- PASS: TestCIDRCheckRejectsInvalidInputsBeforeObservation/planned-host-bits (0.00s)\n","OutputType":"frame"}
{"Time":"2026-09-08T10:19:04.258227925+03:00","Action":"pass","Package":"virmill.local/core/internal/app","Test":"TestCIDRCheckRejectsInvalidInputsBeforeObservation/planned-host-bits","Elapsed":0}
{"Time":"2026-09-08T10:19:04.258245533+03:00","Action":"run","Package":"virmill.local/core/internal/app","Test":"TestCIDRCheckRejectsInvalidInputsBeforeObservation/duplicate-planned-id"}
{"Time":"2026-09-08T10:19:04.258247922+03:00","Action":"output","Package":"virmill.local/core/internal/app","Test":"TestCIDRCheckRejectsInvalidInputsBeforeObservation/duplicate-planned-id","Output":"=== RUN   TestCIDRCheckRejectsInvalidInputsBeforeObservation/duplicate-planned-id\n","OutputType":"frame"}
{"Time":"2026-09-08T10:19:04.259506858+03:00","Action":"output","Package":"virmill.local/core/internal/app","Test":"TestCIDRCheckRejectsInvalidInputsBeforeObservation/duplicate-planned-id","Output":"--- PASS: TestCIDRCheckRejectsInvalidInputsBeforeObservation/duplicate-planned-id (0.00s)\n","OutputType":"frame"}
{"Time":"2026-09-08T10:19:04.259521523+03:00","Action":"pass","Package":"virmill.local/core/internal/app","Test":"TestCIDRCheckRejectsInvalidInputsBeforeObservation/duplicate-planned-id","Elapsed":0}
{"Time":"2026-09-08T10:19:04.259533107+03:00","Action":"run","Package":"virmill.local/core/internal/app","Test":"TestCIDRCheckRejectsInvalidInputsBeforeObservation/id-field"}
{"Time":"2026-09-08T10:19:04.259535004+03:00","Action":"output","Package":"virmill.local/core/internal/app","Test":"TestCIDRCheckRejectsInvalidInputsBeforeObservation/id-field","Output":"=== RUN   TestCIDRCheckRejectsInvalidInputsBeforeObservation/id-field\n","OutputType":"frame"}
{"Time":"2026-09-08T10:19:04.26049053+03:00","Action":"output","Package":"virmill.local/core/internal/app","Test":"TestCIDRCheckRejectsInvalidInputsBeforeObservation/id-field","Output":"--- PASS: TestCIDRCheckRejectsInvalidInputsBeforeObservation/id-field (0.00s)\n","OutputType":"frame"}
{"Time":"2026-09-08T10:19:04.260501411+03:00","Action":"pass","Package":"virmill.local/core/internal/app","Test":"TestCIDRCheckRejectsInvalidInputsBeforeObservation/id-field","Elapsed":0}
{"Time":"2026-09-08T10:19:04.260520468+03:00","Action":"run","Package":"virmill.local/core/internal/app","Test":"TestCIDRCheckRejectsInvalidInputsBeforeObservation/path-field"}
{"Time":"2026-09-08T10:19:04.260522488+03:00","Action":"output","Package":"virmill.local/core/internal/app","Test":"TestCIDRCheckRejectsInvalidInputsBeforeObservation/path-field","Output":"=== RUN   TestCIDRCheckRejectsInvalidInputsBeforeObservation/path-field\n","OutputType":"frame"}
{"Time":"2026-09-08T10:19:04.261415713+03:00","Action":"output","Package":"virmill.local/core/internal/app","Test":"TestCIDRCheckRejectsInvalidInputsBeforeObservation/path-field","Output":"--- PASS: TestCIDRCheckRejectsInvalidInputsBeforeObservation/path-field (0.00s)\n","OutputType":"frame"}
{"Time":"2026-09-08T10:19:04.26143013+03:00","Action":"pass","Package":"virmill.local/core/internal/app","Test":"TestCIDRCheckRejectsInvalidInputsBeforeObservation/path-field","Elapsed":0}
{"Time":"2026-09-08T10:19:04.261435379+03:00","Action":"run","Package":"virmill.local/core/internal/app","Test":"TestCIDRCheckRejectsInvalidInputsBeforeObservation/action-field"}
{"Time":"2026-09-08T10:19:04.26143684+03:00","Action":"output","Package":"virmill.local/core/internal/app","Test":"TestCIDRCheckRejectsInvalidInputsBeforeObservation/action-field","Output":"=== RUN   TestCIDRCheckRejectsInvalidInputsBeforeObservation/action-field\n","OutputType":"frame"}
{"Time":"2026-09-08T10:19:04.262273696+03:00","Action":"output","Package":"virmill.local/core/internal/app","Test":"TestCIDRCheckRejectsInvalidInputsBeforeObservation/action-field","Output":"--- PASS: TestCIDRCheckRejectsInvalidInputsBeforeObservation/action-field (0.00s)\n","OutputType":"frame"}
{"Time":"2026-09-08T10:19:04.262279185+03:00","Action":"pass","Package":"virmill.local/core/internal/app","Test":"TestCIDRCheckRejectsInvalidInputsBeforeObservation/action-field","Elapsed":0}
{"Time":"2026-09-08T10:19:04.26229678+03:00","Action":"run","Package":"virmill.local/core/internal/app","Test":"TestCIDRCheckRejectsInvalidInputsBeforeObservation/after-field"}
{"Time":"2026-09-08T10:19:04.262300093+03:00","Action":"output","Package":"virmill.local/core/internal/app","Test":"TestCIDRCheckRejectsInvalidInputsBeforeObservation/after-field","Output":"=== RUN   TestCIDRCheckRejectsInvalidInputsBeforeObservation/after-field\n","OutputType":"frame"}
{"Time":"2026-09-08T10:19:04.263268708+03:00","Action":"output","Package":"virmill.local/core/internal/app","Test":"TestCIDRCheckRejectsInvalidInputsBeforeObservation/after-field","Output":"--- PASS: TestCIDRCheckRejectsInvalidInputsBeforeObservation/after-field (0.00s)\n","OutputType":"frame"}
{"Time":"2026-09-08T10:19:04.263288974+03:00","Action":"pass","Package":"virmill.local/core/internal/app","Test":"TestCIDRCheckRejectsInvalidInputsBeforeObservation/after-field","Elapsed":0}
{"Time":"2026-09-08T10:19:04.263292514+03:00","Action":"run","Package":"virmill.local/core/internal/app","Test":"TestCIDRCheckRejectsInvalidInputsBeforeObservation/apply-field"}
{"Time":"2026-09-08T10:19:04.263293871+03:00","Action":"output","Package":"virmill.local/core/internal/app","Test":"TestCIDRCheckRejectsInvalidInputsBeforeObservation/apply-field","Output":"=== RUN   TestCIDRCheckRejectsInvalidInputsBeforeObservation/apply-field\n","OutputType":"frame"}
{"Time":"2026-09-08T10:19:04.26414619+03:00","Action":"output","Package":"virmill.local/core/internal/app","Test":"TestCIDRCheckRejectsInvalidInputsBeforeObservation/apply-field","Output":"--- PASS: TestCIDRCheckRejectsInvalidInputsBeforeObservation/apply-field (0.00s)\n","OutputType":"frame"}
{"Time":"2026-09-08T10:19:04.264152613+03:00","Action":"pass","Package":"virmill.local/core/internal/app","Test":"TestCIDRCheckRejectsInvalidInputsBeforeObservation/apply-field","Elapsed":0}
{"Time":"2026-09-08T10:19:04.26416848+03:00","Action":"run","Package":"virmill.local/core/internal/app","Test":"TestCIDRCheckRejectsInvalidInputsBeforeObservation/remote-connection"}
{"Time":"2026-09-08T10:19:04.264170942+03:00","Action":"output","Package":"virmill.local/core/internal/app","Test":"TestCIDRCheckRejectsInvalidInputsBeforeObservation/remote-connection","Output":"=== RUN   TestCIDRCheckRejectsInvalidInputsBeforeObservation/remote-connection\n","OutputType":"frame"}
{"Time":"2026-09-08T10:19:04.265022398+03:00","Action":"output","Package":"virmill.local/core/internal/app","Test":"TestCIDRCheckRejectsInvalidInputsBeforeObservation/remote-connection","Output":"--- PASS: TestCIDRCheckRejectsInvalidInputsBeforeObservation/remote-connection (0.00s)\n","OutputType":"frame"}
{"Time":"2026-09-08T10:19:04.26503005+03:00","Action":"pass","Package":"virmill.local/core/internal/app","Test":"TestCIDRCheckRejectsInvalidInputsBeforeObservation/remote-connection","Elapsed":0}
{"Time":"2026-09-08T10:19:04.265043428+03:00","Action":"run","Package":"virmill.local/core/internal/app","Test":"TestCIDRCheckRejectsInvalidInputsBeforeObservation/unknown-connection"}
{"Time":"2026-09-08T10:19:04.265044952+03:00","Action":"output","Package":"virmill.local/core/internal/app","Test":"TestCIDRCheckRejectsInvalidInputsBeforeObservation/unknown-connection","Output":"=== RUN   TestCIDRCheckRejectsInvalidInputsBeforeObservation/unknown-connection\n","OutputType":"frame"}
{"Time":"2026-09-08T10:19:04.265903078+03:00","Action":"output","Package":"virmill.local/core/internal/app","Test":"TestCIDRCheckRejectsInvalidInputsBeforeObservation/unknown-connection","Output":"--- PASS: TestCIDRCheckRejectsInvalidInputsBeforeObservation/unknown-connection (0.00s)\n","OutputType":"frame"}
{"Time":"2026-09-08T10:19:04.265911908+03:00","Action":"pass","Package":"virmill.local/core/internal/app","Test":"TestCIDRCheckRejectsInvalidInputsBeforeObservation/unknown-connection","Elapsed":0}
{"Time":"2026-09-08T10:19:04.265939271+03:00","Action":"run","Package":"virmill.local/core/internal/app","Test":"TestCIDRCheckRejectsInvalidInputsBeforeObservation/connection-query"}
{"Time":"2026-09-08T10:19:04.26594158+03:00","Action":"output","Package":"virmill.local/core/internal/app","Test":"TestCIDRCheckRejectsInvalidInputsBeforeObservation/connection-query","Output":"=== RUN   TestCIDRCheckRejectsInvalidInputsBeforeObservation/connection-query\n","OutputType":"frame"}
{"Time":"2026-09-08T10:19:04.266857456+03:00","Action":"output","Package":"virmill.local/core/internal/app","Test":"TestCIDRCheckRejectsInvalidInputsBeforeObservation/connection-query","Output":"--- PASS: TestCIDRCheckRejectsInvalidInputsBeforeObservation/connection-query (0.00s)\n","OutputType":"frame"}
{"Time":"2026-09-08T10:19:04.266876139+03:00","Action":"pass","Package":"virmill.local/core/internal/app","Test":"TestCIDRCheckRejectsInvalidInputsBeforeObservation/connection-query","Elapsed":0}
{"Time":"2026-09-08T10:19:04.266891492+03:00","Action":"run","Package":"virmill.local/core/internal/app","Test":"TestCIDRCheckRejectsInvalidInputsBeforeObservation/too-many-candidates"}
{"Time":"2026-09-08T10:19:04.266893162+03:00","Action":"output","Package":"virmill.local/core/internal/app","Test":"TestCIDRCheckRejectsInvalidInputsBeforeObservation/too-many-candidates","Output":"=== RUN   TestCIDRCheckRejectsInvalidInputsBeforeObservation/too-many-candidates\n","OutputType":"frame"}
{"Time":"2026-09-08T10:19:04.267697962+03:00","Action":"output","Package":"virmill.local/core/internal/ui/cli","Test":"TestCreationEstimateCLIFailuresDoNotPrintSuccessfulEstimate/canceled-plan-show","Output":"--- PASS: TestCreationEstimateCLIFailuresDoNotPrintSuccessfulEstimate/canceled-plan-show (0.02s)\n","OutputType":"frame"}
{"Time":"2026-09-08T10:19:04.267745654+03:00","Action":"pass","Package":"virmill.local/core/internal/ui/cli","Test":"TestCreationEstimateCLIFailuresDoNotPrintSuccessfulEstimate/canceled-plan-show","Elapsed":0.02}
{"Time":"2026-09-08T10:19:04.26775041+03:00","Action":"run","Package":"virmill.local/core/internal/ui/cli","Test":"TestCreationEstimateCLIFailuresDoNotPrintSuccessfulEstimate/transport-error"}
{"Time":"2026-09-08T10:19:04.267752338+03:00","Action":"output","Package":"virmill.local/core/internal/ui/cli","Test":"TestCreationEstimateCLIFailuresDoNotPrintSuccessfulEstimate/transport-error","Output":"=== RUN   TestCreationEstimateCLIFailuresDoNotPrintSuccessfulEstimate/transport-error\n","OutputType":"frame"}
{"Time":"2026-09-08T10:19:04.269388965+03:00","Action":"output","Package":"virmill.local/core/internal/app/network","Test":"TestDefinedPrefixesBounds/tokens","Output":"--- PASS: TestDefinedPrefixesBounds/tokens (0.05s)\n","OutputType":"frame"}
{"Time":"2026-09-08T10:19:04.269411827+03:00","Action":"pass","Package":"virmill.local/core/internal/app/network","Test":"TestDefinedPrefixesBounds/tokens","Elapsed":0.05}
{"Time":"2026-09-08T10:19:04.269427929+03:00","Action":"output","Package":"virmill.local/core/internal/app/network","Test":"TestDefinedPrefixesBounds","Output":"--- PASS: TestDefinedPrefixesBounds (0.33s)\n","OutputType":"frame"}
{"Time":"2026-09-08T10:19:04.269441028+03:00","Action":"pass","Package":"virmill.local/core/internal/app/network","Test":"TestDefinedPrefixesBounds","Elapsed":0.33}
{"Time":"2026-09-08T10:19:04.269482077+03:00","Action":"run","Package":"virmill.local/core/internal/app/network","Test":"FuzzDefinedPrefixes"}
{"Time":"2026-09-08T10:19:04.269484903+03:00","Action":"output","Package":"virmill.local/core/internal/app/network","Test":"FuzzDefinedPrefixes","Output":"=== RUN   FuzzDefinedPrefixes\n","OutputType":"frame"}
{"Time":"2026-09-08T10:19:04.269516381+03:00","Action":"output","Package":"virmill.local/core/internal/app","Test":"TestCIDRCheckRejectsInvalidInputsBeforeObservation/too-many-candidates","Output":"--- PASS: TestCIDRCheckRejectsInvalidInputsBeforeObservation/too-many-candidates (0.00s)\n","OutputType":"frame"}
{"Time":"2026-09-08T10:19:04.26953496+03:00","Action":"pass","Package":"virmill.local/core/internal/app","Test":"TestCIDRCheckRejectsInvalidInputsBeforeObservation/too-many-candidates","Elapsed":0}
{"Time":"2026-09-08T10:19:04.26955549+03:00","Action":"output","Package":"virmill.local/core/internal/app","Test":"TestCIDRCheckRejectsInvalidInputsBeforeObservation","Output":"--- PASS: TestCIDRCheckRejectsInvalidInputsBeforeObservation (0.03s)\n","OutputType":"frame"}
{"Time":"2026-09-08T10:19:04.269568801+03:00","Action":"pass","Package":"virmill.local/core/internal/app","Test":"TestCIDRCheckRejectsInvalidInputsBeforeObservation","Elapsed":0.03}
{"Time":"2026-09-08T10:19:04.26958109+03:00","Action":"run","Package":"virmill.local/core/internal/app","Test":"TestCIDRCheckFailsClosedOnMissingCapabilitiesAndIncompleteInventory"}
{"Time":"2026-09-08T10:19:04.269582909+03:00","Action":"output","Package":"virmill.local/core/internal/app","Test":"TestCIDRCheckFailsClosedOnMissingCapabilitiesAndIncompleteInventory","Output":"=== RUN   TestCIDRCheckFailsClosedOnMissingCapabilitiesAndIncompleteInventory\n","OutputType":"frame"}
{"Time":"2026-09-08T10:19:04.269598978+03:00","Action":"run","Package":"virmill.local/core/internal/app/network","Test":"FuzzDefinedPrefixes/seed#0"}
{"Time":"2026-09-08T10:19:04.269601279+03:00","Action":"output","Package":"virmill.local/core/internal/app/network","Test":"FuzzDefinedPrefixes/seed#0","Output":"=== RUN   FuzzDefinedPrefixes/seed#0\n","OutputType":"frame"}
{"Time":"2026-09-08T10:19:04.269617267+03:00","Action":"run","Package":"virmill.local/core/internal/app","Test":"TestCIDRCheckFailsClosedOnMissingCapabilitiesAndIncompleteInventory/no-host-adapter"}
{"Time":"2026-09-08T10:19:04.26961908+03:00","Action":"output","Package":"virmill.local/core/internal/app","Test":"TestCIDRCheckFailsClosedOnMissingCapabilitiesAndIncompleteInventory/no-host-adapter","Output":"=== RUN   TestCIDRCheckFailsClosedOnMissingCapabilitiesAndIncompleteInventory/no-host-adapter\n","OutputType":"frame"}
{"Time":"2026-09-08T10:19:04.269705254+03:00","Action":"output","Package":"virmill.local/core/internal/app/network","Test":"FuzzDefinedPrefixes/seed#0","Output":"--- PASS: FuzzDefinedPrefixes/seed#0 (0.00s)\n","OutputType":"frame"}
{"Time":"2026-09-08T10:19:04.269718216+03:00","Action":"pass","Package":"virmill.local/core/internal/app/network","Test":"FuzzDefinedPrefixes/seed#0","Elapsed":0}
{"Time":"2026-09-08T10:19:04.26973571+03:00","Action":"run","Package":"virmill.local/core/internal/app/network","Test":"FuzzDefinedPrefixes/seed#1"}
{"Time":"2026-09-08T10:19:04.269737494+03:00","Action":"output","Package":"virmill.local/core/internal/app/network","Test":"FuzzDefinedPrefixes/seed#1","Output":"=== RUN   FuzzDefinedPrefixes/seed#1\n","OutputType":"frame"}
{"Time":"2026-09-08T10:19:04.269795834+03:00","Action":"output","Package":"virmill.local/core/internal/app/network","Test":"FuzzDefinedPrefixes/seed#1","Output":"--- PASS: FuzzDefinedPrefixes/seed#1 (0.00s)\n","OutputType":"frame"}
{"Time":"2026-09-08T10:19:04.269802774+03:00","Action":"pass","Package":"virmill.local/core/internal/app/network","Test":"FuzzDefinedPrefixes/seed#1","Elapsed":0}
{"Time":"2026-09-08T10:19:04.269820624+03:00","Action":"run","Package":"virmill.local/core/internal/app/network","Test":"FuzzDefinedPrefixes/seed#2"}
{"Time":"2026-09-08T10:19:04.269822623+03:00","Action":"output","Package":"virmill.local/core/internal/app/network","Test":"FuzzDefinedPrefixes/seed#2","Output":"=== RUN   FuzzDefinedPrefixes/seed#2\n","OutputType":"frame"}
{"Time":"2026-09-08T10:19:04.26988167+03:00","Action":"output","Package":"virmill.local/core/internal/app/network","Test":"FuzzDefinedPrefixes/seed#2","Output":"--- PASS: FuzzDefinedPrefixes/seed#2 (0.00s)\n","OutputType":"frame"}
{"Time":"2026-09-08T10:19:04.26988604+03:00","Action":"pass","Package":"virmill.local/core/internal/app/network","Test":"FuzzDefinedPrefixes/seed#2","Elapsed":0}
{"Time":"2026-09-08T10:19:04.26990087+03:00","Action":"run","Package":"virmill.local/core/internal/app/network","Test":"FuzzDefinedPrefixes/seed#3"}
{"Time":"2026-09-08T10:19:04.269902602+03:00","Action":"output","Package":"virmill.local/core/internal/app/network","Test":"FuzzDefinedPrefixes/seed#3","Output":"=== RUN   FuzzDefinedPrefixes/seed#3\n","OutputType":"frame"}
{"Time":"2026-09-08T10:19:04.269965517+03:00","Action":"output","Package":"virmill.local/core/internal/app/network","Test":"FuzzDefinedPrefixes/seed#3","Output":"--- PASS: FuzzDefinedPrefixes/seed#3 (0.00s)\n","OutputType":"frame"}
{"Time":"2026-09-08T10:19:04.26996904+03:00","Action":"pass","Package":"virmill.local/core/internal/app/network","Test":"FuzzDefinedPrefixes/seed#3","Elapsed":0}
{"Time":"2026-09-08T10:19:04.269984621+03:00","Action":"run","Package":"virmill.local/core/internal/app/network","Test":"FuzzDefinedPrefixes/seed#4"}
{"Time":"2026-09-08T10:19:04.269986393+03:00","Action":"output","Package":"virmill.local/core/internal/app/network","Test":"FuzzDefinedPrefixes/seed#4","Output":"=== RUN   FuzzDefinedPrefixes/seed#4\n","OutputType":"frame"}
{"Time":"2026-09-08T10:19:04.270038477+03:00","Action":"output","Package":"virmill.local/core/internal/app/network","Test":"FuzzDefinedPrefixes/seed#4","Output":"--- PASS: FuzzDefinedPrefixes/seed#4 (0.00s)\n","OutputType":"frame"}
{"Time":"2026-09-08T10:19:04.270046982+03:00","Action":"pass","Package":"virmill.local/core/internal/app/network","Test":"FuzzDefinedPrefixes/seed#4","Elapsed":0}
{"Time":"2026-09-08T10:19:04.27006342+03:00","Action":"run","Package":"virmill.local/core/internal/app/network","Test":"FuzzDefinedPrefixes/seed#5"}
{"Time":"2026-09-08T10:19:04.270065383+03:00","Action":"output","Package":"virmill.local/core/internal/app/network","Test":"FuzzDefinedPrefixes/seed#5","Output":"=== RUN   FuzzDefinedPrefixes/seed#5\n","OutputType":"frame"}
{"Time":"2026-09-08T10:19:04.270092441+03:00","Action":"output","Package":"virmill.local/core/internal/app/network","Test":"FuzzDefinedPrefixes/seed#5","Output":"--- PASS: FuzzDefinedPrefixes/seed#5 (0.00s)\n","OutputType":"frame"}
{"Time":"2026-09-08T10:19:04.270096363+03:00","Action":"pass","Package":"virmill.local/core/internal/app/network","Test":"FuzzDefinedPrefixes/seed#5","Elapsed":0}
{"Time":"2026-09-08T10:19:04.270117642+03:00","Action":"output","Package":"virmill.local/core/internal/app/network","Test":"FuzzDefinedPrefixes","Output":"--- PASS: FuzzDefinedPrefixes (0.00s)\n","OutputType":"frame"}
{"Time":"2026-09-08T10:19:04.270122013+03:00","Action":"pass","Package":"virmill.local/core/internal/app/network","Test":"FuzzDefinedPrefixes","Elapsed":0}
{"Time":"2026-09-08T10:19:04.270132801+03:00","Action":"output","Package":"virmill.local/core/internal/app/network","Output":"PASS\n","OutputType":"frame"}
{"Time":"2026-09-08T10:19:04.270927754+03:00","Action":"output","Package":"virmill.local/core/internal/app","Test":"TestCIDRCheckFailsClosedOnMissingCapabilitiesAndIncompleteInventory/no-host-adapter","Output":"--- PASS: TestCIDRCheckFailsClosedOnMissingCapabilitiesAndIncompleteInventory/no-host-adapter (0.00s)\n","OutputType":"frame"}
{"Time":"2026-09-08T10:19:04.270939358+03:00","Action":"pass","Package":"virmill.local/core/internal/app","Test":"TestCIDRCheckFailsClosedOnMissingCapabilitiesAndIncompleteInventory/no-host-adapter","Elapsed":0}
{"Time":"2026-09-08T10:19:04.270956632+03:00","Action":"run","Package":"virmill.local/core/internal/app","Test":"TestCIDRCheckFailsClosedOnMissingCapabilitiesAndIncompleteInventory/no-network-inventory"}
{"Time":"2026-09-08T10:19:04.270958898+03:00","Action":"output","Package":"virmill.local/core/internal/app","Test":"TestCIDRCheckFailsClosedOnMissingCapabilitiesAndIncompleteInventory/no-network-inventory","Output":"=== RUN   TestCIDRCheckFailsClosedOnMissingCapabilitiesAndIncompleteInventory/no-network-inventory\n","OutputType":"frame"}
{"Time":"2026-09-08T10:19:04.272083528+03:00","Action":"output","Package":"virmill.local/core/internal/app","Test":"TestCIDRCheckFailsClosedOnMissingCapabilitiesAndIncompleteInventory/no-network-inventory","Output":"--- PASS: TestCIDRCheckFailsClosedOnMissingCapabilitiesAndIncompleteInventory/no-network-inventory (0.00s)\n","OutputType":"frame"}
{"Time":"2026-09-08T10:19:04.272096365+03:00","Action":"pass","Package":"virmill.local/core/internal/app","Test":"TestCIDRCheckFailsClosedOnMissingCapabilitiesAndIncompleteInventory/no-network-inventory","Elapsed":0}
{"Time":"2026-09-08T10:19:04.272108872+03:00","Action":"run","Package":"virmill.local/core/internal/app","Test":"TestCIDRCheckFailsClosedOnMissingCapabilitiesAndIncompleteInventory/incomplete-host-dump"}
{"Time":"2026-09-08T10:19:04.272110967+03:00","Action":"output","Package":"virmill.local/core/internal/app","Test":"TestCIDRCheckFailsClosedOnMissingCapabilitiesAndIncompleteInventory/incomplete-host-dump","Output":"=== RUN   TestCIDRCheckFailsClosedOnMissingCapabilitiesAndIncompleteInventory/incomplete-host-dump\n","OutputType":"frame"}
{"Time":"2026-09-08T10:19:04.27289945+03:00","Action":"output","Package":"virmill.local/core/internal/ui/tui","Test":"TestCreationEstimateTUIFailuresClearStaleBudgetAndApproval/preflight-error","Output":"--- PASS: TestCreationEstimateTUIFailuresClearStaleBudgetAndApproval/preflight-error (0.02s)\n","OutputType":"frame"}
{"Time":"2026-09-08T10:19:04.272915103+03:00","Action":"pass","Package":"virmill.local/core/internal/ui/tui","Test":"TestCreationEstimateTUIFailuresClearStaleBudgetAndApproval/preflight-error","Elapsed":0.02}
{"Time":"2026-09-08T10:19:04.272935168+03:00","Action":"run","Package":"virmill.local/core/internal/ui/tui","Test":"TestCreationEstimateTUIFailuresClearStaleBudgetAndApproval/canceled-creation"}
{"Time":"2026-09-08T10:19:04.272937337+03:00","Action":"output","Package":"virmill.local/core/internal/ui/tui","Test":"TestCreationEstimateTUIFailuresClearStaleBudgetAndApproval/canceled-creation","Output":"=== RUN   TestCreationEstimateTUIFailuresClearStaleBudgetAndApproval/canceled-creation\n","OutputType":"frame"}
{"Time":"2026-09-08T10:19:04.273204048+03:00","Action":"output","Package":"virmill.local/core/internal/app","Test":"TestCIDRCheckFailsClosedOnMissingCapabilitiesAndIncompleteInventory/incomplete-host-dump","Output":"--- PASS: TestCIDRCheckFailsClosedOnMissingCapabilitiesAndIncompleteInventory/incomplete-host-dump (0.00s)\n","OutputType":"frame"}
{"Time":"2026-09-08T10:19:04.273223673+03:00","Action":"pass","Package":"virmill.local/core/internal/app","Test":"TestCIDRCheckFailsClosedOnMissingCapabilitiesAndIncompleteInventory/incomplete-host-dump","Elapsed":0}
{"Time":"2026-09-08T10:19:04.273240435+03:00","Action":"run","Package":"virmill.local/core/internal/app","Test":"TestCIDRCheckFailsClosedOnMissingCapabilitiesAndIncompleteInventory/incomplete-network-list"}
{"Time":"2026-09-08T10:19:04.273243733+03:00","Action":"output","Package":"virmill.local/core/internal/app","Test":"TestCIDRCheckFailsClosedOnMissingCapabilitiesAndIncompleteInventory/incomplete-network-list","Output":"=== RUN   TestCIDRCheckFailsClosedOnMissingCapabilitiesAndIncompleteInventory/incomplete-network-list\n","OutputType":"frame"}
{"Time":"2026-09-08T10:19:04.274464482+03:00","Action":"output","Package":"virmill.local/core/internal/app","Test":"TestCIDRCheckFailsClosedOnMissingCapabilitiesAndIncompleteInventory/incomplete-network-list","Output":"--- PASS: TestCIDRCheckFailsClosedOnMissingCapabilitiesAndIncompleteInventory/incomplete-network-list (0.00s)\n","OutputType":"frame"}
{"Time":"2026-09-08T10:19:04.274474224+03:00","Action":"pass","Package":"virmill.local/core/internal/app","Test":"TestCIDRCheckFailsClosedOnMissingCapabilitiesAndIncompleteInventory/incomplete-network-list","Elapsed":0}
{"Time":"2026-09-08T10:19:04.27449364+03:00","Action":"run","Package":"virmill.local/core/internal/app","Test":"TestCIDRCheckFailsClosedOnMissingCapabilitiesAndIncompleteInventory/invalid-host-prefix"}
{"Time":"2026-09-08T10:19:04.274495669+03:00","Action":"output","Package":"virmill.local/core/internal/app","Test":"TestCIDRCheckFailsClosedOnMissingCapabilitiesAndIncompleteInventory/invalid-host-prefix","Output":"=== RUN   TestCIDRCheckFailsClosedOnMissingCapabilitiesAndIncompleteInventory/invalid-host-prefix\n","OutputType":"frame"}
{"Time":"2026-09-08T10:19:04.275540772+03:00","Action":"output","Package":"virmill.local/core/internal/app","Test":"TestCIDRCheckFailsClosedOnMissingCapabilitiesAndIncompleteInventory/invalid-host-prefix","Output":"--- PASS: TestCIDRCheckFailsClosedOnMissingCapabilitiesAndIncompleteInventory/invalid-host-prefix (0.00s)\n","OutputType":"frame"}
{"Time":"2026-09-08T10:19:04.275557702+03:00","Action":"pass","Package":"virmill.local/core/internal/app","Test":"TestCIDRCheckFailsClosedOnMissingCapabilitiesAndIncompleteInventory/invalid-host-prefix","Elapsed":0}
{"Time":"2026-09-08T10:19:04.275570432+03:00","Action":"run","Package":"virmill.local/core/internal/app","Test":"TestCIDRCheckFailsClosedOnMissingCapabilitiesAndIncompleteInventory/unknown-host-source"}
{"Time":"2026-09-08T10:19:04.275572454+03:00","Action":"output","Package":"virmill.local/core/internal/app","Test":"TestCIDRCheckFailsClosedOnMissingCapabilitiesAndIncompleteInventory/unknown-host-source","Output":"=== RUN   TestCIDRCheckFailsClosedOnMissingCapabilitiesAndIncompleteInventory/unknown-host-source\n","OutputType":"frame"}
{"Time":"2026-09-08T10:19:04.27661464+03:00","Action":"output","Package":"virmill.local/core/internal/app","Test":"TestCIDRCheckFailsClosedOnMissingCapabilitiesAndIncompleteInventory/unknown-host-source","Output":"--- PASS: TestCIDRCheckFailsClosedOnMissingCapabilitiesAndIncompleteInventory/unknown-host-source (0.00s)\n","OutputType":"frame"}
{"Time":"2026-09-08T10:19:04.27663023+03:00","Action":"pass","Package":"virmill.local/core/internal/app","Test":"TestCIDRCheckFailsClosedOnMissingCapabilitiesAndIncompleteInventory/unknown-host-source","Elapsed":0}
{"Time":"2026-09-08T10:19:04.276638215+03:00","Action":"run","Package":"virmill.local/core/internal/app","Test":"TestCIDRCheckFailsClosedOnMissingCapabilitiesAndIncompleteInventory/missing-network-id"}
{"Time":"2026-09-08T10:19:04.27663986+03:00","Action":"output","Package":"virmill.local/core/internal/app","Test":"TestCIDRCheckFailsClosedOnMissingCapabilitiesAndIncompleteInventory/missing-network-id","Output":"=== RUN   TestCIDRCheckFailsClosedOnMissingCapabilitiesAndIncompleteInventory/missing-network-id\n","OutputType":"frame"}
{"Time":"2026-09-08T10:19:04.277730187+03:00","Action":"output","Package":"virmill.local/core/internal/app","Test":"TestCIDRCheckFailsClosedOnMissingCapabilitiesAndIncompleteInventory/missing-network-id","Output":"--- PASS: TestCIDRCheckFailsClosedOnMissingCapabilitiesAndIncompleteInventory/missing-network-id (0.00s)\n","OutputType":"frame"}
{"Time":"2026-09-08T10:19:04.277748046+03:00","Action":"pass","Package":"virmill.local/core/internal/app","Test":"TestCIDRCheckFailsClosedOnMissingCapabilitiesAndIncompleteInventory/missing-network-id","Elapsed":0}
{"Time":"2026-09-08T10:19:04.277760338+03:00","Action":"run","Package":"virmill.local/core/internal/app","Test":"TestCIDRCheckFailsClosedOnMissingCapabilitiesAndIncompleteInventory/duplicate-network-id"}
{"Time":"2026-09-08T10:19:04.277762017+03:00","Action":"output","Package":"virmill.local/core/internal/app","Test":"TestCIDRCheckFailsClosedOnMissingCapabilitiesAndIncompleteInventory/duplicate-network-id","Output":"=== RUN   TestCIDRCheckFailsClosedOnMissingCapabilitiesAndIncompleteInventory/duplicate-network-id\n","OutputType":"frame"}
{"Time":"2026-09-08T10:19:04.278824646+03:00","Action":"output","Package":"virmill.local/core/internal/app","Test":"TestCIDRCheckFailsClosedOnMissingCapabilitiesAndIncompleteInventory/duplicate-network-id","Output":"--- PASS: TestCIDRCheckFailsClosedOnMissingCapabilitiesAndIncompleteInventory/duplicate-network-id (0.00s)\n","OutputType":"frame"}
{"Time":"2026-09-08T10:19:04.278858822+03:00","Action":"pass","Package":"virmill.local/core/internal/app","Test":"TestCIDRCheckFailsClosedOnMissingCapabilitiesAndIncompleteInventory/duplicate-network-id","Elapsed":0}
{"Time":"2026-09-08T10:19:04.278874005+03:00","Action":"run","Package":"virmill.local/core/internal/app","Test":"TestCIDRCheckFailsClosedOnMissingCapabilitiesAndIncompleteInventory/missing-live-layer"}
{"Time":"2026-09-08T10:19:04.278878134+03:00","Action":"output","Package":"virmill.local/core/internal/app","Test":"TestCIDRCheckFailsClosedOnMissingCapabilitiesAndIncompleteInventory/missing-live-layer","Output":"=== RUN   TestCIDRCheckFailsClosedOnMissingCapabilitiesAndIncompleteInventory/missing-live-layer\n","OutputType":"frame"}
{"Time":"2026-09-08T10:19:04.280552639+03:00","Action":"output","Package":"virmill.local/core/internal/app","Test":"TestCIDRCheckFailsClosedOnMissingCapabilitiesAndIncompleteInventory/missing-live-layer","Output":"--- PASS: TestCIDRCheckFailsClosedOnMissingCapabilitiesAndIncompleteInventory/missing-live-layer (0.00s)\n","OutputType":"frame"}
{"Time":"2026-09-08T10:19:04.280565559+03:00","Action":"pass","Package":"virmill.local/core/internal/app","Test":"TestCIDRCheckFailsClosedOnMissingCapabilitiesAndIncompleteInventory/missing-live-layer","Elapsed":0}
{"Time":"2026-09-08T10:19:04.280585087+03:00","Action":"run","Package":"virmill.local/core/internal/app","Test":"TestCIDRCheckFailsClosedOnMissingCapabilitiesAndIncompleteInventory/missing-persistent-layer"}
{"Time":"2026-09-08T10:19:04.280587087+03:00","Action":"output","Package":"virmill.local/core/internal/app","Test":"TestCIDRCheckFailsClosedOnMissingCapabilitiesAndIncompleteInventory/missing-persistent-layer","Output":"=== RUN   TestCIDRCheckFailsClosedOnMissingCapabilitiesAndIncompleteInventory/missing-persistent-layer\n","OutputType":"frame"}
{"Time":"2026-09-08T10:19:04.281511512+03:00","Action":"output","Package":"virmill.local/core/internal/app","Test":"TestCIDRCheckFailsClosedOnMissingCapabilitiesAndIncompleteInventory/missing-persistent-layer","Output":"--- PASS: TestCIDRCheckFailsClosedOnMissingCapabilitiesAndIncompleteInventory/missing-persistent-layer (0.00s)\n","OutputType":"frame"}
{"Time":"2026-09-08T10:19:04.281527962+03:00","Action":"pass","Package":"virmill.local/core/internal/app","Test":"TestCIDRCheckFailsClosedOnMissingCapabilitiesAndIncompleteInventory/missing-persistent-layer","Elapsed":0}
{"Time":"2026-09-08T10:19:04.281540839+03:00","Action":"run","Package":"virmill.local/core/internal/app","Test":"TestCIDRCheckFailsClosedOnMissingCapabilitiesAndIncompleteInventory/no-observed-state"}
{"Time":"2026-09-08T10:19:04.281543076+03:00","Action":"output","Package":"virmill.local/core/internal/app","Test":"TestCIDRCheckFailsClosedOnMissingCapabilitiesAndIncompleteInventory/no-observed-state","Output":"=== RUN   TestCIDRCheckFailsClosedOnMissingCapabilitiesAndIncompleteInventory/no-observed-state\n","OutputType":"frame"}
{"Time":"2026-09-08T10:19:04.282539628+03:00","Action":"output","Package":"virmill.local/core/internal/app","Test":"TestCIDRCheckFailsClosedOnMissingCapabilitiesAndIncompleteInventory/no-observed-state","Output":"--- PASS: TestCIDRCheckFailsClosedOnMissingCapabilitiesAndIncompleteInventory/no-observed-state (0.00s)\n","OutputType":"frame"}
{"Time":"2026-09-08T10:19:04.282553939+03:00","Action":"pass","Package":"virmill.local/core/internal/app","Test":"TestCIDRCheckFailsClosedOnMissingCapabilitiesAndIncompleteInventory/no-observed-state","Elapsed":0}
{"Time":"2026-09-08T10:19:04.282567756+03:00","Action":"run","Package":"virmill.local/core/internal/app","Test":"TestCIDRCheckFailsClosedOnMissingCapabilitiesAndIncompleteInventory/truncated-network-xml"}
{"Time":"2026-09-08T10:19:04.282569699+03:00","Action":"output","Package":"virmill.local/core/internal/app","Test":"TestCIDRCheckFailsClosedOnMissingCapabilitiesAndIncompleteInventory/truncated-network-xml","Output":"=== RUN   TestCIDRCheckFailsClosedOnMissingCapabilitiesAndIncompleteInventory/truncated-network-xml\n","OutputType":"frame"}
{"Time":"2026-09-08T10:19:04.283589521+03:00","Action":"output","Package":"virmill.local/core/internal/app","Test":"TestCIDRCheckFailsClosedOnMissingCapabilitiesAndIncompleteInventory/truncated-network-xml","Output":"--- PASS: TestCIDRCheckFailsClosedOnMissingCapabilitiesAndIncompleteInventory/truncated-network-xml (0.00s)\n","OutputType":"frame"}
{"Time":"2026-09-08T10:19:04.283601733+03:00","Action":"pass","Package":"virmill.local/core/internal/app","Test":"TestCIDRCheckFailsClosedOnMissingCapabilitiesAndIncompleteInventory/truncated-network-xml","Elapsed":0}
{"Time":"2026-09-08T10:19:04.283616424+03:00","Action":"run","Package":"virmill.local/core/internal/app","Test":"TestCIDRCheckFailsClosedOnMissingCapabilitiesAndIncompleteInventory/ambiguous-network-prefix"}
{"Time":"2026-09-08T10:19:04.283618462+03:00","Action":"output","Package":"virmill.local/core/internal/app","Test":"TestCIDRCheckFailsClosedOnMissingCapabilitiesAndIncompleteInventory/ambiguous-network-prefix","Output":"=== RUN   TestCIDRCheckFailsClosedOnMissingCapabilitiesAndIncompleteInventory/ambiguous-network-prefix\n","OutputType":"frame"}
{"Time":"2026-09-08T10:19:04.284627648+03:00","Action":"output","Package":"virmill.local/core/internal/app","Test":"TestCIDRCheckFailsClosedOnMissingCapabilitiesAndIncompleteInventory/ambiguous-network-prefix","Output":"--- PASS: TestCIDRCheckFailsClosedOnMissingCapabilitiesAndIncompleteInventory/ambiguous-network-prefix (0.00s)\n","OutputType":"frame"}
{"Time":"2026-09-08T10:19:04.284641767+03:00","Action":"pass","Package":"virmill.local/core/internal/app","Test":"TestCIDRCheckFailsClosedOnMissingCapabilitiesAndIncompleteInventory/ambiguous-network-prefix","Elapsed":0}
{"Time":"2026-09-08T10:19:04.284652007+03:00","Action":"run","Package":"virmill.local/core/internal/app","Test":"TestCIDRCheckFailsClosedOnMissingCapabilitiesAndIncompleteInventory/host-entry-limit"}
{"Time":"2026-09-08T10:19:04.284653978+03:00","Action":"output","Package":"virmill.local/core/internal/app","Test":"TestCIDRCheckFailsClosedOnMissingCapabilitiesAndIncompleteInventory/host-entry-limit","Output":"=== RUN   TestCIDRCheckFailsClosedOnMissingCapabilitiesAndIncompleteInventory/host-entry-limit\n","OutputType":"frame"}
{"Time":"2026-09-08T10:19:04.286745247+03:00","Action":"output","Package":"virmill.local/core/internal/app","Test":"TestCIDRCheckFailsClosedOnMissingCapabilitiesAndIncompleteInventory/host-entry-limit","Output":"--- PASS: TestCIDRCheckFailsClosedOnMissingCapabilitiesAndIncompleteInventory/host-entry-limit (0.00s)\n","OutputType":"frame"}
{"Time":"2026-09-08T10:19:04.286761706+03:00","Action":"pass","Package":"virmill.local/core/internal/app","Test":"TestCIDRCheckFailsClosedOnMissingCapabilitiesAndIncompleteInventory/host-entry-limit","Elapsed":0}
{"Time":"2026-09-08T10:19:04.286764649+03:00","Action":"run","Package":"virmill.local/core/internal/app","Test":"TestCIDRCheckFailsClosedOnMissingCapabilitiesAndIncompleteInventory/network-entry-limit"}
{"Time":"2026-09-08T10:19:04.2867661+03:00","Action":"output","Package":"virmill.local/core/internal/app","Test":"TestCIDRCheckFailsClosedOnMissingCapabilitiesAndIncompleteInventory/network-entry-limit","Output":"=== RUN   TestCIDRCheckFailsClosedOnMissingCapabilitiesAndIncompleteInventory/network-entry-limit\n","OutputType":"frame"}
{"Time":"2026-09-08T10:19:04.287498166+03:00","Action":"output","Package":"virmill.local/core/internal/ui/cli","Test":"TestCreationEstimateCLIFailuresDoNotPrintSuccessfulEstimate/transport-error","Output":"--- PASS: TestCreationEstimateCLIFailuresDoNotPrintSuccessfulEstimate/transport-error (0.02s)\n","OutputType":"frame"}
{"Time":"2026-09-08T10:19:04.287506051+03:00","Action":"pass","Package":"virmill.local/core/internal/ui/cli","Test":"TestCreationEstimateCLIFailuresDoNotPrintSuccessfulEstimate/transport-error","Elapsed":0.02}
{"Time":"2026-09-08T10:19:04.287526162+03:00","Action":"run","Package":"virmill.local/core/internal/ui/cli","Test":"TestCreationEstimateCLIFailuresDoNotPrintSuccessfulEstimate/missing-plan"}
{"Time":"2026-09-08T10:19:04.287528561+03:00","Action":"output","Package":"virmill.local/core/internal/ui/cli","Test":"TestCreationEstimateCLIFailuresDoNotPrintSuccessfulEstimate/missing-plan","Output":"=== RUN   TestCreationEstimateCLIFailuresDoNotPrintSuccessfulEstimate/missing-plan\n","OutputType":"frame"}
{"Time":"2026-09-08T10:19:04.287815263+03:00","Action":"output","Package":"virmill.local/core/internal/app","Test":"TestCIDRCheckFailsClosedOnMissingCapabilitiesAndIncompleteInventory/network-entry-limit","Output":"--- PASS: TestCIDRCheckFailsClosedOnMissingCapabilitiesAndIncompleteInventory/network-entry-limit (0.00s)\n","OutputType":"frame"}
{"Time":"2026-09-08T10:19:04.287829748+03:00","Action":"pass","Package":"virmill.local/core/internal/app","Test":"TestCIDRCheckFailsClosedOnMissingCapabilitiesAndIncompleteInventory/network-entry-limit","Elapsed":0}
{"Time":"2026-09-08T10:19:04.287845835+03:00","Action":"output","Package":"virmill.local/core/internal/app","Test":"TestCIDRCheckFailsClosedOnMissingCapabilitiesAndIncompleteInventory","Output":"--- PASS: TestCIDRCheckFailsClosedOnMissingCapabilitiesAndIncompleteInventory (0.02s)\n","OutputType":"frame"}
{"Time":"2026-09-08T10:19:04.287857492+03:00","Action":"pass","Package":"virmill.local/core/internal/app","Test":"TestCIDRCheckFailsClosedOnMissingCapabilitiesAndIncompleteInventory","Elapsed":0.02}
{"Time":"2026-09-08T10:19:04.287870705+03:00","Action":"run","Package":"virmill.local/core/internal/app","Test":"TestCIDRCheckCancellationCannotReturnEmptySuccess"}
{"Time":"2026-09-08T10:19:04.287873267+03:00","Action":"output","Package":"virmill.local/core/internal/app","Test":"TestCIDRCheckCancellationCannotReturnEmptySuccess","Output":"=== RUN   TestCIDRCheckCancellationCannotReturnEmptySuccess\n","OutputType":"frame"}
{"Time":"2026-09-08T10:19:04.287890496+03:00","Action":"run","Package":"virmill.local/core/internal/app","Test":"TestCIDRCheckCancellationCannotReturnEmptySuccess/before-call"}
{"Time":"2026-09-08T10:19:04.287892635+03:00","Action":"output","Package":"virmill.local/core/internal/app","Test":"TestCIDRCheckCancellationCannotReturnEmptySuccess/before-call","Output":"=== RUN   TestCIDRCheckCancellationCannotReturnEmptySuccess/before-call\n","OutputType":"frame"}
{"Time":"2026-09-08T10:19:04.288756728+03:00","Action":"output","Package":"virmill.local/core/internal/app","Test":"TestCIDRCheckCancellationCannotReturnEmptySuccess/before-call","Output":"--- PASS: TestCIDRCheckCancellationCannotReturnEmptySuccess/before-call (0.00s)\n","OutputType":"frame"}
{"Time":"2026-09-08T10:19:04.288768712+03:00","Action":"pass","Package":"virmill.local/core/internal/app","Test":"TestCIDRCheckCancellationCannotReturnEmptySuccess/before-call","Elapsed":0}
{"Time":"2026-09-08T10:19:04.288786354+03:00","Action":"run","Package":"virmill.local/core/internal/app","Test":"TestCIDRCheckCancellationCannotReturnEmptySuccess/host-observation"}
{"Time":"2026-09-08T10:19:04.288788393+03:00","Action":"output","Package":"virmill.local/core/internal/app","Test":"TestCIDRCheckCancellationCannotReturnEmptySuccess/host-observation","Output":"=== RUN   TestCIDRCheckCancellationCannotReturnEmptySuccess/host-observation\n","OutputType":"frame"}
{"Time":"2026-09-08T10:19:04.289794207+03:00","Action":"output","Package":"virmill.local/core/internal/app","Test":"TestCIDRCheckCancellationCannotReturnEmptySuccess/host-observation","Output":"--- PASS: TestCIDRCheckCancellationCannotReturnEmptySuccess/host-observation (0.00s)\n","OutputType":"frame"}
{"Time":"2026-09-08T10:19:04.28980728+03:00","Action":"pass","Package":"virmill.local/core/internal/app","Test":"TestCIDRCheckCancellationCannotReturnEmptySuccess/host-observation","Elapsed":0}
{"Time":"2026-09-08T10:19:04.289819213+03:00","Action":"run","Package":"virmill.local/core/internal/app","Test":"TestCIDRCheckCancellationCannotReturnEmptySuccess/network-observation"}
{"Time":"2026-09-08T10:19:04.289821127+03:00","Action":"output","Package":"virmill.local/core/internal/app","Test":"TestCIDRCheckCancellationCannotReturnEmptySuccess/network-observation","Output":"=== RUN   TestCIDRCheckCancellationCannotReturnEmptySuccess/network-observation\n","OutputType":"frame"}
{"Time":"2026-09-08T10:19:04.290795167+03:00","Action":"output","Package":"virmill.local/core/internal/app","Test":"TestCIDRCheckCancellationCannotReturnEmptySuccess/network-observation","Output":"--- PASS: TestCIDRCheckCancellationCannotReturnEmptySuccess/network-observation (0.00s)\n","OutputType":"frame"}
{"Time":"2026-09-08T10:19:04.290801084+03:00","Action":"pass","Package":"virmill.local/core/internal/app","Test":"TestCIDRCheckCancellationCannotReturnEmptySuccess/network-observation","Elapsed":0}
{"Time":"2026-09-08T10:19:04.290825029+03:00","Action":"output","Package":"virmill.local/core/internal/app","Test":"TestCIDRCheckCancellationCannotReturnEmptySuccess","Output":"--- PASS: TestCIDRCheckCancellationCannotReturnEmptySuccess (0.00s)\n","OutputType":"frame"}
{"Time":"2026-09-08T10:19:04.290833435+03:00","Action":"pass","Package":"virmill.local/core/internal/app","Test":"TestCIDRCheckCancellationCannotReturnEmptySuccess","Elapsed":0}
{"Time":"2026-09-08T10:19:04.290844591+03:00","Action":"run","Package":"virmill.local/core/internal/app","Test":"TestCIDRCheckDeterministicAcrossEnumerationOrderAndReobserves"}
{"Time":"2026-09-08T10:19:04.290846464+03:00","Action":"output","Package":"virmill.local/core/internal/app","Test":"TestCIDRCheckDeterministicAcrossEnumerationOrderAndReobserves","Output":"=== RUN   TestCIDRCheckDeterministicAcrossEnumerationOrderAndReobserves\n","OutputType":"frame"}
{"Time":"2026-09-08T10:19:04.29338216+03:00","Action":"output","Package":"virmill.local/core/internal/app","Test":"TestCIDRCheckDeterministicAcrossEnumerationOrderAndReobserves","Output":"--- PASS: TestCIDRCheckDeterministicAcrossEnumerationOrderAndReobserves (0.00s)\n","OutputType":"frame"}
{"Time":"2026-09-08T10:19:04.293389716+03:00","Action":"pass","Package":"virmill.local/core/internal/app","Test":"TestCIDRCheckDeterministicAcrossEnumerationOrderAndReobserves","Elapsed":0}
{"Time":"2026-09-08T10:19:04.293403778+03:00","Action":"run","Package":"virmill.local/core/internal/app","Test":"TestCIDRCheckBoundedConflictResponseHasNoPartialReport"}
{"Time":"2026-09-08T10:19:04.29340569+03:00","Action":"output","Package":"virmill.local/core/internal/app","Test":"TestCIDRCheckBoundedConflictResponseHasNoPartialReport","Output":"=== RUN   TestCIDRCheckBoundedConflictResponseHasNoPartialReport\n","OutputType":"frame"}
{"Time":"2026-09-08T10:19:04.295993083+03:00","Action":"output","Package":"virmill.local/core/internal/ui/tui","Test":"TestCreationEstimateTUIFailuresClearStaleBudgetAndApproval/canceled-creation","Output":"--- PASS: TestCreationEstimateTUIFailuresClearStaleBudgetAndApproval/canceled-creation (0.02s)\n","OutputType":"frame"}
{"Time":"2026-09-08T10:19:04.296009436+03:00","Action":"pass","Package":"virmill.local/core/internal/ui/tui","Test":"TestCreationEstimateTUIFailuresClearStaleBudgetAndApproval/canceled-creation","Elapsed":0.02}
{"Time":"2026-09-08T10:19:04.29603754+03:00","Action":"run","Package":"virmill.local/core/internal/ui/tui","Test":"TestCreationEstimateTUIFailuresClearStaleBudgetAndApproval/canceled-plan-show"}
{"Time":"2026-09-08T10:19:04.29604063+03:00","Action":"output","Package":"virmill.local/core/internal/ui/tui","Test":"TestCreationEstimateTUIFailuresClearStaleBudgetAndApproval/canceled-plan-show","Output":"=== RUN   TestCreationEstimateTUIFailuresClearStaleBudgetAndApproval/canceled-plan-show\n","OutputType":"frame"}
{"Time":"2026-09-08T10:19:04.299045388+03:00","Action":"output","Package":"virmill.local/core/internal/app","Test":"TestCIDRCheckBoundedConflictResponseHasNoPartialReport","Output":"--- PASS: TestCIDRCheckBoundedConflictResponseHasNoPartialReport (0.01s)\n","OutputType":"frame"}
{"Time":"2026-09-08T10:19:04.299055573+03:00","Action":"pass","Package":"virmill.local/core/internal/app","Test":"TestCIDRCheckBoundedConflictResponseHasNoPartialReport","Elapsed":0.01}
{"Time":"2026-09-08T10:19:04.29907569+03:00","Action":"run","Package":"virmill.local/core/internal/app","Test":"TestCIDRCheckAllowsOnlyLocalConnectionSelections"}
{"Time":"2026-09-08T10:19:04.299077851+03:00","Action":"output","Package":"virmill.local/core/internal/app","Test":"TestCIDRCheckAllowsOnlyLocalConnectionSelections","Output":"=== RUN   TestCIDRCheckAllowsOnlyLocalConnectionSelections\n","OutputType":"frame"}
{"Time":"2026-09-08T10:19:04.299107167+03:00","Action":"run","Package":"virmill.local/core/internal/app","Test":"TestCIDRCheckAllowsOnlyLocalConnectionSelections/#00"}
{"Time":"2026-09-08T10:19:04.299109278+03:00","Action":"output","Package":"virmill.local/core/internal/app","Test":"TestCIDRCheckAllowsOnlyLocalConnectionSelections/#00","Output":"=== RUN   TestCIDRCheckAllowsOnlyLocalConnectionSelections/#00\n","OutputType":"frame"}
{"Time":"2026-09-08T10:19:04.300420156+03:00","Action":"output","Package":"virmill.local/core/internal/app","Test":"TestCIDRCheckAllowsOnlyLocalConnectionSelections/#00","Output":"--- PASS: TestCIDRCheckAllowsOnlyLocalConnectionSelections/#00 (0.00s)\n","OutputType":"frame"}
{"Time":"2026-09-08T10:19:04.30043246+03:00","Action":"pass","Package":"virmill.local/core/internal/app","Test":"TestCIDRCheckAllowsOnlyLocalConnectionSelections/#00","Elapsed":0}
{"Time":"2026-09-08T10:19:04.300447225+03:00","Action":"run","Package":"virmill.local/core/internal/app","Test":"TestCIDRCheckAllowsOnlyLocalConnectionSelections/qemu:///system"}
{"Time":"2026-09-08T10:19:04.300449393+03:00","Action":"output","Package":"virmill.local/core/internal/app","Test":"TestCIDRCheckAllowsOnlyLocalConnectionSelections/qemu:///system","Output":"=== RUN   TestCIDRCheckAllowsOnlyLocalConnectionSelections/qemu:///system\n","OutputType":"frame"}
{"Time":"2026-09-08T10:19:04.301626062+03:00","Action":"output","Package":"virmill.local/core/internal/app","Test":"TestCIDRCheckAllowsOnlyLocalConnectionSelections/qemu:///system","Output":"--- PASS: TestCIDRCheckAllowsOnlyLocalConnectionSelections/qemu:///system (0.00s)\n","OutputType":"frame"}
{"Time":"2026-09-08T10:19:04.30163986+03:00","Action":"pass","Package":"virmill.local/core/internal/app","Test":"TestCIDRCheckAllowsOnlyLocalConnectionSelections/qemu:///system","Elapsed":0}
{"Time":"2026-09-08T10:19:04.301658541+03:00","Action":"run","Package":"virmill.local/core/internal/app","Test":"TestCIDRCheckAllowsOnlyLocalConnectionSelections/qemu:///session"}
{"Time":"2026-09-08T10:19:04.301660437+03:00","Action":"output","Package":"virmill.local/core/internal/app","Test":"TestCIDRCheckAllowsOnlyLocalConnectionSelections/qemu:///session","Output":"=== RUN   TestCIDRCheckAllowsOnlyLocalConnectionSelections/qemu:///session\n","OutputType":"frame"}
{"Time":"2026-09-08T10:19:04.30282216+03:00","Action":"output","Package":"virmill.local/core/internal/app","Test":"TestCIDRCheckAllowsOnlyLocalConnectionSelections/qemu:///session","Output":"--- PASS: TestCIDRCheckAllowsOnlyLocalConnectionSelections/qemu:///session (0.00s)\n","OutputType":"frame"}
{"Time":"2026-09-08T10:19:04.302837166+03:00","Action":"pass","Package":"virmill.local/core/internal/app","Test":"TestCIDRCheckAllowsOnlyLocalConnectionSelections/qemu:///session","Elapsed":0}
{"Time":"2026-09-08T10:19:04.302863183+03:00","Action":"output","Package":"virmill.local/core/internal/app","Test":"TestCIDRCheckAllowsOnlyLocalConnectionSelections","Output":"--- PASS: TestCIDRCheckAllowsOnlyLocalConnectionSelections (0.00s)\n","OutputType":"frame"}
{"Time":"2026-09-08T10:19:04.302876031+03:00","Action":"pass","Package":"virmill.local/core/internal/app","Test":"TestCIDRCheckAllowsOnlyLocalConnectionSelections","Elapsed":0}
{"Time":"2026-09-08T10:19:04.302890199+03:00","Action":"run","Package":"virmill.local/core/internal/app","Test":"TestAutomaticNetworkUsesHostNativeAndPlannedOccupancy"}
{"Time":"2026-09-08T10:19:04.30289238+03:00","Action":"output","Package":"virmill.local/core/internal/app","Test":"TestAutomaticNetworkUsesHostNativeAndPlannedOccupancy","Output":"=== RUN   TestAutomaticNetworkUsesHostNativeAndPlannedOccupancy\n","OutputType":"frame"}
{"Time":"2026-09-08T10:19:04.302925465+03:00","Action":"output","Package":"virmill.local/core/internal/ui/cli","Test":"TestCreationEstimateCLIFailuresDoNotPrintSuccessfulEstimate/missing-plan","Output":"--- PASS: TestCreationEstimateCLIFailuresDoNotPrintSuccessfulEstimate/missing-plan (0.02s)\n","OutputType":"frame"}
{"Time":"2026-09-08T10:19:04.302939562+03:00","Action":"pass","Package":"virmill.local/core/internal/ui/cli","Test":"TestCreationEstimateCLIFailuresDoNotPrintSuccessfulEstimate/missing-plan","Elapsed":0.02}
{"Time":"2026-09-08T10:19:04.302976054+03:00","Action":"output","Package":"virmill.local/core/internal/ui/cli","Test":"TestCreationEstimateCLIFailuresDoNotPrintSuccessfulEstimate","Output":"--- PASS: TestCreationEstimateCLIFailuresDoNotPrintSuccessfulEstimate (0.09s)\n","OutputType":"frame"}
{"Time":"2026-09-08T10:19:04.302984808+03:00","Action":"pass","Package":"virmill.local/core/internal/ui/cli","Test":"TestCreationEstimateCLIFailuresDoNotPrintSuccessfulEstimate","Elapsed":0.09}
{"Time":"2026-09-08T10:19:04.303005546+03:00","Action":"run","Package":"virmill.local/core/internal/ui/cli","Test":"TestCreationNVRAMCLIReviewAndAuthorization"}
{"Time":"2026-09-08T10:19:04.303008109+03:00","Action":"output","Package":"virmill.local/core/internal/ui/cli","Test":"TestCreationNVRAMCLIReviewAndAuthorization","Output":"=== RUN   TestCreationNVRAMCLIReviewAndAuthorization\n","OutputType":"frame"}
{"Time":"2026-09-08T10:19:04.303036677+03:00","Action":"run","Package":"virmill.local/core/internal/ui/cli","Test":"TestCreationNVRAMCLIReviewAndAuthorization/table"}
{"Time":"2026-09-08T10:19:04.303038576+03:00","Action":"output","Package":"virmill.local/core/internal/ui/cli","Test":"TestCreationNVRAMCLIReviewAndAuthorization/table","Output":"=== RUN   TestCreationNVRAMCLIReviewAndAuthorization/table\n","OutputType":"frame"}
{"Time":"2026-09-08T10:19:04.304074587+03:00","Action":"output","Package":"virmill.local/core/internal/app","Test":"TestAutomaticNetworkUsesHostNativeAndPlannedOccupancy","Output":"--- PASS: TestAutomaticNetworkUsesHostNativeAndPlannedOccupancy (0.00s)\n","OutputType":"frame"}
{"Time":"2026-09-08T10:19:04.304090442+03:00","Action":"pass","Package":"virmill.local/core/internal/app","Test":"TestAutomaticNetworkUsesHostNativeAndPlannedOccupancy","Elapsed":0}
{"Time":"2026-09-08T10:19:04.304102676+03:00","Action":"run","Package":"virmill.local/core/internal/app","Test":"TestAutomaticNetworkProfilesFreezeSelectionAndReserveAtExecution"}
{"Time":"2026-09-08T10:19:04.304104565+03:00","Action":"output","Package":"virmill.local/core/internal/app","Test":"TestAutomaticNetworkProfilesFreezeSelectionAndReserveAtExecution","Output":"=== RUN   TestAutomaticNetworkProfilesFreezeSelectionAndReserveAtExecution\n","OutputType":"frame"}
{"Time":"2026-09-08T10:19:04.304123483+03:00","Action":"run","Package":"virmill.local/core/internal/app","Test":"TestAutomaticNetworkProfilesFreezeSelectionAndReserveAtExecution/nat"}
{"Time":"2026-09-08T10:19:04.304125359+03:00","Action":"output","Package":"virmill.local/core/internal/app","Test":"TestAutomaticNetworkProfilesFreezeSelectionAndReserveAtExecution/nat","Output":"=== RUN   TestAutomaticNetworkProfilesFreezeSelectionAndReserveAtExecution/nat\n","OutputType":"frame"}
{"Time":"2026-09-08T10:19:04.312067178+03:00","Action":"output","Package":"virmill.local/core/internal/ui/tui","Test":"TestCreationEstimateTUIFailuresClearStaleBudgetAndApproval/canceled-plan-show","Output":"--- PASS: TestCreationEstimateTUIFailuresClearStaleBudgetAndApproval/canceled-plan-show (0.02s)\n","OutputType":"frame"}
{"Time":"2026-09-08T10:19:04.31210868+03:00","Action":"pass","Package":"virmill.local/core/internal/ui/tui","Test":"TestCreationEstimateTUIFailuresClearStaleBudgetAndApproval/canceled-plan-show","Elapsed":0.02}
{"Time":"2026-09-08T10:19:04.312133892+03:00","Action":"run","Package":"virmill.local/core/internal/ui/tui","Test":"TestCreationEstimateTUIFailuresClearStaleBudgetAndApproval/transport-error"}
{"Time":"2026-09-08T10:19:04.312138879+03:00","Action":"output","Package":"virmill.local/core/internal/ui/tui","Test":"TestCreationEstimateTUIFailuresClearStaleBudgetAndApproval/transport-error","Output":"=== RUN   TestCreationEstimateTUIFailuresClearStaleBudgetAndApproval/transport-error\n","OutputType":"frame"}
{"Time":"2026-09-08T10:19:04.331006344+03:00","Action":"output","Package":"virmill.local/core/internal/ui/tui","Test":"TestCreationEstimateTUIFailuresClearStaleBudgetAndApproval/transport-error","Output":"--- PASS: TestCreationEstimateTUIFailuresClearStaleBudgetAndApproval/transport-error (0.02s)\n","OutputType":"frame"}
{"Time":"2026-09-08T10:19:04.331040785+03:00","Action":"pass","Package":"virmill.local/core/internal/ui/tui","Test":"TestCreationEstimateTUIFailuresClearStaleBudgetAndApproval/transport-error","Elapsed":0.02}
{"Time":"2026-09-08T10:19:04.33105258+03:00","Action":"run","Package":"virmill.local/core/internal/ui/tui","Test":"TestCreationEstimateTUIFailuresClearStaleBudgetAndApproval/missing-plan"}
{"Time":"2026-09-08T10:19:04.331055643+03:00","Action":"output","Package":"virmill.local/core/internal/ui/tui","Test":"TestCreationEstimateTUIFailuresClearStaleBudgetAndApproval/missing-plan","Output":"=== RUN   TestCreationEstimateTUIFailuresClearStaleBudgetAndApproval/missing-plan\n","OutputType":"frame"}
{"Time":"2026-09-08T10:19:04.347411834+03:00","Action":"output","Package":"virmill.local/core/internal/ui/tui","Test":"TestCreationEstimateTUIFailuresClearStaleBudgetAndApproval/missing-plan","Output":"--- PASS: TestCreationEstimateTUIFailuresClearStaleBudgetAndApproval/missing-plan (0.02s)\n","OutputType":"frame"}
{"Time":"2026-09-08T10:19:04.347454763+03:00","Action":"pass","Package":"virmill.local/core/internal/ui/tui","Test":"TestCreationEstimateTUIFailuresClearStaleBudgetAndApproval/missing-plan","Elapsed":0.02}
{"Time":"2026-09-08T10:19:04.347492346+03:00","Action":"output","Package":"virmill.local/core/internal/ui/tui","Test":"TestCreationEstimateTUIFailuresClearStaleBudgetAndApproval","Output":"--- PASS: TestCreationEstimateTUIFailuresClearStaleBudgetAndApproval (0.09s)\n","OutputType":"frame"}
{"Time":"2026-09-08T10:19:04.347509692+03:00","Action":"pass","Package":"virmill.local/core/internal/ui/tui","Test":"TestCreationEstimateTUIFailuresClearStaleBudgetAndApproval","Elapsed":0.09}
{"Time":"2026-09-08T10:19:04.347532383+03:00","Action":"run","Package":"virmill.local/core/internal/ui/tui","Test":"TestCreationEstimateTUIEscapeCancelsAuthorizationWithoutSubmission"}
{"Time":"2026-09-08T10:19:04.34753645+03:00","Action":"output","Package":"virmill.local/core/internal/ui/tui","Test":"TestCreationEstimateTUIEscapeCancelsAuthorizationWithoutSubmission","Output":"=== RUN   TestCreationEstimateTUIEscapeCancelsAuthorizationWithoutSubmission\n","OutputType":"frame"}
{"Time":"2026-09-08T10:19:04.348082859+03:00","Action":"output","Package":"virmill.local/core/internal/ui/cli","Test":"TestCreationNVRAMCLIReviewAndAuthorization/table","Output":"--- PASS: TestCreationNVRAMCLIReviewAndAuthorization/table (0.04s)\n","OutputType":"frame"}
{"Time":"2026-09-08T10:19:04.348105991+03:00","Action":"pass","Package":"virmill.local/core/internal/ui/cli","Test":"TestCreationNVRAMCLIReviewAndAuthorization/table","Elapsed":0.04}
{"Time":"2026-09-08T10:19:04.348128013+03:00","Action":"run","Package":"virmill.local/core/internal/ui/cli","Test":"TestCreationNVRAMCLIReviewAndAuthorization/json"}
{"Time":"2026-09-08T10:19:04.348130637+03:00","Action":"output","Package":"virmill.local/core/internal/ui/cli","Test":"TestCreationNVRAMCLIReviewAndAuthorization/json","Output":"=== RUN   TestCreationNVRAMCLIReviewAndAuthorization/json\n","OutputType":"frame"}
{"Time":"2026-09-08T10:19:04.36533989+03:00","Action":"output","Package":"virmill.local/core/internal/ui/tui","Test":"TestCreationEstimateTUIEscapeCancelsAuthorizationWithoutSubmission","Output":"--- PASS: TestCreationEstimateTUIEscapeCancelsAuthorizationWithoutSubmission (0.02s)\n","OutputType":"frame"}
{"Time":"2026-09-08T10:19:04.365370149+03:00","Action":"pass","Package":"virmill.local/core/internal/ui/tui","Test":"TestCreationEstimateTUIEscapeCancelsAuthorizationWithoutSubmission","Elapsed":0.02}
{"Time":"2026-09-08T10:19:04.36537678+03:00","Action":"run","Package":"virmill.local/core/internal/ui/tui","Test":"TestCreationNVRAMTUIReviewAndAuthorization"}
{"Time":"2026-09-08T10:19:04.3653783+03:00","Action":"output","Package":"virmill.local/core/internal/ui/tui","Test":"TestCreationNVRAMTUIReviewAndAuthorization","Output":"=== RUN   TestCreationNVRAMTUIReviewAndAuthorization\n","OutputType":"frame"}
{"Time":"2026-09-08T10:19:04.39194021+03:00","Action":"output","Package":"virmill.local/core/internal/ui/cli","Test":"TestCreationNVRAMCLIReviewAndAuthorization/json","Output":"--- PASS: TestCreationNVRAMCLIReviewAndAuthorization/json (0.04s)\n","OutputType":"frame"}
{"Time":"2026-09-08T10:19:04.39197677+03:00","Action":"pass","Package":"virmill.local/core/internal/ui/cli","Test":"TestCreationNVRAMCLIReviewAndAuthorization/json","Elapsed":0.04}
{"Time":"2026-09-08T10:19:04.3919853+03:00","Action":"run","Package":"virmill.local/core/internal/ui/cli","Test":"TestCreationNVRAMCLIReviewAndAuthorization/ndjson"}
{"Time":"2026-09-08T10:19:04.391988894+03:00","Action":"output","Package":"virmill.local/core/internal/ui/cli","Test":"TestCreationNVRAMCLIReviewAndAuthorization/ndjson","Output":"=== RUN   TestCreationNVRAMCLIReviewAndAuthorization/ndjson\n","OutputType":"frame"}
{"Time":"2026-09-08T10:19:04.424200461+03:00","Action":"output","Package":"virmill.local/core/internal/app","Test":"TestAutomaticNetworkProfilesFreezeSelectionAndReserveAtExecution/nat","Output":"--- PASS: TestAutomaticNetworkProfilesFreezeSelectionAndReserveAtExecution/nat (0.12s)\n","OutputType":"frame"}
{"Time":"2026-09-08T10:19:04.424234533+03:00","Action":"pass","Package":"virmill.local/core/internal/app","Test":"TestAutomaticNetworkProfilesFreezeSelectionAndReserveAtExecution/nat","Elapsed":0.12}
{"Time":"2026-09-08T10:19:04.424544699+03:00","Action":"run","Package":"virmill.local/core/internal/app","Test":"TestAutomaticNetworkProfilesFreezeSelectionAndReserveAtExecution/lab"}
{"Time":"2026-09-08T10:19:04.424562777+03:00","Action":"output","Package":"virmill.local/core/internal/app","Test":"TestAutomaticNetworkProfilesFreezeSelectionAndReserveAtExecution/lab","Output":"=== RUN   TestAutomaticNetworkProfilesFreezeSelectionAndReserveAtExecution/lab\n","OutputType":"frame"}
{"Time":"2026-09-08T10:19:04.437892048+03:00","Action":"output","Package":"virmill.local/core/internal/ui/cli","Test":"TestCreationNVRAMCLIReviewAndAuthorization/ndjson","Output":"--- PASS: TestCreationNVRAMCLIReviewAndAuthorization/ndjson (0.05s)\n","OutputType":"frame"}
{"Time":"2026-09-08T10:19:04.437923179+03:00","Action":"pass","Package":"virmill.local/core/internal/ui/cli","Test":"TestCreationNVRAMCLIReviewAndAuthorization/ndjson","Elapsed":0.05}
{"Time":"2026-09-08T10:19:04.437929974+03:00","Action":"output","Package":"virmill.local/core/internal/ui/cli","Test":"TestCreationNVRAMCLIReviewAndAuthorization","Output":"--- PASS: TestCreationNVRAMCLIReviewAndAuthorization (0.13s)\n","OutputType":"frame"}
{"Time":"2026-09-08T10:19:04.437945331+03:00","Action":"pass","Package":"virmill.local/core/internal/ui/cli","Test":"TestCreationNVRAMCLIReviewAndAuthorization","Elapsed":0.13}
{"Time":"2026-09-08T10:19:04.437962627+03:00","Action":"run","Package":"virmill.local/core/internal/ui/cli","Test":"TestCreationNVRAMCLIResultStages"}
{"Time":"2026-09-08T10:19:04.437965285+03:00","Action":"output","Package":"virmill.local/core/internal/ui/cli","Test":"TestCreationNVRAMCLIResultStages","Output":"=== RUN   TestCreationNVRAMCLIResultStages\n","OutputType":"frame"}
{"Time":"2026-09-08T10:19:04.437997492+03:00","Action":"run","Package":"virmill.local/core/internal/ui/cli","Test":"TestCreationNVRAMCLIResultStages/table/bound"}
{"Time":"2026-09-08T10:19:04.438000879+03:00","Action":"output","Package":"virmill.local/core/internal/ui/cli","Test":"TestCreationNVRAMCLIResultStages/table/bound","Output":"=== RUN   TestCreationNVRAMCLIResultStages/table/bound\n","OutputType":"frame"}
{"Time":"2026-09-08T10:19:04.468831934+03:00","Action":"output","Package":"virmill.local/core/internal/ui/cli","Test":"TestCreationNVRAMCLIResultStages/table/bound","Output":"--- PASS: TestCreationNVRAMCLIResultStages/table/bound (0.03s)\n","OutputType":"frame"}
{"Time":"2026-09-08T10:19:04.468873082+03:00","Action":"pass","Package":"virmill.local/core/internal/ui/cli","Test":"TestCreationNVRAMCLIResultStages/table/bound","Elapsed":0.03}
{"Time":"2026-09-08T10:19:04.468881172+03:00","Action":"run","Package":"virmill.local/core/internal/ui/cli","Test":"TestCreationNVRAMCLIResultStages/table/bound-running"}
{"Time":"2026-09-08T10:19:04.468885027+03:00","Action":"output","Package":"virmill.local/core/internal/ui/cli","Test":"TestCreationNVRAMCLIResultStages/table/bound-running","Output":"=== RUN   TestCreationNVRAMCLIResultStages/table/bound-running\n","OutputType":"frame"}
{"Time":"2026-09-08T10:19:04.479746962+03:00","Action":"output","Package":"virmill.local/core/internal/ui/tui","Test":"TestCreationNVRAMTUIReviewAndAuthorization","Output":"--- PASS: TestCreationNVRAMTUIReviewAndAuthorization (0.11s)\n","OutputType":"frame"}
{"Time":"2026-09-08T10:19:04.479789095+03:00","Action":"pass","Package":"virmill.local/core/internal/ui/tui","Test":"TestCreationNVRAMTUIReviewAndAuthorization","Elapsed":0.11}
{"Time":"2026-09-08T10:19:04.479798151+03:00","Action":"run","Package":"virmill.local/core/internal/ui/tui","Test":"TestCreationNVRAMTUIResultStages"}
{"Time":"2026-09-08T10:19:04.479800428+03:00","Action":"output","Package":"virmill.local/core/internal/ui/tui","Test":"TestCreationNVRAMTUIResultStages","Output":"=== RUN   TestCreationNVRAMTUIResultStages\n","OutputType":"frame"}
{"Time":"2026-09-08T10:19:04.479844658+03:00","Action":"run","Package":"virmill.local/core/internal/ui/tui","Test":"TestCreationNVRAMTUIResultStages/bound"}
{"Time":"2026-09-08T10:19:04.479858147+03:00","Action":"output","Package":"virmill.local/core/internal/ui/tui","Test":"TestCreationNVRAMTUIResultStages/bound","Output":"=== RUN   TestCreationNVRAMTUIResultStages/bound\n","OutputType":"frame"}
{"Time":"2026-09-08T10:19:04.497640227+03:00","Action":"output","Package":"virmill.local/core/internal/ui/cli","Test":"TestCreationNVRAMCLIResultStages/table/bound-running","Output":"--- PASS: TestCreationNVRAMCLIResultStages/table/bound-running (0.03s)\n","OutputType":"frame"}
{"Time":"2026-09-08T10:19:04.49767599+03:00","Action":"pass","Package":"virmill.local/core/internal/ui/cli","Test":"TestCreationNVRAMCLIResultStages/table/bound-running","Elapsed":0.03}
{"Time":"2026-09-08T10:19:04.497724974+03:00","Action":"run","Package":"virmill.local/core/internal/ui/cli","Test":"TestCreationNVRAMCLIResultStages/table/pending"}
{"Time":"2026-09-08T10:19:04.497739326+03:00","Action":"output","Package":"virmill.local/core/internal/ui/cli","Test":"TestCreationNVRAMCLIResultStages/table/pending","Output":"=== RUN   TestCreationNVRAMCLIResultStages/table/pending\n","OutputType":"frame"}
{"Time":"2026-09-08T10:19:04.525672714+03:00","Action":"output","Package":"virmill.local/core/internal/ui/cli","Test":"TestCreationNVRAMCLIResultStages/table/pending","Output":"--- PASS: TestCreationNVRAMCLIResultStages/table/pending (0.03s)\n","OutputType":"frame"}
{"Time":"2026-09-08T10:19:04.525732425+03:00","Action":"pass","Package":"virmill.local/core/internal/ui/cli","Test":"TestCreationNVRAMCLIResultStages/table/pending","Elapsed":0.03}
{"Time":"2026-09-08T10:19:04.525742117+03:00","Action":"run","Package":"virmill.local/core/internal/ui/cli","Test":"TestCreationNVRAMCLIResultStages/table/pending-partial"}
{"Time":"2026-09-08T10:19:04.525745846+03:00","Action":"output","Package":"virmill.local/core/internal/ui/cli","Test":"TestCreationNVRAMCLIResultStages/table/pending-partial","Output":"=== RUN   TestCreationNVRAMCLIResultStages/table/pending-partial\n","OutputType":"frame"}
{"Time":"2026-09-08T10:19:04.530316028+03:00","Action":"output","Package":"virmill.local/core/internal/ui/tui","Test":"TestCreationNVRAMTUIResultStages/bound","Output":"--- PASS: TestCreationNVRAMTUIResultStages/bound (0.05s)\n","OutputType":"frame"}
{"Time":"2026-09-08T10:19:04.530351367+03:00","Action":"pass","Package":"virmill.local/core/internal/ui/tui","Test":"TestCreationNVRAMTUIResultStages/bound","Elapsed":0.05}
{"Time":"2026-09-08T10:19:04.530360386+03:00","Action":"run","Package":"virmill.local/core/internal/ui/tui","Test":"TestCreationNVRAMTUIResultStages/bound-running"}
{"Time":"2026-09-08T10:19:04.530361797+03:00","Action":"output","Package":"virmill.local/core/internal/ui/tui","Test":"TestCreationNVRAMTUIResultStages/bound-running","Output":"=== RUN   TestCreationNVRAMTUIResultStages/bound-running\n","OutputType":"frame"}
{"Time":"2026-09-08T10:19:04.53082872+03:00","Action":"output","Package":"virmill.local/core/internal/app","Test":"TestAutomaticNetworkProfilesFreezeSelectionAndReserveAtExecution/lab","Output":"--- PASS: TestAutomaticNetworkProfilesFreezeSelectionAndReserveAtExecution/lab (0.11s)\n","OutputType":"frame"}
{"Time":"2026-09-08T10:19:04.530861226+03:00","Action":"pass","Package":"virmill.local/core/internal/app","Test":"TestAutomaticNetworkProfilesFreezeSelectionAndReserveAtExecution/lab","Elapsed":0.11}
{"Time":"2026-09-08T10:19:04.530886126+03:00","Action":"run","Package":"virmill.local/core/internal/app","Test":"TestAutomaticNetworkProfilesFreezeSelectionAndReserveAtExecution/guest-only"}
{"Time":"2026-09-08T10:19:04.530888862+03:00","Action":"output","Package":"virmill.local/core/internal/app","Test":"TestAutomaticNetworkProfilesFreezeSelectionAndReserveAtExecution/guest-only","Output":"=== RUN   TestAutomaticNetworkProfilesFreezeSelectionAndReserveAtExecution/guest-only\n","OutputType":"frame"}
{"Time":"2026-09-08T10:19:04.554372982+03:00","Action":"output","Package":"virmill.local/core/internal/ui/cli","Test":"TestCreationNVRAMCLIResultStages/table/pending-partial","Output":"--- PASS: TestCreationNVRAMCLIResultStages/table/pending-partial (0.03s)\n","OutputType":"frame"}
{"Time":"2026-09-08T10:19:04.554404205+03:00","Action":"pass","Package":"virmill.local/core/internal/ui/cli","Test":"TestCreationNVRAMCLIResultStages/table/pending-partial","Elapsed":0.03}
{"Time":"2026-09-08T10:19:04.554409804+03:00","Action":"run","Package":"virmill.local/core/internal/ui/cli","Test":"TestCreationNVRAMCLIResultStages/table/legacy-succeeded"}
{"Time":"2026-09-08T10:19:04.554411359+03:00","Action":"output","Package":"virmill.local/core/internal/ui/cli","Test":"TestCreationNVRAMCLIResultStages/table/legacy-succeeded","Output":"=== RUN   TestCreationNVRAMCLIResultStages/table/legacy-succeeded\n","OutputType":"frame"}
{"Time":"2026-09-08T10:19:04.577467957+03:00","Action":"output","Package":"virmill.local/core/internal/ui/tui","Test":"TestCreationNVRAMTUIResultStages/bound-running","Output":"--- PASS: TestCreationNVRAMTUIResultStages/bound-running (0.05s)\n","OutputType":"frame"}
{"Time":"2026-09-08T10:19:04.577497998+03:00","Action":"pass","Package":"virmill.local/core/internal/ui/tui","Test":"TestCreationNVRAMTUIResultStages/bound-running","Elapsed":0.05}
{"Time":"2026-09-08T10:19:04.57750661+03:00","Action":"run","Package":"virmill.local/core/internal/ui/tui","Test":"TestCreationNVRAMTUIResultStages/pending"}
{"Time":"2026-09-08T10:19:04.577508419+03:00","Action":"output","Package":"virmill.local/core/internal/ui/tui","Test":"TestCreationNVRAMTUIResultStages/pending","Output":"=== RUN   TestCreationNVRAMTUIResultStages/pending\n","OutputType":"frame"}
{"Time":"2026-09-08T10:19:04.595953326+03:00","Action":"output","Package":"virmill.local/core/internal/ui/cli","Test":"TestCreationNVRAMCLIResultStages/table/legacy-succeeded","Output":"--- PASS: TestCreationNVRAMCLIResultStages/table/legacy-succeeded (0.04s)\n","OutputType":"frame"}
{"Time":"2026-09-08T10:19:04.595992382+03:00","Action":"pass","Package":"virmill.local/core/internal/ui/cli","Test":"TestCreationNVRAMCLIResultStages/table/legacy-succeeded","Elapsed":0.04}
{"Time":"2026-09-08T10:19:04.596000029+03:00","Action":"run","Package":"virmill.local/core/internal/ui/cli","Test":"TestCreationNVRAMCLIResultStages/table/legacy-pending"}
{"Time":"2026-09-08T10:19:04.596002522+03:00","Action":"output","Package":"virmill.local/core/internal/ui/cli","Test":"TestCreationNVRAMCLIResultStages/table/legacy-pending","Output":"=== RUN   TestCreationNVRAMCLIResultStages/table/legacy-pending\n","OutputType":"frame"}
{"Time":"2026-09-08T10:19:04.61097715+03:00","Action":"output","Package":"virmill.local/core/internal/ui/tui","Test":"TestCreationNVRAMTUIResultStages/pending","Output":"--- PASS: TestCreationNVRAMTUIResultStages/pending (0.03s)\n","OutputType":"frame"}
{"Time":"2026-09-08T10:19:04.611013902+03:00","Action":"pass","Package":"virmill.local/core/internal/ui/tui","Test":"TestCreationNVRAMTUIResultStages/pending","Elapsed":0.03}
{"Time":"2026-09-08T10:19:04.61102139+03:00","Action":"run","Package":"virmill.local/core/internal/ui/tui","Test":"TestCreationNVRAMTUIResultStages/pending-partial"}
{"Time":"2026-09-08T10:19:04.611023673+03:00","Action":"output","Package":"virmill.local/core/internal/ui/tui","Test":"TestCreationNVRAMTUIResultStages/pending-partial","Output":"=== RUN   TestCreationNVRAMTUIResultStages/pending-partial\n","OutputType":"frame"}
{"Time":"2026-09-08T10:19:04.628462184+03:00","Action":"output","Package":"virmill.local/core/internal/app","Test":"TestAutomaticNetworkProfilesFreezeSelectionAndReserveAtExecution/guest-only","Output":"--- PASS: TestAutomaticNetworkProfilesFreezeSelectionAndReserveAtExecution/guest-only (0.10s)\n","OutputType":"frame"}
{"Time":"2026-09-08T10:19:04.62849456+03:00","Action":"pass","Package":"virmill.local/core/internal/app","Test":"TestAutomaticNetworkProfilesFreezeSelectionAndReserveAtExecution/guest-only","Elapsed":0.1}
{"Time":"2026-09-08T10:19:04.628512141+03:00","Action":"output","Package":"virmill.local/core/internal/app","Test":"TestAutomaticNetworkProfilesFreezeSelectionAndReserveAtExecution","Output":"--- PASS: TestAutomaticNetworkProfilesFreezeSelectionAndReserveAtExecution (0.32s)\n","OutputType":"frame"}
{"Time":"2026-09-08T10:19:04.628516702+03:00","Action":"pass","Package":"virmill.local/core/internal/app","Test":"TestAutomaticNetworkProfilesFreezeSelectionAndReserveAtExecution","Elapsed":0.32}
{"Time":"2026-09-08T10:19:04.628526106+03:00","Action":"run","Package":"virmill.local/core/internal/app","Test":"TestAutomaticNetworkNewConflictRefusesWithoutReallocation"}
{"Time":"2026-09-08T10:19:04.628529029+03:00","Action":"output","Package":"virmill.local/core/internal/app","Test":"TestAutomaticNetworkNewConflictRefusesWithoutReallocation","Output":"=== RUN   TestAutomaticNetworkNewConflictRefusesWithoutReallocation\n","OutputType":"frame"}
{"Time":"2026-09-08T10:19:04.628558221+03:00","Action":"run","Package":"virmill.local/core/internal/app","Test":"TestAutomaticNetworkNewConflictRefusesWithoutReallocation/route"}
{"Time":"2026-09-08T10:19:04.62856336+03:00","Action":"output","Package":"virmill.local/core/internal/app","Test":"TestAutomaticNetworkNewConflictRefusesWithoutReallocation/route","Output":"=== RUN   TestAutomaticNetworkNewConflictRefusesWithoutReallocation/route\n","OutputType":"frame"}
{"Time":"2026-09-08T10:19:04.635997156+03:00","Action":"output","Package":"virmill.local/core/internal/ui/cli","Test":"TestCreationNVRAMCLIResultStages/table/legacy-pending","Output":"--- PASS: TestCreationNVRAMCLIResultStages/table/legacy-pending (0.04s)\n","OutputType":"frame"}
{"Time":"2026-09-08T10:19:04.636024111+03:00","Action":"pass","Package":"virmill.local/core/internal/ui/cli","Test":"TestCreationNVRAMCLIResultStages/table/legacy-pending","Elapsed":0.04}
{"Time":"2026-09-08T10:19:04.636030932+03:00","Action":"run","Package":"virmill.local/core/internal/ui/cli","Test":"TestCreationNVRAMCLIResultStages/table/missing-binding"}
{"Time":"2026-09-08T10:19:04.636037705+03:00","Action":"output","Package":"virmill.local/core/internal/ui/cli","Test":"TestCreationNVRAMCLIResultStages/table/missing-binding","Output":"=== RUN   TestCreationNVRAMCLIResultStages/table/missing-binding\n","OutputType":"frame"}
{"Time":"2026-09-08T10:19:04.646392983+03:00","Action":"output","Package":"virmill.local/core/internal/app","Test":"TestAutomaticNetworkNewConflictRefusesWithoutReallocation/route","Output":"--- PASS: TestAutomaticNetworkNewConflictRefusesWithoutReallocation/route (0.02s)\n","OutputType":"frame"}
{"Time":"2026-09-08T10:19:04.646422661+03:00","Action":"pass","Package":"virmill.local/core/internal/app","Test":"TestAutomaticNetworkNewConflictRefusesWithoutReallocation/route","Elapsed":0.02}
{"Time":"2026-09-08T10:19:04.646430029+03:00","Action":"run","Package":"virmill.local/core/internal/app","Test":"TestAutomaticNetworkNewConflictRefusesWithoutReallocation/planned"}
{"Time":"2026-09-08T10:19:04.646432698+03:00","Action":"output","Package":"virmill.local/core/internal/app","Test":"TestAutomaticNetworkNewConflictRefusesWithoutReallocation/planned","Output":"=== RUN   TestAutomaticNetworkNewConflictRefusesWithoutReallocation/planned\n","OutputType":"frame"}
{"Time":"2026-09-08T10:19:04.647169459+03:00","Action":"output","Package":"virmill.local/core/internal/ui/tui","Test":"TestCreationNVRAMTUIResultStages/pending-partial","Output":"--- PASS: TestCreationNVRAMTUIResultStages/pending-partial (0.04s)\n","OutputType":"frame"}
{"Time":"2026-09-08T10:19:04.647189509+03:00","Action":"pass","Package":"virmill.local/core/internal/ui/tui","Test":"TestCreationNVRAMTUIResultStages/pending-partial","Elapsed":0.04}
{"Time":"2026-09-08T10:19:04.647216271+03:00","Action":"run","Package":"virmill.local/core/internal/ui/tui","Test":"TestCreationNVRAMTUIResultStages/legacy-succeeded"}
{"Time":"2026-09-08T10:19:04.647220779+03:00","Action":"output","Package":"virmill.local/core/internal/ui/tui","Test":"TestCreationNVRAMTUIResultStages/legacy-succeeded","Output":"=== RUN   TestCreationNVRAMTUIResultStages/legacy-succeeded\n","OutputType":"frame"}
{"Time":"2026-09-08T10:19:04.662704552+03:00","Action":"output","Package":"virmill.local/core/internal/app","Test":"TestAutomaticNetworkNewConflictRefusesWithoutReallocation/planned","Output":"--- PASS: TestAutomaticNetworkNewConflictRefusesWithoutReallocation/planned (0.02s)\n","OutputType":"frame"}
{"Time":"2026-09-08T10:19:04.662744087+03:00","Action":"pass","Package":"virmill.local/core/internal/app","Test":"TestAutomaticNetworkNewConflictRefusesWithoutReallocation/planned","Elapsed":0.02}
{"Time":"2026-09-08T10:19:04.662755317+03:00","Action":"run","Package":"virmill.local/core/internal/app","Test":"TestAutomaticNetworkNewConflictRefusesWithoutReallocation/invalid-settings"}
{"Time":"2026-09-08T10:19:04.662758771+03:00","Action":"output","Package":"virmill.local/core/internal/app","Test":"TestAutomaticNetworkNewConflictRefusesWithoutReallocation/invalid-settings","Output":"=== RUN   TestAutomaticNetworkNewConflictRefusesWithoutReallocation/invalid-settings\n","OutputType":"frame"}
{"Time":"2026-09-08T10:19:04.667404847+03:00","Action":"output","Package":"virmill.local/core/internal/ui/cli","Test":"TestCreationNVRAMCLIResultStages/table/missing-binding","Output":"--- PASS: TestCreationNVRAMCLIResultStages/table/missing-binding (0.03s)\n","OutputType":"frame"}
{"Time":"2026-09-08T10:19:04.66742941+03:00","Action":"pass","Package":"virmill.local/core/internal/ui/cli","Test":"TestCreationNVRAMCLIResultStages/table/missing-binding","Elapsed":0.03}
{"Time":"2026-09-08T10:19:04.667434639+03:00","Action":"run","Package":"virmill.local/core/internal/ui/cli","Test":"TestCreationNVRAMCLIResultStages/table/conflicting-binding"}
{"Time":"2026-09-08T10:19:04.667441395+03:00","Action":"output","Package":"virmill.local/core/internal/ui/cli","Test":"TestCreationNVRAMCLIResultStages/table/conflicting-binding","Output":"=== RUN   TestCreationNVRAMCLIResultStages/table/conflicting-binding\n","OutputType":"frame"}
{"Time":"2026-09-08T10:19:04.677026316+03:00","Action":"output","Package":"virmill.local/core/internal/app","Test":"TestAutomaticNetworkNewConflictRefusesWithoutReallocation/invalid-settings","Output":"--- PASS: TestAutomaticNetworkNewConflictRefusesWithoutReallocation/invalid-settings (0.01s)\n","OutputType":"frame"}
{"Time":"2026-09-08T10:19:04.677039149+03:00","Action":"pass","Package":"virmill.local/core/internal/app","Test":"TestAutomaticNetworkNewConflictRefusesWithoutReallocation/invalid-settings","Elapsed":0.01}
{"Time":"2026-09-08T10:19:04.677070918+03:00","Action":"output","Package":"virmill.local/core/internal/app","Test":"TestAutomaticNetworkNewConflictRefusesWithoutReallocation","Output":"--- PASS: TestAutomaticNetworkNewConflictRefusesWithoutReallocation (0.05s)\n","OutputType":"frame"}
{"Time":"2026-09-08T10:19:04.677081373+03:00","Action":"pass","Package":"virmill.local/core/internal/app","Test":"TestAutomaticNetworkNewConflictRefusesWithoutReallocation","Elapsed":0.05}
{"Time":"2026-09-08T10:19:04.677101609+03:00","Action":"run","Package":"virmill.local/core/internal/app","Test":"TestAutomaticNetworkRecoveryRetainsSelectionAfterJournalReopen"}
{"Time":"2026-09-08T10:19:04.677104111+03:00","Action":"output","Package":"virmill.local/core/internal/app","Test":"TestAutomaticNetworkRecoveryRetainsSelectionAfterJournalReopen","Output":"=== RUN   TestAutomaticNetworkRecoveryRetainsSelectionAfterJournalReopen\n","OutputType":"frame"}
{"Time":"2026-09-08T10:19:04.68989559+03:00","Action":"output","Package":"virmill.local/core/internal/ui/tui","Test":"TestCreationNVRAMTUIResultStages/legacy-succeeded","Output":"--- PASS: TestCreationNVRAMTUIResultStages/legacy-succeeded (0.04s)\n","OutputType":"frame"}
{"Time":"2026-09-08T10:19:04.689988388+03:00","Action":"pass","Package":"virmill.local/core/internal/ui/tui","Test":"TestCreationNVRAMTUIResultStages/legacy-succeeded","Elapsed":0.04}
{"Time":"2026-09-08T10:19:04.690013216+03:00","Action":"run","Package":"virmill.local/core/internal/ui/tui","Test":"TestCreationNVRAMTUIResultStages/legacy-pending"}
{"Time":"2026-09-08T10:19:04.690018121+03:00","Action":"output","Package":"virmill.local/core/internal/ui/tui","Test":"TestCreationNVRAMTUIResultStages/legacy-pending","Output":"=== RUN   TestCreationNVRAMTUIResultStages/legacy-pending\n","OutputType":"frame"}
{"Time":"2026-09-08T10:19:04.699886784+03:00","Action":"output","Package":"virmill.local/core/internal/ui/cli","Test":"TestCreationNVRAMCLIResultStages/table/conflicting-binding","Output":"--- PASS: TestCreationNVRAMCLIResultStages/table/conflicting-binding (0.03s)\n","OutputType":"frame"}
{"Time":"2026-09-08T10:19:04.699904482+03:00","Action":"pass","Package":"virmill.local/core/internal/ui/cli","Test":"TestCreationNVRAMCLIResultStages/table/conflicting-binding","Elapsed":0.03}
{"Time":"2026-09-08T10:19:04.699916277+03:00","Action":"run","Package":"virmill.local/core/internal/ui/cli","Test":"TestCreationNVRAMCLIResultStages/table/failed-bound"}
{"Time":"2026-09-08T10:19:04.699922915+03:00","Action":"output","Package":"virmill.local/core/internal/ui/cli","Test":"TestCreationNVRAMCLIResultStages/table/failed-bound","Output":"=== RUN   TestCreationNVRAMCLIResultStages/table/failed-bound\n","OutputType":"frame"}
{"Time":"2026-09-08T10:19:04.730912773+03:00","Action":"output","Package":"virmill.local/core/internal/ui/cli","Test":"TestCreationNVRAMCLIResultStages/table/failed-bound","Output":"--- PASS: TestCreationNVRAMCLIResultStages/table/failed-bound (0.03s)\n","OutputType":"frame"}
{"Time":"2026-09-08T10:19:04.730945716+03:00","Action":"pass","Package":"virmill.local/core/internal/ui/cli","Test":"TestCreationNVRAMCLIResultStages/table/failed-bound","Elapsed":0.03}
{"Time":"2026-09-08T10:19:04.730953251+03:00","Action":"run","Package":"virmill.local/core/internal/ui/cli","Test":"TestCreationNVRAMCLIResultStages/json/bound"}
{"Time":"2026-09-08T10:19:04.730956114+03:00","Action":"output","Package":"virmill.local/core/internal/ui/cli","Test":"TestCreationNVRAMCLIResultStages/json/bound","Output":"=== RUN   TestCreationNVRAMCLIResultStages/json/bound\n","OutputType":"frame"}
{"Time":"2026-09-08T10:19:04.736483948+03:00","Action":"output","Package":"virmill.local/core/internal/ui/tui","Test":"TestCreationNVRAMTUIResultStages/legacy-pending","Output":"--- PASS: TestCreationNVRAMTUIResultStages/legacy-pending (0.05s)\n","OutputType":"frame"}
{"Time":"2026-09-08T10:19:04.736511123+03:00","Action":"pass","Package":"virmill.local/core/internal/ui/tui","Test":"TestCreationNVRAMTUIResultStages/legacy-pending","Elapsed":0.05}
{"Time":"2026-09-08T10:19:04.736516165+03:00","Action":"run","Package":"virmill.local/core/internal/ui/tui","Test":"TestCreationNVRAMTUIResultStages/missing-binding"}
{"Time":"2026-09-08T10:19:04.736517949+03:00","Action":"output","Package":"virmill.local/core/internal/ui/tui","Test":"TestCreationNVRAMTUIResultStages/missing-binding","Output":"=== RUN   TestCreationNVRAMTUIResultStages/missing-binding\n","OutputType":"frame"}
{"Time":"2026-09-08T10:19:04.757077918+03:00","Action":"output","Package":"virmill.local/core/internal/ui/cli","Test":"TestCreationNVRAMCLIResultStages/json/bound","Output":"--- PASS: TestCreationNVRAMCLIResultStages/json/bound (0.03s)\n","OutputType":"frame"}
{"Time":"2026-09-08T10:19:04.757107634+03:00","Action":"pass","Package":"virmill.local/core/internal/ui/cli","Test":"TestCreationNVRAMCLIResultStages/json/bound","Elapsed":0.03}
{"Time":"2026-09-08T10:19:04.757114314+03:00","Action":"run","Package":"virmill.local/core/internal/ui/cli","Test":"TestCreationNVRAMCLIResultStages/json/bound-running"}
{"Time":"2026-09-08T10:19:04.757116516+03:00","Action":"output","Package":"virmill.local/core/internal/ui/cli","Test":"TestCreationNVRAMCLIResultStages/json/bound-running","Output":"=== RUN   TestCreationNVRAMCLIResultStages/json/bound-running\n","OutputType":"frame"}
{"Time":"2026-09-08T10:19:04.780754155+03:00","Action":"output","Package":"virmill.local/core/internal/ui/tui","Test":"TestCreationNVRAMTUIResultStages/missing-binding","Output":"--- PASS: TestCreationNVRAMTUIResultStages/missing-binding (0.04s)\n","OutputType":"frame"}
{"Time":"2026-09-08T10:19:04.780786638+03:00","Action":"pass","Package":"virmill.local/core/internal/ui/tui","Test":"TestCreationNVRAMTUIResultStages/missing-binding","Elapsed":0.04}
{"Time":"2026-09-08T10:19:04.780792059+03:00","Action":"run","Package":"virmill.local/core/internal/ui/tui","Test":"TestCreationNVRAMTUIResultStages/conflicting-binding"}
{"Time":"2026-09-08T10:19:04.780799312+03:00","Action":"output","Package":"virmill.local/core/internal/ui/tui","Test":"TestCreationNVRAMTUIResultStages/conflicting-binding","Output":"=== RUN   TestCreationNVRAMTUIResultStages/conflicting-binding\n","OutputType":"frame"}
{"Time":"2026-09-08T10:19:04.784982927+03:00","Action":"output","Package":"virmill.local/core/internal/ui/cli","Test":"TestCreationNVRAMCLIResultStages/json/bound-running","Output":"--- PASS: TestCreationNVRAMCLIResultStages/json/bound-running (0.03s)\n","OutputType":"frame"}
{"Time":"2026-09-08T10:19:04.784996281+03:00","Action":"pass","Package":"virmill.local/core/internal/ui/cli","Test":"TestCreationNVRAMCLIResultStages/json/bound-running","Elapsed":0.03}
{"Time":"2026-09-08T10:19:04.785009819+03:00","Action":"run","Package":"virmill.local/core/internal/ui/cli","Test":"TestCreationNVRAMCLIResultStages/json/pending"}
{"Time":"2026-09-08T10:19:04.785012094+03:00","Action":"output","Package":"virmill.local/core/internal/ui/cli","Test":"TestCreationNVRAMCLIResultStages/json/pending","Output":"=== RUN   TestCreationNVRAMCLIResultStages/json/pending\n","OutputType":"frame"}
{"Time":"2026-09-08T10:19:04.80902242+03:00","Action":"output","Package":"virmill.local/core/internal/ui/cli","Test":"TestCreationNVRAMCLIResultStages/json/pending","Output":"--- PASS: TestCreationNVRAMCLIResultStages/json/pending (0.02s)\n","OutputType":"frame"}
{"Time":"2026-09-08T10:19:04.809055533+03:00","Action":"pass","Package":"virmill.local/core/internal/ui/cli","Test":"TestCreationNVRAMCLIResultStages/json/pending","Elapsed":0.02}
{"Time":"2026-09-08T10:19:04.80906025+03:00","Action":"run","Package":"virmill.local/core/internal/ui/cli","Test":"TestCreationNVRAMCLIResultStages/json/pending-partial"}
{"Time":"2026-09-08T10:19:04.809061656+03:00","Action":"output","Package":"virmill.local/core/internal/ui/cli","Test":"TestCreationNVRAMCLIResultStages/json/pending-partial","Output":"=== RUN   TestCreationNVRAMCLIResultStages/json/pending-partial\n","OutputType":"frame"}
{"Time":"2026-09-08T10:19:04.816952109+03:00","Action":"output","Package":"virmill.local/core/internal/app","Test":"TestAutomaticNetworkRecoveryRetainsSelectionAfterJournalReopen","Output":"--- PASS: TestAutomaticNetworkRecoveryRetainsSelectionAfterJournalReopen (0.14s)\n","OutputType":"frame"}
{"Time":"2026-09-08T10:19:04.816966434+03:00","Action":"pass","Package":"virmill.local/core/internal/app","Test":"TestAutomaticNetworkRecoveryRetainsSelectionAfterJournalReopen","Elapsed":0.14}
{"Time":"2026-09-08T10:19:04.816971213+03:00","Action":"run","Package":"virmill.local/core/internal/app","Test":"TestAutomaticNetworkMissingForeignLogicalReservationFailsClosed"}
{"Time":"2026-09-08T10:19:04.816972874+03:00","Action":"output","Package":"virmill.local/core/internal/app","Test":"TestAutomaticNetworkMissingForeignLogicalReservationFailsClosed","Output":"=== RUN   TestAutomaticNetworkMissingForeignLogicalReservationFailsClosed\n","OutputType":"frame"}
{"Time":"2026-09-08T10:19:04.817009305+03:00","Action":"run","Package":"virmill.local/core/internal/app","Test":"TestAutomaticNetworkMissingForeignLogicalReservationFailsClosed/name"}
{"Time":"2026-09-08T10:19:04.817013339+03:00","Action":"output","Package":"virmill.local/core/internal/app","Test":"TestAutomaticNetworkMissingForeignLogicalReservationFailsClosed/name","Output":"=== RUN   TestAutomaticNetworkMissingForeignLogicalReservationFailsClosed/name\n","OutputType":"frame"}
{"Time":"2026-09-08T10:19:04.818510714+03:00","Action":"output","Package":"virmill.local/core/internal/app","Test":"TestAutomaticNetworkMissingForeignLogicalReservationFailsClosed/name","Output":"--- PASS: TestAutomaticNetworkMissingForeignLogicalReservationFailsClosed/name (0.00s)\n","OutputType":"frame"}
{"Time":"2026-09-08T10:19:04.818516034+03:00","Action":"pass","Package":"virmill.local/core/internal/app","Test":"TestAutomaticNetworkMissingForeignLogicalReservationFailsClosed/name","Elapsed":0}
{"Time":"2026-09-08T10:19:04.818536996+03:00","Action":"run","Package":"virmill.local/core/internal/app","Test":"TestAutomaticNetworkMissingForeignLogicalReservationFailsClosed/marker"}
{"Time":"2026-09-08T10:19:04.81853923+03:00","Action":"output","Package":"virmill.local/core/internal/app","Test":"TestAutomaticNetworkMissingForeignLogicalReservationFailsClosed/marker","Output":"=== RUN   TestAutomaticNetworkMissingForeignLogicalReservationFailsClosed/marker\n","OutputType":"frame"}
{"Time":"2026-09-08T10:19:04.819619778+03:00","Action":"output","Package":"virmill.local/core/internal/app","Test":"TestAutomaticNetworkMissingForeignLogicalReservationFailsClosed/marker","Output":"--- PASS: TestAutomaticNetworkMissingForeignLogicalReservationFailsClosed/marker (0.00s)\n","OutputType":"frame"}
{"Time":"2026-09-08T10:19:04.819629216+03:00","Action":"pass","Package":"virmill.local/core/internal/app","Test":"TestAutomaticNetworkMissingForeignLogicalReservationFailsClosed/marker","Elapsed":0}
{"Time":"2026-09-08T10:19:04.819659081+03:00","Action":"output","Package":"virmill.local/core/internal/app","Test":"TestAutomaticNetworkMissingForeignLogicalReservationFailsClosed","Output":"--- PASS: TestAutomaticNetworkMissingForeignLogicalReservationFailsClosed (0.00s)\n","OutputType":"frame"}
{"Time":"2026-09-08T10:19:04.819670011+03:00","Action":"pass","Package":"virmill.local/core/internal/app","Test":"TestAutomaticNetworkMissingForeignLogicalReservationFailsClosed","Elapsed":0}
{"Time":"2026-09-08T10:19:04.819689215+03:00","Action":"run","Package":"virmill.local/core/internal/app","Test":"TestAutomaticNetworkCancellationAndInvalidReview"}
{"Time":"2026-09-08T10:19:04.819691312+03:00","Action":"output","Package":"virmill.local/core/internal/app","Test":"TestAutomaticNetworkCancellationAndInvalidReview","Output":"=== RUN   TestAutomaticNetworkCancellationAndInvalidReview\n","OutputType":"frame"}
{"Time":"2026-09-08T10:19:04.820577448+03:00","Action":"output","Package":"virmill.local/core/internal/ui/tui","Test":"TestCreationNVRAMTUIResultStages/conflicting-binding","Output":"--- PASS: TestCreationNVRAMTUIResultStages/conflicting-binding (0.04s)\n","OutputType":"frame"}
{"Time":"2026-09-08T10:19:04.820596789+03:00","Action":"pass","Package":"virmill.local/core/internal/ui/tui","Test":"TestCreationNVRAMTUIResultStages/conflicting-binding","Elapsed":0.04}
{"Time":"2026-09-08T10:19:04.820619882+03:00","Action":"run","Package":"virmill.local/core/internal/ui/tui","Test":"TestCreationNVRAMTUIResultStages/failed-bound"}
{"Time":"2026-09-08T10:19:04.820621835+03:00","Action":"output","Package":"virmill.local/core/internal/ui/tui","Test":"TestCreationNVRAMTUIResultStages/failed-bound","Output":"=== RUN   TestCreationNVRAMTUIResultStages/failed-bound\n","OutputType":"frame"}
{"Time":"2026-09-08T10:19:04.827962435+03:00","Action":"output","Package":"virmill.local/core/internal/app","Test":"TestAutomaticNetworkCancellationAndInvalidReview","Output":"--- PASS: TestAutomaticNetworkCancellationAndInvalidReview (0.01s)\n","OutputType":"frame"}
{"Time":"2026-09-08T10:19:04.827998806+03:00","Action":"pass","Package":"virmill.local/core/internal/app","Test":"TestAutomaticNetworkCancellationAndInvalidReview","Elapsed":0.01}
{"Time":"2026-09-08T10:19:04.828016946+03:00","Action":"run","Package":"virmill.local/core/internal/app","Test":"TestAutomaticForeignAllocationRequiresExactProfileOrPlannedUUID"}
{"Time":"2026-09-08T10:19:04.828021022+03:00","Action":"output","Package":"virmill.local/core/internal/app","Test":"TestAutomaticForeignAllocationRequiresExactProfileOrPlannedUUID","Output":"=== RUN   TestAutomaticForeignAllocationRequiresExactProfileOrPlannedUUID\n","OutputType":"frame"}
{"Time":"2026-09-08T10:19:04.828079063+03:00","Action":"run","Package":"virmill.local/core/internal/app","Test":"TestAutomaticForeignAllocationRequiresExactProfileOrPlannedUUID/empty_guest"}
{"Time":"2026-09-08T10:19:04.828083041+03:00","Action":"output","Package":"virmill.local/core/internal/app","Test":"TestAutomaticForeignAllocationRequiresExactProfileOrPlannedUUID/empty_guest","Output":"=== RUN   TestAutomaticForeignAllocationRequiresExactProfileOrPlannedUUID/empty_guest\n","OutputType":"frame"}
{"Time":"2026-09-08T10:19:04.831010708+03:00","Action":"output","Package":"virmill.local/core/internal/app","Test":"TestAutomaticForeignAllocationRequiresExactProfileOrPlannedUUID/empty_guest","Output":"--- PASS: TestAutomaticForeignAllocationRequiresExactProfileOrPlannedUUID/empty_guest (0.00s)\n","OutputType":"frame"}
{"Time":"2026-09-08T10:19:04.831028147+03:00","Action":"pass","Package":"virmill.local/core/internal/app","Test":"TestAutomaticForeignAllocationRequiresExactProfileOrPlannedUUID/empty_guest","Elapsed":0}
{"Time":"2026-09-08T10:19:04.83103249+03:00","Action":"run","Package":"virmill.local/core/internal/app","Test":"TestAutomaticForeignAllocationRequiresExactProfileOrPlannedUUID/declared_guest"}
{"Time":"2026-09-08T10:19:04.831034763+03:00","Action":"output","Package":"virmill.local/core/internal/app","Test":"TestAutomaticForeignAllocationRequiresExactProfileOrPlannedUUID/declared_guest","Output":"=== RUN   TestAutomaticForeignAllocationRequiresExactProfileOrPlannedUUID/declared_guest\n","OutputType":"frame"}
{"Time":"2026-09-08T10:19:04.832100186+03:00","Action":"output","Package":"virmill.local/core/internal/networksettings","Output":"ok  \tvirmill.local/core/internal/networksettings\t1.025s\n"}
{"Time":"2026-09-08T10:19:04.832114313+03:00","Action":"pass","Package":"virmill.local/core/internal/networksettings","Elapsed":1.025}
{"Time":"2026-09-08T10:19:04.833217863+03:00","Action":"output","Package":"virmill.local/core/internal/app","Test":"TestAutomaticForeignAllocationRequiresExactProfileOrPlannedUUID/declared_guest","Output":"--- PASS: TestAutomaticForeignAllocationRequiresExactProfileOrPlannedUUID/declared_guest (0.00s)\n","OutputType":"frame"}
{"Time":"2026-09-08T10:19:04.83322798+03:00","Action":"pass","Package":"virmill.local/core/internal/app","Test":"TestAutomaticForeignAllocationRequiresExactProfileOrPlannedUUID/declared_guest","Elapsed":0}
{"Time":"2026-09-08T10:19:04.833239874+03:00","Action":"run","Package":"virmill.local/core/internal/app","Test":"TestAutomaticForeignAllocationRequiresExactProfileOrPlannedUUID/wrong_ID"}
{"Time":"2026-09-08T10:19:04.833241375+03:00","Action":"output","Package":"virmill.local/core/internal/app","Test":"TestAutomaticForeignAllocationRequiresExactProfileOrPlannedUUID/wrong_ID","Output":"=== RUN   TestAutomaticForeignAllocationRequiresExactProfileOrPlannedUUID/wrong_ID\n","OutputType":"frame"}
{"Time":"2026-09-08T10:19:04.834491193+03:00","Action":"output","Package":"virmill.local/core/internal/app","Test":"TestAutomaticForeignAllocationRequiresExactProfileOrPlannedUUID/wrong_ID","Output":"--- PASS: TestAutomaticForeignAllocationRequiresExactProfileOrPlannedUUID/wrong_ID (0.00s)\n","OutputType":"frame"}
{"Time":"2026-09-08T10:19:04.834496977+03:00","Action":"pass","Package":"virmill.local/core/internal/app","Test":"TestAutomaticForeignAllocationRequiresExactProfileOrPlannedUUID/wrong_ID","Elapsed":0}
{"Time":"2026-09-08T10:19:04.834512852+03:00","Action":"run","Package":"virmill.local/core/internal/app","Test":"TestAutomaticForeignAllocationRequiresExactProfileOrPlannedUUID/wrong_subnet"}
{"Time":"2026-09-08T10:19:04.834515005+03:00","Action":"output","Package":"virmill.local/core/internal/app","Test":"TestAutomaticForeignAllocationRequiresExactProfileOrPlannedUUID/wrong_subnet","Output":"=== RUN   TestAutomaticForeignAllocationRequiresExactProfileOrPlannedUUID/wrong_subnet\n","OutputType":"frame"}
{"Time":"2026-09-08T10:19:04.835975369+03:00","Action":"output","Package":"virmill.local/core/internal/app","Test":"TestAutomaticForeignAllocationRequiresExactProfileOrPlannedUUID/wrong_subnet","Output":"--- PASS: TestAutomaticForeignAllocationRequiresExactProfileOrPlannedUUID/wrong_subnet (0.00s)\n","OutputType":"frame"}
{"Time":"2026-09-08T10:19:04.835986192+03:00","Action":"pass","Package":"virmill.local/core/internal/app","Test":"TestAutomaticForeignAllocationRequiresExactProfileOrPlannedUUID/wrong_subnet","Elapsed":0}
{"Time":"2026-09-08T10:19:04.835998722+03:00","Action":"run","Package":"virmill.local/core/internal/app","Test":"TestAutomaticForeignAllocationRequiresExactProfileOrPlannedUUID/hidden_by_route"}
{"Time":"2026-09-08T10:19:04.836000806+03:00","Action":"output","Package":"virmill.local/core/internal/app","Test":"TestAutomaticForeignAllocationRequiresExactProfileOrPlannedUUID/hidden_by_route","Output":"=== RUN   TestAutomaticForeignAllocationRequiresExactProfileOrPlannedUUID/hidden_by_route\n","OutputType":"frame"}
{"Time":"2026-09-08T10:19:04.836256546+03:00","Action":"output","Package":"virmill.local/core/internal/ui/cli","Test":"TestCreationNVRAMCLIResultStages/json/pending-partial","Output":"--- PASS: TestCreationNVRAMCLIResultStages/json/pending-partial (0.03s)\n","OutputType":"frame"}
{"Time":"2026-09-08T10:19:04.83676712+03:00","Action":"pass","Package":"virmill.local/core/internal/ui/cli","Test":"TestCreationNVRAMCLIResultStages/json/pending-partial","Elapsed":0.03}
{"Time":"2026-09-08T10:19:04.836772823+03:00","Action":"run","Package":"virmill.local/core/internal/ui/cli","Test":"TestCreationNVRAMCLIResultStages/json/legacy-succeeded"}
{"Time":"2026-09-08T10:19:04.836774354+03:00","Action":"output","Package":"virmill.local/core/internal/ui/cli","Test":"TestCreationNVRAMCLIResultStages/json/legacy-succeeded","Output":"=== RUN   TestCreationNVRAMCLIResultStages/json/legacy-succeeded\n","OutputType":"frame"}
{"Time":"2026-09-08T10:19:04.839856623+03:00","Action":"output","Package":"virmill.local/core/internal/app","Test":"TestAutomaticForeignAllocationRequiresExactProfileOrPlannedUUID/hidden_by_route","Output":"--- PASS: TestAutomaticForeignAllocationRequiresExactProfileOrPlannedUUID/hidden_by_route (0.00s)\n","OutputType":"frame"}
{"Time":"2026-09-08T10:19:04.839867218+03:00","Action":"pass","Package":"virmill.local/core/internal/app","Test":"TestAutomaticForeignAllocationRequiresExactProfileOrPlannedUUID/hidden_by_route","Elapsed":0}
{"Time":"2026-09-08T10:19:04.839873226+03:00","Action":"run","Package":"virmill.local/core/internal/app","Test":"TestAutomaticForeignAllocationRequiresExactProfileOrPlannedUUID/hidden_by_IP"}
{"Time":"2026-09-08T10:19:04.839874893+03:00","Action":"output","Package":"virmill.local/core/internal/app","Test":"TestAutomaticForeignAllocationRequiresExactProfileOrPlannedUUID/hidden_by_IP","Output":"=== RUN   TestAutomaticForeignAllocationRequiresExactProfileOrPlannedUUID/hidden_by_IP\n","OutputType":"frame"}
{"Time":"2026-09-08T10:19:04.843885349+03:00","Action":"output","Package":"virmill.local/core/internal/app","Test":"TestAutomaticForeignAllocationRequiresExactProfileOrPlannedUUID/hidden_by_IP","Output":"--- PASS: TestAutomaticForeignAllocationRequiresExactProfileOrPlannedUUID/hidden_by_IP (0.00s)\n","OutputType":"frame"}
{"Time":"2026-09-08T10:19:04.843892581+03:00","Action":"pass","Package":"virmill.local/core/internal/app","Test":"TestAutomaticForeignAllocationRequiresExactProfileOrPlannedUUID/hidden_by_IP","Elapsed":0}
{"Time":"2026-09-08T10:19:04.843908193+03:00","Action":"run","Package":"virmill.local/core/internal/app","Test":"TestAutomaticForeignAllocationRequiresExactProfileOrPlannedUUID/visible_lab"}
{"Time":"2026-09-08T10:19:04.84390996+03:00","Action":"output","Package":"virmill.local/core/internal/app","Test":"TestAutomaticForeignAllocationRequiresExactProfileOrPlannedUUID/visible_lab","Output":"=== RUN   TestAutomaticForeignAllocationRequiresExactProfileOrPlannedUUID/visible_lab\n","OutputType":"frame"}
{"Time":"2026-09-08T10:19:04.852403692+03:00","Action":"output","Package":"virmill.local/core/internal/app","Test":"TestAutomaticForeignAllocationRequiresExactProfileOrPlannedUUID/visible_lab","Output":"--- PASS: TestAutomaticForeignAllocationRequiresExactProfileOrPlannedUUID/visible_lab (0.01s)\n","OutputType":"frame"}
{"Time":"2026-09-08T10:19:04.852433096+03:00","Action":"pass","Package":"virmill.local/core/internal/app","Test":"TestAutomaticForeignAllocationRequiresExactProfileOrPlannedUUID/visible_lab","Elapsed":0.01}
{"Time":"2026-09-08T10:19:04.852440216+03:00","Action":"run","Package":"virmill.local/core/internal/app","Test":"TestAutomaticForeignAllocationRequiresExactProfileOrPlannedUUID/visible_NAT"}
{"Time":"2026-09-08T10:19:04.852442+03:00","Action":"output","Package":"virmill.local/core/internal/app","Test":"TestAutomaticForeignAllocationRequiresExactProfileOrPlannedUUID/visible_NAT","Output":"=== RUN   TestAutomaticForeignAllocationRequiresExactProfileOrPlannedUUID/visible_NAT\n","OutputType":"frame"}
{"Time":"2026-09-08T10:19:04.858180048+03:00","Action":"output","Package":"virmill.local/core/internal/app","Test":"TestAutomaticForeignAllocationRequiresExactProfileOrPlannedUUID/visible_NAT","Output":"--- PASS: TestAutomaticForeignAllocationRequiresExactProfileOrPlannedUUID/visible_NAT (0.01s)\n","OutputType":"frame"}
{"Time":"2026-09-08T10:19:04.858189389+03:00","Action":"pass","Package":"virmill.local/core/internal/app","Test":"TestAutomaticForeignAllocationRequiresExactProfileOrPlannedUUID/visible_NAT","Elapsed":0.01}
{"Time":"2026-09-08T10:19:04.858208493+03:00","Action":"output","Package":"virmill.local/core/internal/app","Test":"TestAutomaticForeignAllocationRequiresExactProfileOrPlannedUUID","Output":"--- PASS: TestAutomaticForeignAllocationRequiresExactProfileOrPlannedUUID (0.03s)\n","OutputType":"frame"}
{"Time":"2026-09-08T10:19:04.858218434+03:00","Action":"pass","Package":"virmill.local/core/internal/app","Test":"TestAutomaticForeignAllocationRequiresExactProfileOrPlannedUUID","Elapsed":0.03}
{"Time":"2026-09-08T10:19:04.858232233+03:00","Action":"run","Package":"virmill.local/core/internal/app","Test":"TestNetworkCreationDurableAllocationAndDedup"}
{"Time":"2026-09-08T10:19:04.858234341+03:00","Action":"output","Package":"virmill.local/core/internal/app","Test":"TestNetworkCreationDurableAllocationAndDedup","Output":"=== RUN   TestNetworkCreationDurableAllocationAndDedup\n","OutputType":"frame"}
{"Time":"2026-09-08T10:19:04.871273536+03:00","Action":"output","Package":"virmill.local/core/internal/ui/tui","Test":"TestCreationNVRAMTUIResultStages/failed-bound","Output":"--- PASS: TestCreationNVRAMTUIResultStages/failed-bound (0.05s)\n","OutputType":"frame"}
{"Time":"2026-09-08T10:19:04.871300757+03:00","Action":"pass","Package":"virmill.local/core/internal/ui/tui","Test":"TestCreationNVRAMTUIResultStages/failed-bound","Elapsed":0.05}
{"Time":"2026-09-08T10:19:04.871306102+03:00","Action":"output","Package":"virmill.local/core/internal/ui/tui","Test":"TestCreationNVRAMTUIResultStages","Output":"--- PASS: TestCreationNVRAMTUIResultStages (0.39s)\n","OutputType":"frame"}
{"Time":"2026-09-08T10:19:04.871310551+03:00","Action":"pass","Package":"virmill.local/core/internal/ui/tui","Test":"TestCreationNVRAMTUIResultStages","Elapsed":0.39}
{"Time":"2026-09-08T10:19:04.871312698+03:00","Action":"run","Package":"virmill.local/core/internal/ui/tui","Test":"TestCreationNVRAMTUIFailedObservationDiscardsPriorSuccess"}
{"Time":"2026-09-08T10:19:04.871313925+03:00","Action":"output","Package":"virmill.local/core/internal/ui/tui","Test":"TestCreationNVRAMTUIFailedObservationDiscardsPriorSuccess","Output":"=== RUN   TestCreationNVRAMTUIFailedObservationDiscardsPriorSuccess\n","OutputType":"frame"}
{"Time":"2026-09-08T10:19:04.87135588+03:00","Action":"run","Package":"virmill.local/core/internal/ui/tui","Test":"TestCreationNVRAMTUIFailedObservationDiscardsPriorSuccess/cancellation"}
{"Time":"2026-09-08T10:19:04.871361449+03:00","Action":"output","Package":"virmill.local/core/internal/ui/tui","Test":"TestCreationNVRAMTUIFailedObservationDiscardsPriorSuccess/cancellation","Output":"=== RUN   TestCreationNVRAMTUIFailedObservationDiscardsPriorSuccess/cancellation\n","OutputType":"frame"}
{"Time":"2026-09-08T10:19:04.877057455+03:00","Action":"output","Package":"virmill.local/core/internal/ui/cli","Test":"TestCreationNVRAMCLIResultStages/json/legacy-succeeded","Output":"--- PASS: TestCreationNVRAMCLIResultStages/json/legacy-succeeded (0.04s)\n","OutputType":"frame"}
{"Time":"2026-09-08T10:19:04.877070114+03:00","Action":"pass","Package":"virmill.local/core/internal/ui/cli","Test":"TestCreationNVRAMCLIResultStages/json/legacy-succeeded","Elapsed":0.04}
{"Time":"2026-09-08T10:19:04.877093393+03:00","Action":"run","Package":"virmill.local/core/internal/ui/cli","Test":"TestCreationNVRAMCLIResultStages/json/legacy-pending"}
{"Time":"2026-09-08T10:19:04.877095063+03:00","Action":"output","Package":"virmill.local/core/internal/ui/cli","Test":"TestCreationNVRAMCLIResultStages/json/legacy-pending","Output":"=== RUN   TestCreationNVRAMCLIResultStages/json/legacy-pending\n","OutputType":"frame"}
{"Time":"2026-09-08T10:19:04.900861964+03:00","Action":"output","Package":"virmill.local/core/internal/ui/tui","Test":"TestCreationNVRAMTUIFailedObservationDiscardsPriorSuccess/cancellation","Output":"--- PASS: TestCreationNVRAMTUIFailedObservationDiscardsPriorSuccess/cancellation (0.03s)\n","OutputType":"frame"}
{"Time":"2026-09-08T10:19:04.900952136+03:00","Action":"pass","Package":"virmill.local/core/internal/ui/tui","Test":"TestCreationNVRAMTUIFailedObservationDiscardsPriorSuccess/cancellation","Elapsed":0.03}
{"Time":"2026-09-08T10:19:04.900967968+03:00","Action":"run","Package":"virmill.local/core/internal/ui/tui","Test":"TestCreationNVRAMTUIFailedObservationDiscardsPriorSuccess/transport"}
{"Time":"2026-09-08T10:19:04.900969832+03:00","Action":"output","Package":"virmill.local/core/internal/ui/tui","Test":"TestCreationNVRAMTUIFailedObservationDiscardsPriorSuccess/transport","Output":"=== RUN   TestCreationNVRAMTUIFailedObservationDiscardsPriorSuccess/transport\n","OutputType":"frame"}
{"Time":"2026-09-08T10:19:04.914930497+03:00","Action":"output","Package":"virmill.local/core/internal/ui/cli","Test":"TestCreationNVRAMCLIResultStages/json/legacy-pending","Output":"--- PASS: TestCreationNVRAMCLIResultStages/json/legacy-pending (0.04s)\n","OutputType":"frame"}
{"Time":"2026-09-08T10:19:04.914959967+03:00","Action":"pass","Package":"virmill.local/core/internal/ui/cli","Test":"TestCreationNVRAMCLIResultStages/json/legacy-pending","Elapsed":0.04}
{"Time":"2026-09-08T10:19:04.914965367+03:00","Action":"run","Package":"virmill.local/core/internal/ui/cli","Test":"TestCreationNVRAMCLIResultStages/json/missing-binding"}
{"Time":"2026-09-08T10:19:04.914966768+03:00","Action":"output","Package":"virmill.local/core/internal/ui/cli","Test":"TestCreationNVRAMCLIResultStages/json/missing-binding","Output":"=== RUN   TestCreationNVRAMCLIResultStages/json/missing-binding\n","OutputType":"frame"}
{"Time":"2026-09-08T10:19:04.930004658+03:00","Action":"output","Package":"virmill.local/core/internal/ui/tui","Test":"TestCreationNVRAMTUIFailedObservationDiscardsPriorSuccess/transport","Output":"--- PASS: TestCreationNVRAMTUIFailedObservationDiscardsPriorSuccess/transport (0.03s)\n","OutputType":"frame"}
{"Time":"2026-09-08T10:19:04.930037004+03:00","Action":"pass","Package":"virmill.local/core/internal/ui/tui","Test":"TestCreationNVRAMTUIFailedObservationDiscardsPriorSuccess/transport","Elapsed":0.03}
{"Time":"2026-09-08T10:19:04.930048742+03:00","Action":"run","Package":"virmill.local/core/internal/ui/tui","Test":"TestCreationNVRAMTUIFailedObservationDiscardsPriorSuccess/missing-job"}
{"Time":"2026-09-08T10:19:04.930051901+03:00","Action":"output","Package":"virmill.local/core/internal/ui/tui","Test":"TestCreationNVRAMTUIFailedObservationDiscardsPriorSuccess/missing-job","Output":"=== RUN   TestCreationNVRAMTUIFailedObservationDiscardsPriorSuccess/missing-job\n","OutputType":"frame"}
{"Time":"2026-09-08T10:19:04.939764777+03:00","Action":"output","Package":"virmill.local/core/internal/ui/cli","Test":"TestCreationNVRAMCLIResultStages/json/missing-binding","Output":"--- PASS: TestCreationNVRAMCLIResultStages/json/missing-binding (0.02s)\n","OutputType":"frame"}
{"Time":"2026-09-08T10:19:04.939795641+03:00","Action":"pass","Package":"virmill.local/core/internal/ui/cli","Test":"TestCreationNVRAMCLIResultStages/json/missing-binding","Elapsed":0.02}
{"Time":"2026-09-08T10:19:04.939801374+03:00","Action":"run","Package":"virmill.local/core/internal/ui/cli","Test":"TestCreationNVRAMCLIResultStages/json/conflicting-binding"}
{"Time":"2026-09-08T10:19:04.939803256+03:00","Action":"output","Package":"virmill.local/core/internal/ui/cli","Test":"TestCreationNVRAMCLIResultStages/json/conflicting-binding","Output":"=== RUN   TestCreationNVRAMCLIResultStages/json/conflicting-binding\n","OutputType":"frame"}
{"Time":"2026-09-08T10:19:04.94338731+03:00","Action":"output","Package":"virmill.local/core/internal/app","Test":"TestNetworkCreationDurableAllocationAndDedup","Output":"--- PASS: TestNetworkCreationDurableAllocationAndDedup (0.09s)\n","OutputType":"frame"}
{"Time":"2026-09-08T10:19:04.943398571+03:00","Action":"pass","Package":"virmill.local/core/internal/app","Test":"TestNetworkCreationDurableAllocationAndDedup","Elapsed":0.09}
{"Time":"2026-09-08T10:19:04.943419248+03:00","Action":"run","Package":"virmill.local/core/internal/app","Test":"TestNetworkLostActivationReconcilesWithoutReplayAfterReopen"}
{"Time":"2026-09-08T10:19:04.943421553+03:00","Action":"output","Package":"virmill.local/core/internal/app","Test":"TestNetworkLostActivationReconcilesWithoutReplayAfterReopen","Output":"=== RUN   TestNetworkLostActivationReconcilesWithoutReplayAfterReopen\n","OutputType":"frame"}
{"Time":"2026-09-08T10:19:04.958037095+03:00","Action":"output","Package":"virmill.local/core/internal/ui/tui","Test":"TestCreationNVRAMTUIFailedObservationDiscardsPriorSuccess/missing-job","Output":"--- PASS: TestCreationNVRAMTUIFailedObservationDiscardsPriorSuccess/missing-job (0.03s)\n","OutputType":"frame"}
{"Time":"2026-09-08T10:19:04.958068464+03:00","Action":"pass","Package":"virmill.local/core/internal/ui/tui","Test":"TestCreationNVRAMTUIFailedObservationDiscardsPriorSuccess/missing-job","Elapsed":0.03}
{"Time":"2026-09-08T10:19:04.958075796+03:00","Action":"output","Package":"virmill.local/core/internal/ui/tui","Test":"TestCreationNVRAMTUIFailedObservationDiscardsPriorSuccess","Output":"--- PASS: TestCreationNVRAMTUIFailedObservationDiscardsPriorSuccess (0.09s)\n","OutputType":"frame"}
{"Time":"2026-09-08T10:19:04.958083985+03:00","Action":"pass","Package":"virmill.local/core/internal/ui/tui","Test":"TestCreationNVRAMTUIFailedObservationDiscardsPriorSuccess","Elapsed":0.09}
{"Time":"2026-09-08T10:19:04.958106353+03:00","Action":"run","Package":"virmill.local/core/internal/ui/tui","Test":"TestCreationNVRAMTUINewUEFIRequiresInspectionCapability"}
{"Time":"2026-09-08T10:19:04.958108776+03:00","Action":"output","Package":"virmill.local/core/internal/ui/tui","Test":"TestCreationNVRAMTUINewUEFIRequiresInspectionCapability","Output":"=== RUN   TestCreationNVRAMTUINewUEFIRequiresInspectionCapability\n","OutputType":"frame"}
{"Time":"2026-09-08T10:19:04.962582867+03:00","Action":"output","Package":"virmill.local/core/internal/ui/tui","Test":"TestCreationNVRAMTUINewUEFIRequiresInspectionCapability","Output":"--- PASS: TestCreationNVRAMTUINewUEFIRequiresInspectionCapability (0.00s)\n","OutputType":"frame"}
{"Time":"2026-09-08T10:19:04.962591496+03:00","Action":"pass","Package":"virmill.local/core/internal/ui/tui","Test":"TestCreationNVRAMTUINewUEFIRequiresInspectionCapability","Elapsed":0}
{"Time":"2026-09-08T10:19:04.962613818+03:00","Action":"run","Package":"virmill.local/core/internal/ui/tui","Test":"TestReadOnlyHostInventoryNavigation"}
{"Time":"2026-09-08T10:19:04.962615557+03:00","Action":"output","Package":"virmill.local/core/internal/ui/tui","Test":"TestReadOnlyHostInventoryNavigation","Output":"=== RUN   TestReadOnlyHostInventoryNavigation\n","OutputType":"frame"}
{"Time":"2026-09-08T10:19:04.963087726+03:00","Action":"output","Package":"virmill.local/core/internal/ui/tui","Test":"TestReadOnlyHostInventoryNavigation","Output":"--- PASS: TestReadOnlyHostInventoryNavigation (0.00s)\n","OutputType":"frame"}
{"Time":"2026-09-08T10:19:04.963094027+03:00","Action":"pass","Package":"virmill.local/core/internal/ui/tui","Test":"TestReadOnlyHostInventoryNavigation","Elapsed":0}
{"Time":"2026-09-08T10:19:04.963110378+03:00","Action":"run","Package":"virmill.local/core/internal/ui/tui","Test":"TestManagedVolumeAccessFormUsesSharedService"}
{"Time":"2026-09-08T10:19:04.963112603+03:00","Action":"output","Package":"virmill.local/core/internal/ui/tui","Test":"TestManagedVolumeAccessFormUsesSharedService","Output":"=== RUN   TestManagedVolumeAccessFormUsesSharedService\n","OutputType":"frame"}
{"Time":"2026-09-08T10:19:04.963952432+03:00","Action":"output","Package":"virmill.local/core/internal/ui/tui","Test":"TestManagedVolumeAccessFormUsesSharedService","Output":"--- PASS: TestManagedVolumeAccessFormUsesSharedService (0.00s)\n","OutputType":"frame"}
{"Time":"2026-09-08T10:19:04.963975534+03:00","Action":"pass","Package":"virmill.local/core/internal/ui/tui","Test":"TestManagedVolumeAccessFormUsesSharedService","Elapsed":0}
{"Time":"2026-09-08T10:19:04.963992398+03:00","Action":"run","Package":"virmill.local/core/internal/ui/tui","Test":"TestKeyboardNavigationSharedServiceAndResize"}
{"Time":"2026-09-08T10:19:04.963994409+03:00","Action":"output","Package":"virmill.local/core/internal/ui/tui","Test":"TestKeyboardNavigationSharedServiceAndResize","Output":"=== RUN   TestKeyboardNavigationSharedServiceAndResize\n","OutputType":"frame"}
{"Time":"2026-09-08T10:19:04.964862527+03:00","Action":"output","Package":"virmill.local/core/internal/ui/tui","Test":"TestKeyboardNavigationSharedServiceAndResize","Output":"--- PASS: TestKeyboardNavigationSharedServiceAndResize (0.00s)\n","OutputType":"frame"}
{"Time":"2026-09-08T10:19:04.964875462+03:00","Action":"pass","Package":"virmill.local/core/internal/ui/tui","Test":"TestKeyboardNavigationSharedServiceAndResize","Elapsed":0}
{"Time":"2026-09-08T10:19:04.964890104+03:00","Action":"run","Package":"virmill.local/core/internal/ui/tui","Test":"TestEscDiscardsApprovalWithoutMutation"}
{"Time":"2026-09-08T10:19:04.964892088+03:00","Action":"output","Package":"virmill.local/core/internal/ui/tui","Test":"TestEscDiscardsApprovalWithoutMutation","Output":"=== RUN   TestEscDiscardsApprovalWithoutMutation\n","OutputType":"frame"}
{"Time":"2026-09-08T10:19:04.964950503+03:00","Action":"output","Package":"virmill.local/core/internal/ui/tui","Test":"TestEscDiscardsApprovalWithoutMutation","Output":"--- PASS: TestEscDiscardsApprovalWithoutMutation (0.00s)\n","OutputType":"frame"}
{"Time":"2026-09-08T10:19:04.964959324+03:00","Action":"pass","Package":"virmill.local/core/internal/ui/tui","Test":"TestEscDiscardsApprovalWithoutMutation","Elapsed":0}
{"Time":"2026-09-08T10:19:04.964968438+03:00","Action":"run","Package":"virmill.local/core/internal/ui/tui","Test":"TestPluginFormDispatchAndScrollableActionMenu"}
{"Time":"2026-09-08T10:19:04.964970245+03:00","Action":"output","Package":"virmill.local/core/internal/ui/tui","Test":"TestPluginFormDispatchAndScrollableActionMenu","Output":"=== RUN   TestPluginFormDispatchAndScrollableActionMenu\n","OutputType":"frame"}
{"Time":"2026-09-08T10:19:04.96668352+03:00","Action":"output","Package":"virmill.local/core/internal/ui/tui","Test":"TestPluginFormDispatchAndScrollableActionMenu","Output":"--- PASS: TestPluginFormDispatchAndScrollableActionMenu (0.00s)\n","OutputType":"frame"}
{"Time":"2026-09-08T10:19:04.966695967+03:00","Action":"pass","Package":"virmill.local/core/internal/ui/tui","Test":"TestPluginFormDispatchAndScrollableActionMenu","Elapsed":0}
{"Time":"2026-09-08T10:19:04.966712535+03:00","Action":"run","Package":"virmill.local/core/internal/ui/tui","Test":"TestImportFormDispatchesCompleteMappingToSharedService"}
{"Time":"2026-09-08T10:19:04.966714552+03:00","Action":"output","Package":"virmill.local/core/internal/ui/tui","Test":"TestImportFormDispatchesCompleteMappingToSharedService","Output":"=== RUN   TestImportFormDispatchesCompleteMappingToSharedService\n","OutputType":"frame"}
{"Time":"2026-09-08T10:19:04.967771463+03:00","Action":"output","Package":"virmill.local/core/internal/ui/tui","Test":"TestImportFormDispatchesCompleteMappingToSharedService","Output":"--- PASS: TestImportFormDispatchesCompleteMappingToSharedService (0.00s)\n","OutputType":"frame"}
{"Time":"2026-09-08T10:19:04.967783314+03:00","Action":"pass","Package":"virmill.local/core/internal/ui/tui","Test":"TestImportFormDispatchesCompleteMappingToSharedService","Elapsed":0}
{"Time":"2026-09-08T10:19:04.967794163+03:00","Action":"run","Package":"virmill.local/core/internal/ui/tui","Test":"TestSelectedDiskPreparationFormUsesSharedService"}
{"Time":"2026-09-08T10:19:04.967796068+03:00","Action":"output","Package":"virmill.local/core/internal/ui/tui","Test":"TestSelectedDiskPreparationFormUsesSharedService","Output":"=== RUN   TestSelectedDiskPreparationFormUsesSharedService\n","OutputType":"frame"}
{"Time":"2026-09-08T10:19:04.968831763+03:00","Action":"output","Package":"virmill.local/core/internal/ui/tui","Test":"TestSelectedDiskPreparationFormUsesSharedService","Output":"--- PASS: TestSelectedDiskPreparationFormUsesSharedService (0.00s)\n","OutputType":"frame"}
{"Time":"2026-09-08T10:19:04.968842683+03:00","Action":"pass","Package":"virmill.local/core/internal/ui/tui","Test":"TestSelectedDiskPreparationFormUsesSharedService","Elapsed":0}
{"Time":"2026-09-08T10:19:04.9688532+03:00","Action":"run","Package":"virmill.local/core/internal/ui/tui","Test":"TestInstallationPreparationFormUsesSharedService"}
{"Time":"2026-09-08T10:19:04.968855215+03:00","Action":"output","Package":"virmill.local/core/internal/ui/tui","Test":"TestInstallationPreparationFormUsesSharedService","Output":"=== RUN   TestInstallationPreparationFormUsesSharedService\n","OutputType":"frame"}
{"Time":"2026-09-08T10:19:04.970327151+03:00","Action":"output","Package":"virmill.local/core/internal/ui/tui","Test":"TestInstallationPreparationFormUsesSharedService","Output":"--- PASS: TestInstallationPreparationFormUsesSharedService (0.00s)\n","OutputType":"frame"}
{"Time":"2026-09-08T10:19:04.970366876+03:00","Action":"pass","Package":"virmill.local/core/internal/ui/tui","Test":"TestInstallationPreparationFormUsesSharedService","Elapsed":0}
{"Time":"2026-09-08T10:19:04.970384932+03:00","Action":"run","Package":"virmill.local/core/internal/ui/tui","Test":"TestStorageAndNetworkInventoryAreReachableWithoutApproval"}
{"Time":"2026-09-08T10:19:04.970389186+03:00","Action":"output","Package":"virmill.local/core/internal/ui/tui","Test":"TestStorageAndNetworkInventoryAreReachableWithoutApproval","Output":"=== RUN   TestStorageAndNetworkInventoryAreReachableWithoutApproval\n","OutputType":"frame"}
{"Time":"2026-09-08T10:19:04.970621597+03:00","Action":"output","Package":"virmill.local/core/internal/ui/tui","Test":"TestStorageAndNetworkInventoryAreReachableWithoutApproval","Output":"--- PASS: TestStorageAndNetworkInventoryAreReachableWithoutApproval (0.00s)\n","OutputType":"frame"}
{"Time":"2026-09-08T10:19:04.970631748+03:00","Action":"pass","Package":"virmill.local/core/internal/ui/tui","Test":"TestStorageAndNetworkInventoryAreReachableWithoutApproval","Elapsed":0}
{"Time":"2026-09-08T10:19:04.970644607+03:00","Action":"run","Package":"virmill.local/core/internal/ui/tui","Test":"TestCreationAndDefinitionRecoveryHaveSharedTUIAccess"}
{"Time":"2026-09-08T10:19:04.970646747+03:00","Action":"output","Package":"virmill.local/core/internal/ui/tui","Test":"TestCreationAndDefinitionRecoveryHaveSharedTUIAccess","Output":"=== RUN   TestCreationAndDefinitionRecoveryHaveSharedTUIAccess\n","OutputType":"frame"}
{"Time":"2026-09-08T10:19:04.973355925+03:00","Action":"output","Package":"virmill.local/core/internal/ui/cli","Test":"TestCreationNVRAMCLIResultStages/json/conflicting-binding","Output":"--- PASS: TestCreationNVRAMCLIResultStages/json/conflicting-binding (0.03s)\n","OutputType":"frame"}
{"Time":"2026-09-08T10:19:04.973370165+03:00","Action":"pass","Package":"virmill.local/core/internal/ui/cli","Test":"TestCreationNVRAMCLIResultStages/json/conflicting-binding","Elapsed":0.03}
{"Time":"2026-09-08T10:19:04.973408054+03:00","Action":"run","Package":"virmill.local/core/internal/ui/cli","Test":"TestCreationNVRAMCLIResultStages/json/failed-bound"}
{"Time":"2026-09-08T10:19:04.973410156+03:00","Action":"output","Package":"virmill.local/core/internal/ui/cli","Test":"TestCreationNVRAMCLIResultStages/json/failed-bound","Output":"=== RUN   TestCreationNVRAMCLIResultStages/json/failed-bound\n","OutputType":"frame"}
{"Time":"2026-09-08T10:19:04.974291578+03:00","Action":"output","Package":"virmill.local/core/internal/ui/tui","Test":"TestCreationAndDefinitionRecoveryHaveSharedTUIAccess","Output":"--- PASS: TestCreationAndDefinitionRecoveryHaveSharedTUIAccess (0.00s)\n","OutputType":"frame"}
{"Time":"2026-09-08T10:19:04.974298328+03:00","Action":"pass","Package":"virmill.local/core/internal/ui/tui","Test":"TestCreationAndDefinitionRecoveryHaveSharedTUIAccess","Elapsed":0}
{"Time":"2026-09-08T10:19:04.974314696+03:00","Action":"run","Package":"virmill.local/core/internal/ui/tui","Test":"TestLargeCreationFormRemainsBoundedAndVisible"}
{"Time":"2026-09-08T10:19:04.974317173+03:00","Action":"output","Package":"virmill.local/core/internal/ui/tui","Test":"TestLargeCreationFormRemainsBoundedAndVisible","Output":"=== RUN   TestLargeCreationFormRemainsBoundedAndVisible\n","OutputType":"frame"}
{"Time":"2026-09-08T10:19:04.979172255+03:00","Action":"output","Package":"virmill.local/core/internal/transport/local","Output":"ok  \tvirmill.local/core/internal/transport/local\t1.036s\n"}
{"Time":"2026-09-08T10:19:04.97919583+03:00","Action":"pass","Package":"virmill.local/core/internal/transport/local","Elapsed":1.036}
{"Time":"2026-09-08T10:19:04.985924816+03:00","Action":"output","Package":"virmill.local/core/internal/ui/tui","Test":"TestLargeCreationFormRemainsBoundedAndVisible","Output":"--- PASS: TestLargeCreationFormRemainsBoundedAndVisible (0.01s)\n","OutputType":"frame"}
{"Time":"2026-09-08T10:19:04.985944288+03:00","Action":"pass","Package":"virmill.local/core/internal/ui/tui","Test":"TestLargeCreationFormRemainsBoundedAndVisible","Elapsed":0.01}
{"Time":"2026-09-08T10:19:04.985947756+03:00","Action":"run","Package":"virmill.local/core/internal/ui/tui","Test":"TestNoCloudCreationFormUsesSharedService"}
{"Time":"2026-09-08T10:19:04.985949315+03:00","Action":"output","Package":"virmill.local/core/internal/ui/tui","Test":"TestNoCloudCreationFormUsesSharedService","Output":"=== RUN   TestNoCloudCreationFormUsesSharedService\n","OutputType":"frame"}
{"Time":"2026-09-08T10:19:04.987921806+03:00","Action":"output","Package":"virmill.local/core/internal/ui/tui","Test":"TestNoCloudCreationFormUsesSharedService","Output":"--- PASS: TestNoCloudCreationFormUsesSharedService (0.00s)\n","OutputType":"frame"}
{"Time":"2026-09-08T10:19:04.987943161+03:00","Action":"pass","Package":"virmill.local/core/internal/ui/tui","Test":"TestNoCloudCreationFormUsesSharedService","Elapsed":0}
{"Time":"2026-09-08T10:19:04.987950798+03:00","Action":"run","Package":"virmill.local/core/internal/ui/tui","Test":"TestFixedResourceFormUsesSharedPlanning"}
{"Time":"2026-09-08T10:19:04.987953779+03:00","Action":"output","Package":"virmill.local/core/internal/ui/tui","Test":"TestFixedResourceFormUsesSharedPlanning","Output":"=== RUN   TestFixedResourceFormUsesSharedPlanning\n","OutputType":"frame"}
{"Time":"2026-09-08T10:19:04.988839778+03:00","Action":"output","Package":"virmill.local/core/internal/ui/tui","Test":"TestFixedResourceFormUsesSharedPlanning","Output":"--- PASS: TestFixedResourceFormUsesSharedPlanning (0.00s)\n","OutputType":"frame"}
{"Time":"2026-09-08T10:19:04.988848134+03:00","Action":"pass","Package":"virmill.local/core/internal/ui/tui","Test":"TestFixedResourceFormUsesSharedPlanning","Elapsed":0}
{"Time":"2026-09-08T10:19:04.988860157+03:00","Action":"run","Package":"virmill.local/core/internal/ui/tui","Test":"TestBootInspectionAndMediaEditingHaveSharedTUIAccess"}
{"Time":"2026-09-08T10:19:04.988864054+03:00","Action":"output","Package":"virmill.local/core/internal/ui/tui","Test":"TestBootInspectionAndMediaEditingHaveSharedTUIAccess","Output":"=== RUN   TestBootInspectionAndMediaEditingHaveSharedTUIAccess\n","OutputType":"frame"}
{"Time":"2026-09-08T10:19:04.990553671+03:00","Action":"output","Package":"virmill.local/core/internal/ui/tui","Test":"TestBootInspectionAndMediaEditingHaveSharedTUIAccess","Output":"--- PASS: TestBootInspectionAndMediaEditingHaveSharedTUIAccess (0.00s)\n","OutputType":"frame"}
{"Time":"2026-09-08T10:19:04.990561273+03:00","Action":"pass","Package":"virmill.local/core/internal/ui/tui","Test":"TestBootInspectionAndMediaEditingHaveSharedTUIAccess","Elapsed":0}
{"Time":"2026-09-08T10:19:04.990576049+03:00","Action":"run","Package":"virmill.local/core/internal/ui/tui","Test":"TestTUIReviewShowsSharedDowntimeEstimate"}
{"Time":"2026-09-08T10:19:04.990577617+03:00","Action":"output","Package":"virmill.local/core/internal/ui/tui","Test":"TestTUIReviewShowsSharedDowntimeEstimate","Output":"=== RUN   TestTUIReviewShowsSharedDowntimeEstimate\n","OutputType":"frame"}
{"Time":"2026-09-08T10:19:04.991462783+03:00","Action":"output","Package":"virmill.local/core/internal/ui/tui","Test":"TestTUIReviewShowsSharedDowntimeEstimate","Output":"--- PASS: TestTUIReviewShowsSharedDowntimeEstimate (0.00s)\n","OutputType":"frame"}
{"Time":"2026-09-08T10:19:04.991474772+03:00","Action":"pass","Package":"virmill.local/core/internal/ui/tui","Test":"TestTUIReviewShowsSharedDowntimeEstimate","Elapsed":0}
{"Time":"2026-09-08T10:19:04.991483454+03:00","Action":"run","Package":"virmill.local/core/internal/ui/tui","Test":"TestTUIActiveCreationResultIsProgressWithoutApproval"}
{"Time":"2026-09-08T10:19:04.991485674+03:00","Action":"output","Package":"virmill.local/core/internal/ui/tui","Test":"TestTUIActiveCreationResultIsProgressWithoutApproval","Output":"=== RUN   TestTUIActiveCreationResultIsProgressWithoutApproval\n","OutputType":"frame"}
{"Time":"2026-09-08T10:19:04.992419365+03:00","Action":"output","Package":"virmill.local/core/internal/ui/tui","Test":"TestTUIActiveCreationResultIsProgressWithoutApproval","Output":"--- PASS: TestTUIActiveCreationResultIsProgressWithoutApproval (0.00s)\n","OutputType":"frame"}
{"Time":"2026-09-08T10:19:04.992424236+03:00","Action":"pass","Package":"virmill.local/core/internal/ui/tui","Test":"TestTUIActiveCreationResultIsProgressWithoutApproval","Elapsed":0}
{"Time":"2026-09-08T10:19:04.992437114+03:00","Action":"run","Package":"virmill.local/core/internal/ui/tui","Test":"TestNetworkAllocationTUIExactReviewApprovalAndPathCancellation"}
{"Time":"2026-09-08T10:19:04.992438509+03:00","Action":"output","Package":"virmill.local/core/internal/ui/tui","Test":"TestNetworkAllocationTUIExactReviewApprovalAndPathCancellation","Output":"=== RUN   TestNetworkAllocationTUIExactReviewApprovalAndPathCancellation\n","OutputType":"frame"}
{"Time":"2026-09-08T10:19:05.00391784+03:00","Action":"output","Package":"virmill.local/core/internal/ui/cli","Test":"TestCreationNVRAMCLIResultStages/json/failed-bound","Output":"--- PASS: TestCreationNVRAMCLIResultStages/json/failed-bound (0.03s)\n","OutputType":"frame"}
{"Time":"2026-09-08T10:19:05.003958435+03:00","Action":"pass","Package":"virmill.local/core/internal/ui/cli","Test":"TestCreationNVRAMCLIResultStages/json/failed-bound","Elapsed":0.03}
{"Time":"2026-09-08T10:19:05.003966943+03:00","Action":"run","Package":"virmill.local/core/internal/ui/cli","Test":"TestCreationNVRAMCLIResultStages/ndjson/bound"}
{"Time":"2026-09-08T10:19:05.003968247+03:00","Action":"output","Package":"virmill.local/core/internal/ui/cli","Test":"TestCreationNVRAMCLIResultStages/ndjson/bound","Output":"=== RUN   TestCreationNVRAMCLIResultStages/ndjson/bound\n","OutputType":"frame"}
{"Time":"2026-09-08T10:19:05.015539955+03:00","Action":"output","Package":"virmill.local/core/internal/app","Test":"TestNetworkLostActivationReconcilesWithoutReplayAfterReopen","Output":"--- PASS: TestNetworkLostActivationReconcilesWithoutReplayAfterReopen (0.07s)\n","OutputType":"frame"}
{"Time":"2026-09-08T10:19:05.015572326+03:00","Action":"pass","Package":"virmill.local/core/internal/app","Test":"TestNetworkLostActivationReconcilesWithoutReplayAfterReopen","Elapsed":0.07}
{"Time":"2026-09-08T10:19:05.015582804+03:00","Action":"run","Package":"virmill.local/core/internal/app","Test":"TestNetworkLostDefinitionRequiresReviewedActivationWithInheritedLocks"}
{"Time":"2026-09-08T10:19:05.015585974+03:00","Action":"output","Package":"virmill.local/core/internal/app","Test":"TestNetworkLostDefinitionRequiresReviewedActivationWithInheritedLocks","Output":"=== RUN   TestNetworkLostDefinitionRequiresReviewedActivationWithInheritedLocks\n","OutputType":"frame"}
{"Time":"2026-09-08T10:19:05.032442404+03:00","Action":"output","Package":"virmill.local/core/internal/ui/cli","Test":"TestCreationNVRAMCLIResultStages/ndjson/bound","Output":"--- PASS: TestCreationNVRAMCLIResultStages/ndjson/bound (0.03s)\n","OutputType":"frame"}
{"Time":"2026-09-08T10:19:05.032481903+03:00","Action":"pass","Package":"virmill.local/core/internal/ui/cli","Test":"TestCreationNVRAMCLIResultStages/ndjson/bound","Elapsed":0.03}
{"Time":"2026-09-08T10:19:05.032490369+03:00","Action":"run","Package":"virmill.local/core/internal/ui/cli","Test":"TestCreationNVRAMCLIResultStages/ndjson/bound-running"}
{"Time":"2026-09-08T10:19:05.032493546+03:00","Action":"output","Package":"virmill.local/core/internal/ui/cli","Test":"TestCreationNVRAMCLIResultStages/ndjson/bound-running","Output":"=== RUN   TestCreationNVRAMCLIResultStages/ndjson/bound-running\n","OutputType":"frame"}
{"Time":"2026-09-08T10:19:05.059792558+03:00","Action":"output","Package":"virmill.local/core/internal/ui/cli","Test":"TestCreationNVRAMCLIResultStages/ndjson/bound-running","Output":"--- PASS: TestCreationNVRAMCLIResultStages/ndjson/bound-running (0.03s)\n","OutputType":"frame"}
{"Time":"2026-09-08T10:19:05.05982591+03:00","Action":"pass","Package":"virmill.local/core/internal/ui/cli","Test":"TestCreationNVRAMCLIResultStages/ndjson/bound-running","Elapsed":0.03}
{"Time":"2026-09-08T10:19:05.059832479+03:00","Action":"run","Package":"virmill.local/core/internal/ui/cli","Test":"TestCreationNVRAMCLIResultStages/ndjson/pending"}
{"Time":"2026-09-08T10:19:05.05983435+03:00","Action":"output","Package":"virmill.local/core/internal/ui/cli","Test":"TestCreationNVRAMCLIResultStages/ndjson/pending","Output":"=== RUN   TestCreationNVRAMCLIResultStages/ndjson/pending\n","OutputType":"frame"}
{"Time":"2026-09-08T10:19:05.084014962+03:00","Action":"output","Package":"virmill.local/core/internal/ui/cli","Test":"TestCreationNVRAMCLIResultStages/ndjson/pending","Output":"--- PASS: TestCreationNVRAMCLIResultStages/ndjson/pending (0.02s)\n","OutputType":"frame"}
{"Time":"2026-09-08T10:19:05.08404617+03:00","Action":"pass","Package":"virmill.local/core/internal/ui/cli","Test":"TestCreationNVRAMCLIResultStages/ndjson/pending","Elapsed":0.02}
{"Time":"2026-09-08T10:19:05.084053637+03:00","Action":"run","Package":"virmill.local/core/internal/ui/cli","Test":"TestCreationNVRAMCLIResultStages/ndjson/pending-partial"}
{"Time":"2026-09-08T10:19:05.084055215+03:00","Action":"output","Package":"virmill.local/core/internal/ui/cli","Test":"TestCreationNVRAMCLIResultStages/ndjson/pending-partial","Output":"=== RUN   TestCreationNVRAMCLIResultStages/ndjson/pending-partial\n","OutputType":"frame"}
{"Time":"2026-09-08T10:19:05.100727717+03:00","Action":"output","Package":"virmill.local/core/internal/ui/tui","Test":"TestNetworkAllocationTUIExactReviewApprovalAndPathCancellation","Output":"--- PASS: TestNetworkAllocationTUIExactReviewApprovalAndPathCancellation (0.11s)\n","OutputType":"frame"}
{"Time":"2026-09-08T10:19:05.100767904+03:00","Action":"pass","Package":"virmill.local/core/internal/ui/tui","Test":"TestNetworkAllocationTUIExactReviewApprovalAndPathCancellation","Elapsed":0.11}
{"Time":"2026-09-08T10:19:05.10077738+03:00","Action":"run","Package":"virmill.local/core/internal/ui/tui","Test":"TestNetworkAllocationTUIFailedSelectionClearsPriorApproval"}
{"Time":"2026-09-08T10:19:05.100779262+03:00","Action":"output","Package":"virmill.local/core/internal/ui/tui","Test":"TestNetworkAllocationTUIFailedSelectionClearsPriorApproval","Output":"=== RUN   TestNetworkAllocationTUIFailedSelectionClearsPriorApproval\n","OutputType":"frame"}
{"Time":"2026-09-08T10:19:05.100781327+03:00","Action":"run","Package":"virmill.local/core/internal/ui/tui","Test":"TestNetworkAllocationTUIFailedSelectionClearsPriorApproval/canceled"}
{"Time":"2026-09-08T10:19:05.100782781+03:00","Action":"output","Package":"virmill.local/core/internal/ui/tui","Test":"TestNetworkAllocationTUIFailedSelectionClearsPriorApproval/canceled","Output":"=== RUN   TestNetworkAllocationTUIFailedSelectionClearsPriorApproval/canceled\n","OutputType":"frame"}
{"Time":"2026-09-08T10:19:05.10950693+03:00","Action":"output","Package":"virmill.local/core/internal/ui/cli","Test":"TestCreationNVRAMCLIResultStages/ndjson/pending-partial","Output":"--- PASS: TestCreationNVRAMCLIResultStages/ndjson/pending-partial (0.03s)\n","OutputType":"frame"}
{"Time":"2026-09-08T10:19:05.109532737+03:00","Action":"pass","Package":"virmill.local/core/internal/ui/cli","Test":"TestCreationNVRAMCLIResultStages/ndjson/pending-partial","Elapsed":0.03}
{"Time":"2026-09-08T10:19:05.10953806+03:00","Action":"run","Package":"virmill.local/core/internal/ui/cli","Test":"TestCreationNVRAMCLIResultStages/ndjson/legacy-succeeded"}
{"Time":"2026-09-08T10:19:05.109539551+03:00","Action":"output","Package":"virmill.local/core/internal/ui/cli","Test":"TestCreationNVRAMCLIResultStages/ndjson/legacy-succeeded","Output":"=== RUN   TestCreationNVRAMCLIResultStages/ndjson/legacy-succeeded\n","OutputType":"frame"}
{"Time":"2026-09-08T10:19:05.132431958+03:00","Action":"output","Package":"virmill.local/core/internal/ui/tui","Test":"TestNetworkAllocationTUIFailedSelectionClearsPriorApproval/canceled","Output":"--- PASS: TestNetworkAllocationTUIFailedSelectionClearsPriorApproval/canceled (0.03s)\n","OutputType":"frame"}
{"Time":"2026-09-08T10:19:05.132471202+03:00","Action":"pass","Package":"virmill.local/core/internal/ui/tui","Test":"TestNetworkAllocationTUIFailedSelectionClearsPriorApproval/canceled","Elapsed":0.03}
{"Time":"2026-09-08T10:19:05.132479923+03:00","Action":"run","Package":"virmill.local/core/internal/ui/tui","Test":"TestNetworkAllocationTUIFailedSelectionClearsPriorApproval/settings-unavailable"}
{"Time":"2026-09-08T10:19:05.132482818+03:00","Action":"output","Package":"virmill.local/core/internal/ui/tui","Test":"TestNetworkAllocationTUIFailedSelectionClearsPriorApproval/settings-unavailable","Output":"=== RUN   TestNetworkAllocationTUIFailedSelectionClearsPriorApproval/settings-unavailable\n","OutputType":"frame"}
{"Time":"2026-09-08T10:19:05.145519469+03:00","Action":"output","Package":"virmill.local/core/internal/app","Test":"TestNetworkLostDefinitionRequiresReviewedActivationWithInheritedLocks","Output":"--- PASS: TestNetworkLostDefinitionRequiresReviewedActivationWithInheritedLocks (0.13s)\n","OutputType":"frame"}
{"Time":"2026-09-08T10:19:05.145552536+03:00","Action":"pass","Package":"virmill.local/core/internal/app","Test":"TestNetworkLostDefinitionRequiresReviewedActivationWithInheritedLocks","Elapsed":0.13}
{"Time":"2026-09-08T10:19:05.145559821+03:00","Action":"run","Package":"virmill.local/core/internal/app","Test":"TestNetworkMissingDefinitionAndDriftKeepReservation"}
{"Time":"2026-09-08T10:19:05.145561884+03:00","Action":"output","Package":"virmill.local/core/internal/app","Test":"TestNetworkMissingDefinitionAndDriftKeepReservation","Output":"=== RUN   TestNetworkMissingDefinitionAndDriftKeepReservation\n","OutputType":"frame"}
{"Time":"2026-09-08T10:19:05.145568001+03:00","Action":"run","Package":"virmill.local/core/internal/app","Test":"TestNetworkMissingDefinitionAndDriftKeepReservation/missing-definition"}
{"Time":"2026-09-08T10:19:05.145569779+03:00","Action":"output","Package":"virmill.local/core/internal/app","Test":"TestNetworkMissingDefinitionAndDriftKeepReservation/missing-definition","Output":"=== RUN   TestNetworkMissingDefinitionAndDriftKeepReservation/missing-definition\n","OutputType":"frame"}
{"Time":"2026-09-08T10:19:05.146831919+03:00","Action":"output","Package":"virmill.local/core/internal/ui/cli","Test":"TestCreationNVRAMCLIResultStages/ndjson/legacy-succeeded","Output":"--- PASS: TestCreationNVRAMCLIResultStages/ndjson/legacy-succeeded (0.04s)\n","OutputType":"frame"}
{"Time":"2026-09-08T10:19:05.146843904+03:00","Action":"pass","Package":"virmill.local/core/internal/ui/cli","Test":"TestCreationNVRAMCLIResultStages/ndjson/legacy-succeeded","Elapsed":0.04}
{"Time":"2026-09-08T10:19:05.146847616+03:00","Action":"run","Package":"virmill.local/core/internal/ui/cli","Test":"TestCreationNVRAMCLIResultStages/ndjson/legacy-pending"}
{"Time":"2026-09-08T10:19:05.146849246+03:00","Action":"output","Package":"virmill.local/core/internal/ui/cli","Test":"TestCreationNVRAMCLIResultStages/ndjson/legacy-pending","Output":"=== RUN   TestCreationNVRAMCLIResultStages/ndjson/legacy-pending\n","OutputType":"frame"}
{"Time":"2026-09-08T10:19:05.165338138+03:00","Action":"output","Package":"virmill.local/core/internal/ui/tui","Test":"TestNetworkAllocationTUIFailedSelectionClearsPriorApproval/settings-unavailable","Output":"--- PASS: TestNetworkAllocationTUIFailedSelectionClearsPriorApproval/settings-unavailable (0.03s)\n","OutputType":"frame"}
{"Time":"2026-09-08T10:19:05.165369448+03:00","Action":"pass","Package":"virmill.local/core/internal/ui/tui","Test":"TestNetworkAllocationTUIFailedSelectionClearsPriorApproval/settings-unavailable","Elapsed":0.03}
{"Time":"2026-09-08T10:19:05.165375907+03:00","Action":"output","Package":"virmill.local/core/internal/ui/tui","Test":"TestNetworkAllocationTUIFailedSelectionClearsPriorApproval","Output":"--- PASS: TestNetworkAllocationTUIFailedSelectionClearsPriorApproval (0.06s)\n","OutputType":"frame"}
{"Time":"2026-09-08T10:19:05.16537821+03:00","Action":"pass","Package":"virmill.local/core/internal/ui/tui","Test":"TestNetworkAllocationTUIFailedSelectionClearsPriorApproval","Elapsed":0.06}
{"Time":"2026-09-08T10:19:05.165381098+03:00","Action":"run","Package":"virmill.local/core/internal/ui/tui","Test":"TestNetworkCreationAndRecoveryUseSharedPreview"}
{"Time":"2026-09-08T10:19:05.165382845+03:00","Action":"output","Package":"virmill.local/core/internal/ui/tui","Test":"TestNetworkCreationAndRecoveryUseSharedPreview","Output":"=== RUN   TestNetworkCreationAndRecoveryUseSharedPreview\n","OutputType":"frame"}
{"Time":"2026-09-08T10:19:05.166608619+03:00","Action":"output","Package":"virmill.local/core/internal/ui/tui","Test":"TestNetworkCreationAndRecoveryUseSharedPreview","Output":"--- PASS: TestNetworkCreationAndRecoveryUseSharedPreview (0.00s)\n","OutputType":"frame"}
{"Time":"2026-09-08T10:19:05.166621199+03:00","Action":"pass","Package":"virmill.local/core/internal/ui/tui","Test":"TestNetworkCreationAndRecoveryUseSharedPreview","Elapsed":0}
{"Time":"2026-09-08T10:19:05.166625289+03:00","Action":"run","Package":"virmill.local/core/internal/ui/tui","Test":"TestProtectedNetworkTUIReviewAndApprovalPreservePolicy"}
{"Time":"2026-09-08T10:19:05.16662712+03:00","Action":"output","Package":"virmill.local/core/internal/ui/tui","Test":"TestProtectedNetworkTUIReviewAndApprovalPreservePolicy","Output":"=== RUN   TestProtectedNetworkTUIReviewAndApprovalPreservePolicy\n","OutputType":"frame"}
{"Time":"2026-09-08T10:19:05.166663203+03:00","Action":"run","Package":"virmill.local/core/internal/ui/tui","Test":"TestProtectedNetworkTUIReviewAndApprovalPreservePolicy/protected-nat.yaml"}
{"Time":"2026-09-08T10:19:05.166666357+03:00","Action":"output","Package":"virmill.local/core/internal/ui/tui","Test":"TestProtectedNetworkTUIReviewAndApprovalPreservePolicy/protected-nat.yaml","Output":"=== RUN   TestProtectedNetworkTUIReviewAndApprovalPreservePolicy/protected-nat.yaml\n","OutputType":"frame"}
{"Time":"2026-09-08T10:19:05.178353447+03:00","Action":"output","Package":"virmill.local/core/internal/app","Test":"TestNetworkMissingDefinitionAndDriftKeepReservation/missing-definition","Output":"--- PASS: TestNetworkMissingDefinitionAndDriftKeepReservation/missing-definition (0.03s)\n","OutputType":"frame"}
{"Time":"2026-09-08T10:19:05.178375602+03:00","Action":"pass","Package":"virmill.local/core/internal/app","Test":"TestNetworkMissingDefinitionAndDriftKeepReservation/missing-definition","Elapsed":0.03}
{"Time":"2026-09-08T10:19:05.178411381+03:00","Action":"run","Package":"virmill.local/core/internal/app","Test":"TestNetworkMissingDefinitionAndDriftKeepReservation/lost-define"}
{"Time":"2026-09-08T10:19:05.178420083+03:00","Action":"output","Package":"virmill.local/core/internal/app","Test":"TestNetworkMissingDefinitionAndDriftKeepReservation/lost-define","Output":"=== RUN   TestNetworkMissingDefinitionAndDriftKeepReservation/lost-define\n","OutputType":"frame"}
{"Time":"2026-09-08T10:19:05.180590693+03:00","Action":"output","Package":"virmill.local/core/internal/ui/cli","Test":"TestCreationNVRAMCLIResultStages/ndjson/legacy-pending","Output":"--- PASS: TestCreationNVRAMCLIResultStages/ndjson/legacy-pending (0.03s)\n","OutputType":"frame"}
{"Time":"2026-09-08T10:19:05.180602181+03:00","Action":"pass","Package":"virmill.local/core/internal/ui/cli","Test":"TestCreationNVRAMCLIResultStages/ndjson/legacy-pending","Elapsed":0.03}
{"Time":"2026-09-08T10:19:05.180606001+03:00","Action":"run","Package":"virmill.local/core/internal/ui/cli","Test":"TestCreationNVRAMCLIResultStages/ndjson/missing-binding"}
{"Time":"2026-09-08T10:19:05.180608018+03:00","Action":"output","Package":"virmill.local/core/internal/ui/cli","Test":"TestCreationNVRAMCLIResultStages/ndjson/missing-binding","Output":"=== RUN   TestCreationNVRAMCLIResultStages/ndjson/missing-binding\n","OutputType":"frame"}
{"Time":"2026-09-08T10:19:05.189629595+03:00","Action":"output","Package":"virmill.local/core/internal/validation","Output":"ok  \tvirmill.local/core/internal/validation\t1.247s\n"}
{"Time":"2026-09-08T10:19:05.189663448+03:00","Action":"pass","Package":"virmill.local/core/internal/validation","Elapsed":1.2469999999999999}
{"Time":"2026-09-08T10:19:05.205236471+03:00","Action":"output","Package":"virmill.local/core/internal/ui/cli","Test":"TestCreationNVRAMCLIResultStages/ndjson/missing-binding","Output":"--- PASS: TestCreationNVRAMCLIResultStages/ndjson/missing-binding (0.02s)\n","OutputType":"frame"}
{"Time":"2026-09-08T10:19:05.205266908+03:00","Action":"pass","Package":"virmill.local/core/internal/ui/cli","Test":"TestCreationNVRAMCLIResultStages/ndjson/missing-binding","Elapsed":0.02}
{"Time":"2026-09-08T10:19:05.205274585+03:00","Action":"run","Package":"virmill.local/core/internal/ui/cli","Test":"TestCreationNVRAMCLIResultStages/ndjson/conflicting-binding"}
{"Time":"2026-09-08T10:19:05.205275896+03:00","Action":"output","Package":"virmill.local/core/internal/ui/cli","Test":"TestCreationNVRAMCLIResultStages/ndjson/conflicting-binding","Output":"=== RUN   TestCreationNVRAMCLIResultStages/ndjson/conflicting-binding\n","OutputType":"frame"}
{"Time":"2026-09-08T10:19:05.21318235+03:00","Action":"output","Package":"virmill.local/core/internal/app","Test":"TestNetworkMissingDefinitionAndDriftKeepReservation/lost-define","Output":"--- PASS: TestNetworkMissingDefinitionAndDriftKeepReservation/lost-define (0.03s)\n","OutputType":"frame"}
{"Time":"2026-09-08T10:19:05.213208852+03:00","Action":"pass","Package":"virmill.local/core/internal/app","Test":"TestNetworkMissingDefinitionAndDriftKeepReservation/lost-define","Elapsed":0.03}
{"Time":"2026-09-08T10:19:05.213239967+03:00","Action":"output","Package":"virmill.local/core/internal/app","Test":"TestNetworkMissingDefinitionAndDriftKeepReservation","Output":"--- PASS: TestNetworkMissingDefinitionAndDriftKeepReservation (0.07s)\n","OutputType":"frame"}
{"Time":"2026-09-08T10:19:05.213251441+03:00","Action":"pass","Package":"virmill.local/core/internal/app","Test":"TestNetworkMissingDefinitionAndDriftKeepReservation","Elapsed":0.07}
{"Time":"2026-09-08T10:19:05.213270272+03:00","Action":"run","Package":"virmill.local/core/internal/app","Test":"TestNetworkApplyRechecksNewVPNConflictAndAcknowledgements"}
{"Time":"2026-09-08T10:19:05.213272884+03:00","Action":"output","Package":"virmill.local/core/internal/app","Test":"TestNetworkApplyRechecksNewVPNConflictAndAcknowledgements","Output":"=== RUN   TestNetworkApplyRechecksNewVPNConflictAndAcknowledgements\n","OutputType":"frame"}
{"Time":"2026-09-08T10:19:05.226600388+03:00","Action":"output","Package":"virmill.local/core/internal/app","Test":"TestNetworkApplyRechecksNewVPNConflictAndAcknowledgements","Output":"--- PASS: TestNetworkApplyRechecksNewVPNConflictAndAcknowledgements (0.01s)\n","OutputType":"frame"}
{"Time":"2026-09-08T10:19:05.226626451+03:00","Action":"pass","Package":"virmill.local/core/internal/app","Test":"TestNetworkApplyRechecksNewVPNConflictAndAcknowledgements","Elapsed":0.01}
{"Time":"2026-09-08T10:19:05.226637085+03:00","Action":"run","Package":"virmill.local/core/internal/app","Test":"TestNetworkRestrictedIntentIsNotWeakened"}
{"Time":"2026-09-08T10:19:05.226638815+03:00","Action":"output","Package":"virmill.local/core/internal/app","Test":"TestNetworkRestrictedIntentIsNotWeakened","Output":"=== RUN   TestNetworkRestrictedIntentIsNotWeakened\n","OutputType":"frame"}
{"Time":"2026-09-08T10:19:05.226699291+03:00","Action":"run","Package":"virmill.local/core/internal/app","Test":"TestNetworkRestrictedIntentIsNotWeakened/deny"}
{"Time":"2026-09-08T10:19:05.226714175+03:00","Action":"output","Package":"virmill.local/core/internal/app","Test":"TestNetworkRestrictedIntentIsNotWeakened/deny","Output":"=== RUN   TestNetworkRestrictedIntentIsNotWeakened/deny\n","OutputType":"frame"}
{"Time":"2026-09-08T10:19:05.22968394+03:00","Action":"output","Package":"virmill.local/core/internal/app","Test":"TestNetworkRestrictedIntentIsNotWeakened/deny","Output":"--- PASS: TestNetworkRestrictedIntentIsNotWeakened/deny (0.00s)\n","OutputType":"frame"}
{"Time":"2026-09-08T10:19:05.229701378+03:00","Action":"pass","Package":"virmill.local/core/internal/app","Test":"TestNetworkRestrictedIntentIsNotWeakened/deny","Elapsed":0}
{"Time":"2026-09-08T10:19:05.229744219+03:00","Action":"output","Package":"virmill.local/core/internal/app","Test":"TestNetworkRestrictedIntentIsNotWeakened","Output":"--- PASS: TestNetworkRestrictedIntentIsNotWeakened (0.00s)\n","OutputType":"frame"}
{"Time":"2026-09-08T10:19:05.229754343+03:00","Action":"pass","Package":"virmill.local/core/internal/app","Test":"TestNetworkRestrictedIntentIsNotWeakened","Elapsed":0}
{"Time":"2026-09-08T10:19:05.229776013+03:00","Action":"run","Package":"virmill.local/core/internal/app","Test":"TestNetworkReservationCorruptionFailsClosed"}
{"Time":"2026-09-08T10:19:05.229779987+03:00","Action":"output","Package":"virmill.local/core/internal/app","Test":"TestNetworkReservationCorruptionFailsClosed","Output":"=== RUN   TestNetworkReservationCorruptionFailsClosed\n","OutputType":"frame"}
{"Time":"2026-09-08T10:19:05.231209985+03:00","Action":"output","Package":"virmill.local/core/internal/ui/cli","Test":"TestCreationNVRAMCLIResultStages/ndjson/conflicting-binding","Output":"--- PASS: TestCreationNVRAMCLIResultStages/ndjson/conflicting-binding (0.03s)\n","OutputType":"frame"}
{"Time":"2026-09-08T10:19:05.231223144+03:00","Action":"pass","Package":"virmill.local/core/internal/ui/cli","Test":"TestCreationNVRAMCLIResultStages/ndjson/conflicting-binding","Elapsed":0.03}
{"Time":"2026-09-08T10:19:05.231237093+03:00","Action":"run","Package":"virmill.local/core/internal/ui/cli","Test":"TestCreationNVRAMCLIResultStages/ndjson/failed-bound"}
{"Time":"2026-09-08T10:19:05.231239206+03:00","Action":"output","Package":"virmill.local/core/internal/ui/cli","Test":"TestCreationNVRAMCLIResultStages/ndjson/failed-bound","Output":"=== RUN   TestCreationNVRAMCLIResultStages/ndjson/failed-bound\n","OutputType":"frame"}
{"Time":"2026-09-08T10:19:05.231510475+03:00","Action":"output","Package":"virmill.local/core/internal/app","Test":"TestNetworkReservationCorruptionFailsClosed","Output":"--- PASS: TestNetworkReservationCorruptionFailsClosed (0.00s)\n","OutputType":"frame"}
{"Time":"2026-09-08T10:19:05.231528424+03:00","Action":"pass","Package":"virmill.local/core/internal/app","Test":"TestNetworkReservationCorruptionFailsClosed","Elapsed":0}
{"Time":"2026-09-08T10:19:05.231534403+03:00","Action":"run","Package":"virmill.local/core/internal/app","Test":"TestProtectedBoundaryAddresslessResultDoesNotClaimSubnetReservation"}
{"Time":"2026-09-08T10:19:05.231537446+03:00","Action":"output","Package":"virmill.local/core/internal/app","Test":"TestProtectedBoundaryAddresslessResultDoesNotClaimSubnetReservation","Output":"=== RUN   TestProtectedBoundaryAddresslessResultDoesNotClaimSubnetReservation\n","OutputType":"frame"}
{"Time":"2026-09-08T10:19:05.231577874+03:00","Action":"run","Package":"virmill.local/core/internal/app","Test":"TestProtectedBoundaryAddresslessResultDoesNotClaimSubnetReservation/addressless"}
{"Time":"2026-09-08T10:19:05.231581834+03:00","Action":"output","Package":"virmill.local/core/internal/app","Test":"TestProtectedBoundaryAddresslessResultDoesNotClaimSubnetReservation/addressless","Output":"=== RUN   TestProtectedBoundaryAddresslessResultDoesNotClaimSubnetReservation/addressless\n","OutputType":"frame"}
{"Time":"2026-09-08T10:19:05.239060822+03:00","Action":"output","Package":"virmill.local/core/internal/ui/tui","Test":"TestProtectedNetworkTUIReviewAndApprovalPreservePolicy/protected-nat.yaml","Output":"--- PASS: TestProtectedNetworkTUIReviewAndApprovalPreservePolicy/protected-nat.yaml (0.07s)\n","OutputType":"frame"}
{"Time":"2026-09-08T10:19:05.239080771+03:00","Action":"pass","Package":"virmill.local/core/internal/ui/tui","Test":"TestProtectedNetworkTUIReviewAndApprovalPreservePolicy/protected-nat.yaml","Elapsed":0.07}
{"Time":"2026-09-08T10:19:05.239108373+03:00","Action":"run","Package":"virmill.local/core/internal/ui/tui","Test":"TestProtectedNetworkTUIReviewAndApprovalPreservePolicy/protected-lab.yaml"}
{"Time":"2026-09-08T10:19:05.23911118+03:00","Action":"output","Package":"virmill.local/core/internal/ui/tui","Test":"TestProtectedNetworkTUIReviewAndApprovalPreservePolicy/protected-lab.yaml","Output":"=== RUN   TestProtectedNetworkTUIReviewAndApprovalPreservePolicy/protected-lab.yaml\n","OutputType":"frame"}
{"Time":"2026-09-08T10:19:05.264112247+03:00","Action":"output","Package":"virmill.local/core/internal/ui/cli","Test":"TestCreationNVRAMCLIResultStages/ndjson/failed-bound","Output":"--- PASS: TestCreationNVRAMCLIResultStages/ndjson/failed-bound (0.03s)\n","OutputType":"frame"}
{"Time":"2026-09-08T10:19:05.264134415+03:00","Action":"pass","Package":"virmill.local/core/internal/ui/cli","Test":"TestCreationNVRAMCLIResultStages/ndjson/failed-bound","Elapsed":0.03}
{"Time":"2026-09-08T10:19:05.26413911+03:00","Action":"output","Package":"virmill.local/core/internal/ui/cli","Test":"TestCreationNVRAMCLIResultStages","Output":"--- PASS: TestCreationNVRAMCLIResultStages (0.83s)\n","OutputType":"frame"}
{"Time":"2026-09-08T10:19:05.264141536+03:00","Action":"pass","Package":"virmill.local/core/internal/ui/cli","Test":"TestCreationNVRAMCLIResultStages","Elapsed":0.83}
{"Time":"2026-09-08T10:19:05.264154418+03:00","Action":"run","Package":"virmill.local/core/internal/ui/cli","Test":"TestCreationNVRAMCLIFailedObservationDiscardsPriorSuccess"}
{"Time":"2026-09-08T10:19:05.26415585+03:00","Action":"output","Package":"virmill.local/core/internal/ui/cli","Test":"TestCreationNVRAMCLIFailedObservationDiscardsPriorSuccess","Output":"=== RUN   TestCreationNVRAMCLIFailedObservationDiscardsPriorSuccess\n","OutputType":"frame"}
{"Time":"2026-09-08T10:19:05.264184651+03:00","Action":"run","Package":"virmill.local/core/internal/ui/cli","Test":"TestCreationNVRAMCLIFailedObservationDiscardsPriorSuccess/cancellation"}
{"Time":"2026-09-08T10:19:05.264186228+03:00","Action":"output","Package":"virmill.local/core/internal/ui/cli","Test":"TestCreationNVRAMCLIFailedObservationDiscardsPriorSuccess/cancellation","Output":"=== RUN   TestCreationNVRAMCLIFailedObservationDiscardsPriorSuccess/cancellation\n","OutputType":"frame"}
{"Time":"2026-09-08T10:19:05.274759919+03:00","Action":"output","Package":"virmill.local/core/internal/app/network","Output":"ok  \tvirmill.local/core/internal/app/network\t1.468s\n"}
{"Time":"2026-09-08T10:19:05.274784472+03:00","Action":"pass","Package":"virmill.local/core/internal/app/network","Elapsed":1.468}
{"Time":"2026-09-08T10:19:05.294404913+03:00","Action":"output","Package":"virmill.local/core/internal/ui/cli","Test":"TestCreationNVRAMCLIFailedObservationDiscardsPriorSuccess/cancellation","Output":"--- PASS: TestCreationNVRAMCLIFailedObservationDiscardsPriorSuccess/cancellation (0.03s)\n","OutputType":"frame"}
{"Time":"2026-09-08T10:19:05.294438965+03:00","Action":"pass","Package":"virmill.local/core/internal/ui/cli","Test":"TestCreationNVRAMCLIFailedObservationDiscardsPriorSuccess/cancellation","Elapsed":0.03}
{"Time":"2026-09-08T10:19:05.294447403+03:00","Action":"run","Package":"virmill.local/core/internal/ui/cli","Test":"TestCreationNVRAMCLIFailedObservationDiscardsPriorSuccess/transport"}
{"Time":"2026-09-08T10:19:05.294450722+03:00","Action":"output","Package":"virmill.local/core/internal/ui/cli","Test":"TestCreationNVRAMCLIFailedObservationDiscardsPriorSuccess/transport","Output":"=== RUN   TestCreationNVRAMCLIFailedObservationDiscardsPriorSuccess/transport\n","OutputType":"frame"}
{"Time":"2026-09-08T10:19:05.30546055+03:00","Action":"output","Package":"virmill.local/core/internal/ui/tui","Test":"TestProtectedNetworkTUIReviewAndApprovalPreservePolicy/protected-lab.yaml","Output":"--- PASS: TestProtectedNetworkTUIReviewAndApprovalPreservePolicy/protected-lab.yaml (0.07s)\n","OutputType":"frame"}
{"Time":"2026-09-08T10:19:05.305488361+03:00","Action":"pass","Package":"virmill.local/core/internal/ui/tui","Test":"TestProtectedNetworkTUIReviewAndApprovalPreservePolicy/protected-lab.yaml","Elapsed":0.07}
{"Time":"2026-09-08T10:19:05.30549558+03:00","Action":"run","Package":"virmill.local/core/internal/ui/tui","Test":"TestProtectedNetworkTUIReviewAndApprovalPreservePolicy/protected-static-lab.yaml"}
{"Time":"2026-09-08T10:19:05.30549693+03:00","Action":"output","Package":"virmill.local/core/internal/ui/tui","Test":"TestProtectedNetworkTUIReviewAndApprovalPreservePolicy/protected-static-lab.yaml","Output":"=== RUN   TestProtectedNetworkTUIReviewAndApprovalPreservePolicy/protected-static-lab.yaml\n","OutputType":"frame"}
{"Time":"2026-09-08T10:19:05.316634063+03:00","Action":"output","Package":"virmill.local/core/internal/app","Test":"TestProtectedBoundaryAddresslessResultDoesNotClaimSubnetReservation/addressless","Output":"--- PASS: TestProtectedBoundaryAddresslessResultDoesNotClaimSubnetReservation/addressless (0.09s)\n","OutputType":"frame"}
{"Time":"2026-09-08T10:19:05.316645697+03:00","Action":"pass","Package":"virmill.local/core/internal/app","Test":"TestProtectedBoundaryAddresslessResultDoesNotClaimSubnetReservation/addressless","Elapsed":0.09}
{"Time":"2026-09-08T10:19:05.316661885+03:00","Action":"run","Package":"virmill.local/core/internal/app","Test":"TestProtectedBoundaryAddresslessResultDoesNotClaimSubnetReservation/logical-subnet"}
{"Time":"2026-09-08T10:19:05.316665627+03:00","Action":"output","Package":"virmill.local/core/internal/app","Test":"TestProtectedBoundaryAddresslessResultDoesNotClaimSubnetReservation/logical-subnet","Output":"=== RUN   TestProtectedBoundaryAddresslessResultDoesNotClaimSubnetReservation/logical-subnet\n","OutputType":"frame"}
{"Time":"2026-09-08T10:19:05.323889844+03:00","Action":"output","Package":"virmill.local/core/internal/ui/cli","Test":"TestCreationNVRAMCLIFailedObservationDiscardsPriorSuccess/transport","Output":"--- PASS: TestCreationNVRAMCLIFailedObservationDiscardsPriorSuccess/transport (0.03s)\n","OutputType":"frame"}
{"Time":"2026-09-08T10:19:05.32390381+03:00","Action":"pass","Package":"virmill.local/core/internal/ui/cli","Test":"TestCreationNVRAMCLIFailedObservationDiscardsPriorSuccess/transport","Elapsed":0.03}
{"Time":"2026-09-08T10:19:05.323915367+03:00","Action":"run","Package":"virmill.local/core/internal/ui/cli","Test":"TestCreationNVRAMCLIFailedObservationDiscardsPriorSuccess/missing-job"}
{"Time":"2026-09-08T10:19:05.323917399+03:00","Action":"output","Package":"virmill.local/core/internal/ui/cli","Test":"TestCreationNVRAMCLIFailedObservationDiscardsPriorSuccess/missing-job","Output":"=== RUN   TestCreationNVRAMCLIFailedObservationDiscardsPriorSuccess/missing-job\n","OutputType":"frame"}
{"Time":"2026-09-08T10:19:05.349372458+03:00","Action":"output","Package":"virmill.local/core/internal/ui/cli","Test":"TestCreationNVRAMCLIFailedObservationDiscardsPriorSuccess/missing-job","Output":"--- PASS: TestCreationNVRAMCLIFailedObservationDiscardsPriorSuccess/missing-job (0.03s)\n","OutputType":"frame"}
{"Time":"2026-09-08T10:19:05.349401888+03:00","Action":"pass","Package":"virmill.local/core/internal/ui/cli","Test":"TestCreationNVRAMCLIFailedObservationDiscardsPriorSuccess/missing-job","Elapsed":0.03}
{"Time":"2026-09-08T10:19:05.349410829+03:00","Action":"output","Package":"virmill.local/core/internal/ui/cli","Test":"TestCreationNVRAMCLIFailedObservationDiscardsPriorSuccess","Output":"--- PASS: TestCreationNVRAMCLIFailedObservationDiscardsPriorSuccess (0.09s)\n","OutputType":"frame"}
{"Time":"2026-09-08T10:19:05.349413628+03:00","Action":"pass","Package":"virmill.local/core/internal/ui/cli","Test":"TestCreationNVRAMCLIFailedObservationDiscardsPriorSuccess","Elapsed":0.09}
{"Time":"2026-09-08T10:19:05.349415326+03:00","Action":"run","Package":"virmill.local/core/internal/ui/cli","Test":"TestCreationNVRAMCLINewUEFIRequiresInspectionCapability"}
{"Time":"2026-09-08T10:19:05.34942132+03:00","Action":"output","Package":"virmill.local/core/internal/ui/cli","Test":"TestCreationNVRAMCLINewUEFIRequiresInspectionCapability","Output":"=== RUN   TestCreationNVRAMCLINewUEFIRequiresInspectionCapability\n","OutputType":"frame"}
{"Time":"2026-09-08T10:19:05.353507755+03:00","Action":"output","Package":"virmill.local/core/internal/ui/cli","Test":"TestCreationNVRAMCLINewUEFIRequiresInspectionCapability","Output":"--- PASS: TestCreationNVRAMCLINewUEFIRequiresInspectionCapability (0.00s)\n","OutputType":"frame"}
{"Time":"2026-09-08T10:19:05.353600482+03:00","Action":"pass","Package":"virmill.local/core/internal/ui/cli","Test":"TestCreationNVRAMCLINewUEFIRequiresInspectionCapability","Elapsed":0}
{"Time":"2026-09-08T10:19:05.353614869+03:00","Action":"run","Package":"virmill.local/core/internal/ui/cli","Test":"TestNDJSONFollowDrainsTerminalEventAndPreservesResumeCursor"}
{"Time":"2026-09-08T10:19:05.35361855+03:00","Action":"output","Package":"virmill.local/core/internal/ui/cli","Test":"TestNDJSONFollowDrainsTerminalEventAndPreservesResumeCursor","Output":"=== RUN   TestNDJSONFollowDrainsTerminalEventAndPreservesResumeCursor\n","OutputType":"frame"}
{"Time":"2026-09-08T10:19:05.355696403+03:00","Action":"output","Package":"virmill.local/core/internal/ui/cli","Test":"TestNDJSONFollowDrainsTerminalEventAndPreservesResumeCursor","Output":"--- PASS: TestNDJSONFollowDrainsTerminalEventAndPreservesResumeCursor (0.00s)\n","OutputType":"frame"}
{"Time":"2026-09-08T10:19:05.355712399+03:00","Action":"pass","Package":"virmill.local/core/internal/ui/cli","Test":"TestNDJSONFollowDrainsTerminalEventAndPreservesResumeCursor","Elapsed":0}
{"Time":"2026-09-08T10:19:05.355733177+03:00","Action":"run","Package":"virmill.local/core/internal/ui/cli","Test":"TestNDJSONFollowDrainsFullBoundedBatches"}
{"Time":"2026-09-08T10:19:05.355735258+03:00","Action":"output","Package":"virmill.local/core/internal/ui/cli","Test":"TestNDJSONFollowDrainsFullBoundedBatches","Output":"=== RUN   TestNDJSONFollowDrainsFullBoundedBatches\n","OutputType":"frame"}
{"Time":"2026-09-08T10:19:05.376950906+03:00","Action":"output","Package":"virmill.local/core/internal/ui/tui","Test":"TestProtectedNetworkTUIReviewAndApprovalPreservePolicy/protected-static-lab.yaml","Output":"--- PASS: TestProtectedNetworkTUIReviewAndApprovalPreservePolicy/protected-static-lab.yaml (0.07s)\n","OutputType":"frame"}
{"Time":"2026-09-08T10:19:05.376980486+03:00","Action":"pass","Package":"virmill.local/core/internal/ui/tui","Test":"TestProtectedNetworkTUIReviewAndApprovalPreservePolicy/protected-static-lab.yaml","Elapsed":0.07}
{"Time":"2026-09-08T10:19:05.376987641+03:00","Action":"run","Package":"virmill.local/core/internal/ui/tui","Test":"TestProtectedNetworkTUIReviewAndApprovalPreservePolicy/guest-only.yaml"}
{"Time":"2026-09-08T10:19:05.376989361+03:00","Action":"output","Package":"virmill.local/core/internal/ui/tui","Test":"TestProtectedNetworkTUIReviewAndApprovalPreservePolicy/guest-only.yaml","Output":"=== RUN   TestProtectedNetworkTUIReviewAndApprovalPreservePolicy/guest-only.yaml\n","OutputType":"frame"}
{"Time":"2026-09-08T10:19:05.40278717+03:00","Action":"output","Package":"virmill.local/core/internal/app","Test":"TestProtectedBoundaryAddresslessResultDoesNotClaimSubnetReservation/logical-subnet","Output":"--- PASS: TestProtectedBoundaryAddresslessResultDoesNotClaimSubnetReservation/logical-subnet (0.09s)\n","OutputType":"frame"}
{"Time":"2026-09-08T10:19:05.402823931+03:00","Action":"pass","Package":"virmill.local/core/internal/app","Test":"TestProtectedBoundaryAddresslessResultDoesNotClaimSubnetReservation/logical-subnet","Elapsed":0.09}
{"Time":"2026-09-08T10:19:05.402832995+03:00","Action":"output","Package":"virmill.local/core/internal/app","Test":"TestProtectedBoundaryAddresslessResultDoesNotClaimSubnetReservation","Output":"--- PASS: TestProtectedBoundaryAddresslessResultDoesNotClaimSubnetReservation (0.17s)\n","OutputType":"frame"}
{"Time":"2026-09-08T10:19:05.402836694+03:00","Action":"pass","Package":"virmill.local/core/internal/app","Test":"TestProtectedBoundaryAddresslessResultDoesNotClaimSubnetReservation","Elapsed":0.17}
{"Time":"2026-09-08T10:19:05.402839755+03:00","Action":"run","Package":"virmill.local/core/internal/app","Test":"TestProtectedBoundaryCanceledResultContainsNoSuccessPayload"}
{"Time":"2026-09-08T10:19:05.402842043+03:00","Action":"output","Package":"virmill.local/core/internal/app","Test":"TestProtectedBoundaryCanceledResultContainsNoSuccessPayload","Output":"=== RUN   TestProtectedBoundaryCanceledResultContainsNoSuccessPayload\n","OutputType":"frame"}
{"Time":"2026-09-08T10:19:05.458569929+03:00","Action":"output","Package":"virmill.local/core/internal/ui/tui","Test":"TestProtectedNetworkTUIReviewAndApprovalPreservePolicy/guest-only.yaml","Output":"--- PASS: TestProtectedNetworkTUIReviewAndApprovalPreservePolicy/guest-only.yaml (0.08s)\n","OutputType":"frame"}
{"Time":"2026-09-08T10:19:05.458600667+03:00","Action":"pass","Package":"virmill.local/core/internal/ui/tui","Test":"TestProtectedNetworkTUIReviewAndApprovalPreservePolicy/guest-only.yaml","Elapsed":0.08}
{"Time":"2026-09-08T10:19:05.458608405+03:00","Action":"run","Package":"virmill.local/core/internal/ui/tui","Test":"TestProtectedNetworkTUIReviewAndApprovalPreservePolicy/protected-guest-only-no-cidr.yaml"}
{"Time":"2026-09-08T10:19:05.458609801+03:00","Action":"output","Package":"virmill.local/core/internal/ui/tui","Test":"TestProtectedNetworkTUIReviewAndApprovalPreservePolicy/protected-guest-only-no-cidr.yaml","Output":"=== RUN   TestProtectedNetworkTUIReviewAndApprovalPreservePolicy/protected-guest-only-no-cidr.yaml\n","OutputType":"frame"}
{"Time":"2026-09-08T10:19:05.47604393+03:00","Action":"output","Package":"virmill.local/core/internal/ui/cli","Test":"TestNDJSONFollowDrainsFullBoundedBatches","Output":"--- PASS: TestNDJSONFollowDrainsFullBoundedBatches (0.12s)\n","OutputType":"frame"}
{"Time":"2026-09-08T10:19:05.476074086+03:00","Action":"pass","Package":"virmill.local/core/internal/ui/cli","Test":"TestNDJSONFollowDrainsFullBoundedBatches","Elapsed":0.12}
{"Time":"2026-09-08T10:19:05.476078987+03:00","Action":"run","Package":"virmill.local/core/internal/ui/cli","Test":"TestNDJSONFollowRefusesEntireAmbiguousBatch"}
{"Time":"2026-09-08T10:19:05.476080202+03:00","Action":"output","Package":"virmill.local/core/internal/ui/cli","Test":"TestNDJSONFollowRefusesEntireAmbiguousBatch","Output":"=== RUN   TestNDJSONFollowRefusesEntireAmbiguousBatch\n","OutputType":"frame"}
{"Time":"2026-09-08T10:19:05.488441802+03:00","Action":"output","Package":"virmill.local/core/internal/app","Test":"TestProtectedBoundaryCanceledResultContainsNoSuccessPayload","Output":"--- PASS: TestProtectedBoundaryCanceledResultContainsNoSuccessPayload (0.09s)\n","OutputType":"frame"}
{"Time":"2026-09-08T10:19:05.488467064+03:00","Action":"pass","Package":"virmill.local/core/internal/app","Test":"TestProtectedBoundaryCanceledResultContainsNoSuccessPayload","Elapsed":0.09}
{"Time":"2026-09-08T10:19:05.488471915+03:00","Action":"run","Package":"virmill.local/core/internal/app","Test":"TestProtectedBoundaryAddresslessPlanCannotHideCorruptReservation"}
{"Time":"2026-09-08T10:19:05.488473334+03:00","Action":"output","Package":"virmill.local/core/internal/app","Test":"TestProtectedBoundaryAddresslessPlanCannotHideCorruptReservation","Output":"=== RUN   TestProtectedBoundaryAddresslessPlanCannotHideCorruptReservation\n","OutputType":"frame"}
{"Time":"2026-09-08T10:19:05.491964961+03:00","Action":"run","Package":"virmill.local/core/internal/ui/cli","Test":"TestNDJSONFollowRefusesEntireAmbiguousBatch/missing-time"}
{"Time":"2026-09-08T10:19:05.491973616+03:00","Action":"output","Package":"virmill.local/core/internal/ui/cli","Test":"TestNDJSONFollowRefusesEntireAmbiguousBatch/missing-time","Output":"=== RUN   TestNDJSONFollowRefusesEntireAmbiguousBatch/missing-time\n","OutputType":"frame"}
{"Time":"2026-09-08T10:19:05.493327094+03:00","Action":"output","Package":"virmill.local/core/internal/ui/cli","Test":"TestNDJSONFollowRefusesEntireAmbiguousBatch/missing-time","Output":"--- PASS: TestNDJSONFollowRefusesEntireAmbiguousBatch/missing-time (0.00s)\n","OutputType":"frame"}
{"Time":"2026-09-08T10:19:05.493344957+03:00","Action":"pass","Package":"virmill.local/core/internal/ui/cli","Test":"TestNDJSONFollowRefusesEntireAmbiguousBatch/missing-time","Elapsed":0}
{"Time":"2026-09-08T10:19:05.4933558+03:00","Action":"run","Package":"virmill.local/core/internal/ui/cli","Test":"TestNDJSONFollowRefusesEntireAmbiguousBatch/over-limit"}
{"Time":"2026-09-08T10:19:05.49335852+03:00","Action":"output","Package":"virmill.local/core/internal/ui/cli","Test":"TestNDJSONFollowRefusesEntireAmbiguousBatch/over-limit","Output":"=== RUN   TestNDJSONFollowRefusesEntireAmbiguousBatch/over-limit\n","OutputType":"frame"}
{"Time":"2026-09-08T10:19:05.519752908+03:00","Action":"output","Package":"virmill.local/core/internal/app","Test":"TestProtectedBoundaryAddresslessPlanCannotHideCorruptReservation","Output":"--- PASS: TestProtectedBoundaryAddresslessPlanCannotHideCorruptReservation (0.03s)\n","OutputType":"frame"}
{"Time":"2026-09-08T10:19:05.519778602+03:00","Action":"pass","Package":"virmill.local/core/internal/app","Test":"TestProtectedBoundaryAddresslessPlanCannotHideCorruptReservation","Elapsed":0.03}
{"Time":"2026-09-08T10:19:05.519785564+03:00","Action":"run","Package":"virmill.local/core/internal/app","Test":"TestProtectedBoundaryMixedVersionRecordsRemainDistinctAfterReopen"}
{"Time":"2026-09-08T10:19:05.519787155+03:00","Action":"output","Package":"virmill.local/core/internal/app","Test":"TestProtectedBoundaryMixedVersionRecordsRemainDistinctAfterReopen","Output":"=== RUN   TestProtectedBoundaryMixedVersionRecordsRemainDistinctAfterReopen\n","OutputType":"frame"}
{"Time":"2026-09-08T10:19:05.533140706+03:00","Action":"output","Package":"virmill.local/core/internal/ui/tui","Test":"TestProtectedNetworkTUIReviewAndApprovalPreservePolicy/protected-guest-only-no-cidr.yaml","Output":"--- PASS: TestProtectedNetworkTUIReviewAndApprovalPreservePolicy/protected-guest-only-no-cidr.yaml (0.07s)\n","OutputType":"frame"}
{"Time":"2026-09-08T10:19:05.533167122+03:00","Action":"pass","Package":"virmill.local/core/internal/ui/tui","Test":"TestProtectedNetworkTUIReviewAndApprovalPreservePolicy/protected-guest-only-no-cidr.yaml","Elapsed":0.07}
{"Time":"2026-09-08T10:19:05.53317253+03:00","Action":"run","Package":"virmill.local/core/internal/ui/tui","Test":"TestProtectedNetworkTUIReviewAndApprovalPreservePolicy/allowed-host-nat.yaml"}
{"Time":"2026-09-08T10:19:05.533174217+03:00","Action":"output","Package":"virmill.local/core/internal/ui/tui","Test":"TestProtectedNetworkTUIReviewAndApprovalPreservePolicy/allowed-host-nat.yaml","Output":"=== RUN   TestProtectedNetworkTUIReviewAndApprovalPreservePolicy/allowed-host-nat.yaml\n","OutputType":"frame"}
{"Time":"2026-09-08T10:19:05.556850645+03:00","Action":"output","Package":"virmill.local/core/internal/ui/cli","Test":"TestNDJSONFollowRefusesEntireAmbiguousBatch/over-limit","Output":"--- PASS: TestNDJSONFollowRefusesEntireAmbiguousBatch/over-limit (0.06s)\n","OutputType":"frame"}
{"Time":"2026-09-08T10:19:05.556877985+03:00","Action":"pass","Package":"virmill.local/core/internal/ui/cli","Test":"TestNDJSONFollowRefusesEntireAmbiguousBatch/over-limit","Elapsed":0.06}
{"Time":"2026-09-08T10:19:05.556885008+03:00","Action":"run","Package":"virmill.local/core/internal/ui/cli","Test":"TestNDJSONFollowRefusesEntireAmbiguousBatch/object"}
{"Time":"2026-09-08T10:19:05.556886482+03:00","Action":"output","Package":"virmill.local/core/internal/ui/cli","Test":"TestNDJSONFollowRefusesEntireAmbiguousBatch/object","Output":"=== RUN   TestNDJSONFollowRefusesEntireAmbiguousBatch/object\n","OutputType":"frame"}
{"Time":"2026-09-08T10:19:05.55872794+03:00","Action":"output","Package":"virmill.local/core/internal/ui/cli","Test":"TestNDJSONFollowRefusesEntireAmbiguousBatch/object","Output":"--- PASS: TestNDJSONFollowRefusesEntireAmbiguousBatch/object (0.00s)\n","OutputType":"frame"}
{"Time":"2026-09-08T10:19:05.558746525+03:00","Action":"pass","Package":"virmill.local/core/internal/ui/cli","Test":"TestNDJSONFollowRefusesEntireAmbiguousBatch/object","Elapsed":0}
{"Time":"2026-09-08T10:19:05.558764391+03:00","Action":"run","Package":"virmill.local/core/internal/ui/cli","Test":"TestNDJSONFollowRefusesEntireAmbiguousBatch/unknown-field"}
{"Time":"2026-09-08T10:19:05.558765887+03:00","Action":"output","Package":"virmill.local/core/internal/ui/cli","Test":"TestNDJSONFollowRefusesEntireAmbiguousBatch/unknown-field","Output":"=== RUN   TestNDJSONFollowRefusesEntireAmbiguousBatch/unknown-field\n","OutputType":"frame"}
{"Time":"2026-09-08T10:19:05.560077483+03:00","Action":"output","Package":"virmill.local/core/internal/ui/cli","Test":"TestNDJSONFollowRefusesEntireAmbiguousBatch/unknown-field","Output":"--- PASS: TestNDJSONFollowRefusesEntireAmbiguousBatch/unknown-field (0.00s)\n","OutputType":"frame"}
{"Time":"2026-09-08T10:19:05.560091077+03:00","Action":"pass","Package":"virmill.local/core/internal/ui/cli","Test":"TestNDJSONFollowRefusesEntireAmbiguousBatch/unknown-field","Elapsed":0}
{"Time":"2026-09-08T10:19:05.560110666+03:00","Action":"run","Package":"virmill.local/core/internal/ui/cli","Test":"TestNDJSONFollowRefusesEntireAmbiguousBatch/encoded-byte-limit"}
{"Time":"2026-09-08T10:19:05.560112261+03:00","Action":"output","Package":"virmill.local/core/internal/ui/cli","Test":"TestNDJSONFollowRefusesEntireAmbiguousBatch/encoded-byte-limit","Output":"=== RUN   TestNDJSONFollowRefusesEntireAmbiguousBatch/encoded-byte-limit\n","OutputType":"frame"}
{"Time":"2026-09-08T10:19:05.601868285+03:00","Action":"output","Package":"virmill.local/core/internal/ui/tui","Test":"TestProtectedNetworkTUIReviewAndApprovalPreservePolicy/allowed-host-nat.yaml","Output":"--- PASS: TestProtectedNetworkTUIReviewAndApprovalPreservePolicy/allowed-host-nat.yaml (0.07s)\n","OutputType":"frame"}
{"Time":"2026-09-08T10:19:05.601908299+03:00","Action":"pass","Package":"virmill.local/core/internal/ui/tui","Test":"TestProtectedNetworkTUIReviewAndApprovalPreservePolicy/allowed-host-nat.yaml","Elapsed":0.07}
{"Time":"2026-09-08T10:19:05.60191626+03:00","Action":"run","Package":"virmill.local/core/internal/ui/tui","Test":"TestProtectedNetworkTUIReviewAndApprovalPreservePolicy/allowed-host-lab.yaml"}
{"Time":"2026-09-08T10:19:05.601918089+03:00","Action":"output","Package":"virmill.local/core/internal/ui/tui","Test":"TestProtectedNetworkTUIReviewAndApprovalPreservePolicy/allowed-host-lab.yaml","Output":"=== RUN   TestProtectedNetworkTUIReviewAndApprovalPreservePolicy/allowed-host-lab.yaml\n","OutputType":"frame"}
{"Time":"2026-09-08T10:19:05.670909524+03:00","Action":"output","Package":"virmill.local/core/internal/ui/tui","Test":"TestProtectedNetworkTUIReviewAndApprovalPreservePolicy/allowed-host-lab.yaml","Output":"--- PASS: TestProtectedNetworkTUIReviewAndApprovalPreservePolicy/allowed-host-lab.yaml (0.07s)\n","OutputType":"frame"}
{"Time":"2026-09-08T10:19:05.670939003+03:00","Action":"pass","Package":"virmill.local/core/internal/ui/tui","Test":"TestProtectedNetworkTUIReviewAndApprovalPreservePolicy/allowed-host-lab.yaml","Elapsed":0.07}
{"Time":"2026-09-08T10:19:05.670944226+03:00","Action":"output","Package":"virmill.local/core/internal/ui/tui","Test":"TestProtectedNetworkTUIReviewAndApprovalPreservePolicy","Output":"--- PASS: TestProtectedNetworkTUIReviewAndApprovalPreservePolicy (0.50s)\n","OutputType":"frame"}
{"Time":"2026-09-08T10:19:05.670945979+03:00","Action":"pass","Package":"virmill.local/core/internal/ui/tui","Test":"TestProtectedNetworkTUIReviewAndApprovalPreservePolicy","Elapsed":0.5}
{"Time":"2026-09-08T10:19:05.670953513+03:00","Action":"run","Package":"virmill.local/core/internal/ui/tui","Test":"TestProtectedNetworkTUIFailedPreviewClearsPriorApproval"}
{"Time":"2026-09-08T10:19:05.670955+03:00","Action":"output","Package":"virmill.local/core/internal/ui/tui","Test":"TestProtectedNetworkTUIFailedPreviewClearsPriorApproval","Output":"=== RUN   TestProtectedNetworkTUIFailedPreviewClearsPriorApproval\n","OutputType":"frame"}
{"Time":"2026-09-08T10:19:05.670988647+03:00","Action":"run","Package":"virmill.local/core/internal/ui/tui","Test":"TestProtectedNetworkTUIFailedPreviewClearsPriorApproval/canceled"}
{"Time":"2026-09-08T10:19:05.670990592+03:00","Action":"output","Package":"virmill.local/core/internal/ui/tui","Test":"TestProtectedNetworkTUIFailedPreviewClearsPriorApproval/canceled","Output":"=== RUN   TestProtectedNetworkTUIFailedPreviewClearsPriorApproval/canceled\n","OutputType":"frame"}
{"Time":"2026-09-08T10:19:05.688425054+03:00","Action":"output","Package":"virmill.local/core/internal/ui/tui","Test":"TestProtectedNetworkTUIFailedPreviewClearsPriorApproval/canceled","Output":"--- PASS: TestProtectedNetworkTUIFailedPreviewClearsPriorApproval/canceled (0.02s)\n","OutputType":"frame"}
{"Time":"2026-09-08T10:19:05.688458558+03:00","Action":"pass","Package":"virmill.local/core/internal/ui/tui","Test":"TestProtectedNetworkTUIFailedPreviewClearsPriorApproval/canceled","Elapsed":0.02}
{"Time":"2026-09-08T10:19:05.688463534+03:00","Action":"run","Package":"virmill.local/core/internal/ui/tui","Test":"TestProtectedNetworkTUIFailedPreviewClearsPriorApproval/session"}
{"Time":"2026-09-08T10:19:05.68846503+03:00","Action":"output","Package":"virmill.local/core/internal/ui/tui","Test":"TestProtectedNetworkTUIFailedPreviewClearsPriorApproval/session","Output":"=== RUN   TestProtectedNetworkTUIFailedPreviewClearsPriorApproval/session\n","OutputType":"frame"}
{"Time":"2026-09-08T10:19:05.699567638+03:00","Action":"output","Package":"virmill.local/core/internal/ui/tui","Test":"TestProtectedNetworkTUIFailedPreviewClearsPriorApproval/session","Output":"--- PASS: TestProtectedNetworkTUIFailedPreviewClearsPriorApproval/session (0.01s)\n","OutputType":"frame"}
{"Time":"2026-09-08T10:19:05.699578145+03:00","Action":"pass","Package":"virmill.local/core/internal/ui/tui","Test":"TestProtectedNetworkTUIFailedPreviewClearsPriorApproval/session","Elapsed":0.01}
{"Time":"2026-09-08T10:19:05.699583826+03:00","Action":"run","Package":"virmill.local/core/internal/ui/tui","Test":"TestProtectedNetworkTUIFailedPreviewClearsPriorApproval/missing-path"}
{"Time":"2026-09-08T10:19:05.69958532+03:00","Action":"output","Package":"virmill.local/core/internal/ui/tui","Test":"TestProtectedNetworkTUIFailedPreviewClearsPriorApproval/missing-path","Output":"=== RUN   TestProtectedNetworkTUIFailedPreviewClearsPriorApproval/missing-path\n","OutputType":"frame"}
{"Time":"2026-09-08T10:19:05.712631996+03:00","Action":"output","Package":"virmill.local/core/internal/ui/tui","Test":"TestProtectedNetworkTUIFailedPreviewClearsPriorApproval/missing-path","Output":"--- PASS: TestProtectedNetworkTUIFailedPreviewClearsPriorApproval/missing-path (0.01s)\n","OutputType":"frame"}
{"Time":"2026-09-08T10:19:05.712655701+03:00","Action":"pass","Package":"virmill.local/core/internal/ui/tui","Test":"TestProtectedNetworkTUIFailedPreviewClearsPriorApproval/missing-path","Elapsed":0.01}
{"Time":"2026-09-08T10:19:05.71267668+03:00","Action":"output","Package":"virmill.local/core/internal/ui/tui","Test":"TestProtectedNetworkTUIFailedPreviewClearsPriorApproval","Output":"--- PASS: TestProtectedNetworkTUIFailedPreviewClearsPriorApproval (0.04s)\n","OutputType":"frame"}
{"Time":"2026-09-08T10:19:05.712689143+03:00","Action":"pass","Package":"virmill.local/core/internal/ui/tui","Test":"TestProtectedNetworkTUIFailedPreviewClearsPriorApproval","Elapsed":0.04}
{"Time":"2026-09-08T10:19:05.712711642+03:00","Action":"run","Package":"virmill.local/core/internal/ui/tui","Test":"TestBackupPolicyFormsUseSharedReadOnlyMethods"}
{"Time":"2026-09-08T10:19:05.712714016+03:00","Action":"output","Package":"virmill.local/core/internal/ui/tui","Test":"TestBackupPolicyFormsUseSharedReadOnlyMethods","Output":"=== RUN   TestBackupPolicyFormsUseSharedReadOnlyMethods\n","OutputType":"frame"}
{"Time":"2026-09-08T10:19:05.71333875+03:00","Action":"output","Package":"virmill.local/core/internal/ui/tui","Test":"TestBackupPolicyFormsUseSharedReadOnlyMethods","Output":"--- PASS: TestBackupPolicyFormsUseSharedReadOnlyMethods (0.00s)\n","OutputType":"frame"}
{"Time":"2026-09-08T10:19:05.713355532+03:00","Action":"pass","Package":"virmill.local/core/internal/ui/tui","Test":"TestBackupPolicyFormsUseSharedReadOnlyMethods","Elapsed":0}
{"Time":"2026-09-08T10:19:05.713363448+03:00","Action":"run","Package":"virmill.local/core/internal/ui/tui","Test":"TestProviderConformanceUsesSharedPluginTest"}
{"Time":"2026-09-08T10:19:05.713365125+03:00","Action":"output","Package":"virmill.local/core/internal/ui/tui","Test":"TestProviderConformanceUsesSharedPluginTest","Output":"=== RUN   TestProviderConformanceUsesSharedPluginTest\n","OutputType":"frame"}
{"Time":"2026-09-08T10:19:05.713933933+03:00","Action":"output","Package":"virmill.local/core/internal/ui/tui","Test":"TestProviderConformanceUsesSharedPluginTest","Output":"--- PASS: TestProviderConformanceUsesSharedPluginTest (0.00s)\n","OutputType":"frame"}
{"Time":"2026-09-08T10:19:05.713939127+03:00","Action":"pass","Package":"virmill.local/core/internal/ui/tui","Test":"TestProviderConformanceUsesSharedPluginTest","Elapsed":0}
{"Time":"2026-09-08T10:19:05.71394439+03:00","Action":"run","Package":"virmill.local/core/internal/ui/tui","Test":"TestRebootFormUsesSharedPreview"}
{"Time":"2026-09-08T10:19:05.713945957+03:00","Action":"output","Package":"virmill.local/core/internal/ui/tui","Test":"TestRebootFormUsesSharedPreview","Output":"=== RUN   TestRebootFormUsesSharedPreview\n","OutputType":"frame"}
{"Time":"2026-09-08T10:19:05.714948308+03:00","Action":"output","Package":"virmill.local/core/internal/ui/tui","Test":"TestRebootFormUsesSharedPreview","Output":"--- PASS: TestRebootFormUsesSharedPreview (0.00s)\n","OutputType":"frame"}
{"Time":"2026-09-08T10:19:05.715060756+03:00","Action":"pass","Package":"virmill.local/core/internal/ui/tui","Test":"TestRebootFormUsesSharedPreview","Elapsed":0}
{"Time":"2026-09-08T10:19:05.715076434+03:00","Action":"run","Package":"virmill.local/core/internal/ui/tui","Test":"TestProtectionInspectionAndManifestForms"}
{"Time":"2026-09-08T10:19:05.715078477+03:00","Action":"output","Package":"virmill.local/core/internal/ui/tui","Test":"TestProtectionInspectionAndManifestForms","Output":"=== RUN   TestProtectionInspectionAndManifestForms\n","OutputType":"frame"}
{"Time":"2026-09-08T10:19:05.716387406+03:00","Action":"output","Package":"virmill.local/core/internal/ui/tui","Test":"TestProtectionInspectionAndManifestForms","Output":"--- PASS: TestProtectionInspectionAndManifestForms (0.00s)\n","OutputType":"frame"}
{"Time":"2026-09-08T10:19:05.71640319+03:00","Action":"pass","Package":"virmill.local/core/internal/ui/tui","Test":"TestProtectionInspectionAndManifestForms","Elapsed":0}
{"Time":"2026-09-08T10:19:05.716407478+03:00","Action":"run","Package":"virmill.local/core/internal/ui/tui","Test":"TestRecoveryTUIManifestRootReachesActualMemberVerification"}
{"Time":"2026-09-08T10:19:05.716409528+03:00","Action":"output","Package":"virmill.local/core/internal/ui/tui","Test":"TestRecoveryTUIManifestRootReachesActualMemberVerification","Output":"=== RUN   TestRecoveryTUIManifestRootReachesActualMemberVerification\n","OutputType":"frame"}
{"Time":"2026-09-08T10:19:05.721142057+03:00","Action":"output","Package":"virmill.local/core/internal/ui/tui","Test":"TestRecoveryTUIManifestRootReachesActualMemberVerification","Output":"--- PASS: TestRecoveryTUIManifestRootReachesActualMemberVerification (0.00s)\n","OutputType":"frame"}
{"Time":"2026-09-08T10:19:05.721166164+03:00","Action":"pass","Package":"virmill.local/core/internal/ui/tui","Test":"TestRecoveryTUIManifestRootReachesActualMemberVerification","Elapsed":0}
{"Time":"2026-09-08T10:19:05.721172229+03:00","Action":"run","Package":"virmill.local/core/internal/ui/tui","Test":"TestRecoveryTUIFailuresClearStaleApprovalAndRemainVisible"}
{"Time":"2026-09-08T10:19:05.721174633+03:00","Action":"output","Package":"virmill.local/core/internal/ui/tui","Test":"TestRecoveryTUIFailuresClearStaleApprovalAndRemainVisible","Output":"=== RUN   TestRecoveryTUIFailuresClearStaleApprovalAndRemainVisible\n","OutputType":"frame"}
{"Time":"2026-09-08T10:19:05.721198242+03:00","Action":"run","Package":"virmill.local/core/internal/ui/tui","Test":"TestRecoveryTUIFailuresClearStaleApprovalAndRemainVisible/unsupported-native"}
{"Time":"2026-09-08T10:19:05.721201464+03:00","Action":"output","Package":"virmill.local/core/internal/ui/tui","Test":"TestRecoveryTUIFailuresClearStaleApprovalAndRemainVisible/unsupported-native","Output":"=== RUN   TestRecoveryTUIFailuresClearStaleApprovalAndRemainVisible/unsupported-native\n","OutputType":"frame"}
{"Time":"2026-09-08T10:19:05.72315476+03:00","Action":"output","Package":"virmill.local/core/internal/ui/tui","Test":"TestRecoveryTUIFailuresClearStaleApprovalAndRemainVisible/unsupported-native","Output":"--- PASS: TestRecoveryTUIFailuresClearStaleApprovalAndRemainVisible/unsupported-native (0.00s)\n","OutputType":"frame"}
{"Time":"2026-09-08T10:19:05.72316896+03:00","Action":"pass","Package":"virmill.local/core/internal/ui/tui","Test":"TestRecoveryTUIFailuresClearStaleApprovalAndRemainVisible/unsupported-native","Elapsed":0}
{"Time":"2026-09-08T10:19:05.72317703+03:00","Action":"run","Package":"virmill.local/core/internal/ui/tui","Test":"TestRecoveryTUIFailuresClearStaleApprovalAndRemainVisible/transport-error"}
{"Time":"2026-09-08T10:19:05.723178691+03:00","Action":"output","Package":"virmill.local/core/internal/ui/tui","Test":"TestRecoveryTUIFailuresClearStaleApprovalAndRemainVisible/transport-error","Output":"=== RUN   TestRecoveryTUIFailuresClearStaleApprovalAndRemainVisible/transport-error\n","OutputType":"frame"}
{"Time":"2026-09-08T10:19:05.724904092+03:00","Action":"output","Package":"virmill.local/core/internal/ui/tui","Test":"TestRecoveryTUIFailuresClearStaleApprovalAndRemainVisible/transport-error","Output":"--- PASS: TestRecoveryTUIFailuresClearStaleApprovalAndRemainVisible/transport-error (0.00s)\n","OutputType":"frame"}
{"Time":"2026-09-08T10:19:05.724921148+03:00","Action":"pass","Package":"virmill.local/core/internal/ui/tui","Test":"TestRecoveryTUIFailuresClearStaleApprovalAndRemainVisible/transport-error","Elapsed":0}
{"Time":"2026-09-08T10:19:05.724941411+03:00","Action":"run","Package":"virmill.local/core/internal/ui/tui","Test":"TestRecoveryTUIFailuresClearStaleApprovalAndRemainVisible/canceled-observation"}
{"Time":"2026-09-08T10:19:05.724943578+03:00","Action":"output","Package":"virmill.local/core/internal/ui/tui","Test":"TestRecoveryTUIFailuresClearStaleApprovalAndRemainVisible/canceled-observation","Output":"=== RUN   TestRecoveryTUIFailuresClearStaleApprovalAndRemainVisible/canceled-observation\n","OutputType":"frame"}
{"Time":"2026-09-08T10:19:05.72724966+03:00","Action":"output","Package":"virmill.local/core/internal/ui/tui","Test":"TestRecoveryTUIFailuresClearStaleApprovalAndRemainVisible/canceled-observation","Output":"--- PASS: TestRecoveryTUIFailuresClearStaleApprovalAndRemainVisible/canceled-observation (0.00s)\n","OutputType":"frame"}
{"Time":"2026-09-08T10:19:05.727266504+03:00","Action":"pass","Package":"virmill.local/core/internal/ui/tui","Test":"TestRecoveryTUIFailuresClearStaleApprovalAndRemainVisible/canceled-observation","Elapsed":0}
{"Time":"2026-09-08T10:19:05.727295587+03:00","Action":"output","Package":"virmill.local/core/internal/ui/tui","Test":"TestRecoveryTUIFailuresClearStaleApprovalAndRemainVisible","Output":"--- PASS: TestRecoveryTUIFailuresClearStaleApprovalAndRemainVisible (0.01s)\n","OutputType":"frame"}
{"Time":"2026-09-08T10:19:05.727308483+03:00","Action":"pass","Package":"virmill.local/core/internal/ui/tui","Test":"TestRecoveryTUIFailuresClearStaleApprovalAndRemainVisible","Elapsed":0.01}
{"Time":"2026-09-08T10:19:05.727340684+03:00","Action":"run","Package":"virmill.local/core/internal/ui/tui","Test":"TestRecoveryTUIStrictFormsPathsAndEscapeNeverDispatchUnsafeInput"}
{"Time":"2026-09-08T10:19:05.727342951+03:00","Action":"output","Package":"virmill.local/core/internal/ui/tui","Test":"TestRecoveryTUIStrictFormsPathsAndEscapeNeverDispatchUnsafeInput","Output":"=== RUN   TestRecoveryTUIStrictFormsPathsAndEscapeNeverDispatchUnsafeInput\n","OutputType":"frame"}
{"Time":"2026-09-08T10:19:05.730202788+03:00","Action":"output","Package":"virmill.local/core/internal/app","Test":"TestProtectedBoundaryMixedVersionRecordsRemainDistinctAfterReopen","Output":"--- PASS: TestProtectedBoundaryMixedVersionRecordsRemainDistinctAfterReopen (0.21s)\n","OutputType":"frame"}
{"Time":"2026-09-08T10:19:05.73021673+03:00","Action":"pass","Package":"virmill.local/core/internal/app","Test":"TestProtectedBoundaryMixedVersionRecordsRemainDistinctAfterReopen","Elapsed":0.21}
{"Time":"2026-09-08T10:19:05.730237973+03:00","Action":"run","Package":"virmill.local/core/internal/app","Test":"TestProtectedNetworkProfilesPersistPolicyAndReservations"}
{"Time":"2026-09-08T10:19:05.730240432+03:00","Action":"output","Package":"virmill.local/core/internal/app","Test":"TestProtectedNetworkProfilesPersistPolicyAndReservations","Output":"=== RUN   TestProtectedNetworkProfilesPersistPolicyAndReservations\n","OutputType":"frame"}
{"Time":"2026-09-08T10:19:05.730251338+03:00","Action":"output","Package":"virmill.local/core/internal/ui/tui","Test":"TestRecoveryTUIStrictFormsPathsAndEscapeNeverDispatchUnsafeInput","Output":"--- PASS: TestRecoveryTUIStrictFormsPathsAndEscapeNeverDispatchUnsafeInput (0.00s)\n","OutputType":"frame"}
{"Time":"2026-09-08T10:19:05.730273826+03:00","Action":"pass","Package":"virmill.local/core/internal/ui/tui","Test":"TestRecoveryTUIStrictFormsPathsAndEscapeNeverDispatchUnsafeInput","Elapsed":0}
{"Time":"2026-09-08T10:19:05.73028431+03:00","Action":"run","Package":"virmill.local/core/internal/app","Test":"TestProtectedNetworkProfilesPersistPolicyAndReservations/nat-dhcp"}
{"Time":"2026-09-08T10:19:05.730286456+03:00","Action":"output","Package":"virmill.local/core/internal/app","Test":"TestProtectedNetworkProfilesPersistPolicyAndReservations/nat-dhcp","Output":"=== RUN   TestProtectedNetworkProfilesPersistPolicyAndReservations/nat-dhcp\n","OutputType":"frame"}
{"Time":"2026-09-08T10:19:05.7302895+03:00","Action":"run","Package":"virmill.local/core/internal/ui/tui","Test":"TestSearchEnterSelectsWithoutExecutingAndNextEnterUsesRegistry"}
{"Time":"2026-09-08T10:19:05.730291394+03:00","Action":"output","Package":"virmill.local/core/internal/ui/tui","Test":"TestSearchEnterSelectsWithoutExecutingAndNextEnterUsesRegistry","Output":"=== RUN   TestSearchEnterSelectsWithoutExecutingAndNextEnterUsesRegistry\n","OutputType":"frame"}
{"Time":"2026-09-08T10:19:05.731168317+03:00","Action":"output","Package":"virmill.local/core/internal/ui/tui","Test":"TestSearchEnterSelectsWithoutExecutingAndNextEnterUsesRegistry","Output":"--- PASS: TestSearchEnterSelectsWithoutExecutingAndNextEnterUsesRegistry (0.00s)\n","OutputType":"frame"}
{"Time":"2026-09-08T10:19:05.73119111+03:00","Action":"pass","Package":"virmill.local/core/internal/ui/tui","Test":"TestSearchEnterSelectsWithoutExecutingAndNextEnterUsesRegistry","Elapsed":0}
{"Time":"2026-09-08T10:19:05.731207722+03:00","Action":"run","Package":"virmill.local/core/internal/ui/tui","Test":"TestSearchPreservesSelectedIdentityWhileFilteringAndClearing"}
{"Time":"2026-09-08T10:19:05.731209911+03:00","Action":"output","Package":"virmill.local/core/internal/ui/tui","Test":"TestSearchPreservesSelectedIdentityWhileFilteringAndClearing","Output":"=== RUN   TestSearchPreservesSelectedIdentityWhileFilteringAndClearing\n","OutputType":"frame"}
{"Time":"2026-09-08T10:19:05.732111892+03:00","Action":"output","Package":"virmill.local/core/internal/ui/tui","Test":"TestSearchPreservesSelectedIdentityWhileFilteringAndClearing","Output":"--- PASS: TestSearchPreservesSelectedIdentityWhileFilteringAndClearing (0.00s)\n","OutputType":"frame"}
{"Time":"2026-09-08T10:19:05.732121254+03:00","Action":"pass","Package":"virmill.local/core/internal/ui/tui","Test":"TestSearchPreservesSelectedIdentityWhileFilteringAndClearing","Elapsed":0}
{"Time":"2026-09-08T10:19:05.732136905+03:00","Action":"run","Package":"virmill.local/core/internal/ui/tui","Test":"TestSearchKeepsSelectionAndFocusAcrossSections"}
{"Time":"2026-09-08T10:19:05.732138942+03:00","Action":"output","Package":"virmill.local/core/internal/ui/tui","Test":"TestSearchKeepsSelectionAndFocusAcrossSections","Output":"=== RUN   TestSearchKeepsSelectionAndFocusAcrossSections\n","OutputType":"frame"}
{"Time":"2026-09-08T10:19:05.732917071+03:00","Action":"output","Package":"virmill.local/core/internal/ui/tui","Test":"TestSearchKeepsSelectionAndFocusAcrossSections","Output":"--- PASS: TestSearchKeepsSelectionAndFocusAcrossSections (0.00s)\n","OutputType":"frame"}
{"Time":"2026-09-08T10:19:05.732932266+03:00","Action":"pass","Package":"virmill.local/core/internal/ui/tui","Test":"TestSearchKeepsSelectionAndFocusAcrossSections","Elapsed":0}
{"Time":"2026-09-08T10:19:05.732935935+03:00","Action":"run","Package":"virmill.local/core/internal/ui/tui","Test":"TestSearchUnicodeCaseFoldingBackspaceAndWordMatching"}
{"Time":"2026-09-08T10:19:05.732937535+03:00","Action":"output","Package":"virmill.local/core/internal/ui/tui","Test":"TestSearchUnicodeCaseFoldingBackspaceAndWordMatching","Output":"=== RUN   TestSearchUnicodeCaseFoldingBackspaceAndWordMatching\n","OutputType":"frame"}
{"Time":"2026-09-08T10:19:05.732945057+03:00","Action":"run","Package":"virmill.local/core/internal/ui/tui","Test":"TestSearchUnicodeCaseFoldingBackspaceAndWordMatching/résumé"}
{"Time":"2026-09-08T10:19:05.732946875+03:00","Action":"output","Package":"virmill.local/core/internal/ui/tui","Test":"TestSearchUnicodeCaseFoldingBackspaceAndWordMatching/résumé","Output":"=== RUN   TestSearchUnicodeCaseFoldingBackspaceAndWordMatching/résumé\n","OutputType":"frame"}
{"Time":"2026-09-08T10:19:05.733161859+03:00","Action":"output","Package":"virmill.local/core/internal/ui/tui","Test":"TestSearchUnicodeCaseFoldingBackspaceAndWordMatching/résumé","Output":"--- PASS: TestSearchUnicodeCaseFoldingBackspaceAndWordMatching/résumé (0.00s)\n","OutputType":"frame"}
{"Time":"2026-09-08T10:19:05.733172248+03:00","Action":"pass","Package":"virmill.local/core/internal/ui/tui","Test":"TestSearchUnicodeCaseFoldingBackspaceAndWordMatching/résumé","Elapsed":0}
{"Time":"2026-09-08T10:19:05.733175483+03:00","Action":"run","Package":"virmill.local/core/internal/ui/tui","Test":"TestSearchUnicodeCaseFoldingBackspaceAndWordMatching/RÉSUMÉ"}
{"Time":"2026-09-08T10:19:05.733177086+03:00","Action":"output","Package":"virmill.local/core/internal/ui/tui","Test":"TestSearchUnicodeCaseFoldingBackspaceAndWordMatching/RÉSUMÉ","Output":"=== RUN   TestSearchUnicodeCaseFoldingBackspaceAndWordMatching/RÉSUMÉ\n","OutputType":"frame"}
{"Time":"2026-09-08T10:19:05.733648964+03:00","Action":"output","Package":"virmill.local/core/internal/ui/tui","Test":"TestSearchUnicodeCaseFoldingBackspaceAndWordMatching/RÉSUMÉ","Output":"--- PASS: TestSearchUnicodeCaseFoldingBackspaceAndWordMatching/RÉSUMÉ (0.00s)\n","OutputType":"frame"}
{"Time":"2026-09-08T10:19:05.733658784+03:00","Action":"pass","Package":"virmill.local/core/internal/ui/tui","Test":"TestSearchUnicodeCaseFoldingBackspaceAndWordMatching/RÉSUMÉ","Elapsed":0}
{"Time":"2026-09-08T10:19:05.73366195+03:00","Action":"run","Package":"virmill.local/core/internal/ui/tui","Test":"TestSearchUnicodeCaseFoldingBackspaceAndWordMatching/café"}
{"Time":"2026-09-08T10:19:05.733663628+03:00","Action":"output","Package":"virmill.local/core/internal/ui/tui","Test":"TestSearchUnicodeCaseFoldingBackspaceAndWordMatching/café","Output":"=== RUN   TestSearchUnicodeCaseFoldingBackspaceAndWordMatching/café\n","OutputType":"frame"}
{"Time":"2026-09-08T10:19:05.733667199+03:00","Action":"output","Package":"virmill.local/core/internal/ui/tui","Test":"TestSearchUnicodeCaseFoldingBackspaceAndWordMatching/café","Output":"--- PASS: TestSearchUnicodeCaseFoldingBackspaceAndWordMatching/café (0.00s)\n","OutputType":"frame"}
{"Time":"2026-09-08T10:19:05.73366914+03:00","Action":"pass","Package":"virmill.local/core/internal/ui/tui","Test":"TestSearchUnicodeCaseFoldingBackspaceAndWordMatching/café","Elapsed":0}
{"Time":"2026-09-08T10:19:05.733671252+03:00","Action":"run","Package":"virmill.local/core/internal/ui/tui","Test":"TestSearchUnicodeCaseFoldingBackspaceAndWordMatching/ς"}
{"Time":"2026-09-08T10:19:05.733673126+03:00","Action":"output","Package":"virmill.local/core/internal/ui/tui","Test":"TestSearchUnicodeCaseFoldingBackspaceAndWordMatching/ς","Output":"=== RUN   TestSearchUnicodeCaseFoldingBackspaceAndWordMatching/ς\n","OutputType":"frame"}
{"Time":"2026-09-08T10:19:05.734230857+03:00","Action":"output","Package":"virmill.local/core/internal/ui/tui","Test":"TestSearchUnicodeCaseFoldingBackspaceAndWordMatching/ς","Output":"--- PASS: TestSearchUnicodeCaseFoldingBackspaceAndWordMatching/ς (0.00s)\n","OutputType":"frame"}
{"Time":"2026-09-08T10:19:05.734240602+03:00","Action":"pass","Package":"virmill.local/core/internal/ui/tui","Test":"TestSearchUnicodeCaseFoldingBackspaceAndWordMatching/ς","Elapsed":0}
{"Time":"2026-09-08T10:19:05.734245967+03:00","Action":"run","Package":"virmill.local/core/internal/ui/tui","Test":"TestSearchUnicodeCaseFoldingBackspaceAndWordMatching/界面"}
{"Time":"2026-09-08T10:19:05.7342494+03:00","Action":"output","Package":"virmill.local/core/internal/ui/tui","Test":"TestSearchUnicodeCaseFoldingBackspaceAndWordMatching/界面","Output":"=== RUN   TestSearchUnicodeCaseFoldingBackspaceAndWordMatching/界面\n","OutputType":"frame"}
{"Time":"2026-09-08T10:19:05.734252482+03:00","Action":"output","Package":"virmill.local/core/internal/ui/tui","Test":"TestSearchUnicodeCaseFoldingBackspaceAndWordMatching/界面","Output":"--- PASS: TestSearchUnicodeCaseFoldingBackspaceAndWordMatching/界面 (0.00s)\n","OutputType":"frame"}
{"Time":"2026-09-08T10:19:05.734254376+03:00","Action":"pass","Package":"virmill.local/core/internal/ui/tui","Test":"TestSearchUnicodeCaseFoldingBackspaceAndWordMatching/界面","Elapsed":0}
{"Time":"2026-09-08T10:19:05.734255953+03:00","Action":"run","Package":"virmill.local/core/internal/ui/tui","Test":"TestSearchUnicodeCaseFoldingBackspaceAndWordMatching/VM_café"}
{"Time":"2026-09-08T10:19:05.734258189+03:00","Action":"output","Package":"virmill.local/core/internal/ui/tui","Test":"TestSearchUnicodeCaseFoldingBackspaceAndWordMatching/VM_café","Output":"=== RUN   TestSearchUnicodeCaseFoldingBackspaceAndWordMatching/VM_café\n","OutputType":"frame"}
{"Time":"2026-09-08T10:19:05.734261506+03:00","Action":"output","Package":"virmill.local/core/internal/ui/tui","Test":"TestSearchUnicodeCaseFoldingBackspaceAndWordMatching/VM_café","Output":"--- PASS: TestSearchUnicodeCaseFoldingBackspaceAndWordMatching/VM_café (0.00s)\n","OutputType":"frame"}
{"Time":"2026-09-08T10:19:05.734263835+03:00","Action":"pass","Package":"virmill.local/core/internal/ui/tui","Test":"TestSearchUnicodeCaseFoldingBackspaceAndWordMatching/VM_café","Elapsed":0}
{"Time":"2026-09-08T10:19:05.7348285+03:00","Action":"output","Package":"virmill.local/core/internal/ui/tui","Test":"TestSearchUnicodeCaseFoldingBackspaceAndWordMatching","Output":"--- PASS: TestSearchUnicodeCaseFoldingBackspaceAndWordMatching (0.00s)\n","OutputType":"frame"}
{"Time":"2026-09-08T10:19:05.734837643+03:00","Action":"pass","Package":"virmill.local/core/internal/ui/tui","Test":"TestSearchUnicodeCaseFoldingBackspaceAndWordMatching","Elapsed":0}
{"Time":"2026-09-08T10:19:05.734840484+03:00","Action":"run","Package":"virmill.local/core/internal/ui/tui","Test":"TestSearchSpaceEventsAndShortcutTextAreInput"}
{"Time":"2026-09-08T10:19:05.734843168+03:00","Action":"output","Package":"virmill.local/core/internal/ui/tui","Test":"TestSearchSpaceEventsAndShortcutTextAreInput","Output":"=== RUN   TestSearchSpaceEventsAndShortcutTextAreInput\n","OutputType":"frame"}
{"Time":"2026-09-08T10:19:05.73527496+03:00","Action":"output","Package":"virmill.local/core/internal/ui/tui","Test":"TestSearchSpaceEventsAndShortcutTextAreInput","Output":"--- PASS: TestSearchSpaceEventsAndShortcutTextAreInput (0.00s)\n","OutputType":"frame"}
{"Time":"2026-09-08T10:19:05.735283966+03:00","Action":"pass","Package":"virmill.local/core/internal/ui/tui","Test":"TestSearchSpaceEventsAndShortcutTextAreInput","Elapsed":0}
{"Time":"2026-09-08T10:19:05.735288302+03:00","Action":"run","Package":"virmill.local/core/internal/ui/tui","Test":"TestSearchInputLimitsAndControlsRefuseWholePaste"}
{"Time":"2026-09-08T10:19:05.735290228+03:00","Action":"output","Package":"virmill.local/core/internal/ui/tui","Test":"TestSearchInputLimitsAndControlsRefuseWholePaste","Output":"=== RUN   TestSearchInputLimitsAndControlsRefuseWholePaste\n","OutputType":"frame"}
{"Time":"2026-09-08T10:19:05.737245787+03:00","Action":"output","Package":"virmill.local/core/internal/ui/tui","Test":"TestSearchInputLimitsAndControlsRefuseWholePaste","Output":"--- PASS: TestSearchInputLimitsAndControlsRefuseWholePaste (0.00s)\n","OutputType":"frame"}
{"Time":"2026-09-08T10:19:05.737254287+03:00","Action":"pass","Package":"virmill.local/core/internal/ui/tui","Test":"TestSearchInputLimitsAndControlsRefuseWholePaste","Elapsed":0}
{"Time":"2026-09-08T10:19:05.73725676+03:00","Action":"run","Package":"virmill.local/core/internal/ui/tui","Test":"TestSearchNoResultsCannotExecuteOrDiscardPlan"}
{"Time":"2026-09-08T10:19:05.737258024+03:00","Action":"output","Package":"virmill.local/core/internal/ui/tui","Test":"TestSearchNoResultsCannotExecuteOrDiscardPlan","Output":"=== RUN   TestSearchNoResultsCannotExecuteOrDiscardPlan\n","OutputType":"frame"}
{"Time":"2026-09-08T10:19:05.738156558+03:00","Action":"output","Package":"virmill.local/core/internal/ui/tui","Test":"TestSearchNoResultsCannotExecuteOrDiscardPlan","Output":"--- PASS: TestSearchNoResultsCannotExecuteOrDiscardPlan (0.00s)\n","OutputType":"frame"}
{"Time":"2026-09-08T10:19:05.738165363+03:00","Action":"pass","Package":"virmill.local/core/internal/ui/tui","Test":"TestSearchNoResultsCannotExecuteOrDiscardPlan","Elapsed":0}
{"Time":"2026-09-08T10:19:05.738168039+03:00","Action":"run","Package":"virmill.local/core/internal/ui/tui","Test":"TestSearchDoesNotInterceptFormOrDigestEditing"}
{"Time":"2026-09-08T10:19:05.73816937+03:00","Action":"output","Package":"virmill.local/core/internal/ui/tui","Test":"TestSearchDoesNotInterceptFormOrDigestEditing","Output":"=== RUN   TestSearchDoesNotInterceptFormOrDigestEditing\n","OutputType":"frame"}
{"Time":"2026-09-08T10:19:05.738926839+03:00","Action":"output","Package":"virmill.local/core/internal/ui/tui","Test":"TestSearchDoesNotInterceptFormOrDigestEditing","Output":"--- PASS: TestSearchDoesNotInterceptFormOrDigestEditing (0.00s)\n","OutputType":"frame"}
{"Time":"2026-09-08T10:19:05.738940818+03:00","Action":"pass","Package":"virmill.local/core/internal/ui/tui","Test":"TestSearchDoesNotInterceptFormOrDigestEditing","Elapsed":0}
{"Time":"2026-09-08T10:19:05.7389456+03:00","Action":"run","Package":"virmill.local/core/internal/ui/tui","Test":"TestSearchResultAndBusyStateKeepFocusWithoutReexecution"}
{"Time":"2026-09-08T10:19:05.738948435+03:00","Action":"output","Package":"virmill.local/core/internal/ui/tui","Test":"TestSearchResultAndBusyStateKeepFocusWithoutReexecution","Output":"=== RUN   TestSearchResultAndBusyStateKeepFocusWithoutReexecution\n","OutputType":"frame"}
{"Time":"2026-09-08T10:19:05.738952596+03:00","Action":"output","Package":"virmill.local/core/internal/ui/tui","Test":"TestSearchResultAndBusyStateKeepFocusWithoutReexecution","Output":"--- PASS: TestSearchResultAndBusyStateKeepFocusWithoutReexecution (0.00s)\n","OutputType":"frame"}
{"Time":"2026-09-08T10:19:05.738955613+03:00","Action":"pass","Package":"virmill.local/core/internal/ui/tui","Test":"TestSearchResultAndBusyStateKeepFocusWithoutReexecution","Elapsed":0}
{"Time":"2026-09-08T10:19:05.738958355+03:00","Action":"run","Package":"virmill.local/core/internal/ui/tui","Test":"TestSearchNarrowResizeBoundsAndSelectedActionRemainVisible"}
{"Time":"2026-09-08T10:19:05.738960704+03:00","Action":"output","Package":"virmill.local/core/internal/ui/tui","Test":"TestSearchNarrowResizeBoundsAndSelectedActionRemainVisible","Output":"=== RUN   TestSearchNarrowResizeBoundsAndSelectedActionRemainVisible\n","OutputType":"frame"}
{"Time":"2026-09-08T10:19:05.739739639+03:00","Action":"output","Package":"virmill.local/core/internal/ui/cli","Test":"TestNDJSONFollowRefusesEntireAmbiguousBatch/encoded-byte-limit","Output":"--- PASS: TestNDJSONFollowRefusesEntireAmbiguousBatch/encoded-byte-limit (0.18s)\n","OutputType":"frame"}
{"Time":"2026-09-08T10:19:05.739749675+03:00","Action":"pass","Package":"virmill.local/core/internal/ui/cli","Test":"TestNDJSONFollowRefusesEntireAmbiguousBatch/encoded-byte-limit","Elapsed":0.18}
{"Time":"2026-09-08T10:19:05.739753282+03:00","Action":"run","Package":"virmill.local/core/internal/ui/cli","Test":"TestNDJSONFollowRefusesEntireAmbiguousBatch/foreign-job"}
{"Time":"2026-09-08T10:19:05.739754615+03:00","Action":"output","Package":"virmill.local/core/internal/ui/cli","Test":"TestNDJSONFollowRefusesEntireAmbiguousBatch/foreign-job","Output":"=== RUN   TestNDJSONFollowRefusesEntireAmbiguousBatch/foreign-job\n","OutputType":"frame"}
{"Time":"2026-09-08T10:19:05.741337782+03:00","Action":"output","Package":"virmill.local/core/internal/ui/cli","Test":"TestNDJSONFollowRefusesEntireAmbiguousBatch/foreign-job","Output":"--- PASS: TestNDJSONFollowRefusesEntireAmbiguousBatch/foreign-job (0.00s)\n","OutputType":"frame"}
{"Time":"2026-09-08T10:19:05.741355473+03:00","Action":"pass","Package":"virmill.local/core/internal/ui/cli","Test":"TestNDJSONFollowRefusesEntireAmbiguousBatch/foreign-job","Elapsed":0}
{"Time":"2026-09-08T10:19:05.741366288+03:00","Action":"run","Package":"virmill.local/core/internal/ui/cli","Test":"TestNDJSONFollowRefusesEntireAmbiguousBatch/null"}
{"Time":"2026-09-08T10:19:05.741369233+03:00","Action":"output","Package":"virmill.local/core/internal/ui/cli","Test":"TestNDJSONFollowRefusesEntireAmbiguousBatch/null","Output":"=== RUN   TestNDJSONFollowRefusesEntireAmbiguousBatch/null\n","OutputType":"frame"}
{"Time":"2026-09-08T10:19:05.742671129+03:00","Action":"output","Package":"virmill.local/core/internal/ui/cli","Test":"TestNDJSONFollowRefusesEntireAmbiguousBatch/null","Output":"--- PASS: TestNDJSONFollowRefusesEntireAmbiguousBatch/null (0.00s)\n","OutputType":"frame"}
{"Time":"2026-09-08T10:19:05.742683378+03:00","Action":"pass","Package":"virmill.local/core/internal/ui/cli","Test":"TestNDJSONFollowRefusesEntireAmbiguousBatch/null","Elapsed":0}
{"Time":"2026-09-08T10:19:05.7427021+03:00","Action":"run","Package":"virmill.local/core/internal/ui/cli","Test":"TestNDJSONFollowRefusesEntireAmbiguousBatch/duplicate"}
{"Time":"2026-09-08T10:19:05.742705208+03:00","Action":"output","Package":"virmill.local/core/internal/ui/cli","Test":"TestNDJSONFollowRefusesEntireAmbiguousBatch/duplicate","Output":"=== RUN   TestNDJSONFollowRefusesEntireAmbiguousBatch/duplicate\n","OutputType":"frame"}
{"Time":"2026-09-08T10:19:05.744443201+03:00","Action":"output","Package":"virmill.local/core/internal/ui/cli","Test":"TestNDJSONFollowRefusesEntireAmbiguousBatch/duplicate","Output":"--- PASS: TestNDJSONFollowRefusesEntireAmbiguousBatch/duplicate (0.00s)\n","OutputType":"frame"}
{"Time":"2026-09-08T10:19:05.744463007+03:00","Action":"pass","Package":"virmill.local/core/internal/ui/cli","Test":"TestNDJSONFollowRefusesEntireAmbiguousBatch/duplicate","Elapsed":0}
{"Time":"2026-09-08T10:19:05.744467959+03:00","Action":"run","Package":"virmill.local/core/internal/ui/cli","Test":"TestNDJSONFollowRefusesEntireAmbiguousBatch/reordered"}
{"Time":"2026-09-08T10:19:05.744471074+03:00","Action":"output","Package":"virmill.local/core/internal/ui/cli","Test":"TestNDJSONFollowRefusesEntireAmbiguousBatch/reordered","Output":"=== RUN   TestNDJSONFollowRefusesEntireAmbiguousBatch/reordered\n","OutputType":"frame"}
{"Time":"2026-09-08T10:19:05.746187474+03:00","Action":"output","Package":"virmill.local/core/internal/ui/cli","Test":"TestNDJSONFollowRefusesEntireAmbiguousBatch/reordered","Output":"--- PASS: TestNDJSONFollowRefusesEntireAmbiguousBatch/reordered (0.00s)\n","OutputType":"frame"}
{"Time":"2026-09-08T10:19:05.74619996+03:00","Action":"pass","Package":"virmill.local/core/internal/ui/cli","Test":"TestNDJSONFollowRefusesEntireAmbiguousBatch/reordered","Elapsed":0}
{"Time":"2026-09-08T10:19:05.746204534+03:00","Action":"run","Package":"virmill.local/core/internal/ui/cli","Test":"TestNDJSONFollowRefusesEntireAmbiguousBatch/gap"}
{"Time":"2026-09-08T10:19:05.746207341+03:00","Action":"output","Package":"virmill.local/core/internal/ui/cli","Test":"TestNDJSONFollowRefusesEntireAmbiguousBatch/gap","Output":"=== RUN   TestNDJSONFollowRefusesEntireAmbiguousBatch/gap\n","OutputType":"frame"}
{"Time":"2026-09-08T10:19:05.74745162+03:00","Action":"output","Package":"virmill.local/core/internal/ui/cli","Test":"TestNDJSONFollowRefusesEntireAmbiguousBatch/gap","Output":"--- PASS: TestNDJSONFollowRefusesEntireAmbiguousBatch/gap (0.00s)\n","OutputType":"frame"}
{"Time":"2026-09-08T10:19:05.747465274+03:00","Action":"pass","Package":"virmill.local/core/internal/ui/cli","Test":"TestNDJSONFollowRefusesEntireAmbiguousBatch/gap","Elapsed":0}
{"Time":"2026-09-08T10:19:05.747470207+03:00","Action":"run","Package":"virmill.local/core/internal/ui/cli","Test":"TestNDJSONFollowRefusesEntireAmbiguousBatch/foreign-version"}
{"Time":"2026-09-08T10:19:05.747473073+03:00","Action":"output","Package":"virmill.local/core/internal/ui/cli","Test":"TestNDJSONFollowRefusesEntireAmbiguousBatch/foreign-version","Output":"=== RUN   TestNDJSONFollowRefusesEntireAmbiguousBatch/foreign-version\n","OutputType":"frame"}
{"Time":"2026-09-08T10:19:05.748565475+03:00","Action":"output","Package":"virmill.local/core/internal/ui/tui","Test":"TestSearchNarrowResizeBoundsAndSelectedActionRemainVisible","Output":"--- PASS: TestSearchNarrowResizeBoundsAndSelectedActionRemainVisible (0.01s)\n","OutputType":"frame"}
{"Time":"2026-09-08T10:19:05.748578806+03:00","Action":"pass","Package":"virmill.local/core/internal/ui/tui","Test":"TestSearchNarrowResizeBoundsAndSelectedActionRemainVisible","Elapsed":0.01}
{"Time":"2026-09-08T10:19:05.748601428+03:00","Action":"run","Package":"virmill.local/core/internal/ui/tui","Test":"TestSearchCompactResultPagingHasNoGaps"}
{"Time":"2026-09-08T10:19:05.748603453+03:00","Action":"output","Package":"virmill.local/core/internal/ui/tui","Test":"TestSearchCompactResultPagingHasNoGaps","Output":"=== RUN   TestSearchCompactResultPagingHasNoGaps\n","OutputType":"frame"}
{"Time":"2026-09-08T10:19:05.749296216+03:00","Action":"output","Package":"virmill.local/core/internal/ui/cli","Test":"TestNDJSONFollowRefusesEntireAmbiguousBatch/foreign-version","Output":"--- PASS: TestNDJSONFollowRefusesEntireAmbiguousBatch/foreign-version (0.00s)\n","OutputType":"frame"}
{"Time":"2026-09-08T10:19:05.749310028+03:00","Action":"pass","Package":"virmill.local/core/internal/ui/cli","Test":"TestNDJSONFollowRefusesEntireAmbiguousBatch/foreign-version","Elapsed":0}
{"Time":"2026-09-08T10:19:05.749346744+03:00","Action":"output","Package":"virmill.local/core/internal/ui/cli","Test":"TestNDJSONFollowRefusesEntireAmbiguousBatch","Output":"--- PASS: TestNDJSONFollowRefusesEntireAmbiguousBatch (0.27s)\n","OutputType":"frame"}
{"Time":"2026-09-08T10:19:05.749376404+03:00","Action":"pass","Package":"virmill.local/core/internal/ui/cli","Test":"TestNDJSONFollowRefusesEntireAmbiguousBatch","Elapsed":0.27}
{"Time":"2026-09-08T10:19:05.749398117+03:00","Action":"run","Package":"virmill.local/core/internal/ui/cli","Test":"TestNDJSONFollowRejectsWrongJobBeforeReadingEvents"}
{"Time":"2026-09-08T10:19:05.749407856+03:00","Action":"output","Package":"virmill.local/core/internal/ui/cli","Test":"TestNDJSONFollowRejectsWrongJobBeforeReadingEvents","Output":"=== RUN   TestNDJSONFollowRejectsWrongJobBeforeReadingEvents\n","OutputType":"frame"}
{"Time":"2026-09-08T10:19:05.749600245+03:00","Action":"run","Package":"virmill.local/core/internal/ui/cli","Test":"TestNDJSONFollowRejectsWrongJobBeforeReadingEvents/foreign"}
{"Time":"2026-09-08T10:19:05.749606352+03:00","Action":"output","Package":"virmill.local/core/internal/ui/cli","Test":"TestNDJSONFollowRejectsWrongJobBeforeReadingEvents/foreign","Output":"=== RUN   TestNDJSONFollowRejectsWrongJobBeforeReadingEvents/foreign\n","OutputType":"frame"}
{"Time":"2026-09-08T10:19:05.750675758+03:00","Action":"output","Package":"virmill.local/core/internal/ui/cli","Test":"TestNDJSONFollowRejectsWrongJobBeforeReadingEvents/foreign","Output":"--- PASS: TestNDJSONFollowRejectsWrongJobBeforeReadingEvents/foreign (0.00s)\n","OutputType":"frame"}
{"Time":"2026-09-08T10:19:05.75068539+03:00","Action":"pass","Package":"virmill.local/core/internal/ui/cli","Test":"TestNDJSONFollowRejectsWrongJobBeforeReadingEvents/foreign","Elapsed":0}
{"Time":"2026-09-08T10:19:05.75071122+03:00","Action":"run","Package":"virmill.local/core/internal/ui/cli","Test":"TestNDJSONFollowRejectsWrongJobBeforeReadingEvents/unknown-state"}
{"Time":"2026-09-08T10:19:05.75071511+03:00","Action":"output","Package":"virmill.local/core/internal/ui/cli","Test":"TestNDJSONFollowRejectsWrongJobBeforeReadingEvents/unknown-state","Output":"=== RUN   TestNDJSONFollowRejectsWrongJobBeforeReadingEvents/unknown-state\n","OutputType":"frame"}
{"Time":"2026-09-08T10:19:05.751905027+03:00","Action":"output","Package":"virmill.local/core/internal/ui/cli","Test":"TestNDJSONFollowRejectsWrongJobBeforeReadingEvents/unknown-state","Output":"--- PASS: TestNDJSONFollowRejectsWrongJobBeforeReadingEvents/unknown-state (0.00s)\n","OutputType":"frame"}
{"Time":"2026-09-08T10:19:05.751917531+03:00","Action":"pass","Package":"virmill.local/core/internal/ui/cli","Test":"TestNDJSONFollowRejectsWrongJobBeforeReadingEvents/unknown-state","Elapsed":0}
{"Time":"2026-09-08T10:19:05.751942104+03:00","Action":"run","Package":"virmill.local/core/internal/ui/cli","Test":"TestNDJSONFollowRejectsWrongJobBeforeReadingEvents/empty"}
{"Time":"2026-09-08T10:19:05.751946277+03:00","Action":"output","Package":"virmill.local/core/internal/ui/cli","Test":"TestNDJSONFollowRejectsWrongJobBeforeReadingEvents/empty","Output":"=== RUN   TestNDJSONFollowRejectsWrongJobBeforeReadingEvents/empty\n","OutputType":"frame"}
{"Time":"2026-09-08T10:19:05.75224423+03:00","Action":"output","Package":"virmill.local/core/internal/ui/tui","Test":"TestSearchCompactResultPagingHasNoGaps","Output":"--- PASS: TestSearchCompactResultPagingHasNoGaps (0.00s)\n","OutputType":"frame"}
{"Time":"2026-09-08T10:19:05.752249466+03:00","Action":"pass","Package":"virmill.local/core/internal/ui/tui","Test":"TestSearchCompactResultPagingHasNoGaps","Elapsed":0}
{"Time":"2026-09-08T10:19:05.752270328+03:00","Action":"run","Package":"virmill.local/core/internal/ui/tui","Test":"TestSearchCtrlCOnlyDetaches"}
{"Time":"2026-09-08T10:19:05.752272762+03:00","Action":"output","Package":"virmill.local/core/internal/ui/tui","Test":"TestSearchCtrlCOnlyDetaches","Output":"=== RUN   TestSearchCtrlCOnlyDetaches\n","OutputType":"frame"}
{"Time":"2026-09-08T10:19:05.752367245+03:00","Action":"output","Package":"virmill.local/core/internal/ui/tui","Test":"TestSearchCtrlCOnlyDetaches","Output":"--- PASS: TestSearchCtrlCOnlyDetaches (0.00s)\n","OutputType":"frame"}
{"Time":"2026-09-08T10:19:05.752370726+03:00","Action":"pass","Package":"virmill.local/core/internal/ui/tui","Test":"TestSearchCtrlCOnlyDetaches","Elapsed":0}
{"Time":"2026-09-08T10:19:05.752387778+03:00","Action":"run","Package":"virmill.local/core/internal/ui/tui","Test":"TestTerminalPhysicalSpaceAndShortcutWordsRemainLiteralFormInput"}
{"Time":"2026-09-08T10:19:05.752390079+03:00","Action":"output","Package":"virmill.local/core/internal/ui/tui","Test":"TestTerminalPhysicalSpaceAndShortcutWordsRemainLiteralFormInput","Output":"=== RUN   TestTerminalPhysicalSpaceAndShortcutWordsRemainLiteralFormInput\n","OutputType":"frame"}
{"Time":"2026-09-08T10:19:05.752411194+03:00","Action":"run","Package":"virmill.local/core/internal/ui/tui","Test":"TestTerminalPhysicalSpaceAndShortcutWordsRemainLiteralFormInput/0"}
{"Time":"2026-09-08T10:19:05.752414362+03:00","Action":"output","Package":"virmill.local/core/internal/ui/tui","Test":"TestTerminalPhysicalSpaceAndShortcutWordsRemainLiteralFormInput/0","Output":"=== RUN   TestTerminalPhysicalSpaceAndShortcutWordsRemainLiteralFormInput/0\n","OutputType":"frame"}
{"Time":"2026-09-08T10:19:05.752918758+03:00","Action":"output","Package":"virmill.local/core/internal/ui/tui","Test":"TestTerminalPhysicalSpaceAndShortcutWordsRemainLiteralFormInput/0","Output":"--- PASS: TestTerminalPhysicalSpaceAndShortcutWordsRemainLiteralFormInput/0 (0.00s)\n","OutputType":"frame"}
{"Time":"2026-09-08T10:19:05.752927379+03:00","Action":"pass","Package":"virmill.local/core/internal/ui/tui","Test":"TestTerminalPhysicalSpaceAndShortcutWordsRemainLiteralFormInput/0","Elapsed":0}
{"Time":"2026-09-08T10:19:05.752943721+03:00","Action":"run","Package":"virmill.local/core/internal/ui/tui","Test":"TestTerminalPhysicalSpaceAndShortcutWordsRemainLiteralFormInput/1"}
{"Time":"2026-09-08T10:19:05.752945897+03:00","Action":"output","Package":"virmill.local/core/internal/ui/tui","Test":"TestTerminalPhysicalSpaceAndShortcutWordsRemainLiteralFormInput/1","Output":"=== RUN   TestTerminalPhysicalSpaceAndShortcutWordsRemainLiteralFormInput/1\n","OutputType":"frame"}
{"Time":"2026-09-08T10:19:05.753019311+03:00","Action":"output","Package":"virmill.local/core/internal/ui/cli","Test":"TestNDJSONFollowRejectsWrongJobBeforeReadingEvents/empty","Output":"--- PASS: TestNDJSONFollowRejectsWrongJobBeforeReadingEvents/empty (0.00s)\n","OutputType":"frame"}
{"Time":"2026-09-08T10:19:05.75302849+03:00","Action":"pass","Package":"virmill.local/core/internal/ui/cli","Test":"TestNDJSONFollowRejectsWrongJobBeforeReadingEvents/empty","Elapsed":0}
{"Time":"2026-09-08T10:19:05.753057848+03:00","Action":"output","Package":"virmill.local/core/internal/ui/cli","Test":"TestNDJSONFollowRejectsWrongJobBeforeReadingEvents","Output":"--- PASS: TestNDJSONFollowRejectsWrongJobBeforeReadingEvents (0.00s)\n","OutputType":"frame"}
{"Time":"2026-09-08T10:19:05.7530716+03:00","Action":"pass","Package":"virmill.local/core/internal/ui/cli","Test":"TestNDJSONFollowRejectsWrongJobBeforeReadingEvents","Elapsed":0}
{"Time":"2026-09-08T10:19:05.753088453+03:00","Action":"run","Package":"virmill.local/core/internal/ui/cli","Test":"TestNDJSONFollowDetachRetainsCursorAndNeverCancels"}
{"Time":"2026-09-08T10:19:05.753092501+03:00","Action":"output","Package":"virmill.local/core/internal/ui/cli","Test":"TestNDJSONFollowDetachRetainsCursorAndNeverCancels","Output":"=== RUN   TestNDJSONFollowDetachRetainsCursorAndNeverCancels\n","OutputType":"frame"}
{"Time":"2026-09-08T10:19:05.753139005+03:00","Action":"run","Package":"virmill.local/core/internal/ui/cli","Test":"TestNDJSONFollowDetachRetainsCursorAndNeverCancels/transport"}
{"Time":"2026-09-08T10:19:05.753143637+03:00","Action":"output","Package":"virmill.local/core/internal/ui/cli","Test":"TestNDJSONFollowDetachRetainsCursorAndNeverCancels/transport","Output":"=== RUN   TestNDJSONFollowDetachRetainsCursorAndNeverCancels/transport\n","OutputType":"frame"}
{"Time":"2026-09-08T10:19:05.75344698+03:00","Action":"output","Package":"virmill.local/core/internal/ui/tui","Test":"TestTerminalPhysicalSpaceAndShortcutWordsRemainLiteralFormInput/1","Output":"--- PASS: TestTerminalPhysicalSpaceAndShortcutWordsRemainLiteralFormInput/1 (0.00s)\n","OutputType":"frame"}
{"Time":"2026-09-08T10:19:05.753450633+03:00","Action":"pass","Package":"virmill.local/core/internal/ui/tui","Test":"TestTerminalPhysicalSpaceAndShortcutWordsRemainLiteralFormInput/1","Elapsed":0}
{"Time":"2026-09-08T10:19:05.753484094+03:00","Action":"output","Package":"virmill.local/core/internal/ui/tui","Test":"TestTerminalPhysicalSpaceAndShortcutWordsRemainLiteralFormInput","Output":"--- PASS: TestTerminalPhysicalSpaceAndShortcutWordsRemainLiteralFormInput (0.00s)\n","OutputType":"frame"}
{"Time":"2026-09-08T10:19:05.753488666+03:00","Action":"pass","Package":"virmill.local/core/internal/ui/tui","Test":"TestTerminalPhysicalSpaceAndShortcutWordsRemainLiteralFormInput","Elapsed":0}
{"Time":"2026-09-08T10:19:05.753511476+03:00","Action":"run","Package":"virmill.local/core/internal/ui/tui","Test":"TestTerminalPathWithPhysicalSpacesReachesOnlySelectedService"}
{"Time":"2026-09-08T10:19:05.753512995+03:00","Action":"output","Package":"virmill.local/core/internal/ui/tui","Test":"TestTerminalPathWithPhysicalSpacesReachesOnlySelectedService","Output":"=== RUN   TestTerminalPathWithPhysicalSpacesReachesOnlySelectedService\n","OutputType":"frame"}
{"Time":"2026-09-08T10:19:05.753872264+03:00","Action":"output","Package":"virmill.local/core/internal/ui/tui","Test":"TestTerminalPathWithPhysicalSpacesReachesOnlySelectedService","Output":"--- PASS: TestTerminalPathWithPhysicalSpacesReachesOnlySelectedService (0.00s)\n","OutputType":"frame"}
{"Time":"2026-09-08T10:19:05.753884426+03:00","Action":"pass","Package":"virmill.local/core/internal/ui/tui","Test":"TestTerminalPathWithPhysicalSpacesReachesOnlySelectedService","Elapsed":0}
{"Time":"2026-09-08T10:19:05.753888834+03:00","Action":"run","Package":"virmill.local/core/internal/ui/tui","Test":"TestTerminalLongApprovalRetainsVisibleInputAndPageableExactReview"}
{"Time":"2026-09-08T10:19:05.753891575+03:00","Action":"output","Package":"virmill.local/core/internal/ui/tui","Test":"TestTerminalLongApprovalRetainsVisibleInputAndPageableExactReview","Output":"=== RUN   TestTerminalLongApprovalRetainsVisibleInputAndPageableExactReview\n","OutputType":"frame"}
{"Time":"2026-09-08T10:19:05.754572828+03:00","Action":"output","Package":"virmill.local/core/internal/ui/cli","Test":"TestNDJSONFollowDetachRetainsCursorAndNeverCancels/transport","Output":"--- PASS: TestNDJSONFollowDetachRetainsCursorAndNeverCancels/transport (0.00s)\n","OutputType":"frame"}
{"Time":"2026-09-08T10:19:05.754589023+03:00","Action":"pass","Package":"virmill.local/core/internal/ui/cli","Test":"TestNDJSONFollowDetachRetainsCursorAndNeverCancels/transport","Elapsed":0}
{"Time":"2026-09-08T10:19:05.754608601+03:00","Action":"run","Package":"virmill.local/core/internal/ui/cli","Test":"TestNDJSONFollowDetachRetainsCursorAndNeverCancels/timeout"}
{"Time":"2026-09-08T10:19:05.754613156+03:00","Action":"output","Package":"virmill.local/core/internal/ui/cli","Test":"TestNDJSONFollowDetachRetainsCursorAndNeverCancels/timeout","Output":"=== RUN   TestNDJSONFollowDetachRetainsCursorAndNeverCancels/timeout\n","OutputType":"frame"}
{"Time":"2026-09-08T10:19:05.817378501+03:00","Action":"output","Package":"virmill.local/core/internal/app","Test":"TestProtectedNetworkProfilesPersistPolicyAndReservations/nat-dhcp","Output":"--- PASS: TestProtectedNetworkProfilesPersistPolicyAndReservations/nat-dhcp (0.09s)\n","OutputType":"frame"}
{"Time":"2026-09-08T10:19:05.817863082+03:00","Action":"pass","Package":"virmill.local/core/internal/app","Test":"TestProtectedNetworkProfilesPersistPolicyAndReservations/nat-dhcp","Elapsed":0.09}
{"Time":"2026-09-08T10:19:05.817883036+03:00","Action":"run","Package":"virmill.local/core/internal/app","Test":"TestProtectedNetworkProfilesPersistPolicyAndReservations/nat-static"}
{"Time":"2026-09-08T10:19:05.817887151+03:00","Action":"output","Package":"virmill.local/core/internal/app","Test":"TestProtectedNetworkProfilesPersistPolicyAndReservations/nat-static","Output":"=== RUN   TestProtectedNetworkProfilesPersistPolicyAndReservations/nat-static\n","OutputType":"frame"}
{"Time":"2026-09-08T10:19:05.856503743+03:00","Action":"output","Package":"virmill.local/core/internal/ui/cli","Test":"TestNDJSONFollowDetachRetainsCursorAndNeverCancels/timeout","Output":"--- PASS: TestNDJSONFollowDetachRetainsCursorAndNeverCancels/timeout (0.10s)\n","OutputType":"frame"}
{"Time":"2026-09-08T10:19:05.856541145+03:00","Action":"pass","Package":"virmill.local/core/internal/ui/cli","Test":"TestNDJSONFollowDetachRetainsCursorAndNeverCancels/timeout","Elapsed":0.1}
{"Time":"2026-09-08T10:19:05.856548296+03:00","Action":"run","Package":"virmill.local/core/internal/ui/cli","Test":"TestNDJSONFollowDetachRetainsCursorAndNeverCancels/interrupt"}
{"Time":"2026-09-08T10:19:05.856550647+03:00","Action":"output","Package":"virmill.local/core/internal/ui/cli","Test":"TestNDJSONFollowDetachRetainsCursorAndNeverCancels/interrupt","Output":"=== RUN   TestNDJSONFollowDetachRetainsCursorAndNeverCancels/interrupt\n","OutputType":"frame"}
{"Time":"2026-09-08T10:19:05.858148856+03:00","Action":"output","Package":"virmill.local/core/internal/ui/cli","Test":"TestNDJSONFollowDetachRetainsCursorAndNeverCancels/interrupt","Output":"--- PASS: TestNDJSONFollowDetachRetainsCursorAndNeverCancels/interrupt (0.00s)\n","OutputType":"frame"}
{"Time":"2026-09-08T10:19:05.858176732+03:00","Action":"pass","Package":"virmill.local/core/internal/ui/cli","Test":"TestNDJSONFollowDetachRetainsCursorAndNeverCancels/interrupt","Elapsed":0}
{"Time":"2026-09-08T10:19:05.858187664+03:00","Action":"output","Package":"virmill.local/core/internal/ui/cli","Test":"TestNDJSONFollowDetachRetainsCursorAndNeverCancels","Output":"--- PASS: TestNDJSONFollowDetachRetainsCursorAndNeverCancels (0.10s)\n","OutputType":"frame"}
{"Time":"2026-09-08T10:19:05.858196852+03:00","Action":"pass","Package":"virmill.local/core/internal/ui/cli","Test":"TestNDJSONFollowDetachRetainsCursorAndNeverCancels","Elapsed":0.1}
{"Time":"2026-09-08T10:19:05.858201021+03:00","Action":"run","Package":"virmill.local/core/internal/ui/cli","Test":"TestNDJSONFollowCancellationWhileIdleAndBeforeCall"}
{"Time":"2026-09-08T10:19:05.85820363+03:00","Action":"output","Package":"virmill.local/core/internal/ui/cli","Test":"TestNDJSONFollowCancellationWhileIdleAndBeforeCall","Output":"=== RUN   TestNDJSONFollowCancellationWhileIdleAndBeforeCall\n","OutputType":"frame"}
{"Time":"2026-09-08T10:19:05.858206983+03:00","Action":"run","Package":"virmill.local/core/internal/ui/cli","Test":"TestNDJSONFollowCancellationWhileIdleAndBeforeCall/false"}
{"Time":"2026-09-08T10:19:05.858208971+03:00","Action":"output","Package":"virmill.local/core/internal/ui/cli","Test":"TestNDJSONFollowCancellationWhileIdleAndBeforeCall/false","Output":"=== RUN   TestNDJSONFollowCancellationWhileIdleAndBeforeCall/false\n","OutputType":"frame"}
{"Time":"2026-09-08T10:19:05.859581257+03:00","Action":"output","Package":"virmill.local/core/internal/ui/cli","Test":"TestNDJSONFollowCancellationWhileIdleAndBeforeCall/false","Output":"--- PASS: TestNDJSONFollowCancellationWhileIdleAndBeforeCall/false (0.00s)\n","OutputType":"frame"}
{"Time":"2026-09-08T10:19:05.859599672+03:00","Action":"pass","Package":"virmill.local/core/internal/ui/cli","Test":"TestNDJSONFollowCancellationWhileIdleAndBeforeCall/false","Elapsed":0}
{"Time":"2026-09-08T10:19:05.859604259+03:00","Action":"run","Package":"virmill.local/core/internal/ui/cli","Test":"TestNDJSONFollowCancellationWhileIdleAndBeforeCall/true"}
{"Time":"2026-09-08T10:19:05.859606989+03:00","Action":"output","Package":"virmill.local/core/internal/ui/cli","Test":"TestNDJSONFollowCancellationWhileIdleAndBeforeCall/true","Output":"=== RUN   TestNDJSONFollowCancellationWhileIdleAndBeforeCall/true\n","OutputType":"frame"}
{"Time":"2026-09-08T10:19:05.860422561+03:00","Action":"output","Package":"virmill.local/core/internal/ui/cli","Test":"TestNDJSONFollowCancellationWhileIdleAndBeforeCall/true","Output":"--- PASS: TestNDJSONFollowCancellationWhileIdleAndBeforeCall/true (0.00s)\n","OutputType":"frame"}
{"Time":"2026-09-08T10:19:05.860439882+03:00","Action":"pass","Package":"virmill.local/core/internal/ui/cli","Test":"TestNDJSONFollowCancellationWhileIdleAndBeforeCall/true","Elapsed":0}
{"Time":"2026-09-08T10:19:05.860469321+03:00","Action":"output","Package":"virmill.local/core/internal/ui/cli","Test":"TestNDJSONFollowCancellationWhileIdleAndBeforeCall","Output":"--- PASS: TestNDJSONFollowCancellationWhileIdleAndBeforeCall (0.00s)\n","OutputType":"frame"}
{"Time":"2026-09-08T10:19:05.860478484+03:00","Action":"pass","Package":"virmill.local/core/internal/ui/cli","Test":"TestNDJSONFollowCancellationWhileIdleAndBeforeCall","Elapsed":0}
{"Time":"2026-09-08T10:19:05.860499146+03:00","Action":"run","Package":"virmill.local/core/internal/ui/cli","Test":"TestNDJSONFollowTerminalFailuresAreNonzero"}
{"Time":"2026-09-08T10:19:05.860503662+03:00","Action":"output","Package":"virmill.local/core/internal/ui/cli","Test":"TestNDJSONFollowTerminalFailuresAreNonzero","Output":"=== RUN   TestNDJSONFollowTerminalFailuresAreNonzero\n","OutputType":"frame"}
{"Time":"2026-09-08T10:19:05.860533265+03:00","Action":"run","Package":"virmill.local/core/internal/ui/cli","Test":"TestNDJSONFollowTerminalFailuresAreNonzero/failed"}
{"Time":"2026-09-08T10:19:05.860542169+03:00","Action":"output","Package":"virmill.local/core/internal/ui/cli","Test":"TestNDJSONFollowTerminalFailuresAreNonzero/failed","Output":"=== RUN   TestNDJSONFollowTerminalFailuresAreNonzero/failed\n","OutputType":"frame"}
{"Time":"2026-09-08T10:19:05.861710047+03:00","Action":"output","Package":"virmill.local/core/internal/ui/cli","Test":"TestNDJSONFollowTerminalFailuresAreNonzero/failed","Output":"--- PASS: TestNDJSONFollowTerminalFailuresAreNonzero/failed (0.00s)\n","OutputType":"frame"}
{"Time":"2026-09-08T10:19:05.861719998+03:00","Action":"pass","Package":"virmill.local/core/internal/ui/cli","Test":"TestNDJSONFollowTerminalFailuresAreNonzero/failed","Elapsed":0}
{"Time":"2026-09-08T10:19:05.861738683+03:00","Action":"run","Package":"virmill.local/core/internal/ui/cli","Test":"TestNDJSONFollowTerminalFailuresAreNonzero/canceled"}
{"Time":"2026-09-08T10:19:05.861742038+03:00","Action":"output","Package":"virmill.local/core/internal/ui/cli","Test":"TestNDJSONFollowTerminalFailuresAreNonzero/canceled","Output":"=== RUN   TestNDJSONFollowTerminalFailuresAreNonzero/canceled\n","OutputType":"frame"}
{"Time":"2026-09-08T10:19:05.862959568+03:00","Action":"output","Package":"virmill.local/core/internal/ui/cli","Test":"TestNDJSONFollowTerminalFailuresAreNonzero/canceled","Output":"--- PASS: TestNDJSONFollowTerminalFailuresAreNonzero/canceled (0.00s)\n","OutputType":"frame"}
{"Time":"2026-09-08T10:19:05.862973057+03:00","Action":"pass","Package":"virmill.local/core/internal/ui/cli","Test":"TestNDJSONFollowTerminalFailuresAreNonzero/canceled","Elapsed":0}
{"Time":"2026-09-08T10:19:05.862976995+03:00","Action":"run","Package":"virmill.local/core/internal/ui/cli","Test":"TestNDJSONFollowTerminalFailuresAreNonzero/partial"}
{"Time":"2026-09-08T10:19:05.86297961+03:00","Action":"output","Package":"virmill.local/core/internal/ui/cli","Test":"TestNDJSONFollowTerminalFailuresAreNonzero/partial","Output":"=== RUN   TestNDJSONFollowTerminalFailuresAreNonzero/partial\n","OutputType":"frame"}
{"Time":"2026-09-08T10:19:05.86402519+03:00","Action":"output","Package":"virmill.local/core/internal/ui/cli","Test":"TestNDJSONFollowTerminalFailuresAreNonzero/partial","Output":"--- PASS: TestNDJSONFollowTerminalFailuresAreNonzero/partial (0.00s)\n","OutputType":"frame"}
{"Time":"2026-09-08T10:19:05.864034376+03:00","Action":"pass","Package":"virmill.local/core/internal/ui/cli","Test":"TestNDJSONFollowTerminalFailuresAreNonzero/partial","Elapsed":0}
{"Time":"2026-09-08T10:19:05.864057284+03:00","Action":"run","Package":"virmill.local/core/internal/ui/cli","Test":"TestNDJSONFollowTerminalFailuresAreNonzero/recovery-required"}
{"Time":"2026-09-08T10:19:05.864061029+03:00","Action":"output","Package":"virmill.local/core/internal/ui/cli","Test":"TestNDJSONFollowTerminalFailuresAreNonzero/recovery-required","Output":"=== RUN   TestNDJSONFollowTerminalFailuresAreNonzero/recovery-required\n","OutputType":"frame"}
{"Time":"2026-09-08T10:19:05.865262559+03:00","Action":"output","Package":"virmill.local/core/internal/ui/cli","Test":"TestNDJSONFollowTerminalFailuresAreNonzero/recovery-required","Output":"--- PASS: TestNDJSONFollowTerminalFailuresAreNonzero/recovery-required (0.00s)\n","OutputType":"frame"}
{"Time":"2026-09-08T10:19:05.865275229+03:00","Action":"pass","Package":"virmill.local/core/internal/ui/cli","Test":"TestNDJSONFollowTerminalFailuresAreNonzero/recovery-required","Elapsed":0}
{"Time":"2026-09-08T10:19:05.865539929+03:00","Action":"output","Package":"virmill.local/core/internal/ui/cli","Test":"TestNDJSONFollowTerminalFailuresAreNonzero","Output":"--- PASS: TestNDJSONFollowTerminalFailuresAreNonzero (0.01s)\n","OutputType":"frame"}
{"Time":"2026-09-08T10:19:05.86555134+03:00","Action":"pass","Package":"virmill.local/core/internal/ui/cli","Test":"TestNDJSONFollowTerminalFailuresAreNonzero","Elapsed":0.01}
{"Time":"2026-09-08T10:19:05.865554878+03:00","Action":"run","Package":"virmill.local/core/internal/ui/cli","Test":"TestNDJSONFollowOutputFailureNeverRetriesOrAppends"}
{"Time":"2026-09-08T10:19:05.865556157+03:00","Action":"output","Package":"virmill.local/core/internal/ui/cli","Test":"TestNDJSONFollowOutputFailureNeverRetriesOrAppends","Output":"=== RUN   TestNDJSONFollowOutputFailureNeverRetriesOrAppends\n","OutputType":"frame"}
{"Time":"2026-09-08T10:19:05.865568471+03:00","Action":"run","Package":"virmill.local/core/internal/ui/cli","Test":"TestNDJSONFollowOutputFailureNeverRetriesOrAppends/\u003cnil\u003e"}
{"Time":"2026-09-08T10:19:05.865570101+03:00","Action":"output","Package":"virmill.local/core/internal/ui/cli","Test":"TestNDJSONFollowOutputFailureNeverRetriesOrAppends/\u003cnil\u003e","Output":"=== RUN   TestNDJSONFollowOutputFailureNeverRetriesOrAppends/\u003cnil\u003e\n","OutputType":"frame"}
{"Time":"2026-09-08T10:19:05.866447856+03:00","Action":"output","Package":"virmill.local/core/internal/ui/cli","Test":"TestNDJSONFollowOutputFailureNeverRetriesOrAppends/\u003cnil\u003e","Output":"--- PASS: TestNDJSONFollowOutputFailureNeverRetriesOrAppends/\u003cnil\u003e (0.00s)\n","OutputType":"frame"}
{"Time":"2026-09-08T10:19:05.866452575+03:00","Action":"pass","Package":"virmill.local/core/internal/ui/cli","Test":"TestNDJSONFollowOutputFailureNeverRetriesOrAppends/\u003cnil\u003e","Elapsed":0}
{"Time":"2026-09-08T10:19:05.866477568+03:00","Action":"run","Package":"virmill.local/core/internal/ui/cli","Test":"TestNDJSONFollowOutputFailureNeverRetriesOrAppends/fixture_broken_pipe"}
{"Time":"2026-09-08T10:19:05.866482737+03:00","Action":"output","Package":"virmill.local/core/internal/ui/cli","Test":"TestNDJSONFollowOutputFailureNeverRetriesOrAppends/fixture_broken_pipe","Output":"=== RUN   TestNDJSONFollowOutputFailureNeverRetriesOrAppends/fixture_broken_pipe\n","OutputType":"frame"}
{"Time":"2026-09-08T10:19:05.867241935+03:00","Action":"output","Package":"virmill.local/core/internal/ui/cli","Test":"TestNDJSONFollowOutputFailureNeverRetriesOrAppends/fixture_broken_pipe","Output":"--- PASS: TestNDJSONFollowOutputFailureNeverRetriesOrAppends/fixture_broken_pipe (0.00s)\n","OutputType":"frame"}
{"Time":"2026-09-08T10:19:05.867247216+03:00","Action":"pass","Package":"virmill.local/core/internal/ui/cli","Test":"TestNDJSONFollowOutputFailureNeverRetriesOrAppends/fixture_broken_pipe","Elapsed":0}
{"Time":"2026-09-08T10:19:05.867267395+03:00","Action":"output","Package":"virmill.local/core/internal/ui/cli","Test":"TestNDJSONFollowOutputFailureNeverRetriesOrAppends","Output":"--- PASS: TestNDJSONFollowOutputFailureNeverRetriesOrAppends (0.00s)\n","OutputType":"frame"}
{"Time":"2026-09-08T10:19:05.867270211+03:00","Action":"pass","Package":"virmill.local/core/internal/ui/cli","Test":"TestNDJSONFollowOutputFailureNeverRetriesOrAppends","Elapsed":0}
{"Time":"2026-09-08T10:19:05.867283592+03:00","Action":"run","Package":"virmill.local/core/internal/ui/cli","Test":"TestNDJSONFollowRejectsHiddenInputsAndKeepsSnapshotCompatibility"}
{"Time":"2026-09-08T10:19:05.867285865+03:00","Action":"output","Package":"virmill.local/core/internal/ui/cli","Test":"TestNDJSONFollowRejectsHiddenInputsAndKeepsSnapshotCompatibility","Output":"=== RUN   TestNDJSONFollowRejectsHiddenInputsAndKeepsSnapshotCompatibility\n","OutputType":"frame"}
{"Time":"2026-09-08T10:19:05.867305663+03:00","Action":"run","Package":"virmill.local/core/internal/ui/cli","Test":"TestNDJSONFollowRejectsHiddenInputsAndKeepsSnapshotCompatibility/operation_watch_stream-job_--follow_--output_json"}
{"Time":"2026-09-08T10:19:05.867307852+03:00","Action":"output","Package":"virmill.local/core/internal/ui/cli","Test":"TestNDJSONFollowRejectsHiddenInputsAndKeepsSnapshotCompatibility/operation_watch_stream-job_--follow_--output_json","Output":"=== RUN   TestNDJSONFollowRejectsHiddenInputsAndKeepsSnapshotCompatibility/operation_watch_stream-job_--follow_--output_json\n","OutputType":"frame"}
{"Time":"2026-09-08T10:19:05.86778013+03:00","Action":"output","Package":"virmill.local/core/internal/ui/cli","Test":"TestNDJSONFollowRejectsHiddenInputsAndKeepsSnapshotCompatibility/operation_watch_stream-job_--follow_--output_json","Output":"--- PASS: TestNDJSONFollowRejectsHiddenInputsAndKeepsSnapshotCompatibility/operation_watch_stream-job_--follow_--output_json (0.00s)\n","OutputType":"frame"}
{"Time":"2026-09-08T10:19:05.867794412+03:00","Action":"pass","Package":"virmill.local/core/internal/ui/cli","Test":"TestNDJSONFollowRejectsHiddenInputsAndKeepsSnapshotCompatibility/operation_watch_stream-job_--follow_--output_json","Elapsed":0}
{"Time":"2026-09-08T10:19:05.867811029+03:00","Action":"run","Package":"virmill.local/core/internal/ui/cli","Test":"TestNDJSONFollowRejectsHiddenInputsAndKeepsSnapshotCompatibility/operation_watch_stream-job_--follow_--output_ndjson_--after_-1"}
{"Time":"2026-09-08T10:19:05.867813143+03:00","Action":"output","Package":"virmill.local/core/internal/ui/cli","Test":"TestNDJSONFollowRejectsHiddenInputsAndKeepsSnapshotCompatibility/operation_watch_stream-job_--follow_--output_ndjson_--after_-1","Output":"=== RUN   TestNDJSONFollowRejectsHiddenInputsAndKeepsSnapshotCompatibility/operation_watch_stream-job_--follow_--output_ndjson_--after_-1\n","OutputType":"frame"}
{"Time":"2026-09-08T10:19:05.868321781+03:00","Action":"output","Package":"virmill.local/core/internal/ui/cli","Test":"TestNDJSONFollowRejectsHiddenInputsAndKeepsSnapshotCompatibility/operation_watch_stream-job_--follow_--output_ndjson_--after_-1","Output":"--- PASS: TestNDJSONFollowRejectsHiddenInputsAndKeepsSnapshotCompatibility/operation_watch_stream-job_--follow_--output_ndjson_--after_-1 (0.00s)\n","OutputType":"frame"}
{"Time":"2026-09-08T10:19:05.868336918+03:00","Action":"pass","Package":"virmill.local/core/internal/ui/cli","Test":"TestNDJSONFollowRejectsHiddenInputsAndKeepsSnapshotCompatibility/operation_watch_stream-job_--follow_--output_ndjson_--after_-1","Elapsed":0}
{"Time":"2026-09-08T10:19:05.868350573+03:00","Action":"run","Package":"virmill.local/core/internal/ui/cli","Test":"TestNDJSONFollowRejectsHiddenInputsAndKeepsSnapshotCompatibility/operation_watch_stream-job_--follow_--output_ndjson_--input_{\"cancel\":true}"}
{"Time":"2026-09-08T10:19:05.868354198+03:00","Action":"output","Package":"virmill.local/core/internal/ui/cli","Test":"TestNDJSONFollowRejectsHiddenInputsAndKeepsSnapshotCompatibility/operation_watch_stream-job_--follow_--output_ndjson_--input_{\"cancel\":true}","Output":"=== RUN   TestNDJSONFollowRejectsHiddenInputsAndKeepsSnapshotCompatibility/operation_watch_stream-job_--follow_--output_ndjson_--input_{\"cancel\":true}\n","OutputType":"frame"}
{"Time":"2026-09-08T10:19:05.869062877+03:00","Action":"output","Package":"virmill.local/core/internal/ui/cli","Test":"TestNDJSONFollowRejectsHiddenInputsAndKeepsSnapshotCompatibility/operation_watch_stream-job_--follow_--output_ndjson_--input_{\"cancel\":true}","Output":"--- PASS: TestNDJSONFollowRejectsHiddenInputsAndKeepsSnapshotCompatibility/operation_watch_stream-job_--follow_--output_ndjson_--input_{\"cancel\":true} (0.00s)\n","OutputType":"frame"}
{"Time":"2026-09-08T10:19:05.869077528+03:00","Action":"pass","Package":"virmill.local/core/internal/ui/cli","Test":"TestNDJSONFollowRejectsHiddenInputsAndKeepsSnapshotCompatibility/operation_watch_stream-job_--follow_--output_ndjson_--input_{\"cancel\":true}","Elapsed":0}
{"Time":"2026-09-08T10:19:05.869099584+03:00","Action":"run","Package":"virmill.local/core/internal/ui/cli","Test":"TestNDJSONFollowRejectsHiddenInputsAndKeepsSnapshotCompatibility/operation_watch_bad/id_--follow_--output_ndjson"}
{"Time":"2026-09-08T10:19:05.86910349+03:00","Action":"output","Package":"virmill.local/core/internal/ui/cli","Test":"TestNDJSONFollowRejectsHiddenInputsAndKeepsSnapshotCompatibility/operation_watch_bad/id_--follow_--output_ndjson","Output":"=== RUN   TestNDJSONFollowRejectsHiddenInputsAndKeepsSnapshotCompatibility/operation_watch_bad/id_--follow_--output_ndjson\n","OutputType":"frame"}
{"Time":"2026-09-08T10:19:05.869986331+03:00","Action":"output","Package":"virmill.local/core/internal/ui/cli","Test":"TestNDJSONFollowRejectsHiddenInputsAndKeepsSnapshotCompatibility/operation_watch_bad/id_--follow_--output_ndjson","Output":"--- PASS: TestNDJSONFollowRejectsHiddenInputsAndKeepsSnapshotCompatibility/operation_watch_bad/id_--follow_--output_ndjson (0.00s)\n","OutputType":"frame"}
{"Time":"2026-09-08T10:19:05.869999573+03:00","Action":"pass","Package":"virmill.local/core/internal/ui/cli","Test":"TestNDJSONFollowRejectsHiddenInputsAndKeepsSnapshotCompatibility/operation_watch_bad/id_--follow_--output_ndjson","Elapsed":0}
{"Time":"2026-09-08T10:19:05.870004578+03:00","Action":"run","Package":"virmill.local/core/internal/ui/cli","Test":"TestNDJSONFollowRejectsHiddenInputsAndKeepsSnapshotCompatibility/snapshot-json"}
{"Time":"2026-09-08T10:19:05.870007505+03:00","Action":"output","Package":"virmill.local/core/internal/ui/cli","Test":"TestNDJSONFollowRejectsHiddenInputsAndKeepsSnapshotCompatibility/snapshot-json","Output":"=== RUN   TestNDJSONFollowRejectsHiddenInputsAndKeepsSnapshotCompatibility/snapshot-json\n","OutputType":"frame"}
{"Time":"2026-09-08T10:19:05.871157427+03:00","Action":"output","Package":"virmill.local/core/internal/ui/cli","Test":"TestNDJSONFollowRejectsHiddenInputsAndKeepsSnapshotCompatibility/snapshot-json","Output":"--- PASS: TestNDJSONFollowRejectsHiddenInputsAndKeepsSnapshotCompatibility/snapshot-json (0.00s)\n","OutputType":"frame"}
{"Time":"2026-09-08T10:19:05.871170172+03:00","Action":"pass","Package":"virmill.local/core/internal/ui/cli","Test":"TestNDJSONFollowRejectsHiddenInputsAndKeepsSnapshotCompatibility/snapshot-json","Elapsed":0}
{"Time":"2026-09-08T10:19:05.871174838+03:00","Action":"run","Package":"virmill.local/core/internal/ui/cli","Test":"TestNDJSONFollowRejectsHiddenInputsAndKeepsSnapshotCompatibility/snapshot-ndjson"}
{"Time":"2026-09-08T10:19:05.871177695+03:00","Action":"output","Package":"virmill.local/core/internal/ui/cli","Test":"TestNDJSONFollowRejectsHiddenInputsAndKeepsSnapshotCompatibility/snapshot-ndjson","Output":"=== RUN   TestNDJSONFollowRejectsHiddenInputsAndKeepsSnapshotCompatibility/snapshot-ndjson\n","OutputType":"frame"}
{"Time":"2026-09-08T10:19:05.871797014+03:00","Action":"output","Package":"virmill.local/core/internal/ui/cli","Test":"TestNDJSONFollowRejectsHiddenInputsAndKeepsSnapshotCompatibility/snapshot-ndjson","Output":"--- PASS: TestNDJSONFollowRejectsHiddenInputsAndKeepsSnapshotCompatibility/snapshot-ndjson (0.00s)\n","OutputType":"frame"}
{"Time":"2026-09-08T10:19:05.871832382+03:00","Action":"pass","Package":"virmill.local/core/internal/ui/cli","Test":"TestNDJSONFollowRejectsHiddenInputsAndKeepsSnapshotCompatibility/snapshot-ndjson","Elapsed":0}
{"Time":"2026-09-08T10:19:05.871838339+03:00","Action":"output","Package":"virmill.local/core/internal/ui/cli","Test":"TestNDJSONFollowRejectsHiddenInputsAndKeepsSnapshotCompatibility","Output":"--- PASS: TestNDJSONFollowRejectsHiddenInputsAndKeepsSnapshotCompatibility (0.00s)\n","OutputType":"frame"}
{"Time":"2026-09-08T10:19:05.871842182+03:00","Action":"pass","Package":"virmill.local/core/internal/ui/cli","Test":"TestNDJSONFollowRejectsHiddenInputsAndKeepsSnapshotCompatibility","Elapsed":0}
{"Time":"2026-09-08T10:19:05.871845157+03:00","Action":"run","Package":"virmill.local/core/internal/ui/cli","Test":"TestPlanApplyWaitNDJSONUsesOneBoundSubmissionAndSharedFollow"}
{"Time":"2026-09-08T10:19:05.871847712+03:00","Action":"output","Package":"virmill.local/core/internal/ui/cli","Test":"TestPlanApplyWaitNDJSONUsesOneBoundSubmissionAndSharedFollow","Output":"=== RUN   TestPlanApplyWaitNDJSONUsesOneBoundSubmissionAndSharedFollow\n","OutputType":"frame"}
{"Time":"2026-09-08T10:19:05.871850649+03:00","Action":"run","Package":"virmill.local/core/internal/ui/cli","Test":"TestPlanApplyWaitNDJSONUsesOneBoundSubmissionAndSharedFollow/json"}
{"Time":"2026-09-08T10:19:05.871853157+03:00","Action":"output","Package":"virmill.local/core/internal/ui/cli","Test":"TestPlanApplyWaitNDJSONUsesOneBoundSubmissionAndSharedFollow/json","Output":"=== RUN   TestPlanApplyWaitNDJSONUsesOneBoundSubmissionAndSharedFollow/json\n","OutputType":"frame"}
{"Time":"2026-09-08T10:19:05.873007409+03:00","Action":"output","Package":"virmill.local/core/internal/ui/cli","Test":"TestPlanApplyWaitNDJSONUsesOneBoundSubmissionAndSharedFollow/json","Output":"--- PASS: TestPlanApplyWaitNDJSONUsesOneBoundSubmissionAndSharedFollow/json (0.00s)\n","OutputType":"frame"}
{"Time":"2026-09-08T10:19:05.873023115+03:00","Action":"pass","Package":"virmill.local/core/internal/ui/cli","Test":"TestPlanApplyWaitNDJSONUsesOneBoundSubmissionAndSharedFollow/json","Elapsed":0}
{"Time":"2026-09-08T10:19:05.87303728+03:00","Action":"run","Package":"virmill.local/core/internal/ui/cli","Test":"TestPlanApplyWaitNDJSONUsesOneBoundSubmissionAndSharedFollow/ndjson"}
{"Time":"2026-09-08T10:19:05.873040995+03:00","Action":"output","Package":"virmill.local/core/internal/ui/cli","Test":"TestPlanApplyWaitNDJSONUsesOneBoundSubmissionAndSharedFollow/ndjson","Output":"=== RUN   TestPlanApplyWaitNDJSONUsesOneBoundSubmissionAndSharedFollow/ndjson\n","OutputType":"frame"}
{"Time":"2026-09-08T10:19:05.875546058+03:00","Action":"output","Package":"virmill.local/core/internal/ui/cli","Test":"TestPlanApplyWaitNDJSONUsesOneBoundSubmissionAndSharedFollow/ndjson","Output":"--- PASS: TestPlanApplyWaitNDJSONUsesOneBoundSubmissionAndSharedFollow/ndjson (0.00s)\n","OutputType":"frame"}
{"Time":"2026-09-08T10:19:05.875559282+03:00","Action":"pass","Package":"virmill.local/core/internal/ui/cli","Test":"TestPlanApplyWaitNDJSONUsesOneBoundSubmissionAndSharedFollow/ndjson","Elapsed":0}
{"Time":"2026-09-08T10:19:05.875564924+03:00","Action":"output","Package":"virmill.local/core/internal/ui/cli","Test":"TestPlanApplyWaitNDJSONUsesOneBoundSubmissionAndSharedFollow","Output":"--- PASS: TestPlanApplyWaitNDJSONUsesOneBoundSubmissionAndSharedFollow (0.00s)\n","OutputType":"frame"}
{"Time":"2026-09-08T10:19:05.875568286+03:00","Action":"pass","Package":"virmill.local/core/internal/ui/cli","Test":"TestPlanApplyWaitNDJSONUsesOneBoundSubmissionAndSharedFollow","Elapsed":0}
{"Time":"2026-09-08T10:19:05.875571884+03:00","Action":"run","Package":"virmill.local/core/internal/ui/cli","Test":"TestPlanApplyWaitTransportFailureDoesNotResubmit"}
{"Time":"2026-09-08T10:19:05.875574554+03:00","Action":"output","Package":"virmill.local/core/internal/ui/cli","Test":"TestPlanApplyWaitTransportFailureDoesNotResubmit","Output":"=== RUN   TestPlanApplyWaitTransportFailureDoesNotResubmit\n","OutputType":"frame"}
{"Time":"2026-09-08T10:19:05.875577492+03:00","Action":"run","Package":"virmill.local/core/internal/ui/cli","Test":"TestPlanApplyWaitTransportFailureDoesNotResubmit/false"}
{"Time":"2026-09-08T10:19:05.875579942+03:00","Action":"output","Package":"virmill.local/core/internal/ui/cli","Test":"TestPlanApplyWaitTransportFailureDoesNotResubmit/false","Output":"=== RUN   TestPlanApplyWaitTransportFailureDoesNotResubmit/false\n","OutputType":"frame"}
{"Time":"2026-09-08T10:19:05.876343479+03:00","Action":"output","Package":"virmill.local/core/internal/ui/cli","Test":"TestPlanApplyWaitTransportFailureDoesNotResubmit/false","Output":"--- PASS: TestPlanApplyWaitTransportFailureDoesNotResubmit/false (0.00s)\n","OutputType":"frame"}
{"Time":"2026-09-08T10:19:05.876361233+03:00","Action":"pass","Package":"virmill.local/core/internal/ui/cli","Test":"TestPlanApplyWaitTransportFailureDoesNotResubmit/false","Elapsed":0}
{"Time":"2026-09-08T10:19:05.876371937+03:00","Action":"run","Package":"virmill.local/core/internal/ui/cli","Test":"TestPlanApplyWaitTransportFailureDoesNotResubmit/true"}
{"Time":"2026-09-08T10:19:05.876374161+03:00","Action":"output","Package":"virmill.local/core/internal/ui/cli","Test":"TestPlanApplyWaitTransportFailureDoesNotResubmit/true","Output":"=== RUN   TestPlanApplyWaitTransportFailureDoesNotResubmit/true\n","OutputType":"frame"}
{"Time":"2026-09-08T10:19:05.877597858+03:00","Action":"output","Package":"virmill.local/core/internal/ui/cli","Test":"TestPlanApplyWaitTransportFailureDoesNotResubmit/true","Output":"--- PASS: TestPlanApplyWaitTransportFailureDoesNotResubmit/true (0.00s)\n","OutputType":"frame"}
{"Time":"2026-09-08T10:19:05.877610263+03:00","Action":"pass","Package":"virmill.local/core/internal/ui/cli","Test":"TestPlanApplyWaitTransportFailureDoesNotResubmit/true","Elapsed":0}
{"Time":"2026-09-08T10:19:05.877655132+03:00","Action":"output","Package":"virmill.local/core/internal/ui/cli","Test":"TestPlanApplyWaitTransportFailureDoesNotResubmit","Output":"--- PASS: TestPlanApplyWaitTransportFailureDoesNotResubmit (0.00s)\n","OutputType":"frame"}
{"Time":"2026-09-08T10:19:05.877668703+03:00","Action":"pass","Package":"virmill.local/core/internal/ui/cli","Test":"TestPlanApplyWaitTransportFailureDoesNotResubmit","Elapsed":0}
{"Time":"2026-09-08T10:19:05.877686744+03:00","Action":"run","Package":"virmill.local/core/internal/ui/cli","Test":"TestNDJSONFollowReadsRealSharedJournalWithoutChangingIt"}
{"Time":"2026-09-08T10:19:05.877690911+03:00","Action":"output","Package":"virmill.local/core/internal/ui/cli","Test":"TestNDJSONFollowReadsRealSharedJournalWithoutChangingIt","Output":"=== RUN   TestNDJSONFollowReadsRealSharedJournalWithoutChangingIt\n","OutputType":"frame"}
{"Time":"2026-09-08T10:19:05.883075928+03:00","Action":"output","Package":"virmill.local/core/internal/ui/cli","Test":"TestNDJSONFollowReadsRealSharedJournalWithoutChangingIt","Output":"--- PASS: TestNDJSONFollowReadsRealSharedJournalWithoutChangingIt (0.01s)\n","OutputType":"frame"}
{"Time":"2026-09-08T10:19:05.883091859+03:00","Action":"pass","Package":"virmill.local/core/internal/ui/cli","Test":"TestNDJSONFollowReadsRealSharedJournalWithoutChangingIt","Elapsed":0.01}
{"Time":"2026-09-08T10:19:05.883104343+03:00","Action":"run","Package":"virmill.local/core/internal/ui/cli","Test":"TestPlanApplyWaitRejectsForeignAcceptanceAndPreCanceledContext"}
{"Time":"2026-09-08T10:19:05.883107433+03:00","Action":"output","Package":"virmill.local/core/internal/ui/cli","Test":"TestPlanApplyWaitRejectsForeignAcceptanceAndPreCanceledContext","Output":"=== RUN   TestPlanApplyWaitRejectsForeignAcceptanceAndPreCanceledContext\n","OutputType":"frame"}
{"Time":"2026-09-08T10:19:05.883148331+03:00","Action":"run","Package":"virmill.local/core/internal/ui/cli","Test":"TestPlanApplyWaitRejectsForeignAcceptanceAndPreCanceledContext/foreign-plan"}
{"Time":"2026-09-08T10:19:05.883160381+03:00","Action":"output","Package":"virmill.local/core/internal/ui/cli","Test":"TestPlanApplyWaitRejectsForeignAcceptanceAndPreCanceledContext/foreign-plan","Output":"=== RUN   TestPlanApplyWaitRejectsForeignAcceptanceAndPreCanceledContext/foreign-plan\n","OutputType":"frame"}
{"Time":"2026-09-08T10:19:05.884284239+03:00","Action":"output","Package":"virmill.local/core/internal/ui/cli","Test":"TestPlanApplyWaitRejectsForeignAcceptanceAndPreCanceledContext/foreign-plan","Output":"--- PASS: TestPlanApplyWaitRejectsForeignAcceptanceAndPreCanceledContext/foreign-plan (0.00s)\n","OutputType":"frame"}
{"Time":"2026-09-08T10:19:05.884291614+03:00","Action":"pass","Package":"virmill.local/core/internal/ui/cli","Test":"TestPlanApplyWaitRejectsForeignAcceptanceAndPreCanceledContext/foreign-plan","Elapsed":0}
{"Time":"2026-09-08T10:19:05.884314503+03:00","Action":"run","Package":"virmill.local/core/internal/ui/cli","Test":"TestPlanApplyWaitRejectsForeignAcceptanceAndPreCanceledContext/pre-canceled"}
{"Time":"2026-09-08T10:19:05.884323274+03:00","Action":"output","Package":"virmill.local/core/internal/ui/cli","Test":"TestPlanApplyWaitRejectsForeignAcceptanceAndPreCanceledContext/pre-canceled","Output":"=== RUN   TestPlanApplyWaitRejectsForeignAcceptanceAndPreCanceledContext/pre-canceled\n","OutputType":"frame"}
{"Time":"2026-09-08T10:19:05.885394816+03:00","Action":"output","Package":"virmill.local/core/internal/ui/cli","Test":"TestPlanApplyWaitRejectsForeignAcceptanceAndPreCanceledContext/pre-canceled","Output":"--- PASS: TestPlanApplyWaitRejectsForeignAcceptanceAndPreCanceledContext/pre-canceled (0.00s)\n","OutputType":"frame"}
{"Time":"2026-09-08T10:19:05.885410008+03:00","Action":"pass","Package":"virmill.local/core/internal/ui/cli","Test":"TestPlanApplyWaitRejectsForeignAcceptanceAndPreCanceledContext/pre-canceled","Elapsed":0}
{"Time":"2026-09-08T10:19:05.885446305+03:00","Action":"run","Package":"virmill.local/core/internal/ui/cli","Test":"TestPlanApplyWaitRejectsForeignAcceptanceAndPreCanceledContext/canceled-error-envelope"}
{"Time":"2026-09-08T10:19:05.885453868+03:00","Action":"output","Package":"virmill.local/core/internal/ui/cli","Test":"TestPlanApplyWaitRejectsForeignAcceptanceAndPreCanceledContext/canceled-error-envelope","Output":"=== RUN   TestPlanApplyWaitRejectsForeignAcceptanceAndPreCanceledContext/canceled-error-envelope\n","OutputType":"frame"}
{"Time":"2026-09-08T10:19:05.886555031+03:00","Action":"output","Package":"virmill.local/core/internal/ui/cli","Test":"TestPlanApplyWaitRejectsForeignAcceptanceAndPreCanceledContext/canceled-error-envelope","Output":"--- PASS: TestPlanApplyWaitRejectsForeignAcceptanceAndPreCanceledContext/canceled-error-envelope (0.00s)\n","OutputType":"frame"}
{"Time":"2026-09-08T10:19:05.886570744+03:00","Action":"pass","Package":"virmill.local/core/internal/ui/cli","Test":"TestPlanApplyWaitRejectsForeignAcceptanceAndPreCanceledContext/canceled-error-envelope","Elapsed":0}
{"Time":"2026-09-08T10:19:05.886609108+03:00","Action":"output","Package":"virmill.local/core/internal/ui/cli","Test":"TestPlanApplyWaitRejectsForeignAcceptanceAndPreCanceledContext","Output":"--- PASS: TestPlanApplyWaitRejectsForeignAcceptanceAndPreCanceledContext (0.00s)\n","OutputType":"frame"}
{"Time":"2026-09-08T10:19:05.886622365+03:00","Action":"pass","Package":"virmill.local/core/internal/ui/cli","Test":"TestPlanApplyWaitRejectsForeignAcceptanceAndPreCanceledContext","Elapsed":0}
{"Time":"2026-09-08T10:19:05.886653924+03:00","Action":"run","Package":"virmill.local/core/internal/ui/cli","Test":"TestNDJSONFollowRejectsChangedImmutableJobBinding"}
{"Time":"2026-09-08T10:19:05.886661853+03:00","Action":"output","Package":"virmill.local/core/internal/ui/cli","Test":"TestNDJSONFollowRejectsChangedImmutableJobBinding","Output":"=== RUN   TestNDJSONFollowRejectsChangedImmutableJobBinding\n","OutputType":"frame"}
{"Time":"2026-09-08T10:19:05.886691485+03:00","Action":"run","Package":"virmill.local/core/internal/ui/cli","Test":"TestNDJSONFollowRejectsChangedImmutableJobBinding/plan"}
{"Time":"2026-09-08T10:19:05.886695147+03:00","Action":"output","Package":"virmill.local/core/internal/ui/cli","Test":"TestNDJSONFollowRejectsChangedImmutableJobBinding/plan","Output":"=== RUN   TestNDJSONFollowRejectsChangedImmutableJobBinding/plan\n","OutputType":"frame"}
{"Time":"2026-09-08T10:19:05.888321575+03:00","Action":"output","Package":"virmill.local/core/internal/ui/cli","Test":"TestNDJSONFollowRejectsChangedImmutableJobBinding/plan","Output":"--- PASS: TestNDJSONFollowRejectsChangedImmutableJobBinding/plan (0.00s)\n","OutputType":"frame"}
{"Time":"2026-09-08T10:19:05.888333464+03:00","Action":"pass","Package":"virmill.local/core/internal/ui/cli","Test":"TestNDJSONFollowRejectsChangedImmutableJobBinding/plan","Elapsed":0}
{"Time":"2026-09-08T10:19:05.888345821+03:00","Action":"run","Package":"virmill.local/core/internal/ui/cli","Test":"TestNDJSONFollowRejectsChangedImmutableJobBinding/created-at"}
{"Time":"2026-09-08T10:19:05.888348339+03:00","Action":"output","Package":"virmill.local/core/internal/ui/cli","Test":"TestNDJSONFollowRejectsChangedImmutableJobBinding/created-at","Output":"=== RUN   TestNDJSONFollowRejectsChangedImmutableJobBinding/created-at\n","OutputType":"frame"}
{"Time":"2026-09-08T10:19:05.889602227+03:00","Action":"output","Package":"virmill.local/core/internal/ui/cli","Test":"TestNDJSONFollowRejectsChangedImmutableJobBinding/created-at","Output":"--- PASS: TestNDJSONFollowRejectsChangedImmutableJobBinding/created-at (0.00s)\n","OutputType":"frame"}
{"Time":"2026-09-08T10:19:05.889613446+03:00","Action":"pass","Package":"virmill.local/core/internal/ui/cli","Test":"TestNDJSONFollowRejectsChangedImmutableJobBinding/created-at","Elapsed":0}
{"Time":"2026-09-08T10:19:05.889624281+03:00","Action":"run","Package":"virmill.local/core/internal/ui/cli","Test":"TestNDJSONFollowRejectsChangedImmutableJobBinding/recovery-parent"}
{"Time":"2026-09-08T10:19:05.889626244+03:00","Action":"output","Package":"virmill.local/core/internal/ui/cli","Test":"TestNDJSONFollowRejectsChangedImmutableJobBinding/recovery-parent","Output":"=== RUN   TestNDJSONFollowRejectsChangedImmutableJobBinding/recovery-parent\n","OutputType":"frame"}
{"Time":"2026-09-08T10:19:05.890843976+03:00","Action":"output","Package":"virmill.local/core/internal/ui/cli","Test":"TestNDJSONFollowRejectsChangedImmutableJobBinding/recovery-parent","Output":"--- PASS: TestNDJSONFollowRejectsChangedImmutableJobBinding/recovery-parent (0.00s)\n","OutputType":"frame"}
{"Time":"2026-09-08T10:19:05.890856742+03:00","Action":"pass","Package":"virmill.local/core/internal/ui/cli","Test":"TestNDJSONFollowRejectsChangedImmutableJobBinding/recovery-parent","Elapsed":0}
{"Time":"2026-09-08T10:19:05.890880073+03:00","Action":"output","Package":"virmill.local/core/internal/ui/cli","Test":"TestNDJSONFollowRejectsChangedImmutableJobBinding","Output":"--- PASS: TestNDJSONFollowRejectsChangedImmutableJobBinding (0.00s)\n","OutputType":"frame"}
{"Time":"2026-09-08T10:19:05.890887724+03:00","Action":"pass","Package":"virmill.local/core/internal/ui/cli","Test":"TestNDJSONFollowRejectsChangedImmutableJobBinding","Elapsed":0}
{"Time":"2026-09-08T10:19:05.890901761+03:00","Action":"run","Package":"virmill.local/core/internal/ui/cli","Test":"TestPlanApplyDetachedPreservesSingleResponse"}
{"Time":"2026-09-08T10:19:05.890903891+03:00","Action":"output","Package":"virmill.local/core/internal/ui/cli","Test":"TestPlanApplyDetachedPreservesSingleResponse","Output":"=== RUN   TestPlanApplyDetachedPreservesSingleResponse\n","OutputType":"frame"}
{"Time":"2026-09-08T10:19:05.890926047+03:00","Action":"run","Package":"virmill.local/core/internal/ui/cli","Test":"TestPlanApplyDetachedPreservesSingleResponse/json"}
{"Time":"2026-09-08T10:19:05.890928401+03:00","Action":"output","Package":"virmill.local/core/internal/ui/cli","Test":"TestPlanApplyDetachedPreservesSingleResponse/json","Output":"=== RUN   TestPlanApplyDetachedPreservesSingleResponse/json\n","OutputType":"frame"}
{"Time":"2026-09-08T10:19:05.891431547+03:00","Action":"output","Package":"virmill.local/core/internal/ui/cli","Test":"TestPlanApplyDetachedPreservesSingleResponse/json","Output":"--- PASS: TestPlanApplyDetachedPreservesSingleResponse/json (0.00s)\n","OutputType":"frame"}
{"Time":"2026-09-08T10:19:05.891442738+03:00","Action":"pass","Package":"virmill.local/core/internal/ui/cli","Test":"TestPlanApplyDetachedPreservesSingleResponse/json","Elapsed":0}
{"Time":"2026-09-08T10:19:05.89145199+03:00","Action":"run","Package":"virmill.local/core/internal/ui/cli","Test":"TestPlanApplyDetachedPreservesSingleResponse/ndjson"}
{"Time":"2026-09-08T10:19:05.891454568+03:00","Action":"output","Package":"virmill.local/core/internal/ui/cli","Test":"TestPlanApplyDetachedPreservesSingleResponse/ndjson","Output":"=== RUN   TestPlanApplyDetachedPreservesSingleResponse/ndjson\n","OutputType":"frame"}
{"Time":"2026-09-08T10:19:05.891988784+03:00","Action":"output","Package":"virmill.local/core/internal/ui/cli","Test":"TestPlanApplyDetachedPreservesSingleResponse/ndjson","Output":"--- PASS: TestPlanApplyDetachedPreservesSingleResponse/ndjson (0.00s)\n","OutputType":"frame"}
{"Time":"2026-09-08T10:19:05.892002252+03:00","Action":"pass","Package":"virmill.local/core/internal/ui/cli","Test":"TestPlanApplyDetachedPreservesSingleResponse/ndjson","Elapsed":0}
{"Time":"2026-09-08T10:19:05.892024061+03:00","Action":"output","Package":"virmill.local/core/internal/ui/cli","Test":"TestPlanApplyDetachedPreservesSingleResponse","Output":"--- PASS: TestPlanApplyDetachedPreservesSingleResponse (0.00s)\n","OutputType":"frame"}
{"Time":"2026-09-08T10:19:05.892032672+03:00","Action":"pass","Package":"virmill.local/core/internal/ui/cli","Test":"TestPlanApplyDetachedPreservesSingleResponse","Elapsed":0}
{"Time":"2026-09-08T10:19:05.892049456+03:00","Action":"run","Package":"virmill.local/core/internal/ui/cli","Test":"TestNDJSONFollowStoredPartialErrorsRetainCauseAndExitSix"}
{"Time":"2026-09-08T10:19:05.892051272+03:00","Action":"output","Package":"virmill.local/core/internal/ui/cli","Test":"TestNDJSONFollowStoredPartialErrorsRetainCauseAndExitSix","Output":"=== RUN   TestNDJSONFollowStoredPartialErrorsRetainCauseAndExitSix\n","OutputType":"frame"}
{"Time":"2026-09-08T10:19:05.892083521+03:00","Action":"run","Package":"virmill.local/core/internal/ui/cli","Test":"TestNDJSONFollowStoredPartialErrorsRetainCauseAndExitSix/partial"}
{"Time":"2026-09-08T10:19:05.892085962+03:00","Action":"output","Package":"virmill.local/core/internal/ui/cli","Test":"TestNDJSONFollowStoredPartialErrorsRetainCauseAndExitSix/partial","Output":"=== RUN   TestNDJSONFollowStoredPartialErrorsRetainCauseAndExitSix/partial\n","OutputType":"frame"}
{"Time":"2026-09-08T10:19:05.8958338+03:00","Action":"output","Package":"virmill.local/core/internal/ui/cli","Test":"TestNDJSONFollowStoredPartialErrorsRetainCauseAndExitSix/partial","Output":"--- PASS: TestNDJSONFollowStoredPartialErrorsRetainCauseAndExitSix/partial (0.00s)\n","OutputType":"frame"}
{"Time":"2026-09-08T10:19:05.895844446+03:00","Action":"pass","Package":"virmill.local/core/internal/ui/cli","Test":"TestNDJSONFollowStoredPartialErrorsRetainCauseAndExitSix/partial","Elapsed":0}
{"Time":"2026-09-08T10:19:05.895851831+03:00","Action":"run","Package":"virmill.local/core/internal/ui/cli","Test":"TestNDJSONFollowStoredPartialErrorsRetainCauseAndExitSix/recovery-required"}
{"Time":"2026-09-08T10:19:05.895853694+03:00","Action":"output","Package":"virmill.local/core/internal/ui/cli","Test":"TestNDJSONFollowStoredPartialErrorsRetainCauseAndExitSix/recovery-required","Output":"=== RUN   TestNDJSONFollowStoredPartialErrorsRetainCauseAndExitSix/recovery-required\n","OutputType":"frame"}
{"Time":"2026-09-08T10:19:05.89931338+03:00","Action":"output","Package":"virmill.local/core/internal/ui/cli","Test":"TestNDJSONFollowStoredPartialErrorsRetainCauseAndExitSix/recovery-required","Output":"--- PASS: TestNDJSONFollowStoredPartialErrorsRetainCauseAndExitSix/recovery-required (0.00s)\n","OutputType":"frame"}
{"Time":"2026-09-08T10:19:05.899337634+03:00","Action":"pass","Package":"virmill.local/core/internal/ui/cli","Test":"TestNDJSONFollowStoredPartialErrorsRetainCauseAndExitSix/recovery-required","Elapsed":0}
{"Time":"2026-09-08T10:19:05.899346155+03:00","Action":"output","Package":"virmill.local/core/internal/ui/cli","Test":"TestNDJSONFollowStoredPartialErrorsRetainCauseAndExitSix","Output":"--- PASS: TestNDJSONFollowStoredPartialErrorsRetainCauseAndExitSix (0.01s)\n","OutputType":"frame"}
{"Time":"2026-09-08T10:19:05.899348872+03:00","Action":"pass","Package":"virmill.local/core/internal/ui/cli","Test":"TestNDJSONFollowStoredPartialErrorsRetainCauseAndExitSix","Elapsed":0.01}
{"Time":"2026-09-08T10:19:05.899366355+03:00","Action":"run","Package":"virmill.local/core/internal/ui/cli","Test":"TestReadOnlyHostInventoryCommands"}
{"Time":"2026-09-08T10:19:05.8993689+03:00","Action":"output","Package":"virmill.local/core/internal/ui/cli","Test":"TestReadOnlyHostInventoryCommands","Output":"=== RUN   TestReadOnlyHostInventoryCommands\n","OutputType":"frame"}
{"Time":"2026-09-08T10:19:05.900747762+03:00","Action":"output","Package":"virmill.local/core/internal/ui/cli","Test":"TestReadOnlyHostInventoryCommands","Output":"--- PASS: TestReadOnlyHostInventoryCommands (0.00s)\n","OutputType":"frame"}
{"Time":"2026-09-08T10:19:05.900759036+03:00","Action":"pass","Package":"virmill.local/core/internal/ui/cli","Test":"TestReadOnlyHostInventoryCommands","Elapsed":0}
{"Time":"2026-09-08T10:19:05.900768764+03:00","Action":"run","Package":"virmill.local/core/internal/ui/cli","Test":"TestNetworkAllocationCLIPlanReadbackAndExactApply"}
{"Time":"2026-09-08T10:19:05.900770896+03:00","Action":"output","Package":"virmill.local/core/internal/ui/cli","Test":"TestNetworkAllocationCLIPlanReadbackAndExactApply","Output":"=== RUN   TestNetworkAllocationCLIPlanReadbackAndExactApply\n","OutputType":"frame"}
{"Time":"2026-09-08T10:19:05.900802154+03:00","Action":"run","Package":"virmill.local/core/internal/ui/cli","Test":"TestNetworkAllocationCLIPlanReadbackAndExactApply/json/ranges"}
{"Time":"2026-09-08T10:19:05.900804514+03:00","Action":"output","Package":"virmill.local/core/internal/ui/cli","Test":"TestNetworkAllocationCLIPlanReadbackAndExactApply/json/ranges","Output":"=== RUN   TestNetworkAllocationCLIPlanReadbackAndExactApply/json/ranges\n","OutputType":"frame"}
{"Time":"2026-09-08T10:19:05.906026795+03:00","Action":"output","Package":"virmill.local/core/internal/app","Test":"TestProtectedNetworkProfilesPersistPolicyAndReservations/nat-static","Output":"--- PASS: TestProtectedNetworkProfilesPersistPolicyAndReservations/nat-static (0.09s)\n","OutputType":"frame"}
{"Time":"2026-09-08T10:19:05.906046704+03:00","Action":"pass","Package":"virmill.local/core/internal/app","Test":"TestProtectedNetworkProfilesPersistPolicyAndReservations/nat-static","Elapsed":0.09}
{"Time":"2026-09-08T10:19:05.906053575+03:00","Action":"run","Package":"virmill.local/core/internal/app","Test":"TestProtectedNetworkProfilesPersistPolicyAndReservations/lab-dhcp"}
{"Time":"2026-09-08T10:19:05.906055185+03:00","Action":"output","Package":"virmill.local/core/internal/app","Test":"TestProtectedNetworkProfilesPersistPolicyAndReservations/lab-dhcp","Output":"=== RUN   TestProtectedNetworkProfilesPersistPolicyAndReservations/lab-dhcp\n","OutputType":"frame"}
{"Time":"2026-09-08T10:19:05.928472959+03:00","Action":"output","Package":"virmill.local/core/internal/ui/cli","Test":"TestNetworkAllocationCLIPlanReadbackAndExactApply/json/ranges","Output":"--- PASS: TestNetworkAllocationCLIPlanReadbackAndExactApply/json/ranges (0.03s)\n","OutputType":"frame"}
{"Time":"2026-09-08T10:19:05.928495138+03:00","Action":"pass","Package":"virmill.local/core/internal/ui/cli","Test":"TestNetworkAllocationCLIPlanReadbackAndExactApply/json/ranges","Elapsed":0.03}
{"Time":"2026-09-08T10:19:05.9284989+03:00","Action":"run","Package":"virmill.local/core/internal/ui/cli","Test":"TestNetworkAllocationCLIPlanReadbackAndExactApply/json/planned-conflict"}
{"Time":"2026-09-08T10:19:05.928500287+03:00","Action":"output","Package":"virmill.local/core/internal/ui/cli","Test":"TestNetworkAllocationCLIPlanReadbackAndExactApply/json/planned-conflict","Output":"=== RUN   TestNetworkAllocationCLIPlanReadbackAndExactApply/json/planned-conflict\n","OutputType":"frame"}
{"Time":"2026-09-08T10:19:05.957128805+03:00","Action":"output","Package":"virmill.local/core/internal/ui/cli","Test":"TestNetworkAllocationCLIPlanReadbackAndExactApply/json/planned-conflict","Output":"--- PASS: TestNetworkAllocationCLIPlanReadbackAndExactApply/json/planned-conflict (0.03s)\n","OutputType":"frame"}
{"Time":"2026-09-08T10:19:05.957171478+03:00","Action":"pass","Package":"virmill.local/core/internal/ui/cli","Test":"TestNetworkAllocationCLIPlanReadbackAndExactApply/json/planned-conflict","Elapsed":0.03}
{"Time":"2026-09-08T10:19:05.957182058+03:00","Action":"run","Package":"virmill.local/core/internal/ui/cli","Test":"TestNetworkAllocationCLIPlanReadbackAndExactApply/ndjson/ranges"}
{"Time":"2026-09-08T10:19:05.957185035+03:00","Action":"output","Package":"virmill.local/core/internal/ui/cli","Test":"TestNetworkAllocationCLIPlanReadbackAndExactApply/ndjson/ranges","Output":"=== RUN   TestNetworkAllocationCLIPlanReadbackAndExactApply/ndjson/ranges\n","OutputType":"frame"}
{"Time":"2026-09-08T10:19:05.982710988+03:00","Action":"output","Package":"virmill.local/core/internal/ui/cli","Test":"TestNetworkAllocationCLIPlanReadbackAndExactApply/ndjson/ranges","Output":"--- PASS: TestNetworkAllocationCLIPlanReadbackAndExactApply/ndjson/ranges (0.03s)\n","OutputType":"frame"}
{"Time":"2026-09-08T10:19:05.982741584+03:00","Action":"pass","Package":"virmill.local/core/internal/ui/cli","Test":"TestNetworkAllocationCLIPlanReadbackAndExactApply/ndjson/ranges","Elapsed":0.03}
{"Time":"2026-09-08T10:19:05.982747272+03:00","Action":"run","Package":"virmill.local/core/internal/ui/cli","Test":"TestNetworkAllocationCLIPlanReadbackAndExactApply/ndjson/planned-conflict"}
{"Time":"2026-09-08T10:19:05.982749114+03:00","Action":"output","Package":"virmill.local/core/internal/ui/cli","Test":"TestNetworkAllocationCLIPlanReadbackAndExactApply/ndjson/planned-conflict","Output":"=== RUN   TestNetworkAllocationCLIPlanReadbackAndExactApply/ndjson/planned-conflict\n","OutputType":"frame"}
{"Time":"2026-09-08T10:19:05.994888974+03:00","Action":"output","Package":"virmill.local/core/internal/app","Test":"TestProtectedNetworkProfilesPersistPolicyAndReservations/lab-dhcp","Output":"--- PASS: TestProtectedNetworkProfilesPersistPolicyAndReservations/lab-dhcp (0.09s)\n","OutputType":"frame"}
{"Time":"2026-09-08T10:19:05.994923292+03:00","Action":"pass","Package":"virmill.local/core/internal/app","Test":"TestProtectedNetworkProfilesPersistPolicyAndReservations/lab-dhcp","Elapsed":0.09}
{"Time":"2026-09-08T10:19:05.994932963+03:00","Action":"run","Package":"virmill.local/core/internal/app","Test":"TestProtectedNetworkProfilesPersistPolicyAndReservations/lab-static"}
{"Time":"2026-09-08T10:19:05.994935786+03:00","Action":"output","Package":"virmill.local/core/internal/app","Test":"TestProtectedNetworkProfilesPersistPolicyAndReservations/lab-static","Output":"=== RUN   TestProtectedNetworkProfilesPersistPolicyAndReservations/lab-static\n","OutputType":"frame"}
{"Time":"2026-09-08T10:19:06.007541873+03:00","Action":"output","Package":"virmill.local/core/internal/ui/cli","Test":"TestNetworkAllocationCLIPlanReadbackAndExactApply/ndjson/planned-conflict","Output":"--- PASS: TestNetworkAllocationCLIPlanReadbackAndExactApply/ndjson/planned-conflict (0.02s)\n","OutputType":"frame"}
{"Time":"2026-09-08T10:19:06.007581959+03:00","Action":"pass","Package":"virmill.local/core/internal/ui/cli","Test":"TestNetworkAllocationCLIPlanReadbackAndExactApply/ndjson/planned-conflict","Elapsed":0.02}
{"Time":"2026-09-08T10:19:06.007589406+03:00","Action":"output","Package":"virmill.local/core/internal/ui/cli","Test":"TestNetworkAllocationCLIPlanReadbackAndExactApply","Output":"--- PASS: TestNetworkAllocationCLIPlanReadbackAndExactApply (0.11s)\n","OutputType":"frame"}
{"Time":"2026-09-08T10:19:06.007619367+03:00","Action":"pass","Package":"virmill.local/core/internal/ui/cli","Test":"TestNetworkAllocationCLIPlanReadbackAndExactApply","Elapsed":0.11}
{"Time":"2026-09-08T10:19:06.007646189+03:00","Action":"run","Package":"virmill.local/core/internal/ui/cli","Test":"TestNetworkAllocationCLIFailureHasNoSuccessOrReservation"}
{"Time":"2026-09-08T10:19:06.007651613+03:00","Action":"output","Package":"virmill.local/core/internal/ui/cli","Test":"TestNetworkAllocationCLIFailureHasNoSuccessOrReservation","Output":"=== RUN   TestNetworkAllocationCLIFailureHasNoSuccessOrReservation\n","OutputType":"frame"}
{"Time":"2026-09-08T10:19:06.007690168+03:00","Action":"run","Package":"virmill.local/core/internal/ui/cli","Test":"TestNetworkAllocationCLIFailureHasNoSuccessOrReservation/canceled"}
{"Time":"2026-09-08T10:19:06.007694865+03:00","Action":"output","Package":"virmill.local/core/internal/ui/cli","Test":"TestNetworkAllocationCLIFailureHasNoSuccessOrReservation/canceled","Output":"=== RUN   TestNetworkAllocationCLIFailureHasNoSuccessOrReservation/canceled\n","OutputType":"frame"}
{"Time":"2026-09-08T10:19:06.009824773+03:00","Action":"output","Package":"virmill.local/core/internal/ui/cli","Test":"TestNetworkAllocationCLIFailureHasNoSuccessOrReservation/canceled","Output":"--- PASS: TestNetworkAllocationCLIFailureHasNoSuccessOrReservation/canceled (0.00s)\n","OutputType":"frame"}
{"Time":"2026-09-08T10:19:06.009832294+03:00","Action":"pass","Package":"virmill.local/core/internal/ui/cli","Test":"TestNetworkAllocationCLIFailureHasNoSuccessOrReservation/canceled","Elapsed":0}
{"Time":"2026-09-08T10:19:06.009848661+03:00","Action":"run","Package":"virmill.local/core/internal/ui/cli","Test":"TestNetworkAllocationCLIFailureHasNoSuccessOrReservation/exhausted"}
{"Time":"2026-09-08T10:19:06.009851276+03:00","Action":"output","Package":"virmill.local/core/internal/ui/cli","Test":"TestNetworkAllocationCLIFailureHasNoSuccessOrReservation/exhausted","Output":"=== RUN   TestNetworkAllocationCLIFailureHasNoSuccessOrReservation/exhausted\n","OutputType":"frame"}
{"Time":"2026-09-08T10:19:06.014289627+03:00","Action":"output","Package":"virmill.local/core/internal/ui/cli","Test":"TestNetworkAllocationCLIFailureHasNoSuccessOrReservation/exhausted","Output":"--- PASS: TestNetworkAllocationCLIFailureHasNoSuccessOrReservation/exhausted (0.00s)\n","OutputType":"frame"}
{"Time":"2026-09-08T10:19:06.014298063+03:00","Action":"pass","Package":"virmill.local/core/internal/ui/cli","Test":"TestNetworkAllocationCLIFailureHasNoSuccessOrReservation/exhausted","Elapsed":0}
{"Time":"2026-09-08T10:19:06.014309455+03:00","Action":"run","Package":"virmill.local/core/internal/ui/cli","Test":"TestNetworkAllocationCLIFailureHasNoSuccessOrReservation/invalid-settings"}
{"Time":"2026-09-08T10:19:06.014311409+03:00","Action":"output","Package":"virmill.local/core/internal/ui/cli","Test":"TestNetworkAllocationCLIFailureHasNoSuccessOrReservation/invalid-settings","Output":"=== RUN   TestNetworkAllocationCLIFailureHasNoSuccessOrReservation/invalid-settings\n","OutputType":"frame"}
{"Time":"2026-09-08T10:19:06.019234233+03:00","Action":"output","Package":"virmill.local/core/internal/ui/cli","Test":"TestNetworkAllocationCLIFailureHasNoSuccessOrReservation/invalid-settings","Output":"--- PASS: TestNetworkAllocationCLIFailureHasNoSuccessOrReservation/invalid-settings (0.00s)\n","OutputType":"frame"}
{"Time":"2026-09-08T10:19:06.019253968+03:00","Action":"pass","Package":"virmill.local/core/internal/ui/cli","Test":"TestNetworkAllocationCLIFailureHasNoSuccessOrReservation/invalid-settings","Elapsed":0}
{"Time":"2026-09-08T10:19:06.01929097+03:00","Action":"output","Package":"virmill.local/core/internal/ui/cli","Test":"TestNetworkAllocationCLIFailureHasNoSuccessOrReservation","Output":"--- PASS: TestNetworkAllocationCLIFailureHasNoSuccessOrReservation (0.01s)\n","OutputType":"frame"}
{"Time":"2026-09-08T10:19:06.019300371+03:00","Action":"pass","Package":"virmill.local/core/internal/ui/cli","Test":"TestNetworkAllocationCLIFailureHasNoSuccessOrReservation","Elapsed":0.01}
{"Time":"2026-09-08T10:19:06.019331943+03:00","Action":"run","Package":"virmill.local/core/internal/ui/cli","Test":"TestNetworkCreationUsesSharedPreview"}
{"Time":"2026-09-08T10:19:06.019336014+03:00","Action":"output","Package":"virmill.local/core/internal/ui/cli","Test":"TestNetworkCreationUsesSharedPreview","Output":"=== RUN   TestNetworkCreationUsesSharedPreview\n","OutputType":"frame"}
{"Time":"2026-09-08T10:19:06.02109489+03:00","Action":"output","Package":"virmill.local/core/internal/ui/cli","Test":"TestNetworkCreationUsesSharedPreview","Output":"--- PASS: TestNetworkCreationUsesSharedPreview (0.00s)\n","OutputType":"frame"}
{"Time":"2026-09-08T10:19:06.021107463+03:00","Action":"pass","Package":"virmill.local/core/internal/ui/cli","Test":"TestNetworkCreationUsesSharedPreview","Elapsed":0}
{"Time":"2026-09-08T10:19:06.021128494+03:00","Action":"run","Package":"virmill.local/core/internal/ui/cli","Test":"TestProtectedNetworkCLIReviewExamplesAndExactApproval"}
{"Time":"2026-09-08T10:19:06.021132852+03:00","Action":"output","Package":"virmill.local/core/internal/ui/cli","Test":"TestProtectedNetworkCLIReviewExamplesAndExactApproval","Output":"=== RUN   TestProtectedNetworkCLIReviewExamplesAndExactApproval\n","OutputType":"frame"}
{"Time":"2026-09-08T10:19:06.02117478+03:00","Action":"run","Package":"virmill.local/core/internal/ui/cli","Test":"TestProtectedNetworkCLIReviewExamplesAndExactApproval/protected-nat.yaml/json"}
{"Time":"2026-09-08T10:19:06.02117882+03:00","Action":"output","Package":"virmill.local/core/internal/ui/cli","Test":"TestProtectedNetworkCLIReviewExamplesAndExactApproval/protected-nat.yaml/json","Output":"=== RUN   TestProtectedNetworkCLIReviewExamplesAndExactApproval/protected-nat.yaml/json\n","OutputType":"frame"}
{"Time":"2026-09-08T10:19:06.044823784+03:00","Action":"output","Package":"virmill.local/core/internal/ui/cli","Test":"TestProtectedNetworkCLIReviewExamplesAndExactApproval/protected-nat.yaml/json","Output":"--- PASS: TestProtectedNetworkCLIReviewExamplesAndExactApproval/protected-nat.yaml/json (0.02s)\n","OutputType":"frame"}
{"Time":"2026-09-08T10:19:06.044866174+03:00","Action":"pass","Package":"virmill.local/core/internal/ui/cli","Test":"TestProtectedNetworkCLIReviewExamplesAndExactApproval/protected-nat.yaml/json","Elapsed":0.02}
{"Time":"2026-09-08T10:19:06.044874526+03:00","Action":"run","Package":"virmill.local/core/internal/ui/cli","Test":"TestProtectedNetworkCLIReviewExamplesAndExactApproval/protected-nat.yaml/ndjson"}
{"Time":"2026-09-08T10:19:06.044877389+03:00","Action":"output","Package":"virmill.local/core/internal/ui/cli","Test":"TestProtectedNetworkCLIReviewExamplesAndExactApproval/protected-nat.yaml/ndjson","Output":"=== RUN   TestProtectedNetworkCLIReviewExamplesAndExactApproval/protected-nat.yaml/ndjson\n","OutputType":"frame"}
{"Time":"2026-09-08T10:19:06.064116659+03:00","Action":"output","Package":"virmill.local/core/internal/ui/cli","Test":"TestProtectedNetworkCLIReviewExamplesAndExactApproval/protected-nat.yaml/ndjson","Output":"--- PASS: TestProtectedNetworkCLIReviewExamplesAndExactApproval/protected-nat.yaml/ndjson (0.02s)\n","OutputType":"frame"}
{"Time":"2026-09-08T10:19:06.064147099+03:00","Action":"pass","Package":"virmill.local/core/internal/ui/cli","Test":"TestProtectedNetworkCLIReviewExamplesAndExactApproval/protected-nat.yaml/ndjson","Elapsed":0.02}
{"Time":"2026-09-08T10:19:06.06415425+03:00","Action":"run","Package":"virmill.local/core/internal/ui/cli","Test":"TestProtectedNetworkCLIReviewExamplesAndExactApproval/protected-lab.yaml/json"}
{"Time":"2026-09-08T10:19:06.064155658+03:00","Action":"output","Package":"virmill.local/core/internal/ui/cli","Test":"TestProtectedNetworkCLIReviewExamplesAndExactApproval/protected-lab.yaml/json","Output":"=== RUN   TestProtectedNetworkCLIReviewExamplesAndExactApproval/protected-lab.yaml/json\n","OutputType":"frame"}
{"Time":"2026-09-08T10:19:06.083873826+03:00","Action":"output","Package":"virmill.local/core/internal/ui/cli","Test":"TestProtectedNetworkCLIReviewExamplesAndExactApproval/protected-lab.yaml/json","Output":"--- PASS: TestProtectedNetworkCLIReviewExamplesAndExactApproval/protected-lab.yaml/json (0.02s)\n","OutputType":"frame"}
{"Time":"2026-09-08T10:19:06.08390592+03:00","Action":"pass","Package":"virmill.local/core/internal/ui/cli","Test":"TestProtectedNetworkCLIReviewExamplesAndExactApproval/protected-lab.yaml/json","Elapsed":0.02}
{"Time":"2026-09-08T10:19:06.083916226+03:00","Action":"run","Package":"virmill.local/core/internal/ui/cli","Test":"TestProtectedNetworkCLIReviewExamplesAndExactApproval/protected-lab.yaml/ndjson"}
{"Time":"2026-09-08T10:19:06.083919213+03:00","Action":"output","Package":"virmill.local/core/internal/ui/cli","Test":"TestProtectedNetworkCLIReviewExamplesAndExactApproval/protected-lab.yaml/ndjson","Output":"=== RUN   TestProtectedNetworkCLIReviewExamplesAndExactApproval/protected-lab.yaml/ndjson\n","OutputType":"frame"}
{"Time":"2026-09-08T10:19:06.088277361+03:00","Action":"output","Package":"virmill.local/core/internal/app","Test":"TestProtectedNetworkProfilesPersistPolicyAndReservations/lab-static","Output":"--- PASS: TestProtectedNetworkProfilesPersistPolicyAndReservations/lab-static (0.09s)\n","OutputType":"frame"}
{"Time":"2026-09-08T10:19:06.088304581+03:00","Action":"pass","Package":"virmill.local/core/internal/app","Test":"TestProtectedNetworkProfilesPersistPolicyAndReservations/lab-static","Elapsed":0.09}
{"Time":"2026-09-08T10:19:06.08831242+03:00","Action":"run","Package":"virmill.local/core/internal/app","Test":"TestProtectedNetworkProfilesPersistPolicyAndReservations/guest-logical"}
{"Time":"2026-09-08T10:19:06.088315395+03:00","Action":"output","Package":"virmill.local/core/internal/app","Test":"TestProtectedNetworkProfilesPersistPolicyAndReservations/guest-logical","Output":"=== RUN   TestProtectedNetworkProfilesPersistPolicyAndReservations/guest-logical\n","OutputType":"frame"}
{"Time":"2026-09-08T10:19:06.102874787+03:00","Action":"output","Package":"virmill.local/core/internal/ui/cli","Test":"TestProtectedNetworkCLIReviewExamplesAndExactApproval/protected-lab.yaml/ndjson","Output":"--- PASS: TestProtectedNetworkCLIReviewExamplesAndExactApproval/protected-lab.yaml/ndjson (0.02s)\n","OutputType":"frame"}
{"Time":"2026-09-08T10:19:06.102914545+03:00","Action":"pass","Package":"virmill.local/core/internal/ui/cli","Test":"TestProtectedNetworkCLIReviewExamplesAndExactApproval/protected-lab.yaml/ndjson","Elapsed":0.02}
{"Time":"2026-09-08T10:19:06.102924686+03:00","Action":"run","Package":"virmill.local/core/internal/ui/cli","Test":"TestProtectedNetworkCLIReviewExamplesAndExactApproval/protected-static-lab.yaml/json"}
{"Time":"2026-09-08T10:19:06.102927549+03:00","Action":"output","Package":"virmill.local/core/internal/ui/cli","Test":"TestProtectedNetworkCLIReviewExamplesAndExactApproval/protected-static-lab.yaml/json","Output":"=== RUN   TestProtectedNetworkCLIReviewExamplesAndExactApproval/protected-static-lab.yaml/json\n","OutputType":"frame"}
{"Time":"2026-09-08T10:19:06.124728425+03:00","Action":"output","Package":"virmill.local/core/internal/ui/cli","Test":"TestProtectedNetworkCLIReviewExamplesAndExactApproval/protected-static-lab.yaml/json","Output":"--- PASS: TestProtectedNetworkCLIReviewExamplesAndExactApproval/protected-static-lab.yaml/json (0.02s)\n","OutputType":"frame"}
{"Time":"2026-09-08T10:19:06.124767734+03:00","Action":"pass","Package":"virmill.local/core/internal/ui/cli","Test":"TestProtectedNetworkCLIReviewExamplesAndExactApproval/protected-static-lab.yaml/json","Elapsed":0.02}
{"Time":"2026-09-08T10:19:06.124777528+03:00","Action":"run","Package":"virmill.local/core/internal/ui/cli","Test":"TestProtectedNetworkCLIReviewExamplesAndExactApproval/protected-static-lab.yaml/ndjson"}
{"Time":"2026-09-08T10:19:06.124787879+03:00","Action":"output","Package":"virmill.local/core/internal/ui/cli","Test":"TestProtectedNetworkCLIReviewExamplesAndExactApproval/protected-static-lab.yaml/ndjson","Output":"=== RUN   TestProtectedNetworkCLIReviewExamplesAndExactApproval/protected-static-lab.yaml/ndjson\n","OutputType":"frame"}
{"Time":"2026-09-08T10:19:06.149517984+03:00","Action":"output","Package":"virmill.local/core/internal/ui/cli","Test":"TestProtectedNetworkCLIReviewExamplesAndExactApproval/protected-static-lab.yaml/ndjson","Output":"--- PASS: TestProtectedNetworkCLIReviewExamplesAndExactApproval/protected-static-lab.yaml/ndjson (0.02s)\n","OutputType":"frame"}
{"Time":"2026-09-08T10:19:06.149554154+03:00","Action":"pass","Package":"virmill.local/core/internal/ui/cli","Test":"TestProtectedNetworkCLIReviewExamplesAndExactApproval/protected-static-lab.yaml/ndjson","Elapsed":0.02}
{"Time":"2026-09-08T10:19:06.14956261+03:00","Action":"run","Package":"virmill.local/core/internal/ui/cli","Test":"TestProtectedNetworkCLIReviewExamplesAndExactApproval/guest-only.yaml/json"}
{"Time":"2026-09-08T10:19:06.149565778+03:00","Action":"output","Package":"virmill.local/core/internal/ui/cli","Test":"TestProtectedNetworkCLIReviewExamplesAndExactApproval/guest-only.yaml/json","Output":"=== RUN   TestProtectedNetworkCLIReviewExamplesAndExactApproval/guest-only.yaml/json\n","OutputType":"frame"}
{"Time":"2026-09-08T10:19:06.166915551+03:00","Action":"output","Package":"virmill.local/core/internal/ui/tui","Test":"TestTerminalLongApprovalRetainsVisibleInputAndPageableExactReview","Output":"--- PASS: TestTerminalLongApprovalRetainsVisibleInputAndPageableExactReview (0.41s)\n","OutputType":"frame"}
{"Time":"2026-09-08T10:19:06.166959286+03:00","Action":"pass","Package":"virmill.local/core/internal/ui/tui","Test":"TestTerminalLongApprovalRetainsVisibleInputAndPageableExactReview","Elapsed":0.41}
{"Time":"2026-09-08T10:19:06.166969262+03:00","Action":"run","Package":"virmill.local/core/internal/ui/tui","Test":"TestTerminalResizeRevealsDetailsAfterPriorNarrowScroll"}
{"Time":"2026-09-08T10:19:06.166972462+03:00","Action":"output","Package":"virmill.local/core/internal/ui/tui","Test":"TestTerminalResizeRevealsDetailsAfterPriorNarrowScroll","Output":"=== RUN   TestTerminalResizeRevealsDetailsAfterPriorNarrowScroll\n","OutputType":"frame"}
{"Time":"2026-09-08T10:19:06.168828251+03:00","Action":"output","Package":"virmill.local/core/internal/ui/cli","Test":"TestProtectedNetworkCLIReviewExamplesAndExactApproval/guest-only.yaml/json","Output":"--- PASS: TestProtectedNetworkCLIReviewExamplesAndExactApproval/guest-only.yaml/json (0.02s)\n","OutputType":"frame"}
{"Time":"2026-09-08T10:19:06.168856516+03:00","Action":"pass","Package":"virmill.local/core/internal/ui/cli","Test":"TestProtectedNetworkCLIReviewExamplesAndExactApproval/guest-only.yaml/json","Elapsed":0.02}
{"Time":"2026-09-08T10:19:06.168867265+03:00","Action":"run","Package":"virmill.local/core/internal/ui/cli","Test":"TestProtectedNetworkCLIReviewExamplesAndExactApproval/guest-only.yaml/ndjson"}
{"Time":"2026-09-08T10:19:06.168870413+03:00","Action":"output","Package":"virmill.local/core/internal/ui/cli","Test":"TestProtectedNetworkCLIReviewExamplesAndExactApproval/guest-only.yaml/ndjson","Output":"=== RUN   TestProtectedNetworkCLIReviewExamplesAndExactApproval/guest-only.yaml/ndjson\n","OutputType":"frame"}
{"Time":"2026-09-08T10:19:06.175659785+03:00","Action":"output","Package":"virmill.local/core/internal/ui/tui","Test":"TestTerminalResizeRevealsDetailsAfterPriorNarrowScroll","Output":"--- PASS: TestTerminalResizeRevealsDetailsAfterPriorNarrowScroll (0.01s)\n","OutputType":"frame"}
{"Time":"2026-09-08T10:19:06.17567844+03:00","Action":"pass","Package":"virmill.local/core/internal/ui/tui","Test":"TestTerminalResizeRevealsDetailsAfterPriorNarrowScroll","Elapsed":0.01}
{"Time":"2026-09-08T10:19:06.17568585+03:00","Action":"run","Package":"virmill.local/core/internal/ui/tui","Test":"TestTerminalDialogFocusCannotRetargetSubmitOrLoseCancellation"}
{"Time":"2026-09-08T10:19:06.175687347+03:00","Action":"output","Package":"virmill.local/core/internal/ui/tui","Test":"TestTerminalDialogFocusCannotRetargetSubmitOrLoseCancellation","Output":"=== RUN   TestTerminalDialogFocusCannotRetargetSubmitOrLoseCancellation\n","OutputType":"frame"}
{"Time":"2026-09-08T10:19:06.175717491+03:00","Action":"run","Package":"virmill.local/core/internal/ui/tui","Test":"TestTerminalDialogFocusCannotRetargetSubmitOrLoseCancellation/false"}
{"Time":"2026-09-08T10:19:06.175719464+03:00","Action":"output","Package":"virmill.local/core/internal/ui/tui","Test":"TestTerminalDialogFocusCannotRetargetSubmitOrLoseCancellation/false","Output":"=== RUN   TestTerminalDialogFocusCannotRetargetSubmitOrLoseCancellation/false\n","OutputType":"frame"}
{"Time":"2026-09-08T10:19:06.176213024+03:00","Action":"output","Package":"virmill.local/core/internal/ui/tui","Test":"TestTerminalDialogFocusCannotRetargetSubmitOrLoseCancellation/false","Output":"--- PASS: TestTerminalDialogFocusCannotRetargetSubmitOrLoseCancellation/false (0.00s)\n","OutputType":"frame"}
{"Time":"2026-09-08T10:19:06.17622219+03:00","Action":"pass","Package":"virmill.local/core/internal/ui/tui","Test":"TestTerminalDialogFocusCannotRetargetSubmitOrLoseCancellation/false","Elapsed":0}
{"Time":"2026-09-08T10:19:06.176237927+03:00","Action":"run","Package":"virmill.local/core/internal/ui/tui","Test":"TestTerminalDialogFocusCannotRetargetSubmitOrLoseCancellation/true"}
{"Time":"2026-09-08T10:19:06.176240217+03:00","Action":"output","Package":"virmill.local/core/internal/ui/tui","Test":"TestTerminalDialogFocusCannotRetargetSubmitOrLoseCancellation/true","Output":"=== RUN   TestTerminalDialogFocusCannotRetargetSubmitOrLoseCancellation/true\n","OutputType":"frame"}
{"Time":"2026-09-08T10:19:06.179978434+03:00","Action":"output","Package":"virmill.local/core/internal/ui/tui","Test":"TestTerminalDialogFocusCannotRetargetSubmitOrLoseCancellation/true","Output":"--- PASS: TestTerminalDialogFocusCannotRetargetSubmitOrLoseCancellation/true (0.00s)\n","OutputType":"frame"}
{"Time":"2026-09-08T10:19:06.179992351+03:00","Action":"pass","Package":"virmill.local/core/internal/ui/tui","Test":"TestTerminalDialogFocusCannotRetargetSubmitOrLoseCancellation/true","Elapsed":0}
{"Time":"2026-09-08T10:19:06.180024497+03:00","Action":"output","Package":"virmill.local/core/internal/ui/tui","Test":"TestTerminalDialogFocusCannotRetargetSubmitOrLoseCancellation","Output":"--- PASS: TestTerminalDialogFocusCannotRetargetSubmitOrLoseCancellation (0.00s)\n","OutputType":"frame"}
{"Time":"2026-09-08T10:19:06.1800366+03:00","Action":"pass","Package":"virmill.local/core/internal/ui/tui","Test":"TestTerminalDialogFocusCannotRetargetSubmitOrLoseCancellation","Elapsed":0}
{"Time":"2026-09-08T10:19:06.180048577+03:00","Action":"run","Package":"virmill.local/core/internal/ui/tui","Test":"TestTerminalApprovalMismatchRemainsReadableAfterReviewPaging"}
{"Time":"2026-09-08T10:19:06.180051098+03:00","Action":"output","Package":"virmill.local/core/internal/ui/tui","Test":"TestTerminalApprovalMismatchRemainsReadableAfterReviewPaging","Output":"=== RUN   TestTerminalApprovalMismatchRemainsReadableAfterReviewPaging\n","OutputType":"frame"}
{"Time":"2026-09-08T10:19:06.182945739+03:00","Action":"output","Package":"virmill.local/core/internal/app","Test":"TestProtectedNetworkProfilesPersistPolicyAndReservations/guest-logical","Output":"--- PASS: TestProtectedNetworkProfilesPersistPolicyAndReservations/guest-logical (0.09s)\n","OutputType":"frame"}
{"Time":"2026-09-08T10:19:06.182961337+03:00","Action":"pass","Package":"virmill.local/core/internal/app","Test":"TestProtectedNetworkProfilesPersistPolicyAndReservations/guest-logical","Elapsed":0.09}
{"Time":"2026-09-08T10:19:06.182988585+03:00","Action":"run","Package":"virmill.local/core/internal/app","Test":"TestProtectedNetworkProfilesPersistPolicyAndReservations/guest-addressless"}
{"Time":"2026-09-08T10:19:06.182990811+03:00","Action":"output","Package":"virmill.local/core/internal/app","Test":"TestProtectedNetworkProfilesPersistPolicyAndReservations/guest-addressless","Output":"=== RUN   TestProtectedNetworkProfilesPersistPolicyAndReservations/guest-addressless\n","OutputType":"frame"}
{"Time":"2026-09-08T10:19:06.187893957+03:00","Action":"output","Package":"virmill.local/core/internal/ui/cli","Test":"TestProtectedNetworkCLIReviewExamplesAndExactApproval/guest-only.yaml/ndjson","Output":"--- PASS: TestProtectedNetworkCLIReviewExamplesAndExactApproval/guest-only.yaml/ndjson (0.02s)\n","OutputType":"frame"}
{"Time":"2026-09-08T10:19:06.187903359+03:00","Action":"pass","Package":"virmill.local/core/internal/ui/cli","Test":"TestProtectedNetworkCLIReviewExamplesAndExactApproval/guest-only.yaml/ndjson","Elapsed":0.02}
{"Time":"2026-09-08T10:19:06.187930466+03:00","Action":"run","Package":"virmill.local/core/internal/ui/cli","Test":"TestProtectedNetworkCLIReviewExamplesAndExactApproval/protected-guest-only-no-cidr.yaml/json"}
{"Time":"2026-09-08T10:19:06.187932562+03:00","Action":"output","Package":"virmill.local/core/internal/ui/cli","Test":"TestProtectedNetworkCLIReviewExamplesAndExactApproval/protected-guest-only-no-cidr.yaml/json","Output":"=== RUN   TestProtectedNetworkCLIReviewExamplesAndExactApproval/protected-guest-only-no-cidr.yaml/json\n","OutputType":"frame"}
{"Time":"2026-09-08T10:19:06.201163574+03:00","Action":"output","Package":"virmill.local/core/internal/ui/tui","Test":"TestTerminalApprovalMismatchRemainsReadableAfterReviewPaging","Output":"--- PASS: TestTerminalApprovalMismatchRemainsReadableAfterReviewPaging (0.02s)\n","OutputType":"frame"}
{"Time":"2026-09-08T10:19:06.201193486+03:00","Action":"pass","Package":"virmill.local/core/internal/ui/tui","Test":"TestTerminalApprovalMismatchRemainsReadableAfterReviewPaging","Elapsed":0.02}
{"Time":"2026-09-08T10:19:06.201206146+03:00","Action":"run","Package":"virmill.local/core/internal/ui/tui","Test":"TestTerminalBackendErrorsPreserveNavigationAndHaveTextMeaning"}
{"Time":"2026-09-08T10:19:06.201211313+03:00","Action":"output","Package":"virmill.local/core/internal/ui/tui","Test":"TestTerminalBackendErrorsPreserveNavigationAndHaveTextMeaning","Output":"=== RUN   TestTerminalBackendErrorsPreserveNavigationAndHaveTextMeaning\n","OutputType":"frame"}
{"Time":"2026-09-08T10:19:06.202561573+03:00","Action":"output","Package":"virmill.local/core/internal/ui/tui","Test":"TestTerminalBackendErrorsPreserveNavigationAndHaveTextMeaning","Output":"--- PASS: TestTerminalBackendErrorsPreserveNavigationAndHaveTextMeaning (0.00s)\n","OutputType":"frame"}
{"Time":"2026-09-08T10:19:06.20257838+03:00","Action":"pass","Package":"virmill.local/core/internal/ui/tui","Test":"TestTerminalBackendErrorsPreserveNavigationAndHaveTextMeaning","Elapsed":0}
{"Time":"2026-09-08T10:19:06.202584428+03:00","Action":"run","Package":"virmill.local/core/internal/ui/tui","Test":"TestTerminalTopLevelTextDoesNotMasqueradeAsControl"}
{"Time":"2026-09-08T10:19:06.202587404+03:00","Action":"output","Package":"virmill.local/core/internal/ui/tui","Test":"TestTerminalTopLevelTextDoesNotMasqueradeAsControl","Output":"=== RUN   TestTerminalTopLevelTextDoesNotMasqueradeAsControl\n","OutputType":"frame"}
{"Time":"2026-09-08T10:19:06.202591525+03:00","Action":"output","Package":"virmill.local/core/internal/ui/tui","Test":"TestTerminalTopLevelTextDoesNotMasqueradeAsControl","Output":"--- PASS: TestTerminalTopLevelTextDoesNotMasqueradeAsControl (0.00s)\n","OutputType":"frame"}
{"Time":"2026-09-08T10:19:06.202594501+03:00","Action":"pass","Package":"virmill.local/core/internal/ui/tui","Test":"TestTerminalTopLevelTextDoesNotMasqueradeAsControl","Elapsed":0}
{"Time":"2026-09-08T10:19:06.202596996+03:00","Action":"run","Package":"virmill.local/core/internal/ui/tui","Test":"TestTerminalExactApprovalDigestAndAcknowledgementsUnchanged"}
{"Time":"2026-09-08T10:19:06.202599282+03:00","Action":"output","Package":"virmill.local/core/internal/ui/tui","Test":"TestTerminalExactApprovalDigestAndAcknowledgementsUnchanged","Output":"=== RUN   TestTerminalExactApprovalDigestAndAcknowledgementsUnchanged\n","OutputType":"frame"}
{"Time":"2026-09-08T10:19:06.203080011+03:00","Action":"output","Package":"virmill.local/core/internal/ui/tui","Test":"TestTerminalExactApprovalDigestAndAcknowledgementsUnchanged","Output":"--- PASS: TestTerminalExactApprovalDigestAndAcknowledgementsUnchanged (0.00s)\n","OutputType":"frame"}
{"Time":"2026-09-08T10:19:06.20309205+03:00","Action":"pass","Package":"virmill.local/core/internal/ui/tui","Test":"TestTerminalExactApprovalDigestAndAcknowledgementsUnchanged","Elapsed":0}
{"Time":"2026-09-08T10:19:06.203096997+03:00","Action":"run","Package":"virmill.local/core/internal/ui/tui","Test":"TestTerminalFormsPreserveInputAcrossResizeAndExposeErrors"}
{"Time":"2026-09-08T10:19:06.203099691+03:00","Action":"output","Package":"virmill.local/core/internal/ui/tui","Test":"TestTerminalFormsPreserveInputAcrossResizeAndExposeErrors","Output":"=== RUN   TestTerminalFormsPreserveInputAcrossResizeAndExposeErrors\n","OutputType":"frame"}
{"Time":"2026-09-08T10:19:06.203102895+03:00","Action":"run","Package":"virmill.local/core/internal/ui/tui","Test":"TestTerminalFormsPreserveInputAcrossResizeAndExposeErrors/0"}
{"Time":"2026-09-08T10:19:06.203105187+03:00","Action":"output","Package":"virmill.local/core/internal/ui/tui","Test":"TestTerminalFormsPreserveInputAcrossResizeAndExposeErrors/0","Output":"=== RUN   TestTerminalFormsPreserveInputAcrossResizeAndExposeErrors/0\n","OutputType":"frame"}
{"Time":"2026-09-08T10:19:06.208728045+03:00","Action":"output","Package":"virmill.local/core/internal/ui/cli","Test":"TestProtectedNetworkCLIReviewExamplesAndExactApproval/protected-guest-only-no-cidr.yaml/json","Output":"--- PASS: TestProtectedNetworkCLIReviewExamplesAndExactApproval/protected-guest-only-no-cidr.yaml/json (0.02s)\n","OutputType":"frame"}
{"Time":"2026-09-08T10:19:06.208751606+03:00","Action":"pass","Package":"virmill.local/core/internal/ui/cli","Test":"TestProtectedNetworkCLIReviewExamplesAndExactApproval/protected-guest-only-no-cidr.yaml/json","Elapsed":0.02}
{"Time":"2026-09-08T10:19:06.208756483+03:00","Action":"run","Package":"virmill.local/core/internal/ui/cli","Test":"TestProtectedNetworkCLIReviewExamplesAndExactApproval/protected-guest-only-no-cidr.yaml/ndjson"}
{"Time":"2026-09-08T10:19:06.208758534+03:00","Action":"output","Package":"virmill.local/core/internal/ui/cli","Test":"TestProtectedNetworkCLIReviewExamplesAndExactApproval/protected-guest-only-no-cidr.yaml/ndjson","Output":"=== RUN   TestProtectedNetworkCLIReviewExamplesAndExactApproval/protected-guest-only-no-cidr.yaml/ndjson\n","OutputType":"frame"}
{"Time":"2026-09-08T10:19:06.217288992+03:00","Action":"output","Package":"virmill.local/core/internal/ui/tui","Test":"TestTerminalFormsPreserveInputAcrossResizeAndExposeErrors/0","Output":"--- PASS: TestTerminalFormsPreserveInputAcrossResizeAndExposeErrors/0 (0.01s)\n","OutputType":"frame"}
{"Time":"2026-09-08T10:19:06.21730355+03:00","Action":"pass","Package":"virmill.local/core/internal/ui/tui","Test":"TestTerminalFormsPreserveInputAcrossResizeAndExposeErrors/0","Elapsed":0.01}
{"Time":"2026-09-08T10:19:06.217332669+03:00","Action":"run","Package":"virmill.local/core/internal/ui/tui","Test":"TestTerminalFormsPreserveInputAcrossResizeAndExposeErrors/1"}
{"Time":"2026-09-08T10:19:06.217336665+03:00","Action":"output","Package":"virmill.local/core/internal/ui/tui","Test":"TestTerminalFormsPreserveInputAcrossResizeAndExposeErrors/1","Output":"=== RUN   TestTerminalFormsPreserveInputAcrossResizeAndExposeErrors/1\n","OutputType":"frame"}
{"Time":"2026-09-08T10:19:06.229309622+03:00","Action":"output","Package":"virmill.local/core/internal/ui/cli","Test":"TestProtectedNetworkCLIReviewExamplesAndExactApproval/protected-guest-only-no-cidr.yaml/ndjson","Output":"--- PASS: TestProtectedNetworkCLIReviewExamplesAndExactApproval/protected-guest-only-no-cidr.yaml/ndjson (0.02s)\n","OutputType":"frame"}
{"Time":"2026-09-08T10:19:06.229339165+03:00","Action":"pass","Package":"virmill.local/core/internal/ui/cli","Test":"TestProtectedNetworkCLIReviewExamplesAndExactApproval/protected-guest-only-no-cidr.yaml/ndjson","Elapsed":0.02}
{"Time":"2026-09-08T10:19:06.229348126+03:00","Action":"run","Package":"virmill.local/core/internal/ui/cli","Test":"TestProtectedNetworkCLIReviewExamplesAndExactApproval/allowed-host-nat.yaml/json"}
{"Time":"2026-09-08T10:19:06.229351043+03:00","Action":"output","Package":"virmill.local/core/internal/ui/cli","Test":"TestProtectedNetworkCLIReviewExamplesAndExactApproval/allowed-host-nat.yaml/json","Output":"=== RUN   TestProtectedNetworkCLIReviewExamplesAndExactApproval/allowed-host-nat.yaml/json\n","OutputType":"frame"}
{"Time":"2026-09-08T10:19:06.233087364+03:00","Action":"output","Package":"virmill.local/core/internal/ui/tui","Test":"TestTerminalFormsPreserveInputAcrossResizeAndExposeErrors/1","Output":"--- PASS: TestTerminalFormsPreserveInputAcrossResizeAndExposeErrors/1 (0.02s)\n","OutputType":"frame"}
{"Time":"2026-09-08T10:19:06.233105283+03:00","Action":"pass","Package":"virmill.local/core/internal/ui/tui","Test":"TestTerminalFormsPreserveInputAcrossResizeAndExposeErrors/1","Elapsed":0.02}
{"Time":"2026-09-08T10:19:06.233142735+03:00","Action":"output","Package":"virmill.local/core/internal/ui/tui","Test":"TestTerminalFormsPreserveInputAcrossResizeAndExposeErrors","Output":"--- PASS: TestTerminalFormsPreserveInputAcrossResizeAndExposeErrors (0.03s)\n","OutputType":"frame"}
{"Time":"2026-09-08T10:19:06.233151788+03:00","Action":"pass","Package":"virmill.local/core/internal/ui/tui","Test":"TestTerminalFormsPreserveInputAcrossResizeAndExposeErrors","Elapsed":0.03}
{"Time":"2026-09-08T10:19:06.233173899+03:00","Action":"run","Package":"virmill.local/core/internal/ui/tui","Test":"TestTerminalBusyDetachDoesNotCancelOrResubmit"}
{"Time":"2026-09-08T10:19:06.233176363+03:00","Action":"output","Package":"virmill.local/core/internal/ui/tui","Test":"TestTerminalBusyDetachDoesNotCancelOrResubmit","Output":"=== RUN   TestTerminalBusyDetachDoesNotCancelOrResubmit\n","OutputType":"frame"}
{"Time":"2026-09-08T10:19:06.233748075+03:00","Action":"output","Package":"virmill.local/core/internal/ui/tui","Test":"TestTerminalBusyDetachDoesNotCancelOrResubmit","Output":"--- PASS: TestTerminalBusyDetachDoesNotCancelOrResubmit (0.00s)\n","OutputType":"frame"}
{"Time":"2026-09-08T10:19:06.233765356+03:00","Action":"pass","Package":"virmill.local/core/internal/ui/tui","Test":"TestTerminalBusyDetachDoesNotCancelOrResubmit","Elapsed":0}
{"Time":"2026-09-08T10:19:06.233786057+03:00","Action":"output","Package":"virmill.local/core/internal/ui/tui","Output":"PASS\n","OutputType":"frame"}
{"Time":"2026-09-08T10:19:06.25024534+03:00","Action":"output","Package":"virmill.local/core/internal/ui/cli","Test":"TestProtectedNetworkCLIReviewExamplesAndExactApproval/allowed-host-nat.yaml/json","Output":"--- PASS: TestProtectedNetworkCLIReviewExamplesAndExactApproval/allowed-host-nat.yaml/json (0.02s)\n","OutputType":"frame"}
{"Time":"2026-09-08T10:19:06.250270556+03:00","Action":"pass","Package":"virmill.local/core/internal/ui/cli","Test":"TestProtectedNetworkCLIReviewExamplesAndExactApproval/allowed-host-nat.yaml/json","Elapsed":0.02}
{"Time":"2026-09-08T10:19:06.250281607+03:00","Action":"run","Package":"virmill.local/core/internal/ui/cli","Test":"TestProtectedNetworkCLIReviewExamplesAndExactApproval/allowed-host-nat.yaml/ndjson"}
{"Time":"2026-09-08T10:19:06.250283522+03:00","Action":"output","Package":"virmill.local/core/internal/ui/cli","Test":"TestProtectedNetworkCLIReviewExamplesAndExactApproval/allowed-host-nat.yaml/ndjson","Output":"=== RUN   TestProtectedNetworkCLIReviewExamplesAndExactApproval/allowed-host-nat.yaml/ndjson\n","OutputType":"frame"}
{"Time":"2026-09-08T10:19:06.270234757+03:00","Action":"output","Package":"virmill.local/core/internal/app","Test":"TestProtectedNetworkProfilesPersistPolicyAndReservations/guest-addressless","Output":"--- PASS: TestProtectedNetworkProfilesPersistPolicyAndReservations/guest-addressless (0.09s)\n","OutputType":"frame"}
{"Time":"2026-09-08T10:19:06.270268657+03:00","Action":"pass","Package":"virmill.local/core/internal/app","Test":"TestProtectedNetworkProfilesPersistPolicyAndReservations/guest-addressless","Elapsed":0.09}
{"Time":"2026-09-08T10:19:06.270275996+03:00","Action":"output","Package":"virmill.local/core/internal/app","Test":"TestProtectedNetworkProfilesPersistPolicyAndReservations","Output":"--- PASS: TestProtectedNetworkProfilesPersistPolicyAndReservations (0.54s)\n","OutputType":"frame"}
{"Time":"2026-09-08T10:19:06.270278928+03:00","Action":"pass","Package":"virmill.local/core/internal/app","Test":"TestProtectedNetworkProfilesPersistPolicyAndReservations","Elapsed":0.54}
{"Time":"2026-09-08T10:19:06.270286823+03:00","Action":"run","Package":"virmill.local/core/internal/app","Test":"TestProtectedNetworkFailureRetainsPolicyAcrossReviewedRecovery"}
{"Time":"2026-09-08T10:19:06.27028838+03:00","Action":"output","Package":"virmill.local/core/internal/app","Test":"TestProtectedNetworkFailureRetainsPolicyAcrossReviewedRecovery","Output":"=== RUN   TestProtectedNetworkFailureRetainsPolicyAcrossReviewedRecovery\n","OutputType":"frame"}
{"Time":"2026-09-08T10:19:06.270312268+03:00","Action":"run","Package":"virmill.local/core/internal/app","Test":"TestProtectedNetworkFailureRetainsPolicyAcrossReviewedRecovery/nat"}
{"Time":"2026-09-08T10:19:06.270314229+03:00","Action":"output","Package":"virmill.local/core/internal/app","Test":"TestProtectedNetworkFailureRetainsPolicyAcrossReviewedRecovery/nat","Output":"=== RUN   TestProtectedNetworkFailureRetainsPolicyAcrossReviewedRecovery/nat\n","OutputType":"frame"}
{"Time":"2026-09-08T10:19:06.270644366+03:00","Action":"output","Package":"virmill.local/core/internal/ui/cli","Test":"TestProtectedNetworkCLIReviewExamplesAndExactApproval/allowed-host-nat.yaml/ndjson","Output":"--- PASS: TestProtectedNetworkCLIReviewExamplesAndExactApproval/allowed-host-nat.yaml/ndjson (0.02s)\n","OutputType":"frame"}
{"Time":"2026-09-08T10:19:06.270661957+03:00","Action":"pass","Package":"virmill.local/core/internal/ui/cli","Test":"TestProtectedNetworkCLIReviewExamplesAndExactApproval/allowed-host-nat.yaml/ndjson","Elapsed":0.02}
{"Time":"2026-09-08T10:19:06.27068133+03:00","Action":"run","Package":"virmill.local/core/internal/ui/cli","Test":"TestProtectedNetworkCLIReviewExamplesAndExactApproval/allowed-host-lab.yaml/json"}
{"Time":"2026-09-08T10:19:06.270682999+03:00","Action":"output","Package":"virmill.local/core/internal/ui/cli","Test":"TestProtectedNetworkCLIReviewExamplesAndExactApproval/allowed-host-lab.yaml/json","Output":"=== RUN   TestProtectedNetworkCLIReviewExamplesAndExactApproval/allowed-host-lab.yaml/json\n","OutputType":"frame"}
{"Time":"2026-09-08T10:19:06.291391404+03:00","Action":"output","Package":"virmill.local/core/internal/ui/cli","Test":"TestProtectedNetworkCLIReviewExamplesAndExactApproval/allowed-host-lab.yaml/json","Output":"--- PASS: TestProtectedNetworkCLIReviewExamplesAndExactApproval/allowed-host-lab.yaml/json (0.02s)\n","OutputType":"frame"}
{"Time":"2026-09-08T10:19:06.29141756+03:00","Action":"pass","Package":"virmill.local/core/internal/ui/cli","Test":"TestProtectedNetworkCLIReviewExamplesAndExactApproval/allowed-host-lab.yaml/json","Elapsed":0.02}
{"Time":"2026-09-08T10:19:06.291423773+03:00","Action":"run","Package":"virmill.local/core/internal/ui/cli","Test":"TestProtectedNetworkCLIReviewExamplesAndExactApproval/allowed-host-lab.yaml/ndjson"}
{"Time":"2026-09-08T10:19:06.291425383+03:00","Action":"output","Package":"virmill.local/core/internal/ui/cli","Test":"TestProtectedNetworkCLIReviewExamplesAndExactApproval/allowed-host-lab.yaml/ndjson","Output":"=== RUN   TestProtectedNetworkCLIReviewExamplesAndExactApproval/allowed-host-lab.yaml/ndjson\n","OutputType":"frame"}
{"Time":"2026-09-08T10:19:06.31050919+03:00","Action":"output","Package":"virmill.local/core/internal/ui/cli","Test":"TestProtectedNetworkCLIReviewExamplesAndExactApproval/allowed-host-lab.yaml/ndjson","Output":"--- PASS: TestProtectedNetworkCLIReviewExamplesAndExactApproval/allowed-host-lab.yaml/ndjson (0.02s)\n","OutputType":"frame"}
{"Time":"2026-09-08T10:19:06.310536131+03:00","Action":"pass","Package":"virmill.local/core/internal/ui/cli","Test":"TestProtectedNetworkCLIReviewExamplesAndExactApproval/allowed-host-lab.yaml/ndjson","Elapsed":0.02}
{"Time":"2026-09-08T10:19:06.310550653+03:00","Action":"output","Package":"virmill.local/core/internal/ui/cli","Test":"TestProtectedNetworkCLIReviewExamplesAndExactApproval","Output":"--- PASS: TestProtectedNetworkCLIReviewExamplesAndExactApproval (0.29s)\n","OutputType":"frame"}
{"Time":"2026-09-08T10:19:06.310552668+03:00","Action":"pass","Package":"virmill.local/core/internal/ui/cli","Test":"TestProtectedNetworkCLIReviewExamplesAndExactApproval","Elapsed":0.29}
{"Time":"2026-09-08T10:19:06.310704885+03:00","Action":"run","Package":"virmill.local/core/internal/ui/cli","Test":"TestProtectedNetworkCLICancellationAndValidationDoNotExposeSuccess"}
{"Time":"2026-09-08T10:19:06.310707181+03:00","Action":"output","Package":"virmill.local/core/internal/ui/cli","Test":"TestProtectedNetworkCLICancellationAndValidationDoNotExposeSuccess","Output":"=== RUN   TestProtectedNetworkCLICancellationAndValidationDoNotExposeSuccess\n","OutputType":"frame"}
{"Time":"2026-09-08T10:19:06.310732859+03:00","Action":"run","Package":"virmill.local/core/internal/ui/cli","Test":"TestProtectedNetworkCLICancellationAndValidationDoNotExposeSuccess/canceled"}
{"Time":"2026-09-08T10:19:06.310735084+03:00","Action":"output","Package":"virmill.local/core/internal/ui/cli","Test":"TestProtectedNetworkCLICancellationAndValidationDoNotExposeSuccess/canceled","Output":"=== RUN   TestProtectedNetworkCLICancellationAndValidationDoNotExposeSuccess/canceled\n","OutputType":"frame"}
{"Time":"2026-09-08T10:19:06.312387237+03:00","Action":"output","Package":"virmill.local/core/internal/ui/cli","Test":"TestProtectedNetworkCLICancellationAndValidationDoNotExposeSuccess/canceled","Output":"--- PASS: TestProtectedNetworkCLICancellationAndValidationDoNotExposeSuccess/canceled (0.00s)\n","OutputType":"frame"}
{"Time":"2026-09-08T10:19:06.312405074+03:00","Action":"pass","Package":"virmill.local/core/internal/ui/cli","Test":"TestProtectedNetworkCLICancellationAndValidationDoNotExposeSuccess/canceled","Elapsed":0}
{"Time":"2026-09-08T10:19:06.312417725+03:00","Action":"run","Package":"virmill.local/core/internal/ui/cli","Test":"TestProtectedNetworkCLICancellationAndValidationDoNotExposeSuccess/session"}
{"Time":"2026-09-08T10:19:06.312419921+03:00","Action":"output","Package":"virmill.local/core/internal/ui/cli","Test":"TestProtectedNetworkCLICancellationAndValidationDoNotExposeSuccess/session","Output":"=== RUN   TestProtectedNetworkCLICancellationAndValidationDoNotExposeSuccess/session\n","OutputType":"frame"}
{"Time":"2026-09-08T10:19:06.314674445+03:00","Action":"output","Package":"virmill.local/core/internal/ui/cli","Test":"TestProtectedNetworkCLICancellationAndValidationDoNotExposeSuccess/session","Output":"--- PASS: TestProtectedNetworkCLICancellationAndValidationDoNotExposeSuccess/session (0.00s)\n","OutputType":"frame"}
{"Time":"2026-09-08T10:19:06.314687563+03:00","Action":"pass","Package":"virmill.local/core/internal/ui/cli","Test":"TestProtectedNetworkCLICancellationAndValidationDoNotExposeSuccess/session","Elapsed":0}
{"Time":"2026-09-08T10:19:06.314707819+03:00","Action":"run","Package":"virmill.local/core/internal/ui/cli","Test":"TestProtectedNetworkCLICancellationAndValidationDoNotExposeSuccess/unexpected-input"}
{"Time":"2026-09-08T10:19:06.314709606+03:00","Action":"output","Package":"virmill.local/core/internal/ui/cli","Test":"TestProtectedNetworkCLICancellationAndValidationDoNotExposeSuccess/unexpected-input","Output":"=== RUN   TestProtectedNetworkCLICancellationAndValidationDoNotExposeSuccess/unexpected-input\n","OutputType":"frame"}
{"Time":"2026-09-08T10:19:06.316450673+03:00","Action":"output","Package":"virmill.local/core/internal/ui/cli","Test":"TestProtectedNetworkCLICancellationAndValidationDoNotExposeSuccess/unexpected-input","Output":"--- PASS: TestProtectedNetworkCLICancellationAndValidationDoNotExposeSuccess/unexpected-input (0.00s)\n","OutputType":"frame"}
{"Time":"2026-09-08T10:19:06.316458432+03:00","Action":"pass","Package":"virmill.local/core/internal/ui/cli","Test":"TestProtectedNetworkCLICancellationAndValidationDoNotExposeSuccess/unexpected-input","Elapsed":0}
{"Time":"2026-09-08T10:19:06.316484057+03:00","Action":"output","Package":"virmill.local/core/internal/ui/cli","Test":"TestProtectedNetworkCLICancellationAndValidationDoNotExposeSuccess","Output":"--- PASS: TestProtectedNetworkCLICancellationAndValidationDoNotExposeSuccess (0.01s)\n","OutputType":"frame"}
{"Time":"2026-09-08T10:19:06.316488358+03:00","Action":"pass","Package":"virmill.local/core/internal/ui/cli","Test":"TestProtectedNetworkCLICancellationAndValidationDoNotExposeSuccess","Elapsed":0.01}
{"Time":"2026-09-08T10:19:06.316500699+03:00","Action":"run","Package":"virmill.local/core/internal/ui/cli","Test":"TestBackupPolicyCommandsNormalizePathsAndNeverApply"}
{"Time":"2026-09-08T10:19:06.316504968+03:00","Action":"output","Package":"virmill.local/core/internal/ui/cli","Test":"TestBackupPolicyCommandsNormalizePathsAndNeverApply","Output":"=== RUN   TestBackupPolicyCommandsNormalizePathsAndNeverApply\n","OutputType":"frame"}
{"Time":"2026-09-08T10:19:06.31729798+03:00","Action":"output","Package":"virmill.local/core/internal/ui/cli","Test":"TestBackupPolicyCommandsNormalizePathsAndNeverApply","Output":"--- PASS: TestBackupPolicyCommandsNormalizePathsAndNeverApply (0.00s)\n","OutputType":"frame"}
{"Time":"2026-09-08T10:19:06.317307582+03:00","Action":"pass","Package":"virmill.local/core/internal/ui/cli","Test":"TestBackupPolicyCommandsNormalizePathsAndNeverApply","Elapsed":0}
{"Time":"2026-09-08T10:19:06.317322503+03:00","Action":"run","Package":"virmill.local/core/internal/ui/cli","Test":"TestProviderConformanceUsesSharedPluginTest"}
{"Time":"2026-09-08T10:19:06.317324613+03:00","Action":"output","Package":"virmill.local/core/internal/ui/cli","Test":"TestProviderConformanceUsesSharedPluginTest","Output":"=== RUN   TestProviderConformanceUsesSharedPluginTest\n","OutputType":"frame"}
{"Time":"2026-09-08T10:19:06.317704223+03:00","Action":"output","Package":"virmill.local/core/internal/ui/cli","Test":"TestProviderConformanceUsesSharedPluginTest","Output":"--- PASS: TestProviderConformanceUsesSharedPluginTest (0.00s)\n","OutputType":"frame"}
{"Time":"2026-09-08T10:19:06.317712676+03:00","Action":"pass","Package":"virmill.local/core/internal/ui/cli","Test":"TestProviderConformanceUsesSharedPluginTest","Elapsed":0}
{"Time":"2026-09-08T10:19:06.317721077+03:00","Action":"run","Package":"virmill.local/core/internal/ui/cli","Test":"TestRebootUsesSharedPlanWithoutApplying"}
{"Time":"2026-09-08T10:19:06.317723142+03:00","Action":"output","Package":"virmill.local/core/internal/ui/cli","Test":"TestRebootUsesSharedPlanWithoutApplying","Output":"=== RUN   TestRebootUsesSharedPlanWithoutApplying\n","OutputType":"frame"}
{"Time":"2026-09-08T10:19:06.318105733+03:00","Action":"output","Package":"virmill.local/core/internal/ui/cli","Test":"TestRebootUsesSharedPlanWithoutApplying","Output":"--- PASS: TestRebootUsesSharedPlanWithoutApplying (0.00s)\n","OutputType":"frame"}
{"Time":"2026-09-08T10:19:06.318114954+03:00","Action":"pass","Package":"virmill.local/core/internal/ui/cli","Test":"TestRebootUsesSharedPlanWithoutApplying","Elapsed":0}
{"Time":"2026-09-08T10:19:06.318124097+03:00","Action":"run","Package":"virmill.local/core/internal/ui/cli","Test":"TestRecoveryInspectionAndDeclaredVerificationUseSharedService"}
{"Time":"2026-09-08T10:19:06.31812589+03:00","Action":"output","Package":"virmill.local/core/internal/ui/cli","Test":"TestRecoveryInspectionAndDeclaredVerificationUseSharedService","Output":"=== RUN   TestRecoveryInspectionAndDeclaredVerificationUseSharedService\n","OutputType":"frame"}
{"Time":"2026-09-08T10:19:06.319550377+03:00","Action":"output","Package":"virmill.local/core/internal/ui/cli","Test":"TestRecoveryInspectionAndDeclaredVerificationUseSharedService","Output":"--- PASS: TestRecoveryInspectionAndDeclaredVerificationUseSharedService (0.00s)\n","OutputType":"frame"}
{"Time":"2026-09-08T10:19:06.319558017+03:00","Action":"pass","Package":"virmill.local/core/internal/ui/cli","Test":"TestRecoveryInspectionAndDeclaredVerificationUseSharedService","Elapsed":0}
{"Time":"2026-09-08T10:19:06.319571768+03:00","Action":"run","Package":"virmill.local/core/internal/ui/cli","Test":"TestRecoveryCLIManifestRootReachesActualMemberVerification"}
{"Time":"2026-09-08T10:19:06.319573673+03:00","Action":"output","Package":"virmill.local/core/internal/ui/cli","Test":"TestRecoveryCLIManifestRootReachesActualMemberVerification","Output":"=== RUN   TestRecoveryCLIManifestRootReachesActualMemberVerification\n","OutputType":"frame"}
{"Time":"2026-09-08T10:19:06.324112965+03:00","Action":"output","Package":"virmill.local/core/internal/ui/cli","Test":"TestRecoveryCLIManifestRootReachesActualMemberVerification","Output":"--- PASS: TestRecoveryCLIManifestRootReachesActualMemberVerification (0.00s)\n","OutputType":"frame"}
{"Time":"2026-09-08T10:19:06.324136325+03:00","Action":"pass","Package":"virmill.local/core/internal/ui/cli","Test":"TestRecoveryCLIManifestRootReachesActualMemberVerification","Elapsed":0}
{"Time":"2026-09-08T10:19:06.324141392+03:00","Action":"run","Package":"virmill.local/core/internal/ui/cli","Test":"TestRecoveryCLIFailuresAndCancellationAreVisible"}
{"Time":"2026-09-08T10:19:06.324144104+03:00","Action":"output","Package":"virmill.local/core/internal/ui/cli","Test":"TestRecoveryCLIFailuresAndCancellationAreVisible","Output":"=== RUN   TestRecoveryCLIFailuresAndCancellationAreVisible\n","OutputType":"frame"}
{"Time":"2026-09-08T10:19:06.324209238+03:00","Action":"run","Package":"virmill.local/core/internal/ui/cli","Test":"TestRecoveryCLIFailuresAndCancellationAreVisible/unsupported-native-adapter"}
{"Time":"2026-09-08T10:19:06.324214947+03:00","Action":"output","Package":"virmill.local/core/internal/ui/cli","Test":"TestRecoveryCLIFailuresAndCancellationAreVisible/unsupported-native-adapter","Output":"=== RUN   TestRecoveryCLIFailuresAndCancellationAreVisible/unsupported-native-adapter\n","OutputType":"frame"}
{"Time":"2026-09-08T10:19:06.325614932+03:00","Action":"output","Package":"virmill.local/core/internal/ui/cli","Test":"TestRecoveryCLIFailuresAndCancellationAreVisible/unsupported-native-adapter","Output":"--- PASS: TestRecoveryCLIFailuresAndCancellationAreVisible/unsupported-native-adapter (0.00s)\n","OutputType":"frame"}
{"Time":"2026-09-08T10:19:06.325630702+03:00","Action":"pass","Package":"virmill.local/core/internal/ui/cli","Test":"TestRecoveryCLIFailuresAndCancellationAreVisible/unsupported-native-adapter","Elapsed":0}
{"Time":"2026-09-08T10:19:06.325653102+03:00","Action":"run","Package":"virmill.local/core/internal/ui/cli","Test":"TestRecoveryCLIFailuresAndCancellationAreVisible/canceled-inspection"}
{"Time":"2026-09-08T10:19:06.325656473+03:00","Action":"output","Package":"virmill.local/core/internal/ui/cli","Test":"TestRecoveryCLIFailuresAndCancellationAreVisible/canceled-inspection","Output":"=== RUN   TestRecoveryCLIFailuresAndCancellationAreVisible/canceled-inspection\n","OutputType":"frame"}
{"Time":"2026-09-08T10:19:06.326333766+03:00","Action":"output","Package":"virmill.local/core/internal/ui/cli","Test":"TestRecoveryCLIFailuresAndCancellationAreVisible/canceled-inspection","Output":"--- PASS: TestRecoveryCLIFailuresAndCancellationAreVisible/canceled-inspection (0.00s)\n","OutputType":"frame"}
{"Time":"2026-09-08T10:19:06.326343044+03:00","Action":"pass","Package":"virmill.local/core/internal/ui/cli","Test":"TestRecoveryCLIFailuresAndCancellationAreVisible/canceled-inspection","Elapsed":0}
{"Time":"2026-09-08T10:19:06.326365355+03:00","Action":"run","Package":"virmill.local/core/internal/ui/cli","Test":"TestRecoveryCLIFailuresAndCancellationAreVisible/canceled-member-verification"}
{"Time":"2026-09-08T10:19:06.326368386+03:00","Action":"output","Package":"virmill.local/core/internal/ui/cli","Test":"TestRecoveryCLIFailuresAndCancellationAreVisible/canceled-member-verification","Output":"=== RUN   TestRecoveryCLIFailuresAndCancellationAreVisible/canceled-member-verification\n","OutputType":"frame"}
{"Time":"2026-09-08T10:19:06.327027647+03:00","Action":"output","Package":"virmill.local/core/internal/ui/cli","Test":"TestRecoveryCLIFailuresAndCancellationAreVisible/canceled-member-verification","Output":"--- PASS: TestRecoveryCLIFailuresAndCancellationAreVisible/canceled-member-verification (0.00s)\n","OutputType":"frame"}
{"Time":"2026-09-08T10:19:06.327042348+03:00","Action":"pass","Package":"virmill.local/core/internal/ui/cli","Test":"TestRecoveryCLIFailuresAndCancellationAreVisible/canceled-member-verification","Elapsed":0}
{"Time":"2026-09-08T10:19:06.32705941+03:00","Action":"run","Package":"virmill.local/core/internal/ui/cli","Test":"TestRecoveryCLIFailuresAndCancellationAreVisible/transport-failure"}
{"Time":"2026-09-08T10:19:06.327062285+03:00","Action":"output","Package":"virmill.local/core/internal/ui/cli","Test":"TestRecoveryCLIFailuresAndCancellationAreVisible/transport-failure","Output":"=== RUN   TestRecoveryCLIFailuresAndCancellationAreVisible/transport-failure\n","OutputType":"frame"}
{"Time":"2026-09-08T10:19:06.327697463+03:00","Action":"output","Package":"virmill.local/core/internal/ui/cli","Test":"TestRecoveryCLIFailuresAndCancellationAreVisible/transport-failure","Output":"--- PASS: TestRecoveryCLIFailuresAndCancellationAreVisible/transport-failure (0.00s)\n","OutputType":"frame"}
{"Time":"2026-09-08T10:19:06.32771301+03:00","Action":"pass","Package":"virmill.local/core/internal/ui/cli","Test":"TestRecoveryCLIFailuresAndCancellationAreVisible/transport-failure","Elapsed":0}
{"Time":"2026-09-08T10:19:06.327733587+03:00","Action":"output","Package":"virmill.local/core/internal/ui/cli","Test":"TestRecoveryCLIFailuresAndCancellationAreVisible","Output":"--- PASS: TestRecoveryCLIFailuresAndCancellationAreVisible (0.00s)\n","OutputType":"frame"}
{"Time":"2026-09-08T10:19:06.327757604+03:00","Action":"pass","Package":"virmill.local/core/internal/ui/cli","Test":"TestRecoveryCLIFailuresAndCancellationAreVisible","Elapsed":0}
{"Time":"2026-09-08T10:19:06.327773345+03:00","Action":"run","Package":"virmill.local/core/internal/ui/cli","Test":"TestRecoveryCLIStrictInputAndPathNormalizationRefuseBeforeDispatch"}
{"Time":"2026-09-08T10:19:06.327775445+03:00","Action":"output","Package":"virmill.local/core/internal/ui/cli","Test":"TestRecoveryCLIStrictInputAndPathNormalizationRefuseBeforeDispatch","Output":"=== RUN   TestRecoveryCLIStrictInputAndPathNormalizationRefuseBeforeDispatch\n","OutputType":"frame"}
{"Time":"2026-09-08T10:19:06.329826427+03:00","Action":"output","Package":"virmill.local/core/internal/ui/cli","Test":"TestRecoveryCLIStrictInputAndPathNormalizationRefuseBeforeDispatch","Output":"--- PASS: TestRecoveryCLIStrictInputAndPathNormalizationRefuseBeforeDispatch (0.00s)\n","OutputType":"frame"}
{"Time":"2026-09-08T10:19:06.32983873+03:00","Action":"pass","Package":"virmill.local/core/internal/ui/cli","Test":"TestRecoveryCLIStrictInputAndPathNormalizationRefuseBeforeDispatch","Elapsed":0}
{"Time":"2026-09-08T10:19:06.329858083+03:00","Action":"run","Package":"virmill.local/core/internal/ui/cli","Test":"TestManagedVolumeAccessUsesSharedService"}
{"Time":"2026-09-08T10:19:06.329861913+03:00","Action":"output","Package":"virmill.local/core/internal/ui/cli","Test":"TestManagedVolumeAccessUsesSharedService","Output":"=== RUN   TestManagedVolumeAccessUsesSharedService\n","OutputType":"frame"}
{"Time":"2026-09-08T10:19:06.333306517+03:00","Action":"output","Package":"virmill.local/core/internal/ui/cli","Test":"TestManagedVolumeAccessUsesSharedService","Output":"--- PASS: TestManagedVolumeAccessUsesSharedService (0.00s)\n","OutputType":"frame"}
{"Time":"2026-09-08T10:19:06.333324962+03:00","Action":"pass","Package":"virmill.local/core/internal/ui/cli","Test":"TestManagedVolumeAccessUsesSharedService","Elapsed":0}
{"Time":"2026-09-08T10:19:06.333347893+03:00","Action":"run","Package":"virmill.local/core/internal/ui/cli","Test":"TestCleanJSONNoninteractiveAndSharedMethod"}
{"Time":"2026-09-08T10:19:06.333351682+03:00","Action":"output","Package":"virmill.local/core/internal/ui/cli","Test":"TestCleanJSONNoninteractiveAndSharedMethod","Output":"=== RUN   TestCleanJSONNoninteractiveAndSharedMethod\n","OutputType":"frame"}
{"Time":"2026-09-08T10:19:06.334377544+03:00","Action":"output","Package":"virmill.local/core/internal/ui/cli","Test":"TestCleanJSONNoninteractiveAndSharedMethod","Output":"--- PASS: TestCleanJSONNoninteractiveAndSharedMethod (0.00s)\n","OutputType":"frame"}
{"Time":"2026-09-08T10:19:06.33440632+03:00","Action":"pass","Package":"virmill.local/core/internal/ui/cli","Test":"TestCleanJSONNoninteractiveAndSharedMethod","Elapsed":0}
{"Time":"2026-09-08T10:19:06.334415682+03:00","Action":"run","Package":"virmill.local/core/internal/ui/cli","Test":"TestPlanApplyRequiresExplicitBinding"}
{"Time":"2026-09-08T10:19:06.334417568+03:00","Action":"output","Package":"virmill.local/core/internal/ui/cli","Test":"TestPlanApplyRequiresExplicitBinding","Output":"=== RUN   TestPlanApplyRequiresExplicitBinding\n","OutputType":"frame"}
{"Time":"2026-09-08T10:19:06.334797623+03:00","Action":"output","Package":"virmill.local/core/internal/ui/cli","Test":"TestPlanApplyRequiresExplicitBinding","Output":"--- PASS: TestPlanApplyRequiresExplicitBinding (0.00s)\n","OutputType":"frame"}
{"Time":"2026-09-08T10:19:06.334802049+03:00","Action":"pass","Package":"virmill.local/core/internal/ui/cli","Test":"TestPlanApplyRequiresExplicitBinding","Elapsed":0}
{"Time":"2026-09-08T10:19:06.334812138+03:00","Action":"run","Package":"virmill.local/core/internal/ui/cli","Test":"TestPluginPlansUseSharedServiceAndExplicitInputs"}
{"Time":"2026-09-08T10:19:06.334813684+03:00","Action":"output","Package":"virmill.local/core/internal/ui/cli","Test":"TestPluginPlansUseSharedServiceAndExplicitInputs","Output":"=== RUN   TestPluginPlansUseSharedServiceAndExplicitInputs\n","OutputType":"frame"}
{"Time":"2026-09-08T10:19:06.335613943+03:00","Action":"output","Package":"virmill.local/core/internal/ui/cli","Test":"TestPluginPlansUseSharedServiceAndExplicitInputs","Output":"--- PASS: TestPluginPlansUseSharedServiceAndExplicitInputs (0.00s)\n","OutputType":"frame"}
{"Time":"2026-09-08T10:19:06.335622106+03:00","Action":"pass","Package":"virmill.local/core/internal/ui/cli","Test":"TestPluginPlansUseSharedServiceAndExplicitInputs","Elapsed":0}
{"Time":"2026-09-08T10:19:06.335631921+03:00","Action":"run","Package":"virmill.local/core/internal/ui/cli","Test":"TestImportPreparationUsesSharedService"}
{"Time":"2026-09-08T10:19:06.335633783+03:00","Action":"output","Package":"virmill.local/core/internal/ui/cli","Test":"TestImportPreparationUsesSharedService","Output":"=== RUN   TestImportPreparationUsesSharedService\n","OutputType":"frame"}
{"Time":"2026-09-08T10:19:06.337727935+03:00","Action":"output","Package":"virmill.local/core/internal/ui/cli","Test":"TestImportPreparationUsesSharedService","Output":"--- PASS: TestImportPreparationUsesSharedService (0.00s)\n","OutputType":"frame"}
{"Time":"2026-09-08T10:19:06.337743414+03:00","Action":"pass","Package":"virmill.local/core/internal/ui/cli","Test":"TestImportPreparationUsesSharedService","Elapsed":0}
{"Time":"2026-09-08T10:19:06.337749204+03:00","Action":"run","Package":"virmill.local/core/internal/ui/cli","Test":"TestExistingDiskPreparationUsesSharedService"}
{"Time":"2026-09-08T10:19:06.337752179+03:00","Action":"output","Package":"virmill.local/core/internal/ui/cli","Test":"TestExistingDiskPreparationUsesSharedService","Output":"=== RUN   TestExistingDiskPreparationUsesSharedService\n","OutputType":"frame"}
{"Time":"2026-09-08T10:19:06.338939286+03:00","Action":"output","Package":"virmill.local/core/internal/ui/cli","Test":"TestExistingDiskPreparationUsesSharedService","Output":"--- PASS: TestExistingDiskPreparationUsesSharedService (0.00s)\n","OutputType":"frame"}
{"Time":"2026-09-08T10:19:06.338961021+03:00","Action":"pass","Package":"virmill.local/core/internal/ui/cli","Test":"TestExistingDiskPreparationUsesSharedService","Elapsed":0}
{"Time":"2026-09-08T10:19:06.338970091+03:00","Action":"run","Package":"virmill.local/core/internal/ui/cli","Test":"TestInstallationPreparationUsesSharedService"}
{"Time":"2026-09-08T10:19:06.338973285+03:00","Action":"output","Package":"virmill.local/core/internal/ui/cli","Test":"TestInstallationPreparationUsesSharedService","Output":"=== RUN   TestInstallationPreparationUsesSharedService\n","OutputType":"frame"}
{"Time":"2026-09-08T10:19:06.339771783+03:00","Action":"output","Package":"virmill.local/core/internal/ui/cli","Test":"TestInstallationPreparationUsesSharedService","Output":"--- PASS: TestInstallationPreparationUsesSharedService (0.00s)\n","OutputType":"frame"}
{"Time":"2026-09-08T10:19:06.339787991+03:00","Action":"pass","Package":"virmill.local/core/internal/ui/cli","Test":"TestInstallationPreparationUsesSharedService","Elapsed":0}
{"Time":"2026-09-08T10:19:06.339802769+03:00","Action":"run","Package":"virmill.local/core/internal/ui/cli","Test":"TestResourceInventoryCommandsPreserveExplicitConnection"}
{"Time":"2026-09-08T10:19:06.339806303+03:00","Action":"output","Package":"virmill.local/core/internal/ui/cli","Test":"TestResourceInventoryCommandsPreserveExplicitConnection","Output":"=== RUN   TestResourceInventoryCommandsPreserveExplicitConnection\n","OutputType":"frame"}
{"Time":"2026-09-08T10:19:06.34191213+03:00","Action":"output","Package":"virmill.local/core/internal/ui/cli","Test":"TestResourceInventoryCommandsPreserveExplicitConnection","Output":"--- PASS: TestResourceInventoryCommandsPreserveExplicitConnection (0.00s)\n","OutputType":"frame"}
{"Time":"2026-09-08T10:19:06.341923073+03:00","Action":"pass","Package":"virmill.local/core/internal/ui/cli","Test":"TestResourceInventoryCommandsPreserveExplicitConnection","Elapsed":0}
{"Time":"2026-09-08T10:19:06.341932203+03:00","Action":"run","Package":"virmill.local/core/internal/ui/cli","Test":"TestCreationAndRecoveryCommandsUseSharedService"}
{"Time":"2026-09-08T10:19:06.341934809+03:00","Action":"output","Package":"virmill.local/core/internal/ui/cli","Test":"TestCreationAndRecoveryCommandsUseSharedService","Output":"=== RUN   TestCreationAndRecoveryCommandsUseSharedService\n","OutputType":"frame"}
{"Time":"2026-09-08T10:19:06.345622215+03:00","Action":"output","Package":"virmill.local/core/internal/ui/cli","Test":"TestCreationAndRecoveryCommandsUseSharedService","Output":"--- PASS: TestCreationAndRecoveryCommandsUseSharedService (0.00s)\n","OutputType":"frame"}
{"Time":"2026-09-08T10:19:06.345639541+03:00","Action":"pass","Package":"virmill.local/core/internal/ui/cli","Test":"TestCreationAndRecoveryCommandsUseSharedService","Elapsed":0}
{"Time":"2026-09-08T10:19:06.345649936+03:00","Action":"run","Package":"virmill.local/core/internal/ui/cli","Test":"TestNoCloudCreationOptionsUseSharedService"}
{"Time":"2026-09-08T10:19:06.345653355+03:00","Action":"output","Package":"virmill.local/core/internal/ui/cli","Test":"TestNoCloudCreationOptionsUseSharedService","Output":"=== RUN   TestNoCloudCreationOptionsUseSharedService\n","OutputType":"frame"}
{"Time":"2026-09-08T10:19:06.346668189+03:00","Action":"output","Package":"virmill.local/core/internal/ui/cli","Test":"TestNoCloudCreationOptionsUseSharedService","Output":"--- PASS: TestNoCloudCreationOptionsUseSharedService (0.00s)\n","OutputType":"frame"}
{"Time":"2026-09-08T10:19:06.346678943+03:00","Action":"pass","Package":"virmill.local/core/internal/ui/cli","Test":"TestNoCloudCreationOptionsUseSharedService","Elapsed":0}
{"Time":"2026-09-08T10:19:06.346682145+03:00","Action":"run","Package":"virmill.local/core/internal/ui/cli","Test":"TestFixedResourcesUseSharedPlanning"}
{"Time":"2026-09-08T10:19:06.346683431+03:00","Action":"output","Package":"virmill.local/core/internal/ui/cli","Test":"TestFixedResourcesUseSharedPlanning","Output":"=== RUN   TestFixedResourcesUseSharedPlanning\n","OutputType":"frame"}
{"Time":"2026-09-08T10:19:06.34711477+03:00","Action":"output","Package":"virmill.local/core/internal/ui/cli","Test":"TestFixedResourcesUseSharedPlanning","Output":"--- PASS: TestFixedResourcesUseSharedPlanning (0.00s)\n","OutputType":"frame"}
{"Time":"2026-09-08T10:19:06.347120278+03:00","Action":"pass","Package":"virmill.local/core/internal/ui/cli","Test":"TestFixedResourcesUseSharedPlanning","Elapsed":0}
{"Time":"2026-09-08T10:19:06.347130918+03:00","Action":"run","Package":"virmill.local/core/internal/ui/cli","Test":"TestBootAndMediaCommandsUseSharedService"}
{"Time":"2026-09-08T10:19:06.347132923+03:00","Action":"output","Package":"virmill.local/core/internal/ui/cli","Test":"TestBootAndMediaCommandsUseSharedService","Output":"=== RUN   TestBootAndMediaCommandsUseSharedService\n","OutputType":"frame"}
{"Time":"2026-09-08T10:19:06.347933292+03:00","Action":"output","Package":"virmill.local/core/internal/ui/cli","Test":"TestBootAndMediaCommandsUseSharedService","Output":"--- PASS: TestBootAndMediaCommandsUseSharedService (0.00s)\n","OutputType":"frame"}
{"Time":"2026-09-08T10:19:06.347943791+03:00","Action":"pass","Package":"virmill.local/core/internal/ui/cli","Test":"TestBootAndMediaCommandsUseSharedService","Elapsed":0}
{"Time":"2026-09-08T10:19:06.347954231+03:00","Action":"run","Package":"virmill.local/core/internal/ui/cli","Test":"TestCLIPlanDisplaysSharedDowntimeEstimate"}
{"Time":"2026-09-08T10:19:06.347956333+03:00","Action":"output","Package":"virmill.local/core/internal/ui/cli","Test":"TestCLIPlanDisplaysSharedDowntimeEstimate","Output":"=== RUN   TestCLIPlanDisplaysSharedDowntimeEstimate\n","OutputType":"frame"}
{"Time":"2026-09-08T10:19:06.348370587+03:00","Action":"output","Package":"virmill.local/core/internal/ui/cli","Test":"TestCLIPlanDisplaysSharedDowntimeEstimate","Output":"--- PASS: TestCLIPlanDisplaysSharedDowntimeEstimate (0.00s)\n","OutputType":"frame"}
{"Time":"2026-09-08T10:19:06.3483836+03:00","Action":"pass","Package":"virmill.local/core/internal/ui/cli","Test":"TestCLIPlanDisplaysSharedDowntimeEstimate","Elapsed":0}
{"Time":"2026-09-08T10:19:06.348390666+03:00","Action":"run","Package":"virmill.local/core/internal/ui/cli","Test":"TestCLIActiveCreationResultIsObservationNotFailureOrCompletion"}
{"Time":"2026-09-08T10:19:06.348392678+03:00","Action":"output","Package":"virmill.local/core/internal/ui/cli","Test":"TestCLIActiveCreationResultIsObservationNotFailureOrCompletion","Output":"=== RUN   TestCLIActiveCreationResultIsObservationNotFailureOrCompletion\n","OutputType":"frame"}
{"Time":"2026-09-08T10:19:06.34894058+03:00","Action":"output","Package":"virmill.local/core/internal/ui/cli","Test":"TestCLIActiveCreationResultIsObservationNotFailureOrCompletion","Output":"--- PASS: TestCLIActiveCreationResultIsObservationNotFailureOrCompletion (0.00s)\n","OutputType":"frame"}
{"Time":"2026-09-08T10:19:06.348950134+03:00","Action":"pass","Package":"virmill.local/core/internal/ui/cli","Test":"TestCLIActiveCreationResultIsObservationNotFailureOrCompletion","Elapsed":0}
{"Time":"2026-09-08T10:19:06.348965278+03:00","Action":"output","Package":"virmill.local/core/internal/ui/cli","Output":"PASS\n","OutputType":"frame"}
{"Time":"2026-09-08T10:19:06.415374102+03:00","Action":"output","Package":"virmill.local/core/internal/app","Test":"TestProtectedNetworkFailureRetainsPolicyAcrossReviewedRecovery/nat","Output":"--- PASS: TestProtectedNetworkFailureRetainsPolicyAcrossReviewedRecovery/nat (0.14s)\n","OutputType":"frame"}
{"Time":"2026-09-08T10:19:06.415410982+03:00","Action":"pass","Package":"virmill.local/core/internal/app","Test":"TestProtectedNetworkFailureRetainsPolicyAcrossReviewedRecovery/nat","Elapsed":0.14}
{"Time":"2026-09-08T10:19:06.415418438+03:00","Action":"run","Package":"virmill.local/core/internal/app","Test":"TestProtectedNetworkFailureRetainsPolicyAcrossReviewedRecovery/lab"}
{"Time":"2026-09-08T10:19:06.41542144+03:00","Action":"output","Package":"virmill.local/core/internal/app","Test":"TestProtectedNetworkFailureRetainsPolicyAcrossReviewedRecovery/lab","Output":"=== RUN   TestProtectedNetworkFailureRetainsPolicyAcrossReviewedRecovery/lab\n","OutputType":"frame"}
{"Time":"2026-09-08T10:19:06.542480317+03:00","Action":"output","Package":"virmill.local/core/internal/app","Test":"TestProtectedNetworkFailureRetainsPolicyAcrossReviewedRecovery/lab","Output":"--- PASS: TestProtectedNetworkFailureRetainsPolicyAcrossReviewedRecovery/lab (0.13s)\n","OutputType":"frame"}
{"Time":"2026-09-08T10:19:06.542518542+03:00","Action":"pass","Package":"virmill.local/core/internal/app","Test":"TestProtectedNetworkFailureRetainsPolicyAcrossReviewedRecovery/lab","Elapsed":0.13}
{"Time":"2026-09-08T10:19:06.54252645+03:00","Action":"run","Package":"virmill.local/core/internal/app","Test":"TestProtectedNetworkFailureRetainsPolicyAcrossReviewedRecovery/guest-only"}
{"Time":"2026-09-08T10:19:06.54252929+03:00","Action":"output","Package":"virmill.local/core/internal/app","Test":"TestProtectedNetworkFailureRetainsPolicyAcrossReviewedRecovery/guest-only","Output":"=== RUN   TestProtectedNetworkFailureRetainsPolicyAcrossReviewedRecovery/guest-only\n","OutputType":"frame"}
{"Time":"2026-09-08T10:19:06.670300084+03:00","Action":"output","Package":"virmill.local/core/internal/app","Test":"TestProtectedNetworkFailureRetainsPolicyAcrossReviewedRecovery/guest-only","Output":"--- PASS: TestProtectedNetworkFailureRetainsPolicyAcrossReviewedRecovery/guest-only (0.13s)\n","OutputType":"frame"}
{"Time":"2026-09-08T10:19:06.670332743+03:00","Action":"pass","Package":"virmill.local/core/internal/app","Test":"TestProtectedNetworkFailureRetainsPolicyAcrossReviewedRecovery/guest-only","Elapsed":0.13}
{"Time":"2026-09-08T10:19:06.670340013+03:00","Action":"output","Package":"virmill.local/core/internal/app","Test":"TestProtectedNetworkFailureRetainsPolicyAcrossReviewedRecovery","Output":"--- PASS: TestProtectedNetworkFailureRetainsPolicyAcrossReviewedRecovery (0.40s)\n","OutputType":"frame"}
{"Time":"2026-09-08T10:19:06.67034203+03:00","Action":"pass","Package":"virmill.local/core/internal/app","Test":"TestProtectedNetworkFailureRetainsPolicyAcrossReviewedRecovery","Elapsed":0.4}
{"Time":"2026-09-08T10:19:06.670344617+03:00","Action":"run","Package":"virmill.local/core/internal/app","Test":"TestNetworkRecipeAndReservationVersionsCannotBeDowngraded"}
{"Time":"2026-09-08T10:19:06.670346095+03:00","Action":"output","Package":"virmill.local/core/internal/app","Test":"TestNetworkRecipeAndReservationVersionsCannotBeDowngraded","Output":"=== RUN   TestNetworkRecipeAndReservationVersionsCannotBeDowngraded\n","OutputType":"frame"}
{"Time":"2026-09-08T10:19:06.743859948+03:00","Action":"output","Package":"virmill.local/core/internal/app","Test":"TestNetworkRecipeAndReservationVersionsCannotBeDowngraded","Output":"--- PASS: TestNetworkRecipeAndReservationVersionsCannotBeDowngraded (0.07s)\n","OutputType":"frame"}
{"Time":"2026-09-08T10:19:06.743899562+03:00","Action":"pass","Package":"virmill.local/core/internal/app","Test":"TestNetworkRecipeAndReservationVersionsCannotBeDowngraded","Elapsed":0.07}
{"Time":"2026-09-08T10:19:06.743908637+03:00","Action":"run","Package":"virmill.local/core/internal/app","Test":"TestLegacyNetworkRecipeAndStepsRemainVersionOne"}
{"Time":"2026-09-08T10:19:06.743918256+03:00","Action":"output","Package":"virmill.local/core/internal/app","Test":"TestLegacyNetworkRecipeAndStepsRemainVersionOne","Output":"=== RUN   TestLegacyNetworkRecipeAndStepsRemainVersionOne\n","OutputType":"frame"}
{"Time":"2026-09-08T10:19:06.751758482+03:00","Action":"output","Package":"virmill.local/core/internal/app","Test":"TestLegacyNetworkRecipeAndStepsRemainVersionOne","Output":"--- PASS: TestLegacyNetworkRecipeAndStepsRemainVersionOne (0.01s)\n","OutputType":"frame"}
{"Time":"2026-09-08T10:19:06.751780967+03:00","Action":"pass","Package":"virmill.local/core/internal/app","Test":"TestLegacyNetworkRecipeAndStepsRemainVersionOne","Elapsed":0.01}
{"Time":"2026-09-08T10:19:06.751787532+03:00","Action":"run","Package":"virmill.local/core/internal/app","Test":"TestNetworkCreationLaterVPNConflictRetainsDefinitionForReviewedResume"}
{"Time":"2026-09-08T10:19:06.751789001+03:00","Action":"output","Package":"virmill.local/core/internal/app","Test":"TestNetworkCreationLaterVPNConflictRetainsDefinitionForReviewedResume","Output":"=== RUN   TestNetworkCreationLaterVPNConflictRetainsDefinitionForReviewedResume\n","OutputType":"frame"}
{"Time":"2026-09-08T10:19:06.881481391+03:00","Action":"output","Package":"virmill.local/core/internal/app","Test":"TestNetworkCreationLaterVPNConflictRetainsDefinitionForReviewedResume","Output":"--- PASS: TestNetworkCreationLaterVPNConflictRetainsDefinitionForReviewedResume (0.13s)\n","OutputType":"frame"}
{"Time":"2026-09-08T10:19:06.881518057+03:00","Action":"pass","Package":"virmill.local/core/internal/app","Test":"TestNetworkCreationLaterVPNConflictRetainsDefinitionForReviewedResume","Elapsed":0.13}
{"Time":"2026-09-08T10:19:06.881529083+03:00","Action":"run","Package":"virmill.local/core/internal/app","Test":"TestNetworkCreationBetweenStepCancellationRetainsDefinitionForReviewedResume"}
{"Time":"2026-09-08T10:19:06.881532333+03:00","Action":"output","Package":"virmill.local/core/internal/app","Test":"TestNetworkCreationBetweenStepCancellationRetainsDefinitionForReviewedResume","Output":"=== RUN   TestNetworkCreationBetweenStepCancellationRetainsDefinitionForReviewedResume\n","OutputType":"frame"}
{"Time":"2026-09-08T10:19:06.986421074+03:00","Action":"output","Package":"virmill.local/core/internal/app","Test":"TestNetworkCreationBetweenStepCancellationRetainsDefinitionForReviewedResume","Output":"--- PASS: TestNetworkCreationBetweenStepCancellationRetainsDefinitionForReviewedResume (0.10s)\n","OutputType":"frame"}
{"Time":"2026-09-08T10:19:06.986452389+03:00","Action":"pass","Package":"virmill.local/core/internal/app","Test":"TestNetworkCreationBetweenStepCancellationRetainsDefinitionForReviewedResume","Elapsed":0.1}
{"Time":"2026-09-08T10:19:06.986463204+03:00","Action":"run","Package":"virmill.local/core/internal/app","Test":"TestNetworkReservationValidShapedCorruptionRefusesAllocation"}
{"Time":"2026-09-08T10:19:06.986464721+03:00","Action":"output","Package":"virmill.local/core/internal/app","Test":"TestNetworkReservationValidShapedCorruptionRefusesAllocation","Output":"=== RUN   TestNetworkReservationValidShapedCorruptionRefusesAllocation\n","OutputType":"frame"}
{"Time":"2026-09-08T10:19:06.986466711+03:00","Action":"run","Package":"virmill.local/core/internal/app","Test":"TestNetworkReservationValidShapedCorruptionRefusesAllocation/subnet"}
{"Time":"2026-09-08T10:19:06.986468334+03:00","Action":"output","Package":"virmill.local/core/internal/app","Test":"TestNetworkReservationValidShapedCorruptionRefusesAllocation/subnet","Output":"=== RUN   TestNetworkReservationValidShapedCorruptionRefusesAllocation/subnet\n","OutputType":"frame"}
{"Time":"2026-09-08T10:19:07.024107958+03:00","Action":"output","Package":"virmill.local/core/internal/app","Test":"TestNetworkReservationValidShapedCorruptionRefusesAllocation/subnet","Output":"--- PASS: TestNetworkReservationValidShapedCorruptionRefusesAllocation/subnet (0.04s)\n","OutputType":"frame"}
{"Time":"2026-09-08T10:19:07.024134781+03:00","Action":"pass","Package":"virmill.local/core/internal/app","Test":"TestNetworkReservationValidShapedCorruptionRefusesAllocation/subnet","Elapsed":0.04}
{"Time":"2026-09-08T10:19:07.024140043+03:00","Action":"run","Package":"virmill.local/core/internal/app","Test":"TestNetworkReservationValidShapedCorruptionRefusesAllocation/metadata"}
{"Time":"2026-09-08T10:19:07.024141706+03:00","Action":"output","Package":"virmill.local/core/internal/app","Test":"TestNetworkReservationValidShapedCorruptionRefusesAllocation/metadata","Output":"=== RUN   TestNetworkReservationValidShapedCorruptionRefusesAllocation/metadata\n","OutputType":"frame"}
{"Time":"2026-09-08T10:19:07.05942938+03:00","Action":"output","Package":"virmill.local/core/internal/app","Test":"TestNetworkReservationValidShapedCorruptionRefusesAllocation/metadata","Output":"--- PASS: TestNetworkReservationValidShapedCorruptionRefusesAllocation/metadata (0.04s)\n","OutputType":"frame"}
{"Time":"2026-09-08T10:19:07.059458658+03:00","Action":"pass","Package":"virmill.local/core/internal/app","Test":"TestNetworkReservationValidShapedCorruptionRefusesAllocation/metadata","Elapsed":0.04}
{"Time":"2026-09-08T10:19:07.059463722+03:00","Action":"run","Package":"virmill.local/core/internal/app","Test":"TestNetworkReservationValidShapedCorruptionRefusesAllocation/record-plan"}
{"Time":"2026-09-08T10:19:07.059465431+03:00","Action":"output","Package":"virmill.local/core/internal/app","Test":"TestNetworkReservationValidShapedCorruptionRefusesAllocation/record-plan","Output":"=== RUN   TestNetworkReservationValidShapedCorruptionRefusesAllocation/record-plan\n","OutputType":"frame"}
{"Time":"2026-09-08T10:19:07.100448571+03:00","Action":"output","Package":"virmill.local/core/internal/app","Test":"TestNetworkReservationValidShapedCorruptionRefusesAllocation/record-plan","Output":"--- PASS: TestNetworkReservationValidShapedCorruptionRefusesAllocation/record-plan (0.04s)\n","OutputType":"frame"}
{"Time":"2026-09-08T10:19:07.100476302+03:00","Action":"pass","Package":"virmill.local/core/internal/app","Test":"TestNetworkReservationValidShapedCorruptionRefusesAllocation/record-plan","Elapsed":0.04}
{"Time":"2026-09-08T10:19:07.100481802+03:00","Action":"run","Package":"virmill.local/core/internal/app","Test":"TestNetworkReservationValidShapedCorruptionRefusesAllocation/record-digest"}
{"Time":"2026-09-08T10:19:07.100483563+03:00","Action":"output","Package":"virmill.local/core/internal/app","Test":"TestNetworkReservationValidShapedCorruptionRefusesAllocation/record-digest","Output":"=== RUN   TestNetworkReservationValidShapedCorruptionRefusesAllocation/record-digest\n","OutputType":"frame"}
{"Time":"2026-09-08T10:19:07.145929935+03:00","Action":"output","Package":"virmill.local/core/internal/app","Test":"TestNetworkReservationValidShapedCorruptionRefusesAllocation/record-digest","Output":"--- PASS: TestNetworkReservationValidShapedCorruptionRefusesAllocation/record-digest (0.05s)\n","OutputType":"frame"}
{"Time":"2026-09-08T10:19:07.145963082+03:00","Action":"pass","Package":"virmill.local/core/internal/app","Test":"TestNetworkReservationValidShapedCorruptionRefusesAllocation/record-digest","Elapsed":0.05}
{"Time":"2026-09-08T10:19:07.145968261+03:00","Action":"run","Package":"virmill.local/core/internal/app","Test":"TestNetworkReservationValidShapedCorruptionRefusesAllocation/original-plan"}
{"Time":"2026-09-08T10:19:07.145970224+03:00","Action":"output","Package":"virmill.local/core/internal/app","Test":"TestNetworkReservationValidShapedCorruptionRefusesAllocation/original-plan","Output":"=== RUN   TestNetworkReservationValidShapedCorruptionRefusesAllocation/original-plan\n","OutputType":"frame"}
{"Time":"2026-09-08T10:19:07.189595628+03:00","Action":"output","Package":"virmill.local/core/internal/app","Test":"TestNetworkReservationValidShapedCorruptionRefusesAllocation/original-plan","Output":"--- PASS: TestNetworkReservationValidShapedCorruptionRefusesAllocation/original-plan (0.04s)\n","OutputType":"frame"}
{"Time":"2026-09-08T10:19:07.189617247+03:00","Action":"pass","Package":"virmill.local/core/internal/app","Test":"TestNetworkReservationValidShapedCorruptionRefusesAllocation/original-plan","Elapsed":0.04}
{"Time":"2026-09-08T10:19:07.189621688+03:00","Action":"run","Package":"virmill.local/core/internal/app","Test":"TestNetworkReservationValidShapedCorruptionRefusesAllocation/original-input"}
{"Time":"2026-09-08T10:19:07.189623151+03:00","Action":"output","Package":"virmill.local/core/internal/app","Test":"TestNetworkReservationValidShapedCorruptionRefusesAllocation/original-input","Output":"=== RUN   TestNetworkReservationValidShapedCorruptionRefusesAllocation/original-input\n","OutputType":"frame"}
{"Time":"2026-09-08T10:19:07.233810275+03:00","Action":"output","Package":"virmill.local/core/internal/app","Test":"TestNetworkReservationValidShapedCorruptionRefusesAllocation/original-input","Output":"--- PASS: TestNetworkReservationValidShapedCorruptionRefusesAllocation/original-input (0.04s)\n","OutputType":"frame"}
{"Time":"2026-09-08T10:19:07.233835777+03:00","Action":"pass","Package":"virmill.local/core/internal/app","Test":"TestNetworkReservationValidShapedCorruptionRefusesAllocation/original-input","Elapsed":0.04}
{"Time":"2026-09-08T10:19:07.233840573+03:00","Action":"run","Package":"virmill.local/core/internal/app","Test":"TestNetworkReservationValidShapedCorruptionRefusesAllocation/job-plan"}
{"Time":"2026-09-08T10:19:07.233842429+03:00","Action":"output","Package":"virmill.local/core/internal/app","Test":"TestNetworkReservationValidShapedCorruptionRefusesAllocation/job-plan","Output":"=== RUN   TestNetworkReservationValidShapedCorruptionRefusesAllocation/job-plan\n","OutputType":"frame"}
{"Time":"2026-09-08T10:19:07.239389343+03:00","Action":"output","Package":"virmill.local/core/internal/ui/tui","Output":"ok  \tvirmill.local/core/internal/ui/tui\t3.297s\n"}
{"Time":"2026-09-08T10:19:07.23941327+03:00","Action":"pass","Package":"virmill.local/core/internal/ui/tui","Elapsed":3.297}
{"Time":"2026-09-08T10:19:07.281922357+03:00","Action":"output","Package":"virmill.local/core/internal/app","Test":"TestNetworkReservationValidShapedCorruptionRefusesAllocation/job-plan","Output":"--- PASS: TestNetworkReservationValidShapedCorruptionRefusesAllocation/job-plan (0.05s)\n","OutputType":"frame"}
{"Time":"2026-09-08T10:19:07.281950579+03:00","Action":"pass","Package":"virmill.local/core/internal/app","Test":"TestNetworkReservationValidShapedCorruptionRefusesAllocation/job-plan","Elapsed":0.05}
{"Time":"2026-09-08T10:19:07.28195752+03:00","Action":"run","Package":"virmill.local/core/internal/app","Test":"TestNetworkReservationValidShapedCorruptionRefusesAllocation/job-identity"}
{"Time":"2026-09-08T10:19:07.281959165+03:00","Action":"output","Package":"virmill.local/core/internal/app","Test":"TestNetworkReservationValidShapedCorruptionRefusesAllocation/job-identity","Output":"=== RUN   TestNetworkReservationValidShapedCorruptionRefusesAllocation/job-identity\n","OutputType":"frame"}
{"Time":"2026-09-08T10:19:07.327368955+03:00","Action":"output","Package":"virmill.local/core/internal/app","Test":"TestNetworkReservationValidShapedCorruptionRefusesAllocation/job-identity","Output":"--- PASS: TestNetworkReservationValidShapedCorruptionRefusesAllocation/job-identity (0.05s)\n","OutputType":"frame"}
{"Time":"2026-09-08T10:19:07.327399145+03:00","Action":"pass","Package":"virmill.local/core/internal/app","Test":"TestNetworkReservationValidShapedCorruptionRefusesAllocation/job-identity","Elapsed":0.05}
{"Time":"2026-09-08T10:19:07.327404646+03:00","Action":"run","Package":"virmill.local/core/internal/app","Test":"TestNetworkReservationValidShapedCorruptionRefusesAllocation/metadata-key"}
{"Time":"2026-09-08T10:19:07.327411443+03:00","Action":"output","Package":"virmill.local/core/internal/app","Test":"TestNetworkReservationValidShapedCorruptionRefusesAllocation/metadata-key","Output":"=== RUN   TestNetworkReservationValidShapedCorruptionRefusesAllocation/metadata-key\n","OutputType":"frame"}
{"Time":"2026-09-08T10:19:07.356154805+03:00","Action":"output","Package":"virmill.local/core/internal/ui/cli","Output":"ok  \tvirmill.local/core/internal/ui/cli\t3.413s\n"}
{"Time":"2026-09-08T10:19:07.356178583+03:00","Action":"pass","Package":"virmill.local/core/internal/ui/cli","Elapsed":3.414}
{"Time":"2026-09-08T10:19:07.363225767+03:00","Action":"output","Package":"virmill.local/core/internal/app","Test":"TestNetworkReservationValidShapedCorruptionRefusesAllocation/metadata-key","Output":"--- PASS: TestNetworkReservationValidShapedCorruptionRefusesAllocation/metadata-key (0.04s)\n","OutputType":"frame"}
{"Time":"2026-09-08T10:19:07.363245296+03:00","Action":"pass","Package":"virmill.local/core/internal/app","Test":"TestNetworkReservationValidShapedCorruptionRefusesAllocation/metadata-key","Elapsed":0.04}
{"Time":"2026-09-08T10:19:07.363263008+03:00","Action":"output","Package":"virmill.local/core/internal/app","Test":"TestNetworkReservationValidShapedCorruptionRefusesAllocation","Output":"--- PASS: TestNetworkReservationValidShapedCorruptionRefusesAllocation (0.38s)\n","OutputType":"frame"}
{"Time":"2026-09-08T10:19:07.363274399+03:00","Action":"pass","Package":"virmill.local/core/internal/app","Test":"TestNetworkReservationValidShapedCorruptionRefusesAllocation","Elapsed":0.38}
{"Time":"2026-09-08T10:19:07.363293705+03:00","Action":"run","Package":"virmill.local/core/internal/app","Test":"TestPCIServiceDoesNotInferAssignmentAuthority"}
{"Time":"2026-09-08T10:19:07.363296143+03:00","Action":"output","Package":"virmill.local/core/internal/app","Test":"TestPCIServiceDoesNotInferAssignmentAuthority","Output":"=== RUN   TestPCIServiceDoesNotInferAssignmentAuthority\n","OutputType":"frame"}
{"Time":"2026-09-08T10:19:07.363356196+03:00","Action":"output","Package":"virmill.local/core/internal/app","Test":"TestPCIServiceDoesNotInferAssignmentAuthority","Output":"--- PASS: TestPCIServiceDoesNotInferAssignmentAuthority (0.00s)\n","OutputType":"frame"}
{"Time":"2026-09-08T10:19:07.363359751+03:00","Action":"pass","Package":"virmill.local/core/internal/app","Test":"TestPCIServiceDoesNotInferAssignmentAuthority","Elapsed":0}
{"Time":"2026-09-08T10:19:07.363369813+03:00","Action":"run","Package":"virmill.local/core/internal/app","Test":"TestBackupPolicySharedValidationAndPreview"}
{"Time":"2026-09-08T10:19:07.363371985+03:00","Action":"output","Package":"virmill.local/core/internal/app","Test":"TestBackupPolicySharedValidationAndPreview","Output":"=== RUN   TestBackupPolicySharedValidationAndPreview\n","OutputType":"frame"}
{"Time":"2026-09-08T10:19:07.36868686+03:00","Action":"output","Package":"virmill.local/core/internal/app","Test":"TestBackupPolicySharedValidationAndPreview","Output":"--- PASS: TestBackupPolicySharedValidationAndPreview (0.01s)\n","OutputType":"frame"}
{"Time":"2026-09-08T10:19:07.368695197+03:00","Action":"pass","Package":"virmill.local/core/internal/app","Test":"TestBackupPolicySharedValidationAndPreview","Elapsed":0.01}
{"Time":"2026-09-08T10:19:07.368710137+03:00","Action":"run","Package":"virmill.local/core/internal/app","Test":"TestBackupPolicyFailuresHaveNoSuccessData"}
{"Time":"2026-09-08T10:19:07.368712271+03:00","Action":"output","Package":"virmill.local/core/internal/app","Test":"TestBackupPolicyFailuresHaveNoSuccessData","Output":"=== RUN   TestBackupPolicyFailuresHaveNoSuccessData\n","OutputType":"frame"}
{"Time":"2026-09-08T10:19:07.372786475+03:00","Action":"output","Package":"virmill.local/core/internal/app","Test":"TestBackupPolicyFailuresHaveNoSuccessData","Output":"--- PASS: TestBackupPolicyFailuresHaveNoSuccessData (0.00s)\n","OutputType":"frame"}
{"Time":"2026-09-08T10:19:07.372796941+03:00","Action":"pass","Package":"virmill.local/core/internal/app","Test":"TestBackupPolicyFailuresHaveNoSuccessData","Elapsed":0}
{"Time":"2026-09-08T10:19:07.372807005+03:00","Action":"run","Package":"virmill.local/core/internal/app","Test":"TestDeclarationRefusesOversizedFilesAndDirectories"}
{"Time":"2026-09-08T10:19:07.372808916+03:00","Action":"output","Package":"virmill.local/core/internal/app","Test":"TestDeclarationRefusesOversizedFilesAndDirectories","Output":"=== RUN   TestDeclarationRefusesOversizedFilesAndDirectories\n","OutputType":"frame"}
{"Time":"2026-09-08T10:19:07.372923773+03:00","Action":"output","Package":"virmill.local/core/internal/app","Test":"TestDeclarationRefusesOversizedFilesAndDirectories","Output":"--- PASS: TestDeclarationRefusesOversizedFilesAndDirectories (0.00s)\n","OutputType":"frame"}
{"Time":"2026-09-08T10:19:07.372932572+03:00","Action":"pass","Package":"virmill.local/core/internal/app","Test":"TestDeclarationRefusesOversizedFilesAndDirectories","Elapsed":0}
{"Time":"2026-09-08T10:19:07.372941337+03:00","Action":"run","Package":"virmill.local/core/internal/app","Test":"TestRebootReceiptsDeduplicateAndReconcileAfterReopen"}
{"Time":"2026-09-08T10:19:07.37294322+03:00","Action":"output","Package":"virmill.local/core/internal/app","Test":"TestRebootReceiptsDeduplicateAndReconcileAfterReopen","Output":"=== RUN   TestRebootReceiptsDeduplicateAndReconcileAfterReopen\n","OutputType":"frame"}
{"Time":"2026-09-08T10:19:07.391953031+03:00","Action":"output","Package":"virmill.local/core/internal/app","Test":"TestRebootReceiptsDeduplicateAndReconcileAfterReopen","Output":"--- PASS: TestRebootReceiptsDeduplicateAndReconcileAfterReopen (0.02s)\n","OutputType":"frame"}
{"Time":"2026-09-08T10:19:07.391977115+03:00","Action":"pass","Package":"virmill.local/core/internal/app","Test":"TestRebootReceiptsDeduplicateAndReconcileAfterReopen","Elapsed":0.02}
{"Time":"2026-09-08T10:19:07.391982932+03:00","Action":"run","Package":"virmill.local/core/internal/app","Test":"TestRebootUncertaintyNeverUsesRunningStateOrReplays"}
{"Time":"2026-09-08T10:19:07.391984523+03:00","Action":"output","Package":"virmill.local/core/internal/app","Test":"TestRebootUncertaintyNeverUsesRunningStateOrReplays","Output":"=== RUN   TestRebootUncertaintyNeverUsesRunningStateOrReplays\n","OutputType":"frame"}
{"Time":"2026-09-08T10:19:07.391990412+03:00","Action":"run","Package":"virmill.local/core/internal/app","Test":"TestRebootUncertaintyNeverUsesRunningStateOrReplays/lost-ack"}
{"Time":"2026-09-08T10:19:07.39199181+03:00","Action":"output","Package":"virmill.local/core/internal/app","Test":"TestRebootUncertaintyNeverUsesRunningStateOrReplays/lost-ack","Output":"=== RUN   TestRebootUncertaintyNeverUsesRunningStateOrReplays/lost-ack\n","OutputType":"frame"}
{"Time":"2026-09-08T10:19:07.408508599+03:00","Action":"output","Package":"virmill.local/core/internal/app","Test":"TestRebootUncertaintyNeverUsesRunningStateOrReplays/lost-ack","Output":"--- PASS: TestRebootUncertaintyNeverUsesRunningStateOrReplays/lost-ack (0.02s)\n","OutputType":"frame"}
{"Time":"2026-09-08T10:19:07.408514476+03:00","Action":"pass","Package":"virmill.local/core/internal/app","Test":"TestRebootUncertaintyNeverUsesRunningStateOrReplays/lost-ack","Elapsed":0.02}
{"Time":"2026-09-08T10:19:07.40852846+03:00","Action":"run","Package":"virmill.local/core/internal/app","Test":"TestRebootUncertaintyNeverUsesRunningStateOrReplays/wrong-vm"}
{"Time":"2026-09-08T10:19:07.408530139+03:00","Action":"output","Package":"virmill.local/core/internal/app","Test":"TestRebootUncertaintyNeverUsesRunningStateOrReplays/wrong-vm","Output":"=== RUN   TestRebootUncertaintyNeverUsesRunningStateOrReplays/wrong-vm\n","OutputType":"frame"}
{"Time":"2026-09-08T10:19:07.425781316+03:00","Action":"output","Package":"virmill.local/core/internal/app","Test":"TestRebootUncertaintyNeverUsesRunningStateOrReplays/wrong-vm","Output":"--- PASS: TestRebootUncertaintyNeverUsesRunningStateOrReplays/wrong-vm (0.02s)\n","OutputType":"frame"}
{"Time":"2026-09-08T10:19:07.42580055+03:00","Action":"pass","Package":"virmill.local/core/internal/app","Test":"TestRebootUncertaintyNeverUsesRunningStateOrReplays/wrong-vm","Elapsed":0.02}
{"Time":"2026-09-08T10:19:07.425805151+03:00","Action":"run","Package":"virmill.local/core/internal/app","Test":"TestRebootUncertaintyNeverUsesRunningStateOrReplays/old-event"}
{"Time":"2026-09-08T10:19:07.425807715+03:00","Action":"output","Package":"virmill.local/core/internal/app","Test":"TestRebootUncertaintyNeverUsesRunningStateOrReplays/old-event","Output":"=== RUN   TestRebootUncertaintyNeverUsesRunningStateOrReplays/old-event\n","OutputType":"frame"}
{"Time":"2026-09-08T10:19:07.443177438+03:00","Action":"output","Package":"virmill.local/core/internal/app","Test":"TestRebootUncertaintyNeverUsesRunningStateOrReplays/old-event","Output":"--- PASS: TestRebootUncertaintyNeverUsesRunningStateOrReplays/old-event (0.02s)\n","OutputType":"frame"}
{"Time":"2026-09-08T10:19:07.443198832+03:00","Action":"pass","Package":"virmill.local/core/internal/app","Test":"TestRebootUncertaintyNeverUsesRunningStateOrReplays/old-event","Elapsed":0.02}
{"Time":"2026-09-08T10:19:07.443203892+03:00","Action":"output","Package":"virmill.local/core/internal/app","Test":"TestRebootUncertaintyNeverUsesRunningStateOrReplays","Output":"--- PASS: TestRebootUncertaintyNeverUsesRunningStateOrReplays (0.05s)\n","OutputType":"frame"}
{"Time":"2026-09-08T10:19:07.443206223+03:00","Action":"pass","Package":"virmill.local/core/internal/app","Test":"TestRebootUncertaintyNeverUsesRunningStateOrReplays","Elapsed":0.05}
{"Time":"2026-09-08T10:19:07.443229226+03:00","Action":"run","Package":"virmill.local/core/internal/app","Test":"TestRebootStalePlanAndMissingAcknowledgementRefuseBeforeEffect"}
{"Time":"2026-09-08T10:19:07.443231386+03:00","Action":"output","Package":"virmill.local/core/internal/app","Test":"TestRebootStalePlanAndMissingAcknowledgementRefuseBeforeEffect","Output":"=== RUN   TestRebootStalePlanAndMissingAcknowledgementRefuseBeforeEffect\n","OutputType":"frame"}
{"Time":"2026-09-08T10:19:07.449462936+03:00","Action":"output","Package":"virmill.local/core/internal/app","Test":"TestRebootStalePlanAndMissingAcknowledgementRefuseBeforeEffect","Output":"--- PASS: TestRebootStalePlanAndMissingAcknowledgementRefuseBeforeEffect (0.01s)\n","OutputType":"frame"}
{"Time":"2026-09-08T10:19:07.449475179+03:00","Action":"pass","Package":"virmill.local/core/internal/app","Test":"TestRebootStalePlanAndMissingAcknowledgementRefuseBeforeEffect","Elapsed":0.01}
{"Time":"2026-09-08T10:19:07.449487938+03:00","Action":"run","Package":"virmill.local/core/internal/app","Test":"TestRebootRejectedInputsCreateNoPlan"}
{"Time":"2026-09-08T10:19:07.4494906+03:00","Action":"output","Package":"virmill.local/core/internal/app","Test":"TestRebootRejectedInputsCreateNoPlan","Output":"=== RUN   TestRebootRejectedInputsCreateNoPlan\n","OutputType":"frame"}
{"Time":"2026-09-08T10:19:07.449507122+03:00","Action":"run","Package":"virmill.local/core/internal/app","Test":"TestRebootRejectedInputsCreateNoPlan/stopped"}
{"Time":"2026-09-08T10:19:07.449509092+03:00","Action":"output","Package":"virmill.local/core/internal/app","Test":"TestRebootRejectedInputsCreateNoPlan/stopped","Output":"=== RUN   TestRebootRejectedInputsCreateNoPlan/stopped\n","OutputType":"frame"}
{"Time":"2026-09-08T10:19:07.450361002+03:00","Action":"output","Package":"virmill.local/core/internal/app","Test":"TestRebootRejectedInputsCreateNoPlan/stopped","Output":"--- PASS: TestRebootRejectedInputsCreateNoPlan/stopped (0.00s)\n","OutputType":"frame"}
{"Time":"2026-09-08T10:19:07.450370438+03:00","Action":"pass","Package":"virmill.local/core/internal/app","Test":"TestRebootRejectedInputsCreateNoPlan/stopped","Elapsed":0}
{"Time":"2026-09-08T10:19:07.450387397+03:00","Action":"run","Package":"virmill.local/core/internal/app","Test":"TestRebootRejectedInputsCreateNoPlan/secret"}
{"Time":"2026-09-08T10:19:07.450389512+03:00","Action":"output","Package":"virmill.local/core/internal/app","Test":"TestRebootRejectedInputsCreateNoPlan/secret","Output":"=== RUN   TestRebootRejectedInputsCreateNoPlan/secret\n","OutputType":"frame"}
{"Time":"2026-09-08T10:19:07.451131923+03:00","Action":"output","Package":"virmill.local/core/internal/app","Test":"TestRebootRejectedInputsCreateNoPlan/secret","Output":"--- PASS: TestRebootRejectedInputsCreateNoPlan/secret (0.00s)\n","OutputType":"frame"}
{"Time":"2026-09-08T10:19:07.45114083+03:00","Action":"pass","Package":"virmill.local/core/internal/app","Test":"TestRebootRejectedInputsCreateNoPlan/secret","Elapsed":0}
{"Time":"2026-09-08T10:19:07.451155952+03:00","Action":"run","Package":"virmill.local/core/internal/app","Test":"TestRebootRejectedInputsCreateNoPlan/unsupported"}
{"Time":"2026-09-08T10:19:07.451158008+03:00","Action":"output","Package":"virmill.local/core/internal/app","Test":"TestRebootRejectedInputsCreateNoPlan/unsupported","Output":"=== RUN   TestRebootRejectedInputsCreateNoPlan/unsupported\n","OutputType":"frame"}
{"Time":"2026-09-08T10:19:07.451898891+03:00","Action":"output","Package":"virmill.local/core/internal/app","Test":"TestRebootRejectedInputsCreateNoPlan/unsupported","Output":"--- PASS: TestRebootRejectedInputsCreateNoPlan/unsupported (0.00s)\n","OutputType":"frame"}
{"Time":"2026-09-08T10:19:07.451919569+03:00","Action":"pass","Package":"virmill.local/core/internal/app","Test":"TestRebootRejectedInputsCreateNoPlan/unsupported","Elapsed":0}
{"Time":"2026-09-08T10:19:07.451939822+03:00","Action":"output","Package":"virmill.local/core/internal/app","Test":"TestRebootRejectedInputsCreateNoPlan","Output":"--- PASS: TestRebootRejectedInputsCreateNoPlan (0.00s)\n","OutputType":"frame"}
{"Time":"2026-09-08T10:19:07.451948245+03:00","Action":"pass","Package":"virmill.local/core/internal/app","Test":"TestRebootRejectedInputsCreateNoPlan","Elapsed":0}
{"Time":"2026-09-08T10:19:07.451960229+03:00","Action":"run","Package":"virmill.local/core/internal/app","Test":"TestColdInspectionUsesReadOnlyProviderContract"}
{"Time":"2026-09-08T10:19:07.451961639+03:00","Action":"output","Package":"virmill.local/core/internal/app","Test":"TestColdInspectionUsesReadOnlyProviderContract","Output":"=== RUN   TestColdInspectionUsesReadOnlyProviderContract\n","OutputType":"frame"}
{"Time":"2026-09-08T10:19:07.452003402+03:00","Action":"output","Package":"virmill.local/core/internal/app","Test":"TestColdInspectionUsesReadOnlyProviderContract","Output":"--- PASS: TestColdInspectionUsesReadOnlyProviderContract (0.00s)\n","OutputType":"frame"}
{"Time":"2026-09-08T10:19:07.452006446+03:00","Action":"pass","Package":"virmill.local/core/internal/app","Test":"TestColdInspectionUsesReadOnlyProviderContract","Elapsed":0}
{"Time":"2026-09-08T10:19:07.452016719+03:00","Action":"run","Package":"virmill.local/core/internal/app","Test":"TestManifestServiceNeverTurnsDeclaredIntegrityIntoRecoveryProof"}
{"Time":"2026-09-08T10:19:07.452018084+03:00","Action":"output","Package":"virmill.local/core/internal/app","Test":"TestManifestServiceNeverTurnsDeclaredIntegrityIntoRecoveryProof","Output":"=== RUN   TestManifestServiceNeverTurnsDeclaredIntegrityIntoRecoveryProof\n","OutputType":"frame"}
{"Time":"2026-09-08T10:19:07.455364367+03:00","Action":"output","Package":"virmill.local/core/internal/app","Test":"TestManifestServiceNeverTurnsDeclaredIntegrityIntoRecoveryProof","Output":"--- PASS: TestManifestServiceNeverTurnsDeclaredIntegrityIntoRecoveryProof (0.00s)\n","OutputType":"frame"}
{"Time":"2026-09-08T10:19:07.455375897+03:00","Action":"pass","Package":"virmill.local/core/internal/app","Test":"TestManifestServiceNeverTurnsDeclaredIntegrityIntoRecoveryProof","Elapsed":0}
{"Time":"2026-09-08T10:19:07.455379886+03:00","Action":"run","Package":"virmill.local/core/internal/app","Test":"TestColdInspectionErrorsDiscardTypedPartialResults"}
{"Time":"2026-09-08T10:19:07.455382031+03:00","Action":"output","Package":"virmill.local/core/internal/app","Test":"TestColdInspectionErrorsDiscardTypedPartialResults","Output":"=== RUN   TestColdInspectionErrorsDiscardTypedPartialResults\n","OutputType":"frame"}
{"Time":"2026-09-08T10:19:07.458637175+03:00","Action":"output","Package":"virmill.local/core/internal/app","Test":"TestColdInspectionErrorsDiscardTypedPartialResults","Output":"--- PASS: TestColdInspectionErrorsDiscardTypedPartialResults (0.00s)\n","OutputType":"frame"}
{"Time":"2026-09-08T10:19:07.45865568+03:00","Action":"pass","Package":"virmill.local/core/internal/app","Test":"TestColdInspectionErrorsDiscardTypedPartialResults","Elapsed":0}
{"Time":"2026-09-08T10:19:07.458660442+03:00","Action":"run","Package":"virmill.local/core/internal/app","Test":"TestColdInspectionCancellationAndInvalidRequestsNeverBecomeObservations"}
{"Time":"2026-09-08T10:19:07.458663248+03:00","Action":"output","Package":"virmill.local/core/internal/app","Test":"TestColdInspectionCancellationAndInvalidRequestsNeverBecomeObservations","Output":"=== RUN   TestColdInspectionCancellationAndInvalidRequestsNeverBecomeObservations\n","OutputType":"frame"}
{"Time":"2026-09-08T10:19:07.458666726+03:00","Action":"run","Package":"virmill.local/core/internal/app","Test":"TestColdInspectionCancellationAndInvalidRequestsNeverBecomeObservations/before-provider"}
{"Time":"2026-09-08T10:19:07.458669027+03:00","Action":"output","Package":"virmill.local/core/internal/app","Test":"TestColdInspectionCancellationAndInvalidRequestsNeverBecomeObservations/before-provider","Output":"=== RUN   TestColdInspectionCancellationAndInvalidRequestsNeverBecomeObservations/before-provider\n","OutputType":"frame"}
{"Time":"2026-09-08T10:19:07.459813992+03:00","Action":"output","Package":"virmill.local/core/internal/app","Test":"TestColdInspectionCancellationAndInvalidRequestsNeverBecomeObservations/before-provider","Output":"--- PASS: TestColdInspectionCancellationAndInvalidRequestsNeverBecomeObservations/before-provider (0.00s)\n","OutputType":"frame"}
{"Time":"2026-09-08T10:19:07.459826869+03:00","Action":"pass","Package":"virmill.local/core/internal/app","Test":"TestColdInspectionCancellationAndInvalidRequestsNeverBecomeObservations/before-provider","Elapsed":0}
{"Time":"2026-09-08T10:19:07.459831808+03:00","Action":"run","Package":"virmill.local/core/internal/app","Test":"TestColdInspectionCancellationAndInvalidRequestsNeverBecomeObservations/during-provider"}
{"Time":"2026-09-08T10:19:07.459834812+03:00","Action":"output","Package":"virmill.local/core/internal/app","Test":"TestColdInspectionCancellationAndInvalidRequestsNeverBecomeObservations/during-provider","Output":"=== RUN   TestColdInspectionCancellationAndInvalidRequestsNeverBecomeObservations/during-provider\n","OutputType":"frame"}
{"Time":"2026-09-08T10:19:07.460766938+03:00","Action":"output","Package":"virmill.local/core/internal/app","Test":"TestColdInspectionCancellationAndInvalidRequestsNeverBecomeObservations/during-provider","Output":"--- PASS: TestColdInspectionCancellationAndInvalidRequestsNeverBecomeObservations/during-provider (0.00s)\n","OutputType":"frame"}
{"Time":"2026-09-08T10:19:07.460772036+03:00","Action":"pass","Package":"virmill.local/core/internal/app","Test":"TestColdInspectionCancellationAndInvalidRequestsNeverBecomeObservations/during-provider","Elapsed":0}
{"Time":"2026-09-08T10:19:07.464825961+03:00","Action":"output","Package":"virmill.local/core/internal/app","Test":"TestColdInspectionCancellationAndInvalidRequestsNeverBecomeObservations","Output":"--- PASS: TestColdInspectionCancellationAndInvalidRequestsNeverBecomeObservations (0.01s)\n","OutputType":"frame"}
{"Time":"2026-09-08T10:19:07.464831098+03:00","Action":"pass","Package":"virmill.local/core/internal/app","Test":"TestColdInspectionCancellationAndInvalidRequestsNeverBecomeObservations","Elapsed":0.01}
{"Time":"2026-09-08T10:19:07.464845522+03:00","Action":"run","Package":"virmill.local/core/internal/app","Test":"TestManifestServiceStrictInputAndCancellationHaveNoSuccessPayload"}
{"Time":"2026-09-08T10:19:07.464846907+03:00","Action":"output","Package":"virmill.local/core/internal/app","Test":"TestManifestServiceStrictInputAndCancellationHaveNoSuccessPayload","Output":"=== RUN   TestManifestServiceStrictInputAndCancellationHaveNoSuccessPayload\n","OutputType":"frame"}
{"Time":"2026-09-08T10:19:07.471862891+03:00","Action":"output","Package":"virmill.local/core/internal/app","Test":"TestManifestServiceStrictInputAndCancellationHaveNoSuccessPayload","Output":"--- PASS: TestManifestServiceStrictInputAndCancellationHaveNoSuccessPayload (0.01s)\n","OutputType":"frame"}
{"Time":"2026-09-08T10:19:07.471872413+03:00","Action":"pass","Package":"virmill.local/core/internal/app","Test":"TestManifestServiceStrictInputAndCancellationHaveNoSuccessPayload","Elapsed":0.01}
{"Time":"2026-09-08T10:19:07.471880842+03:00","Action":"run","Package":"virmill.local/core/internal/app","Test":"TestResourcePlanRefusesLiveSavedAdvancedAndSensitiveInputsBeforeJournal"}
{"Time":"2026-09-08T10:19:07.471882138+03:00","Action":"output","Package":"virmill.local/core/internal/app","Test":"TestResourcePlanRefusesLiveSavedAdvancedAndSensitiveInputsBeforeJournal","Output":"=== RUN   TestResourcePlanRefusesLiveSavedAdvancedAndSensitiveInputsBeforeJournal\n","OutputType":"frame"}
{"Time":"2026-09-08T10:19:07.471900878+03:00","Action":"run","Package":"virmill.local/core/internal/app","Test":"TestResourcePlanRefusesLiveSavedAdvancedAndSensitiveInputsBeforeJournal/running"}
{"Time":"2026-09-08T10:19:07.471902278+03:00","Action":"output","Package":"virmill.local/core/internal/app","Test":"TestResourcePlanRefusesLiveSavedAdvancedAndSensitiveInputsBeforeJournal/running","Output":"=== RUN   TestResourcePlanRefusesLiveSavedAdvancedAndSensitiveInputsBeforeJournal/running\n","OutputType":"frame"}
{"Time":"2026-09-08T10:19:07.472831576+03:00","Action":"output","Package":"virmill.local/core/internal/app","Test":"TestResourcePlanRefusesLiveSavedAdvancedAndSensitiveInputsBeforeJournal/running","Output":"--- PASS: TestResourcePlanRefusesLiveSavedAdvancedAndSensitiveInputsBeforeJournal/running (0.00s)\n","OutputType":"frame"}
{"Time":"2026-09-08T10:19:07.472843623+03:00","Action":"pass","Package":"virmill.local/core/internal/app","Test":"TestResourcePlanRefusesLiveSavedAdvancedAndSensitiveInputsBeforeJournal/running","Elapsed":0}
{"Time":"2026-09-08T10:19:07.472856094+03:00","Action":"run","Package":"virmill.local/core/internal/app","Test":"TestResourcePlanRefusesLiveSavedAdvancedAndSensitiveInputsBeforeJournal/saved"}
{"Time":"2026-09-08T10:19:07.472857914+03:00","Action":"output","Package":"virmill.local/core/internal/app","Test":"TestResourcePlanRefusesLiveSavedAdvancedAndSensitiveInputsBeforeJournal/saved","Output":"=== RUN   TestResourcePlanRefusesLiveSavedAdvancedAndSensitiveInputsBeforeJournal/saved\n","OutputType":"frame"}
{"Time":"2026-09-08T10:19:07.473711107+03:00","Action":"output","Package":"virmill.local/core/internal/app","Test":"TestResourcePlanRefusesLiveSavedAdvancedAndSensitiveInputsBeforeJournal/saved","Output":"--- PASS: TestResourcePlanRefusesLiveSavedAdvancedAndSensitiveInputsBeforeJournal/saved (0.00s)\n","OutputType":"frame"}
{"Time":"2026-09-08T10:19:07.473721148+03:00","Action":"pass","Package":"virmill.local/core/internal/app","Test":"TestResourcePlanRefusesLiveSavedAdvancedAndSensitiveInputsBeforeJournal/saved","Elapsed":0}
{"Time":"2026-09-08T10:19:07.473735811+03:00","Action":"run","Package":"virmill.local/core/internal/app","Test":"TestResourcePlanRefusesLiveSavedAdvancedAndSensitiveInputsBeforeJournal/transient"}
{"Time":"2026-09-08T10:19:07.473737378+03:00","Action":"output","Package":"virmill.local/core/internal/app","Test":"TestResourcePlanRefusesLiveSavedAdvancedAndSensitiveInputsBeforeJournal/transient","Output":"=== RUN   TestResourcePlanRefusesLiveSavedAdvancedAndSensitiveInputsBeforeJournal/transient\n","OutputType":"frame"}
{"Time":"2026-09-08T10:19:07.474581704+03:00","Action":"output","Package":"virmill.local/core/internal/app","Test":"TestResourcePlanRefusesLiveSavedAdvancedAndSensitiveInputsBeforeJournal/transient","Output":"--- PASS: TestResourcePlanRefusesLiveSavedAdvancedAndSensitiveInputsBeforeJournal/transient (0.00s)\n","OutputType":"frame"}
{"Time":"2026-09-08T10:19:07.474594006+03:00","Action":"pass","Package":"virmill.local/core/internal/app","Test":"TestResourcePlanRefusesLiveSavedAdvancedAndSensitiveInputsBeforeJournal/transient","Elapsed":0}
{"Time":"2026-09-08T10:19:07.474611339+03:00","Action":"run","Package":"virmill.local/core/internal/app","Test":"TestResourcePlanRefusesLiveSavedAdvancedAndSensitiveInputsBeforeJournal/topology"}
{"Time":"2026-09-08T10:19:07.474613635+03:00","Action":"output","Package":"virmill.local/core/internal/app","Test":"TestResourcePlanRefusesLiveSavedAdvancedAndSensitiveInputsBeforeJournal/topology","Output":"=== RUN   TestResourcePlanRefusesLiveSavedAdvancedAndSensitiveInputsBeforeJournal/topology\n","OutputType":"frame"}
{"Time":"2026-09-08T10:19:07.475695788+03:00","Action":"output","Package":"virmill.local/core/internal/app","Test":"TestResourcePlanRefusesLiveSavedAdvancedAndSensitiveInputsBeforeJournal/topology","Output":"--- PASS: TestResourcePlanRefusesLiveSavedAdvancedAndSensitiveInputsBeforeJournal/topology (0.00s)\n","OutputType":"frame"}
{"Time":"2026-09-08T10:19:07.475712351+03:00","Action":"pass","Package":"virmill.local/core/internal/app","Test":"TestResourcePlanRefusesLiveSavedAdvancedAndSensitiveInputsBeforeJournal/topology","Elapsed":0}
{"Time":"2026-09-08T10:19:07.475715885+03:00","Action":"run","Package":"virmill.local/core/internal/app","Test":"TestResourcePlanRefusesLiveSavedAdvancedAndSensitiveInputsBeforeJournal/preflight"}
{"Time":"2026-09-08T10:19:07.475717288+03:00","Action":"output","Package":"virmill.local/core/internal/app","Test":"TestResourcePlanRefusesLiveSavedAdvancedAndSensitiveInputsBeforeJournal/preflight","Output":"=== RUN   TestResourcePlanRefusesLiveSavedAdvancedAndSensitiveInputsBeforeJournal/preflight\n","OutputType":"frame"}
{"Time":"2026-09-08T10:19:07.477475894+03:00","Action":"output","Package":"virmill.local/core/internal/app","Test":"TestResourcePlanRefusesLiveSavedAdvancedAndSensitiveInputsBeforeJournal/preflight","Output":"--- PASS: TestResourcePlanRefusesLiveSavedAdvancedAndSensitiveInputsBeforeJournal/preflight (0.00s)\n","OutputType":"frame"}
{"Time":"2026-09-08T10:19:07.477485384+03:00","Action":"pass","Package":"virmill.local/core/internal/app","Test":"TestResourcePlanRefusesLiveSavedAdvancedAndSensitiveInputsBeforeJournal/preflight","Elapsed":0}
{"Time":"2026-09-08T10:19:07.477500558+03:00","Action":"run","Package":"virmill.local/core/internal/app","Test":"TestResourcePlanRefusesLiveSavedAdvancedAndSensitiveInputsBeforeJournal/now"}
{"Time":"2026-09-08T10:19:07.477502015+03:00","Action":"output","Package":"virmill.local/core/internal/app","Test":"TestResourcePlanRefusesLiveSavedAdvancedAndSensitiveInputsBeforeJournal/now","Output":"=== RUN   TestResourcePlanRefusesLiveSavedAdvancedAndSensitiveInputsBeforeJournal/now\n","OutputType":"frame"}
{"Time":"2026-09-08T10:19:07.478397218+03:00","Action":"output","Package":"virmill.local/core/internal/app","Test":"TestResourcePlanRefusesLiveSavedAdvancedAndSensitiveInputsBeforeJournal/now","Output":"--- PASS: TestResourcePlanRefusesLiveSavedAdvancedAndSensitiveInputsBeforeJournal/now (0.00s)\n","OutputType":"frame"}
{"Time":"2026-09-08T10:19:07.47841229+03:00","Action":"pass","Package":"virmill.local/core/internal/app","Test":"TestResourcePlanRefusesLiveSavedAdvancedAndSensitiveInputsBeforeJournal/now","Elapsed":0}
{"Time":"2026-09-08T10:19:07.478424818+03:00","Action":"run","Package":"virmill.local/core/internal/app","Test":"TestResourcePlanRefusesLiveSavedAdvancedAndSensitiveInputsBeforeJournal/secret"}
{"Time":"2026-09-08T10:19:07.478426261+03:00","Action":"output","Package":"virmill.local/core/internal/app","Test":"TestResourcePlanRefusesLiveSavedAdvancedAndSensitiveInputsBeforeJournal/secret","Output":"=== RUN   TestResourcePlanRefusesLiveSavedAdvancedAndSensitiveInputsBeforeJournal/secret\n","OutputType":"frame"}
{"Time":"2026-09-08T10:19:07.479325962+03:00","Action":"output","Package":"virmill.local/core/internal/app","Test":"TestResourcePlanRefusesLiveSavedAdvancedAndSensitiveInputsBeforeJournal/secret","Output":"--- PASS: TestResourcePlanRefusesLiveSavedAdvancedAndSensitiveInputsBeforeJournal/secret (0.00s)\n","OutputType":"frame"}
{"Time":"2026-09-08T10:19:07.479359965+03:00","Action":"pass","Package":"virmill.local/core/internal/app","Test":"TestResourcePlanRefusesLiveSavedAdvancedAndSensitiveInputsBeforeJournal/secret","Elapsed":0}
{"Time":"2026-09-08T10:19:07.479376162+03:00","Action":"run","Package":"virmill.local/core/internal/app","Test":"TestResourcePlanRefusesLiveSavedAdvancedAndSensitiveInputsBeforeJournal/fraction"}
{"Time":"2026-09-08T10:19:07.479378584+03:00","Action":"output","Package":"virmill.local/core/internal/app","Test":"TestResourcePlanRefusesLiveSavedAdvancedAndSensitiveInputsBeforeJournal/fraction","Output":"=== RUN   TestResourcePlanRefusesLiveSavedAdvancedAndSensitiveInputsBeforeJournal/fraction\n","OutputType":"frame"}
{"Time":"2026-09-08T10:19:07.48025661+03:00","Action":"output","Package":"virmill.local/core/internal/app","Test":"TestResourcePlanRefusesLiveSavedAdvancedAndSensitiveInputsBeforeJournal/fraction","Output":"--- PASS: TestResourcePlanRefusesLiveSavedAdvancedAndSensitiveInputsBeforeJournal/fraction (0.00s)\n","OutputType":"frame"}
{"Time":"2026-09-08T10:19:07.480270366+03:00","Action":"pass","Package":"virmill.local/core/internal/app","Test":"TestResourcePlanRefusesLiveSavedAdvancedAndSensitiveInputsBeforeJournal/fraction","Elapsed":0}
{"Time":"2026-09-08T10:19:07.480283308+03:00","Action":"run","Package":"virmill.local/core/internal/app","Test":"TestResourcePlanRefusesLiveSavedAdvancedAndSensitiveInputsBeforeJournal/empty"}
{"Time":"2026-09-08T10:19:07.48028475+03:00","Action":"output","Package":"virmill.local/core/internal/app","Test":"TestResourcePlanRefusesLiveSavedAdvancedAndSensitiveInputsBeforeJournal/empty","Output":"=== RUN   TestResourcePlanRefusesLiveSavedAdvancedAndSensitiveInputsBeforeJournal/empty\n","OutputType":"frame"}
{"Time":"2026-09-08T10:19:07.481078641+03:00","Action":"output","Package":"virmill.local/core/internal/app","Test":"TestResourcePlanRefusesLiveSavedAdvancedAndSensitiveInputsBeforeJournal/empty","Output":"--- PASS: TestResourcePlanRefusesLiveSavedAdvancedAndSensitiveInputsBeforeJournal/empty (0.00s)\n","OutputType":"frame"}
{"Time":"2026-09-08T10:19:07.481089059+03:00","Action":"pass","Package":"virmill.local/core/internal/app","Test":"TestResourcePlanRefusesLiveSavedAdvancedAndSensitiveInputsBeforeJournal/empty","Elapsed":0}
{"Time":"2026-09-08T10:19:07.481116946+03:00","Action":"output","Package":"virmill.local/core/internal/app","Test":"TestResourcePlanRefusesLiveSavedAdvancedAndSensitiveInputsBeforeJournal","Output":"--- PASS: TestResourcePlanRefusesLiveSavedAdvancedAndSensitiveInputsBeforeJournal (0.01s)\n","OutputType":"frame"}
{"Time":"2026-09-08T10:19:07.481124594+03:00","Action":"pass","Package":"virmill.local/core/internal/app","Test":"TestResourcePlanRefusesLiveSavedAdvancedAndSensitiveInputsBeforeJournal","Elapsed":0.01}
{"Time":"2026-09-08T10:19:07.481139972+03:00","Action":"run","Package":"virmill.local/core/internal/app","Test":"TestResourcePlanApplyRechecksDriftAndPreservesOpaqueConfiguration"}
{"Time":"2026-09-08T10:19:07.481141409+03:00","Action":"output","Package":"virmill.local/core/internal/app","Test":"TestResourcePlanApplyRechecksDriftAndPreservesOpaqueConfiguration","Output":"=== RUN   TestResourcePlanApplyRechecksDriftAndPreservesOpaqueConfiguration\n","OutputType":"frame"}
{"Time":"2026-09-08T10:19:07.499506233+03:00","Action":"output","Package":"virmill.local/core/internal/app","Test":"TestResourcePlanApplyRechecksDriftAndPreservesOpaqueConfiguration","Output":"--- PASS: TestResourcePlanApplyRechecksDriftAndPreservesOpaqueConfiguration (0.02s)\n","OutputType":"frame"}
{"Time":"2026-09-08T10:19:07.499526745+03:00","Action":"pass","Package":"virmill.local/core/internal/app","Test":"TestResourcePlanApplyRechecksDriftAndPreservesOpaqueConfiguration","Elapsed":0.02}
{"Time":"2026-09-08T10:19:07.499530849+03:00","Action":"run","Package":"virmill.local/core/internal/app","Test":"TestResourceLostAcknowledgementRecoversAfterJournalReopenWithoutReplay"}
{"Time":"2026-09-08T10:19:07.499532166+03:00","Action":"output","Package":"virmill.local/core/internal/app","Test":"TestResourceLostAcknowledgementRecoversAfterJournalReopenWithoutReplay","Output":"=== RUN   TestResourceLostAcknowledgementRecoversAfterJournalReopenWithoutReplay\n","OutputType":"frame"}
{"Time":"2026-09-08T10:19:07.517891104+03:00","Action":"output","Package":"virmill.local/core/internal/app","Test":"TestResourceLostAcknowledgementRecoversAfterJournalReopenWithoutReplay","Output":"    resource_edit_test.go:249: synthetic configuration backend and real SQLite reopen only; no native guest evidence\n"}
{"Time":"2026-09-08T10:19:07.51805841+03:00","Action":"output","Package":"virmill.local/core/internal/app","Test":"TestResourceLostAcknowledgementRecoversAfterJournalReopenWithoutReplay","Output":"--- PASS: TestResourceLostAcknowledgementRecoversAfterJournalReopenWithoutReplay (0.02s)\n","OutputType":"frame"}
{"Time":"2026-09-08T10:19:07.51806733+03:00","Action":"pass","Package":"virmill.local/core/internal/app","Test":"TestResourceLostAcknowledgementRecoversAfterJournalReopenWithoutReplay","Elapsed":0.02}
{"Time":"2026-09-08T10:19:07.51808014+03:00","Action":"run","Package":"virmill.local/core/internal/app","Test":"TestResourceFailureKeepsUncertaintyAndCancellationDoesNotUndoACompletedDefine"}
{"Time":"2026-09-08T10:19:07.518081614+03:00","Action":"output","Package":"virmill.local/core/internal/app","Test":"TestResourceFailureKeepsUncertaintyAndCancellationDoesNotUndoACompletedDefine","Output":"=== RUN   TestResourceFailureKeepsUncertaintyAndCancellationDoesNotUndoACompletedDefine\n","OutputType":"frame"}
{"Time":"2026-09-08T10:19:07.518098664+03:00","Action":"run","Package":"virmill.local/core/internal/app","Test":"TestResourceFailureKeepsUncertaintyAndCancellationDoesNotUndoACompletedDefine/failure"}
{"Time":"2026-09-08T10:19:07.518100092+03:00","Action":"output","Package":"virmill.local/core/internal/app","Test":"TestResourceFailureKeepsUncertaintyAndCancellationDoesNotUndoACompletedDefine/failure","Output":"=== RUN   TestResourceFailureKeepsUncertaintyAndCancellationDoesNotUndoACompletedDefine/failure\n","OutputType":"frame"}
{"Time":"2026-09-08T10:19:07.535713737+03:00","Action":"output","Package":"virmill.local/core/internal/app","Test":"TestResourceFailureKeepsUncertaintyAndCancellationDoesNotUndoACompletedDefine/failure","Output":"--- PASS: TestResourceFailureKeepsUncertaintyAndCancellationDoesNotUndoACompletedDefine/failure (0.02s)\n","OutputType":"frame"}
{"Time":"2026-09-08T10:19:07.535732353+03:00","Action":"pass","Package":"virmill.local/core/internal/app","Test":"TestResourceFailureKeepsUncertaintyAndCancellationDoesNotUndoACompletedDefine/failure","Elapsed":0.02}
{"Time":"2026-09-08T10:19:07.535735865+03:00","Action":"run","Package":"virmill.local/core/internal/app","Test":"TestResourceFailureKeepsUncertaintyAndCancellationDoesNotUndoACompletedDefine/cancel-in-flight"}
{"Time":"2026-09-08T10:19:07.535737088+03:00","Action":"output","Package":"virmill.local/core/internal/app","Test":"TestResourceFailureKeepsUncertaintyAndCancellationDoesNotUndoACompletedDefine/cancel-in-flight","Output":"=== RUN   TestResourceFailureKeepsUncertaintyAndCancellationDoesNotUndoACompletedDefine/cancel-in-flight\n","OutputType":"frame"}
{"Time":"2026-09-08T10:19:07.552288961+03:00","Action":"output","Package":"virmill.local/core/internal/app","Test":"TestResourceFailureKeepsUncertaintyAndCancellationDoesNotUndoACompletedDefine/cancel-in-flight","Output":"--- PASS: TestResourceFailureKeepsUncertaintyAndCancellationDoesNotUndoACompletedDefine/cancel-in-flight (0.02s)\n","OutputType":"frame"}
{"Time":"2026-09-08T10:19:07.552304567+03:00","Action":"pass","Package":"virmill.local/core/internal/app","Test":"TestResourceFailureKeepsUncertaintyAndCancellationDoesNotUndoACompletedDefine/cancel-in-flight","Elapsed":0.02}
{"Time":"2026-09-08T10:19:07.55231373+03:00","Action":"output","Package":"virmill.local/core/internal/app","Test":"TestResourceFailureKeepsUncertaintyAndCancellationDoesNotUndoACompletedDefine","Output":"--- PASS: TestResourceFailureKeepsUncertaintyAndCancellationDoesNotUndoACompletedDefine (0.03s)\n","OutputType":"frame"}
{"Time":"2026-09-08T10:19:07.552328959+03:00","Action":"pass","Package":"virmill.local/core/internal/app","Test":"TestResourceFailureKeepsUncertaintyAndCancellationDoesNotUndoACompletedDefine","Elapsed":0.03}
{"Time":"2026-09-08T10:19:07.55236402+03:00","Action":"run","Package":"virmill.local/core/internal/app","Test":"TestResourceOperationCompatibilityFailsClosed"}
{"Time":"2026-09-08T10:19:07.552366174+03:00","Action":"output","Package":"virmill.local/core/internal/app","Test":"TestResourceOperationCompatibilityFailsClosed","Output":"=== RUN   TestResourceOperationCompatibilityFailsClosed\n","OutputType":"frame"}
{"Time":"2026-09-08T10:19:07.557231438+03:00","Action":"output","Package":"virmill.local/core/internal/app","Test":"TestResourceOperationCompatibilityFailsClosed","Output":"--- PASS: TestResourceOperationCompatibilityFailsClosed (0.00s)\n","OutputType":"frame"}
{"Time":"2026-09-08T10:19:07.557242617+03:00","Action":"pass","Package":"virmill.local/core/internal/app","Test":"TestResourceOperationCompatibilityFailsClosed","Elapsed":0}
{"Time":"2026-09-08T10:19:07.557254207+03:00","Action":"run","Package":"virmill.local/core/internal/app","Test":"TestResourcePlanStoresHashesWithoutOpaqueXMLValues"}
{"Time":"2026-09-08T10:19:07.557255631+03:00","Action":"output","Package":"virmill.local/core/internal/app","Test":"TestResourcePlanStoresHashesWithoutOpaqueXMLValues","Output":"=== RUN   TestResourcePlanStoresHashesWithoutOpaqueXMLValues\n","OutputType":"frame"}
{"Time":"2026-09-08T10:19:07.573561231+03:00","Action":"output","Package":"virmill.local/core/internal/app","Test":"TestResourcePlanStoresHashesWithoutOpaqueXMLValues","Output":"--- PASS: TestResourcePlanStoresHashesWithoutOpaqueXMLValues (0.02s)\n","OutputType":"frame"}
{"Time":"2026-09-08T10:19:07.573578307+03:00","Action":"pass","Package":"virmill.local/core/internal/app","Test":"TestResourcePlanStoresHashesWithoutOpaqueXMLValues","Elapsed":0.02}
{"Time":"2026-09-08T10:19:07.573582883+03:00","Action":"run","Package":"virmill.local/core/internal/app","Test":"TestMissingManagedSaveAndUnknownInputFailBeforeEffect"}
{"Time":"2026-09-08T10:19:07.573588617+03:00","Action":"output","Package":"virmill.local/core/internal/app","Test":"TestMissingManagedSaveAndUnknownInputFailBeforeEffect","Output":"=== RUN   TestMissingManagedSaveAndUnknownInputFailBeforeEffect\n","OutputType":"frame"}
{"Time":"2026-09-08T10:19:07.574386182+03:00","Action":"output","Package":"virmill.local/core/internal/app","Test":"TestMissingManagedSaveAndUnknownInputFailBeforeEffect","Output":"--- PASS: TestMissingManagedSaveAndUnknownInputFailBeforeEffect (0.00s)\n","OutputType":"frame"}
{"Time":"2026-09-08T10:19:07.574400391+03:00","Action":"pass","Package":"virmill.local/core/internal/app","Test":"TestMissingManagedSaveAndUnknownInputFailBeforeEffect","Elapsed":0}
{"Time":"2026-09-08T10:19:07.574409446+03:00","Action":"run","Package":"virmill.local/core/internal/app","Test":"TestResourceInventoryDoesNotPlanAdoptOrMutate"}
{"Time":"2026-09-08T10:19:07.574411451+03:00","Action":"output","Package":"virmill.local/core/internal/app","Test":"TestResourceInventoryDoesNotPlanAdoptOrMutate","Output":"=== RUN   TestResourceInventoryDoesNotPlanAdoptOrMutate\n","OutputType":"frame"}
{"Time":"2026-09-08T10:19:07.574449716+03:00","Action":"output","Package":"virmill.local/core/internal/app","Test":"TestResourceInventoryDoesNotPlanAdoptOrMutate","Output":"--- PASS: TestResourceInventoryDoesNotPlanAdoptOrMutate (0.00s)\n","OutputType":"frame"}
{"Time":"2026-09-08T10:19:07.574460624+03:00","Action":"pass","Package":"virmill.local/core/internal/app","Test":"TestResourceInventoryDoesNotPlanAdoptOrMutate","Elapsed":0}
{"Time":"2026-09-08T10:19:07.574471948+03:00","Action":"output","Package":"virmill.local/core/internal/app","Output":"PASS\n","OutputType":"frame"}
{"Time":"2026-09-08T10:19:08.580398129+03:00","Action":"output","Package":"virmill.local/core/internal/app","Output":"ok  \tvirmill.local/core/internal/app\t4.774s\n"}
{"Time":"2026-09-08T10:19:08.580430673+03:00","Action":"pass","Package":"virmill.local/core/internal/app","Elapsed":4.774}
