{"Time":"2026-09-13T23:39:49.141975524+03:00","Action":"start","Package":"virmill.local/core/internal/ui/cli"}
{"Time":"2026-09-13T23:39:49.142142075+03:00","Action":"start","Package":"virmill.local/core/internal/platform/linux"}
{"Time":"2026-09-13T23:39:49.149794337+03:00","Action":"run","Package":"virmill.local/core/internal/platform/linux","Test":"TestDoctorSuggestsDistributionPackagesForMissingTools"}
{"Time":"2026-09-13T23:39:49.14984433+03:00","Action":"output","Package":"virmill.local/core/internal/platform/linux","Test":"TestDoctorSuggestsDistributionPackagesForMissingTools","Output":"=== RUN   TestDoctorSuggestsDistributionPackagesForMissingTools\n","OutputType":"frame"}
{"Time":"2026-09-13T23:39:49.150010489+03:00","Action":"output","Package":"virmill.local/core/internal/platform/linux","Test":"TestDoctorSuggestsDistributionPackagesForMissingTools","Output":"--- PASS: TestDoctorSuggestsDistributionPackagesForMissingTools (0.00s)\n","OutputType":"frame"}
{"Time":"2026-09-13T23:39:49.150037894+03:00","Action":"pass","Package":"virmill.local/core/internal/platform/linux","Test":"TestDoctorSuggestsDistributionPackagesForMissingTools","Elapsed":0}
{"Time":"2026-09-13T23:39:49.150059277+03:00","Action":"run","Package":"virmill.local/core/internal/platform/linux","Test":"TestDoctorUnknownDistributionGivesGenericAdvice"}
{"Time":"2026-09-13T23:39:49.150065676+03:00","Action":"output","Package":"virmill.local/core/internal/platform/linux","Test":"TestDoctorUnknownDistributionGivesGenericAdvice","Output":"=== RUN   TestDoctorUnknownDistributionGivesGenericAdvice\n","OutputType":"frame"}
{"Time":"2026-09-13T23:39:49.150165563+03:00","Action":"output","Package":"virmill.local/core/internal/platform/linux","Test":"TestDoctorUnknownDistributionGivesGenericAdvice","Output":"--- PASS: TestDoctorUnknownDistributionGivesGenericAdvice (0.00s)\n","OutputType":"frame"}
{"Time":"2026-09-13T23:39:49.150181842+03:00","Action":"pass","Package":"virmill.local/core/internal/platform/linux","Test":"TestDoctorUnknownDistributionGivesGenericAdvice","Elapsed":0}
{"Time":"2026-09-13T23:39:49.150201582+03:00","Action":"run","Package":"virmill.local/core/internal/platform/linux","Test":"TestDoctorChecksToolsVirmillRuns"}
{"Time":"2026-09-13T23:39:49.150205412+03:00","Action":"output","Package":"virmill.local/core/internal/platform/linux","Test":"TestDoctorChecksToolsVirmillRuns","Output":"=== RUN   TestDoctorChecksToolsVirmillRuns\n","OutputType":"frame"}
{"Time":"2026-09-13T23:39:49.150454422+03:00","Action":"output","Package":"virmill.local/core/internal/platform/linux","Test":"TestDoctorChecksToolsVirmillRuns","Output":"--- PASS: TestDoctorChecksToolsVirmillRuns (0.00s)\n","OutputType":"frame"}
{"Time":"2026-09-13T23:39:49.150505932+03:00","Action":"pass","Package":"virmill.local/core/internal/platform/linux","Test":"TestDoctorChecksToolsVirmillRuns","Elapsed":0}
{"Time":"2026-09-13T23:39:49.150512453+03:00","Action":"run","Package":"virmill.local/core/internal/platform/linux","Test":"TestDoctorExplainsKVMAccess"}
{"Time":"2026-09-13T23:39:49.150516025+03:00","Action":"output","Package":"virmill.local/core/internal/platform/linux","Test":"TestDoctorExplainsKVMAccess","Output":"=== RUN   TestDoctorExplainsKVMAccess\n","OutputType":"frame"}
{"Time":"2026-09-13T23:39:49.150534915+03:00","Action":"output","Package":"virmill.local/core/internal/platform/linux","Test":"TestDoctorExplainsKVMAccess","Output":"--- PASS: TestDoctorExplainsKVMAccess (0.00s)\n","OutputType":"frame"}
{"Time":"2026-09-13T23:39:49.15054063+03:00","Action":"pass","Package":"virmill.local/core/internal/platform/linux","Test":"TestDoctorExplainsKVMAccess","Elapsed":0}
{"Time":"2026-09-13T23:39:49.150545468+03:00","Action":"run","Package":"virmill.local/core/internal/platform/linux","Test":"TestDoctorFindsMissingOrStoppedLibvirt"}
{"Time":"2026-09-13T23:39:49.150548941+03:00","Action":"output","Package":"virmill.local/core/internal/platform/linux","Test":"TestDoctorFindsMissingOrStoppedLibvirt","Output":"=== RUN   TestDoctorFindsMissingOrStoppedLibvirt\n","OutputType":"frame"}
{"Time":"2026-09-13T23:39:49.150711681+03:00","Action":"output","Package":"virmill.local/core/internal/platform/linux","Test":"TestDoctorFindsMissingOrStoppedLibvirt","Output":"--- PASS: TestDoctorFindsMissingOrStoppedLibvirt (0.00s)\n","OutputType":"frame"}
{"Time":"2026-09-13T23:39:49.150732399+03:00","Action":"pass","Package":"virmill.local/core/internal/platform/linux","Test":"TestDoctorFindsMissingOrStoppedLibvirt","Elapsed":0}
{"Time":"2026-09-13T23:39:49.150783997+03:00","Action":"run","Package":"virmill.local/core/internal/platform/linux","Test":"TestDoctorLibvirtGroupCheckOnlyWhenGroupExists"}
{"Time":"2026-09-13T23:39:49.150794134+03:00","Action":"output","Package":"virmill.local/core/internal/platform/linux","Test":"TestDoctorLibvirtGroupCheckOnlyWhenGroupExists","Output":"=== RUN   TestDoctorLibvirtGroupCheckOnlyWhenGroupExists\n","OutputType":"frame"}
{"Time":"2026-09-13T23:39:49.150941757+03:00","Action":"output","Package":"virmill.local/core/internal/platform/linux","Test":"TestDoctorLibvirtGroupCheckOnlyWhenGroupExists","Output":"--- PASS: TestDoctorLibvirtGroupCheckOnlyWhenGroupExists (0.00s)\n","OutputType":"frame"}
{"Time":"2026-09-13T23:39:49.150963776+03:00","Action":"pass","Package":"virmill.local/core/internal/platform/linux","Test":"TestDoctorLibvirtGroupCheckOnlyWhenGroupExists","Elapsed":0}
{"Time":"2026-09-13T23:39:49.150973816+03:00","Action":"run","Package":"virmill.local/core/internal/platform/linux","Test":"TestHostPrefixSyntheticWireFixtures"}
{"Time":"2026-09-13T23:39:49.150985041+03:00","Action":"output","Package":"virmill.local/core/internal/platform/linux","Test":"TestHostPrefixSyntheticWireFixtures","Output":"=== RUN   TestHostPrefixSyntheticWireFixtures\n","OutputType":"frame"}
{"Time":"2026-09-13T23:39:49.15103504+03:00","Action":"run","Package":"virmill.local/core/internal/platform/linux","Test":"TestHostPrefixSyntheticWireFixtures/ipv4-addresses.hex"}
{"Time":"2026-09-13T23:39:49.151051495+03:00","Action":"output","Package":"virmill.local/core/internal/platform/linux","Test":"TestHostPrefixSyntheticWireFixtures/ipv4-addresses.hex","Output":"=== RUN   TestHostPrefixSyntheticWireFixtures/ipv4-addresses.hex\n","OutputType":"frame"}
{"Time":"2026-09-13T23:39:49.151450031+03:00","Action":"output","Package":"virmill.local/core/internal/platform/linux","Test":"TestHostPrefixSyntheticWireFixtures/ipv4-addresses.hex","Output":"--- PASS: TestHostPrefixSyntheticWireFixtures/ipv4-addresses.hex (0.00s)\n","OutputType":"frame"}
{"Time":"2026-09-13T23:39:49.151470517+03:00","Action":"pass","Package":"virmill.local/core/internal/platform/linux","Test":"TestHostPrefixSyntheticWireFixtures/ipv4-addresses.hex","Elapsed":0}
{"Time":"2026-09-13T23:39:49.15147959+03:00","Action":"run","Package":"virmill.local/core/internal/platform/linux","Test":"TestHostPrefixSyntheticWireFixtures/ipv6-addresses.hex"}
{"Time":"2026-09-13T23:39:49.151483908+03:00","Action":"output","Package":"virmill.local/core/internal/platform/linux","Test":"TestHostPrefixSyntheticWireFixtures/ipv6-addresses.hex","Output":"=== RUN   TestHostPrefixSyntheticWireFixtures/ipv6-addresses.hex\n","OutputType":"frame"}
{"Time":"2026-09-13T23:39:49.151630877+03:00","Action":"output","Package":"virmill.local/core/internal/platform/linux","Test":"TestHostPrefixSyntheticWireFixtures/ipv6-addresses.hex","Output":"--- PASS: TestHostPrefixSyntheticWireFixtures/ipv6-addresses.hex (0.00s)\n","OutputType":"frame"}
{"Time":"2026-09-13T23:39:49.1516537+03:00","Action":"pass","Package":"virmill.local/core/internal/platform/linux","Test":"TestHostPrefixSyntheticWireFixtures/ipv6-addresses.hex","Elapsed":0}
{"Time":"2026-09-13T23:39:49.151682796+03:00","Action":"run","Package":"virmill.local/core/internal/platform/linux","Test":"TestHostPrefixSyntheticWireFixtures/ipv4-routes.hex"}
{"Time":"2026-09-13T23:39:49.151687376+03:00","Action":"output","Package":"virmill.local/core/internal/platform/linux","Test":"TestHostPrefixSyntheticWireFixtures/ipv4-routes.hex","Output":"=== RUN   TestHostPrefixSyntheticWireFixtures/ipv4-routes.hex\n","OutputType":"frame"}
{"Time":"2026-09-13T23:39:49.153153584+03:00","Action":"output","Package":"virmill.local/core/internal/platform/linux","Test":"TestHostPrefixSyntheticWireFixtures/ipv4-routes.hex","Output":"--- PASS: TestHostPrefixSyntheticWireFixtures/ipv4-routes.hex (0.00s)\n","OutputType":"frame"}
{"Time":"2026-09-13T23:39:49.153175124+03:00","Action":"pass","Package":"virmill.local/core/internal/platform/linux","Test":"TestHostPrefixSyntheticWireFixtures/ipv4-routes.hex","Elapsed":0}
{"Time":"2026-09-13T23:39:49.153184008+03:00","Action":"run","Package":"virmill.local/core/internal/platform/linux","Test":"TestHostPrefixSyntheticWireFixtures/ipv6-routes.hex"}
{"Time":"2026-09-13T23:39:49.153188592+03:00","Action":"output","Package":"virmill.local/core/internal/platform/linux","Test":"TestHostPrefixSyntheticWireFixtures/ipv6-routes.hex","Output":"=== RUN   TestHostPrefixSyntheticWireFixtures/ipv6-routes.hex\n","OutputType":"frame"}
{"Time":"2026-09-13T23:39:49.153750534+03:00","Action":"output","Package":"virmill.local/core/internal/platform/linux","Test":"TestHostPrefixSyntheticWireFixtures/ipv6-routes.hex","Output":"--- PASS: TestHostPrefixSyntheticWireFixtures/ipv6-routes.hex (0.00s)\n","OutputType":"frame"}
{"Time":"2026-09-13T23:39:49.153777456+03:00","Action":"pass","Package":"virmill.local/core/internal/platform/linux","Test":"TestHostPrefixSyntheticWireFixtures/ipv6-routes.hex","Elapsed":0}
{"Time":"2026-09-13T23:39:49.153787986+03:00","Action":"output","Package":"virmill.local/core/internal/platform/linux","Test":"TestHostPrefixSyntheticWireFixtures","Output":"--- PASS: TestHostPrefixSyntheticWireFixtures (0.00s)\n","OutputType":"frame"}
{"Time":"2026-09-13T23:39:49.153794263+03:00","Action":"pass","Package":"virmill.local/core/internal/platform/linux","Test":"TestHostPrefixSyntheticWireFixtures","Elapsed":0}
{"Time":"2026-09-13T23:39:49.153799391+03:00","Action":"run","Package":"virmill.local/core/internal/platform/linux","Test":"TestHostPrefixRequestsDoNotFilterTablesOrMutate"}
{"Time":"2026-09-13T23:39:49.153803056+03:00","Action":"output","Package":"virmill.local/core/internal/platform/linux","Test":"TestHostPrefixRequestsDoNotFilterTablesOrMutate","Output":"=== RUN   TestHostPrefixRequestsDoNotFilterTablesOrMutate\n","OutputType":"frame"}
{"Time":"2026-09-13T23:39:49.153816326+03:00","Action":"output","Package":"virmill.local/core/internal/platform/linux","Test":"TestHostPrefixRequestsDoNotFilterTablesOrMutate","Output":"--- PASS: TestHostPrefixRequestsDoNotFilterTablesOrMutate (0.00s)\n","OutputType":"frame"}
{"Time":"2026-09-13T23:39:49.153822315+03:00","Action":"pass","Package":"virmill.local/core/internal/platform/linux","Test":"TestHostPrefixRequestsDoNotFilterTablesOrMutate","Elapsed":0}
{"Time":"2026-09-13T23:39:49.153835909+03:00","Action":"run","Package":"virmill.local/core/internal/platform/linux","Test":"TestHostPrefixRejectsIncompleteAndInterruptedDumps"}
{"Time":"2026-09-13T23:39:49.15384053+03:00","Action":"output","Package":"virmill.local/core/internal/platform/linux","Test":"TestHostPrefixRejectsIncompleteAndInterruptedDumps","Output":"=== RUN   TestHostPrefixRejectsIncompleteAndInterruptedDumps\n","OutputType":"frame"}
{"Time":"2026-09-13T23:39:49.153874057+03:00","Action":"run","Package":"virmill.local/core/internal/platform/linux","Test":"TestHostPrefixRejectsIncompleteAndInterruptedDumps/missing-done"}
{"Time":"2026-09-13T23:39:49.153878046+03:00","Action":"output","Package":"virmill.local/core/internal/platform/linux","Test":"TestHostPrefixRejectsIncompleteAndInterruptedDumps/missing-done","Output":"=== RUN   TestHostPrefixRejectsIncompleteAndInterruptedDumps/missing-done\n","OutputType":"frame"}
{"Time":"2026-09-13T23:39:49.154280643+03:00","Action":"output","Package":"virmill.local/core/internal/platform/linux","Test":"TestHostPrefixRejectsIncompleteAndInterruptedDumps/missing-done","Output":"--- PASS: TestHostPrefixRejectsIncompleteAndInterruptedDumps/missing-done (0.00s)\n","OutputType":"frame"}
{"Time":"2026-09-13T23:39:49.154287783+03:00","Action":"pass","Package":"virmill.local/core/internal/platform/linux","Test":"TestHostPrefixRejectsIncompleteAndInterruptedDumps/missing-done","Elapsed":0}
{"Time":"2026-09-13T23:39:49.154301609+03:00","Action":"run","Package":"virmill.local/core/internal/platform/linux","Test":"TestHostPrefixRejectsIncompleteAndInterruptedDumps/empty-receive"}
{"Time":"2026-09-13T23:39:49.15430456+03:00","Action":"output","Package":"virmill.local/core/internal/platform/linux","Test":"TestHostPrefixRejectsIncompleteAndInterruptedDumps/empty-receive","Output":"=== RUN   TestHostPrefixRejectsIncompleteAndInterruptedDumps/empty-receive\n","OutputType":"frame"}
{"Time":"2026-09-13T23:39:49.154434822+03:00","Action":"output","Package":"virmill.local/core/internal/platform/linux","Test":"TestHostPrefixRejectsIncompleteAndInterruptedDumps/empty-receive","Output":"--- PASS: TestHostPrefixRejectsIncompleteAndInterruptedDumps/empty-receive (0.00s)\n","OutputType":"frame"}
{"Time":"2026-09-13T23:39:49.154449676+03:00","Action":"pass","Package":"virmill.local/core/internal/platform/linux","Test":"TestHostPrefixRejectsIncompleteAndInterruptedDumps/empty-receive","Elapsed":0}
{"Time":"2026-09-13T23:39:49.154486207+03:00","Action":"run","Package":"virmill.local/core/internal/platform/linux","Test":"TestHostPrefixRejectsIncompleteAndInterruptedDumps/data-dump-interrupted"}
{"Time":"2026-09-13T23:39:49.154492176+03:00","Action":"output","Package":"virmill.local/core/internal/platform/linux","Test":"TestHostPrefixRejectsIncompleteAndInterruptedDumps/data-dump-interrupted","Output":"=== RUN   TestHostPrefixRejectsIncompleteAndInterruptedDumps/data-dump-interrupted\n","OutputType":"frame"}
{"Time":"2026-09-13T23:39:49.155258094+03:00","Action":"output","Package":"virmill.local/core/internal/platform/linux","Test":"TestHostPrefixRejectsIncompleteAndInterruptedDumps/data-dump-interrupted","Output":"--- PASS: TestHostPrefixRejectsIncompleteAndInterruptedDumps/data-dump-interrupted (0.00s)\n","OutputType":"frame"}
{"Time":"2026-09-13T23:39:49.155273027+03:00","Action":"pass","Package":"virmill.local/core/internal/platform/linux","Test":"TestHostPrefixRejectsIncompleteAndInterruptedDumps/data-dump-interrupted","Elapsed":0}
{"Time":"2026-09-13T23:39:49.155296678+03:00","Action":"run","Package":"virmill.local/core/internal/platform/linux","Test":"TestHostPrefixRejectsIncompleteAndInterruptedDumps/done-dump-interrupted"}
{"Time":"2026-09-13T23:39:49.155300439+03:00","Action":"output","Package":"virmill.local/core/internal/platform/linux","Test":"TestHostPrefixRejectsIncompleteAndInterruptedDumps/done-dump-interrupted","Output":"=== RUN   TestHostPrefixRejectsIncompleteAndInterruptedDumps/done-dump-interrupted\n","OutputType":"frame"}
{"Time":"2026-09-13T23:39:49.15549702+03:00","Action":"output","Package":"virmill.local/core/internal/platform/linux","Test":"TestHostPrefixRejectsIncompleteAndInterruptedDumps/done-dump-interrupted","Output":"--- PASS: TestHostPrefixRejectsIncompleteAndInterruptedDumps/done-dump-interrupted (0.00s)\n","OutputType":"frame"}
{"Time":"2026-09-13T23:39:49.155510599+03:00","Action":"pass","Package":"virmill.local/core/internal/platform/linux","Test":"TestHostPrefixRejectsIncompleteAndInterruptedDumps/done-dump-interrupted","Elapsed":0}
{"Time":"2026-09-13T23:39:49.155533517+03:00","Action":"run","Package":"virmill.local/core/internal/platform/linux","Test":"TestHostPrefixRejectsIncompleteAndInterruptedDumps/filtered-dump"}
{"Time":"2026-09-13T23:39:49.155537097+03:00","Action":"output","Package":"virmill.local/core/internal/platform/linux","Test":"TestHostPrefixRejectsIncompleteAndInterruptedDumps/filtered-dump","Output":"=== RUN   TestHostPrefixRejectsIncompleteAndInterruptedDumps/filtered-dump\n","OutputType":"frame"}
{"Time":"2026-09-13T23:39:49.156072926+03:00","Action":"output","Package":"virmill.local/core/internal/platform/linux","Test":"TestHostPrefixRejectsIncompleteAndInterruptedDumps/filtered-dump","Output":"--- PASS: TestHostPrefixRejectsIncompleteAndInterruptedDumps/filtered-dump (0.00s)\n","OutputType":"frame"}
{"Time":"2026-09-13T23:39:49.156087323+03:00","Action":"pass","Package":"virmill.local/core/internal/platform/linux","Test":"TestHostPrefixRejectsIncompleteAndInterruptedDumps/filtered-dump","Elapsed":0}
{"Time":"2026-09-13T23:39:49.156106205+03:00","Action":"run","Package":"virmill.local/core/internal/platform/linux","Test":"TestHostPrefixRejectsIncompleteAndInterruptedDumps/receive-truncated"}
{"Time":"2026-09-13T23:39:49.156109683+03:00","Action":"output","Package":"virmill.local/core/internal/platform/linux","Test":"TestHostPrefixRejectsIncompleteAndInterruptedDumps/receive-truncated","Output":"=== RUN   TestHostPrefixRejectsIncompleteAndInterruptedDumps/receive-truncated\n","OutputType":"frame"}
{"Time":"2026-09-13T23:39:49.156808957+03:00","Action":"output","Package":"virmill.local/core/internal/platform/linux","Test":"TestHostPrefixRejectsIncompleteAndInterruptedDumps/receive-truncated","Output":"--- PASS: TestHostPrefixRejectsIncompleteAndInterruptedDumps/receive-truncated (0.00s)\n","OutputType":"frame"}
{"Time":"2026-09-13T23:39:49.156822784+03:00","Action":"pass","Package":"virmill.local/core/internal/platform/linux","Test":"TestHostPrefixRejectsIncompleteAndInterruptedDumps/receive-truncated","Elapsed":0}
{"Time":"2026-09-13T23:39:49.15684289+03:00","Action":"run","Package":"virmill.local/core/internal/platform/linux","Test":"TestHostPrefixRejectsIncompleteAndInterruptedDumps/control-truncated"}
{"Time":"2026-09-13T23:39:49.156848349+03:00","Action":"output","Package":"virmill.local/core/internal/platform/linux","Test":"TestHostPrefixRejectsIncompleteAndInterruptedDumps/control-truncated","Output":"=== RUN   TestHostPrefixRejectsIncompleteAndInterruptedDumps/control-truncated\n","OutputType":"frame"}
{"Time":"2026-09-13T23:39:49.157078818+03:00","Action":"output","Package":"virmill.local/core/internal/platform/linux","Test":"TestHostPrefixRejectsIncompleteAndInterruptedDumps/control-truncated","Output":"--- PASS: TestHostPrefixRejectsIncompleteAndInterruptedDumps/control-truncated (0.00s)\n","OutputType":"frame"}
{"Time":"2026-09-13T23:39:49.1570931+03:00","Action":"pass","Package":"virmill.local/core/internal/platform/linux","Test":"TestHostPrefixRejectsIncompleteAndInterruptedDumps/control-truncated","Elapsed":0}
{"Time":"2026-09-13T23:39:49.157112034+03:00","Action":"run","Package":"virmill.local/core/internal/platform/linux","Test":"TestHostPrefixRejectsIncompleteAndInterruptedDumps/sender-not-kernel"}
{"Time":"2026-09-13T23:39:49.157115315+03:00","Action":"output","Package":"virmill.local/core/internal/platform/linux","Test":"TestHostPrefixRejectsIncompleteAndInterruptedDumps/sender-not-kernel","Output":"=== RUN   TestHostPrefixRejectsIncompleteAndInterruptedDumps/sender-not-kernel\n","OutputType":"frame"}
{"Time":"2026-09-13T23:39:49.157182626+03:00","Action":"output","Package":"virmill.local/core/internal/platform/linux","Test":"TestHostPrefixRejectsIncompleteAndInterruptedDumps/sender-not-kernel","Output":"--- PASS: TestHostPrefixRejectsIncompleteAndInterruptedDumps/sender-not-kernel (0.00s)\n","OutputType":"frame"}
{"Time":"2026-09-13T23:39:49.157197751+03:00","Action":"pass","Package":"virmill.local/core/internal/platform/linux","Test":"TestHostPrefixRejectsIncompleteAndInterruptedDumps/sender-not-kernel","Elapsed":0}
{"Time":"2026-09-13T23:39:49.157214954+03:00","Action":"run","Package":"virmill.local/core/internal/platform/linux","Test":"TestHostPrefixRejectsIncompleteAndInterruptedDumps/lost-buffer"}
{"Time":"2026-09-13T23:39:49.157218092+03:00","Action":"output","Package":"virmill.local/core/internal/platform/linux","Test":"TestHostPrefixRejectsIncompleteAndInterruptedDumps/lost-buffer","Output":"=== RUN   TestHostPrefixRejectsIncompleteAndInterruptedDumps/lost-buffer\n","OutputType":"frame"}
{"Time":"2026-09-13T23:39:49.157463411+03:00","Action":"output","Package":"virmill.local/core/internal/platform/linux","Test":"TestHostPrefixRejectsIncompleteAndInterruptedDumps/lost-buffer","Output":"--- PASS: TestHostPrefixRejectsIncompleteAndInterruptedDumps/lost-buffer (0.00s)\n","OutputType":"frame"}
{"Time":"2026-09-13T23:39:49.157474666+03:00","Action":"pass","Package":"virmill.local/core/internal/platform/linux","Test":"TestHostPrefixRejectsIncompleteAndInterruptedDumps/lost-buffer","Elapsed":0}
{"Time":"2026-09-13T23:39:49.157596965+03:00","Action":"run","Package":"virmill.local/core/internal/platform/linux","Test":"TestHostPrefixRejectsIncompleteAndInterruptedDumps/completion-error"}
{"Time":"2026-09-13T23:39:49.157603688+03:00","Action":"output","Package":"virmill.local/core/internal/platform/linux","Test":"TestHostPrefixRejectsIncompleteAndInterruptedDumps/completion-error","Output":"=== RUN   TestHostPrefixRejectsIncompleteAndInterruptedDumps/completion-error\n","OutputType":"frame"}
{"Time":"2026-09-13T23:39:49.157802075+03:00","Action":"output","Package":"virmill.local/core/internal/platform/linux","Test":"TestHostPrefixRejectsIncompleteAndInterruptedDumps/completion-error","Output":"--- PASS: TestHostPrefixRejectsIncompleteAndInterruptedDumps/completion-error (0.00s)\n","OutputType":"frame"}
{"Time":"2026-09-13T23:39:49.157807389+03:00","Action":"pass","Package":"virmill.local/core/internal/platform/linux","Test":"TestHostPrefixRejectsIncompleteAndInterruptedDumps/completion-error","Elapsed":0}
{"Time":"2026-09-13T23:39:49.157826763+03:00","Action":"run","Package":"virmill.local/core/internal/platform/linux","Test":"TestHostPrefixRejectsIncompleteAndInterruptedDumps/ack-is-not-completion"}
{"Time":"2026-09-13T23:39:49.15783029+03:00","Action":"output","Package":"virmill.local/core/internal/platform/linux","Test":"TestHostPrefixRejectsIncompleteAndInterruptedDumps/ack-is-not-completion","Output":"=== RUN   TestHostPrefixRejectsIncompleteAndInterruptedDumps/ack-is-not-completion\n","OutputType":"frame"}
{"Time":"2026-09-13T23:39:49.157874296+03:00","Action":"output","Package":"virmill.local/core/internal/platform/linux","Test":"TestHostPrefixRejectsIncompleteAndInterruptedDumps/ack-is-not-completion","Output":"--- PASS: TestHostPrefixRejectsIncompleteAndInterruptedDumps/ack-is-not-completion (0.00s)\n","OutputType":"frame"}
{"Time":"2026-09-13T23:39:49.157879077+03:00","Action":"pass","Package":"virmill.local/core/internal/platform/linux","Test":"TestHostPrefixRejectsIncompleteAndInterruptedDumps/ack-is-not-completion","Elapsed":0}
{"Time":"2026-09-13T23:39:49.157893115+03:00","Action":"run","Package":"virmill.local/core/internal/platform/linux","Test":"TestHostPrefixRejectsIncompleteAndInterruptedDumps/overrun"}
{"Time":"2026-09-13T23:39:49.157896279+03:00","Action":"output","Package":"virmill.local/core/internal/platform/linux","Test":"TestHostPrefixRejectsIncompleteAndInterruptedDumps/overrun","Output":"=== RUN   TestHostPrefixRejectsIncompleteAndInterruptedDumps/overrun\n","OutputType":"frame"}
{"Time":"2026-09-13T23:39:49.15798434+03:00","Action":"output","Package":"virmill.local/core/internal/platform/linux","Test":"TestHostPrefixRejectsIncompleteAndInterruptedDumps/overrun","Output":"--- PASS: TestHostPrefixRejectsIncompleteAndInterruptedDumps/overrun (0.00s)\n","OutputType":"frame"}
{"Time":"2026-09-13T23:39:49.158014794+03:00","Action":"pass","Package":"virmill.local/core/internal/platform/linux","Test":"TestHostPrefixRejectsIncompleteAndInterruptedDumps/overrun","Elapsed":0}
{"Time":"2026-09-13T23:39:49.158349819+03:00","Action":"output","Package":"virmill.local/core/internal/platform/linux","Test":"TestHostPrefixRejectsIncompleteAndInterruptedDumps","Output":"--- PASS: TestHostPrefixRejectsIncompleteAndInterruptedDumps (0.00s)\n","OutputType":"frame"}
{"Time":"2026-09-13T23:39:49.158359926+03:00","Action":"pass","Package":"virmill.local/core/internal/platform/linux","Test":"TestHostPrefixRejectsIncompleteAndInterruptedDumps","Elapsed":0}
{"Time":"2026-09-13T23:39:49.158376066+03:00","Action":"run","Package":"virmill.local/core/internal/platform/linux","Test":"TestHostPrefixRejectsMalformedEnvelopes"}
{"Time":"2026-09-13T23:39:49.158378305+03:00","Action":"output","Package":"virmill.local/core/internal/platform/linux","Test":"TestHostPrefixRejectsMalformedEnvelopes","Output":"=== RUN   TestHostPrefixRejectsMalformedEnvelopes\n","OutputType":"frame"}
{"Time":"2026-09-13T23:39:49.158433226+03:00","Action":"run","Package":"virmill.local/core/internal/platform/linux","Test":"TestHostPrefixRejectsMalformedEnvelopes/short-header"}
{"Time":"2026-09-13T23:39:49.158436731+03:00","Action":"output","Package":"virmill.local/core/internal/platform/linux","Test":"TestHostPrefixRejectsMalformedEnvelopes/short-header","Output":"=== RUN   TestHostPrefixRejectsMalformedEnvelopes/short-header\n","OutputType":"frame"}
{"Time":"2026-09-13T23:39:49.15847165+03:00","Action":"output","Package":"virmill.local/core/internal/platform/linux","Test":"TestHostPrefixRejectsMalformedEnvelopes/short-header","Output":"--- PASS: TestHostPrefixRejectsMalformedEnvelopes/short-header (0.00s)\n","OutputType":"frame"}
{"Time":"2026-09-13T23:39:49.158481308+03:00","Action":"pass","Package":"virmill.local/core/internal/platform/linux","Test":"TestHostPrefixRejectsMalformedEnvelopes/short-header","Elapsed":0}
{"Time":"2026-09-13T23:39:49.158494563+03:00","Action":"run","Package":"virmill.local/core/internal/platform/linux","Test":"TestHostPrefixRejectsMalformedEnvelopes/zero-length"}
{"Time":"2026-09-13T23:39:49.158496445+03:00","Action":"output","Package":"virmill.local/core/internal/platform/linux","Test":"TestHostPrefixRejectsMalformedEnvelopes/zero-length","Output":"=== RUN   TestHostPrefixRejectsMalformedEnvelopes/zero-length\n","OutputType":"frame"}
{"Time":"2026-09-13T23:39:49.15852122+03:00","Action":"output","Package":"virmill.local/core/internal/platform/linux","Test":"TestHostPrefixRejectsMalformedEnvelopes/zero-length","Output":"--- PASS: TestHostPrefixRejectsMalformedEnvelopes/zero-length (0.00s)\n","OutputType":"frame"}
{"Time":"2026-09-13T23:39:49.158529917+03:00","Action":"pass","Package":"virmill.local/core/internal/platform/linux","Test":"TestHostPrefixRejectsMalformedEnvelopes/zero-length","Elapsed":0}
{"Time":"2026-09-13T23:39:49.158541136+03:00","Action":"run","Package":"virmill.local/core/internal/platform/linux","Test":"TestHostPrefixRejectsMalformedEnvelopes/undersized-length"}
{"Time":"2026-09-13T23:39:49.15854297+03:00","Action":"output","Package":"virmill.local/core/internal/platform/linux","Test":"TestHostPrefixRejectsMalformedEnvelopes/undersized-length","Output":"=== RUN   TestHostPrefixRejectsMalformedEnvelopes/undersized-length\n","OutputType":"frame"}
{"Time":"2026-09-13T23:39:49.158570487+03:00","Action":"output","Package":"virmill.local/core/internal/platform/linux","Test":"TestHostPrefixRejectsMalformedEnvelopes/undersized-length","Output":"--- PASS: TestHostPrefixRejectsMalformedEnvelopes/undersized-length (0.00s)\n","OutputType":"frame"}
{"Time":"2026-09-13T23:39:49.158576554+03:00","Action":"pass","Package":"virmill.local/core/internal/platform/linux","Test":"TestHostPrefixRejectsMalformedEnvelopes/undersized-length","Elapsed":0}
{"Time":"2026-09-13T23:39:49.158588769+03:00","Action":"run","Package":"virmill.local/core/internal/platform/linux","Test":"TestHostPrefixRejectsMalformedEnvelopes/oversized-length"}
{"Time":"2026-09-13T23:39:49.158592314+03:00","Action":"output","Package":"virmill.local/core/internal/platform/linux","Test":"TestHostPrefixRejectsMalformedEnvelopes/oversized-length","Output":"=== RUN   TestHostPrefixRejectsMalformedEnvelopes/oversized-length\n","OutputType":"frame"}
{"Time":"2026-09-13T23:39:49.158616493+03:00","Action":"output","Package":"virmill.local/core/internal/platform/linux","Test":"TestHostPrefixRejectsMalformedEnvelopes/oversized-length","Output":"--- PASS: TestHostPrefixRejectsMalformedEnvelopes/oversized-length (0.00s)\n","OutputType":"frame"}
{"Time":"2026-09-13T23:39:49.158622189+03:00","Action":"pass","Package":"virmill.local/core/internal/platform/linux","Test":"TestHostPrefixRejectsMalformedEnvelopes/oversized-length","Elapsed":0}
{"Time":"2026-09-13T23:39:49.158628795+03:00","Action":"run","Package":"virmill.local/core/internal/platform/linux","Test":"TestHostPrefixRejectsMalformedEnvelopes/wrong-sequence"}
{"Time":"2026-09-13T23:39:49.158632164+03:00","Action":"output","Package":"virmill.local/core/internal/platform/linux","Test":"TestHostPrefixRejectsMalformedEnvelopes/wrong-sequence","Output":"=== RUN   TestHostPrefixRejectsMalformedEnvelopes/wrong-sequence\n","OutputType":"frame"}
{"Time":"2026-09-13T23:39:49.158654186+03:00","Action":"output","Package":"virmill.local/core/internal/platform/linux","Test":"TestHostPrefixRejectsMalformedEnvelopes/wrong-sequence","Output":"--- PASS: TestHostPrefixRejectsMalformedEnvelopes/wrong-sequence (0.00s)\n","OutputType":"frame"}
{"Time":"2026-09-13T23:39:49.158662009+03:00","Action":"pass","Package":"virmill.local/core/internal/platform/linux","Test":"TestHostPrefixRejectsMalformedEnvelopes/wrong-sequence","Elapsed":0}
{"Time":"2026-09-13T23:39:49.158673453+03:00","Action":"run","Package":"virmill.local/core/internal/platform/linux","Test":"TestHostPrefixRejectsMalformedEnvelopes/wrong-port"}
{"Time":"2026-09-13T23:39:49.158675434+03:00","Action":"output","Package":"virmill.local/core/internal/platform/linux","Test":"TestHostPrefixRejectsMalformedEnvelopes/wrong-port","Output":"=== RUN   TestHostPrefixRejectsMalformedEnvelopes/wrong-port\n","OutputType":"frame"}
{"Time":"2026-09-13T23:39:49.158700107+03:00","Action":"output","Package":"virmill.local/core/internal/platform/linux","Test":"TestHostPrefixRejectsMalformedEnvelopes/wrong-port","Output":"--- PASS: TestHostPrefixRejectsMalformedEnvelopes/wrong-port (0.00s)\n","OutputType":"frame"}
{"Time":"2026-09-13T23:39:49.15870837+03:00","Action":"pass","Package":"virmill.local/core/internal/platform/linux","Test":"TestHostPrefixRejectsMalformedEnvelopes/wrong-port","Elapsed":0}
{"Time":"2026-09-13T23:39:49.158717649+03:00","Action":"run","Package":"virmill.local/core/internal/platform/linux","Test":"TestHostPrefixRejectsMalformedEnvelopes/done-without-status"}
{"Time":"2026-09-13T23:39:49.158719337+03:00","Action":"output","Package":"virmill.local/core/internal/platform/linux","Test":"TestHostPrefixRejectsMalformedEnvelopes/done-without-status","Output":"=== RUN   TestHostPrefixRejectsMalformedEnvelopes/done-without-status\n","OutputType":"frame"}
{"Time":"2026-09-13T23:39:49.158741731+03:00","Action":"output","Package":"virmill.local/core/internal/platform/linux","Test":"TestHostPrefixRejectsMalformedEnvelopes/done-without-status","Output":"--- PASS: TestHostPrefixRejectsMalformedEnvelopes/done-without-status (0.00s)\n","OutputType":"frame"}
{"Time":"2026-09-13T23:39:49.158750021+03:00","Action":"pass","Package":"virmill.local/core/internal/platform/linux","Test":"TestHostPrefixRejectsMalformedEnvelopes/done-without-status","Elapsed":0}
{"Time":"2026-09-13T23:39:49.158763559+03:00","Action":"run","Package":"virmill.local/core/internal/platform/linux","Test":"TestHostPrefixRejectsMalformedEnvelopes/done-short-status"}
{"Time":"2026-09-13T23:39:49.158765243+03:00","Action":"output","Package":"virmill.local/core/internal/platform/linux","Test":"TestHostPrefixRejectsMalformedEnvelopes/done-short-status","Output":"=== RUN   TestHostPrefixRejectsMalformedEnvelopes/done-short-status\n","OutputType":"frame"}
{"Time":"2026-09-13T23:39:49.158787906+03:00","Action":"output","Package":"virmill.local/core/internal/platform/linux","Test":"TestHostPrefixRejectsMalformedEnvelopes/done-short-status","Output":"--- PASS: TestHostPrefixRejectsMalformedEnvelopes/done-short-status (0.00s)\n","OutputType":"frame"}
{"Time":"2026-09-13T23:39:49.158790773+03:00","Action":"pass","Package":"virmill.local/core/internal/platform/linux","Test":"TestHostPrefixRejectsMalformedEnvelopes/done-short-status","Elapsed":0}
{"Time":"2026-09-13T23:39:49.158800067+03:00","Action":"run","Package":"virmill.local/core/internal/platform/linux","Test":"TestHostPrefixRejectsMalformedEnvelopes/done-without-multi"}
{"Time":"2026-09-13T23:39:49.158801811+03:00","Action":"output","Package":"virmill.local/core/internal/platform/linux","Test":"TestHostPrefixRejectsMalformedEnvelopes/done-without-multi","Output":"=== RUN   TestHostPrefixRejectsMalformedEnvelopes/done-without-multi\n","OutputType":"frame"}
{"Time":"2026-09-13T23:39:49.158823614+03:00","Action":"output","Package":"virmill.local/core/internal/platform/linux","Test":"TestHostPrefixRejectsMalformedEnvelopes/done-without-multi","Output":"--- PASS: TestHostPrefixRejectsMalformedEnvelopes/done-without-multi (0.00s)\n","OutputType":"frame"}
{"Time":"2026-09-13T23:39:49.158831172+03:00","Action":"pass","Package":"virmill.local/core/internal/platform/linux","Test":"TestHostPrefixRejectsMalformedEnvelopes/done-without-multi","Elapsed":0}
{"Time":"2026-09-13T23:39:49.158839423+03:00","Action":"run","Package":"virmill.local/core/internal/platform/linux","Test":"TestHostPrefixRejectsMalformedEnvelopes/done-unknown-payload"}
{"Time":"2026-09-13T23:39:49.158841149+03:00","Action":"output","Package":"virmill.local/core/internal/platform/linux","Test":"TestHostPrefixRejectsMalformedEnvelopes/done-unknown-payload","Output":"=== RUN   TestHostPrefixRejectsMalformedEnvelopes/done-unknown-payload\n","OutputType":"frame"}
{"Time":"2026-09-13T23:39:49.158862488+03:00","Action":"output","Package":"virmill.local/core/internal/platform/linux","Test":"TestHostPrefixRejectsMalformedEnvelopes/done-unknown-payload","Output":"--- PASS: TestHostPrefixRejectsMalformedEnvelopes/done-unknown-payload (0.00s)\n","OutputType":"frame"}
{"Time":"2026-09-13T23:39:49.158868967+03:00","Action":"pass","Package":"virmill.local/core/internal/platform/linux","Test":"TestHostPrefixRejectsMalformedEnvelopes/done-unknown-payload","Elapsed":0}
{"Time":"2026-09-13T23:39:49.158878772+03:00","Action":"run","Package":"virmill.local/core/internal/platform/linux","Test":"TestHostPrefixRejectsMalformedEnvelopes/malformed-extended-ack"}
{"Time":"2026-09-13T23:39:49.15888046+03:00","Action":"output","Package":"virmill.local/core/internal/platform/linux","Test":"TestHostPrefixRejectsMalformedEnvelopes/malformed-extended-ack","Output":"=== RUN   TestHostPrefixRejectsMalformedEnvelopes/malformed-extended-ack\n","OutputType":"frame"}
{"Time":"2026-09-13T23:39:49.158904726+03:00","Action":"output","Package":"virmill.local/core/internal/platform/linux","Test":"TestHostPrefixRejectsMalformedEnvelopes/malformed-extended-ack","Output":"--- PASS: TestHostPrefixRejectsMalformedEnvelopes/malformed-extended-ack (0.00s)\n","OutputType":"frame"}
{"Time":"2026-09-13T23:39:49.158912438+03:00","Action":"pass","Package":"virmill.local/core/internal/platform/linux","Test":"TestHostPrefixRejectsMalformedEnvelopes/malformed-extended-ack","Elapsed":0}
{"Time":"2026-09-13T23:39:49.158920101+03:00","Action":"run","Package":"virmill.local/core/internal/platform/linux","Test":"TestHostPrefixRejectsMalformedEnvelopes/short-error"}
{"Time":"2026-09-13T23:39:49.158921723+03:00","Action":"output","Package":"virmill.local/core/internal/platform/linux","Test":"TestHostPrefixRejectsMalformedEnvelopes/short-error","Output":"=== RUN   TestHostPrefixRejectsMalformedEnvelopes/short-error\n","OutputType":"frame"}
{"Time":"2026-09-13T23:39:49.158950587+03:00","Action":"output","Package":"virmill.local/core/internal/platform/linux","Test":"TestHostPrefixRejectsMalformedEnvelopes/short-error","Output":"--- PASS: TestHostPrefixRejectsMalformedEnvelopes/short-error (0.00s)\n","OutputType":"frame"}
{"Time":"2026-09-13T23:39:49.158959121+03:00","Action":"pass","Package":"virmill.local/core/internal/platform/linux","Test":"TestHostPrefixRejectsMalformedEnvelopes/short-error","Elapsed":0}
{"Time":"2026-09-13T23:39:49.158974242+03:00","Action":"run","Package":"virmill.local/core/internal/platform/linux","Test":"TestHostPrefixRejectsMalformedEnvelopes/noop"}
{"Time":"2026-09-13T23:39:49.158975948+03:00","Action":"output","Package":"virmill.local/core/internal/platform/linux","Test":"TestHostPrefixRejectsMalformedEnvelopes/noop","Output":"=== RUN   TestHostPrefixRejectsMalformedEnvelopes/noop\n","OutputType":"frame"}
{"Time":"2026-09-13T23:39:49.158998453+03:00","Action":"output","Package":"virmill.local/core/internal/platform/linux","Test":"TestHostPrefixRejectsMalformedEnvelopes/noop","Output":"--- PASS: TestHostPrefixRejectsMalformedEnvelopes/noop (0.00s)\n","OutputType":"frame"}
{"Time":"2026-09-13T23:39:49.159006252+03:00","Action":"pass","Package":"virmill.local/core/internal/platform/linux","Test":"TestHostPrefixRejectsMalformedEnvelopes/noop","Elapsed":0}
{"Time":"2026-09-13T23:39:49.159015704+03:00","Action":"run","Package":"virmill.local/core/internal/platform/linux","Test":"TestHostPrefixRejectsMalformedEnvelopes/wrong-message-family"}
{"Time":"2026-09-13T23:39:49.159017573+03:00","Action":"output","Package":"virmill.local/core/internal/platform/linux","Test":"TestHostPrefixRejectsMalformedEnvelopes/wrong-message-family","Output":"=== RUN   TestHostPrefixRejectsMalformedEnvelopes/wrong-message-family\n","OutputType":"frame"}
{"Time":"2026-09-13T23:39:49.15903914+03:00","Action":"output","Package":"virmill.local/core/internal/platform/linux","Test":"TestHostPrefixRejectsMalformedEnvelopes/wrong-message-family","Output":"--- PASS: TestHostPrefixRejectsMalformedEnvelopes/wrong-message-family (0.00s)\n","OutputType":"frame"}
{"Time":"2026-09-13T23:39:49.159043513+03:00","Action":"pass","Package":"virmill.local/core/internal/platform/linux","Test":"TestHostPrefixRejectsMalformedEnvelopes/wrong-message-family","Elapsed":0}
{"Time":"2026-09-13T23:39:49.159051754+03:00","Action":"run","Package":"virmill.local/core/internal/platform/linux","Test":"TestHostPrefixRejectsMalformedEnvelopes/data-after-done"}
{"Time":"2026-09-13T23:39:49.159053689+03:00","Action":"output","Package":"virmill.local/core/internal/platform/linux","Test":"TestHostPrefixRejectsMalformedEnvelopes/data-after-done","Output":"=== RUN   TestHostPrefixRejectsMalformedEnvelopes/data-after-done\n","OutputType":"frame"}
{"Time":"2026-09-13T23:39:49.15908816+03:00","Action":"output","Package":"virmill.local/core/internal/platform/linux","Test":"TestHostPrefixRejectsMalformedEnvelopes/data-after-done","Output":"--- PASS: TestHostPrefixRejectsMalformedEnvelopes/data-after-done (0.00s)\n","OutputType":"frame"}
{"Time":"2026-09-13T23:39:49.159101977+03:00","Action":"pass","Package":"virmill.local/core/internal/platform/linux","Test":"TestHostPrefixRejectsMalformedEnvelopes/data-after-done","Elapsed":0}
{"Time":"2026-09-13T23:39:49.159107744+03:00","Action":"run","Package":"virmill.local/core/internal/platform/linux","Test":"TestHostPrefixRejectsMalformedEnvelopes/extra-trailing-byte"}
{"Time":"2026-09-13T23:39:49.159110569+03:00","Action":"output","Package":"virmill.local/core/internal/platform/linux","Test":"TestHostPrefixRejectsMalformedEnvelopes/extra-trailing-byte","Output":"=== RUN   TestHostPrefixRejectsMalformedEnvelopes/extra-trailing-byte\n","OutputType":"frame"}
{"Time":"2026-09-13T23:39:49.159116272+03:00","Action":"output","Package":"virmill.local/core/internal/platform/linux","Test":"TestHostPrefixRejectsMalformedEnvelopes/extra-trailing-byte","Output":"--- PASS: TestHostPrefixRejectsMalformedEnvelopes/extra-trailing-byte (0.00s)\n","OutputType":"frame"}
{"Time":"2026-09-13T23:39:49.159120732+03:00","Action":"pass","Package":"virmill.local/core/internal/platform/linux","Test":"TestHostPrefixRejectsMalformedEnvelopes/extra-trailing-byte","Elapsed":0}
{"Time":"2026-09-13T23:39:49.159128126+03:00","Action":"run","Package":"virmill.local/core/internal/platform/linux","Test":"TestHostPrefixRejectsMalformedEnvelopes/missing-alignment"}
{"Time":"2026-09-13T23:39:49.159131828+03:00","Action":"output","Package":"virmill.local/core/internal/platform/linux","Test":"TestHostPrefixRejectsMalformedEnvelopes/missing-alignment","Output":"=== RUN   TestHostPrefixRejectsMalformedEnvelopes/missing-alignment\n","OutputType":"frame"}
{"Time":"2026-09-13T23:39:49.159154994+03:00","Action":"output","Package":"virmill.local/core/internal/platform/linux","Test":"TestHostPrefixRejectsMalformedEnvelopes/missing-alignment","Output":"--- PASS: TestHostPrefixRejectsMalformedEnvelopes/missing-alignment (0.00s)\n","OutputType":"frame"}
{"Time":"2026-09-13T23:39:49.159160534+03:00","Action":"pass","Package":"virmill.local/core/internal/platform/linux","Test":"TestHostPrefixRejectsMalformedEnvelopes/missing-alignment","Elapsed":0}
{"Time":"2026-09-13T23:39:49.159176029+03:00","Action":"run","Package":"virmill.local/core/internal/platform/linux","Test":"TestHostPrefixRejectsMalformedEnvelopes/without-multipart"}
{"Time":"2026-09-13T23:39:49.159179951+03:00","Action":"output","Package":"virmill.local/core/internal/platform/linux","Test":"TestHostPrefixRejectsMalformedEnvelopes/without-multipart","Output":"=== RUN   TestHostPrefixRejectsMalformedEnvelopes/without-multipart\n","OutputType":"frame"}
{"Time":"2026-09-13T23:39:49.159209924+03:00","Action":"output","Package":"virmill.local/core/internal/platform/linux","Test":"TestHostPrefixRejectsMalformedEnvelopes/without-multipart","Output":"--- PASS: TestHostPrefixRejectsMalformedEnvelopes/without-multipart (0.00s)\n","OutputType":"frame"}
{"Time":"2026-09-13T23:39:49.159215498+03:00","Action":"pass","Package":"virmill.local/core/internal/platform/linux","Test":"TestHostPrefixRejectsMalformedEnvelopes/without-multipart","Elapsed":0}
{"Time":"2026-09-13T23:39:49.159237981+03:00","Action":"output","Package":"virmill.local/core/internal/platform/linux","Test":"TestHostPrefixRejectsMalformedEnvelopes","Output":"--- PASS: TestHostPrefixRejectsMalformedEnvelopes (0.00s)\n","OutputType":"frame"}
{"Time":"2026-09-13T23:39:49.159243254+03:00","Action":"pass","Package":"virmill.local/core/internal/platform/linux","Test":"TestHostPrefixRejectsMalformedEnvelopes","Elapsed":0}
{"Time":"2026-09-13T23:39:49.159258126+03:00","Action":"run","Package":"virmill.local/core/internal/platform/linux","Test":"TestHostPrefixRejectsMalformedRouteAndAddressAttributes"}
{"Time":"2026-09-13T23:39:49.15926144+03:00","Action":"output","Package":"virmill.local/core/internal/platform/linux","Test":"TestHostPrefixRejectsMalformedRouteAndAddressAttributes","Output":"=== RUN   TestHostPrefixRejectsMalformedRouteAndAddressAttributes\n","OutputType":"frame"}
{"Time":"2026-09-13T23:39:49.159305063+03:00","Action":"run","Package":"virmill.local/core/internal/platform/linux","Test":"TestHostPrefixRejectsMalformedRouteAndAddressAttributes/short-route"}
{"Time":"2026-09-13T23:39:49.159308784+03:00","Action":"output","Package":"virmill.local/core/internal/platform/linux","Test":"TestHostPrefixRejectsMalformedRouteAndAddressAttributes/short-route","Output":"=== RUN   TestHostPrefixRejectsMalformedRouteAndAddressAttributes/short-route\n","OutputType":"frame"}
{"Time":"2026-09-13T23:39:49.159341077+03:00","Action":"output","Package":"virmill.local/core/internal/platform/linux","Test":"TestHostPrefixRejectsMalformedRouteAndAddressAttributes/short-route","Output":"--- PASS: TestHostPrefixRejectsMalformedRouteAndAddressAttributes/short-route (0.00s)\n","OutputType":"frame"}
{"Time":"2026-09-13T23:39:49.15934999+03:00","Action":"pass","Package":"virmill.local/core/internal/platform/linux","Test":"TestHostPrefixRejectsMalformedRouteAndAddressAttributes/short-route","Elapsed":0}
{"Time":"2026-09-13T23:39:49.159364539+03:00","Action":"run","Package":"virmill.local/core/internal/platform/linux","Test":"TestHostPrefixRejectsMalformedRouteAndAddressAttributes/wrong-family"}
{"Time":"2026-09-13T23:39:49.159368382+03:00","Action":"output","Package":"virmill.local/core/internal/platform/linux","Test":"TestHostPrefixRejectsMalformedRouteAndAddressAttributes/wrong-family","Output":"=== RUN   TestHostPrefixRejectsMalformedRouteAndAddressAttributes/wrong-family\n","OutputType":"frame"}
{"Time":"2026-09-13T23:39:49.159396342+03:00","Action":"output","Package":"virmill.local/core/internal/platform/linux","Test":"TestHostPrefixRejectsMalformedRouteAndAddressAttributes/wrong-family","Output":"--- PASS: TestHostPrefixRejectsMalformedRouteAndAddressAttributes/wrong-family (0.00s)\n","OutputType":"frame"}
{"Time":"2026-09-13T23:39:49.159432566+03:00","Action":"pass","Package":"virmill.local/core/internal/platform/linux","Test":"TestHostPrefixRejectsMalformedRouteAndAddressAttributes/wrong-family","Elapsed":0}
{"Time":"2026-09-13T23:39:49.159477184+03:00","Action":"run","Package":"virmill.local/core/internal/platform/linux","Test":"TestHostPrefixRejectsMalformedRouteAndAddressAttributes/long-prefix"}
{"Time":"2026-09-13T23:39:49.159481449+03:00","Action":"output","Package":"virmill.local/core/internal/platform/linux","Test":"TestHostPrefixRejectsMalformedRouteAndAddressAttributes/long-prefix","Output":"=== RUN   TestHostPrefixRejectsMalformedRouteAndAddressAttributes/long-prefix\n","OutputType":"frame"}
{"Time":"2026-09-13T23:39:49.159591598+03:00","Action":"output","Package":"virmill.local/core/internal/platform/linux","Test":"TestHostPrefixRejectsMalformedRouteAndAddressAttributes/long-prefix","Output":"--- PASS: TestHostPrefixRejectsMalformedRouteAndAddressAttributes/long-prefix (0.00s)\n","OutputType":"frame"}
{"Time":"2026-09-13T23:39:49.159610436+03:00","Action":"pass","Package":"virmill.local/core/internal/platform/linux","Test":"TestHostPrefixRejectsMalformedRouteAndAddressAttributes/long-prefix","Elapsed":0}
{"Time":"2026-09-13T23:39:49.159625701+03:00","Action":"run","Package":"virmill.local/core/internal/platform/linux","Test":"TestHostPrefixRejectsMalformedRouteAndAddressAttributes/long-source-prefix"}
{"Time":"2026-09-13T23:39:49.159628937+03:00","Action":"output","Package":"virmill.local/core/internal/platform/linux","Test":"TestHostPrefixRejectsMalformedRouteAndAddressAttributes/long-source-prefix","Output":"=== RUN   TestHostPrefixRejectsMalformedRouteAndAddressAttributes/long-source-prefix\n","OutputType":"frame"}
{"Time":"2026-09-13T23:39:49.159675036+03:00","Action":"output","Package":"virmill.local/core/internal/platform/linux","Test":"TestHostPrefixRejectsMalformedRouteAndAddressAttributes/long-source-prefix","Output":"--- PASS: TestHostPrefixRejectsMalformedRouteAndAddressAttributes/long-source-prefix (0.00s)\n","OutputType":"frame"}
{"Time":"2026-09-13T23:39:49.159686396+03:00","Action":"pass","Package":"virmill.local/core/internal/platform/linux","Test":"TestHostPrefixRejectsMalformedRouteAndAddressAttributes/long-source-prefix","Elapsed":0}
{"Time":"2026-09-13T23:39:49.159704975+03:00","Action":"run","Package":"virmill.local/core/internal/platform/linux","Test":"TestHostPrefixRejectsMalformedRouteAndAddressAttributes/missing-destination"}
{"Time":"2026-09-13T23:39:49.159708141+03:00","Action":"output","Package":"virmill.local/core/internal/platform/linux","Test":"TestHostPrefixRejectsMalformedRouteAndAddressAttributes/missing-destination","Output":"=== RUN   TestHostPrefixRejectsMalformedRouteAndAddressAttributes/missing-destination\n","OutputType":"frame"}
{"Time":"2026-09-13T23:39:49.159747287+03:00","Action":"output","Package":"virmill.local/core/internal/platform/linux","Test":"TestHostPrefixRejectsMalformedRouteAndAddressAttributes/missing-destination","Output":"--- PASS: TestHostPrefixRejectsMalformedRouteAndAddressAttributes/missing-destination (0.00s)\n","OutputType":"frame"}
{"Time":"2026-09-13T23:39:49.159760147+03:00","Action":"pass","Package":"virmill.local/core/internal/platform/linux","Test":"TestHostPrefixRejectsMalformedRouteAndAddressAttributes/missing-destination","Elapsed":0}
{"Time":"2026-09-13T23:39:49.159778012+03:00","Action":"run","Package":"virmill.local/core/internal/platform/linux","Test":"TestHostPrefixRejectsMalformedRouteAndAddressAttributes/missing-source"}
{"Time":"2026-09-13T23:39:49.15978124+03:00","Action":"output","Package":"virmill.local/core/internal/platform/linux","Test":"TestHostPrefixRejectsMalformedRouteAndAddressAttributes/missing-source","Output":"=== RUN   TestHostPrefixRejectsMalformedRouteAndAddressAttributes/missing-source\n","OutputType":"frame"}
{"Time":"2026-09-13T23:39:49.159829671+03:00","Action":"output","Package":"virmill.local/core/internal/platform/linux","Test":"TestHostPrefixRejectsMalformedRouteAndAddressAttributes/missing-source","Output":"--- PASS: TestHostPrefixRejectsMalformedRouteAndAddressAttributes/missing-source (0.00s)\n","OutputType":"frame"}
{"Time":"2026-09-13T23:39:49.159843321+03:00","Action":"pass","Package":"virmill.local/core/internal/platform/linux","Test":"TestHostPrefixRejectsMalformedRouteAndAddressAttributes/missing-source","Elapsed":0}
{"Time":"2026-09-13T23:39:49.15985867+03:00","Action":"run","Package":"virmill.local/core/internal/platform/linux","Test":"TestHostPrefixRejectsMalformedRouteAndAddressAttributes/destination-wrong-width"}
{"Time":"2026-09-13T23:39:49.159866181+03:00","Action":"output","Package":"virmill.local/core/internal/platform/linux","Test":"TestHostPrefixRejectsMalformedRouteAndAddressAttributes/destination-wrong-width","Output":"=== RUN   TestHostPrefixRejectsMalformedRouteAndAddressAttributes/destination-wrong-width\n","OutputType":"frame"}
{"Time":"2026-09-13T23:39:49.15991162+03:00","Action":"output","Package":"virmill.local/core/internal/platform/linux","Test":"TestHostPrefixRejectsMalformedRouteAndAddressAttributes/destination-wrong-width","Output":"--- PASS: TestHostPrefixRejectsMalformedRouteAndAddressAttributes/destination-wrong-width (0.00s)\n","OutputType":"frame"}
{"Time":"2026-09-13T23:39:49.15992844+03:00","Action":"pass","Package":"virmill.local/core/internal/platform/linux","Test":"TestHostPrefixRejectsMalformedRouteAndAddressAttributes/destination-wrong-width","Elapsed":0}
{"Time":"2026-09-13T23:39:49.15995057+03:00","Action":"run","Package":"virmill.local/core/internal/platform/linux","Test":"TestHostPrefixRejectsMalformedRouteAndAddressAttributes/table-wrong-width"}
{"Time":"2026-09-13T23:39:49.159953797+03:00","Action":"output","Package":"virmill.local/core/internal/platform/linux","Test":"TestHostPrefixRejectsMalformedRouteAndAddressAttributes/table-wrong-width","Output":"=== RUN   TestHostPrefixRejectsMalformedRouteAndAddressAttributes/table-wrong-width\n","OutputType":"frame"}
{"Time":"2026-09-13T23:39:49.159995202+03:00","Action":"output","Package":"virmill.local/core/internal/platform/linux","Test":"TestHostPrefixRejectsMalformedRouteAndAddressAttributes/table-wrong-width","Output":"--- PASS: TestHostPrefixRejectsMalformedRouteAndAddressAttributes/table-wrong-width (0.00s)\n","OutputType":"frame"}
{"Time":"2026-09-13T23:39:49.160007778+03:00","Action":"pass","Package":"virmill.local/core/internal/platform/linux","Test":"TestHostPrefixRejectsMalformedRouteAndAddressAttributes/table-wrong-width","Elapsed":0}
{"Time":"2026-09-13T23:39:49.160024072+03:00","Action":"run","Package":"virmill.local/core/internal/platform/linux","Test":"TestHostPrefixRejectsMalformedRouteAndAddressAttributes/table-conflict"}
{"Time":"2026-09-13T23:39:49.160027164+03:00","Action":"output","Package":"virmill.local/core/internal/platform/linux","Test":"TestHostPrefixRejectsMalformedRouteAndAddressAttributes/table-conflict","Output":"=== RUN   TestHostPrefixRejectsMalformedRouteAndAddressAttributes/table-conflict\n","OutputType":"frame"}
{"Time":"2026-09-13T23:39:49.160069711+03:00","Action":"output","Package":"virmill.local/core/internal/platform/linux","Test":"TestHostPrefixRejectsMalformedRouteAndAddressAttributes/table-conflict","Output":"--- PASS: TestHostPrefixRejectsMalformedRouteAndAddressAttributes/table-conflict (0.00s)\n","OutputType":"frame"}
{"Time":"2026-09-13T23:39:49.160081989+03:00","Action":"pass","Package":"virmill.local/core/internal/platform/linux","Test":"TestHostPrefixRejectsMalformedRouteAndAddressAttributes/table-conflict","Elapsed":0}
{"Time":"2026-09-13T23:39:49.16010468+03:00","Action":"run","Package":"virmill.local/core/internal/platform/linux","Test":"TestHostPrefixRejectsMalformedRouteAndAddressAttributes/destination-conflict"}
{"Time":"2026-09-13T23:39:49.160107871+03:00","Action":"output","Package":"virmill.local/core/internal/platform/linux","Test":"TestHostPrefixRejectsMalformedRouteAndAddressAttributes/destination-conflict","Output":"=== RUN   TestHostPrefixRejectsMalformedRouteAndAddressAttributes/destination-conflict\n","OutputType":"frame"}
{"Time":"2026-09-13T23:39:49.160150035+03:00","Action":"output","Package":"virmill.local/core/internal/platform/linux","Test":"TestHostPrefixRejectsMalformedRouteAndAddressAttributes/destination-conflict","Output":"--- PASS: TestHostPrefixRejectsMalformedRouteAndAddressAttributes/destination-conflict (0.00s)\n","OutputType":"frame"}
{"Time":"2026-09-13T23:39:49.160165258+03:00","Action":"pass","Package":"virmill.local/core/internal/platform/linux","Test":"TestHostPrefixRejectsMalformedRouteAndAddressAttributes/destination-conflict","Elapsed":0}
{"Time":"2026-09-13T23:39:49.160178293+03:00","Action":"run","Package":"virmill.local/core/internal/platform/linux","Test":"TestHostPrefixRejectsMalformedRouteAndAddressAttributes/negative-interface"}
{"Time":"2026-09-13T23:39:49.160181458+03:00","Action":"output","Package":"virmill.local/core/internal/platform/linux","Test":"TestHostPrefixRejectsMalformedRouteAndAddressAttributes/negative-interface","Output":"=== RUN   TestHostPrefixRejectsMalformedRouteAndAddressAttributes/negative-interface\n","OutputType":"frame"}
{"Time":"2026-09-13T23:39:49.160227525+03:00","Action":"output","Package":"virmill.local/core/internal/platform/linux","Test":"TestHostPrefixRejectsMalformedRouteAndAddressAttributes/negative-interface","Output":"--- PASS: TestHostPrefixRejectsMalformedRouteAndAddressAttributes/negative-interface (0.00s)\n","OutputType":"frame"}
{"Time":"2026-09-13T23:39:49.160238576+03:00","Action":"pass","Package":"virmill.local/core/internal/platform/linux","Test":"TestHostPrefixRejectsMalformedRouteAndAddressAttributes/negative-interface","Elapsed":0}
{"Time":"2026-09-13T23:39:49.160256197+03:00","Action":"run","Package":"virmill.local/core/internal/platform/linux","Test":"TestHostPrefixRejectsMalformedRouteAndAddressAttributes/unknown-attribute-conflict"}
{"Time":"2026-09-13T23:39:49.160260253+03:00","Action":"output","Package":"virmill.local/core/internal/platform/linux","Test":"TestHostPrefixRejectsMalformedRouteAndAddressAttributes/unknown-attribute-conflict","Output":"=== RUN   TestHostPrefixRejectsMalformedRouteAndAddressAttributes/unknown-attribute-conflict\n","OutputType":"frame"}
{"Time":"2026-09-13T23:39:49.160304763+03:00","Action":"output","Package":"virmill.local/core/internal/platform/linux","Test":"TestHostPrefixRejectsMalformedRouteAndAddressAttributes/unknown-attribute-conflict","Output":"--- PASS: TestHostPrefixRejectsMalformedRouteAndAddressAttributes/unknown-attribute-conflict (0.00s)\n","OutputType":"frame"}
{"Time":"2026-09-13T23:39:49.160309908+03:00","Action":"pass","Package":"virmill.local/core/internal/platform/linux","Test":"TestHostPrefixRejectsMalformedRouteAndAddressAttributes/unknown-attribute-conflict","Elapsed":0}
{"Time":"2026-09-13T23:39:49.160329631+03:00","Action":"run","Package":"virmill.local/core/internal/platform/linux","Test":"TestHostPrefixRejectsMalformedRouteAndAddressAttributes/short-attribute"}
{"Time":"2026-09-13T23:39:49.160332824+03:00","Action":"output","Package":"virmill.local/core/internal/platform/linux","Test":"TestHostPrefixRejectsMalformedRouteAndAddressAttributes/short-attribute","Output":"=== RUN   TestHostPrefixRejectsMalformedRouteAndAddressAttributes/short-attribute\n","OutputType":"frame"}
{"Time":"2026-09-13T23:39:49.160369196+03:00","Action":"output","Package":"virmill.local/core/internal/platform/linux","Test":"TestHostPrefixRejectsMalformedRouteAndAddressAttributes/short-attribute","Output":"--- PASS: TestHostPrefixRejectsMalformedRouteAndAddressAttributes/short-attribute (0.00s)\n","OutputType":"frame"}
{"Time":"2026-09-13T23:39:49.160384536+03:00","Action":"pass","Package":"virmill.local/core/internal/platform/linux","Test":"TestHostPrefixRejectsMalformedRouteAndAddressAttributes/short-attribute","Elapsed":0}
{"Time":"2026-09-13T23:39:49.160399947+03:00","Action":"run","Package":"virmill.local/core/internal/platform/linux","Test":"TestHostPrefixRejectsMalformedRouteAndAddressAttributes/attribute-length-too-short"}
{"Time":"2026-09-13T23:39:49.160403362+03:00","Action":"output","Package":"virmill.local/core/internal/platform/linux","Test":"TestHostPrefixRejectsMalformedRouteAndAddressAttributes/attribute-length-too-short","Output":"=== RUN   TestHostPrefixRejectsMalformedRouteAndAddressAttributes/attribute-length-too-short\n","OutputType":"frame"}
{"Time":"2026-09-13T23:39:49.160441336+03:00","Action":"output","Package":"virmill.local/core/internal/platform/linux","Test":"TestHostPrefixRejectsMalformedRouteAndAddressAttributes/attribute-length-too-short","Output":"--- PASS: TestHostPrefixRejectsMalformedRouteAndAddressAttributes/attribute-length-too-short (0.00s)\n","OutputType":"frame"}
{"Time":"2026-09-13T23:39:49.16045442+03:00","Action":"pass","Package":"virmill.local/core/internal/platform/linux","Test":"TestHostPrefixRejectsMalformedRouteAndAddressAttributes/attribute-length-too-short","Elapsed":0}
{"Time":"2026-09-13T23:39:49.160470194+03:00","Action":"run","Package":"virmill.local/core/internal/platform/linux","Test":"TestHostPrefixRejectsMalformedRouteAndAddressAttributes/attribute-length-too-long"}
{"Time":"2026-09-13T23:39:49.160473508+03:00","Action":"output","Package":"virmill.local/core/internal/platform/linux","Test":"TestHostPrefixRejectsMalformedRouteAndAddressAttributes/attribute-length-too-long","Output":"=== RUN   TestHostPrefixRejectsMalformedRouteAndAddressAttributes/attribute-length-too-long\n","OutputType":"frame"}
{"Time":"2026-09-13T23:39:49.160509965+03:00","Action":"output","Package":"virmill.local/core/internal/platform/linux","Test":"TestHostPrefixRejectsMalformedRouteAndAddressAttributes/attribute-length-too-long","Output":"--- PASS: TestHostPrefixRejectsMalformedRouteAndAddressAttributes/attribute-length-too-long (0.00s)\n","OutputType":"frame"}
{"Time":"2026-09-13T23:39:49.160522245+03:00","Action":"pass","Package":"virmill.local/core/internal/platform/linux","Test":"TestHostPrefixRejectsMalformedRouteAndAddressAttributes/attribute-length-too-long","Elapsed":0}
{"Time":"2026-09-13T23:39:49.160542033+03:00","Action":"run","Package":"virmill.local/core/internal/platform/linux","Test":"TestHostPrefixRejectsMalformedRouteAndAddressAttributes/missing-attribute-alignment"}
{"Time":"2026-09-13T23:39:49.160545235+03:00","Action":"output","Package":"virmill.local/core/internal/platform/linux","Test":"TestHostPrefixRejectsMalformedRouteAndAddressAttributes/missing-attribute-alignment","Output":"=== RUN   TestHostPrefixRejectsMalformedRouteAndAddressAttributes/missing-attribute-alignment\n","OutputType":"frame"}
{"Time":"2026-09-13T23:39:49.160578998+03:00","Action":"output","Package":"virmill.local/core/internal/platform/linux","Test":"TestHostPrefixRejectsMalformedRouteAndAddressAttributes/missing-attribute-alignment","Output":"--- PASS: TestHostPrefixRejectsMalformedRouteAndAddressAttributes/missing-attribute-alignment (0.00s)\n","OutputType":"frame"}
{"Time":"2026-09-13T23:39:49.160590178+03:00","Action":"pass","Package":"virmill.local/core/internal/platform/linux","Test":"TestHostPrefixRejectsMalformedRouteAndAddressAttributes/missing-attribute-alignment","Elapsed":0}
{"Time":"2026-09-13T23:39:49.160611944+03:00","Action":"run","Package":"virmill.local/core/internal/platform/linux","Test":"TestHostPrefixRejectsMalformedRouteAndAddressAttributes/bad-metrics"}
{"Time":"2026-09-13T23:39:49.160615085+03:00","Action":"output","Package":"virmill.local/core/internal/platform/linux","Test":"TestHostPrefixRejectsMalformedRouteAndAddressAttributes/bad-metrics","Output":"=== RUN   TestHostPrefixRejectsMalformedRouteAndAddressAttributes/bad-metrics\n","OutputType":"frame"}
{"Time":"2026-09-13T23:39:49.160661323+03:00","Action":"output","Package":"virmill.local/core/internal/platform/linux","Test":"TestHostPrefixRejectsMalformedRouteAndAddressAttributes/bad-metrics","Output":"--- PASS: TestHostPrefixRejectsMalformedRouteAndAddressAttributes/bad-metrics (0.00s)\n","OutputType":"frame"}
{"Time":"2026-09-13T23:39:49.160674741+03:00","Action":"pass","Package":"virmill.local/core/internal/platform/linux","Test":"TestHostPrefixRejectsMalformedRouteAndAddressAttributes/bad-metrics","Elapsed":0}
{"Time":"2026-09-13T23:39:49.160688324+03:00","Action":"run","Package":"virmill.local/core/internal/platform/linux","Test":"TestHostPrefixRejectsMalformedRouteAndAddressAttributes/bad-nested-unknown"}
{"Time":"2026-09-13T23:39:49.160691564+03:00","Action":"output","Package":"virmill.local/core/internal/platform/linux","Test":"TestHostPrefixRejectsMalformedRouteAndAddressAttributes/bad-nested-unknown","Output":"=== RUN   TestHostPrefixRejectsMalformedRouteAndAddressAttributes/bad-nested-unknown\n","OutputType":"frame"}
{"Time":"2026-09-13T23:39:49.160737494+03:00","Action":"output","Package":"virmill.local/core/internal/platform/linux","Test":"TestHostPrefixRejectsMalformedRouteAndAddressAttributes/bad-nested-unknown","Output":"--- PASS: TestHostPrefixRejectsMalformedRouteAndAddressAttributes/bad-nested-unknown (0.00s)\n","OutputType":"frame"}
{"Time":"2026-09-13T23:39:49.160752727+03:00","Action":"pass","Package":"virmill.local/core/internal/platform/linux","Test":"TestHostPrefixRejectsMalformedRouteAndAddressAttributes/bad-nested-unknown","Elapsed":0}
{"Time":"2026-09-13T23:39:49.16077153+03:00","Action":"run","Package":"virmill.local/core/internal/platform/linux","Test":"TestHostPrefixRejectsMalformedRouteAndAddressAttributes/unexpected-ip-byte-order"}
{"Time":"2026-09-13T23:39:49.160774885+03:00","Action":"output","Package":"virmill.local/core/internal/platform/linux","Test":"TestHostPrefixRejectsMalformedRouteAndAddressAttributes/unexpected-ip-byte-order","Output":"=== RUN   TestHostPrefixRejectsMalformedRouteAndAddressAttributes/unexpected-ip-byte-order\n","OutputType":"frame"}
{"Time":"2026-09-13T23:39:49.160812789+03:00","Action":"output","Package":"virmill.local/core/internal/platform/linux","Test":"TestHostPrefixRejectsMalformedRouteAndAddressAttributes/unexpected-ip-byte-order","Output":"--- PASS: TestHostPrefixRejectsMalformedRouteAndAddressAttributes/unexpected-ip-byte-order (0.00s)\n","OutputType":"frame"}
{"Time":"2026-09-13T23:39:49.16082508+03:00","Action":"pass","Package":"virmill.local/core/internal/platform/linux","Test":"TestHostPrefixRejectsMalformedRouteAndAddressAttributes/unexpected-ip-byte-order","Elapsed":0}
{"Time":"2026-09-13T23:39:49.160840472+03:00","Action":"run","Package":"virmill.local/core/internal/platform/linux","Test":"TestHostPrefixRejectsMalformedRouteAndAddressAttributes/short-via"}
{"Time":"2026-09-13T23:39:49.160843604+03:00","Action":"output","Package":"virmill.local/core/internal/platform/linux","Test":"TestHostPrefixRejectsMalformedRouteAndAddressAttributes/short-via","Output":"=== RUN   TestHostPrefixRejectsMalformedRouteAndAddressAttributes/short-via\n","OutputType":"frame"}
{"Time":"2026-09-13T23:39:49.160881068+03:00","Action":"output","Package":"virmill.local/core/internal/platform/linux","Test":"TestHostPrefixRejectsMalformedRouteAndAddressAttributes/short-via","Output":"--- PASS: TestHostPrefixRejectsMalformedRouteAndAddressAttributes/short-via (0.00s)\n","OutputType":"frame"}
{"Time":"2026-09-13T23:39:49.160894505+03:00","Action":"pass","Package":"virmill.local/core/internal/platform/linux","Test":"TestHostPrefixRejectsMalformedRouteAndAddressAttributes/short-via","Elapsed":0}
{"Time":"2026-09-13T23:39:49.160954197+03:00","Action":"output","Package":"virmill.local/core/internal/platform/linux","Test":"TestHostPrefixRejectsMalformedRouteAndAddressAttributes","Output":"--- PASS: TestHostPrefixRejectsMalformedRouteAndAddressAttributes (0.00s)\n","OutputType":"frame"}
{"Time":"2026-09-13T23:39:49.160968088+03:00","Action":"pass","Package":"virmill.local/core/internal/platform/linux","Test":"TestHostPrefixRejectsMalformedRouteAndAddressAttributes","Elapsed":0}
{"Time":"2026-09-13T23:39:49.16099071+03:00","Action":"run","Package":"virmill.local/core/internal/platform/linux","Test":"TestHostPrefixRejectsMalformedMultipath"}
{"Time":"2026-09-13T23:39:49.160993927+03:00","Action":"output","Package":"virmill.local/core/internal/platform/linux","Test":"TestHostPrefixRejectsMalformedMultipath","Output":"=== RUN   TestHostPrefixRejectsMalformedMultipath\n","OutputType":"frame"}
{"Time":"2026-09-13T23:39:49.161059453+03:00","Action":"output","Package":"virmill.local/core/internal/platform/linux","Test":"TestHostPrefixRejectsMalformedMultipath","Output":"--- PASS: TestHostPrefixRejectsMalformedMultipath (0.00s)\n","OutputType":"frame"}
{"Time":"2026-09-13T23:39:49.16106831+03:00","Action":"pass","Package":"virmill.local/core/internal/platform/linux","Test":"TestHostPrefixRejectsMalformedMultipath","Elapsed":0}
{"Time":"2026-09-13T23:39:49.161089318+03:00","Action":"run","Package":"virmill.local/core/internal/platform/linux","Test":"TestHostPrefixResourceBoundsAndCancellation"}
{"Time":"2026-09-13T23:39:49.161092433+03:00","Action":"output","Package":"virmill.local/core/internal/platform/linux","Test":"TestHostPrefixResourceBoundsAndCancellation","Output":"=== RUN   TestHostPrefixResourceBoundsAndCancellation\n","OutputType":"frame"}
{"Time":"2026-09-13T23:39:49.173220744+03:00","Action":"output","Package":"virmill.local/core/internal/platform/linux","Test":"TestHostPrefixResourceBoundsAndCancellation","Output":"--- PASS: TestHostPrefixResourceBoundsAndCancellation (0.01s)\n","OutputType":"frame"}
{"Time":"2026-09-13T23:39:49.17325118+03:00","Action":"pass","Package":"virmill.local/core/internal/platform/linux","Test":"TestHostPrefixResourceBoundsAndCancellation","Elapsed":0.01}
{"Time":"2026-09-13T23:39:49.173257952+03:00","Action":"run","Package":"virmill.local/core/internal/platform/linux","Test":"TestHostPrefixIdleReceiveHonorsDeadline"}
{"Time":"2026-09-13T23:39:49.173260844+03:00","Action":"output","Package":"virmill.local/core/internal/platform/linux","Test":"TestHostPrefixIdleReceiveHonorsDeadline","Output":"=== RUN   TestHostPrefixIdleReceiveHonorsDeadline\n","OutputType":"frame"}
{"Time":"2026-09-13T23:39:49.17614135+03:00","Action":"run","Package":"virmill.local/core/internal/ui/cli","Test":"TestAuxiliaryCLIMachineOutputPreservesSharedReadOnlyObservation"}
{"Time":"2026-09-13T23:39:49.176179285+03:00","Action":"output","Package":"virmill.local/core/internal/ui/cli","Test":"TestAuxiliaryCLIMachineOutputPreservesSharedReadOnlyObservation","Output":"=== RUN   TestAuxiliaryCLIMachineOutputPreservesSharedReadOnlyObservation\n","OutputType":"frame"}
{"Time":"2026-09-13T23:39:49.176639336+03:00","Action":"run","Package":"virmill.local/core/internal/ui/cli","Test":"TestAuxiliaryCLIMachineOutputPreservesSharedReadOnlyObservation/json"}
{"Time":"2026-09-13T23:39:49.17664462+03:00","Action":"output","Package":"virmill.local/core/internal/ui/cli","Test":"TestAuxiliaryCLIMachineOutputPreservesSharedReadOnlyObservation/json","Output":"=== RUN   TestAuxiliaryCLIMachineOutputPreservesSharedReadOnlyObservation/json\n","OutputType":"frame"}
{"Time":"2026-09-13T23:39:49.223580099+03:00","Action":"output","Package":"virmill.local/core/internal/platform/linux","Test":"TestHostPrefixIdleReceiveHonorsDeadline","Output":"--- PASS: TestHostPrefixIdleReceiveHonorsDeadline (0.05s)\n","OutputType":"frame"}
{"Time":"2026-09-13T23:39:49.223638724+03:00","Action":"pass","Package":"virmill.local/core/internal/platform/linux","Test":"TestHostPrefixIdleReceiveHonorsDeadline","Elapsed":0.05}
{"Time":"2026-09-13T23:39:49.223693763+03:00","Action":"run","Package":"virmill.local/core/internal/platform/linux","Test":"TestHostPrefixCanonicalOrderRetainsProvenance"}
{"Time":"2026-09-13T23:39:49.223709443+03:00","Action":"output","Package":"virmill.local/core/internal/platform/linux","Test":"TestHostPrefixCanonicalOrderRetainsProvenance","Output":"=== RUN   TestHostPrefixCanonicalOrderRetainsProvenance\n","OutputType":"frame"}
{"Time":"2026-09-13T23:39:49.223844754+03:00","Action":"output","Package":"virmill.local/core/internal/platform/linux","Test":"TestHostPrefixCanonicalOrderRetainsProvenance","Output":"--- PASS: TestHostPrefixCanonicalOrderRetainsProvenance (0.00s)\n","OutputType":"frame"}
{"Time":"2026-09-13T23:39:49.223863852+03:00","Action":"pass","Package":"virmill.local/core/internal/platform/linux","Test":"TestHostPrefixCanonicalOrderRetainsProvenance","Elapsed":0}
{"Time":"2026-09-13T23:39:49.223883887+03:00","Action":"run","Package":"virmill.local/core/internal/platform/linux","Test":"TestHostPrefixReadOnlySmoke"}
{"Time":"2026-09-13T23:39:49.223886888+03:00","Action":"output","Package":"virmill.local/core/internal/platform/linux","Test":"TestHostPrefixReadOnlySmoke","Output":"=== RUN   TestHostPrefixReadOnlySmoke\n","OutputType":"frame"}
{"Time":"2026-09-13T23:39:49.224015485+03:00","Action":"output","Package":"virmill.local/core/internal/platform/linux","Test":"TestHostPrefixReadOnlySmoke","Output":"    network_prefixes_linux_test.go:392: set VIRMILL_HOST_PREFIX_SMOKE=1 for an ordinary-user read-only rtnetlink observation\n"}
{"Time":"2026-09-13T23:39:49.224037181+03:00","Action":"output","Package":"virmill.local/core/internal/platform/linux","Test":"TestHostPrefixReadOnlySmoke","Output":"--- SKIP: TestHostPrefixReadOnlySmoke (0.00s)\n","OutputType":"frame"}
{"Time":"2026-09-13T23:39:49.224052083+03:00","Action":"skip","Package":"virmill.local/core/internal/platform/linux","Test":"TestHostPrefixReadOnlySmoke","Elapsed":0}
{"Time":"2026-09-13T23:39:49.224066715+03:00","Action":"run","Package":"virmill.local/core/internal/platform/linux","Test":"TestSingleFileSandboxRefusesWriteHandles"}
{"Time":"2026-09-13T23:39:49.224069941+03:00","Action":"output","Package":"virmill.local/core/internal/platform/linux","Test":"TestSingleFileSandboxRefusesWriteHandles","Output":"=== RUN   TestSingleFileSandboxRefusesWriteHandles\n","OutputType":"frame"}
{"Time":"2026-09-13T23:39:49.224543932+03:00","Action":"output","Package":"virmill.local/core/internal/platform/linux","Test":"TestSingleFileSandboxRefusesWriteHandles","Output":"--- PASS: TestSingleFileSandboxRefusesWriteHandles (0.00s)\n","OutputType":"frame"}
{"Time":"2026-09-13T23:39:49.224557645+03:00","Action":"pass","Package":"virmill.local/core/internal/platform/linux","Test":"TestSingleFileSandboxRefusesWriteHandles","Elapsed":0}
{"Time":"2026-09-13T23:39:49.224569846+03:00","Action":"run","Package":"virmill.local/core/internal/platform/linux","Test":"TestSelectedSourceNamesAndHandlesAreBounded"}
{"Time":"2026-09-13T23:39:49.224572243+03:00","Action":"output","Package":"virmill.local/core/internal/platform/linux","Test":"TestSelectedSourceNamesAndHandlesAreBounded","Output":"=== RUN   TestSelectedSourceNamesAndHandlesAreBounded\n","OutputType":"frame"}
{"Time":"2026-09-13T23:39:49.224783176+03:00","Action":"output","Package":"virmill.local/core/internal/platform/linux","Test":"TestSelectedSourceNamesAndHandlesAreBounded","Output":"--- PASS: TestSelectedSourceNamesAndHandlesAreBounded (0.00s)\n","OutputType":"frame"}
{"Time":"2026-09-13T23:39:49.224793501+03:00","Action":"pass","Package":"virmill.local/core/internal/platform/linux","Test":"TestSelectedSourceNamesAndHandlesAreBounded","Elapsed":0}
{"Time":"2026-09-13T23:39:49.224810108+03:00","Action":"run","Package":"virmill.local/core/internal/platform/linux","Test":"TestRealSelectedFileSandboxExposesOnlyReadOnlyWhitelist"}
{"Time":"2026-09-13T23:39:49.224826645+03:00","Action":"output","Package":"virmill.local/core/internal/platform/linux","Test":"TestRealSelectedFileSandboxExposesOnlyReadOnlyWhitelist","Output":"=== RUN   TestRealSelectedFileSandboxExposesOnlyReadOnlyWhitelist\n","OutputType":"frame"}
{"Time":"2026-09-13T23:39:49.22484438+03:00","Action":"output","Package":"virmill.local/core/internal/platform/linux","Test":"TestRealSelectedFileSandboxExposesOnlyReadOnlyWhitelist","Output":"    sandbox_file_test.go:60: explicit generated-file namespace probe required\n"}
{"Time":"2026-09-13T23:39:49.224861017+03:00","Action":"output","Package":"virmill.local/core/internal/platform/linux","Test":"TestRealSelectedFileSandboxExposesOnlyReadOnlyWhitelist","Output":"--- SKIP: TestRealSelectedFileSandboxExposesOnlyReadOnlyWhitelist (0.00s)\n","OutputType":"frame"}
{"Time":"2026-09-13T23:39:49.224869347+03:00","Action":"skip","Package":"virmill.local/core/internal/platform/linux","Test":"TestRealSelectedFileSandboxExposesOnlyReadOnlyWhitelist","Elapsed":0}
{"Time":"2026-09-13T23:39:49.224880846+03:00","Action":"run","Package":"virmill.local/core/internal/platform/linux","Test":"TestRealSingleFileSandboxHidesSiblingsAndClosesDescriptor"}
{"Time":"2026-09-13T23:39:49.224883396+03:00","Action":"output","Package":"virmill.local/core/internal/platform/linux","Test":"TestRealSingleFileSandboxHidesSiblingsAndClosesDescriptor","Output":"=== RUN   TestRealSingleFileSandboxHidesSiblingsAndClosesDescriptor\n","OutputType":"frame"}
{"Time":"2026-09-13T23:39:49.224908584+03:00","Action":"output","Package":"virmill.local/core/internal/platform/linux","Test":"TestRealSingleFileSandboxHidesSiblingsAndClosesDescriptor","Output":"    sandbox_file_test.go:113: explicit generated-file namespace probe required\n"}
{"Time":"2026-09-13T23:39:49.224935344+03:00","Action":"output","Package":"virmill.local/core/internal/platform/linux","Test":"TestRealSingleFileSandboxHidesSiblingsAndClosesDescriptor","Output":"--- SKIP: TestRealSingleFileSandboxHidesSiblingsAndClosesDescriptor (0.00s)\n","OutputType":"frame"}
{"Time":"2026-09-13T23:39:49.224941655+03:00","Action":"skip","Package":"virmill.local/core/internal/platform/linux","Test":"TestRealSingleFileSandboxHidesSiblingsAndClosesDescriptor","Elapsed":0}
{"Time":"2026-09-13T23:39:49.224952327+03:00","Action":"run","Package":"virmill.local/core/internal/platform/linux","Test":"TestSandboxPolicyAndFailClosed"}
{"Time":"2026-09-13T23:39:49.224955038+03:00","Action":"output","Package":"virmill.local/core/internal/platform/linux","Test":"TestSandboxPolicyAndFailClosed","Output":"=== RUN   TestSandboxPolicyAndFailClosed\n","OutputType":"frame"}
{"Time":"2026-09-13T23:39:49.241499123+03:00","Action":"output","Package":"virmill.local/core/internal/platform/linux","Test":"TestSandboxPolicyAndFailClosed","Output":"    sandbox_test.go:51: real namespace probe prevented access to undeclared temporary host file and libvirt socket; network attack still requires full qualification\n"}
{"Time":"2026-09-13T23:39:49.241786016+03:00","Action":"output","Package":"virmill.local/core/internal/platform/linux","Test":"TestSandboxPolicyAndFailClosed","Output":"--- PASS: TestSandboxPolicyAndFailClosed (0.02s)\n","OutputType":"frame"}
{"Time":"2026-09-13T23:39:49.241808165+03:00","Action":"pass","Package":"virmill.local/core/internal/platform/linux","Test":"TestSandboxPolicyAndFailClosed","Elapsed":0.02}
{"Time":"2026-09-13T23:39:49.241862149+03:00","Action":"run","Package":"virmill.local/core/internal/platform/linux","Test":"FuzzHostPrefixDecoder"}
{"Time":"2026-09-13T23:39:49.241865228+03:00","Action":"output","Package":"virmill.local/core/internal/platform/linux","Test":"FuzzHostPrefixDecoder","Output":"=== RUN   FuzzHostPrefixDecoder\n","OutputType":"frame"}
{"Time":"2026-09-13T23:39:49.241989532+03:00","Action":"run","Package":"virmill.local/core/internal/platform/linux","Test":"FuzzHostPrefixDecoder/seed#0"}
{"Time":"2026-09-13T23:39:49.241995353+03:00","Action":"output","Package":"virmill.local/core/internal/platform/linux","Test":"FuzzHostPrefixDecoder/seed#0","Output":"=== RUN   FuzzHostPrefixDecoder/seed#0\n","OutputType":"frame"}
{"Time":"2026-09-13T23:39:49.242141679+03:00","Action":"output","Package":"virmill.local/core/internal/platform/linux","Test":"FuzzHostPrefixDecoder/seed#0","Output":"--- PASS: FuzzHostPrefixDecoder/seed#0 (0.00s)\n","OutputType":"frame"}
{"Time":"2026-09-13T23:39:49.242167372+03:00","Action":"pass","Package":"virmill.local/core/internal/platform/linux","Test":"FuzzHostPrefixDecoder/seed#0","Elapsed":0}
{"Time":"2026-09-13T23:39:49.242194823+03:00","Action":"run","Package":"virmill.local/core/internal/platform/linux","Test":"FuzzHostPrefixDecoder/seed#1"}
{"Time":"2026-09-13T23:39:49.242197813+03:00","Action":"output","Package":"virmill.local/core/internal/platform/linux","Test":"FuzzHostPrefixDecoder/seed#1","Output":"=== RUN   FuzzHostPrefixDecoder/seed#1\n","OutputType":"frame"}
{"Time":"2026-09-13T23:39:49.242254855+03:00","Action":"output","Package":"virmill.local/core/internal/platform/linux","Test":"FuzzHostPrefixDecoder/seed#1","Output":"--- PASS: FuzzHostPrefixDecoder/seed#1 (0.00s)\n","OutputType":"frame"}
{"Time":"2026-09-13T23:39:49.242271057+03:00","Action":"pass","Package":"virmill.local/core/internal/platform/linux","Test":"FuzzHostPrefixDecoder/seed#1","Elapsed":0}
{"Time":"2026-09-13T23:39:49.24229722+03:00","Action":"run","Package":"virmill.local/core/internal/platform/linux","Test":"FuzzHostPrefixDecoder/seed#2"}
{"Time":"2026-09-13T23:39:49.242301132+03:00","Action":"output","Package":"virmill.local/core/internal/platform/linux","Test":"FuzzHostPrefixDecoder/seed#2","Output":"=== RUN   FuzzHostPrefixDecoder/seed#2\n","OutputType":"frame"}
{"Time":"2026-09-13T23:39:49.242497871+03:00","Action":"output","Package":"virmill.local/core/internal/platform/linux","Test":"FuzzHostPrefixDecoder/seed#2","Output":"--- PASS: FuzzHostPrefixDecoder/seed#2 (0.00s)\n","OutputType":"frame"}
{"Time":"2026-09-13T23:39:49.242516266+03:00","Action":"pass","Package":"virmill.local/core/internal/platform/linux","Test":"FuzzHostPrefixDecoder/seed#2","Elapsed":0}
{"Time":"2026-09-13T23:39:49.242523415+03:00","Action":"output","Package":"virmill.local/core/internal/platform/linux","Test":"FuzzHostPrefixDecoder","Output":"--- PASS: FuzzHostPrefixDecoder (0.00s)\n","OutputType":"frame"}
{"Time":"2026-09-13T23:39:49.242534544+03:00","Action":"pass","Package":"virmill.local/core/internal/platform/linux","Test":"FuzzHostPrefixDecoder","Elapsed":0}
{"Time":"2026-09-13T23:39:49.242541442+03:00","Action":"output","Package":"virmill.local/core/internal/platform/linux","Output":"PASS\n","OutputType":"frame"}
{"Time":"2026-09-13T23:39:49.243921346+03:00","Action":"output","Package":"virmill.local/core/internal/ui/cli","Test":"TestAuxiliaryCLIMachineOutputPreservesSharedReadOnlyObservation/json","Output":"--- PASS: TestAuxiliaryCLIMachineOutputPreservesSharedReadOnlyObservation/json (0.07s)\n","OutputType":"frame"}
{"Time":"2026-09-13T23:39:49.243966188+03:00","Action":"pass","Package":"virmill.local/core/internal/ui/cli","Test":"TestAuxiliaryCLIMachineOutputPreservesSharedReadOnlyObservation/json","Elapsed":0.07}
{"Time":"2026-09-13T23:39:49.243974681+03:00","Action":"run","Package":"virmill.local/core/internal/ui/cli","Test":"TestAuxiliaryCLIMachineOutputPreservesSharedReadOnlyObservation/ndjson"}
{"Time":"2026-09-13T23:39:49.243976956+03:00","Action":"output","Package":"virmill.local/core/internal/ui/cli","Test":"TestAuxiliaryCLIMachineOutputPreservesSharedReadOnlyObservation/ndjson","Output":"=== RUN   TestAuxiliaryCLIMachineOutputPreservesSharedReadOnlyObservation/ndjson\n","OutputType":"frame"}
{"Time":"2026-09-13T23:39:49.246718988+03:00","Action":"output","Package":"virmill.local/core/internal/ui/cli","Test":"TestAuxiliaryCLIMachineOutputPreservesSharedReadOnlyObservation/ndjson","Output":"--- PASS: TestAuxiliaryCLIMachineOutputPreservesSharedReadOnlyObservation/ndjson (0.00s)\n","OutputType":"frame"}
{"Time":"2026-09-13T23:39:49.246740936+03:00","Action":"pass","Package":"virmill.local/core/internal/ui/cli","Test":"TestAuxiliaryCLIMachineOutputPreservesSharedReadOnlyObservation/ndjson","Elapsed":0}
{"Time":"2026-09-13T23:39:49.247230209+03:00","Action":"output","Package":"virmill.local/core/internal/ui/cli","Test":"TestAuxiliaryCLIMachineOutputPreservesSharedReadOnlyObservation","Output":"--- PASS: TestAuxiliaryCLIMachineOutputPreservesSharedReadOnlyObservation (0.07s)\n","OutputType":"frame"}
{"Time":"2026-09-13T23:39:49.247241337+03:00","Action":"pass","Package":"virmill.local/core/internal/ui/cli","Test":"TestAuxiliaryCLIMachineOutputPreservesSharedReadOnlyObservation","Elapsed":0.07}
{"Time":"2026-09-13T23:39:49.247248492+03:00","Action":"run","Package":"virmill.local/core/internal/ui/cli","Test":"TestAuxiliaryCLIErrorsAndCancellationDoNotReturnMetadata"}
{"Time":"2026-09-13T23:39:49.247254515+03:00","Action":"output","Package":"virmill.local/core/internal/ui/cli","Test":"TestAuxiliaryCLIErrorsAndCancellationDoNotReturnMetadata","Output":"=== RUN   TestAuxiliaryCLIErrorsAndCancellationDoNotReturnMetadata\n","OutputType":"frame"}
{"Time":"2026-09-13T23:39:49.247281152+03:00","Action":"run","Package":"virmill.local/core/internal/ui/cli","Test":"TestAuxiliaryCLIErrorsAndCancellationDoNotReturnMetadata/json/unknown-input"}
{"Time":"2026-09-13T23:39:49.24728547+03:00","Action":"output","Package":"virmill.local/core/internal/ui/cli","Test":"TestAuxiliaryCLIErrorsAndCancellationDoNotReturnMetadata/json/unknown-input","Output":"=== RUN   TestAuxiliaryCLIErrorsAndCancellationDoNotReturnMetadata/json/unknown-input\n","OutputType":"frame"}
{"Time":"2026-09-13T23:39:49.250172803+03:00","Action":"output","Package":"virmill.local/core/internal/ui/cli","Test":"TestAuxiliaryCLIErrorsAndCancellationDoNotReturnMetadata/json/unknown-input","Output":"--- PASS: TestAuxiliaryCLIErrorsAndCancellationDoNotReturnMetadata/json/unknown-input (0.00s)\n","OutputType":"frame"}
{"Time":"2026-09-13T23:39:49.250180763+03:00","Action":"pass","Package":"virmill.local/core/internal/ui/cli","Test":"TestAuxiliaryCLIErrorsAndCancellationDoNotReturnMetadata/json/unknown-input","Elapsed":0}
{"Time":"2026-09-13T23:39:49.250198076+03:00","Action":"run","Package":"virmill.local/core/internal/ui/cli","Test":"TestAuxiliaryCLIErrorsAndCancellationDoNotReturnMetadata/json/missing-root"}
{"Time":"2026-09-13T23:39:49.250202512+03:00","Action":"output","Package":"virmill.local/core/internal/ui/cli","Test":"TestAuxiliaryCLIErrorsAndCancellationDoNotReturnMetadata/json/missing-root","Output":"=== RUN   TestAuxiliaryCLIErrorsAndCancellationDoNotReturnMetadata/json/missing-root\n","OutputType":"frame"}
{"Time":"2026-09-13T23:39:49.25129319+03:00","Action":"output","Package":"virmill.local/core/internal/ui/cli","Test":"TestAuxiliaryCLIErrorsAndCancellationDoNotReturnMetadata/json/missing-root","Output":"--- PASS: TestAuxiliaryCLIErrorsAndCancellationDoNotReturnMetadata/json/missing-root (0.00s)\n","OutputType":"frame"}
{"Time":"2026-09-13T23:39:49.251304349+03:00","Action":"pass","Package":"virmill.local/core/internal/ui/cli","Test":"TestAuxiliaryCLIErrorsAndCancellationDoNotReturnMetadata/json/missing-root","Elapsed":0}
{"Time":"2026-09-13T23:39:49.251320695+03:00","Action":"run","Package":"virmill.local/core/internal/ui/cli","Test":"TestAuxiliaryCLIErrorsAndCancellationDoNotReturnMetadata/json/unapproved-root"}
{"Time":"2026-09-13T23:39:49.251325994+03:00","Action":"output","Package":"virmill.local/core/internal/ui/cli","Test":"TestAuxiliaryCLIErrorsAndCancellationDoNotReturnMetadata/json/unapproved-root","Output":"=== RUN   TestAuxiliaryCLIErrorsAndCancellationDoNotReturnMetadata/json/unapproved-root\n","OutputType":"frame"}
{"Time":"2026-09-13T23:39:49.252260884+03:00","Action":"output","Package":"virmill.local/core/internal/ui/cli","Test":"TestAuxiliaryCLIErrorsAndCancellationDoNotReturnMetadata/json/unapproved-root","Output":"--- PASS: TestAuxiliaryCLIErrorsAndCancellationDoNotReturnMetadata/json/unapproved-root (0.00s)\n","OutputType":"frame"}
{"Time":"2026-09-13T23:39:49.252292761+03:00","Action":"pass","Package":"virmill.local/core/internal/ui/cli","Test":"TestAuxiliaryCLIErrorsAndCancellationDoNotReturnMetadata/json/unapproved-root","Elapsed":0}
{"Time":"2026-09-13T23:39:49.252312865+03:00","Action":"run","Package":"virmill.local/core/internal/ui/cli","Test":"TestAuxiliaryCLIErrorsAndCancellationDoNotReturnMetadata/json/session"}
{"Time":"2026-09-13T23:39:49.252315563+03:00","Action":"output","Package":"virmill.local/core/internal/ui/cli","Test":"TestAuxiliaryCLIErrorsAndCancellationDoNotReturnMetadata/json/session","Output":"=== RUN   TestAuxiliaryCLIErrorsAndCancellationDoNotReturnMetadata/json/session\n","OutputType":"frame"}
{"Time":"2026-09-13T23:39:49.253287064+03:00","Action":"output","Package":"virmill.local/core/internal/ui/cli","Test":"TestAuxiliaryCLIErrorsAndCancellationDoNotReturnMetadata/json/session","Output":"--- PASS: TestAuxiliaryCLIErrorsAndCancellationDoNotReturnMetadata/json/session (0.00s)\n","OutputType":"frame"}
{"Time":"2026-09-13T23:39:49.253313277+03:00","Action":"pass","Package":"virmill.local/core/internal/ui/cli","Test":"TestAuxiliaryCLIErrorsAndCancellationDoNotReturnMetadata/json/session","Elapsed":0}
{"Time":"2026-09-13T23:39:49.253320186+03:00","Action":"run","Package":"virmill.local/core/internal/ui/cli","Test":"TestAuxiliaryCLIErrorsAndCancellationDoNotReturnMetadata/json/root-actor"}
{"Time":"2026-09-13T23:39:49.253324413+03:00","Action":"output","Package":"virmill.local/core/internal/ui/cli","Test":"TestAuxiliaryCLIErrorsAndCancellationDoNotReturnMetadata/json/root-actor","Output":"=== RUN   TestAuxiliaryCLIErrorsAndCancellationDoNotReturnMetadata/json/root-actor\n","OutputType":"frame"}
{"Time":"2026-09-13T23:39:49.254134649+03:00","Action":"output","Package":"virmill.local/core/internal/ui/cli","Test":"TestAuxiliaryCLIErrorsAndCancellationDoNotReturnMetadata/json/root-actor","Output":"--- PASS: TestAuxiliaryCLIErrorsAndCancellationDoNotReturnMetadata/json/root-actor (0.00s)\n","OutputType":"frame"}
{"Time":"2026-09-13T23:39:49.254148707+03:00","Action":"pass","Package":"virmill.local/core/internal/ui/cli","Test":"TestAuxiliaryCLIErrorsAndCancellationDoNotReturnMetadata/json/root-actor","Elapsed":0}
{"Time":"2026-09-13T23:39:49.254152573+03:00","Action":"run","Package":"virmill.local/core/internal/ui/cli","Test":"TestAuxiliaryCLIErrorsAndCancellationDoNotReturnMetadata/json/native-error"}
{"Time":"2026-09-13T23:39:49.254156284+03:00","Action":"output","Package":"virmill.local/core/internal/ui/cli","Test":"TestAuxiliaryCLIErrorsAndCancellationDoNotReturnMetadata/json/native-error","Output":"=== RUN   TestAuxiliaryCLIErrorsAndCancellationDoNotReturnMetadata/json/native-error\n","OutputType":"frame"}
{"Time":"2026-09-13T23:39:49.255248468+03:00","Action":"output","Package":"virmill.local/core/internal/ui/cli","Test":"TestAuxiliaryCLIErrorsAndCancellationDoNotReturnMetadata/json/native-error","Output":"--- PASS: TestAuxiliaryCLIErrorsAndCancellationDoNotReturnMetadata/json/native-error (0.00s)\n","OutputType":"frame"}
{"Time":"2026-09-13T23:39:49.255257022+03:00","Action":"pass","Package":"virmill.local/core/internal/ui/cli","Test":"TestAuxiliaryCLIErrorsAndCancellationDoNotReturnMetadata/json/native-error","Elapsed":0}
{"Time":"2026-09-13T23:39:49.255272442+03:00","Action":"run","Package":"virmill.local/core/internal/ui/cli","Test":"TestAuxiliaryCLIErrorsAndCancellationDoNotReturnMetadata/json/helper-denied"}
{"Time":"2026-09-13T23:39:49.255276699+03:00","Action":"output","Package":"virmill.local/core/internal/ui/cli","Test":"TestAuxiliaryCLIErrorsAndCancellationDoNotReturnMetadata/json/helper-denied","Output":"=== RUN   TestAuxiliaryCLIErrorsAndCancellationDoNotReturnMetadata/json/helper-denied\n","OutputType":"frame"}
{"Time":"2026-09-13T23:39:49.256416219+03:00","Action":"output","Package":"virmill.local/core/internal/ui/cli","Test":"TestAuxiliaryCLIErrorsAndCancellationDoNotReturnMetadata/json/helper-denied","Output":"--- PASS: TestAuxiliaryCLIErrorsAndCancellationDoNotReturnMetadata/json/helper-denied (0.00s)\n","OutputType":"frame"}
{"Time":"2026-09-13T23:39:49.256425353+03:00","Action":"pass","Package":"virmill.local/core/internal/ui/cli","Test":"TestAuxiliaryCLIErrorsAndCancellationDoNotReturnMetadata/json/helper-denied","Elapsed":0}
{"Time":"2026-09-13T23:39:49.256433272+03:00","Action":"run","Package":"virmill.local/core/internal/ui/cli","Test":"TestAuxiliaryCLIErrorsAndCancellationDoNotReturnMetadata/json/source-change"}
{"Time":"2026-09-13T23:39:49.256437984+03:00","Action":"output","Package":"virmill.local/core/internal/ui/cli","Test":"TestAuxiliaryCLIErrorsAndCancellationDoNotReturnMetadata/json/source-change","Output":"=== RUN   TestAuxiliaryCLIErrorsAndCancellationDoNotReturnMetadata/json/source-change\n","OutputType":"frame"}
{"Time":"2026-09-13T23:39:49.25851202+03:00","Action":"output","Package":"virmill.local/core/internal/ui/cli","Test":"TestAuxiliaryCLIErrorsAndCancellationDoNotReturnMetadata/json/source-change","Output":"--- PASS: TestAuxiliaryCLIErrorsAndCancellationDoNotReturnMetadata/json/source-change (0.00s)\n","OutputType":"frame"}
{"Time":"2026-09-13T23:39:49.258537495+03:00","Action":"pass","Package":"virmill.local/core/internal/ui/cli","Test":"TestAuxiliaryCLIErrorsAndCancellationDoNotReturnMetadata/json/source-change","Elapsed":0}
{"Time":"2026-09-13T23:39:49.258546807+03:00","Action":"run","Package":"virmill.local/core/internal/ui/cli","Test":"TestAuxiliaryCLIErrorsAndCancellationDoNotReturnMetadata/json/pre-cancel"}
{"Time":"2026-09-13T23:39:49.258549781+03:00","Action":"output","Package":"virmill.local/core/internal/ui/cli","Test":"TestAuxiliaryCLIErrorsAndCancellationDoNotReturnMetadata/json/pre-cancel","Output":"=== RUN   TestAuxiliaryCLIErrorsAndCancellationDoNotReturnMetadata/json/pre-cancel\n","OutputType":"frame"}
{"Time":"2026-09-13T23:39:49.259345558+03:00","Action":"output","Package":"virmill.local/core/internal/ui/cli","Test":"TestAuxiliaryCLIErrorsAndCancellationDoNotReturnMetadata/json/pre-cancel","Output":"--- PASS: TestAuxiliaryCLIErrorsAndCancellationDoNotReturnMetadata/json/pre-cancel (0.00s)\n","OutputType":"frame"}
{"Time":"2026-09-13T23:39:49.259353781+03:00","Action":"pass","Package":"virmill.local/core/internal/ui/cli","Test":"TestAuxiliaryCLIErrorsAndCancellationDoNotReturnMetadata/json/pre-cancel","Elapsed":0}
{"Time":"2026-09-13T23:39:49.259362764+03:00","Action":"run","Package":"virmill.local/core/internal/ui/cli","Test":"TestAuxiliaryCLIErrorsAndCancellationDoNotReturnMetadata/json/post-cancel"}
{"Time":"2026-09-13T23:39:49.259365589+03:00","Action":"output","Package":"virmill.local/core/internal/ui/cli","Test":"TestAuxiliaryCLIErrorsAndCancellationDoNotReturnMetadata/json/post-cancel","Output":"=== RUN   TestAuxiliaryCLIErrorsAndCancellationDoNotReturnMetadata/json/post-cancel\n","OutputType":"frame"}
{"Time":"2026-09-13T23:39:49.260789631+03:00","Action":"output","Package":"virmill.local/core/internal/ui/cli","Test":"TestAuxiliaryCLIErrorsAndCancellationDoNotReturnMetadata/json/post-cancel","Output":"--- PASS: TestAuxiliaryCLIErrorsAndCancellationDoNotReturnMetadata/json/post-cancel (0.00s)\n","OutputType":"frame"}
{"Time":"2026-09-13T23:39:49.260796177+03:00","Action":"pass","Package":"virmill.local/core/internal/ui/cli","Test":"TestAuxiliaryCLIErrorsAndCancellationDoNotReturnMetadata/json/post-cancel","Elapsed":0}
{"Time":"2026-09-13T23:39:49.260811816+03:00","Action":"run","Package":"virmill.local/core/internal/ui/cli","Test":"TestAuxiliaryCLIErrorsAndCancellationDoNotReturnMetadata/json/transport"}
{"Time":"2026-09-13T23:39:49.260815417+03:00","Action":"output","Package":"virmill.local/core/internal/ui/cli","Test":"TestAuxiliaryCLIErrorsAndCancellationDoNotReturnMetadata/json/transport","Output":"=== RUN   TestAuxiliaryCLIErrorsAndCancellationDoNotReturnMetadata/json/transport\n","OutputType":"frame"}
{"Time":"2026-09-13T23:39:49.261579419+03:00","Action":"output","Package":"virmill.local/core/internal/ui/cli","Test":"TestAuxiliaryCLIErrorsAndCancellationDoNotReturnMetadata/json/transport","Output":"--- PASS: TestAuxiliaryCLIErrorsAndCancellationDoNotReturnMetadata/json/transport (0.00s)\n","OutputType":"frame"}
{"Time":"2026-09-13T23:39:49.261585096+03:00","Action":"pass","Package":"virmill.local/core/internal/ui/cli","Test":"TestAuxiliaryCLIErrorsAndCancellationDoNotReturnMetadata/json/transport","Elapsed":0}
{"Time":"2026-09-13T23:39:49.26160043+03:00","Action":"run","Package":"virmill.local/core/internal/ui/cli","Test":"TestAuxiliaryCLIErrorsAndCancellationDoNotReturnMetadata/ndjson/unknown-input"}
{"Time":"2026-09-13T23:39:49.261604002+03:00","Action":"output","Package":"virmill.local/core/internal/ui/cli","Test":"TestAuxiliaryCLIErrorsAndCancellationDoNotReturnMetadata/ndjson/unknown-input","Output":"=== RUN   TestAuxiliaryCLIErrorsAndCancellationDoNotReturnMetadata/ndjson/unknown-input\n","OutputType":"frame"}
{"Time":"2026-09-13T23:39:49.262550601+03:00","Action":"output","Package":"virmill.local/core/internal/ui/cli","Test":"TestAuxiliaryCLIErrorsAndCancellationDoNotReturnMetadata/ndjson/unknown-input","Output":"--- PASS: TestAuxiliaryCLIErrorsAndCancellationDoNotReturnMetadata/ndjson/unknown-input (0.00s)\n","OutputType":"frame"}
{"Time":"2026-09-13T23:39:49.262563984+03:00","Action":"pass","Package":"virmill.local/core/internal/ui/cli","Test":"TestAuxiliaryCLIErrorsAndCancellationDoNotReturnMetadata/ndjson/unknown-input","Elapsed":0}
{"Time":"2026-09-13T23:39:49.262569663+03:00","Action":"run","Package":"virmill.local/core/internal/ui/cli","Test":"TestAuxiliaryCLIErrorsAndCancellationDoNotReturnMetadata/ndjson/missing-root"}
{"Time":"2026-09-13T23:39:49.262575427+03:00","Action":"output","Package":"virmill.local/core/internal/ui/cli","Test":"TestAuxiliaryCLIErrorsAndCancellationDoNotReturnMetadata/ndjson/missing-root","Output":"=== RUN   TestAuxiliaryCLIErrorsAndCancellationDoNotReturnMetadata/ndjson/missing-root\n","OutputType":"frame"}
{"Time":"2026-09-13T23:39:49.263465099+03:00","Action":"output","Package":"virmill.local/core/internal/ui/cli","Test":"TestAuxiliaryCLIErrorsAndCancellationDoNotReturnMetadata/ndjson/missing-root","Output":"--- PASS: TestAuxiliaryCLIErrorsAndCancellationDoNotReturnMetadata/ndjson/missing-root (0.00s)\n","OutputType":"frame"}
{"Time":"2026-09-13T23:39:49.263490746+03:00","Action":"pass","Package":"virmill.local/core/internal/ui/cli","Test":"TestAuxiliaryCLIErrorsAndCancellationDoNotReturnMetadata/ndjson/missing-root","Elapsed":0}
{"Time":"2026-09-13T23:39:49.263518573+03:00","Action":"run","Package":"virmill.local/core/internal/ui/cli","Test":"TestAuxiliaryCLIErrorsAndCancellationDoNotReturnMetadata/ndjson/unapproved-root"}
{"Time":"2026-09-13T23:39:49.263522436+03:00","Action":"output","Package":"virmill.local/core/internal/ui/cli","Test":"TestAuxiliaryCLIErrorsAndCancellationDoNotReturnMetadata/ndjson/unapproved-root","Output":"=== RUN   TestAuxiliaryCLIErrorsAndCancellationDoNotReturnMetadata/ndjson/unapproved-root\n","OutputType":"frame"}
{"Time":"2026-09-13T23:39:49.265793719+03:00","Action":"output","Package":"virmill.local/core/internal/ui/cli","Test":"TestAuxiliaryCLIErrorsAndCancellationDoNotReturnMetadata/ndjson/unapproved-root","Output":"--- PASS: TestAuxiliaryCLIErrorsAndCancellationDoNotReturnMetadata/ndjson/unapproved-root (0.00s)\n","OutputType":"frame"}
{"Time":"2026-09-13T23:39:49.265818312+03:00","Action":"pass","Package":"virmill.local/core/internal/ui/cli","Test":"TestAuxiliaryCLIErrorsAndCancellationDoNotReturnMetadata/ndjson/unapproved-root","Elapsed":0}
{"Time":"2026-09-13T23:39:49.265824647+03:00","Action":"run","Package":"virmill.local/core/internal/ui/cli","Test":"TestAuxiliaryCLIErrorsAndCancellationDoNotReturnMetadata/ndjson/session"}
{"Time":"2026-09-13T23:39:49.265831247+03:00","Action":"output","Package":"virmill.local/core/internal/ui/cli","Test":"TestAuxiliaryCLIErrorsAndCancellationDoNotReturnMetadata/ndjson/session","Output":"=== RUN   TestAuxiliaryCLIErrorsAndCancellationDoNotReturnMetadata/ndjson/session\n","OutputType":"frame"}
{"Time":"2026-09-13T23:39:49.266694248+03:00","Action":"output","Package":"virmill.local/core/internal/ui/cli","Test":"TestAuxiliaryCLIErrorsAndCancellationDoNotReturnMetadata/ndjson/session","Output":"--- PASS: TestAuxiliaryCLIErrorsAndCancellationDoNotReturnMetadata/ndjson/session (0.00s)\n","OutputType":"frame"}
{"Time":"2026-09-13T23:39:49.266702955+03:00","Action":"pass","Package":"virmill.local/core/internal/ui/cli","Test":"TestAuxiliaryCLIErrorsAndCancellationDoNotReturnMetadata/ndjson/session","Elapsed":0}
{"Time":"2026-09-13T23:39:49.266707816+03:00","Action":"run","Package":"virmill.local/core/internal/ui/cli","Test":"TestAuxiliaryCLIErrorsAndCancellationDoNotReturnMetadata/ndjson/root-actor"}
{"Time":"2026-09-13T23:39:49.266711025+03:00","Action":"output","Package":"virmill.local/core/internal/ui/cli","Test":"TestAuxiliaryCLIErrorsAndCancellationDoNotReturnMetadata/ndjson/root-actor","Output":"=== RUN   TestAuxiliaryCLIErrorsAndCancellationDoNotReturnMetadata/ndjson/root-actor\n","OutputType":"frame"}
{"Time":"2026-09-13T23:39:49.267645997+03:00","Action":"output","Package":"virmill.local/core/internal/ui/cli","Test":"TestAuxiliaryCLIErrorsAndCancellationDoNotReturnMetadata/ndjson/root-actor","Output":"--- PASS: TestAuxiliaryCLIErrorsAndCancellationDoNotReturnMetadata/ndjson/root-actor (0.00s)\n","OutputType":"frame"}
{"Time":"2026-09-13T23:39:49.267654352+03:00","Action":"pass","Package":"virmill.local/core/internal/ui/cli","Test":"TestAuxiliaryCLIErrorsAndCancellationDoNotReturnMetadata/ndjson/root-actor","Elapsed":0}
{"Time":"2026-09-13T23:39:49.267662019+03:00","Action":"run","Package":"virmill.local/core/internal/ui/cli","Test":"TestAuxiliaryCLIErrorsAndCancellationDoNotReturnMetadata/ndjson/native-error"}
{"Time":"2026-09-13T23:39:49.267665595+03:00","Action":"output","Package":"virmill.local/core/internal/ui/cli","Test":"TestAuxiliaryCLIErrorsAndCancellationDoNotReturnMetadata/ndjson/native-error","Output":"=== RUN   TestAuxiliaryCLIErrorsAndCancellationDoNotReturnMetadata/ndjson/native-error\n","OutputType":"frame"}
{"Time":"2026-09-13T23:39:49.268635824+03:00","Action":"output","Package":"virmill.local/core/internal/ui/cli","Test":"TestAuxiliaryCLIErrorsAndCancellationDoNotReturnMetadata/ndjson/native-error","Output":"--- PASS: TestAuxiliaryCLIErrorsAndCancellationDoNotReturnMetadata/ndjson/native-error (0.00s)\n","OutputType":"frame"}
{"Time":"2026-09-13T23:39:49.268644112+03:00","Action":"pass","Package":"virmill.local/core/internal/ui/cli","Test":"TestAuxiliaryCLIErrorsAndCancellationDoNotReturnMetadata/ndjson/native-error","Elapsed":0}
{"Time":"2026-09-13T23:39:49.268658278+03:00","Action":"run","Package":"virmill.local/core/internal/ui/cli","Test":"TestAuxiliaryCLIErrorsAndCancellationDoNotReturnMetadata/ndjson/helper-denied"}
{"Time":"2026-09-13T23:39:49.268661269+03:00","Action":"output","Package":"virmill.local/core/internal/ui/cli","Test":"TestAuxiliaryCLIErrorsAndCancellationDoNotReturnMetadata/ndjson/helper-denied","Output":"=== RUN   TestAuxiliaryCLIErrorsAndCancellationDoNotReturnMetadata/ndjson/helper-denied\n","OutputType":"frame"}
{"Time":"2026-09-13T23:39:49.269753558+03:00","Action":"output","Package":"virmill.local/core/internal/ui/cli","Test":"TestAuxiliaryCLIErrorsAndCancellationDoNotReturnMetadata/ndjson/helper-denied","Output":"--- PASS: TestAuxiliaryCLIErrorsAndCancellationDoNotReturnMetadata/ndjson/helper-denied (0.00s)\n","OutputType":"frame"}
{"Time":"2026-09-13T23:39:49.26976048+03:00","Action":"pass","Package":"virmill.local/core/internal/ui/cli","Test":"TestAuxiliaryCLIErrorsAndCancellationDoNotReturnMetadata/ndjson/helper-denied","Elapsed":0}
{"Time":"2026-09-13T23:39:49.269774631+03:00","Action":"run","Package":"virmill.local/core/internal/ui/cli","Test":"TestAuxiliaryCLIErrorsAndCancellationDoNotReturnMetadata/ndjson/source-change"}
{"Time":"2026-09-13T23:39:49.269777757+03:00","Action":"output","Package":"virmill.local/core/internal/ui/cli","Test":"TestAuxiliaryCLIErrorsAndCancellationDoNotReturnMetadata/ndjson/source-change","Output":"=== RUN   TestAuxiliaryCLIErrorsAndCancellationDoNotReturnMetadata/ndjson/source-change\n","OutputType":"frame"}
{"Time":"2026-09-13T23:39:49.27129545+03:00","Action":"output","Package":"virmill.local/core/internal/ui/cli","Test":"TestAuxiliaryCLIErrorsAndCancellationDoNotReturnMetadata/ndjson/source-change","Output":"--- PASS: TestAuxiliaryCLIErrorsAndCancellationDoNotReturnMetadata/ndjson/source-change (0.00s)\n","OutputType":"frame"}
{"Time":"2026-09-13T23:39:49.271303727+03:00","Action":"pass","Package":"virmill.local/core/internal/ui/cli","Test":"TestAuxiliaryCLIErrorsAndCancellationDoNotReturnMetadata/ndjson/source-change","Elapsed":0}
{"Time":"2026-09-13T23:39:49.271320582+03:00","Action":"run","Package":"virmill.local/core/internal/ui/cli","Test":"TestAuxiliaryCLIErrorsAndCancellationDoNotReturnMetadata/ndjson/pre-cancel"}
{"Time":"2026-09-13T23:39:49.271322232+03:00","Action":"output","Package":"virmill.local/core/internal/ui/cli","Test":"TestAuxiliaryCLIErrorsAndCancellationDoNotReturnMetadata/ndjson/pre-cancel","Output":"=== RUN   TestAuxiliaryCLIErrorsAndCancellationDoNotReturnMetadata/ndjson/pre-cancel\n","OutputType":"frame"}
{"Time":"2026-09-13T23:39:49.272089672+03:00","Action":"output","Package":"virmill.local/core/internal/ui/cli","Test":"TestAuxiliaryCLIErrorsAndCancellationDoNotReturnMetadata/ndjson/pre-cancel","Output":"--- PASS: TestAuxiliaryCLIErrorsAndCancellationDoNotReturnMetadata/ndjson/pre-cancel (0.00s)\n","OutputType":"frame"}
{"Time":"2026-09-13T23:39:49.272096776+03:00","Action":"pass","Package":"virmill.local/core/internal/ui/cli","Test":"TestAuxiliaryCLIErrorsAndCancellationDoNotReturnMetadata/ndjson/pre-cancel","Elapsed":0}
{"Time":"2026-09-13T23:39:49.272109983+03:00","Action":"run","Package":"virmill.local/core/internal/ui/cli","Test":"TestAuxiliaryCLIErrorsAndCancellationDoNotReturnMetadata/ndjson/post-cancel"}
{"Time":"2026-09-13T23:39:49.272111785+03:00","Action":"output","Package":"virmill.local/core/internal/ui/cli","Test":"TestAuxiliaryCLIErrorsAndCancellationDoNotReturnMetadata/ndjson/post-cancel","Output":"=== RUN   TestAuxiliaryCLIErrorsAndCancellationDoNotReturnMetadata/ndjson/post-cancel\n","OutputType":"frame"}
{"Time":"2026-09-13T23:39:49.27441033+03:00","Action":"output","Package":"virmill.local/core/internal/ui/cli","Test":"TestAuxiliaryCLIErrorsAndCancellationDoNotReturnMetadata/ndjson/post-cancel","Output":"--- PASS: TestAuxiliaryCLIErrorsAndCancellationDoNotReturnMetadata/ndjson/post-cancel (0.00s)\n","OutputType":"frame"}
{"Time":"2026-09-13T23:39:49.274423159+03:00","Action":"pass","Package":"virmill.local/core/internal/ui/cli","Test":"TestAuxiliaryCLIErrorsAndCancellationDoNotReturnMetadata/ndjson/post-cancel","Elapsed":0}
{"Time":"2026-09-13T23:39:49.274428547+03:00","Action":"run","Package":"virmill.local/core/internal/ui/cli","Test":"TestAuxiliaryCLIErrorsAndCancellationDoNotReturnMetadata/ndjson/transport"}
{"Time":"2026-09-13T23:39:49.27443167+03:00","Action":"output","Package":"virmill.local/core/internal/ui/cli","Test":"TestAuxiliaryCLIErrorsAndCancellationDoNotReturnMetadata/ndjson/transport","Output":"=== RUN   TestAuxiliaryCLIErrorsAndCancellationDoNotReturnMetadata/ndjson/transport\n","OutputType":"frame"}
{"Time":"2026-09-13T23:39:49.275163907+03:00","Action":"output","Package":"virmill.local/core/internal/ui/cli","Test":"TestAuxiliaryCLIErrorsAndCancellationDoNotReturnMetadata/ndjson/transport","Output":"--- PASS: TestAuxiliaryCLIErrorsAndCancellationDoNotReturnMetadata/ndjson/transport (0.00s)\n","OutputType":"frame"}
{"Time":"2026-09-13T23:39:49.275175195+03:00","Action":"pass","Package":"virmill.local/core/internal/ui/cli","Test":"TestAuxiliaryCLIErrorsAndCancellationDoNotReturnMetadata/ndjson/transport","Elapsed":0}
{"Time":"2026-09-13T23:39:49.275193983+03:00","Action":"output","Package":"virmill.local/core/internal/ui/cli","Test":"TestAuxiliaryCLIErrorsAndCancellationDoNotReturnMetadata","Output":"--- PASS: TestAuxiliaryCLIErrorsAndCancellationDoNotReturnMetadata (0.03s)\n","OutputType":"frame"}
{"Time":"2026-09-13T23:39:49.27520018+03:00","Action":"pass","Package":"virmill.local/core/internal/ui/cli","Test":"TestAuxiliaryCLIErrorsAndCancellationDoNotReturnMetadata","Elapsed":0.03}
{"Time":"2026-09-13T23:39:49.275216957+03:00","Action":"run","Package":"virmill.local/core/internal/ui/cli","Test":"TestAuxiliaryCLIStrictJSONRefusesBeforeDispatch"}
{"Time":"2026-09-13T23:39:49.275218925+03:00","Action":"output","Package":"virmill.local/core/internal/ui/cli","Test":"TestAuxiliaryCLIStrictJSONRefusesBeforeDispatch","Output":"=== RUN   TestAuxiliaryCLIStrictJSONRefusesBeforeDispatch\n","OutputType":"frame"}
{"Time":"2026-09-13T23:39:49.275239207+03:00","Action":"run","Package":"virmill.local/core/internal/ui/cli","Test":"TestAuxiliaryCLIStrictJSONRefusesBeforeDispatch/{\"rootID\":\"state\",\"rootID\":\"other\"}"}
{"Time":"2026-09-13T23:39:49.275241489+03:00","Action":"output","Package":"virmill.local/core/internal/ui/cli","Test":"TestAuxiliaryCLIStrictJSONRefusesBeforeDispatch/{\"rootID\":\"state\",\"rootID\":\"other\"}","Output":"=== RUN   TestAuxiliaryCLIStrictJSONRefusesBeforeDispatch/{\"rootID\":\"state\",\"rootID\":\"other\"}\n","OutputType":"frame"}
{"Time":"2026-09-13T23:39:49.275714143+03:00","Action":"output","Package":"virmill.local/core/internal/ui/cli","Test":"TestAuxiliaryCLIStrictJSONRefusesBeforeDispatch/{\"rootID\":\"state\",\"rootID\":\"other\"}","Output":"--- PASS: TestAuxiliaryCLIStrictJSONRefusesBeforeDispatch/{\"rootID\":\"state\",\"rootID\":\"other\"} (0.00s)\n","OutputType":"frame"}
{"Time":"2026-09-13T23:39:49.275721372+03:00","Action":"pass","Package":"virmill.local/core/internal/ui/cli","Test":"TestAuxiliaryCLIStrictJSONRefusesBeforeDispatch/{\"rootID\":\"state\",\"rootID\":\"other\"}","Elapsed":0}
{"Time":"2026-09-13T23:39:49.27574003+03:00","Action":"run","Package":"virmill.local/core/internal/ui/cli","Test":"TestAuxiliaryCLIStrictJSONRefusesBeforeDispatch/{\"rootID\":"}
{"Time":"2026-09-13T23:39:49.275743548+03:00","Action":"output","Package":"virmill.local/core/internal/ui/cli","Test":"TestAuxiliaryCLIStrictJSONRefusesBeforeDispatch/{\"rootID\":","Output":"=== RUN   TestAuxiliaryCLIStrictJSONRefusesBeforeDispatch/{\"rootID\":\n","OutputType":"frame"}
{"Time":"2026-09-13T23:39:49.276212047+03:00","Action":"output","Package":"virmill.local/core/internal/ui/cli","Test":"TestAuxiliaryCLIStrictJSONRefusesBeforeDispatch/{\"rootID\":","Output":"--- PASS: TestAuxiliaryCLIStrictJSONRefusesBeforeDispatch/{\"rootID\": (0.00s)\n","OutputType":"frame"}
{"Time":"2026-09-13T23:39:49.276217887+03:00","Action":"pass","Package":"virmill.local/core/internal/ui/cli","Test":"TestAuxiliaryCLIStrictJSONRefusesBeforeDispatch/{\"rootID\":","Elapsed":0}
{"Time":"2026-09-13T23:39:49.276233199+03:00","Action":"run","Package":"virmill.local/core/internal/ui/cli","Test":"TestAuxiliaryCLIStrictJSONRefusesBeforeDispatch/[]"}
{"Time":"2026-09-13T23:39:49.276236431+03:00","Action":"output","Package":"virmill.local/core/internal/ui/cli","Test":"TestAuxiliaryCLIStrictJSONRefusesBeforeDispatch/[]","Output":"=== RUN   TestAuxiliaryCLIStrictJSONRefusesBeforeDispatch/[]\n","OutputType":"frame"}
{"Time":"2026-09-13T23:39:49.276687928+03:00","Action":"output","Package":"virmill.local/core/internal/ui/cli","Test":"TestAuxiliaryCLIStrictJSONRefusesBeforeDispatch/[]","Output":"--- PASS: TestAuxiliaryCLIStrictJSONRefusesBeforeDispatch/[] (0.00s)\n","OutputType":"frame"}
{"Time":"2026-09-13T23:39:49.276693678+03:00","Action":"pass","Package":"virmill.local/core/internal/ui/cli","Test":"TestAuxiliaryCLIStrictJSONRefusesBeforeDispatch/[]","Elapsed":0}
{"Time":"2026-09-13T23:39:49.276710696+03:00","Action":"run","Package":"virmill.local/core/internal/ui/cli","Test":"TestAuxiliaryCLIStrictJSONRefusesBeforeDispatch/{\"rootID\":\"state\"}_{}"}
{"Time":"2026-09-13T23:39:49.27671459+03:00","Action":"output","Package":"virmill.local/core/internal/ui/cli","Test":"TestAuxiliaryCLIStrictJSONRefusesBeforeDispatch/{\"rootID\":\"state\"}_{}","Output":"=== RUN   TestAuxiliaryCLIStrictJSONRefusesBeforeDispatch/{\"rootID\":\"state\"}_{}\n","OutputType":"frame"}
{"Time":"2026-09-13T23:39:49.277154496+03:00","Action":"output","Package":"virmill.local/core/internal/ui/cli","Test":"TestAuxiliaryCLIStrictJSONRefusesBeforeDispatch/{\"rootID\":\"state\"}_{}","Output":"--- PASS: TestAuxiliaryCLIStrictJSONRefusesBeforeDispatch/{\"rootID\":\"state\"}_{} (0.00s)\n","OutputType":"frame"}
{"Time":"2026-09-13T23:39:49.277164953+03:00","Action":"pass","Package":"virmill.local/core/internal/ui/cli","Test":"TestAuxiliaryCLIStrictJSONRefusesBeforeDispatch/{\"rootID\":\"state\"}_{}","Elapsed":0}
{"Time":"2026-09-13T23:39:49.27719428+03:00","Action":"output","Package":"virmill.local/core/internal/ui/cli","Test":"TestAuxiliaryCLIStrictJSONRefusesBeforeDispatch","Output":"--- PASS: TestAuxiliaryCLIStrictJSONRefusesBeforeDispatch (0.00s)\n","OutputType":"frame"}
{"Time":"2026-09-13T23:39:49.277202939+03:00","Action":"pass","Package":"virmill.local/core/internal/ui/cli","Test":"TestAuxiliaryCLIStrictJSONRefusesBeforeDispatch","Elapsed":0}
{"Time":"2026-09-13T23:39:49.27721656+03:00","Action":"run","Package":"virmill.local/core/internal/ui/cli","Test":"TestVersionedCaptureCLIDeclarationAndTamperedAuxiliaryMember"}
{"Time":"2026-09-13T23:39:49.277218406+03:00","Action":"output","Package":"virmill.local/core/internal/ui/cli","Test":"TestVersionedCaptureCLIDeclarationAndTamperedAuxiliaryMember","Output":"=== RUN   TestVersionedCaptureCLIDeclarationAndTamperedAuxiliaryMember\n","OutputType":"frame"}
{"Time":"2026-09-13T23:39:49.292778454+03:00","Action":"output","Package":"virmill.local/core/internal/ui/cli","Test":"TestVersionedCaptureCLIDeclarationAndTamperedAuxiliaryMember","Output":"--- PASS: TestVersionedCaptureCLIDeclarationAndTamperedAuxiliaryMember (0.02s)\n","OutputType":"frame"}
{"Time":"2026-09-13T23:39:49.292806037+03:00","Action":"pass","Package":"virmill.local/core/internal/ui/cli","Test":"TestVersionedCaptureCLIDeclarationAndTamperedAuxiliaryMember","Elapsed":0.02}
{"Time":"2026-09-13T23:39:49.292813978+03:00","Action":"run","Package":"virmill.local/core/internal/ui/cli","Test":"TestColdRecoveryCLIExactPreviewAndExplicitApply"}
{"Time":"2026-09-13T23:39:49.292816616+03:00","Action":"output","Package":"virmill.local/core/internal/ui/cli","Test":"TestColdRecoveryCLIExactPreviewAndExplicitApply","Output":"=== RUN   TestColdRecoveryCLIExactPreviewAndExplicitApply\n","OutputType":"frame"}
{"Time":"2026-09-13T23:39:49.292818947+03:00","Action":"run","Package":"virmill.local/core/internal/ui/cli","Test":"TestColdRecoveryCLIExactPreviewAndExplicitApply/json/create"}
{"Time":"2026-09-13T23:39:49.292820613+03:00","Action":"output","Package":"virmill.local/core/internal/ui/cli","Test":"TestColdRecoveryCLIExactPreviewAndExplicitApply/json/create","Output":"=== RUN   TestColdRecoveryCLIExactPreviewAndExplicitApply/json/create\n","OutputType":"frame"}
{"Time":"2026-09-13T23:39:49.296578552+03:00","Action":"output","Package":"virmill.local/core/internal/ui/cli","Test":"TestColdRecoveryCLIExactPreviewAndExplicitApply/json/create","Output":"--- PASS: TestColdRecoveryCLIExactPreviewAndExplicitApply/json/create (0.00s)\n","OutputType":"frame"}
{"Time":"2026-09-13T23:39:49.296594915+03:00","Action":"pass","Package":"virmill.local/core/internal/ui/cli","Test":"TestColdRecoveryCLIExactPreviewAndExplicitApply/json/create","Elapsed":0}
{"Time":"2026-09-13T23:39:49.29660033+03:00","Action":"run","Package":"virmill.local/core/internal/ui/cli","Test":"TestColdRecoveryCLIExactPreviewAndExplicitApply/json/restore"}
{"Time":"2026-09-13T23:39:49.296603853+03:00","Action":"output","Package":"virmill.local/core/internal/ui/cli","Test":"TestColdRecoveryCLIExactPreviewAndExplicitApply/json/restore","Output":"=== RUN   TestColdRecoveryCLIExactPreviewAndExplicitApply/json/restore\n","OutputType":"frame"}
{"Time":"2026-09-13T23:39:49.301999454+03:00","Action":"output","Package":"virmill.local/core/internal/ui/cli","Test":"TestColdRecoveryCLIExactPreviewAndExplicitApply/json/restore","Output":"--- PASS: TestColdRecoveryCLIExactPreviewAndExplicitApply/json/restore (0.01s)\n","OutputType":"frame"}
{"Time":"2026-09-13T23:39:49.302032915+03:00","Action":"pass","Package":"virmill.local/core/internal/ui/cli","Test":"TestColdRecoveryCLIExactPreviewAndExplicitApply/json/restore","Elapsed":0.01}
{"Time":"2026-09-13T23:39:49.302039954+03:00","Action":"run","Package":"virmill.local/core/internal/ui/cli","Test":"TestColdRecoveryCLIExactPreviewAndExplicitApply/ndjson/create"}
{"Time":"2026-09-13T23:39:49.302043916+03:00","Action":"output","Package":"virmill.local/core/internal/ui/cli","Test":"TestColdRecoveryCLIExactPreviewAndExplicitApply/ndjson/create","Output":"=== RUN   TestColdRecoveryCLIExactPreviewAndExplicitApply/ndjson/create\n","OutputType":"frame"}
{"Time":"2026-09-13T23:39:49.305551525+03:00","Action":"output","Package":"virmill.local/core/internal/ui/cli","Test":"TestColdRecoveryCLIExactPreviewAndExplicitApply/ndjson/create","Output":"--- PASS: TestColdRecoveryCLIExactPreviewAndExplicitApply/ndjson/create (0.00s)\n","OutputType":"frame"}
{"Time":"2026-09-13T23:39:49.3055798+03:00","Action":"pass","Package":"virmill.local/core/internal/ui/cli","Test":"TestColdRecoveryCLIExactPreviewAndExplicitApply/ndjson/create","Elapsed":0}
{"Time":"2026-09-13T23:39:49.305586351+03:00","Action":"run","Package":"virmill.local/core/internal/ui/cli","Test":"TestColdRecoveryCLIExactPreviewAndExplicitApply/ndjson/restore"}
{"Time":"2026-09-13T23:39:49.305587614+03:00","Action":"output","Package":"virmill.local/core/internal/ui/cli","Test":"TestColdRecoveryCLIExactPreviewAndExplicitApply/ndjson/restore","Output":"=== RUN   TestColdRecoveryCLIExactPreviewAndExplicitApply/ndjson/restore\n","OutputType":"frame"}
{"Time":"2026-09-13T23:39:49.310476611+03:00","Action":"output","Package":"virmill.local/core/internal/ui/cli","Test":"TestColdRecoveryCLIExactPreviewAndExplicitApply/ndjson/restore","Output":"--- PASS: TestColdRecoveryCLIExactPreviewAndExplicitApply/ndjson/restore (0.00s)\n","OutputType":"frame"}
{"Time":"2026-09-13T23:39:49.310500305+03:00","Action":"pass","Package":"virmill.local/core/internal/ui/cli","Test":"TestColdRecoveryCLIExactPreviewAndExplicitApply/ndjson/restore","Elapsed":0}
{"Time":"2026-09-13T23:39:49.310511191+03:00","Action":"output","Package":"virmill.local/core/internal/ui/cli","Test":"TestColdRecoveryCLIExactPreviewAndExplicitApply","Output":"--- PASS: TestColdRecoveryCLIExactPreviewAndExplicitApply (0.02s)\n","OutputType":"frame"}
{"Time":"2026-09-13T23:39:49.310516477+03:00","Action":"pass","Package":"virmill.local/core/internal/ui/cli","Test":"TestColdRecoveryCLIExactPreviewAndExplicitApply","Elapsed":0.02}
{"Time":"2026-09-13T23:39:49.310522499+03:00","Action":"run","Package":"virmill.local/core/internal/ui/cli","Test":"TestColdRecoveryCLIReadOnlyMappingsAndFailures"}
{"Time":"2026-09-13T23:39:49.31052905+03:00","Action":"output","Package":"virmill.local/core/internal/ui/cli","Test":"TestColdRecoveryCLIReadOnlyMappingsAndFailures","Output":"=== RUN   TestColdRecoveryCLIReadOnlyMappingsAndFailures\n","OutputType":"frame"}
{"Time":"2026-09-13T23:39:49.310533692+03:00","Action":"run","Package":"virmill.local/core/internal/ui/cli","Test":"TestColdRecoveryCLIReadOnlyMappingsAndFailures/list"}
{"Time":"2026-09-13T23:39:49.310536409+03:00","Action":"output","Package":"virmill.local/core/internal/ui/cli","Test":"TestColdRecoveryCLIReadOnlyMappingsAndFailures/list","Output":"=== RUN   TestColdRecoveryCLIReadOnlyMappingsAndFailures/list\n","OutputType":"frame"}
{"Time":"2026-09-13T23:39:49.311085315+03:00","Action":"output","Package":"virmill.local/core/internal/ui/cli","Test":"TestColdRecoveryCLIReadOnlyMappingsAndFailures/list","Output":"--- PASS: TestColdRecoveryCLIReadOnlyMappingsAndFailures/list (0.00s)\n","OutputType":"frame"}
{"Time":"2026-09-13T23:39:49.311095489+03:00","Action":"pass","Package":"virmill.local/core/internal/ui/cli","Test":"TestColdRecoveryCLIReadOnlyMappingsAndFailures/list","Elapsed":0}
{"Time":"2026-09-13T23:39:49.311103436+03:00","Action":"run","Package":"virmill.local/core/internal/ui/cli","Test":"TestColdRecoveryCLIReadOnlyMappingsAndFailures/show"}
{"Time":"2026-09-13T23:39:49.311105416+03:00","Action":"output","Package":"virmill.local/core/internal/ui/cli","Test":"TestColdRecoveryCLIReadOnlyMappingsAndFailures/show","Output":"=== RUN   TestColdRecoveryCLIReadOnlyMappingsAndFailures/show\n","OutputType":"frame"}
{"Time":"2026-09-13T23:39:49.311576797+03:00","Action":"output","Package":"virmill.local/core/internal/ui/cli","Test":"TestColdRecoveryCLIReadOnlyMappingsAndFailures/show","Output":"--- PASS: TestColdRecoveryCLIReadOnlyMappingsAndFailures/show (0.00s)\n","OutputType":"frame"}
{"Time":"2026-09-13T23:39:49.311582068+03:00","Action":"pass","Package":"virmill.local/core/internal/ui/cli","Test":"TestColdRecoveryCLIReadOnlyMappingsAndFailures/show","Elapsed":0}
{"Time":"2026-09-13T23:39:49.311595602+03:00","Action":"run","Package":"virmill.local/core/internal/ui/cli","Test":"TestColdRecoveryCLIReadOnlyMappingsAndFailures/canceled"}
{"Time":"2026-09-13T23:39:49.311600374+03:00","Action":"output","Package":"virmill.local/core/internal/ui/cli","Test":"TestColdRecoveryCLIReadOnlyMappingsAndFailures/canceled","Output":"=== RUN   TestColdRecoveryCLIReadOnlyMappingsAndFailures/canceled\n","OutputType":"frame"}
{"Time":"2026-09-13T23:39:49.312192209+03:00","Action":"output","Package":"virmill.local/core/internal/ui/cli","Test":"TestColdRecoveryCLIReadOnlyMappingsAndFailures/canceled","Output":"--- PASS: TestColdRecoveryCLIReadOnlyMappingsAndFailures/canceled (0.00s)\n","OutputType":"frame"}
{"Time":"2026-09-13T23:39:49.31220049+03:00","Action":"pass","Package":"virmill.local/core/internal/ui/cli","Test":"TestColdRecoveryCLIReadOnlyMappingsAndFailures/canceled","Elapsed":0}
{"Time":"2026-09-13T23:39:49.312217113+03:00","Action":"run","Package":"virmill.local/core/internal/ui/cli","Test":"TestColdRecoveryCLIReadOnlyMappingsAndFailures/disconnected"}
{"Time":"2026-09-13T23:39:49.31222049+03:00","Action":"output","Package":"virmill.local/core/internal/ui/cli","Test":"TestColdRecoveryCLIReadOnlyMappingsAndFailures/disconnected","Output":"=== RUN   TestColdRecoveryCLIReadOnlyMappingsAndFailures/disconnected\n","OutputType":"frame"}
{"Time":"2026-09-13T23:39:49.313392773+03:00","Action":"output","Package":"virmill.local/core/internal/ui/cli","Test":"TestColdRecoveryCLIReadOnlyMappingsAndFailures/disconnected","Output":"--- PASS: TestColdRecoveryCLIReadOnlyMappingsAndFailures/disconnected (0.00s)\n","OutputType":"frame"}
{"Time":"2026-09-13T23:39:49.313410656+03:00","Action":"pass","Package":"virmill.local/core/internal/ui/cli","Test":"TestColdRecoveryCLIReadOnlyMappingsAndFailures/disconnected","Elapsed":0}
{"Time":"2026-09-13T23:39:49.313431987+03:00","Action":"run","Package":"virmill.local/core/internal/ui/cli","Test":"TestColdRecoveryCLIReadOnlyMappingsAndFailures/incomplete"}
{"Time":"2026-09-13T23:39:49.313435661+03:00","Action":"output","Package":"virmill.local/core/internal/ui/cli","Test":"TestColdRecoveryCLIReadOnlyMappingsAndFailures/incomplete","Output":"=== RUN   TestColdRecoveryCLIReadOnlyMappingsAndFailures/incomplete\n","OutputType":"frame"}
{"Time":"2026-09-13T23:39:49.314666459+03:00","Action":"output","Package":"virmill.local/core/internal/ui/cli","Test":"TestColdRecoveryCLIReadOnlyMappingsAndFailures/incomplete","Output":"--- PASS: TestColdRecoveryCLIReadOnlyMappingsAndFailures/incomplete (0.00s)\n","OutputType":"frame"}
{"Time":"2026-09-13T23:39:49.314675692+03:00","Action":"pass","Package":"virmill.local/core/internal/ui/cli","Test":"TestColdRecoveryCLIReadOnlyMappingsAndFailures/incomplete","Elapsed":0}
{"Time":"2026-09-13T23:39:49.314700099+03:00","Action":"output","Package":"virmill.local/core/internal/ui/cli","Test":"TestColdRecoveryCLIReadOnlyMappingsAndFailures","Output":"--- PASS: TestColdRecoveryCLIReadOnlyMappingsAndFailures (0.00s)\n","OutputType":"frame"}
{"Time":"2026-09-13T23:39:49.314711618+03:00","Action":"pass","Package":"virmill.local/core/internal/ui/cli","Test":"TestColdRecoveryCLIReadOnlyMappingsAndFailures","Elapsed":0}
{"Time":"2026-09-13T23:39:49.314730308+03:00","Action":"run","Package":"virmill.local/core/internal/ui/cli","Test":"TestColdRecoveryCLIRefusesImplicitApplyAndMalformedInput"}
{"Time":"2026-09-13T23:39:49.314733735+03:00","Action":"output","Package":"virmill.local/core/internal/ui/cli","Test":"TestColdRecoveryCLIRefusesImplicitApplyAndMalformedInput","Output":"=== RUN   TestColdRecoveryCLIRefusesImplicitApplyAndMalformedInput\n","OutputType":"frame"}
{"Time":"2026-09-13T23:39:49.31477642+03:00","Action":"run","Package":"virmill.local/core/internal/ui/cli","Test":"TestColdRecoveryCLIRefusesImplicitApplyAndMalformedInput/create--plan=false"}
{"Time":"2026-09-13T23:39:49.314780601+03:00","Action":"output","Package":"virmill.local/core/internal/ui/cli","Test":"TestColdRecoveryCLIRefusesImplicitApplyAndMalformedInput/create--plan=false","Output":"=== RUN   TestColdRecoveryCLIRefusesImplicitApplyAndMalformedInput/create--plan=false\n","OutputType":"frame"}
{"Time":"2026-09-13T23:39:49.315618417+03:00","Action":"output","Package":"virmill.local/core/internal/ui/cli","Test":"TestColdRecoveryCLIRefusesImplicitApplyAndMalformedInput/create--plan=false","Output":"--- PASS: TestColdRecoveryCLIRefusesImplicitApplyAndMalformedInput/create--plan=false (0.00s)\n","OutputType":"frame"}
{"Time":"2026-09-13T23:39:49.315633917+03:00","Action":"pass","Package":"virmill.local/core/internal/ui/cli","Test":"TestColdRecoveryCLIRefusesImplicitApplyAndMalformedInput/create--plan=false","Elapsed":0}
{"Time":"2026-09-13T23:39:49.315657329+03:00","Action":"run","Package":"virmill.local/core/internal/ui/cli","Test":"TestColdRecoveryCLIRefusesImplicitApplyAndMalformedInput/create--input_{\"sourceRoot\":\"/a\",\"sourceRoot\":\"/b\"}"}
{"Time":"2026-09-13T23:39:49.315661725+03:00","Action":"output","Package":"virmill.local/core/internal/ui/cli","Test":"TestColdRecoveryCLIRefusesImplicitApplyAndMalformedInput/create--input_{\"sourceRoot\":\"/a\",\"sourceRoot\":\"/b\"}","Output":"=== RUN   TestColdRecoveryCLIRefusesImplicitApplyAndMalformedInput/create--input_{\"sourceRoot\":\"/a\",\"sourceRoot\":\"/b\"}\n","OutputType":"frame"}
{"Time":"2026-09-13T23:39:49.316395082+03:00","Action":"output","Package":"virmill.local/core/internal/ui/cli","Test":"TestColdRecoveryCLIRefusesImplicitApplyAndMalformedInput/create--input_{\"sourceRoot\":\"/a\",\"sourceRoot\":\"/b\"}","Output":"--- PASS: TestColdRecoveryCLIRefusesImplicitApplyAndMalformedInput/create--input_{\"sourceRoot\":\"/a\",\"sourceRoot\":\"/b\"} (0.00s)\n","OutputType":"frame"}
{"Time":"2026-09-13T23:39:49.316411883+03:00","Action":"pass","Package":"virmill.local/core/internal/ui/cli","Test":"TestColdRecoveryCLIRefusesImplicitApplyAndMalformedInput/create--input_{\"sourceRoot\":\"/a\",\"sourceRoot\":\"/b\"}","Elapsed":0}
{"Time":"2026-09-13T23:39:49.316429025+03:00","Action":"run","Package":"virmill.local/core/internal/ui/cli","Test":"TestColdRecoveryCLIRefusesImplicitApplyAndMalformedInput/create--input_[]"}
{"Time":"2026-09-13T23:39:49.316432443+03:00","Action":"output","Package":"virmill.local/core/internal/ui/cli","Test":"TestColdRecoveryCLIRefusesImplicitApplyAndMalformedInput/create--input_[]","Output":"=== RUN   TestColdRecoveryCLIRefusesImplicitApplyAndMalformedInput/create--input_[]\n","OutputType":"frame"}
{"Time":"2026-09-13T23:39:49.317077705+03:00","Action":"output","Package":"virmill.local/core/internal/ui/cli","Test":"TestColdRecoveryCLIRefusesImplicitApplyAndMalformedInput/create--input_[]","Output":"--- PASS: TestColdRecoveryCLIRefusesImplicitApplyAndMalformedInput/create--input_[] (0.00s)\n","OutputType":"frame"}
{"Time":"2026-09-13T23:39:49.317087587+03:00","Action":"pass","Package":"virmill.local/core/internal/ui/cli","Test":"TestColdRecoveryCLIRefusesImplicitApplyAndMalformedInput/create--input_[]","Elapsed":0}
{"Time":"2026-09-13T23:39:49.317107714+03:00","Action":"run","Package":"virmill.local/core/internal/ui/cli","Test":"TestColdRecoveryCLIRefusesImplicitApplyAndMalformedInput/restore--plan=false"}
{"Time":"2026-09-13T23:39:49.317111195+03:00","Action":"output","Package":"virmill.local/core/internal/ui/cli","Test":"TestColdRecoveryCLIRefusesImplicitApplyAndMalformedInput/restore--plan=false","Output":"=== RUN   TestColdRecoveryCLIRefusesImplicitApplyAndMalformedInput/restore--plan=false\n","OutputType":"frame"}
{"Time":"2026-09-13T23:39:49.317758467+03:00","Action":"output","Package":"virmill.local/core/internal/ui/cli","Test":"TestColdRecoveryCLIRefusesImplicitApplyAndMalformedInput/restore--plan=false","Output":"--- PASS: TestColdRecoveryCLIRefusesImplicitApplyAndMalformedInput/restore--plan=false (0.00s)\n","OutputType":"frame"}
{"Time":"2026-09-13T23:39:49.317773373+03:00","Action":"pass","Package":"virmill.local/core/internal/ui/cli","Test":"TestColdRecoveryCLIRefusesImplicitApplyAndMalformedInput/restore--plan=false","Elapsed":0}
{"Time":"2026-09-13T23:39:49.317796154+03:00","Action":"run","Package":"virmill.local/core/internal/ui/cli","Test":"TestColdRecoveryCLIRefusesImplicitApplyAndMalformedInput/restore--input_{\"sourceRoot\":\"/a\",\"sourceRoot\":\"/b\"}"}
{"Time":"2026-09-13T23:39:49.317799736+03:00","Action":"output","Package":"virmill.local/core/internal/ui/cli","Test":"TestColdRecoveryCLIRefusesImplicitApplyAndMalformedInput/restore--input_{\"sourceRoot\":\"/a\",\"sourceRoot\":\"/b\"}","Output":"=== RUN   TestColdRecoveryCLIRefusesImplicitApplyAndMalformedInput/restore--input_{\"sourceRoot\":\"/a\",\"sourceRoot\":\"/b\"}\n","OutputType":"frame"}
{"Time":"2026-09-13T23:39:49.318443308+03:00","Action":"output","Package":"virmill.local/core/internal/ui/cli","Test":"TestColdRecoveryCLIRefusesImplicitApplyAndMalformedInput/restore--input_{\"sourceRoot\":\"/a\",\"sourceRoot\":\"/b\"}","Output":"--- PASS: TestColdRecoveryCLIRefusesImplicitApplyAndMalformedInput/restore--input_{\"sourceRoot\":\"/a\",\"sourceRoot\":\"/b\"} (0.00s)\n","OutputType":"frame"}
{"Time":"2026-09-13T23:39:49.318456101+03:00","Action":"pass","Package":"virmill.local/core/internal/ui/cli","Test":"TestColdRecoveryCLIRefusesImplicitApplyAndMalformedInput/restore--input_{\"sourceRoot\":\"/a\",\"sourceRoot\":\"/b\"}","Elapsed":0}
{"Time":"2026-09-13T23:39:49.318476987+03:00","Action":"run","Package":"virmill.local/core/internal/ui/cli","Test":"TestColdRecoveryCLIRefusesImplicitApplyAndMalformedInput/restore--input_[]"}
{"Time":"2026-09-13T23:39:49.31848073+03:00","Action":"output","Package":"virmill.local/core/internal/ui/cli","Test":"TestColdRecoveryCLIRefusesImplicitApplyAndMalformedInput/restore--input_[]","Output":"=== RUN   TestColdRecoveryCLIRefusesImplicitApplyAndMalformedInput/restore--input_[]\n","OutputType":"frame"}
{"Time":"2026-09-13T23:39:49.319223208+03:00","Action":"output","Package":"virmill.local/core/internal/ui/cli","Test":"TestColdRecoveryCLIRefusesImplicitApplyAndMalformedInput/restore--input_[]","Output":"--- PASS: TestColdRecoveryCLIRefusesImplicitApplyAndMalformedInput/restore--input_[] (0.00s)\n","OutputType":"frame"}
{"Time":"2026-09-13T23:39:49.319230261+03:00","Action":"pass","Package":"virmill.local/core/internal/ui/cli","Test":"TestColdRecoveryCLIRefusesImplicitApplyAndMalformedInput/restore--input_[]","Elapsed":0}
{"Time":"2026-09-13T23:39:49.319242951+03:00","Action":"output","Package":"virmill.local/core/internal/ui/cli","Test":"TestColdRecoveryCLIRefusesImplicitApplyAndMalformedInput","Output":"--- PASS: TestColdRecoveryCLIRefusesImplicitApplyAndMalformedInput (0.00s)\n","OutputType":"frame"}
{"Time":"2026-09-13T23:39:49.319251629+03:00","Action":"pass","Package":"virmill.local/core/internal/ui/cli","Test":"TestColdRecoveryCLIRefusesImplicitApplyAndMalformedInput","Elapsed":0}
{"Time":"2026-09-13T23:39:49.319261521+03:00","Action":"run","Package":"virmill.local/core/internal/ui/cli","Test":"TestConsoleOpenRequiresInteractiveTerminal"}
{"Time":"2026-09-13T23:39:49.319264307+03:00","Action":"output","Package":"virmill.local/core/internal/ui/cli","Test":"TestConsoleOpenRequiresInteractiveTerminal","Output":"=== RUN   TestConsoleOpenRequiresInteractiveTerminal\n","OutputType":"frame"}
{"Time":"2026-09-13T23:39:49.320669152+03:00","Action":"output","Package":"virmill.local/core/internal/ui/cli","Test":"TestConsoleOpenRequiresInteractiveTerminal","Output":"--- PASS: TestConsoleOpenRequiresInteractiveTerminal (0.00s)\n","OutputType":"frame"}
{"Time":"2026-09-13T23:39:49.320686327+03:00","Action":"pass","Package":"virmill.local/core/internal/ui/cli","Test":"TestConsoleOpenRequiresInteractiveTerminal","Elapsed":0}
{"Time":"2026-09-13T23:39:49.320691986+03:00","Action":"run","Package":"virmill.local/core/internal/ui/cli","Test":"TestCreationEstimateCLIShowsAndReusesPersistedReview"}
{"Time":"2026-09-13T23:39:49.320694832+03:00","Action":"output","Package":"virmill.local/core/internal/ui/cli","Test":"TestCreationEstimateCLIShowsAndReusesPersistedReview","Output":"=== RUN   TestCreationEstimateCLIShowsAndReusesPersistedReview\n","OutputType":"frame"}
{"Time":"2026-09-13T23:39:49.321007311+03:00","Action":"run","Package":"virmill.local/core/internal/ui/cli","Test":"TestCreationEstimateCLIShowsAndReusesPersistedReview/table"}
{"Time":"2026-09-13T23:39:49.321012124+03:00","Action":"output","Package":"virmill.local/core/internal/ui/cli","Test":"TestCreationEstimateCLIShowsAndReusesPersistedReview/table","Output":"=== RUN   TestCreationEstimateCLIShowsAndReusesPersistedReview/table\n","OutputType":"frame"}
{"Time":"2026-09-13T23:39:49.351262767+03:00","Action":"output","Package":"virmill.local/core/internal/ui/cli","Test":"TestCreationEstimateCLIShowsAndReusesPersistedReview/table","Output":"--- PASS: TestCreationEstimateCLIShowsAndReusesPersistedReview/table (0.03s)\n","OutputType":"frame"}
{"Time":"2026-09-13T23:39:49.351292835+03:00","Action":"pass","Package":"virmill.local/core/internal/ui/cli","Test":"TestCreationEstimateCLIShowsAndReusesPersistedReview/table","Elapsed":0.03}
{"Time":"2026-09-13T23:39:49.351301187+03:00","Action":"run","Package":"virmill.local/core/internal/ui/cli","Test":"TestCreationEstimateCLIShowsAndReusesPersistedReview/json"}
{"Time":"2026-09-13T23:39:49.351303561+03:00","Action":"output","Package":"virmill.local/core/internal/ui/cli","Test":"TestCreationEstimateCLIShowsAndReusesPersistedReview/json","Output":"=== RUN   TestCreationEstimateCLIShowsAndReusesPersistedReview/json\n","OutputType":"frame"}
{"Time":"2026-09-13T23:39:49.377532657+03:00","Action":"output","Package":"virmill.local/core/internal/ui/cli","Test":"TestCreationEstimateCLIShowsAndReusesPersistedReview/json","Output":"--- PASS: TestCreationEstimateCLIShowsAndReusesPersistedReview/json (0.03s)\n","OutputType":"frame"}
{"Time":"2026-09-13T23:39:49.377576475+03:00","Action":"pass","Package":"virmill.local/core/internal/ui/cli","Test":"TestCreationEstimateCLIShowsAndReusesPersistedReview/json","Elapsed":0.03}
{"Time":"2026-09-13T23:39:49.377585693+03:00","Action":"run","Package":"virmill.local/core/internal/ui/cli","Test":"TestCreationEstimateCLIShowsAndReusesPersistedReview/ndjson"}
{"Time":"2026-09-13T23:39:49.377587248+03:00","Action":"output","Package":"virmill.local/core/internal/ui/cli","Test":"TestCreationEstimateCLIShowsAndReusesPersistedReview/ndjson","Output":"=== RUN   TestCreationEstimateCLIShowsAndReusesPersistedReview/ndjson\n","OutputType":"frame"}
{"Time":"2026-09-13T23:39:49.404775558+03:00","Action":"output","Package":"virmill.local/core/internal/ui/cli","Test":"TestCreationEstimateCLIShowsAndReusesPersistedReview/ndjson","Output":"--- PASS: TestCreationEstimateCLIShowsAndReusesPersistedReview/ndjson (0.03s)\n","OutputType":"frame"}
{"Time":"2026-09-13T23:39:49.404805745+03:00","Action":"pass","Package":"virmill.local/core/internal/ui/cli","Test":"TestCreationEstimateCLIShowsAndReusesPersistedReview/ndjson","Elapsed":0.03}
{"Time":"2026-09-13T23:39:49.404813078+03:00","Action":"output","Package":"virmill.local/core/internal/ui/cli","Test":"TestCreationEstimateCLIShowsAndReusesPersistedReview","Output":"--- PASS: TestCreationEstimateCLIShowsAndReusesPersistedReview (0.08s)\n","OutputType":"frame"}
{"Time":"2026-09-13T23:39:49.404815235+03:00","Action":"pass","Package":"virmill.local/core/internal/ui/cli","Test":"TestCreationEstimateCLIShowsAndReusesPersistedReview","Elapsed":0.08}
{"Time":"2026-09-13T23:39:49.404823755+03:00","Action":"run","Package":"virmill.local/core/internal/ui/cli","Test":"TestCreationEstimateCLIFailuresDoNotPrintSuccessfulEstimate"}
{"Time":"2026-09-13T23:39:49.404824896+03:00","Action":"output","Package":"virmill.local/core/internal/ui/cli","Test":"TestCreationEstimateCLIFailuresDoNotPrintSuccessfulEstimate","Output":"=== RUN   TestCreationEstimateCLIFailuresDoNotPrintSuccessfulEstimate\n","OutputType":"frame"}
{"Time":"2026-09-13T23:39:49.404827157+03:00","Action":"run","Package":"virmill.local/core/internal/ui/cli","Test":"TestCreationEstimateCLIFailuresDoNotPrintSuccessfulEstimate/preflight-error"}
{"Time":"2026-09-13T23:39:49.404828204+03:00","Action":"output","Package":"virmill.local/core/internal/ui/cli","Test":"TestCreationEstimateCLIFailuresDoNotPrintSuccessfulEstimate/preflight-error","Output":"=== RUN   TestCreationEstimateCLIFailuresDoNotPrintSuccessfulEstimate/preflight-error\n","OutputType":"frame"}
{"Time":"2026-09-13T23:39:49.419662215+03:00","Action":"output","Package":"virmill.local/core/internal/ui/cli","Test":"TestCreationEstimateCLIFailuresDoNotPrintSuccessfulEstimate/preflight-error","Output":"--- PASS: TestCreationEstimateCLIFailuresDoNotPrintSuccessfulEstimate/preflight-error (0.01s)\n","OutputType":"frame"}
{"Time":"2026-09-13T23:39:49.419690787+03:00","Action":"pass","Package":"virmill.local/core/internal/ui/cli","Test":"TestCreationEstimateCLIFailuresDoNotPrintSuccessfulEstimate/preflight-error","Elapsed":0.01}
{"Time":"2026-09-13T23:39:49.419702333+03:00","Action":"run","Package":"virmill.local/core/internal/ui/cli","Test":"TestCreationEstimateCLIFailuresDoNotPrintSuccessfulEstimate/canceled-creation"}
{"Time":"2026-09-13T23:39:49.419703837+03:00","Action":"output","Package":"virmill.local/core/internal/ui/cli","Test":"TestCreationEstimateCLIFailuresDoNotPrintSuccessfulEstimate/canceled-creation","Output":"=== RUN   TestCreationEstimateCLIFailuresDoNotPrintSuccessfulEstimate/canceled-creation\n","OutputType":"frame"}
{"Time":"2026-09-13T23:39:49.436329542+03:00","Action":"output","Package":"virmill.local/core/internal/ui/cli","Test":"TestCreationEstimateCLIFailuresDoNotPrintSuccessfulEstimate/canceled-creation","Output":"--- PASS: TestCreationEstimateCLIFailuresDoNotPrintSuccessfulEstimate/canceled-creation (0.02s)\n","OutputType":"frame"}
{"Time":"2026-09-13T23:39:49.436358465+03:00","Action":"pass","Package":"virmill.local/core/internal/ui/cli","Test":"TestCreationEstimateCLIFailuresDoNotPrintSuccessfulEstimate/canceled-creation","Elapsed":0.02}
{"Time":"2026-09-13T23:39:49.436363034+03:00","Action":"run","Package":"virmill.local/core/internal/ui/cli","Test":"TestCreationEstimateCLIFailuresDoNotPrintSuccessfulEstimate/canceled-plan-show"}
{"Time":"2026-09-13T23:39:49.436364719+03:00","Action":"output","Package":"virmill.local/core/internal/ui/cli","Test":"TestCreationEstimateCLIFailuresDoNotPrintSuccessfulEstimate/canceled-plan-show","Output":"=== RUN   TestCreationEstimateCLIFailuresDoNotPrintSuccessfulEstimate/canceled-plan-show\n","OutputType":"frame"}
{"Time":"2026-09-13T23:39:49.45140234+03:00","Action":"output","Package":"virmill.local/core/internal/ui/cli","Test":"TestCreationEstimateCLIFailuresDoNotPrintSuccessfulEstimate/canceled-plan-show","Output":"--- PASS: TestCreationEstimateCLIFailuresDoNotPrintSuccessfulEstimate/canceled-plan-show (0.01s)\n","OutputType":"frame"}
{"Time":"2026-09-13T23:39:49.451433702+03:00","Action":"pass","Package":"virmill.local/core/internal/ui/cli","Test":"TestCreationEstimateCLIFailuresDoNotPrintSuccessfulEstimate/canceled-plan-show","Elapsed":0.01}
{"Time":"2026-09-13T23:39:49.451440976+03:00","Action":"run","Package":"virmill.local/core/internal/ui/cli","Test":"TestCreationEstimateCLIFailuresDoNotPrintSuccessfulEstimate/transport-error"}
{"Time":"2026-09-13T23:39:49.451443555+03:00","Action":"output","Package":"virmill.local/core/internal/ui/cli","Test":"TestCreationEstimateCLIFailuresDoNotPrintSuccessfulEstimate/transport-error","Output":"=== RUN   TestCreationEstimateCLIFailuresDoNotPrintSuccessfulEstimate/transport-error\n","OutputType":"frame"}
{"Time":"2026-09-13T23:39:49.466317755+03:00","Action":"output","Package":"virmill.local/core/internal/ui/cli","Test":"TestCreationEstimateCLIFailuresDoNotPrintSuccessfulEstimate/transport-error","Output":"--- PASS: TestCreationEstimateCLIFailuresDoNotPrintSuccessfulEstimate/transport-error (0.01s)\n","OutputType":"frame"}
{"Time":"2026-09-13T23:39:49.466350279+03:00","Action":"pass","Package":"virmill.local/core/internal/ui/cli","Test":"TestCreationEstimateCLIFailuresDoNotPrintSuccessfulEstimate/transport-error","Elapsed":0.01}
{"Time":"2026-09-13T23:39:49.466366734+03:00","Action":"run","Package":"virmill.local/core/internal/ui/cli","Test":"TestCreationEstimateCLIFailuresDoNotPrintSuccessfulEstimate/missing-plan"}
{"Time":"2026-09-13T23:39:49.466370515+03:00","Action":"output","Package":"virmill.local/core/internal/ui/cli","Test":"TestCreationEstimateCLIFailuresDoNotPrintSuccessfulEstimate/missing-plan","Output":"=== RUN   TestCreationEstimateCLIFailuresDoNotPrintSuccessfulEstimate/missing-plan\n","OutputType":"frame"}
{"Time":"2026-09-13T23:39:49.481169921+03:00","Action":"output","Package":"virmill.local/core/internal/ui/cli","Test":"TestCreationEstimateCLIFailuresDoNotPrintSuccessfulEstimate/missing-plan","Output":"--- PASS: TestCreationEstimateCLIFailuresDoNotPrintSuccessfulEstimate/missing-plan (0.01s)\n","OutputType":"frame"}
{"Time":"2026-09-13T23:39:49.481203088+03:00","Action":"pass","Package":"virmill.local/core/internal/ui/cli","Test":"TestCreationEstimateCLIFailuresDoNotPrintSuccessfulEstimate/missing-plan","Elapsed":0.01}
{"Time":"2026-09-13T23:39:49.481215403+03:00","Action":"output","Package":"virmill.local/core/internal/ui/cli","Test":"TestCreationEstimateCLIFailuresDoNotPrintSuccessfulEstimate","Output":"--- PASS: TestCreationEstimateCLIFailuresDoNotPrintSuccessfulEstimate (0.08s)\n","OutputType":"frame"}
{"Time":"2026-09-13T23:39:49.481218095+03:00","Action":"pass","Package":"virmill.local/core/internal/ui/cli","Test":"TestCreationEstimateCLIFailuresDoNotPrintSuccessfulEstimate","Elapsed":0.08}
{"Time":"2026-09-13T23:39:49.481222115+03:00","Action":"run","Package":"virmill.local/core/internal/ui/cli","Test":"TestCreationNVRAMCLIReviewAndAuthorization"}
{"Time":"2026-09-13T23:39:49.481224402+03:00","Action":"output","Package":"virmill.local/core/internal/ui/cli","Test":"TestCreationNVRAMCLIReviewAndAuthorization","Output":"=== RUN   TestCreationNVRAMCLIReviewAndAuthorization\n","OutputType":"frame"}
{"Time":"2026-09-13T23:39:49.481227266+03:00","Action":"run","Package":"virmill.local/core/internal/ui/cli","Test":"TestCreationNVRAMCLIReviewAndAuthorization/table"}
{"Time":"2026-09-13T23:39:49.481229061+03:00","Action":"output","Package":"virmill.local/core/internal/ui/cli","Test":"TestCreationNVRAMCLIReviewAndAuthorization/table","Output":"=== RUN   TestCreationNVRAMCLIReviewAndAuthorization/table\n","OutputType":"frame"}
{"Time":"2026-09-13T23:39:49.521058487+03:00","Action":"output","Package":"virmill.local/core/internal/ui/cli","Test":"TestCreationNVRAMCLIReviewAndAuthorization/table","Output":"--- PASS: TestCreationNVRAMCLIReviewAndAuthorization/table (0.04s)\n","OutputType":"frame"}
{"Time":"2026-09-13T23:39:49.521088675+03:00","Action":"pass","Package":"virmill.local/core/internal/ui/cli","Test":"TestCreationNVRAMCLIReviewAndAuthorization/table","Elapsed":0.04}
{"Time":"2026-09-13T23:39:49.521095413+03:00","Action":"run","Package":"virmill.local/core/internal/ui/cli","Test":"TestCreationNVRAMCLIReviewAndAuthorization/json"}
{"Time":"2026-09-13T23:39:49.521097278+03:00","Action":"output","Package":"virmill.local/core/internal/ui/cli","Test":"TestCreationNVRAMCLIReviewAndAuthorization/json","Output":"=== RUN   TestCreationNVRAMCLIReviewAndAuthorization/json\n","OutputType":"frame"}
{"Time":"2026-09-13T23:39:49.559015844+03:00","Action":"output","Package":"virmill.local/core/internal/ui/cli","Test":"TestCreationNVRAMCLIReviewAndAuthorization/json","Output":"--- PASS: TestCreationNVRAMCLIReviewAndAuthorization/json (0.04s)\n","OutputType":"frame"}
{"Time":"2026-09-13T23:39:49.559043136+03:00","Action":"pass","Package":"virmill.local/core/internal/ui/cli","Test":"TestCreationNVRAMCLIReviewAndAuthorization/json","Elapsed":0.04}
{"Time":"2026-09-13T23:39:49.55904761+03:00","Action":"run","Package":"virmill.local/core/internal/ui/cli","Test":"TestCreationNVRAMCLIReviewAndAuthorization/ndjson"}
{"Time":"2026-09-13T23:39:49.559049294+03:00","Action":"output","Package":"virmill.local/core/internal/ui/cli","Test":"TestCreationNVRAMCLIReviewAndAuthorization/ndjson","Output":"=== RUN   TestCreationNVRAMCLIReviewAndAuthorization/ndjson\n","OutputType":"frame"}
{"Time":"2026-09-13T23:39:49.600750731+03:00","Action":"output","Package":"virmill.local/core/internal/ui/cli","Test":"TestCreationNVRAMCLIReviewAndAuthorization/ndjson","Output":"--- PASS: TestCreationNVRAMCLIReviewAndAuthorization/ndjson (0.04s)\n","OutputType":"frame"}
{"Time":"2026-09-13T23:39:49.60078279+03:00","Action":"pass","Package":"virmill.local/core/internal/ui/cli","Test":"TestCreationNVRAMCLIReviewAndAuthorization/ndjson","Elapsed":0.04}
{"Time":"2026-09-13T23:39:49.600794155+03:00","Action":"output","Package":"virmill.local/core/internal/ui/cli","Test":"TestCreationNVRAMCLIReviewAndAuthorization","Output":"--- PASS: TestCreationNVRAMCLIReviewAndAuthorization (0.12s)\n","OutputType":"frame"}
{"Time":"2026-09-13T23:39:49.600798536+03:00","Action":"pass","Package":"virmill.local/core/internal/ui/cli","Test":"TestCreationNVRAMCLIReviewAndAuthorization","Elapsed":0.12}
{"Time":"2026-09-13T23:39:49.600803925+03:00","Action":"run","Package":"virmill.local/core/internal/ui/cli","Test":"TestCreationNVRAMCLIResultStages"}
{"Time":"2026-09-13T23:39:49.60080717+03:00","Action":"output","Package":"virmill.local/core/internal/ui/cli","Test":"TestCreationNVRAMCLIResultStages","Output":"=== RUN   TestCreationNVRAMCLIResultStages\n","OutputType":"frame"}
{"Time":"2026-09-13T23:39:49.600811934+03:00","Action":"run","Package":"virmill.local/core/internal/ui/cli","Test":"TestCreationNVRAMCLIResultStages/table/bound"}
{"Time":"2026-09-13T23:39:49.600814378+03:00","Action":"output","Package":"virmill.local/core/internal/ui/cli","Test":"TestCreationNVRAMCLIResultStages/table/bound","Output":"=== RUN   TestCreationNVRAMCLIResultStages/table/bound\n","OutputType":"frame"}
{"Time":"2026-09-13T23:39:49.630960296+03:00","Action":"output","Package":"virmill.local/core/internal/ui/cli","Test":"TestCreationNVRAMCLIResultStages/table/bound","Output":"--- PASS: TestCreationNVRAMCLIResultStages/table/bound (0.03s)\n","OutputType":"frame"}
{"Time":"2026-09-13T23:39:49.631118153+03:00","Action":"pass","Package":"virmill.local/core/internal/ui/cli","Test":"TestCreationNVRAMCLIResultStages/table/bound","Elapsed":0.03}
{"Time":"2026-09-13T23:39:49.631139546+03:00","Action":"run","Package":"virmill.local/core/internal/ui/cli","Test":"TestCreationNVRAMCLIResultStages/table/bound-running"}
{"Time":"2026-09-13T23:39:49.631145385+03:00","Action":"output","Package":"virmill.local/core/internal/ui/cli","Test":"TestCreationNVRAMCLIResultStages/table/bound-running","Output":"=== RUN   TestCreationNVRAMCLIResultStages/table/bound-running\n","OutputType":"frame"}
{"Time":"2026-09-13T23:39:49.659086835+03:00","Action":"output","Package":"virmill.local/core/internal/ui/cli","Test":"TestCreationNVRAMCLIResultStages/table/bound-running","Output":"--- PASS: TestCreationNVRAMCLIResultStages/table/bound-running (0.03s)\n","OutputType":"frame"}
{"Time":"2026-09-13T23:39:49.65914104+03:00","Action":"pass","Package":"virmill.local/core/internal/ui/cli","Test":"TestCreationNVRAMCLIResultStages/table/bound-running","Elapsed":0.03}
{"Time":"2026-09-13T23:39:49.65915703+03:00","Action":"run","Package":"virmill.local/core/internal/ui/cli","Test":"TestCreationNVRAMCLIResultStages/table/pending"}
{"Time":"2026-09-13T23:39:49.659159007+03:00","Action":"output","Package":"virmill.local/core/internal/ui/cli","Test":"TestCreationNVRAMCLIResultStages/table/pending","Output":"=== RUN   TestCreationNVRAMCLIResultStages/table/pending\n","OutputType":"frame"}
{"Time":"2026-09-13T23:39:49.681283443+03:00","Action":"output","Package":"virmill.local/core/internal/ui/cli","Test":"TestCreationNVRAMCLIResultStages/table/pending","Output":"--- PASS: TestCreationNVRAMCLIResultStages/table/pending (0.02s)\n","OutputType":"frame"}
{"Time":"2026-09-13T23:39:49.681312986+03:00","Action":"pass","Package":"virmill.local/core/internal/ui/cli","Test":"TestCreationNVRAMCLIResultStages/table/pending","Elapsed":0.02}
{"Time":"2026-09-13T23:39:49.681320324+03:00","Action":"run","Package":"virmill.local/core/internal/ui/cli","Test":"TestCreationNVRAMCLIResultStages/table/pending-partial"}
{"Time":"2026-09-13T23:39:49.681324885+03:00","Action":"output","Package":"virmill.local/core/internal/ui/cli","Test":"TestCreationNVRAMCLIResultStages/table/pending-partial","Output":"=== RUN   TestCreationNVRAMCLIResultStages/table/pending-partial\n","OutputType":"frame"}
{"Time":"2026-09-13T23:39:49.705835512+03:00","Action":"output","Package":"virmill.local/core/internal/ui/cli","Test":"TestCreationNVRAMCLIResultStages/table/pending-partial","Output":"--- PASS: TestCreationNVRAMCLIResultStages/table/pending-partial (0.02s)\n","OutputType":"frame"}
{"Time":"2026-09-13T23:39:49.70587977+03:00","Action":"pass","Package":"virmill.local/core/internal/ui/cli","Test":"TestCreationNVRAMCLIResultStages/table/pending-partial","Elapsed":0.02}
{"Time":"2026-09-13T23:39:49.705886793+03:00","Action":"run","Package":"virmill.local/core/internal/ui/cli","Test":"TestCreationNVRAMCLIResultStages/table/legacy-succeeded"}
{"Time":"2026-09-13T23:39:49.705888526+03:00","Action":"output","Package":"virmill.local/core/internal/ui/cli","Test":"TestCreationNVRAMCLIResultStages/table/legacy-succeeded","Output":"=== RUN   TestCreationNVRAMCLIResultStages/table/legacy-succeeded\n","OutputType":"frame"}
{"Time":"2026-09-13T23:39:49.73951365+03:00","Action":"output","Package":"virmill.local/core/internal/ui/cli","Test":"TestCreationNVRAMCLIResultStages/table/legacy-succeeded","Output":"--- PASS: TestCreationNVRAMCLIResultStages/table/legacy-succeeded (0.03s)\n","OutputType":"frame"}
{"Time":"2026-09-13T23:39:49.739548214+03:00","Action":"pass","Package":"virmill.local/core/internal/ui/cli","Test":"TestCreationNVRAMCLIResultStages/table/legacy-succeeded","Elapsed":0.03}
{"Time":"2026-09-13T23:39:49.739555235+03:00","Action":"run","Package":"virmill.local/core/internal/ui/cli","Test":"TestCreationNVRAMCLIResultStages/table/legacy-pending"}
{"Time":"2026-09-13T23:39:49.739556877+03:00","Action":"output","Package":"virmill.local/core/internal/ui/cli","Test":"TestCreationNVRAMCLIResultStages/table/legacy-pending","Output":"=== RUN   TestCreationNVRAMCLIResultStages/table/legacy-pending\n","OutputType":"frame"}
{"Time":"2026-09-13T23:39:49.771729284+03:00","Action":"output","Package":"virmill.local/core/internal/ui/cli","Test":"TestCreationNVRAMCLIResultStages/table/legacy-pending","Output":"--- PASS: TestCreationNVRAMCLIResultStages/table/legacy-pending (0.03s)\n","OutputType":"frame"}
{"Time":"2026-09-13T23:39:49.77176353+03:00","Action":"pass","Package":"virmill.local/core/internal/ui/cli","Test":"TestCreationNVRAMCLIResultStages/table/legacy-pending","Elapsed":0.03}
{"Time":"2026-09-13T23:39:49.771776704+03:00","Action":"run","Package":"virmill.local/core/internal/ui/cli","Test":"TestCreationNVRAMCLIResultStages/table/missing-binding"}
{"Time":"2026-09-13T23:39:49.771778324+03:00","Action":"output","Package":"virmill.local/core/internal/ui/cli","Test":"TestCreationNVRAMCLIResultStages/table/missing-binding","Output":"=== RUN   TestCreationNVRAMCLIResultStages/table/missing-binding\n","OutputType":"frame"}
{"Time":"2026-09-13T23:39:49.79564776+03:00","Action":"output","Package":"virmill.local/core/internal/ui/cli","Test":"TestCreationNVRAMCLIResultStages/table/missing-binding","Output":"--- PASS: TestCreationNVRAMCLIResultStages/table/missing-binding (0.02s)\n","OutputType":"frame"}
{"Time":"2026-09-13T23:39:49.795677364+03:00","Action":"pass","Package":"virmill.local/core/internal/ui/cli","Test":"TestCreationNVRAMCLIResultStages/table/missing-binding","Elapsed":0.02}
{"Time":"2026-09-13T23:39:49.795683412+03:00","Action":"run","Package":"virmill.local/core/internal/ui/cli","Test":"TestCreationNVRAMCLIResultStages/table/conflicting-binding"}
{"Time":"2026-09-13T23:39:49.795685327+03:00","Action":"output","Package":"virmill.local/core/internal/ui/cli","Test":"TestCreationNVRAMCLIResultStages/table/conflicting-binding","Output":"=== RUN   TestCreationNVRAMCLIResultStages/table/conflicting-binding\n","OutputType":"frame"}
{"Time":"2026-09-13T23:39:49.82107477+03:00","Action":"output","Package":"virmill.local/core/internal/ui/cli","Test":"TestCreationNVRAMCLIResultStages/table/conflicting-binding","Output":"--- PASS: TestCreationNVRAMCLIResultStages/table/conflicting-binding (0.03s)\n","OutputType":"frame"}
{"Time":"2026-09-13T23:39:49.821111715+03:00","Action":"pass","Package":"virmill.local/core/internal/ui/cli","Test":"TestCreationNVRAMCLIResultStages/table/conflicting-binding","Elapsed":0.03}
{"Time":"2026-09-13T23:39:49.82124346+03:00","Action":"run","Package":"virmill.local/core/internal/ui/cli","Test":"TestCreationNVRAMCLIResultStages/table/failed-bound"}
{"Time":"2026-09-13T23:39:49.821247642+03:00","Action":"output","Package":"virmill.local/core/internal/ui/cli","Test":"TestCreationNVRAMCLIResultStages/table/failed-bound","Output":"=== RUN   TestCreationNVRAMCLIResultStages/table/failed-bound\n","OutputType":"frame"}
{"Time":"2026-09-13T23:39:49.848555049+03:00","Action":"output","Package":"virmill.local/core/internal/ui/cli","Test":"TestCreationNVRAMCLIResultStages/table/failed-bound","Output":"--- PASS: TestCreationNVRAMCLIResultStages/table/failed-bound (0.03s)\n","OutputType":"frame"}
{"Time":"2026-09-13T23:39:49.848586894+03:00","Action":"pass","Package":"virmill.local/core/internal/ui/cli","Test":"TestCreationNVRAMCLIResultStages/table/failed-bound","Elapsed":0.03}
{"Time":"2026-09-13T23:39:49.848594279+03:00","Action":"run","Package":"virmill.local/core/internal/ui/cli","Test":"TestCreationNVRAMCLIResultStages/json/bound"}
{"Time":"2026-09-13T23:39:49.848599298+03:00","Action":"output","Package":"virmill.local/core/internal/ui/cli","Test":"TestCreationNVRAMCLIResultStages/json/bound","Output":"=== RUN   TestCreationNVRAMCLIResultStages/json/bound\n","OutputType":"frame"}
{"Time":"2026-09-13T23:39:49.875617079+03:00","Action":"output","Package":"virmill.local/core/internal/ui/cli","Test":"TestCreationNVRAMCLIResultStages/json/bound","Output":"--- PASS: TestCreationNVRAMCLIResultStages/json/bound (0.03s)\n","OutputType":"frame"}
{"Time":"2026-09-13T23:39:49.875646849+03:00","Action":"pass","Package":"virmill.local/core/internal/ui/cli","Test":"TestCreationNVRAMCLIResultStages/json/bound","Elapsed":0.03}
{"Time":"2026-09-13T23:39:49.875654895+03:00","Action":"run","Package":"virmill.local/core/internal/ui/cli","Test":"TestCreationNVRAMCLIResultStages/json/bound-running"}
{"Time":"2026-09-13T23:39:49.875657246+03:00","Action":"output","Package":"virmill.local/core/internal/ui/cli","Test":"TestCreationNVRAMCLIResultStages/json/bound-running","Output":"=== RUN   TestCreationNVRAMCLIResultStages/json/bound-running\n","OutputType":"frame"}
{"Time":"2026-09-13T23:39:49.900511192+03:00","Action":"output","Package":"virmill.local/core/internal/ui/cli","Test":"TestCreationNVRAMCLIResultStages/json/bound-running","Output":"--- PASS: TestCreationNVRAMCLIResultStages/json/bound-running (0.02s)\n","OutputType":"frame"}
{"Time":"2026-09-13T23:39:49.900543062+03:00","Action":"pass","Package":"virmill.local/core/internal/ui/cli","Test":"TestCreationNVRAMCLIResultStages/json/bound-running","Elapsed":0.02}
{"Time":"2026-09-13T23:39:49.900553474+03:00","Action":"run","Package":"virmill.local/core/internal/ui/cli","Test":"TestCreationNVRAMCLIResultStages/json/pending"}
{"Time":"2026-09-13T23:39:49.900556332+03:00","Action":"output","Package":"virmill.local/core/internal/ui/cli","Test":"TestCreationNVRAMCLIResultStages/json/pending","Output":"=== RUN   TestCreationNVRAMCLIResultStages/json/pending\n","OutputType":"frame"}
{"Time":"2026-09-13T23:39:49.923120977+03:00","Action":"output","Package":"virmill.local/core/internal/ui/cli","Test":"TestCreationNVRAMCLIResultStages/json/pending","Output":"--- PASS: TestCreationNVRAMCLIResultStages/json/pending (0.02s)\n","OutputType":"frame"}
{"Time":"2026-09-13T23:39:49.923152725+03:00","Action":"pass","Package":"virmill.local/core/internal/ui/cli","Test":"TestCreationNVRAMCLIResultStages/json/pending","Elapsed":0.02}
{"Time":"2026-09-13T23:39:49.92316211+03:00","Action":"run","Package":"virmill.local/core/internal/ui/cli","Test":"TestCreationNVRAMCLIResultStages/json/pending-partial"}
{"Time":"2026-09-13T23:39:49.923165268+03:00","Action":"output","Package":"virmill.local/core/internal/ui/cli","Test":"TestCreationNVRAMCLIResultStages/json/pending-partial","Output":"=== RUN   TestCreationNVRAMCLIResultStages/json/pending-partial\n","OutputType":"frame"}
{"Time":"2026-09-13T23:39:49.944916426+03:00","Action":"output","Package":"virmill.local/core/internal/ui/cli","Test":"TestCreationNVRAMCLIResultStages/json/pending-partial","Output":"--- PASS: TestCreationNVRAMCLIResultStages/json/pending-partial (0.02s)\n","OutputType":"frame"}
{"Time":"2026-09-13T23:39:49.944954055+03:00","Action":"pass","Package":"virmill.local/core/internal/ui/cli","Test":"TestCreationNVRAMCLIResultStages/json/pending-partial","Elapsed":0.02}
{"Time":"2026-09-13T23:39:49.944961452+03:00","Action":"run","Package":"virmill.local/core/internal/ui/cli","Test":"TestCreationNVRAMCLIResultStages/json/legacy-succeeded"}
{"Time":"2026-09-13T23:39:49.944964364+03:00","Action":"output","Package":"virmill.local/core/internal/ui/cli","Test":"TestCreationNVRAMCLIResultStages/json/legacy-succeeded","Output":"=== RUN   TestCreationNVRAMCLIResultStages/json/legacy-succeeded\n","OutputType":"frame"}
{"Time":"2026-09-13T23:39:49.978246222+03:00","Action":"output","Package":"virmill.local/core/internal/ui/cli","Test":"TestCreationNVRAMCLIResultStages/json/legacy-succeeded","Output":"--- PASS: TestCreationNVRAMCLIResultStages/json/legacy-succeeded (0.03s)\n","OutputType":"frame"}
{"Time":"2026-09-13T23:39:49.978280255+03:00","Action":"pass","Package":"virmill.local/core/internal/ui/cli","Test":"TestCreationNVRAMCLIResultStages/json/legacy-succeeded","Elapsed":0.03}
{"Time":"2026-09-13T23:39:49.97829+03:00","Action":"run","Package":"virmill.local/core/internal/ui/cli","Test":"TestCreationNVRAMCLIResultStages/json/legacy-pending"}
{"Time":"2026-09-13T23:39:49.978293364+03:00","Action":"output","Package":"virmill.local/core/internal/ui/cli","Test":"TestCreationNVRAMCLIResultStages/json/legacy-pending","Output":"=== RUN   TestCreationNVRAMCLIResultStages/json/legacy-pending\n","OutputType":"frame"}
{"Time":"2026-09-13T23:39:50.010861879+03:00","Action":"output","Package":"virmill.local/core/internal/ui/cli","Test":"TestCreationNVRAMCLIResultStages/json/legacy-pending","Output":"--- PASS: TestCreationNVRAMCLIResultStages/json/legacy-pending (0.03s)\n","OutputType":"frame"}
{"Time":"2026-09-13T23:39:50.010899132+03:00","Action":"pass","Package":"virmill.local/core/internal/ui/cli","Test":"TestCreationNVRAMCLIResultStages/json/legacy-pending","Elapsed":0.03}
{"Time":"2026-09-13T23:39:50.010906012+03:00","Action":"run","Package":"virmill.local/core/internal/ui/cli","Test":"TestCreationNVRAMCLIResultStages/json/missing-binding"}
{"Time":"2026-09-13T23:39:50.010908578+03:00","Action":"output","Package":"virmill.local/core/internal/ui/cli","Test":"TestCreationNVRAMCLIResultStages/json/missing-binding","Output":"=== RUN   TestCreationNVRAMCLIResultStages/json/missing-binding\n","OutputType":"frame"}
{"Time":"2026-09-13T23:39:50.033464414+03:00","Action":"output","Package":"virmill.local/core/internal/ui/cli","Test":"TestCreationNVRAMCLIResultStages/json/missing-binding","Output":"--- PASS: TestCreationNVRAMCLIResultStages/json/missing-binding (0.02s)\n","OutputType":"frame"}
{"Time":"2026-09-13T23:39:50.033498112+03:00","Action":"pass","Package":"virmill.local/core/internal/ui/cli","Test":"TestCreationNVRAMCLIResultStages/json/missing-binding","Elapsed":0.02}
{"Time":"2026-09-13T23:39:50.033508559+03:00","Action":"run","Package":"virmill.local/core/internal/ui/cli","Test":"TestCreationNVRAMCLIResultStages/json/conflicting-binding"}
{"Time":"2026-09-13T23:39:50.033512207+03:00","Action":"output","Package":"virmill.local/core/internal/ui/cli","Test":"TestCreationNVRAMCLIResultStages/json/conflicting-binding","Output":"=== RUN   TestCreationNVRAMCLIResultStages/json/conflicting-binding\n","OutputType":"frame"}
{"Time":"2026-09-13T23:39:50.059605154+03:00","Action":"output","Package":"virmill.local/core/internal/ui/cli","Test":"TestCreationNVRAMCLIResultStages/json/conflicting-binding","Output":"--- PASS: TestCreationNVRAMCLIResultStages/json/conflicting-binding (0.03s)\n","OutputType":"frame"}
{"Time":"2026-09-13T23:39:50.059636724+03:00","Action":"pass","Package":"virmill.local/core/internal/ui/cli","Test":"TestCreationNVRAMCLIResultStages/json/conflicting-binding","Elapsed":0.03}
{"Time":"2026-09-13T23:39:50.059644449+03:00","Action":"run","Package":"virmill.local/core/internal/ui/cli","Test":"TestCreationNVRAMCLIResultStages/json/failed-bound"}
{"Time":"2026-09-13T23:39:50.059646735+03:00","Action":"output","Package":"virmill.local/core/internal/ui/cli","Test":"TestCreationNVRAMCLIResultStages/json/failed-bound","Output":"=== RUN   TestCreationNVRAMCLIResultStages/json/failed-bound\n","OutputType":"frame"}
{"Time":"2026-09-13T23:39:50.083013911+03:00","Action":"output","Package":"virmill.local/core/internal/ui/cli","Test":"TestCreationNVRAMCLIResultStages/json/failed-bound","Output":"--- PASS: TestCreationNVRAMCLIResultStages/json/failed-bound (0.02s)\n","OutputType":"frame"}
{"Time":"2026-09-13T23:39:50.083047241+03:00","Action":"pass","Package":"virmill.local/core/internal/ui/cli","Test":"TestCreationNVRAMCLIResultStages/json/failed-bound","Elapsed":0.02}
{"Time":"2026-09-13T23:39:50.083054358+03:00","Action":"run","Package":"virmill.local/core/internal/ui/cli","Test":"TestCreationNVRAMCLIResultStages/ndjson/bound"}
{"Time":"2026-09-13T23:39:50.083056908+03:00","Action":"output","Package":"virmill.local/core/internal/ui/cli","Test":"TestCreationNVRAMCLIResultStages/ndjson/bound","Output":"=== RUN   TestCreationNVRAMCLIResultStages/ndjson/bound\n","OutputType":"frame"}
{"Time":"2026-09-13T23:39:50.106936315+03:00","Action":"output","Package":"virmill.local/core/internal/ui/cli","Test":"TestCreationNVRAMCLIResultStages/ndjson/bound","Output":"--- PASS: TestCreationNVRAMCLIResultStages/ndjson/bound (0.02s)\n","OutputType":"frame"}
{"Time":"2026-09-13T23:39:50.106967135+03:00","Action":"pass","Package":"virmill.local/core/internal/ui/cli","Test":"TestCreationNVRAMCLIResultStages/ndjson/bound","Elapsed":0.02}
{"Time":"2026-09-13T23:39:50.10697339+03:00","Action":"run","Package":"virmill.local/core/internal/ui/cli","Test":"TestCreationNVRAMCLIResultStages/ndjson/bound-running"}
{"Time":"2026-09-13T23:39:50.106975175+03:00","Action":"output","Package":"virmill.local/core/internal/ui/cli","Test":"TestCreationNVRAMCLIResultStages/ndjson/bound-running","Output":"=== RUN   TestCreationNVRAMCLIResultStages/ndjson/bound-running\n","OutputType":"frame"}
{"Time":"2026-09-13T23:39:50.134061425+03:00","Action":"output","Package":"virmill.local/core/internal/ui/cli","Test":"TestCreationNVRAMCLIResultStages/ndjson/bound-running","Output":"--- PASS: TestCreationNVRAMCLIResultStages/ndjson/bound-running (0.03s)\n","OutputType":"frame"}
{"Time":"2026-09-13T23:39:50.134083017+03:00","Action":"pass","Package":"virmill.local/core/internal/ui/cli","Test":"TestCreationNVRAMCLIResultStages/ndjson/bound-running","Elapsed":0.03}
{"Time":"2026-09-13T23:39:50.134092117+03:00","Action":"run","Package":"virmill.local/core/internal/ui/cli","Test":"TestCreationNVRAMCLIResultStages/ndjson/pending"}
{"Time":"2026-09-13T23:39:50.134094785+03:00","Action":"output","Package":"virmill.local/core/internal/ui/cli","Test":"TestCreationNVRAMCLIResultStages/ndjson/pending","Output":"=== RUN   TestCreationNVRAMCLIResultStages/ndjson/pending\n","OutputType":"frame"}
{"Time":"2026-09-13T23:39:50.155145283+03:00","Action":"output","Package":"virmill.local/core/internal/ui/cli","Test":"TestCreationNVRAMCLIResultStages/ndjson/pending","Output":"--- PASS: TestCreationNVRAMCLIResultStages/ndjson/pending (0.02s)\n","OutputType":"frame"}
{"Time":"2026-09-13T23:39:50.155164969+03:00","Action":"pass","Package":"virmill.local/core/internal/ui/cli","Test":"TestCreationNVRAMCLIResultStages/ndjson/pending","Elapsed":0.02}
{"Time":"2026-09-13T23:39:50.15517498+03:00","Action":"run","Package":"virmill.local/core/internal/ui/cli","Test":"TestCreationNVRAMCLIResultStages/ndjson/pending-partial"}
{"Time":"2026-09-13T23:39:50.155178325+03:00","Action":"output","Package":"virmill.local/core/internal/ui/cli","Test":"TestCreationNVRAMCLIResultStages/ndjson/pending-partial","Output":"=== RUN   TestCreationNVRAMCLIResultStages/ndjson/pending-partial\n","OutputType":"frame"}
{"Time":"2026-09-13T23:39:50.178729042+03:00","Action":"output","Package":"virmill.local/core/internal/ui/cli","Test":"TestCreationNVRAMCLIResultStages/ndjson/pending-partial","Output":"--- PASS: TestCreationNVRAMCLIResultStages/ndjson/pending-partial (0.02s)\n","OutputType":"frame"}
{"Time":"2026-09-13T23:39:50.17876028+03:00","Action":"pass","Package":"virmill.local/core/internal/ui/cli","Test":"TestCreationNVRAMCLIResultStages/ndjson/pending-partial","Elapsed":0.02}
{"Time":"2026-09-13T23:39:50.178768792+03:00","Action":"run","Package":"virmill.local/core/internal/ui/cli","Test":"TestCreationNVRAMCLIResultStages/ndjson/legacy-succeeded"}
{"Time":"2026-09-13T23:39:50.178772389+03:00","Action":"output","Package":"virmill.local/core/internal/ui/cli","Test":"TestCreationNVRAMCLIResultStages/ndjson/legacy-succeeded","Output":"=== RUN   TestCreationNVRAMCLIResultStages/ndjson/legacy-succeeded\n","OutputType":"frame"}
{"Time":"2026-09-13T23:39:50.212752441+03:00","Action":"output","Package":"virmill.local/core/internal/ui/cli","Test":"TestCreationNVRAMCLIResultStages/ndjson/legacy-succeeded","Output":"--- PASS: TestCreationNVRAMCLIResultStages/ndjson/legacy-succeeded (0.03s)\n","OutputType":"frame"}
{"Time":"2026-09-13T23:39:50.21278521+03:00","Action":"pass","Package":"virmill.local/core/internal/ui/cli","Test":"TestCreationNVRAMCLIResultStages/ndjson/legacy-succeeded","Elapsed":0.03}
{"Time":"2026-09-13T23:39:50.212793443+03:00","Action":"run","Package":"virmill.local/core/internal/ui/cli","Test":"TestCreationNVRAMCLIResultStages/ndjson/legacy-pending"}
{"Time":"2026-09-13T23:39:50.212796747+03:00","Action":"output","Package":"virmill.local/core/internal/ui/cli","Test":"TestCreationNVRAMCLIResultStages/ndjson/legacy-pending","Output":"=== RUN   TestCreationNVRAMCLIResultStages/ndjson/legacy-pending\n","OutputType":"frame"}
{"Time":"2026-09-13T23:39:50.247470895+03:00","Action":"output","Package":"virmill.local/core/internal/ui/cli","Test":"TestCreationNVRAMCLIResultStages/ndjson/legacy-pending","Output":"--- PASS: TestCreationNVRAMCLIResultStages/ndjson/legacy-pending (0.03s)\n","OutputType":"frame"}
{"Time":"2026-09-13T23:39:50.247499621+03:00","Action":"pass","Package":"virmill.local/core/internal/ui/cli","Test":"TestCreationNVRAMCLIResultStages/ndjson/legacy-pending","Elapsed":0.03}
{"Time":"2026-09-13T23:39:50.247505299+03:00","Action":"run","Package":"virmill.local/core/internal/ui/cli","Test":"TestCreationNVRAMCLIResultStages/ndjson/missing-binding"}
{"Time":"2026-09-13T23:39:50.247507315+03:00","Action":"output","Package":"virmill.local/core/internal/ui/cli","Test":"TestCreationNVRAMCLIResultStages/ndjson/missing-binding","Output":"=== RUN   TestCreationNVRAMCLIResultStages/ndjson/missing-binding\n","OutputType":"frame"}
{"Time":"2026-09-13T23:39:50.24791606+03:00","Action":"output","Package":"virmill.local/core/internal/platform/linux","Output":"ok  \tvirmill.local/core/internal/platform/linux\t1.106s\n"}
{"Time":"2026-09-13T23:39:50.247941882+03:00","Action":"pass","Package":"virmill.local/core/internal/platform/linux","Elapsed":1.106}
{"Time":"2026-09-13T23:39:50.271028123+03:00","Action":"output","Package":"virmill.local/core/internal/ui/cli","Test":"TestCreationNVRAMCLIResultStages/ndjson/missing-binding","Output":"--- PASS: TestCreationNVRAMCLIResultStages/ndjson/missing-binding (0.02s)\n","OutputType":"frame"}
{"Time":"2026-09-13T23:39:50.271053312+03:00","Action":"pass","Package":"virmill.local/core/internal/ui/cli","Test":"TestCreationNVRAMCLIResultStages/ndjson/missing-binding","Elapsed":0.02}
{"Time":"2026-09-13T23:39:50.271062931+03:00","Action":"run","Package":"virmill.local/core/internal/ui/cli","Test":"TestCreationNVRAMCLIResultStages/ndjson/conflicting-binding"}
{"Time":"2026-09-13T23:39:50.271064472+03:00","Action":"output","Package":"virmill.local/core/internal/ui/cli","Test":"TestCreationNVRAMCLIResultStages/ndjson/conflicting-binding","Output":"=== RUN   TestCreationNVRAMCLIResultStages/ndjson/conflicting-binding\n","OutputType":"frame"}
{"Time":"2026-09-13T23:39:50.293677671+03:00","Action":"output","Package":"virmill.local/core/internal/ui/cli","Test":"TestCreationNVRAMCLIResultStages/ndjson/conflicting-binding","Output":"--- PASS: TestCreationNVRAMCLIResultStages/ndjson/conflicting-binding (0.02s)\n","OutputType":"frame"}
{"Time":"2026-09-13T23:39:50.293703998+03:00","Action":"pass","Package":"virmill.local/core/internal/ui/cli","Test":"TestCreationNVRAMCLIResultStages/ndjson/conflicting-binding","Elapsed":0.02}
{"Time":"2026-09-13T23:39:50.293713559+03:00","Action":"run","Package":"virmill.local/core/internal/ui/cli","Test":"TestCreationNVRAMCLIResultStages/ndjson/failed-bound"}
{"Time":"2026-09-13T23:39:50.293716817+03:00","Action":"output","Package":"virmill.local/core/internal/ui/cli","Test":"TestCreationNVRAMCLIResultStages/ndjson/failed-bound","Output":"=== RUN   TestCreationNVRAMCLIResultStages/ndjson/failed-bound\n","OutputType":"frame"}
{"Time":"2026-09-13T23:39:50.319012132+03:00","Action":"output","Package":"virmill.local/core/internal/ui/cli","Test":"TestCreationNVRAMCLIResultStages/ndjson/failed-bound","Output":"--- PASS: TestCreationNVRAMCLIResultStages/ndjson/failed-bound (0.03s)\n","OutputType":"frame"}
{"Time":"2026-09-13T23:39:50.319037846+03:00","Action":"pass","Package":"virmill.local/core/internal/ui/cli","Test":"TestCreationNVRAMCLIResultStages/ndjson/failed-bound","Elapsed":0.03}
{"Time":"2026-09-13T23:39:50.319047005+03:00","Action":"output","Package":"virmill.local/core/internal/ui/cli","Test":"TestCreationNVRAMCLIResultStages","Output":"--- PASS: TestCreationNVRAMCLIResultStages (0.72s)\n","OutputType":"frame"}
{"Time":"2026-09-13T23:39:50.319050814+03:00","Action":"pass","Package":"virmill.local/core/internal/ui/cli","Test":"TestCreationNVRAMCLIResultStages","Elapsed":0.72}
{"Time":"2026-09-13T23:39:50.319054754+03:00","Action":"run","Package":"virmill.local/core/internal/ui/cli","Test":"TestCreationNVRAMCLIFailedObservationDiscardsPriorSuccess"}
{"Time":"2026-09-13T23:39:50.319057347+03:00","Action":"output","Package":"virmill.local/core/internal/ui/cli","Test":"TestCreationNVRAMCLIFailedObservationDiscardsPriorSuccess","Output":"=== RUN   TestCreationNVRAMCLIFailedObservationDiscardsPriorSuccess\n","OutputType":"frame"}
{"Time":"2026-09-13T23:39:50.319069903+03:00","Action":"run","Package":"virmill.local/core/internal/ui/cli","Test":"TestCreationNVRAMCLIFailedObservationDiscardsPriorSuccess/cancellation"}
{"Time":"2026-09-13T23:39:50.319072445+03:00","Action":"output","Package":"virmill.local/core/internal/ui/cli","Test":"TestCreationNVRAMCLIFailedObservationDiscardsPriorSuccess/cancellation","Output":"=== RUN   TestCreationNVRAMCLIFailedObservationDiscardsPriorSuccess/cancellation\n","OutputType":"frame"}
{"Time":"2026-09-13T23:39:50.347265237+03:00","Action":"output","Package":"virmill.local/core/internal/ui/cli","Test":"TestCreationNVRAMCLIFailedObservationDiscardsPriorSuccess/cancellation","Output":"--- PASS: TestCreationNVRAMCLIFailedObservationDiscardsPriorSuccess/cancellation (0.03s)\n","OutputType":"frame"}
{"Time":"2026-09-13T23:39:50.347292667+03:00","Action":"pass","Package":"virmill.local/core/internal/ui/cli","Test":"TestCreationNVRAMCLIFailedObservationDiscardsPriorSuccess/cancellation","Elapsed":0.03}
{"Time":"2026-09-13T23:39:50.347302864+03:00","Action":"run","Package":"virmill.local/core/internal/ui/cli","Test":"TestCreationNVRAMCLIFailedObservationDiscardsPriorSuccess/transport"}
{"Time":"2026-09-13T23:39:50.347305801+03:00","Action":"output","Package":"virmill.local/core/internal/ui/cli","Test":"TestCreationNVRAMCLIFailedObservationDiscardsPriorSuccess/transport","Output":"=== RUN   TestCreationNVRAMCLIFailedObservationDiscardsPriorSuccess/transport\n","OutputType":"frame"}
{"Time":"2026-09-13T23:39:50.373065761+03:00","Action":"output","Package":"virmill.local/core/internal/ui/cli","Test":"TestCreationNVRAMCLIFailedObservationDiscardsPriorSuccess/transport","Output":"--- PASS: TestCreationNVRAMCLIFailedObservationDiscardsPriorSuccess/transport (0.03s)\n","OutputType":"frame"}
{"Time":"2026-09-13T23:39:50.373097402+03:00","Action":"pass","Package":"virmill.local/core/internal/ui/cli","Test":"TestCreationNVRAMCLIFailedObservationDiscardsPriorSuccess/transport","Elapsed":0.03}
{"Time":"2026-09-13T23:39:50.373294181+03:00","Action":"run","Package":"virmill.local/core/internal/ui/cli","Test":"TestCreationNVRAMCLIFailedObservationDiscardsPriorSuccess/missing-job"}
{"Time":"2026-09-13T23:39:50.373312954+03:00","Action":"output","Package":"virmill.local/core/internal/ui/cli","Test":"TestCreationNVRAMCLIFailedObservationDiscardsPriorSuccess/missing-job","Output":"=== RUN   TestCreationNVRAMCLIFailedObservationDiscardsPriorSuccess/missing-job\n","OutputType":"frame"}
{"Time":"2026-09-13T23:39:50.398883259+03:00","Action":"output","Package":"virmill.local/core/internal/ui/cli","Test":"TestCreationNVRAMCLIFailedObservationDiscardsPriorSuccess/missing-job","Output":"--- PASS: TestCreationNVRAMCLIFailedObservationDiscardsPriorSuccess/missing-job (0.03s)\n","OutputType":"frame"}
{"Time":"2026-09-13T23:39:50.398910242+03:00","Action":"pass","Package":"virmill.local/core/internal/ui/cli","Test":"TestCreationNVRAMCLIFailedObservationDiscardsPriorSuccess/missing-job","Elapsed":0.03}
{"Time":"2026-09-13T23:39:50.398918469+03:00","Action":"output","Package":"virmill.local/core/internal/ui/cli","Test":"TestCreationNVRAMCLIFailedObservationDiscardsPriorSuccess","Output":"--- PASS: TestCreationNVRAMCLIFailedObservationDiscardsPriorSuccess (0.08s)\n","OutputType":"frame"}
{"Time":"2026-09-13T23:39:50.398921133+03:00","Action":"pass","Package":"virmill.local/core/internal/ui/cli","Test":"TestCreationNVRAMCLIFailedObservationDiscardsPriorSuccess","Elapsed":0.08}
{"Time":"2026-09-13T23:39:50.398934012+03:00","Action":"run","Package":"virmill.local/core/internal/ui/cli","Test":"TestCreationNVRAMCLINewUEFIRequiresInspectionCapability"}
{"Time":"2026-09-13T23:39:50.398936546+03:00","Action":"output","Package":"virmill.local/core/internal/ui/cli","Test":"TestCreationNVRAMCLINewUEFIRequiresInspectionCapability","Output":"=== RUN   TestCreationNVRAMCLINewUEFIRequiresInspectionCapability\n","OutputType":"frame"}
{"Time":"2026-09-13T23:39:50.402007247+03:00","Action":"output","Package":"virmill.local/core/internal/ui/cli","Test":"TestCreationNVRAMCLINewUEFIRequiresInspectionCapability","Output":"--- PASS: TestCreationNVRAMCLINewUEFIRequiresInspectionCapability (0.00s)\n","OutputType":"frame"}
{"Time":"2026-09-13T23:39:50.402015237+03:00","Action":"pass","Package":"virmill.local/core/internal/ui/cli","Test":"TestCreationNVRAMCLINewUEFIRequiresInspectionCapability","Elapsed":0}
{"Time":"2026-09-13T23:39:50.402018481+03:00","Action":"run","Package":"virmill.local/core/internal/ui/cli","Test":"TestDoctorReportGroupsChecksAndSuggestsInstalls"}
{"Time":"2026-09-13T23:39:50.402024549+03:00","Action":"output","Package":"virmill.local/core/internal/ui/cli","Test":"TestDoctorReportGroupsChecksAndSuggestsInstalls","Output":"=== RUN   TestDoctorReportGroupsChecksAndSuggestsInstalls\n","OutputType":"frame"}
{"Time":"2026-09-13T23:39:50.402964875+03:00","Action":"output","Package":"virmill.local/core/internal/ui/cli","Test":"TestDoctorReportGroupsChecksAndSuggestsInstalls","Output":"--- PASS: TestDoctorReportGroupsChecksAndSuggestsInstalls (0.00s)\n","OutputType":"frame"}
{"Time":"2026-09-13T23:39:50.402973343+03:00","Action":"pass","Package":"virmill.local/core/internal/ui/cli","Test":"TestDoctorReportGroupsChecksAndSuggestsInstalls","Elapsed":0}
{"Time":"2026-09-13T23:39:50.402977211+03:00","Action":"run","Package":"virmill.local/core/internal/ui/cli","Test":"TestDoctorJSONKeepsMachineReadableFields"}
{"Time":"2026-09-13T23:39:50.402979182+03:00","Action":"output","Package":"virmill.local/core/internal/ui/cli","Test":"TestDoctorJSONKeepsMachineReadableFields","Output":"=== RUN   TestDoctorJSONKeepsMachineReadableFields\n","OutputType":"frame"}
{"Time":"2026-09-13T23:39:50.404238378+03:00","Action":"output","Package":"virmill.local/core/internal/ui/cli","Test":"TestDoctorJSONKeepsMachineReadableFields","Output":"--- PASS: TestDoctorJSONKeepsMachineReadableFields (0.00s)\n","OutputType":"frame"}
{"Time":"2026-09-13T23:39:50.404247499+03:00","Action":"pass","Package":"virmill.local/core/internal/ui/cli","Test":"TestDoctorJSONKeepsMachineReadableFields","Elapsed":0}
{"Time":"2026-09-13T23:39:50.404263406+03:00","Action":"run","Package":"virmill.local/core/internal/ui/cli","Test":"TestDoctorReportHandlesOlderCoordinators"}
{"Time":"2026-09-13T23:39:50.404265042+03:00","Action":"output","Package":"virmill.local/core/internal/ui/cli","Test":"TestDoctorReportHandlesOlderCoordinators","Output":"=== RUN   TestDoctorReportHandlesOlderCoordinators\n","OutputType":"frame"}
{"Time":"2026-09-13T23:39:50.405384955+03:00","Action":"output","Package":"virmill.local/core/internal/ui/cli","Test":"TestDoctorReportHandlesOlderCoordinators","Output":"--- PASS: TestDoctorReportHandlesOlderCoordinators (0.00s)\n","OutputType":"frame"}
{"Time":"2026-09-13T23:39:50.405400451+03:00","Action":"pass","Package":"virmill.local/core/internal/ui/cli","Test":"TestDoctorReportHandlesOlderCoordinators","Elapsed":0}
{"Time":"2026-09-13T23:39:50.405407528+03:00","Action":"run","Package":"virmill.local/core/internal/ui/cli","Test":"TestDoctorExplainsStoppedCoordinator"}
{"Time":"2026-09-13T23:39:50.405411584+03:00","Action":"output","Package":"virmill.local/core/internal/ui/cli","Test":"TestDoctorExplainsStoppedCoordinator","Output":"=== RUN   TestDoctorExplainsStoppedCoordinator\n","OutputType":"frame"}
{"Time":"2026-09-13T23:39:50.405827486+03:00","Action":"output","Package":"virmill.local/core/internal/ui/cli","Test":"TestDoctorExplainsStoppedCoordinator","Output":"--- PASS: TestDoctorExplainsStoppedCoordinator (0.00s)\n","OutputType":"frame"}
{"Time":"2026-09-13T23:39:50.405835489+03:00","Action":"pass","Package":"virmill.local/core/internal/ui/cli","Test":"TestDoctorExplainsStoppedCoordinator","Elapsed":0}
{"Time":"2026-09-13T23:39:50.405841539+03:00","Action":"run","Package":"virmill.local/core/internal/ui/cli","Test":"TestDoctorSaysWhenEverythingIsReady"}
{"Time":"2026-09-13T23:39:50.40584519+03:00","Action":"output","Package":"virmill.local/core/internal/ui/cli","Test":"TestDoctorSaysWhenEverythingIsReady","Output":"=== RUN   TestDoctorSaysWhenEverythingIsReady\n","OutputType":"frame"}
{"Time":"2026-09-13T23:39:50.406373944+03:00","Action":"output","Package":"virmill.local/core/internal/ui/cli","Test":"TestDoctorSaysWhenEverythingIsReady","Output":"--- PASS: TestDoctorSaysWhenEverythingIsReady (0.00s)\n","OutputType":"frame"}
{"Time":"2026-09-13T23:39:50.406378684+03:00","Action":"pass","Package":"virmill.local/core/internal/ui/cli","Test":"TestDoctorSaysWhenEverythingIsReady","Elapsed":0}
{"Time":"2026-09-13T23:39:50.406389274+03:00","Action":"run","Package":"virmill.local/core/internal/ui/cli","Test":"TestNDJSONFollowDrainsTerminalEventAndPreservesResumeCursor"}
{"Time":"2026-09-13T23:39:50.406390831+03:00","Action":"output","Package":"virmill.local/core/internal/ui/cli","Test":"TestNDJSONFollowDrainsTerminalEventAndPreservesResumeCursor","Output":"=== RUN   TestNDJSONFollowDrainsTerminalEventAndPreservesResumeCursor\n","OutputType":"frame"}
{"Time":"2026-09-13T23:39:50.409440292+03:00","Action":"output","Package":"virmill.local/core/internal/ui/cli","Test":"TestNDJSONFollowDrainsTerminalEventAndPreservesResumeCursor","Output":"--- PASS: TestNDJSONFollowDrainsTerminalEventAndPreservesResumeCursor (0.00s)\n","OutputType":"frame"}
{"Time":"2026-09-13T23:39:50.409466542+03:00","Action":"pass","Package":"virmill.local/core/internal/ui/cli","Test":"TestNDJSONFollowDrainsTerminalEventAndPreservesResumeCursor","Elapsed":0}
{"Time":"2026-09-13T23:39:50.409475643+03:00","Action":"run","Package":"virmill.local/core/internal/ui/cli","Test":"TestNDJSONFollowDrainsFullBoundedBatches"}
{"Time":"2026-09-13T23:39:50.409479643+03:00","Action":"output","Package":"virmill.local/core/internal/ui/cli","Test":"TestNDJSONFollowDrainsFullBoundedBatches","Output":"=== RUN   TestNDJSONFollowDrainsFullBoundedBatches\n","OutputType":"frame"}
{"Time":"2026-09-13T23:39:50.511058761+03:00","Action":"output","Package":"virmill.local/core/internal/ui/cli","Test":"TestNDJSONFollowDrainsFullBoundedBatches","Output":"--- PASS: TestNDJSONFollowDrainsFullBoundedBatches (0.10s)\n","OutputType":"frame"}
{"Time":"2026-09-13T23:39:50.511095652+03:00","Action":"pass","Package":"virmill.local/core/internal/ui/cli","Test":"TestNDJSONFollowDrainsFullBoundedBatches","Elapsed":0.1}
{"Time":"2026-09-13T23:39:50.511107477+03:00","Action":"run","Package":"virmill.local/core/internal/ui/cli","Test":"TestNDJSONFollowRefusesEntireAmbiguousBatch"}
{"Time":"2026-09-13T23:39:50.511108941+03:00","Action":"output","Package":"virmill.local/core/internal/ui/cli","Test":"TestNDJSONFollowRefusesEntireAmbiguousBatch","Output":"=== RUN   TestNDJSONFollowRefusesEntireAmbiguousBatch\n","OutputType":"frame"}
{"Time":"2026-09-13T23:39:50.523844904+03:00","Action":"run","Package":"virmill.local/core/internal/ui/cli","Test":"TestNDJSONFollowRefusesEntireAmbiguousBatch/gap"}
{"Time":"2026-09-13T23:39:50.523871011+03:00","Action":"output","Package":"virmill.local/core/internal/ui/cli","Test":"TestNDJSONFollowRefusesEntireAmbiguousBatch/gap","Output":"=== RUN   TestNDJSONFollowRefusesEntireAmbiguousBatch/gap\n","OutputType":"frame"}
{"Time":"2026-09-13T23:39:50.525215992+03:00","Action":"output","Package":"virmill.local/core/internal/ui/cli","Test":"TestNDJSONFollowRefusesEntireAmbiguousBatch/gap","Output":"--- PASS: TestNDJSONFollowRefusesEntireAmbiguousBatch/gap (0.00s)\n","OutputType":"frame"}
{"Time":"2026-09-13T23:39:50.525226251+03:00","Action":"pass","Package":"virmill.local/core/internal/ui/cli","Test":"TestNDJSONFollowRefusesEntireAmbiguousBatch/gap","Elapsed":0}
{"Time":"2026-09-13T23:39:50.525237038+03:00","Action":"run","Package":"virmill.local/core/internal/ui/cli","Test":"TestNDJSONFollowRefusesEntireAmbiguousBatch/unknown-field"}
{"Time":"2026-09-13T23:39:50.525239159+03:00","Action":"output","Package":"virmill.local/core/internal/ui/cli","Test":"TestNDJSONFollowRefusesEntireAmbiguousBatch/unknown-field","Output":"=== RUN   TestNDJSONFollowRefusesEntireAmbiguousBatch/unknown-field\n","OutputType":"frame"}
{"Time":"2026-09-13T23:39:50.526612562+03:00","Action":"output","Package":"virmill.local/core/internal/ui/cli","Test":"TestNDJSONFollowRefusesEntireAmbiguousBatch/unknown-field","Output":"--- PASS: TestNDJSONFollowRefusesEntireAmbiguousBatch/unknown-field (0.00s)\n","OutputType":"frame"}
{"Time":"2026-09-13T23:39:50.526632148+03:00","Action":"pass","Package":"virmill.local/core/internal/ui/cli","Test":"TestNDJSONFollowRefusesEntireAmbiguousBatch/unknown-field","Elapsed":0}
{"Time":"2026-09-13T23:39:50.526637596+03:00","Action":"run","Package":"virmill.local/core/internal/ui/cli","Test":"TestNDJSONFollowRefusesEntireAmbiguousBatch/foreign-version"}
{"Time":"2026-09-13T23:39:50.526640151+03:00","Action":"output","Package":"virmill.local/core/internal/ui/cli","Test":"TestNDJSONFollowRefusesEntireAmbiguousBatch/foreign-version","Output":"=== RUN   TestNDJSONFollowRefusesEntireAmbiguousBatch/foreign-version\n","OutputType":"frame"}
{"Time":"2026-09-13T23:39:50.527586895+03:00","Action":"output","Package":"virmill.local/core/internal/ui/cli","Test":"TestNDJSONFollowRefusesEntireAmbiguousBatch/foreign-version","Output":"--- PASS: TestNDJSONFollowRefusesEntireAmbiguousBatch/foreign-version (0.00s)\n","OutputType":"frame"}
{"Time":"2026-09-13T23:39:50.527594925+03:00","Action":"pass","Package":"virmill.local/core/internal/ui/cli","Test":"TestNDJSONFollowRefusesEntireAmbiguousBatch/foreign-version","Elapsed":0}
{"Time":"2026-09-13T23:39:50.527600259+03:00","Action":"run","Package":"virmill.local/core/internal/ui/cli","Test":"TestNDJSONFollowRefusesEntireAmbiguousBatch/null"}
{"Time":"2026-09-13T23:39:50.527602264+03:00","Action":"output","Package":"virmill.local/core/internal/ui/cli","Test":"TestNDJSONFollowRefusesEntireAmbiguousBatch/null","Output":"=== RUN   TestNDJSONFollowRefusesEntireAmbiguousBatch/null\n","OutputType":"frame"}
{"Time":"2026-09-13T23:39:50.528508624+03:00","Action":"output","Package":"virmill.local/core/internal/ui/cli","Test":"TestNDJSONFollowRefusesEntireAmbiguousBatch/null","Output":"--- PASS: TestNDJSONFollowRefusesEntireAmbiguousBatch/null (0.00s)\n","OutputType":"frame"}
{"Time":"2026-09-13T23:39:50.52852654+03:00","Action":"pass","Package":"virmill.local/core/internal/ui/cli","Test":"TestNDJSONFollowRefusesEntireAmbiguousBatch/null","Elapsed":0}
{"Time":"2026-09-13T23:39:50.528531555+03:00","Action":"run","Package":"virmill.local/core/internal/ui/cli","Test":"TestNDJSONFollowRefusesEntireAmbiguousBatch/object"}
{"Time":"2026-09-13T23:39:50.528534563+03:00","Action":"output","Package":"virmill.local/core/internal/ui/cli","Test":"TestNDJSONFollowRefusesEntireAmbiguousBatch/object","Output":"=== RUN   TestNDJSONFollowRefusesEntireAmbiguousBatch/object\n","OutputType":"frame"}
{"Time":"2026-09-13T23:39:50.529419399+03:00","Action":"output","Package":"virmill.local/core/internal/ui/cli","Test":"TestNDJSONFollowRefusesEntireAmbiguousBatch/object","Output":"--- PASS: TestNDJSONFollowRefusesEntireAmbiguousBatch/object (0.00s)\n","OutputType":"frame"}
{"Time":"2026-09-13T23:39:50.529429169+03:00","Action":"pass","Package":"virmill.local/core/internal/ui/cli","Test":"TestNDJSONFollowRefusesEntireAmbiguousBatch/object","Elapsed":0}
{"Time":"2026-09-13T23:39:50.529436251+03:00","Action":"run","Package":"virmill.local/core/internal/ui/cli","Test":"TestNDJSONFollowRefusesEntireAmbiguousBatch/encoded-byte-limit"}
{"Time":"2026-09-13T23:39:50.529439689+03:00","Action":"output","Package":"virmill.local/core/internal/ui/cli","Test":"TestNDJSONFollowRefusesEntireAmbiguousBatch/encoded-byte-limit","Output":"=== RUN   TestNDJSONFollowRefusesEntireAmbiguousBatch/encoded-byte-limit\n","OutputType":"frame"}
{"Time":"2026-09-13T23:39:50.66340602+03:00","Action":"output","Package":"virmill.local/core/internal/ui/cli","Test":"TestNDJSONFollowRefusesEntireAmbiguousBatch/encoded-byte-limit","Output":"--- PASS: TestNDJSONFollowRefusesEntireAmbiguousBatch/encoded-byte-limit (0.13s)\n","OutputType":"frame"}
{"Time":"2026-09-13T23:39:50.663438956+03:00","Action":"pass","Package":"virmill.local/core/internal/ui/cli","Test":"TestNDJSONFollowRefusesEntireAmbiguousBatch/encoded-byte-limit","Elapsed":0.13}
{"Time":"2026-09-13T23:39:50.663449069+03:00","Action":"run","Package":"virmill.local/core/internal/ui/cli","Test":"TestNDJSONFollowRefusesEntireAmbiguousBatch/foreign-job"}
{"Time":"2026-09-13T23:39:50.663452412+03:00","Action":"output","Package":"virmill.local/core/internal/ui/cli","Test":"TestNDJSONFollowRefusesEntireAmbiguousBatch/foreign-job","Output":"=== RUN   TestNDJSONFollowRefusesEntireAmbiguousBatch/foreign-job\n","OutputType":"frame"}
{"Time":"2026-09-13T23:39:50.664621382+03:00","Action":"output","Package":"virmill.local/core/internal/ui/cli","Test":"TestNDJSONFollowRefusesEntireAmbiguousBatch/foreign-job","Output":"--- PASS: TestNDJSONFollowRefusesEntireAmbiguousBatch/foreign-job (0.00s)\n","OutputType":"frame"}
{"Time":"2026-09-13T23:39:50.664637549+03:00","Action":"pass","Package":"virmill.local/core/internal/ui/cli","Test":"TestNDJSONFollowRefusesEntireAmbiguousBatch/foreign-job","Elapsed":0}
{"Time":"2026-09-13T23:39:50.664682742+03:00","Action":"run","Package":"virmill.local/core/internal/ui/cli","Test":"TestNDJSONFollowRefusesEntireAmbiguousBatch/missing-time"}
{"Time":"2026-09-13T23:39:50.664688786+03:00","Action":"output","Package":"virmill.local/core/internal/ui/cli","Test":"TestNDJSONFollowRefusesEntireAmbiguousBatch/missing-time","Output":"=== RUN   TestNDJSONFollowRefusesEntireAmbiguousBatch/missing-time\n","OutputType":"frame"}
{"Time":"2026-09-13T23:39:50.665765551+03:00","Action":"output","Package":"virmill.local/core/internal/ui/cli","Test":"TestNDJSONFollowRefusesEntireAmbiguousBatch/missing-time","Output":"--- PASS: TestNDJSONFollowRefusesEntireAmbiguousBatch/missing-time (0.00s)\n","OutputType":"frame"}
{"Time":"2026-09-13T23:39:50.665775948+03:00","Action":"pass","Package":"virmill.local/core/internal/ui/cli","Test":"TestNDJSONFollowRefusesEntireAmbiguousBatch/missing-time","Elapsed":0}
{"Time":"2026-09-13T23:39:50.665781325+03:00","Action":"run","Package":"virmill.local/core/internal/ui/cli","Test":"TestNDJSONFollowRefusesEntireAmbiguousBatch/over-limit"}
{"Time":"2026-09-13T23:39:50.665784151+03:00","Action":"output","Package":"virmill.local/core/internal/ui/cli","Test":"TestNDJSONFollowRefusesEntireAmbiguousBatch/over-limit","Output":"=== RUN   TestNDJSONFollowRefusesEntireAmbiguousBatch/over-limit\n","OutputType":"frame"}
{"Time":"2026-09-13T23:39:50.722836084+03:00","Action":"output","Package":"virmill.local/core/internal/ui/cli","Test":"TestNDJSONFollowRefusesEntireAmbiguousBatch/over-limit","Output":"--- PASS: TestNDJSONFollowRefusesEntireAmbiguousBatch/over-limit (0.06s)\n","OutputType":"frame"}
{"Time":"2026-09-13T23:39:50.722867331+03:00","Action":"pass","Package":"virmill.local/core/internal/ui/cli","Test":"TestNDJSONFollowRefusesEntireAmbiguousBatch/over-limit","Elapsed":0.06}
{"Time":"2026-09-13T23:39:50.722876942+03:00","Action":"run","Package":"virmill.local/core/internal/ui/cli","Test":"TestNDJSONFollowRefusesEntireAmbiguousBatch/duplicate"}
{"Time":"2026-09-13T23:39:50.722880063+03:00","Action":"output","Package":"virmill.local/core/internal/ui/cli","Test":"TestNDJSONFollowRefusesEntireAmbiguousBatch/duplicate","Output":"=== RUN   TestNDJSONFollowRefusesEntireAmbiguousBatch/duplicate\n","OutputType":"frame"}
{"Time":"2026-09-13T23:39:50.724249763+03:00","Action":"output","Package":"virmill.local/core/internal/ui/cli","Test":"TestNDJSONFollowRefusesEntireAmbiguousBatch/duplicate","Output":"--- PASS: TestNDJSONFollowRefusesEntireAmbiguousBatch/duplicate (0.00s)\n","OutputType":"frame"}
{"Time":"2026-09-13T23:39:50.724265716+03:00","Action":"pass","Package":"virmill.local/core/internal/ui/cli","Test":"TestNDJSONFollowRefusesEntireAmbiguousBatch/duplicate","Elapsed":0}
{"Time":"2026-09-13T23:39:50.724269644+03:00","Action":"run","Package":"virmill.local/core/internal/ui/cli","Test":"TestNDJSONFollowRefusesEntireAmbiguousBatch/reordered"}
{"Time":"2026-09-13T23:39:50.724271638+03:00","Action":"output","Package":"virmill.local/core/internal/ui/cli","Test":"TestNDJSONFollowRefusesEntireAmbiguousBatch/reordered","Output":"=== RUN   TestNDJSONFollowRefusesEntireAmbiguousBatch/reordered\n","OutputType":"frame"}
{"Time":"2026-09-13T23:39:50.725865756+03:00","Action":"output","Package":"virmill.local/core/internal/ui/cli","Test":"TestNDJSONFollowRefusesEntireAmbiguousBatch/reordered","Output":"--- PASS: TestNDJSONFollowRefusesEntireAmbiguousBatch/reordered (0.00s)\n","OutputType":"frame"}
{"Time":"2026-09-13T23:39:50.725875152+03:00","Action":"pass","Package":"virmill.local/core/internal/ui/cli","Test":"TestNDJSONFollowRefusesEntireAmbiguousBatch/reordered","Elapsed":0}
{"Time":"2026-09-13T23:39:50.725887559+03:00","Action":"output","Package":"virmill.local/core/internal/ui/cli","Test":"TestNDJSONFollowRefusesEntireAmbiguousBatch","Output":"--- PASS: TestNDJSONFollowRefusesEntireAmbiguousBatch (0.21s)\n","OutputType":"frame"}
{"Time":"2026-09-13T23:39:50.725892606+03:00","Action":"pass","Package":"virmill.local/core/internal/ui/cli","Test":"TestNDJSONFollowRefusesEntireAmbiguousBatch","Elapsed":0.21}
{"Time":"2026-09-13T23:39:50.725911362+03:00","Action":"run","Package":"virmill.local/core/internal/ui/cli","Test":"TestNDJSONFollowRejectsWrongJobBeforeReadingEvents"}
{"Time":"2026-09-13T23:39:50.72591547+03:00","Action":"output","Package":"virmill.local/core/internal/ui/cli","Test":"TestNDJSONFollowRejectsWrongJobBeforeReadingEvents","Output":"=== RUN   TestNDJSONFollowRejectsWrongJobBeforeReadingEvents\n","OutputType":"frame"}
{"Time":"2026-09-13T23:39:50.725943742+03:00","Action":"run","Package":"virmill.local/core/internal/ui/cli","Test":"TestNDJSONFollowRejectsWrongJobBeforeReadingEvents/foreign"}
{"Time":"2026-09-13T23:39:50.725947891+03:00","Action":"output","Package":"virmill.local/core/internal/ui/cli","Test":"TestNDJSONFollowRejectsWrongJobBeforeReadingEvents/foreign","Output":"=== RUN   TestNDJSONFollowRejectsWrongJobBeforeReadingEvents/foreign\n","OutputType":"frame"}
{"Time":"2026-09-13T23:39:50.727167074+03:00","Action":"output","Package":"virmill.local/core/internal/ui/cli","Test":"TestNDJSONFollowRejectsWrongJobBeforeReadingEvents/foreign","Output":"--- PASS: TestNDJSONFollowRejectsWrongJobBeforeReadingEvents/foreign (0.00s)\n","OutputType":"frame"}
{"Time":"2026-09-13T23:39:50.727186228+03:00","Action":"pass","Package":"virmill.local/core/internal/ui/cli","Test":"TestNDJSONFollowRejectsWrongJobBeforeReadingEvents/foreign","Elapsed":0}
{"Time":"2026-09-13T23:39:50.727195746+03:00","Action":"run","Package":"virmill.local/core/internal/ui/cli","Test":"TestNDJSONFollowRejectsWrongJobBeforeReadingEvents/unknown-state"}
{"Time":"2026-09-13T23:39:50.727201006+03:00","Action":"output","Package":"virmill.local/core/internal/ui/cli","Test":"TestNDJSONFollowRejectsWrongJobBeforeReadingEvents/unknown-state","Output":"=== RUN   TestNDJSONFollowRejectsWrongJobBeforeReadingEvents/unknown-state\n","OutputType":"frame"}
{"Time":"2026-09-13T23:39:50.728372257+03:00","Action":"output","Package":"virmill.local/core/internal/ui/cli","Test":"TestNDJSONFollowRejectsWrongJobBeforeReadingEvents/unknown-state","Output":"--- PASS: TestNDJSONFollowRejectsWrongJobBeforeReadingEvents/unknown-state (0.00s)\n","OutputType":"frame"}
{"Time":"2026-09-13T23:39:50.728393985+03:00","Action":"pass","Package":"virmill.local/core/internal/ui/cli","Test":"TestNDJSONFollowRejectsWrongJobBeforeReadingEvents/unknown-state","Elapsed":0}
{"Time":"2026-09-13T23:39:50.728426809+03:00","Action":"run","Package":"virmill.local/core/internal/ui/cli","Test":"TestNDJSONFollowRejectsWrongJobBeforeReadingEvents/empty"}
{"Time":"2026-09-13T23:39:50.728431485+03:00","Action":"output","Package":"virmill.local/core/internal/ui/cli","Test":"TestNDJSONFollowRejectsWrongJobBeforeReadingEvents/empty","Output":"=== RUN   TestNDJSONFollowRejectsWrongJobBeforeReadingEvents/empty\n","OutputType":"frame"}
{"Time":"2026-09-13T23:39:50.730293699+03:00","Action":"output","Package":"virmill.local/core/internal/ui/cli","Test":"TestNDJSONFollowRejectsWrongJobBeforeReadingEvents/empty","Output":"--- PASS: TestNDJSONFollowRejectsWrongJobBeforeReadingEvents/empty (0.00s)\n","OutputType":"frame"}
{"Time":"2026-09-13T23:39:50.730306341+03:00","Action":"pass","Package":"virmill.local/core/internal/ui/cli","Test":"TestNDJSONFollowRejectsWrongJobBeforeReadingEvents/empty","Elapsed":0}
{"Time":"2026-09-13T23:39:50.73034629+03:00","Action":"output","Package":"virmill.local/core/internal/ui/cli","Test":"TestNDJSONFollowRejectsWrongJobBeforeReadingEvents","Output":"--- PASS: TestNDJSONFollowRejectsWrongJobBeforeReadingEvents (0.00s)\n","OutputType":"frame"}
{"Time":"2026-09-13T23:39:50.730365934+03:00","Action":"pass","Package":"virmill.local/core/internal/ui/cli","Test":"TestNDJSONFollowRejectsWrongJobBeforeReadingEvents","Elapsed":0}
{"Time":"2026-09-13T23:39:50.730371959+03:00","Action":"run","Package":"virmill.local/core/internal/ui/cli","Test":"TestNDJSONFollowDetachRetainsCursorAndNeverCancels"}
{"Time":"2026-09-13T23:39:50.730375244+03:00","Action":"output","Package":"virmill.local/core/internal/ui/cli","Test":"TestNDJSONFollowDetachRetainsCursorAndNeverCancels","Output":"=== RUN   TestNDJSONFollowDetachRetainsCursorAndNeverCancels\n","OutputType":"frame"}
{"Time":"2026-09-13T23:39:50.730396727+03:00","Action":"run","Package":"virmill.local/core/internal/ui/cli","Test":"TestNDJSONFollowDetachRetainsCursorAndNeverCancels/transport"}
{"Time":"2026-09-13T23:39:50.730400062+03:00","Action":"output","Package":"virmill.local/core/internal/ui/cli","Test":"TestNDJSONFollowDetachRetainsCursorAndNeverCancels/transport","Output":"=== RUN   TestNDJSONFollowDetachRetainsCursorAndNeverCancels/transport\n","OutputType":"frame"}
{"Time":"2026-09-13T23:39:50.73231675+03:00","Action":"output","Package":"virmill.local/core/internal/ui/cli","Test":"TestNDJSONFollowDetachRetainsCursorAndNeverCancels/transport","Output":"--- PASS: TestNDJSONFollowDetachRetainsCursorAndNeverCancels/transport (0.00s)\n","OutputType":"frame"}
{"Time":"2026-09-13T23:39:50.732323924+03:00","Action":"pass","Package":"virmill.local/core/internal/ui/cli","Test":"TestNDJSONFollowDetachRetainsCursorAndNeverCancels/transport","Elapsed":0}
{"Time":"2026-09-13T23:39:50.732327792+03:00","Action":"run","Package":"virmill.local/core/internal/ui/cli","Test":"TestNDJSONFollowDetachRetainsCursorAndNeverCancels/timeout"}
{"Time":"2026-09-13T23:39:50.732330869+03:00","Action":"output","Package":"virmill.local/core/internal/ui/cli","Test":"TestNDJSONFollowDetachRetainsCursorAndNeverCancels/timeout","Output":"=== RUN   TestNDJSONFollowDetachRetainsCursorAndNeverCancels/timeout\n","OutputType":"frame"}
{"Time":"2026-09-13T23:39:50.83480995+03:00","Action":"output","Package":"virmill.local/core/internal/ui/cli","Test":"TestNDJSONFollowDetachRetainsCursorAndNeverCancels/timeout","Output":"--- PASS: TestNDJSONFollowDetachRetainsCursorAndNeverCancels/timeout (0.10s)\n","OutputType":"frame"}
{"Time":"2026-09-13T23:39:50.834855085+03:00","Action":"pass","Package":"virmill.local/core/internal/ui/cli","Test":"TestNDJSONFollowDetachRetainsCursorAndNeverCancels/timeout","Elapsed":0.1}
{"Time":"2026-09-13T23:39:50.834867145+03:00","Action":"run","Package":"virmill.local/core/internal/ui/cli","Test":"TestNDJSONFollowDetachRetainsCursorAndNeverCancels/interrupt"}
{"Time":"2026-09-13T23:39:50.834872629+03:00","Action":"output","Package":"virmill.local/core/internal/ui/cli","Test":"TestNDJSONFollowDetachRetainsCursorAndNeverCancels/interrupt","Output":"=== RUN   TestNDJSONFollowDetachRetainsCursorAndNeverCancels/interrupt\n","OutputType":"frame"}
{"Time":"2026-09-13T23:39:50.837335829+03:00","Action":"output","Package":"virmill.local/core/internal/ui/cli","Test":"TestNDJSONFollowDetachRetainsCursorAndNeverCancels/interrupt","Output":"--- PASS: TestNDJSONFollowDetachRetainsCursorAndNeverCancels/interrupt (0.00s)\n","OutputType":"frame"}
{"Time":"2026-09-13T23:39:50.837353901+03:00","Action":"pass","Package":"virmill.local/core/internal/ui/cli","Test":"TestNDJSONFollowDetachRetainsCursorAndNeverCancels/interrupt","Elapsed":0}
{"Time":"2026-09-13T23:39:50.837362673+03:00","Action":"output","Package":"virmill.local/core/internal/ui/cli","Test":"TestNDJSONFollowDetachRetainsCursorAndNeverCancels","Output":"--- PASS: TestNDJSONFollowDetachRetainsCursorAndNeverCancels (0.11s)\n","OutputType":"frame"}
{"Time":"2026-09-13T23:39:50.837367173+03:00","Action":"pass","Package":"virmill.local/core/internal/ui/cli","Test":"TestNDJSONFollowDetachRetainsCursorAndNeverCancels","Elapsed":0.11}
{"Time":"2026-09-13T23:39:50.837376261+03:00","Action":"run","Package":"virmill.local/core/internal/ui/cli","Test":"TestNDJSONFollowCancellationWhileIdleAndBeforeCall"}
{"Time":"2026-09-13T23:39:50.837383333+03:00","Action":"output","Package":"virmill.local/core/internal/ui/cli","Test":"TestNDJSONFollowCancellationWhileIdleAndBeforeCall","Output":"=== RUN   TestNDJSONFollowCancellationWhileIdleAndBeforeCall\n","OutputType":"frame"}
{"Time":"2026-09-13T23:39:50.837420144+03:00","Action":"run","Package":"virmill.local/core/internal/ui/cli","Test":"TestNDJSONFollowCancellationWhileIdleAndBeforeCall/false"}
{"Time":"2026-09-13T23:39:50.837423775+03:00","Action":"output","Package":"virmill.local/core/internal/ui/cli","Test":"TestNDJSONFollowCancellationWhileIdleAndBeforeCall/false","Output":"=== RUN   TestNDJSONFollowCancellationWhileIdleAndBeforeCall/false\n","OutputType":"frame"}
{"Time":"2026-09-13T23:39:50.839287183+03:00","Action":"output","Package":"virmill.local/core/internal/ui/cli","Test":"TestNDJSONFollowCancellationWhileIdleAndBeforeCall/false","Output":"--- PASS: TestNDJSONFollowCancellationWhileIdleAndBeforeCall/false (0.00s)\n","OutputType":"frame"}
{"Time":"2026-09-13T23:39:50.839313079+03:00","Action":"pass","Package":"virmill.local/core/internal/ui/cli","Test":"TestNDJSONFollowCancellationWhileIdleAndBeforeCall/false","Elapsed":0}
{"Time":"2026-09-13T23:39:50.839345797+03:00","Action":"run","Package":"virmill.local/core/internal/ui/cli","Test":"TestNDJSONFollowCancellationWhileIdleAndBeforeCall/true"}
{"Time":"2026-09-13T23:39:50.839350864+03:00","Action":"output","Package":"virmill.local/core/internal/ui/cli","Test":"TestNDJSONFollowCancellationWhileIdleAndBeforeCall/true","Output":"=== RUN   TestNDJSONFollowCancellationWhileIdleAndBeforeCall/true\n","OutputType":"frame"}
{"Time":"2026-09-13T23:39:50.840881887+03:00","Action":"output","Package":"virmill.local/core/internal/ui/cli","Test":"TestNDJSONFollowCancellationWhileIdleAndBeforeCall/true","Output":"--- PASS: TestNDJSONFollowCancellationWhileIdleAndBeforeCall/true (0.00s)\n","OutputType":"frame"}
{"Time":"2026-09-13T23:39:50.84089523+03:00","Action":"pass","Package":"virmill.local/core/internal/ui/cli","Test":"TestNDJSONFollowCancellationWhileIdleAndBeforeCall/true","Elapsed":0}
{"Time":"2026-09-13T23:39:50.840910219+03:00","Action":"output","Package":"virmill.local/core/internal/ui/cli","Test":"TestNDJSONFollowCancellationWhileIdleAndBeforeCall","Output":"--- PASS: TestNDJSONFollowCancellationWhileIdleAndBeforeCall (0.00s)\n","OutputType":"frame"}
{"Time":"2026-09-13T23:39:50.840915237+03:00","Action":"pass","Package":"virmill.local/core/internal/ui/cli","Test":"TestNDJSONFollowCancellationWhileIdleAndBeforeCall","Elapsed":0}
{"Time":"2026-09-13T23:39:50.840935051+03:00","Action":"run","Package":"virmill.local/core/internal/ui/cli","Test":"TestNDJSONFollowTerminalFailuresAreNonzero"}
{"Time":"2026-09-13T23:39:50.840938916+03:00","Action":"output","Package":"virmill.local/core/internal/ui/cli","Test":"TestNDJSONFollowTerminalFailuresAreNonzero","Output":"=== RUN   TestNDJSONFollowTerminalFailuresAreNonzero\n","OutputType":"frame"}
{"Time":"2026-09-13T23:39:50.840948606+03:00","Action":"run","Package":"virmill.local/core/internal/ui/cli","Test":"TestNDJSONFollowTerminalFailuresAreNonzero/failed"}
{"Time":"2026-09-13T23:39:50.840950657+03:00","Action":"output","Package":"virmill.local/core/internal/ui/cli","Test":"TestNDJSONFollowTerminalFailuresAreNonzero/failed","Output":"=== RUN   TestNDJSONFollowTerminalFailuresAreNonzero/failed\n","OutputType":"frame"}
{"Time":"2026-09-13T23:39:50.84238172+03:00","Action":"output","Package":"virmill.local/core/internal/ui/cli","Test":"TestNDJSONFollowTerminalFailuresAreNonzero/failed","Output":"--- PASS: TestNDJSONFollowTerminalFailuresAreNonzero/failed (0.00s)\n","OutputType":"frame"}
{"Time":"2026-09-13T23:39:50.842408474+03:00","Action":"pass","Package":"virmill.local/core/internal/ui/cli","Test":"TestNDJSONFollowTerminalFailuresAreNonzero/failed","Elapsed":0}
{"Time":"2026-09-13T23:39:50.842416852+03:00","Action":"run","Package":"virmill.local/core/internal/ui/cli","Test":"TestNDJSONFollowTerminalFailuresAreNonzero/canceled"}
{"Time":"2026-09-13T23:39:50.842420936+03:00","Action":"output","Package":"virmill.local/core/internal/ui/cli","Test":"TestNDJSONFollowTerminalFailuresAreNonzero/canceled","Output":"=== RUN   TestNDJSONFollowTerminalFailuresAreNonzero/canceled\n","OutputType":"frame"}
{"Time":"2026-09-13T23:39:50.844439765+03:00","Action":"output","Package":"virmill.local/core/internal/ui/cli","Test":"TestNDJSONFollowTerminalFailuresAreNonzero/canceled","Output":"--- PASS: TestNDJSONFollowTerminalFailuresAreNonzero/canceled (0.00s)\n","OutputType":"frame"}
{"Time":"2026-09-13T23:39:50.844454176+03:00","Action":"pass","Package":"virmill.local/core/internal/ui/cli","Test":"TestNDJSONFollowTerminalFailuresAreNonzero/canceled","Elapsed":0}
{"Time":"2026-09-13T23:39:50.844459462+03:00","Action":"run","Package":"virmill.local/core/internal/ui/cli","Test":"TestNDJSONFollowTerminalFailuresAreNonzero/partial"}
{"Time":"2026-09-13T23:39:50.844462493+03:00","Action":"output","Package":"virmill.local/core/internal/ui/cli","Test":"TestNDJSONFollowTerminalFailuresAreNonzero/partial","Output":"=== RUN   TestNDJSONFollowTerminalFailuresAreNonzero/partial\n","OutputType":"frame"}
{"Time":"2026-09-13T23:39:50.846520851+03:00","Action":"output","Package":"virmill.local/core/internal/ui/cli","Test":"TestNDJSONFollowTerminalFailuresAreNonzero/partial","Output":"--- PASS: TestNDJSONFollowTerminalFailuresAreNonzero/partial (0.00s)\n","OutputType":"frame"}
{"Time":"2026-09-13T23:39:50.846538419+03:00","Action":"pass","Package":"virmill.local/core/internal/ui/cli","Test":"TestNDJSONFollowTerminalFailuresAreNonzero/partial","Elapsed":0}
{"Time":"2026-09-13T23:39:50.846543513+03:00","Action":"run","Package":"virmill.local/core/internal/ui/cli","Test":"TestNDJSONFollowTerminalFailuresAreNonzero/recovery-required"}
{"Time":"2026-09-13T23:39:50.846546141+03:00","Action":"output","Package":"virmill.local/core/internal/ui/cli","Test":"TestNDJSONFollowTerminalFailuresAreNonzero/recovery-required","Output":"=== RUN   TestNDJSONFollowTerminalFailuresAreNonzero/recovery-required\n","OutputType":"frame"}
{"Time":"2026-09-13T23:39:50.848490515+03:00","Action":"output","Package":"virmill.local/core/internal/ui/cli","Test":"TestNDJSONFollowTerminalFailuresAreNonzero/recovery-required","Output":"--- PASS: TestNDJSONFollowTerminalFailuresAreNonzero/recovery-required (0.00s)\n","OutputType":"frame"}
{"Time":"2026-09-13T23:39:50.848506754+03:00","Action":"pass","Package":"virmill.local/core/internal/ui/cli","Test":"TestNDJSONFollowTerminalFailuresAreNonzero/recovery-required","Elapsed":0}
{"Time":"2026-09-13T23:39:50.848832675+03:00","Action":"output","Package":"virmill.local/core/internal/ui/cli","Test":"TestNDJSONFollowTerminalFailuresAreNonzero","Output":"--- PASS: TestNDJSONFollowTerminalFailuresAreNonzero (0.01s)\n","OutputType":"frame"}
{"Time":"2026-09-13T23:39:50.848842849+03:00","Action":"pass","Package":"virmill.local/core/internal/ui/cli","Test":"TestNDJSONFollowTerminalFailuresAreNonzero","Elapsed":0.01}
{"Time":"2026-09-13T23:39:50.848853706+03:00","Action":"run","Package":"virmill.local/core/internal/ui/cli","Test":"TestNDJSONFollowOutputFailureNeverRetriesOrAppends"}
{"Time":"2026-09-13T23:39:50.848855974+03:00","Action":"output","Package":"virmill.local/core/internal/ui/cli","Test":"TestNDJSONFollowOutputFailureNeverRetriesOrAppends","Output":"=== RUN   TestNDJSONFollowOutputFailureNeverRetriesOrAppends\n","OutputType":"frame"}
{"Time":"2026-09-13T23:39:50.848858271+03:00","Action":"run","Package":"virmill.local/core/internal/ui/cli","Test":"TestNDJSONFollowOutputFailureNeverRetriesOrAppends/\u003cnil\u003e"}
{"Time":"2026-09-13T23:39:50.848860221+03:00","Action":"output","Package":"virmill.local/core/internal/ui/cli","Test":"TestNDJSONFollowOutputFailureNeverRetriesOrAppends/\u003cnil\u003e","Output":"=== RUN   TestNDJSONFollowOutputFailureNeverRetriesOrAppends/\u003cnil\u003e\n","OutputType":"frame"}
{"Time":"2026-09-13T23:39:50.850315005+03:00","Action":"output","Package":"virmill.local/core/internal/ui/cli","Test":"TestNDJSONFollowOutputFailureNeverRetriesOrAppends/\u003cnil\u003e","Output":"--- PASS: TestNDJSONFollowOutputFailureNeverRetriesOrAppends/\u003cnil\u003e (0.00s)\n","OutputType":"frame"}
{"Time":"2026-09-13T23:39:50.850325331+03:00","Action":"pass","Package":"virmill.local/core/internal/ui/cli","Test":"TestNDJSONFollowOutputFailureNeverRetriesOrAppends/\u003cnil\u003e","Elapsed":0}
{"Time":"2026-09-13T23:39:50.85032918+03:00","Action":"run","Package":"virmill.local/core/internal/ui/cli","Test":"TestNDJSONFollowOutputFailureNeverRetriesOrAppends/fixture_broken_pipe"}
{"Time":"2026-09-13T23:39:50.850331249+03:00","Action":"output","Package":"virmill.local/core/internal/ui/cli","Test":"TestNDJSONFollowOutputFailureNeverRetriesOrAppends/fixture_broken_pipe","Output":"=== RUN   TestNDJSONFollowOutputFailureNeverRetriesOrAppends/fixture_broken_pipe\n","OutputType":"frame"}
{"Time":"2026-09-13T23:39:50.851809326+03:00","Action":"output","Package":"virmill.local/core/internal/ui/cli","Test":"TestNDJSONFollowOutputFailureNeverRetriesOrAppends/fixture_broken_pipe","Output":"--- PASS: TestNDJSONFollowOutputFailureNeverRetriesOrAppends/fixture_broken_pipe (0.00s)\n","OutputType":"frame"}
{"Time":"2026-09-13T23:39:50.851823156+03:00","Action":"pass","Package":"virmill.local/core/internal/ui/cli","Test":"TestNDJSONFollowOutputFailureNeverRetriesOrAppends/fixture_broken_pipe","Elapsed":0}
{"Time":"2026-09-13T23:39:50.851856829+03:00","Action":"output","Package":"virmill.local/core/internal/ui/cli","Test":"TestNDJSONFollowOutputFailureNeverRetriesOrAppends","Output":"--- PASS: TestNDJSONFollowOutputFailureNeverRetriesOrAppends (0.00s)\n","OutputType":"frame"}
{"Time":"2026-09-13T23:39:50.851870331+03:00","Action":"pass","Package":"virmill.local/core/internal/ui/cli","Test":"TestNDJSONFollowOutputFailureNeverRetriesOrAppends","Elapsed":0}
{"Time":"2026-09-13T23:39:50.851895404+03:00","Action":"run","Package":"virmill.local/core/internal/ui/cli","Test":"TestNDJSONFollowRejectsHiddenInputsAndKeepsSnapshotCompatibility"}
{"Time":"2026-09-13T23:39:50.851897605+03:00","Action":"output","Package":"virmill.local/core/internal/ui/cli","Test":"TestNDJSONFollowRejectsHiddenInputsAndKeepsSnapshotCompatibility","Output":"=== RUN   TestNDJSONFollowRejectsHiddenInputsAndKeepsSnapshotCompatibility\n","OutputType":"frame"}
{"Time":"2026-09-13T23:39:50.851945095+03:00","Action":"run","Package":"virmill.local/core/internal/ui/cli","Test":"TestNDJSONFollowRejectsHiddenInputsAndKeepsSnapshotCompatibility/operation_watch_stream-job_--follow_--output_json"}
{"Time":"2026-09-13T23:39:50.851947847+03:00","Action":"output","Package":"virmill.local/core/internal/ui/cli","Test":"TestNDJSONFollowRejectsHiddenInputsAndKeepsSnapshotCompatibility/operation_watch_stream-job_--follow_--output_json","Output":"=== RUN   TestNDJSONFollowRejectsHiddenInputsAndKeepsSnapshotCompatibility/operation_watch_stream-job_--follow_--output_json\n","OutputType":"frame"}
{"Time":"2026-09-13T23:39:50.852996282+03:00","Action":"output","Package":"virmill.local/core/internal/ui/cli","Test":"TestNDJSONFollowRejectsHiddenInputsAndKeepsSnapshotCompatibility/operation_watch_stream-job_--follow_--output_json","Output":"--- PASS: TestNDJSONFollowRejectsHiddenInputsAndKeepsSnapshotCompatibility/operation_watch_stream-job_--follow_--output_json (0.00s)\n","OutputType":"frame"}
{"Time":"2026-09-13T23:39:50.85300465+03:00","Action":"pass","Package":"virmill.local/core/internal/ui/cli","Test":"TestNDJSONFollowRejectsHiddenInputsAndKeepsSnapshotCompatibility/operation_watch_stream-job_--follow_--output_json","Elapsed":0}
{"Time":"2026-09-13T23:39:50.853029929+03:00","Action":"run","Package":"virmill.local/core/internal/ui/cli","Test":"TestNDJSONFollowRejectsHiddenInputsAndKeepsSnapshotCompatibility/operation_watch_stream-job_--follow_--output_ndjson_--after_-1"}
{"Time":"2026-09-13T23:39:50.853033365+03:00","Action":"output","Package":"virmill.local/core/internal/ui/cli","Test":"TestNDJSONFollowRejectsHiddenInputsAndKeepsSnapshotCompatibility/operation_watch_stream-job_--follow_--output_ndjson_--after_-1","Output":"=== RUN   TestNDJSONFollowRejectsHiddenInputsAndKeepsSnapshotCompatibility/operation_watch_stream-job_--follow_--output_ndjson_--after_-1\n","OutputType":"frame"}
{"Time":"2026-09-13T23:39:50.853972187+03:00","Action":"output","Package":"virmill.local/core/internal/ui/cli","Test":"TestNDJSONFollowRejectsHiddenInputsAndKeepsSnapshotCompatibility/operation_watch_stream-job_--follow_--output_ndjson_--after_-1","Output":"--- PASS: TestNDJSONFollowRejectsHiddenInputsAndKeepsSnapshotCompatibility/operation_watch_stream-job_--follow_--output_ndjson_--after_-1 (0.00s)\n","OutputType":"frame"}
{"Time":"2026-09-13T23:39:50.853981811+03:00","Action":"pass","Package":"virmill.local/core/internal/ui/cli","Test":"TestNDJSONFollowRejectsHiddenInputsAndKeepsSnapshotCompatibility/operation_watch_stream-job_--follow_--output_ndjson_--after_-1","Elapsed":0}
{"Time":"2026-09-13T23:39:50.854004192+03:00","Action":"run","Package":"virmill.local/core/internal/ui/cli","Test":"TestNDJSONFollowRejectsHiddenInputsAndKeepsSnapshotCompatibility/operation_watch_stream-job_--follow_--output_ndjson_--input_{\"cancel\":true}"}
{"Time":"2026-09-13T23:39:50.854008998+03:00","Action":"output","Package":"virmill.local/core/internal/ui/cli","Test":"TestNDJSONFollowRejectsHiddenInputsAndKeepsSnapshotCompatibility/operation_watch_stream-job_--follow_--output_ndjson_--input_{\"cancel\":true}","Output":"=== RUN   TestNDJSONFollowRejectsHiddenInputsAndKeepsSnapshotCompatibility/operation_watch_stream-job_--follow_--output_ndjson_--input_{\"cancel\":true}\n","OutputType":"frame"}
{"Time":"2026-09-13T23:39:50.85469666+03:00","Action":"output","Package":"virmill.local/core/internal/ui/cli","Test":"TestNDJSONFollowRejectsHiddenInputsAndKeepsSnapshotCompatibility/operation_watch_stream-job_--follow_--output_ndjson_--input_{\"cancel\":true}","Output":"--- PASS: TestNDJSONFollowRejectsHiddenInputsAndKeepsSnapshotCompatibility/operation_watch_stream-job_--follow_--output_ndjson_--input_{\"cancel\":true} (0.00s)\n","OutputType":"frame"}
{"Time":"2026-09-13T23:39:50.854703297+03:00","Action":"pass","Package":"virmill.local/core/internal/ui/cli","Test":"TestNDJSONFollowRejectsHiddenInputsAndKeepsSnapshotCompatibility/operation_watch_stream-job_--follow_--output_ndjson_--input_{\"cancel\":true}","Elapsed":0}
{"Time":"2026-09-13T23:39:50.854738539+03:00","Action":"run","Package":"virmill.local/core/internal/ui/cli","Test":"TestNDJSONFollowRejectsHiddenInputsAndKeepsSnapshotCompatibility/operation_watch_bad/id_--follow_--output_ndjson"}
{"Time":"2026-09-13T23:39:50.854745615+03:00","Action":"output","Package":"virmill.local/core/internal/ui/cli","Test":"TestNDJSONFollowRejectsHiddenInputsAndKeepsSnapshotCompatibility/operation_watch_bad/id_--follow_--output_ndjson","Output":"=== RUN   TestNDJSONFollowRejectsHiddenInputsAndKeepsSnapshotCompatibility/operation_watch_bad/id_--follow_--output_ndjson\n","OutputType":"frame"}
{"Time":"2026-09-13T23:39:50.855546616+03:00","Action":"output","Package":"virmill.local/core/internal/ui/cli","Test":"TestNDJSONFollowRejectsHiddenInputsAndKeepsSnapshotCompatibility/operation_watch_bad/id_--follow_--output_ndjson","Output":"--- PASS: TestNDJSONFollowRejectsHiddenInputsAndKeepsSnapshotCompatibility/operation_watch_bad/id_--follow_--output_ndjson (0.00s)\n","OutputType":"frame"}
{"Time":"2026-09-13T23:39:50.855558181+03:00","Action":"pass","Package":"virmill.local/core/internal/ui/cli","Test":"TestNDJSONFollowRejectsHiddenInputsAndKeepsSnapshotCompatibility/operation_watch_bad/id_--follow_--output_ndjson","Elapsed":0}
{"Time":"2026-09-13T23:39:50.855561941+03:00","Action":"run","Package":"virmill.local/core/internal/ui/cli","Test":"TestNDJSONFollowRejectsHiddenInputsAndKeepsSnapshotCompatibility/snapshot-json"}
{"Time":"2026-09-13T23:39:50.855569536+03:00","Action":"output","Package":"virmill.local/core/internal/ui/cli","Test":"TestNDJSONFollowRejectsHiddenInputsAndKeepsSnapshotCompatibility/snapshot-json","Output":"=== RUN   TestNDJSONFollowRejectsHiddenInputsAndKeepsSnapshotCompatibility/snapshot-json\n","OutputType":"frame"}
{"Time":"2026-09-13T23:39:50.856452263+03:00","Action":"output","Package":"virmill.local/core/internal/ui/cli","Test":"TestNDJSONFollowRejectsHiddenInputsAndKeepsSnapshotCompatibility/snapshot-json","Output":"--- PASS: TestNDJSONFollowRejectsHiddenInputsAndKeepsSnapshotCompatibility/snapshot-json (0.00s)\n","OutputType":"frame"}
{"Time":"2026-09-13T23:39:50.856462043+03:00","Action":"pass","Package":"virmill.local/core/internal/ui/cli","Test":"TestNDJSONFollowRejectsHiddenInputsAndKeepsSnapshotCompatibility/snapshot-json","Elapsed":0}
{"Time":"2026-09-13T23:39:50.856465692+03:00","Action":"run","Package":"virmill.local/core/internal/ui/cli","Test":"TestNDJSONFollowRejectsHiddenInputsAndKeepsSnapshotCompatibility/snapshot-ndjson"}
{"Time":"2026-09-13T23:39:50.856467658+03:00","Action":"output","Package":"virmill.local/core/internal/ui/cli","Test":"TestNDJSONFollowRejectsHiddenInputsAndKeepsSnapshotCompatibility/snapshot-ndjson","Output":"=== RUN   TestNDJSONFollowRejectsHiddenInputsAndKeepsSnapshotCompatibility/snapshot-ndjson\n","OutputType":"frame"}
{"Time":"2026-09-13T23:39:50.857262034+03:00","Action":"output","Package":"virmill.local/core/internal/ui/cli","Test":"TestNDJSONFollowRejectsHiddenInputsAndKeepsSnapshotCompatibility/snapshot-ndjson","Output":"--- PASS: TestNDJSONFollowRejectsHiddenInputsAndKeepsSnapshotCompatibility/snapshot-ndjson (0.00s)\n","OutputType":"frame"}
{"Time":"2026-09-13T23:39:50.857271692+03:00","Action":"pass","Package":"virmill.local/core/internal/ui/cli","Test":"TestNDJSONFollowRejectsHiddenInputsAndKeepsSnapshotCompatibility/snapshot-ndjson","Elapsed":0}
{"Time":"2026-09-13T23:39:50.857275867+03:00","Action":"output","Package":"virmill.local/core/internal/ui/cli","Test":"TestNDJSONFollowRejectsHiddenInputsAndKeepsSnapshotCompatibility","Output":"--- PASS: TestNDJSONFollowRejectsHiddenInputsAndKeepsSnapshotCompatibility (0.01s)\n","OutputType":"frame"}
{"Time":"2026-09-13T23:39:50.857278537+03:00","Action":"pass","Package":"virmill.local/core/internal/ui/cli","Test":"TestNDJSONFollowRejectsHiddenInputsAndKeepsSnapshotCompatibility","Elapsed":0.01}
{"Time":"2026-09-13T23:39:50.857281692+03:00","Action":"run","Package":"virmill.local/core/internal/ui/cli","Test":"TestPlanApplyWaitNDJSONUsesOneBoundSubmissionAndSharedFollow"}
{"Time":"2026-09-13T23:39:50.85728352+03:00","Action":"output","Package":"virmill.local/core/internal/ui/cli","Test":"TestPlanApplyWaitNDJSONUsesOneBoundSubmissionAndSharedFollow","Output":"=== RUN   TestPlanApplyWaitNDJSONUsesOneBoundSubmissionAndSharedFollow\n","OutputType":"frame"}
{"Time":"2026-09-13T23:39:50.85728564+03:00","Action":"run","Package":"virmill.local/core/internal/ui/cli","Test":"TestPlanApplyWaitNDJSONUsesOneBoundSubmissionAndSharedFollow/json"}
{"Time":"2026-09-13T23:39:50.85728724+03:00","Action":"output","Package":"virmill.local/core/internal/ui/cli","Test":"TestPlanApplyWaitNDJSONUsesOneBoundSubmissionAndSharedFollow/json","Output":"=== RUN   TestPlanApplyWaitNDJSONUsesOneBoundSubmissionAndSharedFollow/json\n","OutputType":"frame"}
{"Time":"2026-09-13T23:39:50.858732613+03:00","Action":"output","Package":"virmill.local/core/internal/ui/cli","Test":"TestPlanApplyWaitNDJSONUsesOneBoundSubmissionAndSharedFollow/json","Output":"--- PASS: TestPlanApplyWaitNDJSONUsesOneBoundSubmissionAndSharedFollow/json (0.00s)\n","OutputType":"frame"}
{"Time":"2026-09-13T23:39:50.858742539+03:00","Action":"pass","Package":"virmill.local/core/internal/ui/cli","Test":"TestPlanApplyWaitNDJSONUsesOneBoundSubmissionAndSharedFollow/json","Elapsed":0}
{"Time":"2026-09-13T23:39:50.858745955+03:00","Action":"run","Package":"virmill.local/core/internal/ui/cli","Test":"TestPlanApplyWaitNDJSONUsesOneBoundSubmissionAndSharedFollow/ndjson"}
{"Time":"2026-09-13T23:39:50.858747883+03:00","Action":"output","Package":"virmill.local/core/internal/ui/cli","Test":"TestPlanApplyWaitNDJSONUsesOneBoundSubmissionAndSharedFollow/ndjson","Output":"=== RUN   TestPlanApplyWaitNDJSONUsesOneBoundSubmissionAndSharedFollow/ndjson\n","OutputType":"frame"}
{"Time":"2026-09-13T23:39:50.860749523+03:00","Action":"output","Package":"virmill.local/core/internal/ui/cli","Test":"TestPlanApplyWaitNDJSONUsesOneBoundSubmissionAndSharedFollow/ndjson","Output":"--- PASS: TestPlanApplyWaitNDJSONUsesOneBoundSubmissionAndSharedFollow/ndjson (0.00s)\n","OutputType":"frame"}
{"Time":"2026-09-13T23:39:50.860765604+03:00","Action":"pass","Package":"virmill.local/core/internal/ui/cli","Test":"TestPlanApplyWaitNDJSONUsesOneBoundSubmissionAndSharedFollow/ndjson","Elapsed":0}
{"Time":"2026-09-13T23:39:50.860812413+03:00","Action":"output","Package":"virmill.local/core/internal/ui/cli","Test":"TestPlanApplyWaitNDJSONUsesOneBoundSubmissionAndSharedFollow","Output":"--- PASS: TestPlanApplyWaitNDJSONUsesOneBoundSubmissionAndSharedFollow (0.00s)\n","OutputType":"frame"}
{"Time":"2026-09-13T23:39:50.860822488+03:00","Action":"pass","Package":"virmill.local/core/internal/ui/cli","Test":"TestPlanApplyWaitNDJSONUsesOneBoundSubmissionAndSharedFollow","Elapsed":0}
{"Time":"2026-09-13T23:39:50.860844678+03:00","Action":"run","Package":"virmill.local/core/internal/ui/cli","Test":"TestPlanApplyWaitTransportFailureDoesNotResubmit"}
{"Time":"2026-09-13T23:39:50.860847858+03:00","Action":"output","Package":"virmill.local/core/internal/ui/cli","Test":"TestPlanApplyWaitTransportFailureDoesNotResubmit","Output":"=== RUN   TestPlanApplyWaitTransportFailureDoesNotResubmit\n","OutputType":"frame"}
{"Time":"2026-09-13T23:39:50.860880585+03:00","Action":"run","Package":"virmill.local/core/internal/ui/cli","Test":"TestPlanApplyWaitTransportFailureDoesNotResubmit/false"}
{"Time":"2026-09-13T23:39:50.860882768+03:00","Action":"output","Package":"virmill.local/core/internal/ui/cli","Test":"TestPlanApplyWaitTransportFailureDoesNotResubmit/false","Output":"=== RUN   TestPlanApplyWaitTransportFailureDoesNotResubmit/false\n","OutputType":"frame"}
{"Time":"2026-09-13T23:39:50.862292096+03:00","Action":"output","Package":"virmill.local/core/internal/ui/cli","Test":"TestPlanApplyWaitTransportFailureDoesNotResubmit/false","Output":"--- PASS: TestPlanApplyWaitTransportFailureDoesNotResubmit/false (0.00s)\n","OutputType":"frame"}
{"Time":"2026-09-13T23:39:50.862307236+03:00","Action":"pass","Package":"virmill.local/core/internal/ui/cli","Test":"TestPlanApplyWaitTransportFailureDoesNotResubmit/false","Elapsed":0}
{"Time":"2026-09-13T23:39:50.86233023+03:00","Action":"run","Package":"virmill.local/core/internal/ui/cli","Test":"TestPlanApplyWaitTransportFailureDoesNotResubmit/true"}
{"Time":"2026-09-13T23:39:50.862332458+03:00","Action":"output","Package":"virmill.local/core/internal/ui/cli","Test":"TestPlanApplyWaitTransportFailureDoesNotResubmit/true","Output":"=== RUN   TestPlanApplyWaitTransportFailureDoesNotResubmit/true\n","OutputType":"frame"}
{"Time":"2026-09-13T23:39:50.864025647+03:00","Action":"output","Package":"virmill.local/core/internal/ui/cli","Test":"TestPlanApplyWaitTransportFailureDoesNotResubmit/true","Output":"--- PASS: TestPlanApplyWaitTransportFailureDoesNotResubmit/true (0.00s)\n","OutputType":"frame"}
{"Time":"2026-09-13T23:39:50.864037887+03:00","Action":"pass","Package":"virmill.local/core/internal/ui/cli","Test":"TestPlanApplyWaitTransportFailureDoesNotResubmit/true","Elapsed":0}
{"Time":"2026-09-13T23:39:50.864046395+03:00","Action":"output","Package":"virmill.local/core/internal/ui/cli","Test":"TestPlanApplyWaitTransportFailureDoesNotResubmit","Output":"--- PASS: TestPlanApplyWaitTransportFailureDoesNotResubmit (0.00s)\n","OutputType":"frame"}
{"Time":"2026-09-13T23:39:50.864053436+03:00","Action":"pass","Package":"virmill.local/core/internal/ui/cli","Test":"TestPlanApplyWaitTransportFailureDoesNotResubmit","Elapsed":0}
{"Time":"2026-09-13T23:39:50.86406634+03:00","Action":"run","Package":"virmill.local/core/internal/ui/cli","Test":"TestNDJSONFollowReadsRealSharedJournalWithoutChangingIt"}
{"Time":"2026-09-13T23:39:50.864068631+03:00","Action":"output","Package":"virmill.local/core/internal/ui/cli","Test":"TestNDJSONFollowReadsRealSharedJournalWithoutChangingIt","Output":"=== RUN   TestNDJSONFollowReadsRealSharedJournalWithoutChangingIt\n","OutputType":"frame"}
{"Time":"2026-09-13T23:39:50.867357191+03:00","Action":"output","Package":"virmill.local/core/internal/ui/cli","Test":"TestNDJSONFollowReadsRealSharedJournalWithoutChangingIt","Output":"--- PASS: TestNDJSONFollowReadsRealSharedJournalWithoutChangingIt (0.00s)\n","OutputType":"frame"}
{"Time":"2026-09-13T23:39:50.867371885+03:00","Action":"pass","Package":"virmill.local/core/internal/ui/cli","Test":"TestNDJSONFollowReadsRealSharedJournalWithoutChangingIt","Elapsed":0}
{"Time":"2026-09-13T23:39:50.867382566+03:00","Action":"run","Package":"virmill.local/core/internal/ui/cli","Test":"TestPlanApplyWaitRejectsForeignAcceptanceAndPreCanceledContext"}
{"Time":"2026-09-13T23:39:50.867385603+03:00","Action":"output","Package":"virmill.local/core/internal/ui/cli","Test":"TestPlanApplyWaitRejectsForeignAcceptanceAndPreCanceledContext","Output":"=== RUN   TestPlanApplyWaitRejectsForeignAcceptanceAndPreCanceledContext\n","OutputType":"frame"}
{"Time":"2026-09-13T23:39:50.867403588+03:00","Action":"run","Package":"virmill.local/core/internal/ui/cli","Test":"TestPlanApplyWaitRejectsForeignAcceptanceAndPreCanceledContext/foreign-plan"}
{"Time":"2026-09-13T23:39:50.867406851+03:00","Action":"output","Package":"virmill.local/core/internal/ui/cli","Test":"TestPlanApplyWaitRejectsForeignAcceptanceAndPreCanceledContext/foreign-plan","Output":"=== RUN   TestPlanApplyWaitRejectsForeignAcceptanceAndPreCanceledContext/foreign-plan\n","OutputType":"frame"}
{"Time":"2026-09-13T23:39:50.868208645+03:00","Action":"output","Package":"virmill.local/core/internal/ui/cli","Test":"TestPlanApplyWaitRejectsForeignAcceptanceAndPreCanceledContext/foreign-plan","Output":"--- PASS: TestPlanApplyWaitRejectsForeignAcceptanceAndPreCanceledContext/foreign-plan (0.00s)\n","OutputType":"frame"}
{"Time":"2026-09-13T23:39:50.868217451+03:00","Action":"pass","Package":"virmill.local/core/internal/ui/cli","Test":"TestPlanApplyWaitRejectsForeignAcceptanceAndPreCanceledContext/foreign-plan","Elapsed":0}
{"Time":"2026-09-13T23:39:50.868225435+03:00","Action":"run","Package":"virmill.local/core/internal/ui/cli","Test":"TestPlanApplyWaitRejectsForeignAcceptanceAndPreCanceledContext/pre-canceled"}
{"Time":"2026-09-13T23:39:50.86823044+03:00","Action":"output","Package":"virmill.local/core/internal/ui/cli","Test":"TestPlanApplyWaitRejectsForeignAcceptanceAndPreCanceledContext/pre-canceled","Output":"=== RUN   TestPlanApplyWaitRejectsForeignAcceptanceAndPreCanceledContext/pre-canceled\n","OutputType":"frame"}
{"Time":"2026-09-13T23:39:50.86887716+03:00","Action":"output","Package":"virmill.local/core/internal/ui/cli","Test":"TestPlanApplyWaitRejectsForeignAcceptanceAndPreCanceledContext/pre-canceled","Output":"--- PASS: TestPlanApplyWaitRejectsForeignAcceptanceAndPreCanceledContext/pre-canceled (0.00s)\n","OutputType":"frame"}
{"Time":"2026-09-13T23:39:50.868889603+03:00","Action":"pass","Package":"virmill.local/core/internal/ui/cli","Test":"TestPlanApplyWaitRejectsForeignAcceptanceAndPreCanceledContext/pre-canceled","Elapsed":0}
{"Time":"2026-09-13T23:39:50.868892041+03:00","Action":"run","Package":"virmill.local/core/internal/ui/cli","Test":"TestPlanApplyWaitRejectsForeignAcceptanceAndPreCanceledContext/canceled-error-envelope"}
{"Time":"2026-09-13T23:39:50.868893241+03:00","Action":"output","Package":"virmill.local/core/internal/ui/cli","Test":"TestPlanApplyWaitRejectsForeignAcceptanceAndPreCanceledContext/canceled-error-envelope","Output":"=== RUN   TestPlanApplyWaitRejectsForeignAcceptanceAndPreCanceledContext/canceled-error-envelope\n","OutputType":"frame"}
{"Time":"2026-09-13T23:39:50.869522831+03:00","Action":"output","Package":"virmill.local/core/internal/ui/cli","Test":"TestPlanApplyWaitRejectsForeignAcceptanceAndPreCanceledContext/canceled-error-envelope","Output":"--- PASS: TestPlanApplyWaitRejectsForeignAcceptanceAndPreCanceledContext/canceled-error-envelope (0.00s)\n","OutputType":"frame"}
{"Time":"2026-09-13T23:39:50.869533564+03:00","Action":"pass","Package":"virmill.local/core/internal/ui/cli","Test":"TestPlanApplyWaitRejectsForeignAcceptanceAndPreCanceledContext/canceled-error-envelope","Elapsed":0}
{"Time":"2026-09-13T23:39:50.869552897+03:00","Action":"output","Package":"virmill.local/core/internal/ui/cli","Test":"TestPlanApplyWaitRejectsForeignAcceptanceAndPreCanceledContext","Output":"--- PASS: TestPlanApplyWaitRejectsForeignAcceptanceAndPreCanceledContext (0.00s)\n","OutputType":"frame"}
{"Time":"2026-09-13T23:39:50.869561207+03:00","Action":"pass","Package":"virmill.local/core/internal/ui/cli","Test":"TestPlanApplyWaitRejectsForeignAcceptanceAndPreCanceledContext","Elapsed":0}
{"Time":"2026-09-13T23:39:50.869570484+03:00","Action":"run","Package":"virmill.local/core/internal/ui/cli","Test":"TestNDJSONFollowRejectsChangedImmutableJobBinding"}
{"Time":"2026-09-13T23:39:50.869571958+03:00","Action":"output","Package":"virmill.local/core/internal/ui/cli","Test":"TestNDJSONFollowRejectsChangedImmutableJobBinding","Output":"=== RUN   TestNDJSONFollowRejectsChangedImmutableJobBinding\n","OutputType":"frame"}
{"Time":"2026-09-13T23:39:50.869589597+03:00","Action":"run","Package":"virmill.local/core/internal/ui/cli","Test":"TestNDJSONFollowRejectsChangedImmutableJobBinding/plan"}
{"Time":"2026-09-13T23:39:50.869591507+03:00","Action":"output","Package":"virmill.local/core/internal/ui/cli","Test":"TestNDJSONFollowRejectsChangedImmutableJobBinding/plan","Output":"=== RUN   TestNDJSONFollowRejectsChangedImmutableJobBinding/plan\n","OutputType":"frame"}
{"Time":"2026-09-13T23:39:50.871864092+03:00","Action":"output","Package":"virmill.local/core/internal/ui/cli","Test":"TestNDJSONFollowRejectsChangedImmutableJobBinding/plan","Output":"--- PASS: TestNDJSONFollowRejectsChangedImmutableJobBinding/plan (0.00s)\n","OutputType":"frame"}
{"Time":"2026-09-13T23:39:50.871880411+03:00","Action":"pass","Package":"virmill.local/core/internal/ui/cli","Test":"TestNDJSONFollowRejectsChangedImmutableJobBinding/plan","Elapsed":0}
{"Time":"2026-09-13T23:39:50.871886643+03:00","Action":"run","Package":"virmill.local/core/internal/ui/cli","Test":"TestNDJSONFollowRejectsChangedImmutableJobBinding/created-at"}
{"Time":"2026-09-13T23:39:50.871889471+03:00","Action":"output","Package":"virmill.local/core/internal/ui/cli","Test":"TestNDJSONFollowRejectsChangedImmutableJobBinding/created-at","Output":"=== RUN   TestNDJSONFollowRejectsChangedImmutableJobBinding/created-at\n","OutputType":"frame"}
{"Time":"2026-09-13T23:39:50.873425397+03:00","Action":"output","Package":"virmill.local/core/internal/ui/cli","Test":"TestNDJSONFollowRejectsChangedImmutableJobBinding/created-at","Output":"--- PASS: TestNDJSONFollowRejectsChangedImmutableJobBinding/created-at (0.00s)\n","OutputType":"frame"}
{"Time":"2026-09-13T23:39:50.873434422+03:00","Action":"pass","Package":"virmill.local/core/internal/ui/cli","Test":"TestNDJSONFollowRejectsChangedImmutableJobBinding/created-at","Elapsed":0}
{"Time":"2026-09-13T23:39:50.873454959+03:00","Action":"run","Package":"virmill.local/core/internal/ui/cli","Test":"TestNDJSONFollowRejectsChangedImmutableJobBinding/recovery-parent"}
{"Time":"2026-09-13T23:39:50.8734577+03:00","Action":"output","Package":"virmill.local/core/internal/ui/cli","Test":"TestNDJSONFollowRejectsChangedImmutableJobBinding/recovery-parent","Output":"=== RUN   TestNDJSONFollowRejectsChangedImmutableJobBinding/recovery-parent\n","OutputType":"frame"}
{"Time":"2026-09-13T23:39:50.874735098+03:00","Action":"output","Package":"virmill.local/core/internal/ui/cli","Test":"TestNDJSONFollowRejectsChangedImmutableJobBinding/recovery-parent","Output":"--- PASS: TestNDJSONFollowRejectsChangedImmutableJobBinding/recovery-parent (0.00s)\n","OutputType":"frame"}
{"Time":"2026-09-13T23:39:50.874745095+03:00","Action":"pass","Package":"virmill.local/core/internal/ui/cli","Test":"TestNDJSONFollowRejectsChangedImmutableJobBinding/recovery-parent","Elapsed":0}
{"Time":"2026-09-13T23:39:50.87476312+03:00","Action":"output","Package":"virmill.local/core/internal/ui/cli","Test":"TestNDJSONFollowRejectsChangedImmutableJobBinding","Output":"--- PASS: TestNDJSONFollowRejectsChangedImmutableJobBinding (0.01s)\n","OutputType":"frame"}
{"Time":"2026-09-13T23:39:50.874771995+03:00","Action":"pass","Package":"virmill.local/core/internal/ui/cli","Test":"TestNDJSONFollowRejectsChangedImmutableJobBinding","Elapsed":0.01}
{"Time":"2026-09-13T23:39:50.874782955+03:00","Action":"run","Package":"virmill.local/core/internal/ui/cli","Test":"TestPlanApplyDetachedPreservesSingleResponse"}
{"Time":"2026-09-13T23:39:50.874784341+03:00","Action":"output","Package":"virmill.local/core/internal/ui/cli","Test":"TestPlanApplyDetachedPreservesSingleResponse","Output":"=== RUN   TestPlanApplyDetachedPreservesSingleResponse\n","OutputType":"frame"}
{"Time":"2026-09-13T23:39:50.874796626+03:00","Action":"run","Package":"virmill.local/core/internal/ui/cli","Test":"TestPlanApplyDetachedPreservesSingleResponse/json"}
{"Time":"2026-09-13T23:39:50.874798481+03:00","Action":"output","Package":"virmill.local/core/internal/ui/cli","Test":"TestPlanApplyDetachedPreservesSingleResponse/json","Output":"=== RUN   TestPlanApplyDetachedPreservesSingleResponse/json\n","OutputType":"frame"}
{"Time":"2026-09-13T23:39:50.875272051+03:00","Action":"output","Package":"virmill.local/core/internal/ui/cli","Test":"TestPlanApplyDetachedPreservesSingleResponse/json","Output":"--- PASS: TestPlanApplyDetachedPreservesSingleResponse/json (0.00s)\n","OutputType":"frame"}
{"Time":"2026-09-13T23:39:50.875286113+03:00","Action":"pass","Package":"virmill.local/core/internal/ui/cli","Test":"TestPlanApplyDetachedPreservesSingleResponse/json","Elapsed":0}
{"Time":"2026-09-13T23:39:50.875299254+03:00","Action":"run","Package":"virmill.local/core/internal/ui/cli","Test":"TestPlanApplyDetachedPreservesSingleResponse/ndjson"}
{"Time":"2026-09-13T23:39:50.875303296+03:00","Action":"output","Package":"virmill.local/core/internal/ui/cli","Test":"TestPlanApplyDetachedPreservesSingleResponse/ndjson","Output":"=== RUN   TestPlanApplyDetachedPreservesSingleResponse/ndjson\n","OutputType":"frame"}
{"Time":"2026-09-13T23:39:50.875740817+03:00","Action":"output","Package":"virmill.local/core/internal/ui/cli","Test":"TestPlanApplyDetachedPreservesSingleResponse/ndjson","Output":"--- PASS: TestPlanApplyDetachedPreservesSingleResponse/ndjson (0.00s)\n","OutputType":"frame"}
{"Time":"2026-09-13T23:39:50.875746826+03:00","Action":"pass","Package":"virmill.local/core/internal/ui/cli","Test":"TestPlanApplyDetachedPreservesSingleResponse/ndjson","Elapsed":0}
{"Time":"2026-09-13T23:39:50.875774072+03:00","Action":"output","Package":"virmill.local/core/internal/ui/cli","Test":"TestPlanApplyDetachedPreservesSingleResponse","Output":"--- PASS: TestPlanApplyDetachedPreservesSingleResponse (0.00s)\n","OutputType":"frame"}
{"Time":"2026-09-13T23:39:50.875779955+03:00","Action":"pass","Package":"virmill.local/core/internal/ui/cli","Test":"TestPlanApplyDetachedPreservesSingleResponse","Elapsed":0}
{"Time":"2026-09-13T23:39:50.875791658+03:00","Action":"run","Package":"virmill.local/core/internal/ui/cli","Test":"TestNDJSONFollowStoredPartialErrorsRetainCauseAndExitSix"}
{"Time":"2026-09-13T23:39:50.875793445+03:00","Action":"output","Package":"virmill.local/core/internal/ui/cli","Test":"TestNDJSONFollowStoredPartialErrorsRetainCauseAndExitSix","Output":"=== RUN   TestNDJSONFollowStoredPartialErrorsRetainCauseAndExitSix\n","OutputType":"frame"}
{"Time":"2026-09-13T23:39:50.875802949+03:00","Action":"run","Package":"virmill.local/core/internal/ui/cli","Test":"TestNDJSONFollowStoredPartialErrorsRetainCauseAndExitSix/partial"}
{"Time":"2026-09-13T23:39:50.87580481+03:00","Action":"output","Package":"virmill.local/core/internal/ui/cli","Test":"TestNDJSONFollowStoredPartialErrorsRetainCauseAndExitSix/partial","Output":"=== RUN   TestNDJSONFollowStoredPartialErrorsRetainCauseAndExitSix/partial\n","OutputType":"frame"}
{"Time":"2026-09-13T23:39:50.880710027+03:00","Action":"output","Package":"virmill.local/core/internal/ui/cli","Test":"TestNDJSONFollowStoredPartialErrorsRetainCauseAndExitSix/partial","Output":"--- PASS: TestNDJSONFollowStoredPartialErrorsRetainCauseAndExitSix/partial (0.00s)\n","OutputType":"frame"}
{"Time":"2026-09-13T23:39:50.880757696+03:00","Action":"pass","Package":"virmill.local/core/internal/ui/cli","Test":"TestNDJSONFollowStoredPartialErrorsRetainCauseAndExitSix/partial","Elapsed":0}
{"Time":"2026-09-13T23:39:50.880771674+03:00","Action":"run","Package":"virmill.local/core/internal/ui/cli","Test":"TestNDJSONFollowStoredPartialErrorsRetainCauseAndExitSix/recovery-required"}
{"Time":"2026-09-13T23:39:50.880778739+03:00","Action":"output","Package":"virmill.local/core/internal/ui/cli","Test":"TestNDJSONFollowStoredPartialErrorsRetainCauseAndExitSix/recovery-required","Output":"=== RUN   TestNDJSONFollowStoredPartialErrorsRetainCauseAndExitSix/recovery-required\n","OutputType":"frame"}
{"Time":"2026-09-13T23:39:50.884772795+03:00","Action":"output","Package":"virmill.local/core/internal/ui/cli","Test":"TestNDJSONFollowStoredPartialErrorsRetainCauseAndExitSix/recovery-required","Output":"--- PASS: TestNDJSONFollowStoredPartialErrorsRetainCauseAndExitSix/recovery-required (0.00s)\n","OutputType":"frame"}
{"Time":"2026-09-13T23:39:50.884802969+03:00","Action":"pass","Package":"virmill.local/core/internal/ui/cli","Test":"TestNDJSONFollowStoredPartialErrorsRetainCauseAndExitSix/recovery-required","Elapsed":0}
{"Time":"2026-09-13T23:39:50.884809443+03:00","Action":"output","Package":"virmill.local/core/internal/ui/cli","Test":"TestNDJSONFollowStoredPartialErrorsRetainCauseAndExitSix","Output":"--- PASS: TestNDJSONFollowStoredPartialErrorsRetainCauseAndExitSix (0.01s)\n","OutputType":"frame"}
{"Time":"2026-09-13T23:39:50.884811265+03:00","Action":"pass","Package":"virmill.local/core/internal/ui/cli","Test":"TestNDJSONFollowStoredPartialErrorsRetainCauseAndExitSix","Elapsed":0.01}
{"Time":"2026-09-13T23:39:50.884816407+03:00","Action":"run","Package":"virmill.local/core/internal/ui/cli","Test":"TestGuestAgentAndReceiptCLIParity"}
{"Time":"2026-09-13T23:39:50.884817909+03:00","Action":"output","Package":"virmill.local/core/internal/ui/cli","Test":"TestGuestAgentAndReceiptCLIParity","Output":"=== RUN   TestGuestAgentAndReceiptCLIParity\n","OutputType":"frame"}
{"Time":"2026-09-13T23:39:50.884820049+03:00","Action":"run","Package":"virmill.local/core/internal/ui/cli","Test":"TestGuestAgentAndReceiptCLIParity/vm-guest-agent-enable-selected-vm"}
{"Time":"2026-09-13T23:39:50.884821116+03:00","Action":"output","Package":"virmill.local/core/internal/ui/cli","Test":"TestGuestAgentAndReceiptCLIParity/vm-guest-agent-enable-selected-vm","Output":"=== RUN   TestGuestAgentAndReceiptCLIParity/vm-guest-agent-enable-selected-vm\n","OutputType":"frame"}
{"Time":"2026-09-13T23:39:50.88530692+03:00","Action":"output","Package":"virmill.local/core/internal/ui/cli","Test":"TestGuestAgentAndReceiptCLIParity/vm-guest-agent-enable-selected-vm","Output":"--- PASS: TestGuestAgentAndReceiptCLIParity/vm-guest-agent-enable-selected-vm (0.00s)\n","OutputType":"frame"}
{"Time":"2026-09-13T23:39:50.885314155+03:00","Action":"pass","Package":"virmill.local/core/internal/ui/cli","Test":"TestGuestAgentAndReceiptCLIParity/vm-guest-agent-enable-selected-vm","Elapsed":0}
{"Time":"2026-09-13T23:39:50.885323229+03:00","Action":"run","Package":"virmill.local/core/internal/ui/cli","Test":"TestGuestAgentAndReceiptCLIParity/vm-guest-agent-show-selected-vm"}
{"Time":"2026-09-13T23:39:50.885326966+03:00","Action":"output","Package":"virmill.local/core/internal/ui/cli","Test":"TestGuestAgentAndReceiptCLIParity/vm-guest-agent-show-selected-vm","Output":"=== RUN   TestGuestAgentAndReceiptCLIParity/vm-guest-agent-show-selected-vm\n","OutputType":"frame"}
{"Time":"2026-09-13T23:39:50.885779145+03:00","Action":"output","Package":"virmill.local/core/internal/ui/cli","Test":"TestGuestAgentAndReceiptCLIParity/vm-guest-agent-show-selected-vm","Output":"--- PASS: TestGuestAgentAndReceiptCLIParity/vm-guest-agent-show-selected-vm (0.00s)\n","OutputType":"frame"}
{"Time":"2026-09-13T23:39:50.885786386+03:00","Action":"pass","Package":"virmill.local/core/internal/ui/cli","Test":"TestGuestAgentAndReceiptCLIParity/vm-guest-agent-show-selected-vm","Elapsed":0}
{"Time":"2026-09-13T23:39:50.885791275+03:00","Action":"run","Package":"virmill.local/core/internal/ui/cli","Test":"TestGuestAgentAndReceiptCLIParity/backup-receipts"}
{"Time":"2026-09-13T23:39:50.885794757+03:00","Action":"output","Package":"virmill.local/core/internal/ui/cli","Test":"TestGuestAgentAndReceiptCLIParity/backup-receipts","Output":"=== RUN   TestGuestAgentAndReceiptCLIParity/backup-receipts\n","OutputType":"frame"}
{"Time":"2026-09-13T23:39:50.886376787+03:00","Action":"output","Package":"virmill.local/core/internal/ui/cli","Test":"TestGuestAgentAndReceiptCLIParity/backup-receipts","Output":"--- PASS: TestGuestAgentAndReceiptCLIParity/backup-receipts (0.00s)\n","OutputType":"frame"}
{"Time":"2026-09-13T23:39:50.886384762+03:00","Action":"pass","Package":"virmill.local/core/internal/ui/cli","Test":"TestGuestAgentAndReceiptCLIParity/backup-receipts","Elapsed":0}
{"Time":"2026-09-13T23:39:50.886403106+03:00","Action":"run","Package":"virmill.local/core/internal/ui/cli","Test":"TestGuestAgentAndReceiptCLIParity/backup-receipt-show-operation"}
{"Time":"2026-09-13T23:39:50.886408083+03:00","Action":"output","Package":"virmill.local/core/internal/ui/cli","Test":"TestGuestAgentAndReceiptCLIParity/backup-receipt-show-operation","Output":"=== RUN   TestGuestAgentAndReceiptCLIParity/backup-receipt-show-operation\n","OutputType":"frame"}
{"Time":"2026-09-13T23:39:50.886902629+03:00","Action":"output","Package":"virmill.local/core/internal/ui/cli","Test":"TestGuestAgentAndReceiptCLIParity/backup-receipt-show-operation","Output":"--- PASS: TestGuestAgentAndReceiptCLIParity/backup-receipt-show-operation (0.00s)\n","OutputType":"frame"}
{"Time":"2026-09-13T23:39:50.886913392+03:00","Action":"pass","Package":"virmill.local/core/internal/ui/cli","Test":"TestGuestAgentAndReceiptCLIParity/backup-receipt-show-operation","Elapsed":0}
{"Time":"2026-09-13T23:39:50.886920062+03:00","Action":"run","Package":"virmill.local/core/internal/ui/cli","Test":"TestGuestAgentAndReceiptCLIParity/backup-receipt-read-receipt.json"}
{"Time":"2026-09-13T23:39:50.886945434+03:00","Action":"output","Package":"virmill.local/core/internal/ui/cli","Test":"TestGuestAgentAndReceiptCLIParity/backup-receipt-read-receipt.json","Output":"=== RUN   TestGuestAgentAndReceiptCLIParity/backup-receipt-read-receipt.json\n","OutputType":"frame"}
{"Time":"2026-09-13T23:39:50.887442531+03:00","Action":"output","Package":"virmill.local/core/internal/ui/cli","Test":"TestGuestAgentAndReceiptCLIParity/backup-receipt-read-receipt.json","Output":"--- PASS: TestGuestAgentAndReceiptCLIParity/backup-receipt-read-receipt.json (0.00s)\n","OutputType":"frame"}
{"Time":"2026-09-13T23:39:50.887451546+03:00","Action":"pass","Package":"virmill.local/core/internal/ui/cli","Test":"TestGuestAgentAndReceiptCLIParity/backup-receipt-read-receipt.json","Elapsed":0}
{"Time":"2026-09-13T23:39:50.887463716+03:00","Action":"output","Package":"virmill.local/core/internal/ui/cli","Test":"TestGuestAgentAndReceiptCLIParity","Output":"--- PASS: TestGuestAgentAndReceiptCLIParity (0.00s)\n","OutputType":"frame"}
{"Time":"2026-09-13T23:39:50.887471178+03:00","Action":"pass","Package":"virmill.local/core/internal/ui/cli","Test":"TestGuestAgentAndReceiptCLIParity","Elapsed":0}
{"Time":"2026-09-13T23:39:50.887478885+03:00","Action":"run","Package":"virmill.local/core/internal/ui/cli","Test":"TestBackupReceiptExportPreservesAndValidates"}
{"Time":"2026-09-13T23:39:50.887484904+03:00","Action":"output","Package":"virmill.local/core/internal/ui/cli","Test":"TestBackupReceiptExportPreservesAndValidates","Output":"=== RUN   TestBackupReceiptExportPreservesAndValidates\n","OutputType":"frame"}
{"Time":"2026-09-13T23:39:50.891214783+03:00","Action":"output","Package":"virmill.local/core/internal/ui/cli","Test":"TestBackupReceiptExportPreservesAndValidates","Output":"--- PASS: TestBackupReceiptExportPreservesAndValidates (0.00s)\n","OutputType":"frame"}
{"Time":"2026-09-13T23:39:50.891236388+03:00","Action":"pass","Package":"virmill.local/core/internal/ui/cli","Test":"TestBackupReceiptExportPreservesAndValidates","Elapsed":0}
{"Time":"2026-09-13T23:39:50.891243872+03:00","Action":"run","Package":"virmill.local/core/internal/ui/cli","Test":"TestGuestReadinessCLIExactObservationAndNoApplicationClaim"}
{"Time":"2026-09-13T23:39:50.891247784+03:00","Action":"output","Package":"virmill.local/core/internal/ui/cli","Test":"TestGuestReadinessCLIExactObservationAndNoApplicationClaim","Output":"=== RUN   TestGuestReadinessCLIExactObservationAndNoApplicationClaim\n","OutputType":"frame"}
{"Time":"2026-09-13T23:39:50.891253031+03:00","Action":"run","Package":"virmill.local/core/internal/ui/cli","Test":"TestGuestReadinessCLIExactObservationAndNoApplicationClaim/qemu:///session/responsive"}
{"Time":"2026-09-13T23:39:50.89125673+03:00","Action":"output","Package":"virmill.local/core/internal/ui/cli","Test":"TestGuestReadinessCLIExactObservationAndNoApplicationClaim/qemu:///session/responsive","Output":"=== RUN   TestGuestReadinessCLIExactObservationAndNoApplicationClaim/qemu:///session/responsive\n","OutputType":"frame"}
{"Time":"2026-09-13T23:39:50.892335645+03:00","Action":"output","Package":"virmill.local/core/internal/ui/cli","Test":"TestGuestReadinessCLIExactObservationAndNoApplicationClaim/qemu:///session/responsive","Output":"--- PASS: TestGuestReadinessCLIExactObservationAndNoApplicationClaim/qemu:///session/responsive (0.00s)\n","OutputType":"frame"}
{"Time":"2026-09-13T23:39:50.89234627+03:00","Action":"pass","Package":"virmill.local/core/internal/ui/cli","Test":"TestGuestReadinessCLIExactObservationAndNoApplicationClaim/qemu:///session/responsive","Elapsed":0}
{"Time":"2026-09-13T23:39:50.89235197+03:00","Action":"run","Package":"virmill.local/core/internal/ui/cli","Test":"TestGuestReadinessCLIExactObservationAndNoApplicationClaim/qemu:///session/unresponsive"}
{"Time":"2026-09-13T23:39:50.892355604+03:00","Action":"output","Package":"virmill.local/core/internal/ui/cli","Test":"TestGuestReadinessCLIExactObservationAndNoApplicationClaim/qemu:///session/unresponsive","Output":"=== RUN   TestGuestReadinessCLIExactObservationAndNoApplicationClaim/qemu:///session/unresponsive\n","OutputType":"frame"}
{"Time":"2026-09-13T23:39:50.893364308+03:00","Action":"output","Package":"virmill.local/core/internal/ui/cli","Test":"TestGuestReadinessCLIExactObservationAndNoApplicationClaim/qemu:///session/unresponsive","Output":"--- PASS: TestGuestReadinessCLIExactObservationAndNoApplicationClaim/qemu:///session/unresponsive (0.00s)\n","OutputType":"frame"}
{"Time":"2026-09-13T23:39:50.893389737+03:00","Action":"pass","Package":"virmill.local/core/internal/ui/cli","Test":"TestGuestReadinessCLIExactObservationAndNoApplicationClaim/qemu:///session/unresponsive","Elapsed":0}
{"Time":"2026-09-13T23:39:50.893401232+03:00","Action":"run","Package":"virmill.local/core/internal/ui/cli","Test":"TestGuestReadinessCLIExactObservationAndNoApplicationClaim/qemu:///session/disconnected"}
{"Time":"2026-09-13T23:39:50.893403379+03:00","Action":"output","Package":"virmill.local/core/internal/ui/cli","Test":"TestGuestReadinessCLIExactObservationAndNoApplicationClaim/qemu:///session/disconnected","Output":"=== RUN   TestGuestReadinessCLIExactObservationAndNoApplicationClaim/qemu:///session/disconnected\n","OutputType":"frame"}
{"Time":"2026-09-13T23:39:50.896027254+03:00","Action":"output","Package":"virmill.local/core/internal/ui/cli","Test":"TestGuestReadinessCLIExactObservationAndNoApplicationClaim/qemu:///session/disconnected","Output":"--- PASS: TestGuestReadinessCLIExactObservationAndNoApplicationClaim/qemu:///session/disconnected (0.00s)\n","OutputType":"frame"}
{"Time":"2026-09-13T23:39:50.896051104+03:00","Action":"pass","Package":"virmill.local/core/internal/ui/cli","Test":"TestGuestReadinessCLIExactObservationAndNoApplicationClaim/qemu:///session/disconnected","Elapsed":0}
{"Time":"2026-09-13T23:39:50.896071737+03:00","Action":"run","Package":"virmill.local/core/internal/ui/cli","Test":"TestGuestReadinessCLIExactObservationAndNoApplicationClaim/qemu:///session/absent"}
{"Time":"2026-09-13T23:39:50.896076706+03:00","Action":"output","Package":"virmill.local/core/internal/ui/cli","Test":"TestGuestReadinessCLIExactObservationAndNoApplicationClaim/qemu:///session/absent","Output":"=== RUN   TestGuestReadinessCLIExactObservationAndNoApplicationClaim/qemu:///session/absent\n","OutputType":"frame"}
{"Time":"2026-09-13T23:39:50.898679906+03:00","Action":"output","Package":"virmill.local/core/internal/ui/cli","Test":"TestGuestReadinessCLIExactObservationAndNoApplicationClaim/qemu:///session/absent","Output":"--- PASS: TestGuestReadinessCLIExactObservationAndNoApplicationClaim/qemu:///session/absent (0.00s)\n","OutputType":"frame"}
{"Time":"2026-09-13T23:39:50.898697371+03:00","Action":"pass","Package":"virmill.local/core/internal/ui/cli","Test":"TestGuestReadinessCLIExactObservationAndNoApplicationClaim/qemu:///session/absent","Elapsed":0}
{"Time":"2026-09-13T23:39:50.898730954+03:00","Action":"run","Package":"virmill.local/core/internal/ui/cli","Test":"TestGuestReadinessCLIExactObservationAndNoApplicationClaim/qemu:///session/unknown"}
{"Time":"2026-09-13T23:39:50.898736015+03:00","Action":"output","Package":"virmill.local/core/internal/ui/cli","Test":"TestGuestReadinessCLIExactObservationAndNoApplicationClaim/qemu:///session/unknown","Output":"=== RUN   TestGuestReadinessCLIExactObservationAndNoApplicationClaim/qemu:///session/unknown\n","OutputType":"frame"}
{"Time":"2026-09-13T23:39:50.90009334+03:00","Action":"output","Package":"virmill.local/core/internal/ui/cli","Test":"TestGuestReadinessCLIExactObservationAndNoApplicationClaim/qemu:///session/unknown","Output":"--- PASS: TestGuestReadinessCLIExactObservationAndNoApplicationClaim/qemu:///session/unknown (0.00s)\n","OutputType":"frame"}
{"Time":"2026-09-13T23:39:50.900104063+03:00","Action":"pass","Package":"virmill.local/core/internal/ui/cli","Test":"TestGuestReadinessCLIExactObservationAndNoApplicationClaim/qemu:///session/unknown","Elapsed":0}
{"Time":"2026-09-13T23:39:50.900108493+03:00","Action":"run","Package":"virmill.local/core/internal/ui/cli","Test":"TestGuestReadinessCLIExactObservationAndNoApplicationClaim/qemu:///system/responsive"}
{"Time":"2026-09-13T23:39:50.900116871+03:00","Action":"output","Package":"virmill.local/core/internal/ui/cli","Test":"TestGuestReadinessCLIExactObservationAndNoApplicationClaim/qemu:///system/responsive","Output":"=== RUN   TestGuestReadinessCLIExactObservationAndNoApplicationClaim/qemu:///system/responsive\n","OutputType":"frame"}
{"Time":"2026-09-13T23:39:50.901189718+03:00","Action":"output","Package":"virmill.local/core/internal/ui/cli","Test":"TestGuestReadinessCLIExactObservationAndNoApplicationClaim/qemu:///system/responsive","Output":"--- PASS: TestGuestReadinessCLIExactObservationAndNoApplicationClaim/qemu:///system/responsive (0.00s)\n","OutputType":"frame"}
{"Time":"2026-09-13T23:39:50.901202558+03:00","Action":"pass","Package":"virmill.local/core/internal/ui/cli","Test":"TestGuestReadinessCLIExactObservationAndNoApplicationClaim/qemu:///system/responsive","Elapsed":0}
{"Time":"2026-09-13T23:39:50.901216401+03:00","Action":"run","Package":"virmill.local/core/internal/ui/cli","Test":"TestGuestReadinessCLIExactObservationAndNoApplicationClaim/qemu:///system/unresponsive"}
{"Time":"2026-09-13T23:39:50.901220528+03:00","Action":"output","Package":"virmill.local/core/internal/ui/cli","Test":"TestGuestReadinessCLIExactObservationAndNoApplicationClaim/qemu:///system/unresponsive","Output":"=== RUN   TestGuestReadinessCLIExactObservationAndNoApplicationClaim/qemu:///system/unresponsive\n","OutputType":"frame"}
{"Time":"2026-09-13T23:39:50.903951055+03:00","Action":"output","Package":"virmill.local/core/internal/ui/cli","Test":"TestGuestReadinessCLIExactObservationAndNoApplicationClaim/qemu:///system/unresponsive","Output":"--- PASS: TestGuestReadinessCLIExactObservationAndNoApplicationClaim/qemu:///system/unresponsive (0.00s)\n","OutputType":"frame"}
{"Time":"2026-09-13T23:39:50.903975619+03:00","Action":"pass","Package":"virmill.local/core/internal/ui/cli","Test":"TestGuestReadinessCLIExactObservationAndNoApplicationClaim/qemu:///system/unresponsive","Elapsed":0}
{"Time":"2026-09-13T23:39:50.903992525+03:00","Action":"run","Package":"virmill.local/core/internal/ui/cli","Test":"TestGuestReadinessCLIExactObservationAndNoApplicationClaim/qemu:///system/disconnected"}
{"Time":"2026-09-13T23:39:50.903995669+03:00","Action":"output","Package":"virmill.local/core/internal/ui/cli","Test":"TestGuestReadinessCLIExactObservationAndNoApplicationClaim/qemu:///system/disconnected","Output":"=== RUN   TestGuestReadinessCLIExactObservationAndNoApplicationClaim/qemu:///system/disconnected\n","OutputType":"frame"}
{"Time":"2026-09-13T23:39:50.906236157+03:00","Action":"output","Package":"virmill.local/core/internal/ui/cli","Test":"TestGuestReadinessCLIExactObservationAndNoApplicationClaim/qemu:///system/disconnected","Output":"--- PASS: TestGuestReadinessCLIExactObservationAndNoApplicationClaim/qemu:///system/disconnected (0.00s)\n","OutputType":"frame"}
{"Time":"2026-09-13T23:39:50.906253998+03:00","Action":"pass","Package":"virmill.local/core/internal/ui/cli","Test":"TestGuestReadinessCLIExactObservationAndNoApplicationClaim/qemu:///system/disconnected","Elapsed":0}
{"Time":"2026-09-13T23:39:50.906273201+03:00","Action":"run","Package":"virmill.local/core/internal/ui/cli","Test":"TestGuestReadinessCLIExactObservationAndNoApplicationClaim/qemu:///system/absent"}
{"Time":"2026-09-13T23:39:50.906276858+03:00","Action":"output","Package":"virmill.local/core/internal/ui/cli","Test":"TestGuestReadinessCLIExactObservationAndNoApplicationClaim/qemu:///system/absent","Output":"=== RUN   TestGuestReadinessCLIExactObservationAndNoApplicationClaim/qemu:///system/absent\n","OutputType":"frame"}
{"Time":"2026-09-13T23:39:50.908067268+03:00","Action":"output","Package":"virmill.local/core/internal/ui/cli","Test":"TestGuestReadinessCLIExactObservationAndNoApplicationClaim/qemu:///system/absent","Output":"--- PASS: TestGuestReadinessCLIExactObservationAndNoApplicationClaim/qemu:///system/absent (0.00s)\n","OutputType":"frame"}
{"Time":"2026-09-13T23:39:50.90808509+03:00","Action":"pass","Package":"virmill.local/core/internal/ui/cli","Test":"TestGuestReadinessCLIExactObservationAndNoApplicationClaim/qemu:///system/absent","Elapsed":0}
{"Time":"2026-09-13T23:39:50.908104127+03:00","Action":"run","Package":"virmill.local/core/internal/ui/cli","Test":"TestGuestReadinessCLIExactObservationAndNoApplicationClaim/qemu:///system/unknown"}
{"Time":"2026-09-13T23:39:50.908107668+03:00","Action":"output","Package":"virmill.local/core/internal/ui/cli","Test":"TestGuestReadinessCLIExactObservationAndNoApplicationClaim/qemu:///system/unknown","Output":"=== RUN   TestGuestReadinessCLIExactObservationAndNoApplicationClaim/qemu:///system/unknown\n","OutputType":"frame"}
{"Time":"2026-09-13T23:39:50.909780473+03:00","Action":"output","Package":"virmill.local/core/internal/ui/cli","Test":"TestGuestReadinessCLIExactObservationAndNoApplicationClaim/qemu:///system/unknown","Output":"--- PASS: TestGuestReadinessCLIExactObservationAndNoApplicationClaim/qemu:///system/unknown (0.00s)\n","OutputType":"frame"}
{"Time":"2026-09-13T23:39:50.909798142+03:00","Action":"pass","Package":"virmill.local/core/internal/ui/cli","Test":"TestGuestReadinessCLIExactObservationAndNoApplicationClaim/qemu:///system/unknown","Elapsed":0}
{"Time":"2026-09-13T23:39:50.909837172+03:00","Action":"output","Package":"virmill.local/core/internal/ui/cli","Test":"TestGuestReadinessCLIExactObservationAndNoApplicationClaim","Output":"--- PASS: TestGuestReadinessCLIExactObservationAndNoApplicationClaim (0.02s)\n","OutputType":"frame"}
{"Time":"2026-09-13T23:39:50.909846027+03:00","Action":"pass","Package":"virmill.local/core/internal/ui/cli","Test":"TestGuestReadinessCLIExactObservationAndNoApplicationClaim","Elapsed":0.02}
{"Time":"2026-09-13T23:39:50.90986535+03:00","Action":"run","Package":"virmill.local/core/internal/ui/cli","Test":"TestGuestReadinessCLIErrorsHaveNoObservationOrAuthority"}
{"Time":"2026-09-13T23:39:50.909868925+03:00","Action":"output","Package":"virmill.local/core/internal/ui/cli","Test":"TestGuestReadinessCLIErrorsHaveNoObservationOrAuthority","Output":"=== RUN   TestGuestReadinessCLIErrorsHaveNoObservationOrAuthority\n","OutputType":"frame"}
{"Time":"2026-09-13T23:39:50.909890062+03:00","Action":"run","Package":"virmill.local/core/internal/ui/cli","Test":"TestGuestReadinessCLIErrorsHaveNoObservationOrAuthority/native"}
{"Time":"2026-09-13T23:39:50.909893369+03:00","Action":"output","Package":"virmill.local/core/internal/ui/cli","Test":"TestGuestReadinessCLIErrorsHaveNoObservationOrAuthority/native","Output":"=== RUN   TestGuestReadinessCLIErrorsHaveNoObservationOrAuthority/native\n","OutputType":"frame"}
{"Time":"2026-09-13T23:39:50.911762633+03:00","Action":"output","Package":"virmill.local/core/internal/ui/cli","Test":"TestGuestReadinessCLIErrorsHaveNoObservationOrAuthority/native","Output":"--- PASS: TestGuestReadinessCLIErrorsHaveNoObservationOrAuthority/native (0.00s)\n","OutputType":"frame"}
{"Time":"2026-09-13T23:39:50.911775062+03:00","Action":"pass","Package":"virmill.local/core/internal/ui/cli","Test":"TestGuestReadinessCLIErrorsHaveNoObservationOrAuthority/native","Elapsed":0}
{"Time":"2026-09-13T23:39:50.911802982+03:00","Action":"run","Package":"virmill.local/core/internal/ui/cli","Test":"TestGuestReadinessCLIErrorsHaveNoObservationOrAuthority/canceled"}
{"Time":"2026-09-13T23:39:50.911806848+03:00","Action":"output","Package":"virmill.local/core/internal/ui/cli","Test":"TestGuestReadinessCLIErrorsHaveNoObservationOrAuthority/canceled","Output":"=== RUN   TestGuestReadinessCLIErrorsHaveNoObservationOrAuthority/canceled\n","OutputType":"frame"}
{"Time":"2026-09-13T23:39:50.913145873+03:00","Action":"output","Package":"virmill.local/core/internal/ui/cli","Test":"TestGuestReadinessCLIErrorsHaveNoObservationOrAuthority/canceled","Output":"--- PASS: TestGuestReadinessCLIErrorsHaveNoObservationOrAuthority/canceled (0.00s)\n","OutputType":"frame"}
{"Time":"2026-09-13T23:39:50.913152946+03:00","Action":"pass","Package":"virmill.local/core/internal/ui/cli","Test":"TestGuestReadinessCLIErrorsHaveNoObservationOrAuthority/canceled","Elapsed":0}
{"Time":"2026-09-13T23:39:50.913168063+03:00","Action":"run","Package":"virmill.local/core/internal/ui/cli","Test":"TestGuestReadinessCLIErrorsHaveNoObservationOrAuthority/transport"}
{"Time":"2026-09-13T23:39:50.913171035+03:00","Action":"output","Package":"virmill.local/core/internal/ui/cli","Test":"TestGuestReadinessCLIErrorsHaveNoObservationOrAuthority/transport","Output":"=== RUN   TestGuestReadinessCLIErrorsHaveNoObservationOrAuthority/transport\n","OutputType":"frame"}
{"Time":"2026-09-13T23:39:50.91373181+03:00","Action":"output","Package":"virmill.local/core/internal/ui/cli","Test":"TestGuestReadinessCLIErrorsHaveNoObservationOrAuthority/transport","Output":"--- PASS: TestGuestReadinessCLIErrorsHaveNoObservationOrAuthority/transport (0.00s)\n","OutputType":"frame"}
{"Time":"2026-09-13T23:39:50.913740811+03:00","Action":"pass","Package":"virmill.local/core/internal/ui/cli","Test":"TestGuestReadinessCLIErrorsHaveNoObservationOrAuthority/transport","Elapsed":0}
{"Time":"2026-09-13T23:39:50.913765431+03:00","Action":"output","Package":"virmill.local/core/internal/ui/cli","Test":"TestGuestReadinessCLIErrorsHaveNoObservationOrAuthority","Output":"--- PASS: TestGuestReadinessCLIErrorsHaveNoObservationOrAuthority (0.00s)\n","OutputType":"frame"}
{"Time":"2026-09-13T23:39:50.91377073+03:00","Action":"pass","Package":"virmill.local/core/internal/ui/cli","Test":"TestGuestReadinessCLIErrorsHaveNoObservationOrAuthority","Elapsed":0}
{"Time":"2026-09-13T23:39:50.913782436+03:00","Action":"run","Package":"virmill.local/core/internal/ui/cli","Test":"TestGuestRecipeCLIReviewedPlanAndLiteralInput"}
{"Time":"2026-09-13T23:39:50.913786177+03:00","Action":"output","Package":"virmill.local/core/internal/ui/cli","Test":"TestGuestRecipeCLIReviewedPlanAndLiteralInput","Output":"=== RUN   TestGuestRecipeCLIReviewedPlanAndLiteralInput\n","OutputType":"frame"}
{"Time":"2026-09-13T23:39:50.915027844+03:00","Action":"run","Package":"virmill.local/core/internal/ui/cli","Test":"TestGuestRecipeCLIReviewedPlanAndLiteralInput/json/default-plan"}
{"Time":"2026-09-13T23:39:50.915033139+03:00","Action":"output","Package":"virmill.local/core/internal/ui/cli","Test":"TestGuestRecipeCLIReviewedPlanAndLiteralInput/json/default-plan","Output":"=== RUN   TestGuestRecipeCLIReviewedPlanAndLiteralInput/json/default-plan\n","OutputType":"frame"}
{"Time":"2026-09-13T23:39:50.916609917+03:00","Action":"output","Package":"virmill.local/core/internal/ui/cli","Test":"TestGuestRecipeCLIReviewedPlanAndLiteralInput/json/default-plan","Output":"--- PASS: TestGuestRecipeCLIReviewedPlanAndLiteralInput/json/default-plan (0.00s)\n","OutputType":"frame"}
{"Time":"2026-09-13T23:39:50.916619732+03:00","Action":"pass","Package":"virmill.local/core/internal/ui/cli","Test":"TestGuestRecipeCLIReviewedPlanAndLiteralInput/json/default-plan","Elapsed":0}
{"Time":"2026-09-13T23:39:50.916625833+03:00","Action":"run","Package":"virmill.local/core/internal/ui/cli","Test":"TestGuestRecipeCLIReviewedPlanAndLiteralInput/json/explicit-plan"}
{"Time":"2026-09-13T23:39:50.916628412+03:00","Action":"output","Package":"virmill.local/core/internal/ui/cli","Test":"TestGuestRecipeCLIReviewedPlanAndLiteralInput/json/explicit-plan","Output":"=== RUN   TestGuestRecipeCLIReviewedPlanAndLiteralInput/json/explicit-plan\n","OutputType":"frame"}
{"Time":"2026-09-13T23:39:50.918192437+03:00","Action":"output","Package":"virmill.local/core/internal/ui/cli","Test":"TestGuestRecipeCLIReviewedPlanAndLiteralInput/json/explicit-plan","Output":"--- PASS: TestGuestRecipeCLIReviewedPlanAndLiteralInput/json/explicit-plan (0.00s)\n","OutputType":"frame"}
{"Time":"2026-09-13T23:39:50.91820115+03:00","Action":"pass","Package":"virmill.local/core/internal/ui/cli","Test":"TestGuestRecipeCLIReviewedPlanAndLiteralInput/json/explicit-plan","Elapsed":0}
{"Time":"2026-09-13T23:39:50.918209597+03:00","Action":"run","Package":"virmill.local/core/internal/ui/cli","Test":"TestGuestRecipeCLIReviewedPlanAndLiteralInput/ndjson/default-plan"}
{"Time":"2026-09-13T23:39:50.918212088+03:00","Action":"output","Package":"virmill.local/core/internal/ui/cli","Test":"TestGuestRecipeCLIReviewedPlanAndLiteralInput/ndjson/default-plan","Output":"=== RUN   TestGuestRecipeCLIReviewedPlanAndLiteralInput/ndjson/default-plan\n","OutputType":"frame"}
{"Time":"2026-09-13T23:39:50.919836272+03:00","Action":"output","Package":"virmill.local/core/internal/ui/cli","Test":"TestGuestRecipeCLIReviewedPlanAndLiteralInput/ndjson/default-plan","Output":"--- PASS: TestGuestRecipeCLIReviewedPlanAndLiteralInput/ndjson/default-plan (0.00s)\n","OutputType":"frame"}
{"Time":"2026-09-13T23:39:50.919848345+03:00","Action":"pass","Package":"virmill.local/core/internal/ui/cli","Test":"TestGuestRecipeCLIReviewedPlanAndLiteralInput/ndjson/default-plan","Elapsed":0}
{"Time":"2026-09-13T23:39:50.919852907+03:00","Action":"run","Package":"virmill.local/core/internal/ui/cli","Test":"TestGuestRecipeCLIReviewedPlanAndLiteralInput/ndjson/explicit-plan"}
{"Time":"2026-09-13T23:39:50.91985538+03:00","Action":"output","Package":"virmill.local/core/internal/ui/cli","Test":"TestGuestRecipeCLIReviewedPlanAndLiteralInput/ndjson/explicit-plan","Output":"=== RUN   TestGuestRecipeCLIReviewedPlanAndLiteralInput/ndjson/explicit-plan\n","OutputType":"frame"}
{"Time":"2026-09-13T23:39:50.922161627+03:00","Action":"output","Package":"virmill.local/core/internal/ui/cli","Test":"TestGuestRecipeCLIReviewedPlanAndLiteralInput/ndjson/explicit-plan","Output":"--- PASS: TestGuestRecipeCLIReviewedPlanAndLiteralInput/ndjson/explicit-plan (0.00s)\n","OutputType":"frame"}
{"Time":"2026-09-13T23:39:50.922175872+03:00","Action":"pass","Package":"virmill.local/core/internal/ui/cli","Test":"TestGuestRecipeCLIReviewedPlanAndLiteralInput/ndjson/explicit-plan","Elapsed":0}
{"Time":"2026-09-13T23:39:50.92218173+03:00","Action":"output","Package":"virmill.local/core/internal/ui/cli","Test":"TestGuestRecipeCLIReviewedPlanAndLiteralInput","Output":"--- PASS: TestGuestRecipeCLIReviewedPlanAndLiteralInput (0.01s)\n","OutputType":"frame"}
{"Time":"2026-09-13T23:39:50.922186177+03:00","Action":"pass","Package":"virmill.local/core/internal/ui/cli","Test":"TestGuestRecipeCLIReviewedPlanAndLiteralInput","Elapsed":0.01}
{"Time":"2026-09-13T23:39:50.92219289+03:00","Action":"run","Package":"virmill.local/core/internal/ui/cli","Test":"TestGuestRecipeCLIRejectsMissingPathImplicitApplyAndMalformedInput"}
{"Time":"2026-09-13T23:39:50.922195454+03:00","Action":"output","Package":"virmill.local/core/internal/ui/cli","Test":"TestGuestRecipeCLIRejectsMissingPathImplicitApplyAndMalformedInput","Output":"=== RUN   TestGuestRecipeCLIRejectsMissingPathImplicitApplyAndMalformedInput\n","OutputType":"frame"}
{"Time":"2026-09-13T23:39:50.922220619+03:00","Action":"run","Package":"virmill.local/core/internal/ui/cli","Test":"TestGuestRecipeCLIRejectsMissingPathImplicitApplyAndMalformedInput/missing-vm-and-path"}
{"Time":"2026-09-13T23:39:50.922225139+03:00","Action":"output","Package":"virmill.local/core/internal/ui/cli","Test":"TestGuestRecipeCLIRejectsMissingPathImplicitApplyAndMalformedInput/missing-vm-and-path","Output":"=== RUN   TestGuestRecipeCLIRejectsMissingPathImplicitApplyAndMalformedInput/missing-vm-and-path\n","OutputType":"frame"}
{"Time":"2026-09-13T23:39:50.922646536+03:00","Action":"output","Package":"virmill.local/core/internal/ui/cli","Test":"TestGuestRecipeCLIRejectsMissingPathImplicitApplyAndMalformedInput/missing-vm-and-path","Output":"--- PASS: TestGuestRecipeCLIRejectsMissingPathImplicitApplyAndMalformedInput/missing-vm-and-path (0.00s)\n","OutputType":"frame"}
{"Time":"2026-09-13T23:39:50.922654265+03:00","Action":"pass","Package":"virmill.local/core/internal/ui/cli","Test":"TestGuestRecipeCLIRejectsMissingPathImplicitApplyAndMalformedInput/missing-vm-and-path","Elapsed":0}
{"Time":"2026-09-13T23:39:50.922660855+03:00","Action":"run","Package":"virmill.local/core/internal/ui/cli","Test":"TestGuestRecipeCLIRejectsMissingPathImplicitApplyAndMalformedInput/missing-path"}
{"Time":"2026-09-13T23:39:50.92266361+03:00","Action":"output","Package":"virmill.local/core/internal/ui/cli","Test":"TestGuestRecipeCLIRejectsMissingPathImplicitApplyAndMalformedInput/missing-path","Output":"=== RUN   TestGuestRecipeCLIRejectsMissingPathImplicitApplyAndMalformedInput/missing-path\n","OutputType":"frame"}
{"Time":"2026-09-13T23:39:50.923043626+03:00","Action":"output","Package":"virmill.local/core/internal/ui/cli","Test":"TestGuestRecipeCLIRejectsMissingPathImplicitApplyAndMalformedInput/missing-path","Output":"--- PASS: TestGuestRecipeCLIRejectsMissingPathImplicitApplyAndMalformedInput/missing-path (0.00s)\n","OutputType":"frame"}
{"Time":"2026-09-13T23:39:50.923049008+03:00","Action":"pass","Package":"virmill.local/core/internal/ui/cli","Test":"TestGuestRecipeCLIRejectsMissingPathImplicitApplyAndMalformedInput/missing-path","Elapsed":0}
{"Time":"2026-09-13T23:39:50.923061743+03:00","Action":"run","Package":"virmill.local/core/internal/ui/cli","Test":"TestGuestRecipeCLIRejectsMissingPathImplicitApplyAndMalformedInput/extra-path"}
{"Time":"2026-09-13T23:39:50.92306576+03:00","Action":"output","Package":"virmill.local/core/internal/ui/cli","Test":"TestGuestRecipeCLIRejectsMissingPathImplicitApplyAndMalformedInput/extra-path","Output":"=== RUN   TestGuestRecipeCLIRejectsMissingPathImplicitApplyAndMalformedInput/extra-path\n","OutputType":"frame"}
{"Time":"2026-09-13T23:39:50.923424548+03:00","Action":"output","Package":"virmill.local/core/internal/ui/cli","Test":"TestGuestRecipeCLIRejectsMissingPathImplicitApplyAndMalformedInput/extra-path","Output":"--- PASS: TestGuestRecipeCLIRejectsMissingPathImplicitApplyAndMalformedInput/extra-path (0.00s)\n","OutputType":"frame"}
{"Time":"2026-09-13T23:39:50.923430124+03:00","Action":"pass","Package":"virmill.local/core/internal/ui/cli","Test":"TestGuestRecipeCLIRejectsMissingPathImplicitApplyAndMalformedInput/extra-path","Elapsed":0}
{"Time":"2026-09-13T23:39:50.923437349+03:00","Action":"run","Package":"virmill.local/core/internal/ui/cli","Test":"TestGuestRecipeCLIRejectsMissingPathImplicitApplyAndMalformedInput/implicit-apply"}
{"Time":"2026-09-13T23:39:50.923440005+03:00","Action":"output","Package":"virmill.local/core/internal/ui/cli","Test":"TestGuestRecipeCLIRejectsMissingPathImplicitApplyAndMalformedInput/implicit-apply","Output":"=== RUN   TestGuestRecipeCLIRejectsMissingPathImplicitApplyAndMalformedInput/implicit-apply\n","OutputType":"frame"}
{"Time":"2026-09-13T23:39:50.923863845+03:00","Action":"output","Package":"virmill.local/core/internal/ui/cli","Test":"TestGuestRecipeCLIRejectsMissingPathImplicitApplyAndMalformedInput/implicit-apply","Output":"--- PASS: TestGuestRecipeCLIRejectsMissingPathImplicitApplyAndMalformedInput/implicit-apply (0.00s)\n","OutputType":"frame"}
{"Time":"2026-09-13T23:39:50.923870369+03:00","Action":"pass","Package":"virmill.local/core/internal/ui/cli","Test":"TestGuestRecipeCLIRejectsMissingPathImplicitApplyAndMalformedInput/implicit-apply","Elapsed":0}
{"Time":"2026-09-13T23:39:50.923878113+03:00","Action":"run","Package":"virmill.local/core/internal/ui/cli","Test":"TestGuestRecipeCLIRejectsMissingPathImplicitApplyAndMalformedInput/duplicate-input"}
{"Time":"2026-09-13T23:39:50.923880681+03:00","Action":"output","Package":"virmill.local/core/internal/ui/cli","Test":"TestGuestRecipeCLIRejectsMissingPathImplicitApplyAndMalformedInput/duplicate-input","Output":"=== RUN   TestGuestRecipeCLIRejectsMissingPathImplicitApplyAndMalformedInput/duplicate-input\n","OutputType":"frame"}
{"Time":"2026-09-13T23:39:50.924293383+03:00","Action":"output","Package":"virmill.local/core/internal/ui/cli","Test":"TestGuestRecipeCLIRejectsMissingPathImplicitApplyAndMalformedInput/duplicate-input","Output":"--- PASS: TestGuestRecipeCLIRejectsMissingPathImplicitApplyAndMalformedInput/duplicate-input (0.00s)\n","OutputType":"frame"}
{"Time":"2026-09-13T23:39:50.924300837+03:00","Action":"pass","Package":"virmill.local/core/internal/ui/cli","Test":"TestGuestRecipeCLIRejectsMissingPathImplicitApplyAndMalformedInput/duplicate-input","Elapsed":0}
{"Time":"2026-09-13T23:39:50.924308893+03:00","Action":"run","Package":"virmill.local/core/internal/ui/cli","Test":"TestGuestRecipeCLIRejectsMissingPathImplicitApplyAndMalformedInput/input-array"}
{"Time":"2026-09-13T23:39:50.924311959+03:00","Action":"output","Package":"virmill.local/core/internal/ui/cli","Test":"TestGuestRecipeCLIRejectsMissingPathImplicitApplyAndMalformedInput/input-array","Output":"=== RUN   TestGuestRecipeCLIRejectsMissingPathImplicitApplyAndMalformedInput/input-array\n","OutputType":"frame"}
{"Time":"2026-09-13T23:39:50.92473452+03:00","Action":"output","Package":"virmill.local/core/internal/ui/cli","Test":"TestGuestRecipeCLIRejectsMissingPathImplicitApplyAndMalformedInput/input-array","Output":"--- PASS: TestGuestRecipeCLIRejectsMissingPathImplicitApplyAndMalformedInput/input-array (0.00s)\n","OutputType":"frame"}
{"Time":"2026-09-13T23:39:50.92474079+03:00","Action":"pass","Package":"virmill.local/core/internal/ui/cli","Test":"TestGuestRecipeCLIRejectsMissingPathImplicitApplyAndMalformedInput/input-array","Elapsed":0}
{"Time":"2026-09-13T23:39:50.924748156+03:00","Action":"run","Package":"virmill.local/core/internal/ui/cli","Test":"TestGuestRecipeCLIRejectsMissingPathImplicitApplyAndMalformedInput/trailing-input"}
{"Time":"2026-09-13T23:39:50.924750716+03:00","Action":"output","Package":"virmill.local/core/internal/ui/cli","Test":"TestGuestRecipeCLIRejectsMissingPathImplicitApplyAndMalformedInput/trailing-input","Output":"=== RUN   TestGuestRecipeCLIRejectsMissingPathImplicitApplyAndMalformedInput/trailing-input\n","OutputType":"frame"}
{"Time":"2026-09-13T23:39:50.925930157+03:00","Action":"output","Package":"virmill.local/core/internal/ui/cli","Test":"TestGuestRecipeCLIRejectsMissingPathImplicitApplyAndMalformedInput/trailing-input","Output":"--- PASS: TestGuestRecipeCLIRejectsMissingPathImplicitApplyAndMalformedInput/trailing-input (0.00s)\n","OutputType":"frame"}
{"Time":"2026-09-13T23:39:50.925940018+03:00","Action":"pass","Package":"virmill.local/core/internal/ui/cli","Test":"TestGuestRecipeCLIRejectsMissingPathImplicitApplyAndMalformedInput/trailing-input","Elapsed":0}
{"Time":"2026-09-13T23:39:50.925948272+03:00","Action":"run","Package":"virmill.local/core/internal/ui/cli","Test":"TestGuestRecipeCLIRejectsMissingPathImplicitApplyAndMalformedInput/result-extra-path"}
{"Time":"2026-09-13T23:39:50.925953298+03:00","Action":"output","Package":"virmill.local/core/internal/ui/cli","Test":"TestGuestRecipeCLIRejectsMissingPathImplicitApplyAndMalformedInput/result-extra-path","Output":"=== RUN   TestGuestRecipeCLIRejectsMissingPathImplicitApplyAndMalformedInput/result-extra-path\n","OutputType":"frame"}
{"Time":"2026-09-13T23:39:50.926381488+03:00","Action":"output","Package":"virmill.local/core/internal/ui/cli","Test":"TestGuestRecipeCLIRejectsMissingPathImplicitApplyAndMalformedInput/result-extra-path","Output":"--- PASS: TestGuestRecipeCLIRejectsMissingPathImplicitApplyAndMalformedInput/result-extra-path (0.00s)\n","OutputType":"frame"}
{"Time":"2026-09-13T23:39:50.926389527+03:00","Action":"pass","Package":"virmill.local/core/internal/ui/cli","Test":"TestGuestRecipeCLIRejectsMissingPathImplicitApplyAndMalformedInput/result-extra-path","Elapsed":0}
{"Time":"2026-09-13T23:39:50.926393343+03:00","Action":"run","Package":"virmill.local/core/internal/ui/cli","Test":"TestGuestRecipeCLIRejectsMissingPathImplicitApplyAndMalformedInput/result-plan-flag"}
{"Time":"2026-09-13T23:39:50.926396018+03:00","Action":"output","Package":"virmill.local/core/internal/ui/cli","Test":"TestGuestRecipeCLIRejectsMissingPathImplicitApplyAndMalformedInput/result-plan-flag","Output":"=== RUN   TestGuestRecipeCLIRejectsMissingPathImplicitApplyAndMalformedInput/result-plan-flag\n","OutputType":"frame"}
{"Time":"2026-09-13T23:39:50.926830381+03:00","Action":"output","Package":"virmill.local/core/internal/ui/cli","Test":"TestGuestRecipeCLIRejectsMissingPathImplicitApplyAndMalformedInput/result-plan-flag","Output":"--- PASS: TestGuestRecipeCLIRejectsMissingPathImplicitApplyAndMalformedInput/result-plan-flag (0.00s)\n","OutputType":"frame"}
{"Time":"2026-09-13T23:39:50.926837611+03:00","Action":"pass","Package":"virmill.local/core/internal/ui/cli","Test":"TestGuestRecipeCLIRejectsMissingPathImplicitApplyAndMalformedInput/result-plan-flag","Elapsed":0}
{"Time":"2026-09-13T23:39:50.92685111+03:00","Action":"output","Package":"virmill.local/core/internal/ui/cli","Test":"TestGuestRecipeCLIRejectsMissingPathImplicitApplyAndMalformedInput","Output":"--- PASS: TestGuestRecipeCLIRejectsMissingPathImplicitApplyAndMalformedInput (0.00s)\n","OutputType":"frame"}
{"Time":"2026-09-13T23:39:50.926855507+03:00","Action":"pass","Package":"virmill.local/core/internal/ui/cli","Test":"TestGuestRecipeCLIRejectsMissingPathImplicitApplyAndMalformedInput","Elapsed":0}
{"Time":"2026-09-13T23:39:50.926871414+03:00","Action":"run","Package":"virmill.local/core/internal/ui/cli","Test":"TestGuestRecipeCLIResultIsReadOnlyAndPreservesUnknownEffect"}
{"Time":"2026-09-13T23:39:50.92687445+03:00","Action":"output","Package":"virmill.local/core/internal/ui/cli","Test":"TestGuestRecipeCLIResultIsReadOnlyAndPreservesUnknownEffect","Output":"=== RUN   TestGuestRecipeCLIResultIsReadOnlyAndPreservesUnknownEffect\n","OutputType":"frame"}
{"Time":"2026-09-13T23:39:50.926882262+03:00","Action":"run","Package":"virmill.local/core/internal/ui/cli","Test":"TestGuestRecipeCLIResultIsReadOnlyAndPreservesUnknownEffect/json"}
{"Time":"2026-09-13T23:39:50.926884786+03:00","Action":"output","Package":"virmill.local/core/internal/ui/cli","Test":"TestGuestRecipeCLIResultIsReadOnlyAndPreservesUnknownEffect/json","Output":"=== RUN   TestGuestRecipeCLIResultIsReadOnlyAndPreservesUnknownEffect/json\n","OutputType":"frame"}
{"Time":"2026-09-13T23:39:50.927612792+03:00","Action":"output","Package":"virmill.local/core/internal/ui/cli","Test":"TestGuestRecipeCLIResultIsReadOnlyAndPreservesUnknownEffect/json","Output":"--- PASS: TestGuestRecipeCLIResultIsReadOnlyAndPreservesUnknownEffect/json (0.00s)\n","OutputType":"frame"}
{"Time":"2026-09-13T23:39:50.927622645+03:00","Action":"pass","Package":"virmill.local/core/internal/ui/cli","Test":"TestGuestRecipeCLIResultIsReadOnlyAndPreservesUnknownEffect/json","Elapsed":0}
{"Time":"2026-09-13T23:39:50.927626505+03:00","Action":"run","Package":"virmill.local/core/internal/ui/cli","Test":"TestGuestRecipeCLIResultIsReadOnlyAndPreservesUnknownEffect/ndjson"}
{"Time":"2026-09-13T23:39:50.927629123+03:00","Action":"output","Package":"virmill.local/core/internal/ui/cli","Test":"TestGuestRecipeCLIResultIsReadOnlyAndPreservesUnknownEffect/ndjson","Output":"=== RUN   TestGuestRecipeCLIResultIsReadOnlyAndPreservesUnknownEffect/ndjson\n","OutputType":"frame"}
{"Time":"2026-09-13T23:39:50.928256227+03:00","Action":"output","Package":"virmill.local/core/internal/ui/cli","Test":"TestGuestRecipeCLIResultIsReadOnlyAndPreservesUnknownEffect/ndjson","Output":"--- PASS: TestGuestRecipeCLIResultIsReadOnlyAndPreservesUnknownEffect/ndjson (0.00s)\n","OutputType":"frame"}
{"Time":"2026-09-13T23:39:50.928264126+03:00","Action":"pass","Package":"virmill.local/core/internal/ui/cli","Test":"TestGuestRecipeCLIResultIsReadOnlyAndPreservesUnknownEffect/ndjson","Elapsed":0}
{"Time":"2026-09-13T23:39:50.928285665+03:00","Action":"output","Package":"virmill.local/core/internal/ui/cli","Test":"TestGuestRecipeCLIResultIsReadOnlyAndPreservesUnknownEffect","Output":"--- PASS: TestGuestRecipeCLIResultIsReadOnlyAndPreservesUnknownEffect (0.00s)\n","OutputType":"frame"}
{"Time":"2026-09-13T23:39:50.928291835+03:00","Action":"pass","Package":"virmill.local/core/internal/ui/cli","Test":"TestGuestRecipeCLIResultIsReadOnlyAndPreservesUnknownEffect","Elapsed":0}
{"Time":"2026-09-13T23:39:50.928303132+03:00","Action":"run","Package":"virmill.local/core/internal/ui/cli","Test":"TestGuestRecipeCLIFailuresHaveNoSuccessfulPayload"}
{"Time":"2026-09-13T23:39:50.928305997+03:00","Action":"output","Package":"virmill.local/core/internal/ui/cli","Test":"TestGuestRecipeCLIFailuresHaveNoSuccessfulPayload","Output":"=== RUN   TestGuestRecipeCLIFailuresHaveNoSuccessfulPayload\n","OutputType":"frame"}
{"Time":"2026-09-13T23:39:50.928325769+03:00","Action":"run","Package":"virmill.local/core/internal/ui/cli","Test":"TestGuestRecipeCLIFailuresHaveNoSuccessfulPayload/run/SOURCE_CHANGED"}
{"Time":"2026-09-13T23:39:50.928332541+03:00","Action":"output","Package":"virmill.local/core/internal/ui/cli","Test":"TestGuestRecipeCLIFailuresHaveNoSuccessfulPayload/run/SOURCE_CHANGED","Output":"=== RUN   TestGuestRecipeCLIFailuresHaveNoSuccessfulPayload/run/SOURCE_CHANGED\n","OutputType":"frame"}
{"Time":"2026-09-13T23:39:50.928995747+03:00","Action":"output","Package":"virmill.local/core/internal/ui/cli","Test":"TestGuestRecipeCLIFailuresHaveNoSuccessfulPayload/run/SOURCE_CHANGED","Output":"--- PASS: TestGuestRecipeCLIFailuresHaveNoSuccessfulPayload/run/SOURCE_CHANGED (0.00s)\n","OutputType":"frame"}
{"Time":"2026-09-13T23:39:50.929038065+03:00","Action":"pass","Package":"virmill.local/core/internal/ui/cli","Test":"TestGuestRecipeCLIFailuresHaveNoSuccessfulPayload/run/SOURCE_CHANGED","Elapsed":0}
{"Time":"2026-09-13T23:39:50.929073498+03:00","Action":"run","Package":"virmill.local/core/internal/ui/cli","Test":"TestGuestRecipeCLIFailuresHaveNoSuccessfulPayload/run/PERMISSION_DENIED"}
{"Time":"2026-09-13T23:39:50.929077795+03:00","Action":"output","Package":"virmill.local/core/internal/ui/cli","Test":"TestGuestRecipeCLIFailuresHaveNoSuccessfulPayload/run/PERMISSION_DENIED","Output":"=== RUN   TestGuestRecipeCLIFailuresHaveNoSuccessfulPayload/run/PERMISSION_DENIED\n","OutputType":"frame"}
{"Time":"2026-09-13T23:39:50.929733532+03:00","Action":"output","Package":"virmill.local/core/internal/ui/cli","Test":"TestGuestRecipeCLIFailuresHaveNoSuccessfulPayload/run/PERMISSION_DENIED","Output":"--- PASS: TestGuestRecipeCLIFailuresHaveNoSuccessfulPayload/run/PERMISSION_DENIED (0.00s)\n","OutputType":"frame"}
{"Time":"2026-09-13T23:39:50.929750947+03:00","Action":"pass","Package":"virmill.local/core/internal/ui/cli","Test":"TestGuestRecipeCLIFailuresHaveNoSuccessfulPayload/run/PERMISSION_DENIED","Elapsed":0}
{"Time":"2026-09-13T23:39:50.929756509+03:00","Action":"run","Package":"virmill.local/core/internal/ui/cli","Test":"TestGuestRecipeCLIFailuresHaveNoSuccessfulPayload/run/INVALID_INPUT"}
{"Time":"2026-09-13T23:39:50.929759203+03:00","Action":"output","Package":"virmill.local/core/internal/ui/cli","Test":"TestGuestRecipeCLIFailuresHaveNoSuccessfulPayload/run/INVALID_INPUT","Output":"=== RUN   TestGuestRecipeCLIFailuresHaveNoSuccessfulPayload/run/INVALID_INPUT\n","OutputType":"frame"}
{"Time":"2026-09-13T23:39:50.930965872+03:00","Action":"output","Package":"virmill.local/core/internal/ui/cli","Test":"TestGuestRecipeCLIFailuresHaveNoSuccessfulPayload/run/INVALID_INPUT","Output":"--- PASS: TestGuestRecipeCLIFailuresHaveNoSuccessfulPayload/run/INVALID_INPUT (0.00s)\n","OutputType":"frame"}
{"Time":"2026-09-13T23:39:50.930979918+03:00","Action":"pass","Package":"virmill.local/core/internal/ui/cli","Test":"TestGuestRecipeCLIFailuresHaveNoSuccessfulPayload/run/INVALID_INPUT","Elapsed":0}
{"Time":"2026-09-13T23:39:50.930983781+03:00","Action":"run","Package":"virmill.local/core/internal/ui/cli","Test":"TestGuestRecipeCLIFailuresHaveNoSuccessfulPayload/run/RECOVERY_REQUIRED"}
{"Time":"2026-09-13T23:39:50.930986504+03:00","Action":"output","Package":"virmill.local/core/internal/ui/cli","Test":"TestGuestRecipeCLIFailuresHaveNoSuccessfulPayload/run/RECOVERY_REQUIRED","Output":"=== RUN   TestGuestRecipeCLIFailuresHaveNoSuccessfulPayload/run/RECOVERY_REQUIRED\n","OutputType":"frame"}
{"Time":"2026-09-13T23:39:50.931703563+03:00","Action":"output","Package":"virmill.local/core/internal/ui/cli","Test":"TestGuestRecipeCLIFailuresHaveNoSuccessfulPayload/run/RECOVERY_REQUIRED","Output":"--- PASS: TestGuestRecipeCLIFailuresHaveNoSuccessfulPayload/run/RECOVERY_REQUIRED (0.00s)\n","OutputType":"frame"}
{"Time":"2026-09-13T23:39:50.931710224+03:00","Action":"pass","Package":"virmill.local/core/internal/ui/cli","Test":"TestGuestRecipeCLIFailuresHaveNoSuccessfulPayload/run/RECOVERY_REQUIRED","Elapsed":0}
{"Time":"2026-09-13T23:39:50.931728064+03:00","Action":"run","Package":"virmill.local/core/internal/ui/cli","Test":"TestGuestRecipeCLIFailuresHaveNoSuccessfulPayload/run/canceled"}
{"Time":"2026-09-13T23:39:50.931735392+03:00","Action":"output","Package":"virmill.local/core/internal/ui/cli","Test":"TestGuestRecipeCLIFailuresHaveNoSuccessfulPayload/run/canceled","Output":"=== RUN   TestGuestRecipeCLIFailuresHaveNoSuccessfulPayload/run/canceled\n","OutputType":"frame"}
{"Time":"2026-09-13T23:39:50.932362861+03:00","Action":"output","Package":"virmill.local/core/internal/ui/cli","Test":"TestGuestRecipeCLIFailuresHaveNoSuccessfulPayload/run/canceled","Output":"--- PASS: TestGuestRecipeCLIFailuresHaveNoSuccessfulPayload/run/canceled (0.00s)\n","OutputType":"frame"}
{"Time":"2026-09-13T23:39:50.932370337+03:00","Action":"pass","Package":"virmill.local/core/internal/ui/cli","Test":"TestGuestRecipeCLIFailuresHaveNoSuccessfulPayload/run/canceled","Elapsed":0}
{"Time":"2026-09-13T23:39:50.932378102+03:00","Action":"run","Package":"virmill.local/core/internal/ui/cli","Test":"TestGuestRecipeCLIFailuresHaveNoSuccessfulPayload/run/transport"}
{"Time":"2026-09-13T23:39:50.93238083+03:00","Action":"output","Package":"virmill.local/core/internal/ui/cli","Test":"TestGuestRecipeCLIFailuresHaveNoSuccessfulPayload/run/transport","Output":"=== RUN   TestGuestRecipeCLIFailuresHaveNoSuccessfulPayload/run/transport\n","OutputType":"frame"}
{"Time":"2026-09-13T23:39:50.933014782+03:00","Action":"output","Package":"virmill.local/core/internal/ui/cli","Test":"TestGuestRecipeCLIFailuresHaveNoSuccessfulPayload/run/transport","Output":"--- PASS: TestGuestRecipeCLIFailuresHaveNoSuccessfulPayload/run/transport (0.00s)\n","OutputType":"frame"}
{"Time":"2026-09-13T23:39:50.933021849+03:00","Action":"pass","Package":"virmill.local/core/internal/ui/cli","Test":"TestGuestRecipeCLIFailuresHaveNoSuccessfulPayload/run/transport","Elapsed":0}
{"Time":"2026-09-13T23:39:50.933044698+03:00","Action":"run","Package":"virmill.local/core/internal/ui/cli","Test":"TestGuestRecipeCLIFailuresHaveNoSuccessfulPayload/result/SOURCE_CHANGED"}
{"Time":"2026-09-13T23:39:50.933048308+03:00","Action":"output","Package":"virmill.local/core/internal/ui/cli","Test":"TestGuestRecipeCLIFailuresHaveNoSuccessfulPayload/result/SOURCE_CHANGED","Output":"=== RUN   TestGuestRecipeCLIFailuresHaveNoSuccessfulPayload/result/SOURCE_CHANGED\n","OutputType":"frame"}
{"Time":"2026-09-13T23:39:50.933562616+03:00","Action":"output","Package":"virmill.local/core/internal/ui/cli","Test":"TestGuestRecipeCLIFailuresHaveNoSuccessfulPayload/result/SOURCE_CHANGED","Output":"--- PASS: TestGuestRecipeCLIFailuresHaveNoSuccessfulPayload/result/SOURCE_CHANGED (0.00s)\n","OutputType":"frame"}
{"Time":"2026-09-13T23:39:50.933570425+03:00","Action":"pass","Package":"virmill.local/core/internal/ui/cli","Test":"TestGuestRecipeCLIFailuresHaveNoSuccessfulPayload/result/SOURCE_CHANGED","Elapsed":0}
{"Time":"2026-09-13T23:39:50.933584356+03:00","Action":"run","Package":"virmill.local/core/internal/ui/cli","Test":"TestGuestRecipeCLIFailuresHaveNoSuccessfulPayload/result/PERMISSION_DENIED"}
{"Time":"2026-09-13T23:39:50.933588697+03:00","Action":"output","Package":"virmill.local/core/internal/ui/cli","Test":"TestGuestRecipeCLIFailuresHaveNoSuccessfulPayload/result/PERMISSION_DENIED","Output":"=== RUN   TestGuestRecipeCLIFailuresHaveNoSuccessfulPayload/result/PERMISSION_DENIED\n","OutputType":"frame"}
{"Time":"2026-09-13T23:39:50.934098524+03:00","Action":"output","Package":"virmill.local/core/internal/ui/cli","Test":"TestGuestRecipeCLIFailuresHaveNoSuccessfulPayload/result/PERMISSION_DENIED","Output":"--- PASS: TestGuestRecipeCLIFailuresHaveNoSuccessfulPayload/result/PERMISSION_DENIED (0.00s)\n","OutputType":"frame"}
{"Time":"2026-09-13T23:39:50.934104558+03:00","Action":"pass","Package":"virmill.local/core/internal/ui/cli","Test":"TestGuestRecipeCLIFailuresHaveNoSuccessfulPayload/result/PERMISSION_DENIED","Elapsed":0}
{"Time":"2026-09-13T23:39:50.93411966+03:00","Action":"run","Package":"virmill.local/core/internal/ui/cli","Test":"TestGuestRecipeCLIFailuresHaveNoSuccessfulPayload/result/INVALID_INPUT"}
{"Time":"2026-09-13T23:39:50.934123174+03:00","Action":"output","Package":"virmill.local/core/internal/ui/cli","Test":"TestGuestRecipeCLIFailuresHaveNoSuccessfulPayload/result/INVALID_INPUT","Output":"=== RUN   TestGuestRecipeCLIFailuresHaveNoSuccessfulPayload/result/INVALID_INPUT\n","OutputType":"frame"}
{"Time":"2026-09-13T23:39:50.934618326+03:00","Action":"output","Package":"virmill.local/core/internal/ui/cli","Test":"TestGuestRecipeCLIFailuresHaveNoSuccessfulPayload/result/INVALID_INPUT","Output":"--- PASS: TestGuestRecipeCLIFailuresHaveNoSuccessfulPayload/result/INVALID_INPUT (0.00s)\n","OutputType":"frame"}
{"Time":"2026-09-13T23:39:50.934625944+03:00","Action":"pass","Package":"virmill.local/core/internal/ui/cli","Test":"TestGuestRecipeCLIFailuresHaveNoSuccessfulPayload/result/INVALID_INPUT","Elapsed":0}
{"Time":"2026-09-13T23:39:50.934641517+03:00","Action":"run","Package":"virmill.local/core/internal/ui/cli","Test":"TestGuestRecipeCLIFailuresHaveNoSuccessfulPayload/result/RECOVERY_REQUIRED"}
{"Time":"2026-09-13T23:39:50.934646539+03:00","Action":"output","Package":"virmill.local/core/internal/ui/cli","Test":"TestGuestRecipeCLIFailuresHaveNoSuccessfulPayload/result/RECOVERY_REQUIRED","Output":"=== RUN   TestGuestRecipeCLIFailuresHaveNoSuccessfulPayload/result/RECOVERY_REQUIRED\n","OutputType":"frame"}
{"Time":"2026-09-13T23:39:50.93516327+03:00","Action":"output","Package":"virmill.local/core/internal/ui/cli","Test":"TestGuestRecipeCLIFailuresHaveNoSuccessfulPayload/result/RECOVERY_REQUIRED","Output":"--- PASS: TestGuestRecipeCLIFailuresHaveNoSuccessfulPayload/result/RECOVERY_REQUIRED (0.00s)\n","OutputType":"frame"}
{"Time":"2026-09-13T23:39:50.935169515+03:00","Action":"pass","Package":"virmill.local/core/internal/ui/cli","Test":"TestGuestRecipeCLIFailuresHaveNoSuccessfulPayload/result/RECOVERY_REQUIRED","Elapsed":0}
{"Time":"2026-09-13T23:39:50.935184364+03:00","Action":"run","Package":"virmill.local/core/internal/ui/cli","Test":"TestGuestRecipeCLIFailuresHaveNoSuccessfulPayload/result/canceled"}
{"Time":"2026-09-13T23:39:50.935189696+03:00","Action":"output","Package":"virmill.local/core/internal/ui/cli","Test":"TestGuestRecipeCLIFailuresHaveNoSuccessfulPayload/result/canceled","Output":"=== RUN   TestGuestRecipeCLIFailuresHaveNoSuccessfulPayload/result/canceled\n","OutputType":"frame"}
{"Time":"2026-09-13T23:39:50.936717677+03:00","Action":"output","Package":"virmill.local/core/internal/ui/cli","Test":"TestGuestRecipeCLIFailuresHaveNoSuccessfulPayload/result/canceled","Output":"--- PASS: TestGuestRecipeCLIFailuresHaveNoSuccessfulPayload/result/canceled (0.00s)\n","OutputType":"frame"}
{"Time":"2026-09-13T23:39:50.936743543+03:00","Action":"pass","Package":"virmill.local/core/internal/ui/cli","Test":"TestGuestRecipeCLIFailuresHaveNoSuccessfulPayload/result/canceled","Elapsed":0}
{"Time":"2026-09-13T23:39:50.936750767+03:00","Action":"run","Package":"virmill.local/core/internal/ui/cli","Test":"TestGuestRecipeCLIFailuresHaveNoSuccessfulPayload/result/transport"}
{"Time":"2026-09-13T23:39:50.936754794+03:00","Action":"output","Package":"virmill.local/core/internal/ui/cli","Test":"TestGuestRecipeCLIFailuresHaveNoSuccessfulPayload/result/transport","Output":"=== RUN   TestGuestRecipeCLIFailuresHaveNoSuccessfulPayload/result/transport\n","OutputType":"frame"}
{"Time":"2026-09-13T23:39:50.937436283+03:00","Action":"output","Package":"virmill.local/core/internal/ui/cli","Test":"TestGuestRecipeCLIFailuresHaveNoSuccessfulPayload/result/transport","Output":"--- PASS: TestGuestRecipeCLIFailuresHaveNoSuccessfulPayload/result/transport (0.00s)\n","OutputType":"frame"}
{"Time":"2026-09-13T23:39:50.937455602+03:00","Action":"pass","Package":"virmill.local/core/internal/ui/cli","Test":"TestGuestRecipeCLIFailuresHaveNoSuccessfulPayload/result/transport","Elapsed":0}
{"Time":"2026-09-13T23:39:50.937463532+03:00","Action":"output","Package":"virmill.local/core/internal/ui/cli","Test":"TestGuestRecipeCLIFailuresHaveNoSuccessfulPayload","Output":"--- PASS: TestGuestRecipeCLIFailuresHaveNoSuccessfulPayload (0.01s)\n","OutputType":"frame"}
{"Time":"2026-09-13T23:39:50.937467795+03:00","Action":"pass","Package":"virmill.local/core/internal/ui/cli","Test":"TestGuestRecipeCLIFailuresHaveNoSuccessfulPayload","Elapsed":0.01}
{"Time":"2026-09-13T23:39:50.937473083+03:00","Action":"run","Package":"virmill.local/core/internal/ui/cli","Test":"TestReadOnlyHostInventoryCommands"}
{"Time":"2026-09-13T23:39:50.937475846+03:00","Action":"output","Package":"virmill.local/core/internal/ui/cli","Test":"TestReadOnlyHostInventoryCommands","Output":"=== RUN   TestReadOnlyHostInventoryCommands\n","OutputType":"frame"}
{"Time":"2026-09-13T23:39:50.939190396+03:00","Action":"output","Package":"virmill.local/core/internal/ui/cli","Test":"TestReadOnlyHostInventoryCommands","Output":"--- PASS: TestReadOnlyHostInventoryCommands (0.00s)\n","OutputType":"frame"}
{"Time":"2026-09-13T23:39:50.939197792+03:00","Action":"pass","Package":"virmill.local/core/internal/ui/cli","Test":"TestReadOnlyHostInventoryCommands","Elapsed":0}
{"Time":"2026-09-13T23:39:50.939211001+03:00","Action":"run","Package":"virmill.local/core/internal/ui/cli","Test":"TestImportInspectionWaitHonorsExplicitTimeout"}
{"Time":"2026-09-13T23:39:50.939213322+03:00","Action":"output","Package":"virmill.local/core/internal/ui/cli","Test":"TestImportInspectionWaitHonorsExplicitTimeout","Output":"=== RUN   TestImportInspectionWaitHonorsExplicitTimeout\n","OutputType":"frame"}
{"Time":"2026-09-13T23:39:50.941027261+03:00","Action":"output","Package":"virmill.local/core/internal/ui/cli","Test":"TestImportInspectionWaitHonorsExplicitTimeout","Output":"--- PASS: TestImportInspectionWaitHonorsExplicitTimeout (0.00s)\n","OutputType":"frame"}
{"Time":"2026-09-13T23:39:50.941040733+03:00","Action":"pass","Package":"virmill.local/core/internal/ui/cli","Test":"TestImportInspectionWaitHonorsExplicitTimeout","Elapsed":0}
{"Time":"2026-09-13T23:39:50.941064844+03:00","Action":"run","Package":"virmill.local/core/internal/ui/cli","Test":"TestLocalBackupCLIServiceParity"}
{"Time":"2026-09-13T23:39:50.941067808+03:00","Action":"output","Package":"virmill.local/core/internal/ui/cli","Test":"TestLocalBackupCLIServiceParity","Output":"=== RUN   TestLocalBackupCLIServiceParity\n","OutputType":"frame"}
{"Time":"2026-09-13T23:39:50.941114615+03:00","Action":"run","Package":"virmill.local/core/internal/ui/cli","Test":"TestLocalBackupCLIServiceParity/backup.repository.init"}
{"Time":"2026-09-13T23:39:50.941118091+03:00","Action":"output","Package":"virmill.local/core/internal/ui/cli","Test":"TestLocalBackupCLIServiceParity/backup.repository.init","Output":"=== RUN   TestLocalBackupCLIServiceParity/backup.repository.init\n","OutputType":"frame"}
{"Time":"2026-09-13T23:39:50.942491254+03:00","Action":"output","Package":"virmill.local/core/internal/ui/cli","Test":"TestLocalBackupCLIServiceParity/backup.repository.init","Output":"--- PASS: TestLocalBackupCLIServiceParity/backup.repository.init (0.00s)\n","OutputType":"frame"}
{"Time":"2026-09-13T23:39:50.942514227+03:00","Action":"pass","Package":"virmill.local/core/internal/ui/cli","Test":"TestLocalBackupCLIServiceParity/backup.repository.init","Elapsed":0}
{"Time":"2026-09-13T23:39:50.942525601+03:00","Action":"run","Package":"virmill.local/core/internal/ui/cli","Test":"TestLocalBackupCLIServiceParity/backup.repository.check"}
{"Time":"2026-09-13T23:39:50.942528758+03:00","Action":"output","Package":"virmill.local/core/internal/ui/cli","Test":"TestLocalBackupCLIServiceParity/backup.repository.check","Output":"=== RUN   TestLocalBackupCLIServiceParity/backup.repository.check\n","OutputType":"frame"}
{"Time":"2026-09-13T23:39:50.94326085+03:00","Action":"output","Package":"virmill.local/core/internal/ui/cli","Test":"TestLocalBackupCLIServiceParity/backup.repository.check","Output":"--- PASS: TestLocalBackupCLIServiceParity/backup.repository.check (0.00s)\n","OutputType":"frame"}
{"Time":"2026-09-13T23:39:50.943279327+03:00","Action":"pass","Package":"virmill.local/core/internal/ui/cli","Test":"TestLocalBackupCLIServiceParity/backup.repository.check","Elapsed":0}
{"Time":"2026-09-13T23:39:50.943286778+03:00","Action":"run","Package":"virmill.local/core/internal/ui/cli","Test":"TestLocalBackupCLIServiceParity/backup.create"}
{"Time":"2026-09-13T23:39:50.943290035+03:00","Action":"output","Package":"virmill.local/core/internal/ui/cli","Test":"TestLocalBackupCLIServiceParity/backup.create","Output":"=== RUN   TestLocalBackupCLIServiceParity/backup.create\n","OutputType":"frame"}
{"Time":"2026-09-13T23:39:50.943917031+03:00","Action":"output","Package":"virmill.local/core/internal/ui/cli","Test":"TestLocalBackupCLIServiceParity/backup.create","Output":"--- PASS: TestLocalBackupCLIServiceParity/backup.create (0.00s)\n","OutputType":"frame"}
{"Time":"2026-09-13T23:39:50.943935585+03:00","Action":"pass","Package":"virmill.local/core/internal/ui/cli","Test":"TestLocalBackupCLIServiceParity/backup.create","Elapsed":0}
{"Time":"2026-09-13T23:39:50.94395109+03:00","Action":"run","Package":"virmill.local/core/internal/ui/cli","Test":"TestLocalBackupCLIServiceParity/backup.restore"}
{"Time":"2026-09-13T23:39:50.943953969+03:00","Action":"output","Package":"virmill.local/core/internal/ui/cli","Test":"TestLocalBackupCLIServiceParity/backup.restore","Output":"=== RUN   TestLocalBackupCLIServiceParity/backup.restore\n","OutputType":"frame"}
{"Time":"2026-09-13T23:39:50.944602783+03:00","Action":"output","Package":"virmill.local/core/internal/ui/cli","Test":"TestLocalBackupCLIServiceParity/backup.restore","Output":"--- PASS: TestLocalBackupCLIServiceParity/backup.restore (0.00s)\n","OutputType":"frame"}
{"Time":"2026-09-13T23:39:50.944611641+03:00","Action":"pass","Package":"virmill.local/core/internal/ui/cli","Test":"TestLocalBackupCLIServiceParity/backup.restore","Elapsed":0}
{"Time":"2026-09-13T23:39:50.944623271+03:00","Action":"run","Package":"virmill.local/core/internal/ui/cli","Test":"TestLocalBackupCLIServiceParity/backup.result"}
{"Time":"2026-09-13T23:39:50.944625969+03:00","Action":"output","Package":"virmill.local/core/internal/ui/cli","Test":"TestLocalBackupCLIServiceParity/backup.result","Output":"=== RUN   TestLocalBackupCLIServiceParity/backup.result\n","OutputType":"frame"}
{"Time":"2026-09-13T23:39:50.94512935+03:00","Action":"output","Package":"virmill.local/core/internal/ui/cli","Test":"TestLocalBackupCLIServiceParity/backup.result","Output":"--- PASS: TestLocalBackupCLIServiceParity/backup.result (0.00s)\n","OutputType":"frame"}
{"Time":"2026-09-13T23:39:50.945133254+03:00","Action":"pass","Package":"virmill.local/core/internal/ui/cli","Test":"TestLocalBackupCLIServiceParity/backup.result","Elapsed":0}
{"Time":"2026-09-13T23:39:50.945153116+03:00","Action":"output","Package":"virmill.local/core/internal/ui/cli","Test":"TestLocalBackupCLIServiceParity","Output":"--- PASS: TestLocalBackupCLIServiceParity (0.00s)\n","OutputType":"frame"}
{"Time":"2026-09-13T23:39:50.945156101+03:00","Action":"pass","Package":"virmill.local/core/internal/ui/cli","Test":"TestLocalBackupCLIServiceParity","Elapsed":0}
{"Time":"2026-09-13T23:39:50.945167631+03:00","Action":"run","Package":"virmill.local/core/internal/ui/cli","Test":"TestNetworkAllocationCLIPlanReadbackAndExactApply"}
{"Time":"2026-09-13T23:39:50.945169039+03:00","Action":"output","Package":"virmill.local/core/internal/ui/cli","Test":"TestNetworkAllocationCLIPlanReadbackAndExactApply","Output":"=== RUN   TestNetworkAllocationCLIPlanReadbackAndExactApply\n","OutputType":"frame"}
{"Time":"2026-09-13T23:39:50.945186524+03:00","Action":"run","Package":"virmill.local/core/internal/ui/cli","Test":"TestNetworkAllocationCLIPlanReadbackAndExactApply/json/ranges"}
{"Time":"2026-09-13T23:39:50.945189118+03:00","Action":"output","Package":"virmill.local/core/internal/ui/cli","Test":"TestNetworkAllocationCLIPlanReadbackAndExactApply/json/ranges","Output":"=== RUN   TestNetworkAllocationCLIPlanReadbackAndExactApply/json/ranges\n","OutputType":"frame"}
{"Time":"2026-09-13T23:39:50.966860462+03:00","Action":"output","Package":"virmill.local/core/internal/ui/cli","Test":"TestNetworkAllocationCLIPlanReadbackAndExactApply/json/ranges","Output":"--- PASS: TestNetworkAllocationCLIPlanReadbackAndExactApply/json/ranges (0.02s)\n","OutputType":"frame"}
{"Time":"2026-09-13T23:39:50.966890849+03:00","Action":"pass","Package":"virmill.local/core/internal/ui/cli","Test":"TestNetworkAllocationCLIPlanReadbackAndExactApply/json/ranges","Elapsed":0.02}
{"Time":"2026-09-13T23:39:50.966899527+03:00","Action":"run","Package":"virmill.local/core/internal/ui/cli","Test":"TestNetworkAllocationCLIPlanReadbackAndExactApply/json/planned-conflict"}
{"Time":"2026-09-13T23:39:50.966905104+03:00","Action":"output","Package":"virmill.local/core/internal/ui/cli","Test":"TestNetworkAllocationCLIPlanReadbackAndExactApply/json/planned-conflict","Output":"=== RUN   TestNetworkAllocationCLIPlanReadbackAndExactApply/json/planned-conflict\n","OutputType":"frame"}
{"Time":"2026-09-13T23:39:50.98976729+03:00","Action":"output","Package":"virmill.local/core/internal/ui/cli","Test":"TestNetworkAllocationCLIPlanReadbackAndExactApply/json/planned-conflict","Output":"--- PASS: TestNetworkAllocationCLIPlanReadbackAndExactApply/json/planned-conflict (0.02s)\n","OutputType":"frame"}
{"Time":"2026-09-13T23:39:50.989800608+03:00","Action":"pass","Package":"virmill.local/core/internal/ui/cli","Test":"TestNetworkAllocationCLIPlanReadbackAndExactApply/json/planned-conflict","Elapsed":0.02}
{"Time":"2026-09-13T23:39:50.989810767+03:00","Action":"run","Package":"virmill.local/core/internal/ui/cli","Test":"TestNetworkAllocationCLIPlanReadbackAndExactApply/ndjson/ranges"}
{"Time":"2026-09-13T23:39:50.989813497+03:00","Action":"output","Package":"virmill.local/core/internal/ui/cli","Test":"TestNetworkAllocationCLIPlanReadbackAndExactApply/ndjson/ranges","Output":"=== RUN   TestNetworkAllocationCLIPlanReadbackAndExactApply/ndjson/ranges\n","OutputType":"frame"}
{"Time":"2026-09-13T23:39:51.012137383+03:00","Action":"output","Package":"virmill.local/core/internal/ui/cli","Test":"TestNetworkAllocationCLIPlanReadbackAndExactApply/ndjson/ranges","Output":"--- PASS: TestNetworkAllocationCLIPlanReadbackAndExactApply/ndjson/ranges (0.02s)\n","OutputType":"frame"}
{"Time":"2026-09-13T23:39:51.012158459+03:00","Action":"pass","Package":"virmill.local/core/internal/ui/cli","Test":"TestNetworkAllocationCLIPlanReadbackAndExactApply/ndjson/ranges","Elapsed":0.02}
{"Time":"2026-09-13T23:39:51.01216571+03:00","Action":"run","Package":"virmill.local/core/internal/ui/cli","Test":"TestNetworkAllocationCLIPlanReadbackAndExactApply/ndjson/planned-conflict"}
{"Time":"2026-09-13T23:39:51.012168483+03:00","Action":"output","Package":"virmill.local/core/internal/ui/cli","Test":"TestNetworkAllocationCLIPlanReadbackAndExactApply/ndjson/planned-conflict","Output":"=== RUN   TestNetworkAllocationCLIPlanReadbackAndExactApply/ndjson/planned-conflict\n","OutputType":"frame"}
{"Time":"2026-09-13T23:39:51.033986584+03:00","Action":"output","Package":"virmill.local/core/internal/ui/cli","Test":"TestNetworkAllocationCLIPlanReadbackAndExactApply/ndjson/planned-conflict","Output":"--- PASS: TestNetworkAllocationCLIPlanReadbackAndExactApply/ndjson/planned-conflict (0.02s)\n","OutputType":"frame"}
{"Time":"2026-09-13T23:39:51.034024135+03:00","Action":"pass","Package":"virmill.local/core/internal/ui/cli","Test":"TestNetworkAllocationCLIPlanReadbackAndExactApply/ndjson/planned-conflict","Elapsed":0.02}
{"Time":"2026-09-13T23:39:51.034033917+03:00","Action":"output","Package":"virmill.local/core/internal/ui/cli","Test":"TestNetworkAllocationCLIPlanReadbackAndExactApply","Output":"--- PASS: TestNetworkAllocationCLIPlanReadbackAndExactApply (0.09s)\n","OutputType":"frame"}
{"Time":"2026-09-13T23:39:51.034037953+03:00","Action":"pass","Package":"virmill.local/core/internal/ui/cli","Test":"TestNetworkAllocationCLIPlanReadbackAndExactApply","Elapsed":0.09}
{"Time":"2026-09-13T23:39:51.034041031+03:00","Action":"run","Package":"virmill.local/core/internal/ui/cli","Test":"TestNetworkAllocationCLIFailureHasNoSuccessOrReservation"}
{"Time":"2026-09-13T23:39:51.034043764+03:00","Action":"output","Package":"virmill.local/core/internal/ui/cli","Test":"TestNetworkAllocationCLIFailureHasNoSuccessOrReservation","Output":"=== RUN   TestNetworkAllocationCLIFailureHasNoSuccessOrReservation\n","OutputType":"frame"}
{"Time":"2026-09-13T23:39:51.034048044+03:00","Action":"run","Package":"virmill.local/core/internal/ui/cli","Test":"TestNetworkAllocationCLIFailureHasNoSuccessOrReservation/canceled"}
{"Time":"2026-09-13T23:39:51.034050483+03:00","Action":"output","Package":"virmill.local/core/internal/ui/cli","Test":"TestNetworkAllocationCLIFailureHasNoSuccessOrReservation/canceled","Output":"=== RUN   TestNetworkAllocationCLIFailureHasNoSuccessOrReservation/canceled\n","OutputType":"frame"}
{"Time":"2026-09-13T23:39:51.036262568+03:00","Action":"output","Package":"virmill.local/core/internal/ui/cli","Test":"TestNetworkAllocationCLIFailureHasNoSuccessOrReservation/canceled","Output":"--- PASS: TestNetworkAllocationCLIFailureHasNoSuccessOrReservation/canceled (0.00s)\n","OutputType":"frame"}
{"Time":"2026-09-13T23:39:51.036283969+03:00","Action":"pass","Package":"virmill.local/core/internal/ui/cli","Test":"TestNetworkAllocationCLIFailureHasNoSuccessOrReservation/canceled","Elapsed":0}
{"Time":"2026-09-13T23:39:51.036291652+03:00","Action":"run","Package":"virmill.local/core/internal/ui/cli","Test":"TestNetworkAllocationCLIFailureHasNoSuccessOrReservation/exhausted"}
{"Time":"2026-09-13T23:39:51.036295135+03:00","Action":"output","Package":"virmill.local/core/internal/ui/cli","Test":"TestNetworkAllocationCLIFailureHasNoSuccessOrReservation/exhausted","Output":"=== RUN   TestNetworkAllocationCLIFailureHasNoSuccessOrReservation/exhausted\n","OutputType":"frame"}
{"Time":"2026-09-13T23:39:51.039291218+03:00","Action":"output","Package":"virmill.local/core/internal/ui/cli","Test":"TestNetworkAllocationCLIFailureHasNoSuccessOrReservation/exhausted","Output":"--- PASS: TestNetworkAllocationCLIFailureHasNoSuccessOrReservation/exhausted (0.00s)\n","OutputType":"frame"}
{"Time":"2026-09-13T23:39:51.039298291+03:00","Action":"pass","Package":"virmill.local/core/internal/ui/cli","Test":"TestNetworkAllocationCLIFailureHasNoSuccessOrReservation/exhausted","Elapsed":0}
{"Time":"2026-09-13T23:39:51.03931501+03:00","Action":"run","Package":"virmill.local/core/internal/ui/cli","Test":"TestNetworkAllocationCLIFailureHasNoSuccessOrReservation/invalid-settings"}
{"Time":"2026-09-13T23:39:51.039318388+03:00","Action":"output","Package":"virmill.local/core/internal/ui/cli","Test":"TestNetworkAllocationCLIFailureHasNoSuccessOrReservation/invalid-settings","Output":"=== RUN   TestNetworkAllocationCLIFailureHasNoSuccessOrReservation/invalid-settings\n","OutputType":"frame"}
{"Time":"2026-09-13T23:39:51.042140743+03:00","Action":"output","Package":"virmill.local/core/internal/ui/cli","Test":"TestNetworkAllocationCLIFailureHasNoSuccessOrReservation/invalid-settings","Output":"--- PASS: TestNetworkAllocationCLIFailureHasNoSuccessOrReservation/invalid-settings (0.00s)\n","OutputType":"frame"}
{"Time":"2026-09-13T23:39:51.042149467+03:00","Action":"pass","Package":"virmill.local/core/internal/ui/cli","Test":"TestNetworkAllocationCLIFailureHasNoSuccessOrReservation/invalid-settings","Elapsed":0}
{"Time":"2026-09-13T23:39:51.042172943+03:00","Action":"output","Package":"virmill.local/core/internal/ui/cli","Test":"TestNetworkAllocationCLIFailureHasNoSuccessOrReservation","Output":"--- PASS: TestNetworkAllocationCLIFailureHasNoSuccessOrReservation (0.01s)\n","OutputType":"frame"}
{"Time":"2026-09-13T23:39:51.042178702+03:00","Action":"pass","Package":"virmill.local/core/internal/ui/cli","Test":"TestNetworkAllocationCLIFailureHasNoSuccessOrReservation","Elapsed":0.01}
{"Time":"2026-09-13T23:39:51.042194758+03:00","Action":"run","Package":"virmill.local/core/internal/ui/cli","Test":"TestNetworkCreationUsesSharedPreview"}
{"Time":"2026-09-13T23:39:51.042198678+03:00","Action":"output","Package":"virmill.local/core/internal/ui/cli","Test":"TestNetworkCreationUsesSharedPreview","Output":"=== RUN   TestNetworkCreationUsesSharedPreview\n","OutputType":"frame"}
{"Time":"2026-09-13T23:39:51.044777437+03:00","Action":"output","Package":"virmill.local/core/internal/ui/cli","Test":"TestNetworkCreationUsesSharedPreview","Output":"--- PASS: TestNetworkCreationUsesSharedPreview (0.00s)\n","OutputType":"frame"}
{"Time":"2026-09-13T23:39:51.044793405+03:00","Action":"pass","Package":"virmill.local/core/internal/ui/cli","Test":"TestNetworkCreationUsesSharedPreview","Elapsed":0}
{"Time":"2026-09-13T23:39:51.04481396+03:00","Action":"run","Package":"virmill.local/core/internal/ui/cli","Test":"TestProtectedNetworkCLIReviewExamplesAndExactApproval"}
{"Time":"2026-09-13T23:39:51.044817453+03:00","Action":"output","Package":"virmill.local/core/internal/ui/cli","Test":"TestProtectedNetworkCLIReviewExamplesAndExactApproval","Output":"=== RUN   TestProtectedNetworkCLIReviewExamplesAndExactApproval\n","OutputType":"frame"}
{"Time":"2026-09-13T23:39:51.04486716+03:00","Action":"run","Package":"virmill.local/core/internal/ui/cli","Test":"TestProtectedNetworkCLIReviewExamplesAndExactApproval/protected-nat.yaml/json"}
{"Time":"2026-09-13T23:39:51.044871541+03:00","Action":"output","Package":"virmill.local/core/internal/ui/cli","Test":"TestProtectedNetworkCLIReviewExamplesAndExactApproval/protected-nat.yaml/json","Output":"=== RUN   TestProtectedNetworkCLIReviewExamplesAndExactApproval/protected-nat.yaml/json\n","OutputType":"frame"}
{"Time":"2026-09-13T23:39:51.062897062+03:00","Action":"output","Package":"virmill.local/core/internal/ui/cli","Test":"TestProtectedNetworkCLIReviewExamplesAndExactApproval/protected-nat.yaml/json","Output":"--- PASS: TestProtectedNetworkCLIReviewExamplesAndExactApproval/protected-nat.yaml/json (0.02s)\n","OutputType":"frame"}
{"Time":"2026-09-13T23:39:51.062909547+03:00","Action":"pass","Package":"virmill.local/core/internal/ui/cli","Test":"TestProtectedNetworkCLIReviewExamplesAndExactApproval/protected-nat.yaml/json","Elapsed":0.02}
{"Time":"2026-09-13T23:39:51.062916143+03:00","Action":"run","Package":"virmill.local/core/internal/ui/cli","Test":"TestProtectedNetworkCLIReviewExamplesAndExactApproval/protected-nat.yaml/ndjson"}
{"Time":"2026-09-13T23:39:51.062918867+03:00","Action":"output","Package":"virmill.local/core/internal/ui/cli","Test":"TestProtectedNetworkCLIReviewExamplesAndExactApproval/protected-nat.yaml/ndjson","Output":"=== RUN   TestProtectedNetworkCLIReviewExamplesAndExactApproval/protected-nat.yaml/ndjson\n","OutputType":"frame"}
{"Time":"2026-09-13T23:39:51.081178458+03:00","Action":"output","Package":"virmill.local/core/internal/ui/cli","Test":"TestProtectedNetworkCLIReviewExamplesAndExactApproval/protected-nat.yaml/ndjson","Output":"--- PASS: TestProtectedNetworkCLIReviewExamplesAndExactApproval/protected-nat.yaml/ndjson (0.02s)\n","OutputType":"frame"}
{"Time":"2026-09-13T23:39:51.081194245+03:00","Action":"pass","Package":"virmill.local/core/internal/ui/cli","Test":"TestProtectedNetworkCLIReviewExamplesAndExactApproval/protected-nat.yaml/ndjson","Elapsed":0.02}
{"Time":"2026-09-13T23:39:51.08120042+03:00","Action":"run","Package":"virmill.local/core/internal/ui/cli","Test":"TestProtectedNetworkCLIReviewExamplesAndExactApproval/protected-lab.yaml/json"}
{"Time":"2026-09-13T23:39:51.081203473+03:00","Action":"output","Package":"virmill.local/core/internal/ui/cli","Test":"TestProtectedNetworkCLIReviewExamplesAndExactApproval/protected-lab.yaml/json","Output":"=== RUN   TestProtectedNetworkCLIReviewExamplesAndExactApproval/protected-lab.yaml/json\n","OutputType":"frame"}
{"Time":"2026-09-13T23:39:51.099627501+03:00","Action":"output","Package":"virmill.local/core/internal/ui/cli","Test":"TestProtectedNetworkCLIReviewExamplesAndExactApproval/protected-lab.yaml/json","Output":"--- PASS: TestProtectedNetworkCLIReviewExamplesAndExactApproval/protected-lab.yaml/json (0.02s)\n","OutputType":"frame"}
{"Time":"2026-09-13T23:39:51.099653448+03:00","Action":"pass","Package":"virmill.local/core/internal/ui/cli","Test":"TestProtectedNetworkCLIReviewExamplesAndExactApproval/protected-lab.yaml/json","Elapsed":0.02}
{"Time":"2026-09-13T23:39:51.099667642+03:00","Action":"run","Package":"virmill.local/core/internal/ui/cli","Test":"TestProtectedNetworkCLIReviewExamplesAndExactApproval/protected-lab.yaml/ndjson"}
{"Time":"2026-09-13T23:39:51.099671757+03:00","Action":"output","Package":"virmill.local/core/internal/ui/cli","Test":"TestProtectedNetworkCLIReviewExamplesAndExactApproval/protected-lab.yaml/ndjson","Output":"=== RUN   TestProtectedNetworkCLIReviewExamplesAndExactApproval/protected-lab.yaml/ndjson\n","OutputType":"frame"}
{"Time":"2026-09-13T23:39:51.118254686+03:00","Action":"output","Package":"virmill.local/core/internal/ui/cli","Test":"TestProtectedNetworkCLIReviewExamplesAndExactApproval/protected-lab.yaml/ndjson","Output":"--- PASS: TestProtectedNetworkCLIReviewExamplesAndExactApproval/protected-lab.yaml/ndjson (0.02s)\n","OutputType":"frame"}
{"Time":"2026-09-13T23:39:51.118279826+03:00","Action":"pass","Package":"virmill.local/core/internal/ui/cli","Test":"TestProtectedNetworkCLIReviewExamplesAndExactApproval/protected-lab.yaml/ndjson","Elapsed":0.02}
{"Time":"2026-09-13T23:39:51.118288852+03:00","Action":"run","Package":"virmill.local/core/internal/ui/cli","Test":"TestProtectedNetworkCLIReviewExamplesAndExactApproval/protected-static-lab.yaml/json"}
{"Time":"2026-09-13T23:39:51.118292073+03:00","Action":"output","Package":"virmill.local/core/internal/ui/cli","Test":"TestProtectedNetworkCLIReviewExamplesAndExactApproval/protected-static-lab.yaml/json","Output":"=== RUN   TestProtectedNetworkCLIReviewExamplesAndExactApproval/protected-static-lab.yaml/json\n","OutputType":"frame"}
{"Time":"2026-09-13T23:39:51.136383291+03:00","Action":"output","Package":"virmill.local/core/internal/ui/cli","Test":"TestProtectedNetworkCLIReviewExamplesAndExactApproval/protected-static-lab.yaml/json","Output":"--- PASS: TestProtectedNetworkCLIReviewExamplesAndExactApproval/protected-static-lab.yaml/json (0.02s)\n","OutputType":"frame"}
{"Time":"2026-09-13T23:39:51.136415749+03:00","Action":"pass","Package":"virmill.local/core/internal/ui/cli","Test":"TestProtectedNetworkCLIReviewExamplesAndExactApproval/protected-static-lab.yaml/json","Elapsed":0.02}
{"Time":"2026-09-13T23:39:51.136423728+03:00","Action":"run","Package":"virmill.local/core/internal/ui/cli","Test":"TestProtectedNetworkCLIReviewExamplesAndExactApproval/protected-static-lab.yaml/ndjson"}
{"Time":"2026-09-13T23:39:51.136426775+03:00","Action":"output","Package":"virmill.local/core/internal/ui/cli","Test":"TestProtectedNetworkCLIReviewExamplesAndExactApproval/protected-static-lab.yaml/ndjson","Output":"=== RUN   TestProtectedNetworkCLIReviewExamplesAndExactApproval/protected-static-lab.yaml/ndjson\n","OutputType":"frame"}
{"Time":"2026-09-13T23:39:51.154872961+03:00","Action":"output","Package":"virmill.local/core/internal/ui/cli","Test":"TestProtectedNetworkCLIReviewExamplesAndExactApproval/protected-static-lab.yaml/ndjson","Output":"--- PASS: TestProtectedNetworkCLIReviewExamplesAndExactApproval/protected-static-lab.yaml/ndjson (0.02s)\n","OutputType":"frame"}
{"Time":"2026-09-13T23:39:51.154902972+03:00","Action":"pass","Package":"virmill.local/core/internal/ui/cli","Test":"TestProtectedNetworkCLIReviewExamplesAndExactApproval/protected-static-lab.yaml/ndjson","Elapsed":0.02}
{"Time":"2026-09-13T23:39:51.154910996+03:00","Action":"run","Package":"virmill.local/core/internal/ui/cli","Test":"TestProtectedNetworkCLIReviewExamplesAndExactApproval/guest-only.yaml/json"}
{"Time":"2026-09-13T23:39:51.154914422+03:00","Action":"output","Package":"virmill.local/core/internal/ui/cli","Test":"TestProtectedNetworkCLIReviewExamplesAndExactApproval/guest-only.yaml/json","Output":"=== RUN   TestProtectedNetworkCLIReviewExamplesAndExactApproval/guest-only.yaml/json\n","OutputType":"frame"}
{"Time":"2026-09-13T23:39:51.174526433+03:00","Action":"output","Package":"virmill.local/core/internal/ui/cli","Test":"TestProtectedNetworkCLIReviewExamplesAndExactApproval/guest-only.yaml/json","Output":"--- PASS: TestProtectedNetworkCLIReviewExamplesAndExactApproval/guest-only.yaml/json (0.02s)\n","OutputType":"frame"}
{"Time":"2026-09-13T23:39:51.174560559+03:00","Action":"pass","Package":"virmill.local/core/internal/ui/cli","Test":"TestProtectedNetworkCLIReviewExamplesAndExactApproval/guest-only.yaml/json","Elapsed":0.02}
{"Time":"2026-09-13T23:39:51.174572428+03:00","Action":"run","Package":"virmill.local/core/internal/ui/cli","Test":"TestProtectedNetworkCLIReviewExamplesAndExactApproval/guest-only.yaml/ndjson"}
{"Time":"2026-09-13T23:39:51.174576285+03:00","Action":"output","Package":"virmill.local/core/internal/ui/cli","Test":"TestProtectedNetworkCLIReviewExamplesAndExactApproval/guest-only.yaml/ndjson","Output":"=== RUN   TestProtectedNetworkCLIReviewExamplesAndExactApproval/guest-only.yaml/ndjson\n","OutputType":"frame"}
{"Time":"2026-09-13T23:39:51.189551916+03:00","Action":"output","Package":"virmill.local/core/internal/ui/cli","Test":"TestProtectedNetworkCLIReviewExamplesAndExactApproval/guest-only.yaml/ndjson","Output":"--- PASS: TestProtectedNetworkCLIReviewExamplesAndExactApproval/guest-only.yaml/ndjson (0.01s)\n","OutputType":"frame"}
{"Time":"2026-09-13T23:39:51.189576853+03:00","Action":"pass","Package":"virmill.local/core/internal/ui/cli","Test":"TestProtectedNetworkCLIReviewExamplesAndExactApproval/guest-only.yaml/ndjson","Elapsed":0.01}
{"Time":"2026-09-13T23:39:51.18958615+03:00","Action":"run","Package":"virmill.local/core/internal/ui/cli","Test":"TestProtectedNetworkCLIReviewExamplesAndExactApproval/protected-guest-only-no-cidr.yaml/json"}
{"Time":"2026-09-13T23:39:51.189589044+03:00","Action":"output","Package":"virmill.local/core/internal/ui/cli","Test":"TestProtectedNetworkCLIReviewExamplesAndExactApproval/protected-guest-only-no-cidr.yaml/json","Output":"=== RUN   TestProtectedNetworkCLIReviewExamplesAndExactApproval/protected-guest-only-no-cidr.yaml/json\n","OutputType":"frame"}
{"Time":"2026-09-13T23:39:51.206966129+03:00","Action":"output","Package":"virmill.local/core/internal/ui/cli","Test":"TestProtectedNetworkCLIReviewExamplesAndExactApproval/protected-guest-only-no-cidr.yaml/json","Output":"--- PASS: TestProtectedNetworkCLIReviewExamplesAndExactApproval/protected-guest-only-no-cidr.yaml/json (0.02s)\n","OutputType":"frame"}
{"Time":"2026-09-13T23:39:51.206996252+03:00","Action":"pass","Package":"virmill.local/core/internal/ui/cli","Test":"TestProtectedNetworkCLIReviewExamplesAndExactApproval/protected-guest-only-no-cidr.yaml/json","Elapsed":0.02}
{"Time":"2026-09-13T23:39:51.207006669+03:00","Action":"run","Package":"virmill.local/core/internal/ui/cli","Test":"TestProtectedNetworkCLIReviewExamplesAndExactApproval/protected-guest-only-no-cidr.yaml/ndjson"}
{"Time":"2026-09-13T23:39:51.207010146+03:00","Action":"output","Package":"virmill.local/core/internal/ui/cli","Test":"TestProtectedNetworkCLIReviewExamplesAndExactApproval/protected-guest-only-no-cidr.yaml/ndjson","Output":"=== RUN   TestProtectedNetworkCLIReviewExamplesAndExactApproval/protected-guest-only-no-cidr.yaml/ndjson\n","OutputType":"frame"}
{"Time":"2026-09-13T23:39:51.225183586+03:00","Action":"output","Package":"virmill.local/core/internal/ui/cli","Test":"TestProtectedNetworkCLIReviewExamplesAndExactApproval/protected-guest-only-no-cidr.yaml/ndjson","Output":"--- PASS: TestProtectedNetworkCLIReviewExamplesAndExactApproval/protected-guest-only-no-cidr.yaml/ndjson (0.02s)\n","OutputType":"frame"}
{"Time":"2026-09-13T23:39:51.22524057+03:00","Action":"pass","Package":"virmill.local/core/internal/ui/cli","Test":"TestProtectedNetworkCLIReviewExamplesAndExactApproval/protected-guest-only-no-cidr.yaml/ndjson","Elapsed":0.02}
{"Time":"2026-09-13T23:39:51.225255518+03:00","Action":"run","Package":"virmill.local/core/internal/ui/cli","Test":"TestProtectedNetworkCLIReviewExamplesAndExactApproval/allowed-host-nat.yaml/json"}
{"Time":"2026-09-13T23:39:51.22526121+03:00","Action":"output","Package":"virmill.local/core/internal/ui/cli","Test":"TestProtectedNetworkCLIReviewExamplesAndExactApproval/allowed-host-nat.yaml/json","Output":"=== RUN   TestProtectedNetworkCLIReviewExamplesAndExactApproval/allowed-host-nat.yaml/json\n","OutputType":"frame"}
{"Time":"2026-09-13T23:39:51.241980531+03:00","Action":"output","Package":"virmill.local/core/internal/ui/cli","Test":"TestProtectedNetworkCLIReviewExamplesAndExactApproval/allowed-host-nat.yaml/json","Output":"--- PASS: TestProtectedNetworkCLIReviewExamplesAndExactApproval/allowed-host-nat.yaml/json (0.02s)\n","OutputType":"frame"}
{"Time":"2026-09-13T23:39:51.242015543+03:00","Action":"pass","Package":"virmill.local/core/internal/ui/cli","Test":"TestProtectedNetworkCLIReviewExamplesAndExactApproval/allowed-host-nat.yaml/json","Elapsed":0.02}
{"Time":"2026-09-13T23:39:51.242022694+03:00","Action":"run","Package":"virmill.local/core/internal/ui/cli","Test":"TestProtectedNetworkCLIReviewExamplesAndExactApproval/allowed-host-nat.yaml/ndjson"}
{"Time":"2026-09-13T23:39:51.242025722+03:00","Action":"output","Package":"virmill.local/core/internal/ui/cli","Test":"TestProtectedNetworkCLIReviewExamplesAndExactApproval/allowed-host-nat.yaml/ndjson","Output":"=== RUN   TestProtectedNetworkCLIReviewExamplesAndExactApproval/allowed-host-nat.yaml/ndjson\n","OutputType":"frame"}
{"Time":"2026-09-13T23:39:51.258840147+03:00","Action":"output","Package":"virmill.local/core/internal/ui/cli","Test":"TestProtectedNetworkCLIReviewExamplesAndExactApproval/allowed-host-nat.yaml/ndjson","Output":"--- PASS: TestProtectedNetworkCLIReviewExamplesAndExactApproval/allowed-host-nat.yaml/ndjson (0.02s)\n","OutputType":"frame"}
{"Time":"2026-09-13T23:39:51.258867108+03:00","Action":"pass","Package":"virmill.local/core/internal/ui/cli","Test":"TestProtectedNetworkCLIReviewExamplesAndExactApproval/allowed-host-nat.yaml/ndjson","Elapsed":0.02}
{"Time":"2026-09-13T23:39:51.258874328+03:00","Action":"run","Package":"virmill.local/core/internal/ui/cli","Test":"TestProtectedNetworkCLIReviewExamplesAndExactApproval/allowed-host-lab.yaml/json"}
{"Time":"2026-09-13T23:39:51.258877361+03:00","Action":"output","Package":"virmill.local/core/internal/ui/cli","Test":"TestProtectedNetworkCLIReviewExamplesAndExactApproval/allowed-host-lab.yaml/json","Output":"=== RUN   TestProtectedNetworkCLIReviewExamplesAndExactApproval/allowed-host-lab.yaml/json\n","OutputType":"frame"}
{"Time":"2026-09-13T23:39:51.277356305+03:00","Action":"output","Package":"virmill.local/core/internal/ui/cli","Test":"TestProtectedNetworkCLIReviewExamplesAndExactApproval/allowed-host-lab.yaml/json","Output":"--- PASS: TestProtectedNetworkCLIReviewExamplesAndExactApproval/allowed-host-lab.yaml/json (0.02s)\n","OutputType":"frame"}
{"Time":"2026-09-13T23:39:51.277387269+03:00","Action":"pass","Package":"virmill.local/core/internal/ui/cli","Test":"TestProtectedNetworkCLIReviewExamplesAndExactApproval/allowed-host-lab.yaml/json","Elapsed":0.02}
{"Time":"2026-09-13T23:39:51.277397143+03:00","Action":"run","Package":"virmill.local/core/internal/ui/cli","Test":"TestProtectedNetworkCLIReviewExamplesAndExactApproval/allowed-host-lab.yaml/ndjson"}
{"Time":"2026-09-13T23:39:51.277400506+03:00","Action":"output","Package":"virmill.local/core/internal/ui/cli","Test":"TestProtectedNetworkCLIReviewExamplesAndExactApproval/allowed-host-lab.yaml/ndjson","Output":"=== RUN   TestProtectedNetworkCLIReviewExamplesAndExactApproval/allowed-host-lab.yaml/ndjson\n","OutputType":"frame"}
{"Time":"2026-09-13T23:39:51.297149949+03:00","Action":"output","Package":"virmill.local/core/internal/ui/cli","Test":"TestProtectedNetworkCLIReviewExamplesAndExactApproval/allowed-host-lab.yaml/ndjson","Output":"--- PASS: TestProtectedNetworkCLIReviewExamplesAndExactApproval/allowed-host-lab.yaml/ndjson (0.02s)\n","OutputType":"frame"}
{"Time":"2026-09-13T23:39:51.297187136+03:00","Action":"pass","Package":"virmill.local/core/internal/ui/cli","Test":"TestProtectedNetworkCLIReviewExamplesAndExactApproval/allowed-host-lab.yaml/ndjson","Elapsed":0.02}
{"Time":"2026-09-13T23:39:51.29724724+03:00","Action":"output","Package":"virmill.local/core/internal/ui/cli","Test":"TestProtectedNetworkCLIReviewExamplesAndExactApproval","Output":"--- PASS: TestProtectedNetworkCLIReviewExamplesAndExactApproval (0.25s)\n","OutputType":"frame"}
{"Time":"2026-09-13T23:39:51.29726945+03:00","Action":"pass","Package":"virmill.local/core/internal/ui/cli","Test":"TestProtectedNetworkCLIReviewExamplesAndExactApproval","Elapsed":0.25}
{"Time":"2026-09-13T23:39:51.297289168+03:00","Action":"run","Package":"virmill.local/core/internal/ui/cli","Test":"TestProtectedNetworkCLICancellationAndValidationDoNotExposeSuccess"}
{"Time":"2026-09-13T23:39:51.297293746+03:00","Action":"output","Package":"virmill.local/core/internal/ui/cli","Test":"TestProtectedNetworkCLICancellationAndValidationDoNotExposeSuccess","Output":"=== RUN   TestProtectedNetworkCLICancellationAndValidationDoNotExposeSuccess\n","OutputType":"frame"}
{"Time":"2026-09-13T23:39:51.297446602+03:00","Action":"run","Package":"virmill.local/core/internal/ui/cli","Test":"TestProtectedNetworkCLICancellationAndValidationDoNotExposeSuccess/canceled"}
{"Time":"2026-09-13T23:39:51.297459261+03:00","Action":"output","Package":"virmill.local/core/internal/ui/cli","Test":"TestProtectedNetworkCLICancellationAndValidationDoNotExposeSuccess/canceled","Output":"=== RUN   TestProtectedNetworkCLICancellationAndValidationDoNotExposeSuccess/canceled\n","OutputType":"frame"}
{"Time":"2026-09-13T23:39:51.300805757+03:00","Action":"output","Package":"virmill.local/core/internal/ui/cli","Test":"TestProtectedNetworkCLICancellationAndValidationDoNotExposeSuccess/canceled","Output":"--- PASS: TestProtectedNetworkCLICancellationAndValidationDoNotExposeSuccess/canceled (0.00s)\n","OutputType":"frame"}
{"Time":"2026-09-13T23:39:51.30082591+03:00","Action":"pass","Package":"virmill.local/core/internal/ui/cli","Test":"TestProtectedNetworkCLICancellationAndValidationDoNotExposeSuccess/canceled","Elapsed":0}
{"Time":"2026-09-13T23:39:51.300832217+03:00","Action":"run","Package":"virmill.local/core/internal/ui/cli","Test":"TestProtectedNetworkCLICancellationAndValidationDoNotExposeSuccess/session"}
{"Time":"2026-09-13T23:39:51.300836972+03:00","Action":"output","Package":"virmill.local/core/internal/ui/cli","Test":"TestProtectedNetworkCLICancellationAndValidationDoNotExposeSuccess/session","Output":"=== RUN   TestProtectedNetworkCLICancellationAndValidationDoNotExposeSuccess/session\n","OutputType":"frame"}
{"Time":"2026-09-13T23:39:51.302865918+03:00","Action":"output","Package":"virmill.local/core/internal/ui/cli","Test":"TestProtectedNetworkCLICancellationAndValidationDoNotExposeSuccess/session","Output":"--- PASS: TestProtectedNetworkCLICancellationAndValidationDoNotExposeSuccess/session (0.00s)\n","OutputType":"frame"}
{"Time":"2026-09-13T23:39:51.302882439+03:00","Action":"pass","Package":"virmill.local/core/internal/ui/cli","Test":"TestProtectedNetworkCLICancellationAndValidationDoNotExposeSuccess/session","Elapsed":0}
{"Time":"2026-09-13T23:39:51.302890901+03:00","Action":"run","Package":"virmill.local/core/internal/ui/cli","Test":"TestProtectedNetworkCLICancellationAndValidationDoNotExposeSuccess/unexpected-input"}
{"Time":"2026-09-13T23:39:51.302895437+03:00","Action":"output","Package":"virmill.local/core/internal/ui/cli","Test":"TestProtectedNetworkCLICancellationAndValidationDoNotExposeSuccess/unexpected-input","Output":"=== RUN   TestProtectedNetworkCLICancellationAndValidationDoNotExposeSuccess/unexpected-input\n","OutputType":"frame"}
{"Time":"2026-09-13T23:39:51.304478293+03:00","Action":"output","Package":"virmill.local/core/internal/ui/cli","Test":"TestProtectedNetworkCLICancellationAndValidationDoNotExposeSuccess/unexpected-input","Output":"--- PASS: TestProtectedNetworkCLICancellationAndValidationDoNotExposeSuccess/unexpected-input (0.00s)\n","OutputType":"frame"}
{"Time":"2026-09-13T23:39:51.304497947+03:00","Action":"pass","Package":"virmill.local/core/internal/ui/cli","Test":"TestProtectedNetworkCLICancellationAndValidationDoNotExposeSuccess/unexpected-input","Elapsed":0}
{"Time":"2026-09-13T23:39:51.304506628+03:00","Action":"output","Package":"virmill.local/core/internal/ui/cli","Test":"TestProtectedNetworkCLICancellationAndValidationDoNotExposeSuccess","Output":"--- PASS: TestProtectedNetworkCLICancellationAndValidationDoNotExposeSuccess (0.01s)\n","OutputType":"frame"}
{"Time":"2026-09-13T23:39:51.304512133+03:00","Action":"pass","Package":"virmill.local/core/internal/ui/cli","Test":"TestProtectedNetworkCLICancellationAndValidationDoNotExposeSuccess","Elapsed":0.01}
{"Time":"2026-09-13T23:39:51.304517266+03:00","Action":"run","Package":"virmill.local/core/internal/ui/cli","Test":"TestInlineNetworkCLIDispatchesDocumentWithoutPositionalPath"}
{"Time":"2026-09-13T23:39:51.304520829+03:00","Action":"output","Package":"virmill.local/core/internal/ui/cli","Test":"TestInlineNetworkCLIDispatchesDocumentWithoutPositionalPath","Output":"=== RUN   TestInlineNetworkCLIDispatchesDocumentWithoutPositionalPath\n","OutputType":"frame"}
{"Time":"2026-09-13T23:39:51.3069216+03:00","Action":"output","Package":"virmill.local/core/internal/ui/cli","Test":"TestInlineNetworkCLIDispatchesDocumentWithoutPositionalPath","Output":"--- PASS: TestInlineNetworkCLIDispatchesDocumentWithoutPositionalPath (0.00s)\n","OutputType":"frame"}
{"Time":"2026-09-13T23:39:51.306958779+03:00","Action":"pass","Package":"virmill.local/core/internal/ui/cli","Test":"TestInlineNetworkCLIDispatchesDocumentWithoutPositionalPath","Elapsed":0}
{"Time":"2026-09-13T23:39:51.306966431+03:00","Action":"run","Package":"virmill.local/core/internal/ui/cli","Test":"TestInlineNetworkCLIAndExistingFileReachSharedProtectedReview"}
{"Time":"2026-09-13T23:39:51.30696899+03:00","Action":"output","Package":"virmill.local/core/internal/ui/cli","Test":"TestInlineNetworkCLIAndExistingFileReachSharedProtectedReview","Output":"=== RUN   TestInlineNetworkCLIAndExistingFileReachSharedProtectedReview\n","OutputType":"frame"}
{"Time":"2026-09-13T23:39:51.307688498+03:00","Action":"run","Package":"virmill.local/core/internal/ui/cli","Test":"TestInlineNetworkCLIAndExistingFileReachSharedProtectedReview/file"}
{"Time":"2026-09-13T23:39:51.307695913+03:00","Action":"output","Package":"virmill.local/core/internal/ui/cli","Test":"TestInlineNetworkCLIAndExistingFileReachSharedProtectedReview/file","Output":"=== RUN   TestInlineNetworkCLIAndExistingFileReachSharedProtectedReview/file\n","OutputType":"frame"}
{"Time":"2026-09-13T23:39:51.315861186+03:00","Action":"output","Package":"virmill.local/core/internal/ui/cli","Test":"TestInlineNetworkCLIAndExistingFileReachSharedProtectedReview/file","Output":"--- PASS: TestInlineNetworkCLIAndExistingFileReachSharedProtectedReview/file (0.01s)\n","OutputType":"frame"}
{"Time":"2026-09-13T23:39:51.315875972+03:00","Action":"pass","Package":"virmill.local/core/internal/ui/cli","Test":"TestInlineNetworkCLIAndExistingFileReachSharedProtectedReview/file","Elapsed":0.01}
{"Time":"2026-09-13T23:39:51.315882292+03:00","Action":"run","Package":"virmill.local/core/internal/ui/cli","Test":"TestInlineNetworkCLIAndExistingFileReachSharedProtectedReview/inline"}
{"Time":"2026-09-13T23:39:51.315884815+03:00","Action":"output","Package":"virmill.local/core/internal/ui/cli","Test":"TestInlineNetworkCLIAndExistingFileReachSharedProtectedReview/inline","Output":"=== RUN   TestInlineNetworkCLIAndExistingFileReachSharedProtectedReview/inline\n","OutputType":"frame"}
{"Time":"2026-09-13T23:39:51.324398088+03:00","Action":"output","Package":"virmill.local/core/internal/ui/cli","Test":"TestInlineNetworkCLIAndExistingFileReachSharedProtectedReview/inline","Output":"--- PASS: TestInlineNetworkCLIAndExistingFileReachSharedProtectedReview/inline (0.01s)\n","OutputType":"frame"}
{"Time":"2026-09-13T23:39:51.324423272+03:00","Action":"pass","Package":"virmill.local/core/internal/ui/cli","Test":"TestInlineNetworkCLIAndExistingFileReachSharedProtectedReview/inline","Elapsed":0.01}
{"Time":"2026-09-13T23:39:51.324616574+03:00","Action":"output","Package":"virmill.local/core/internal/ui/cli","Test":"TestInlineNetworkCLIAndExistingFileReachSharedProtectedReview","Output":"--- PASS: TestInlineNetworkCLIAndExistingFileReachSharedProtectedReview (0.02s)\n","OutputType":"frame"}
{"Time":"2026-09-13T23:39:51.324634854+03:00","Action":"pass","Package":"virmill.local/core/internal/ui/cli","Test":"TestInlineNetworkCLIAndExistingFileReachSharedProtectedReview","Elapsed":0.02}
{"Time":"2026-09-13T23:39:51.324641225+03:00","Action":"run","Package":"virmill.local/core/internal/ui/cli","Test":"TestInlineNetworkCLIMixedOrEmptySourceHasNoReviewOrEffects"}
{"Time":"2026-09-13T23:39:51.324644864+03:00","Action":"output","Package":"virmill.local/core/internal/ui/cli","Test":"TestInlineNetworkCLIMixedOrEmptySourceHasNoReviewOrEffects","Output":"=== RUN   TestInlineNetworkCLIMixedOrEmptySourceHasNoReviewOrEffects\n","OutputType":"frame"}
{"Time":"2026-09-13T23:39:51.336054301+03:00","Action":"output","Package":"virmill.local/core/internal/ui/cli","Test":"TestInlineNetworkCLIMixedOrEmptySourceHasNoReviewOrEffects","Output":"--- PASS: TestInlineNetworkCLIMixedOrEmptySourceHasNoReviewOrEffects (0.01s)\n","OutputType":"frame"}
{"Time":"2026-09-13T23:39:51.336080371+03:00","Action":"pass","Package":"virmill.local/core/internal/ui/cli","Test":"TestInlineNetworkCLIMixedOrEmptySourceHasNoReviewOrEffects","Elapsed":0.01}
{"Time":"2026-09-13T23:39:51.336087112+03:00","Action":"run","Package":"virmill.local/core/internal/ui/cli","Test":"TestBackupPolicyCommandsNormalizePathsAndNeverApply"}
{"Time":"2026-09-13T23:39:51.336089467+03:00","Action":"output","Package":"virmill.local/core/internal/ui/cli","Test":"TestBackupPolicyCommandsNormalizePathsAndNeverApply","Output":"=== RUN   TestBackupPolicyCommandsNormalizePathsAndNeverApply\n","OutputType":"frame"}
{"Time":"2026-09-13T23:39:51.337042902+03:00","Action":"output","Package":"virmill.local/core/internal/ui/cli","Test":"TestBackupPolicyCommandsNormalizePathsAndNeverApply","Output":"--- PASS: TestBackupPolicyCommandsNormalizePathsAndNeverApply (0.00s)\n","OutputType":"frame"}
{"Time":"2026-09-13T23:39:51.337057258+03:00","Action":"pass","Package":"virmill.local/core/internal/ui/cli","Test":"TestBackupPolicyCommandsNormalizePathsAndNeverApply","Elapsed":0}
{"Time":"2026-09-13T23:39:51.337060923+03:00","Action":"run","Package":"virmill.local/core/internal/ui/cli","Test":"TestProviderConformanceUsesSharedPluginTest"}
{"Time":"2026-09-13T23:39:51.337068254+03:00","Action":"output","Package":"virmill.local/core/internal/ui/cli","Test":"TestProviderConformanceUsesSharedPluginTest","Output":"=== RUN   TestProviderConformanceUsesSharedPluginTest\n","OutputType":"frame"}
{"Time":"2026-09-13T23:39:51.337535767+03:00","Action":"output","Package":"virmill.local/core/internal/ui/cli","Test":"TestProviderConformanceUsesSharedPluginTest","Output":"--- PASS: TestProviderConformanceUsesSharedPluginTest (0.00s)\n","OutputType":"frame"}
{"Time":"2026-09-13T23:39:51.337558518+03:00","Action":"pass","Package":"virmill.local/core/internal/ui/cli","Test":"TestProviderConformanceUsesSharedPluginTest","Elapsed":0}
{"Time":"2026-09-13T23:39:51.337568573+03:00","Action":"run","Package":"virmill.local/core/internal/ui/cli","Test":"TestRebootUsesSharedPlanWithoutApplying"}
{"Time":"2026-09-13T23:39:51.337574183+03:00","Action":"output","Package":"virmill.local/core/internal/ui/cli","Test":"TestRebootUsesSharedPlanWithoutApplying","Output":"=== RUN   TestRebootUsesSharedPlanWithoutApplying\n","OutputType":"frame"}
{"Time":"2026-09-13T23:39:51.338230625+03:00","Action":"output","Package":"virmill.local/core/internal/ui/cli","Test":"TestRebootUsesSharedPlanWithoutApplying","Output":"--- PASS: TestRebootUsesSharedPlanWithoutApplying (0.00s)\n","OutputType":"frame"}
{"Time":"2026-09-13T23:39:51.33823884+03:00","Action":"pass","Package":"virmill.local/core/internal/ui/cli","Test":"TestRebootUsesSharedPlanWithoutApplying","Elapsed":0}
{"Time":"2026-09-13T23:39:51.338257978+03:00","Action":"run","Package":"virmill.local/core/internal/ui/cli","Test":"TestRecoveryInspectionAndDeclaredVerificationUseSharedService"}
{"Time":"2026-09-13T23:39:51.338262181+03:00","Action":"output","Package":"virmill.local/core/internal/ui/cli","Test":"TestRecoveryInspectionAndDeclaredVerificationUseSharedService","Output":"=== RUN   TestRecoveryInspectionAndDeclaredVerificationUseSharedService\n","OutputType":"frame"}
{"Time":"2026-09-13T23:39:51.341159233+03:00","Action":"output","Package":"virmill.local/core/internal/ui/cli","Test":"TestRecoveryInspectionAndDeclaredVerificationUseSharedService","Output":"--- PASS: TestRecoveryInspectionAndDeclaredVerificationUseSharedService (0.00s)\n","OutputType":"frame"}
{"Time":"2026-09-13T23:39:51.341176884+03:00","Action":"pass","Package":"virmill.local/core/internal/ui/cli","Test":"TestRecoveryInspectionAndDeclaredVerificationUseSharedService","Elapsed":0}
{"Time":"2026-09-13T23:39:51.341183047+03:00","Action":"run","Package":"virmill.local/core/internal/ui/cli","Test":"TestRecoveryCLIManifestRootReachesActualMemberVerification"}
{"Time":"2026-09-13T23:39:51.341185944+03:00","Action":"output","Package":"virmill.local/core/internal/ui/cli","Test":"TestRecoveryCLIManifestRootReachesActualMemberVerification","Output":"=== RUN   TestRecoveryCLIManifestRootReachesActualMemberVerification\n","OutputType":"frame"}
{"Time":"2026-09-13T23:39:51.347199681+03:00","Action":"output","Package":"virmill.local/core/internal/ui/cli","Test":"TestRecoveryCLIManifestRootReachesActualMemberVerification","Output":"--- PASS: TestRecoveryCLIManifestRootReachesActualMemberVerification (0.01s)\n","OutputType":"frame"}
{"Time":"2026-09-13T23:39:51.347215545+03:00","Action":"pass","Package":"virmill.local/core/internal/ui/cli","Test":"TestRecoveryCLIManifestRootReachesActualMemberVerification","Elapsed":0.01}
{"Time":"2026-09-13T23:39:51.347233657+03:00","Action":"run","Package":"virmill.local/core/internal/ui/cli","Test":"TestRecoveryCLIFailuresAndCancellationAreVisible"}
{"Time":"2026-09-13T23:39:51.347236567+03:00","Action":"output","Package":"virmill.local/core/internal/ui/cli","Test":"TestRecoveryCLIFailuresAndCancellationAreVisible","Output":"=== RUN   TestRecoveryCLIFailuresAndCancellationAreVisible\n","OutputType":"frame"}
{"Time":"2026-09-13T23:39:51.347240062+03:00","Action":"run","Package":"virmill.local/core/internal/ui/cli","Test":"TestRecoveryCLIFailuresAndCancellationAreVisible/unsupported-native-adapter"}
{"Time":"2026-09-13T23:39:51.347242353+03:00","Action":"output","Package":"virmill.local/core/internal/ui/cli","Test":"TestRecoveryCLIFailuresAndCancellationAreVisible/unsupported-native-adapter","Output":"=== RUN   TestRecoveryCLIFailuresAndCancellationAreVisible/unsupported-native-adapter\n","OutputType":"frame"}
{"Time":"2026-09-13T23:39:51.347956773+03:00","Action":"output","Package":"virmill.local/core/internal/ui/cli","Test":"TestRecoveryCLIFailuresAndCancellationAreVisible/unsupported-native-adapter","Output":"--- PASS: TestRecoveryCLIFailuresAndCancellationAreVisible/unsupported-native-adapter (0.00s)\n","OutputType":"frame"}
{"Time":"2026-09-13T23:39:51.347967231+03:00","Action":"pass","Package":"virmill.local/core/internal/ui/cli","Test":"TestRecoveryCLIFailuresAndCancellationAreVisible/unsupported-native-adapter","Elapsed":0}
{"Time":"2026-09-13T23:39:51.347970843+03:00","Action":"run","Package":"virmill.local/core/internal/ui/cli","Test":"TestRecoveryCLIFailuresAndCancellationAreVisible/canceled-inspection"}
{"Time":"2026-09-13T23:39:51.347972866+03:00","Action":"output","Package":"virmill.local/core/internal/ui/cli","Test":"TestRecoveryCLIFailuresAndCancellationAreVisible/canceled-inspection","Output":"=== RUN   TestRecoveryCLIFailuresAndCancellationAreVisible/canceled-inspection\n","OutputType":"frame"}
{"Time":"2026-09-13T23:39:51.348515625+03:00","Action":"output","Package":"virmill.local/core/internal/ui/cli","Test":"TestRecoveryCLIFailuresAndCancellationAreVisible/canceled-inspection","Output":"--- PASS: TestRecoveryCLIFailuresAndCancellationAreVisible/canceled-inspection (0.00s)\n","OutputType":"frame"}
{"Time":"2026-09-13T23:39:51.348530691+03:00","Action":"pass","Package":"virmill.local/core/internal/ui/cli","Test":"TestRecoveryCLIFailuresAndCancellationAreVisible/canceled-inspection","Elapsed":0}
{"Time":"2026-09-13T23:39:51.348534979+03:00","Action":"run","Package":"virmill.local/core/internal/ui/cli","Test":"TestRecoveryCLIFailuresAndCancellationAreVisible/canceled-member-verification"}
{"Time":"2026-09-13T23:39:51.348537492+03:00","Action":"output","Package":"virmill.local/core/internal/ui/cli","Test":"TestRecoveryCLIFailuresAndCancellationAreVisible/canceled-member-verification","Output":"=== RUN   TestRecoveryCLIFailuresAndCancellationAreVisible/canceled-member-verification\n","OutputType":"frame"}
{"Time":"2026-09-13T23:39:51.349021584+03:00","Action":"output","Package":"virmill.local/core/internal/ui/cli","Test":"TestRecoveryCLIFailuresAndCancellationAreVisible/canceled-member-verification","Output":"--- PASS: TestRecoveryCLIFailuresAndCancellationAreVisible/canceled-member-verification (0.00s)\n","OutputType":"frame"}
{"Time":"2026-09-13T23:39:51.349027009+03:00","Action":"pass","Package":"virmill.local/core/internal/ui/cli","Test":"TestRecoveryCLIFailuresAndCancellationAreVisible/canceled-member-verification","Elapsed":0}
{"Time":"2026-09-13T23:39:51.349038518+03:00","Action":"run","Package":"virmill.local/core/internal/ui/cli","Test":"TestRecoveryCLIFailuresAndCancellationAreVisible/transport-failure"}
{"Time":"2026-09-13T23:39:51.349041418+03:00","Action":"output","Package":"virmill.local/core/internal/ui/cli","Test":"TestRecoveryCLIFailuresAndCancellationAreVisible/transport-failure","Output":"=== RUN   TestRecoveryCLIFailuresAndCancellationAreVisible/transport-failure\n","OutputType":"frame"}
{"Time":"2026-09-13T23:39:51.349517634+03:00","Action":"output","Package":"virmill.local/core/internal/ui/cli","Test":"TestRecoveryCLIFailuresAndCancellationAreVisible/transport-failure","Output":"--- PASS: TestRecoveryCLIFailuresAndCancellationAreVisible/transport-failure (0.00s)\n","OutputType":"frame"}
{"Time":"2026-09-13T23:39:51.349523618+03:00","Action":"pass","Package":"virmill.local/core/internal/ui/cli","Test":"TestRecoveryCLIFailuresAndCancellationAreVisible/transport-failure","Elapsed":0}
{"Time":"2026-09-13T23:39:51.34954111+03:00","Action":"output","Package":"virmill.local/core/internal/ui/cli","Test":"TestRecoveryCLIFailuresAndCancellationAreVisible","Output":"--- PASS: TestRecoveryCLIFailuresAndCancellationAreVisible (0.00s)\n","OutputType":"frame"}
{"Time":"2026-09-13T23:39:51.349547068+03:00","Action":"pass","Package":"virmill.local/core/internal/ui/cli","Test":"TestRecoveryCLIFailuresAndCancellationAreVisible","Elapsed":0}
{"Time":"2026-09-13T23:39:51.349550855+03:00","Action":"run","Package":"virmill.local/core/internal/ui/cli","Test":"TestRecoveryCLIStrictInputAndPathNormalizationRefuseBeforeDispatch"}
{"Time":"2026-09-13T23:39:51.349555906+03:00","Action":"output","Package":"virmill.local/core/internal/ui/cli","Test":"TestRecoveryCLIStrictInputAndPathNormalizationRefuseBeforeDispatch","Output":"=== RUN   TestRecoveryCLIStrictInputAndPathNormalizationRefuseBeforeDispatch\n","OutputType":"frame"}
{"Time":"2026-09-13T23:39:51.352398332+03:00","Action":"output","Package":"virmill.local/core/internal/ui/cli","Test":"TestRecoveryCLIStrictInputAndPathNormalizationRefuseBeforeDispatch","Output":"--- PASS: TestRecoveryCLIStrictInputAndPathNormalizationRefuseBeforeDispatch (0.00s)\n","OutputType":"frame"}
{"Time":"2026-09-13T23:39:51.352408429+03:00","Action":"pass","Package":"virmill.local/core/internal/ui/cli","Test":"TestRecoveryCLIStrictInputAndPathNormalizationRefuseBeforeDispatch","Elapsed":0}
{"Time":"2026-09-13T23:39:51.352427983+03:00","Action":"run","Package":"virmill.local/core/internal/ui/cli","Test":"TestRemoveDiskFlagUsesSelectedTargetsOnly"}
{"Time":"2026-09-13T23:39:51.352431938+03:00","Action":"output","Package":"virmill.local/core/internal/ui/cli","Test":"TestRemoveDiskFlagUsesSelectedTargetsOnly","Output":"=== RUN   TestRemoveDiskFlagUsesSelectedTargetsOnly\n","OutputType":"frame"}
{"Time":"2026-09-13T23:39:51.35358048+03:00","Action":"output","Package":"virmill.local/core/internal/ui/cli","Test":"TestRemoveDiskFlagUsesSelectedTargetsOnly","Output":"--- PASS: TestRemoveDiskFlagUsesSelectedTargetsOnly (0.00s)\n","OutputType":"frame"}
{"Time":"2026-09-13T23:39:51.353589286+03:00","Action":"pass","Package":"virmill.local/core/internal/ui/cli","Test":"TestRemoveDiskFlagUsesSelectedTargetsOnly","Elapsed":0}
{"Time":"2026-09-13T23:39:51.353618411+03:00","Action":"run","Package":"virmill.local/core/internal/ui/cli","Test":"TestRemoveDiskFlagRefusesEmptyAmbiguousOrDuplicateSelection"}
{"Time":"2026-09-13T23:39:51.353621679+03:00","Action":"output","Package":"virmill.local/core/internal/ui/cli","Test":"TestRemoveDiskFlagRefusesEmptyAmbiguousOrDuplicateSelection","Output":"=== RUN   TestRemoveDiskFlagRefusesEmptyAmbiguousOrDuplicateSelection\n","OutputType":"frame"}
{"Time":"2026-09-13T23:39:51.359648265+03:00","Action":"output","Package":"virmill.local/core/internal/ui/cli","Test":"TestRemoveDiskFlagRefusesEmptyAmbiguousOrDuplicateSelection","Output":"--- PASS: TestRemoveDiskFlagRefusesEmptyAmbiguousOrDuplicateSelection (0.01s)\n","OutputType":"frame"}
{"Time":"2026-09-13T23:39:51.35967247+03:00","Action":"pass","Package":"virmill.local/core/internal/ui/cli","Test":"TestRemoveDiskFlagRefusesEmptyAmbiguousOrDuplicateSelection","Elapsed":0.01}
{"Time":"2026-09-13T23:39:51.35967883+03:00","Action":"run","Package":"virmill.local/core/internal/ui/cli","Test":"TestRemoveKeepsDisksUnlessExplicitlySelected"}
{"Time":"2026-09-13T23:39:51.359680113+03:00","Action":"output","Package":"virmill.local/core/internal/ui/cli","Test":"TestRemoveKeepsDisksUnlessExplicitlySelected","Output":"=== RUN   TestRemoveKeepsDisksUnlessExplicitlySelected\n","OutputType":"frame"}
{"Time":"2026-09-13T23:39:51.360668322+03:00","Action":"output","Package":"virmill.local/core/internal/ui/cli","Test":"TestRemoveKeepsDisksUnlessExplicitlySelected","Output":"--- PASS: TestRemoveKeepsDisksUnlessExplicitlySelected (0.00s)\n","OutputType":"frame"}
{"Time":"2026-09-13T23:39:51.360674253+03:00","Action":"pass","Package":"virmill.local/core/internal/ui/cli","Test":"TestRemoveKeepsDisksUnlessExplicitlySelected","Elapsed":0}
{"Time":"2026-09-13T23:39:51.360691121+03:00","Action":"run","Package":"virmill.local/core/internal/ui/cli","Test":"TestResourceViewUsesReadOnlySharedMethod"}
{"Time":"2026-09-13T23:39:51.360694773+03:00","Action":"output","Package":"virmill.local/core/internal/ui/cli","Test":"TestResourceViewUsesReadOnlySharedMethod","Output":"=== RUN   TestResourceViewUsesReadOnlySharedMethod\n","OutputType":"frame"}
{"Time":"2026-09-13T23:39:51.36120701+03:00","Action":"output","Package":"virmill.local/core/internal/ui/cli","Test":"TestResourceViewUsesReadOnlySharedMethod","Output":"--- PASS: TestResourceViewUsesReadOnlySharedMethod (0.00s)\n","OutputType":"frame"}
{"Time":"2026-09-13T23:39:51.361222614+03:00","Action":"pass","Package":"virmill.local/core/internal/ui/cli","Test":"TestResourceViewUsesReadOnlySharedMethod","Elapsed":0}
{"Time":"2026-09-13T23:39:51.361231342+03:00","Action":"run","Package":"virmill.local/core/internal/ui/cli","Test":"TestManagedVolumeAccessUsesSharedService"}
{"Time":"2026-09-13T23:39:51.361233832+03:00","Action":"output","Package":"virmill.local/core/internal/ui/cli","Test":"TestManagedVolumeAccessUsesSharedService","Output":"=== RUN   TestManagedVolumeAccessUsesSharedService\n","OutputType":"frame"}
{"Time":"2026-09-13T23:39:51.363696446+03:00","Action":"output","Package":"virmill.local/core/internal/ui/cli","Test":"TestManagedVolumeAccessUsesSharedService","Output":"--- PASS: TestManagedVolumeAccessUsesSharedService (0.00s)\n","OutputType":"frame"}
{"Time":"2026-09-13T23:39:51.363707512+03:00","Action":"pass","Package":"virmill.local/core/internal/ui/cli","Test":"TestManagedVolumeAccessUsesSharedService","Elapsed":0}
{"Time":"2026-09-13T23:39:51.363711818+03:00","Action":"run","Package":"virmill.local/core/internal/ui/cli","Test":"TestCleanJSONNoninteractiveAndSharedMethod"}
{"Time":"2026-09-13T23:39:51.363714859+03:00","Action":"output","Package":"virmill.local/core/internal/ui/cli","Test":"TestCleanJSONNoninteractiveAndSharedMethod","Output":"=== RUN   TestCleanJSONNoninteractiveAndSharedMethod\n","OutputType":"frame"}
{"Time":"2026-09-13T23:39:51.3645635+03:00","Action":"output","Package":"virmill.local/core/internal/ui/cli","Test":"TestCleanJSONNoninteractiveAndSharedMethod","Output":"--- PASS: TestCleanJSONNoninteractiveAndSharedMethod (0.00s)\n","OutputType":"frame"}
{"Time":"2026-09-13T23:39:51.364570703+03:00","Action":"pass","Package":"virmill.local/core/internal/ui/cli","Test":"TestCleanJSONNoninteractiveAndSharedMethod","Elapsed":0}
{"Time":"2026-09-13T23:39:51.364578756+03:00","Action":"run","Package":"virmill.local/core/internal/ui/cli","Test":"TestPlanApplyRequiresExplicitBinding"}
{"Time":"2026-09-13T23:39:51.364583531+03:00","Action":"output","Package":"virmill.local/core/internal/ui/cli","Test":"TestPlanApplyRequiresExplicitBinding","Output":"=== RUN   TestPlanApplyRequiresExplicitBinding\n","OutputType":"frame"}
{"Time":"2026-09-13T23:39:51.364967275+03:00","Action":"output","Package":"virmill.local/core/internal/ui/cli","Test":"TestPlanApplyRequiresExplicitBinding","Output":"--- PASS: TestPlanApplyRequiresExplicitBinding (0.00s)\n","OutputType":"frame"}
{"Time":"2026-09-13T23:39:51.364973771+03:00","Action":"pass","Package":"virmill.local/core/internal/ui/cli","Test":"TestPlanApplyRequiresExplicitBinding","Elapsed":0}
{"Time":"2026-09-13T23:39:51.364981044+03:00","Action":"run","Package":"virmill.local/core/internal/ui/cli","Test":"TestPluginPlansUseSharedServiceAndExplicitInputs"}
{"Time":"2026-09-13T23:39:51.364984392+03:00","Action":"output","Package":"virmill.local/core/internal/ui/cli","Test":"TestPluginPlansUseSharedServiceAndExplicitInputs","Output":"=== RUN   TestPluginPlansUseSharedServiceAndExplicitInputs\n","OutputType":"frame"}
{"Time":"2026-09-13T23:39:51.367474413+03:00","Action":"output","Package":"virmill.local/core/internal/ui/cli","Test":"TestPluginPlansUseSharedServiceAndExplicitInputs","Output":"--- PASS: TestPluginPlansUseSharedServiceAndExplicitInputs (0.00s)\n","OutputType":"frame"}
{"Time":"2026-09-13T23:39:51.367499432+03:00","Action":"pass","Package":"virmill.local/core/internal/ui/cli","Test":"TestPluginPlansUseSharedServiceAndExplicitInputs","Elapsed":0}
{"Time":"2026-09-13T23:39:51.367507011+03:00","Action":"run","Package":"virmill.local/core/internal/ui/cli","Test":"TestImportPreparationUsesSharedService"}
{"Time":"2026-09-13T23:39:51.367510674+03:00","Action":"output","Package":"virmill.local/core/internal/ui/cli","Test":"TestImportPreparationUsesSharedService","Output":"=== RUN   TestImportPreparationUsesSharedService\n","OutputType":"frame"}
{"Time":"2026-09-13T23:39:51.368699926+03:00","Action":"output","Package":"virmill.local/core/internal/ui/cli","Test":"TestImportPreparationUsesSharedService","Output":"--- PASS: TestImportPreparationUsesSharedService (0.00s)\n","OutputType":"frame"}
{"Time":"2026-09-13T23:39:51.368718565+03:00","Action":"pass","Package":"virmill.local/core/internal/ui/cli","Test":"TestImportPreparationUsesSharedService","Elapsed":0}
{"Time":"2026-09-13T23:39:51.3687253+03:00","Action":"run","Package":"virmill.local/core/internal/ui/cli","Test":"TestExistingDiskPreparationUsesSharedService"}
{"Time":"2026-09-13T23:39:51.36872928+03:00","Action":"output","Package":"virmill.local/core/internal/ui/cli","Test":"TestExistingDiskPreparationUsesSharedService","Output":"=== RUN   TestExistingDiskPreparationUsesSharedService\n","OutputType":"frame"}
{"Time":"2026-09-13T23:39:51.369729234+03:00","Action":"output","Package":"virmill.local/core/internal/ui/cli","Test":"TestExistingDiskPreparationUsesSharedService","Output":"--- PASS: TestExistingDiskPreparationUsesSharedService (0.00s)\n","OutputType":"frame"}
{"Time":"2026-09-13T23:39:51.369742008+03:00","Action":"pass","Package":"virmill.local/core/internal/ui/cli","Test":"TestExistingDiskPreparationUsesSharedService","Elapsed":0}
{"Time":"2026-09-13T23:39:51.369746748+03:00","Action":"run","Package":"virmill.local/core/internal/ui/cli","Test":"TestInstallationPreparationUsesSharedService"}
{"Time":"2026-09-13T23:39:51.36974937+03:00","Action":"output","Package":"virmill.local/core/internal/ui/cli","Test":"TestInstallationPreparationUsesSharedService","Output":"=== RUN   TestInstallationPreparationUsesSharedService\n","OutputType":"frame"}
{"Time":"2026-09-13T23:39:51.370546447+03:00","Action":"output","Package":"virmill.local/core/internal/ui/cli","Test":"TestInstallationPreparationUsesSharedService","Output":"--- PASS: TestInstallationPreparationUsesSharedService (0.00s)\n","OutputType":"frame"}
{"Time":"2026-09-13T23:39:51.370557809+03:00","Action":"pass","Package":"virmill.local/core/internal/ui/cli","Test":"TestInstallationPreparationUsesSharedService","Elapsed":0}
{"Time":"2026-09-13T23:39:51.370561865+03:00","Action":"run","Package":"virmill.local/core/internal/ui/cli","Test":"TestResourceInventoryCommandsPreserveExplicitConnection"}
{"Time":"2026-09-13T23:39:51.37056425+03:00","Action":"output","Package":"virmill.local/core/internal/ui/cli","Test":"TestResourceInventoryCommandsPreserveExplicitConnection","Output":"=== RUN   TestResourceInventoryCommandsPreserveExplicitConnection\n","OutputType":"frame"}
{"Time":"2026-09-13T23:39:51.373911569+03:00","Action":"output","Package":"virmill.local/core/internal/ui/cli","Test":"TestResourceInventoryCommandsPreserveExplicitConnection","Output":"--- PASS: TestResourceInventoryCommandsPreserveExplicitConnection (0.00s)\n","OutputType":"frame"}
{"Time":"2026-09-13T23:39:51.373935712+03:00","Action":"pass","Package":"virmill.local/core/internal/ui/cli","Test":"TestResourceInventoryCommandsPreserveExplicitConnection","Elapsed":0}
{"Time":"2026-09-13T23:39:51.373956002+03:00","Action":"run","Package":"virmill.local/core/internal/ui/cli","Test":"TestCreationAndRecoveryCommandsUseSharedService"}
{"Time":"2026-09-13T23:39:51.373959219+03:00","Action":"output","Package":"virmill.local/core/internal/ui/cli","Test":"TestCreationAndRecoveryCommandsUseSharedService","Output":"=== RUN   TestCreationAndRecoveryCommandsUseSharedService\n","OutputType":"frame"}
{"Time":"2026-09-13T23:39:51.377160128+03:00","Action":"output","Package":"virmill.local/core/internal/ui/cli","Test":"TestCreationAndRecoveryCommandsUseSharedService","Output":"--- PASS: TestCreationAndRecoveryCommandsUseSharedService (0.00s)\n","OutputType":"frame"}
{"Time":"2026-09-13T23:39:51.377167628+03:00","Action":"pass","Package":"virmill.local/core/internal/ui/cli","Test":"TestCreationAndRecoveryCommandsUseSharedService","Elapsed":0}
{"Time":"2026-09-13T23:39:51.377175798+03:00","Action":"run","Package":"virmill.local/core/internal/ui/cli","Test":"TestNoCloudCreationOptionsUseSharedService"}
{"Time":"2026-09-13T23:39:51.377178855+03:00","Action":"output","Package":"virmill.local/core/internal/ui/cli","Test":"TestNoCloudCreationOptionsUseSharedService","Output":"=== RUN   TestNoCloudCreationOptionsUseSharedService\n","OutputType":"frame"}
{"Time":"2026-09-13T23:39:51.378147577+03:00","Action":"output","Package":"virmill.local/core/internal/ui/cli","Test":"TestNoCloudCreationOptionsUseSharedService","Output":"--- PASS: TestNoCloudCreationOptionsUseSharedService (0.00s)\n","OutputType":"frame"}
{"Time":"2026-09-13T23:39:51.378154545+03:00","Action":"pass","Package":"virmill.local/core/internal/ui/cli","Test":"TestNoCloudCreationOptionsUseSharedService","Elapsed":0}
{"Time":"2026-09-13T23:39:51.378173968+03:00","Action":"run","Package":"virmill.local/core/internal/ui/cli","Test":"TestFixedResourcesUseSharedPlanning"}
{"Time":"2026-09-13T23:39:51.378178034+03:00","Action":"output","Package":"virmill.local/core/internal/ui/cli","Test":"TestFixedResourcesUseSharedPlanning","Output":"=== RUN   TestFixedResourcesUseSharedPlanning\n","OutputType":"frame"}
{"Time":"2026-09-13T23:39:51.378992405+03:00","Action":"output","Package":"virmill.local/core/internal/ui/cli","Test":"TestFixedResourcesUseSharedPlanning","Output":"--- PASS: TestFixedResourcesUseSharedPlanning (0.00s)\n","OutputType":"frame"}
{"Time":"2026-09-13T23:39:51.379012652+03:00","Action":"pass","Package":"virmill.local/core/internal/ui/cli","Test":"TestFixedResourcesUseSharedPlanning","Elapsed":0}
{"Time":"2026-09-13T23:39:51.379019359+03:00","Action":"run","Package":"virmill.local/core/internal/ui/cli","Test":"TestBootAndMediaCommandsUseSharedService"}
{"Time":"2026-09-13T23:39:51.37902226+03:00","Action":"output","Package":"virmill.local/core/internal/ui/cli","Test":"TestBootAndMediaCommandsUseSharedService","Output":"=== RUN   TestBootAndMediaCommandsUseSharedService\n","OutputType":"frame"}
{"Time":"2026-09-13T23:39:51.380639137+03:00","Action":"output","Package":"virmill.local/core/internal/ui/cli","Test":"TestBootAndMediaCommandsUseSharedService","Output":"--- PASS: TestBootAndMediaCommandsUseSharedService (0.00s)\n","OutputType":"frame"}
{"Time":"2026-09-13T23:39:51.380651816+03:00","Action":"pass","Package":"virmill.local/core/internal/ui/cli","Test":"TestBootAndMediaCommandsUseSharedService","Elapsed":0}
{"Time":"2026-09-13T23:39:51.38065602+03:00","Action":"run","Package":"virmill.local/core/internal/ui/cli","Test":"TestCLIPlanDisplaysSharedDowntimeEstimate"}
{"Time":"2026-09-13T23:39:51.380658661+03:00","Action":"output","Package":"virmill.local/core/internal/ui/cli","Test":"TestCLIPlanDisplaysSharedDowntimeEstimate","Output":"=== RUN   TestCLIPlanDisplaysSharedDowntimeEstimate\n","OutputType":"frame"}
{"Time":"2026-09-13T23:39:51.381129951+03:00","Action":"output","Package":"virmill.local/core/internal/ui/cli","Test":"TestCLIPlanDisplaysSharedDowntimeEstimate","Output":"--- PASS: TestCLIPlanDisplaysSharedDowntimeEstimate (0.00s)\n","OutputType":"frame"}
{"Time":"2026-09-13T23:39:51.381135086+03:00","Action":"pass","Package":"virmill.local/core/internal/ui/cli","Test":"TestCLIPlanDisplaysSharedDowntimeEstimate","Elapsed":0}
{"Time":"2026-09-13T23:39:51.381151471+03:00","Action":"run","Package":"virmill.local/core/internal/ui/cli","Test":"TestCLIActiveCreationResultIsObservationNotFailureOrCompletion"}
{"Time":"2026-09-13T23:39:51.381154541+03:00","Action":"output","Package":"virmill.local/core/internal/ui/cli","Test":"TestCLIActiveCreationResultIsObservationNotFailureOrCompletion","Output":"=== RUN   TestCLIActiveCreationResultIsObservationNotFailureOrCompletion\n","OutputType":"frame"}
{"Time":"2026-09-13T23:39:51.381747853+03:00","Action":"output","Package":"virmill.local/core/internal/ui/cli","Test":"TestCLIActiveCreationResultIsObservationNotFailureOrCompletion","Output":"--- PASS: TestCLIActiveCreationResultIsObservationNotFailureOrCompletion (0.00s)\n","OutputType":"frame"}
{"Time":"2026-09-13T23:39:51.381753493+03:00","Action":"pass","Package":"virmill.local/core/internal/ui/cli","Test":"TestCLIActiveCreationResultIsObservationNotFailureOrCompletion","Elapsed":0}
{"Time":"2026-09-13T23:39:51.381769715+03:00","Action":"output","Package":"virmill.local/core/internal/ui/cli","Output":"PASS\n","OutputType":"frame"}
{"Time":"2026-09-13T23:39:52.390494465+03:00","Action":"output","Package":"virmill.local/core/internal/ui/cli","Output":"ok  \tvirmill.local/core/internal/ui/cli\t3.248s\n"}
{"Time":"2026-09-13T23:39:52.390524091+03:00","Action":"pass","Package":"virmill.local/core/internal/ui/cli","Elapsed":3.249}
