{"Time":"2026-09-08T08:37:38.593976406+03:00","Action":"start","Package":"virmill.local/core/internal/domain"}
{"Time":"2026-09-08T08:37:38.604308674+03:00","Action":"run","Package":"virmill.local/core/internal/domain","Test":"TestClientWaitExitCodesDistinguishDetachFromJobFailure"}
{"Time":"2026-09-08T08:37:38.604420256+03:00","Action":"output","Package":"virmill.local/core/internal/domain","Test":"TestClientWaitExitCodesDistinguishDetachFromJobFailure","Output":"=== RUN   TestClientWaitExitCodesDistinguishDetachFromJobFailure\n","OutputType":"frame"}
{"Time":"2026-09-08T08:37:38.60446294+03:00","Action":"run","Package":"virmill.local/core/internal/domain","Test":"TestClientWaitExitCodesDistinguishDetachFromJobFailure/CLIENT_INTERRUPTED"}
{"Time":"2026-09-08T08:37:38.604471861+03:00","Action":"output","Package":"virmill.local/core/internal/domain","Test":"TestClientWaitExitCodesDistinguishDetachFromJobFailure/CLIENT_INTERRUPTED","Output":"=== RUN   TestClientWaitExitCodesDistinguishDetachFromJobFailure/CLIENT_INTERRUPTED\n","OutputType":"frame"}
{"Time":"2026-09-08T08:37:38.604483639+03:00","Action":"output","Package":"virmill.local/core/internal/domain","Test":"TestClientWaitExitCodesDistinguishDetachFromJobFailure/CLIENT_INTERRUPTED","Output":"--- PASS: TestClientWaitExitCodesDistinguishDetachFromJobFailure/CLIENT_INTERRUPTED (0.00s)\n","OutputType":"frame"}
{"Time":"2026-09-08T08:37:38.604490892+03:00","Action":"pass","Package":"virmill.local/core/internal/domain","Test":"TestClientWaitExitCodesDistinguishDetachFromJobFailure/CLIENT_INTERRUPTED","Elapsed":0}
{"Time":"2026-09-08T08:37:38.604501152+03:00","Action":"run","Package":"virmill.local/core/internal/domain","Test":"TestClientWaitExitCodesDistinguishDetachFromJobFailure/WAIT_TIMEOUT"}
{"Time":"2026-09-08T08:37:38.604504136+03:00","Action":"output","Package":"virmill.local/core/internal/domain","Test":"TestClientWaitExitCodesDistinguishDetachFromJobFailure/WAIT_TIMEOUT","Output":"=== RUN   TestClientWaitExitCodesDistinguishDetachFromJobFailure/WAIT_TIMEOUT\n","OutputType":"frame"}
{"Time":"2026-09-08T08:37:38.604510413+03:00","Action":"output","Package":"virmill.local/core/internal/domain","Test":"TestClientWaitExitCodesDistinguishDetachFromJobFailure/WAIT_TIMEOUT","Output":"--- PASS: TestClientWaitExitCodesDistinguishDetachFromJobFailure/WAIT_TIMEOUT (0.00s)\n","OutputType":"frame"}
{"Time":"2026-09-08T08:37:38.604514451+03:00","Action":"pass","Package":"virmill.local/core/internal/domain","Test":"TestClientWaitExitCodesDistinguishDetachFromJobFailure/WAIT_TIMEOUT","Elapsed":0}
{"Time":"2026-09-08T08:37:38.604519252+03:00","Action":"run","Package":"virmill.local/core/internal/domain","Test":"TestClientWaitExitCodesDistinguishDetachFromJobFailure/RECOVERY_REQUIRED"}
{"Time":"2026-09-08T08:37:38.604522962+03:00","Action":"output","Package":"virmill.local/core/internal/domain","Test":"TestClientWaitExitCodesDistinguishDetachFromJobFailure/RECOVERY_REQUIRED","Output":"=== RUN   TestClientWaitExitCodesDistinguishDetachFromJobFailure/RECOVERY_REQUIRED\n","OutputType":"frame"}
{"Time":"2026-09-08T08:37:38.604565566+03:00","Action":"output","Package":"virmill.local/core/internal/domain","Test":"TestClientWaitExitCodesDistinguishDetachFromJobFailure/RECOVERY_REQUIRED","Output":"--- PASS: TestClientWaitExitCodesDistinguishDetachFromJobFailure/RECOVERY_REQUIRED (0.00s)\n","OutputType":"frame"}
{"Time":"2026-09-08T08:37:38.604590948+03:00","Action":"pass","Package":"virmill.local/core/internal/domain","Test":"TestClientWaitExitCodesDistinguishDetachFromJobFailure/RECOVERY_REQUIRED","Elapsed":0}
{"Time":"2026-09-08T08:37:38.604597263+03:00","Action":"run","Package":"virmill.local/core/internal/domain","Test":"TestClientWaitExitCodesDistinguishDetachFromJobFailure/OPERATION_FAILED"}
{"Time":"2026-09-08T08:37:38.604601893+03:00","Action":"output","Package":"virmill.local/core/internal/domain","Test":"TestClientWaitExitCodesDistinguishDetachFromJobFailure/OPERATION_FAILED","Output":"=== RUN   TestClientWaitExitCodesDistinguishDetachFromJobFailure/OPERATION_FAILED\n","OutputType":"frame"}
{"Time":"2026-09-08T08:37:38.604608779+03:00","Action":"output","Package":"virmill.local/core/internal/domain","Test":"TestClientWaitExitCodesDistinguishDetachFromJobFailure/OPERATION_FAILED","Output":"--- PASS: TestClientWaitExitCodesDistinguishDetachFromJobFailure/OPERATION_FAILED (0.00s)\n","OutputType":"frame"}
{"Time":"2026-09-08T08:37:38.604615974+03:00","Action":"pass","Package":"virmill.local/core/internal/domain","Test":"TestClientWaitExitCodesDistinguishDetachFromJobFailure/OPERATION_FAILED","Elapsed":0}
{"Time":"2026-09-08T08:37:38.604634646+03:00","Action":"output","Package":"virmill.local/core/internal/domain","Test":"TestClientWaitExitCodesDistinguishDetachFromJobFailure","Output":"--- PASS: TestClientWaitExitCodesDistinguishDetachFromJobFailure (0.00s)\n","OutputType":"frame"}
{"Time":"2026-09-08T08:37:38.604640435+03:00","Action":"pass","Package":"virmill.local/core/internal/domain","Test":"TestClientWaitExitCodesDistinguishDetachFromJobFailure","Elapsed":0}
{"Time":"2026-09-08T08:37:38.604659613+03:00","Action":"output","Package":"virmill.local/core/internal/domain","Output":"PASS\n","OutputType":"frame"}
{"Time":"2026-09-08T08:37:39.608774044+03:00","Action":"output","Package":"virmill.local/core/internal/domain","Output":"ok  \tvirmill.local/core/internal/domain\t1.014s\n"}
{"Time":"2026-09-08T08:37:39.611003823+03:00","Action":"pass","Package":"virmill.local/core/internal/domain","Elapsed":1.017}
{"Time":"2026-09-08T08:38:20.16117563+03:00","Action":"start","Package":"virmill.local/core/internal/plugins"}
{"Time":"2026-09-08T08:38:20.19438083+03:00","Action":"run","Package":"virmill.local/core/internal/plugins","Test":"TestInstalledActionPinnedPlanAndDurableResult"}
{"Time":"2026-09-08T08:38:20.194440846+03:00","Action":"output","Package":"virmill.local/core/internal/plugins","Test":"TestInstalledActionPinnedPlanAndDurableResult","Output":"=== RUN   TestInstalledActionPinnedPlanAndDurableResult\n","OutputType":"frame"}
{"Time":"2026-09-08T08:38:20.584893655+03:00","Action":"output","Package":"virmill.local/core/internal/plugins","Test":"TestInstalledActionPinnedPlanAndDurableResult","Output":"    actions_test.go:120: Confined Python action executed on synthetic selected records; exact result persisted, stale VM and revoked-grant plans refused. No VM/hardware effects.\n"}
{"Time":"2026-09-08T08:38:20.585230013+03:00","Action":"output","Package":"virmill.local/core/internal/plugins","Test":"TestInstalledActionPinnedPlanAndDurableResult","Output":"--- PASS: TestInstalledActionPinnedPlanAndDurableResult (0.39s)\n","OutputType":"frame"}
{"Time":"2026-09-08T08:38:20.585243537+03:00","Action":"pass","Package":"virmill.local/core/internal/plugins","Test":"TestInstalledActionPinnedPlanAndDurableResult","Elapsed":0.39}
{"Time":"2026-09-08T08:38:20.585255528+03:00","Action":"run","Package":"virmill.local/core/internal/plugins","Test":"TestDeveloperScaffoldBuildAndSignedPackPlans"}
{"Time":"2026-09-08T08:38:20.585259057+03:00","Action":"output","Package":"virmill.local/core/internal/plugins","Test":"TestDeveloperScaffoldBuildAndSignedPackPlans","Output":"=== RUN   TestDeveloperScaffoldBuildAndSignedPackPlans\n","OutputType":"frame"}
{"Time":"2026-09-08T08:38:21.164324021+03:00","Action":"start","Package":"virmill.local/core/internal/ui/cli"}
{"Time":"2026-09-08T08:38:21.16445919+03:00","Action":"start","Package":"virmill.local/core/internal/ui/tui"}
{"Time":"2026-09-08T08:38:21.19456554+03:00","Action":"run","Package":"virmill.local/core/internal/ui/tui","Test":"TestAuxiliaryTUIJSONFormAndCurrentPagedSharedObservation"}
{"Time":"2026-09-08T08:38:21.194612015+03:00","Action":"output","Package":"virmill.local/core/internal/ui/tui","Test":"TestAuxiliaryTUIJSONFormAndCurrentPagedSharedObservation","Output":"=== RUN   TestAuxiliaryTUIJSONFormAndCurrentPagedSharedObservation\n","OutputType":"frame"}
{"Time":"2026-09-08T08:38:21.201398238+03:00","Action":"run","Package":"virmill.local/core/internal/ui/cli","Test":"TestAuxiliaryCLIMachineOutputPreservesSharedReadOnlyObservation"}
{"Time":"2026-09-08T08:38:21.20143036+03:00","Action":"output","Package":"virmill.local/core/internal/ui/cli","Test":"TestAuxiliaryCLIMachineOutputPreservesSharedReadOnlyObservation","Output":"=== RUN   TestAuxiliaryCLIMachineOutputPreservesSharedReadOnlyObservation\n","OutputType":"frame"}
{"Time":"2026-09-08T08:38:21.20196815+03:00","Action":"run","Package":"virmill.local/core/internal/ui/cli","Test":"TestAuxiliaryCLIMachineOutputPreservesSharedReadOnlyObservation/json"}
{"Time":"2026-09-08T08:38:21.20197509+03:00","Action":"output","Package":"virmill.local/core/internal/ui/cli","Test":"TestAuxiliaryCLIMachineOutputPreservesSharedReadOnlyObservation/json","Output":"=== RUN   TestAuxiliaryCLIMachineOutputPreservesSharedReadOnlyObservation/json\n","OutputType":"frame"}
{"Time":"2026-09-08T08:38:21.273709081+03:00","Action":"output","Package":"virmill.local/core/internal/ui/cli","Test":"TestAuxiliaryCLIMachineOutputPreservesSharedReadOnlyObservation/json","Output":"--- PASS: TestAuxiliaryCLIMachineOutputPreservesSharedReadOnlyObservation/json (0.07s)\n","OutputType":"frame"}
{"Time":"2026-09-08T08:38:21.27374016+03:00","Action":"pass","Package":"virmill.local/core/internal/ui/cli","Test":"TestAuxiliaryCLIMachineOutputPreservesSharedReadOnlyObservation/json","Elapsed":0.07}
{"Time":"2026-09-08T08:38:21.273745826+03:00","Action":"run","Package":"virmill.local/core/internal/ui/cli","Test":"TestAuxiliaryCLIMachineOutputPreservesSharedReadOnlyObservation/ndjson"}
{"Time":"2026-09-08T08:38:21.273747916+03:00","Action":"output","Package":"virmill.local/core/internal/ui/cli","Test":"TestAuxiliaryCLIMachineOutputPreservesSharedReadOnlyObservation/ndjson","Output":"=== RUN   TestAuxiliaryCLIMachineOutputPreservesSharedReadOnlyObservation/ndjson\n","OutputType":"frame"}
{"Time":"2026-09-08T08:38:21.276629406+03:00","Action":"output","Package":"virmill.local/core/internal/ui/cli","Test":"TestAuxiliaryCLIMachineOutputPreservesSharedReadOnlyObservation/ndjson","Output":"--- PASS: TestAuxiliaryCLIMachineOutputPreservesSharedReadOnlyObservation/ndjson (0.00s)\n","OutputType":"frame"}
{"Time":"2026-09-08T08:38:21.276650097+03:00","Action":"pass","Package":"virmill.local/core/internal/ui/cli","Test":"TestAuxiliaryCLIMachineOutputPreservesSharedReadOnlyObservation/ndjson","Elapsed":0}
{"Time":"2026-09-08T08:38:21.277343378+03:00","Action":"output","Package":"virmill.local/core/internal/ui/cli","Test":"TestAuxiliaryCLIMachineOutputPreservesSharedReadOnlyObservation","Output":"--- PASS: TestAuxiliaryCLIMachineOutputPreservesSharedReadOnlyObservation (0.08s)\n","OutputType":"frame"}
{"Time":"2026-09-08T08:38:21.277356044+03:00","Action":"pass","Package":"virmill.local/core/internal/ui/cli","Test":"TestAuxiliaryCLIMachineOutputPreservesSharedReadOnlyObservation","Elapsed":0.08}
{"Time":"2026-09-08T08:38:21.277377871+03:00","Action":"run","Package":"virmill.local/core/internal/ui/cli","Test":"TestAuxiliaryCLIErrorsAndCancellationDoNotReturnMetadata"}
{"Time":"2026-09-08T08:38:21.277379875+03:00","Action":"output","Package":"virmill.local/core/internal/ui/cli","Test":"TestAuxiliaryCLIErrorsAndCancellationDoNotReturnMetadata","Output":"=== RUN   TestAuxiliaryCLIErrorsAndCancellationDoNotReturnMetadata\n","OutputType":"frame"}
{"Time":"2026-09-08T08:38:21.277404595+03:00","Action":"run","Package":"virmill.local/core/internal/ui/cli","Test":"TestAuxiliaryCLIErrorsAndCancellationDoNotReturnMetadata/json/unknown-input"}
{"Time":"2026-09-08T08:38:21.277406894+03:00","Action":"output","Package":"virmill.local/core/internal/ui/cli","Test":"TestAuxiliaryCLIErrorsAndCancellationDoNotReturnMetadata/json/unknown-input","Output":"=== RUN   TestAuxiliaryCLIErrorsAndCancellationDoNotReturnMetadata/json/unknown-input\n","OutputType":"frame"}
{"Time":"2026-09-08T08:38:21.279842041+03:00","Action":"output","Package":"virmill.local/core/internal/ui/cli","Test":"TestAuxiliaryCLIErrorsAndCancellationDoNotReturnMetadata/json/unknown-input","Output":"--- PASS: TestAuxiliaryCLIErrorsAndCancellationDoNotReturnMetadata/json/unknown-input (0.00s)\n","OutputType":"frame"}
{"Time":"2026-09-08T08:38:21.279866782+03:00","Action":"pass","Package":"virmill.local/core/internal/ui/cli","Test":"TestAuxiliaryCLIErrorsAndCancellationDoNotReturnMetadata/json/unknown-input","Elapsed":0}
{"Time":"2026-09-08T08:38:21.279873526+03:00","Action":"run","Package":"virmill.local/core/internal/ui/cli","Test":"TestAuxiliaryCLIErrorsAndCancellationDoNotReturnMetadata/json/missing-root"}
{"Time":"2026-09-08T08:38:21.279878411+03:00","Action":"output","Package":"virmill.local/core/internal/ui/cli","Test":"TestAuxiliaryCLIErrorsAndCancellationDoNotReturnMetadata/json/missing-root","Output":"=== RUN   TestAuxiliaryCLIErrorsAndCancellationDoNotReturnMetadata/json/missing-root\n","OutputType":"frame"}
{"Time":"2026-09-08T08:38:21.2815444+03:00","Action":"output","Package":"virmill.local/core/internal/ui/cli","Test":"TestAuxiliaryCLIErrorsAndCancellationDoNotReturnMetadata/json/missing-root","Output":"--- PASS: TestAuxiliaryCLIErrorsAndCancellationDoNotReturnMetadata/json/missing-root (0.00s)\n","OutputType":"frame"}
{"Time":"2026-09-08T08:38:21.281578113+03:00","Action":"pass","Package":"virmill.local/core/internal/ui/cli","Test":"TestAuxiliaryCLIErrorsAndCancellationDoNotReturnMetadata/json/missing-root","Elapsed":0}
{"Time":"2026-09-08T08:38:21.281598726+03:00","Action":"run","Package":"virmill.local/core/internal/ui/cli","Test":"TestAuxiliaryCLIErrorsAndCancellationDoNotReturnMetadata/json/unapproved-root"}
{"Time":"2026-09-08T08:38:21.281601103+03:00","Action":"output","Package":"virmill.local/core/internal/ui/cli","Test":"TestAuxiliaryCLIErrorsAndCancellationDoNotReturnMetadata/json/unapproved-root","Output":"=== RUN   TestAuxiliaryCLIErrorsAndCancellationDoNotReturnMetadata/json/unapproved-root\n","OutputType":"frame"}
{"Time":"2026-09-08T08:38:21.282715132+03:00","Action":"output","Package":"virmill.local/core/internal/ui/cli","Test":"TestAuxiliaryCLIErrorsAndCancellationDoNotReturnMetadata/json/unapproved-root","Output":"--- PASS: TestAuxiliaryCLIErrorsAndCancellationDoNotReturnMetadata/json/unapproved-root (0.00s)\n","OutputType":"frame"}
{"Time":"2026-09-08T08:38:21.282728714+03:00","Action":"pass","Package":"virmill.local/core/internal/ui/cli","Test":"TestAuxiliaryCLIErrorsAndCancellationDoNotReturnMetadata/json/unapproved-root","Elapsed":0}
{"Time":"2026-09-08T08:38:21.282740418+03:00","Action":"run","Package":"virmill.local/core/internal/ui/cli","Test":"TestAuxiliaryCLIErrorsAndCancellationDoNotReturnMetadata/json/session"}
{"Time":"2026-09-08T08:38:21.282742771+03:00","Action":"output","Package":"virmill.local/core/internal/ui/cli","Test":"TestAuxiliaryCLIErrorsAndCancellationDoNotReturnMetadata/json/session","Output":"=== RUN   TestAuxiliaryCLIErrorsAndCancellationDoNotReturnMetadata/json/session\n","OutputType":"frame"}
{"Time":"2026-09-08T08:38:21.28362649+03:00","Action":"output","Package":"virmill.local/core/internal/ui/cli","Test":"TestAuxiliaryCLIErrorsAndCancellationDoNotReturnMetadata/json/session","Output":"--- PASS: TestAuxiliaryCLIErrorsAndCancellationDoNotReturnMetadata/json/session (0.00s)\n","OutputType":"frame"}
{"Time":"2026-09-08T08:38:21.283638836+03:00","Action":"pass","Package":"virmill.local/core/internal/ui/cli","Test":"TestAuxiliaryCLIErrorsAndCancellationDoNotReturnMetadata/json/session","Elapsed":0}
{"Time":"2026-09-08T08:38:21.283655079+03:00","Action":"run","Package":"virmill.local/core/internal/ui/cli","Test":"TestAuxiliaryCLIErrorsAndCancellationDoNotReturnMetadata/json/root-actor"}
{"Time":"2026-09-08T08:38:21.283657508+03:00","Action":"output","Package":"virmill.local/core/internal/ui/cli","Test":"TestAuxiliaryCLIErrorsAndCancellationDoNotReturnMetadata/json/root-actor","Output":"=== RUN   TestAuxiliaryCLIErrorsAndCancellationDoNotReturnMetadata/json/root-actor\n","OutputType":"frame"}
{"Time":"2026-09-08T08:38:21.284495334+03:00","Action":"output","Package":"virmill.local/core/internal/ui/cli","Test":"TestAuxiliaryCLIErrorsAndCancellationDoNotReturnMetadata/json/root-actor","Output":"--- PASS: TestAuxiliaryCLIErrorsAndCancellationDoNotReturnMetadata/json/root-actor (0.00s)\n","OutputType":"frame"}
{"Time":"2026-09-08T08:38:21.284503047+03:00","Action":"pass","Package":"virmill.local/core/internal/ui/cli","Test":"TestAuxiliaryCLIErrorsAndCancellationDoNotReturnMetadata/json/root-actor","Elapsed":0}
{"Time":"2026-09-08T08:38:21.284521577+03:00","Action":"run","Package":"virmill.local/core/internal/ui/cli","Test":"TestAuxiliaryCLIErrorsAndCancellationDoNotReturnMetadata/json/native-error"}
{"Time":"2026-09-08T08:38:21.284525014+03:00","Action":"output","Package":"virmill.local/core/internal/ui/cli","Test":"TestAuxiliaryCLIErrorsAndCancellationDoNotReturnMetadata/json/native-error","Output":"=== RUN   TestAuxiliaryCLIErrorsAndCancellationDoNotReturnMetadata/json/native-error\n","OutputType":"frame"}
{"Time":"2026-09-08T08:38:21.285660623+03:00","Action":"output","Package":"virmill.local/core/internal/ui/cli","Test":"TestAuxiliaryCLIErrorsAndCancellationDoNotReturnMetadata/json/native-error","Output":"--- PASS: TestAuxiliaryCLIErrorsAndCancellationDoNotReturnMetadata/json/native-error (0.00s)\n","OutputType":"frame"}
{"Time":"2026-09-08T08:38:21.285669793+03:00","Action":"pass","Package":"virmill.local/core/internal/ui/cli","Test":"TestAuxiliaryCLIErrorsAndCancellationDoNotReturnMetadata/json/native-error","Elapsed":0}
{"Time":"2026-09-08T08:38:21.285688327+03:00","Action":"run","Package":"virmill.local/core/internal/ui/cli","Test":"TestAuxiliaryCLIErrorsAndCancellationDoNotReturnMetadata/json/helper-denied"}
{"Time":"2026-09-08T08:38:21.285690622+03:00","Action":"output","Package":"virmill.local/core/internal/ui/cli","Test":"TestAuxiliaryCLIErrorsAndCancellationDoNotReturnMetadata/json/helper-denied","Output":"=== RUN   TestAuxiliaryCLIErrorsAndCancellationDoNotReturnMetadata/json/helper-denied\n","OutputType":"frame"}
{"Time":"2026-09-08T08:38:21.288055001+03:00","Action":"output","Package":"virmill.local/core/internal/ui/cli","Test":"TestAuxiliaryCLIErrorsAndCancellationDoNotReturnMetadata/json/helper-denied","Output":"--- PASS: TestAuxiliaryCLIErrorsAndCancellationDoNotReturnMetadata/json/helper-denied (0.00s)\n","OutputType":"frame"}
{"Time":"2026-09-08T08:38:21.288074393+03:00","Action":"pass","Package":"virmill.local/core/internal/ui/cli","Test":"TestAuxiliaryCLIErrorsAndCancellationDoNotReturnMetadata/json/helper-denied","Elapsed":0}
{"Time":"2026-09-08T08:38:21.288081662+03:00","Action":"run","Package":"virmill.local/core/internal/ui/cli","Test":"TestAuxiliaryCLIErrorsAndCancellationDoNotReturnMetadata/json/source-change"}
{"Time":"2026-09-08T08:38:21.288084716+03:00","Action":"output","Package":"virmill.local/core/internal/ui/cli","Test":"TestAuxiliaryCLIErrorsAndCancellationDoNotReturnMetadata/json/source-change","Output":"=== RUN   TestAuxiliaryCLIErrorsAndCancellationDoNotReturnMetadata/json/source-change\n","OutputType":"frame"}
{"Time":"2026-09-08T08:38:21.289598138+03:00","Action":"output","Package":"virmill.local/core/internal/ui/tui","Test":"TestAuxiliaryTUIJSONFormAndCurrentPagedSharedObservation","Output":"--- PASS: TestAuxiliaryTUIJSONFormAndCurrentPagedSharedObservation (0.09s)\n","OutputType":"frame"}
{"Time":"2026-09-08T08:38:21.289612138+03:00","Action":"pass","Package":"virmill.local/core/internal/ui/tui","Test":"TestAuxiliaryTUIJSONFormAndCurrentPagedSharedObservation","Elapsed":0.09}
{"Time":"2026-09-08T08:38:21.289642417+03:00","Action":"run","Package":"virmill.local/core/internal/ui/tui","Test":"TestAuxiliaryTUIFailuresClearStaleMetadataAndApproval"}
{"Time":"2026-09-08T08:38:21.289645054+03:00","Action":"output","Package":"virmill.local/core/internal/ui/tui","Test":"TestAuxiliaryTUIFailuresClearStaleMetadataAndApproval","Output":"=== RUN   TestAuxiliaryTUIFailuresClearStaleMetadataAndApproval\n","OutputType":"frame"}
{"Time":"2026-09-08T08:38:21.289707222+03:00","Action":"run","Package":"virmill.local/core/internal/ui/tui","Test":"TestAuxiliaryTUIFailuresClearStaleMetadataAndApproval/unknown-input"}
{"Time":"2026-09-08T08:38:21.289709558+03:00","Action":"output","Package":"virmill.local/core/internal/ui/tui","Test":"TestAuxiliaryTUIFailuresClearStaleMetadataAndApproval/unknown-input","Output":"=== RUN   TestAuxiliaryTUIFailuresClearStaleMetadataAndApproval/unknown-input\n","OutputType":"frame"}
{"Time":"2026-09-08T08:38:21.290361736+03:00","Action":"output","Package":"virmill.local/core/internal/ui/cli","Test":"TestAuxiliaryCLIErrorsAndCancellationDoNotReturnMetadata/json/source-change","Output":"--- PASS: TestAuxiliaryCLIErrorsAndCancellationDoNotReturnMetadata/json/source-change (0.00s)\n","OutputType":"frame"}
{"Time":"2026-09-08T08:38:21.290385745+03:00","Action":"pass","Package":"virmill.local/core/internal/ui/cli","Test":"TestAuxiliaryCLIErrorsAndCancellationDoNotReturnMetadata/json/source-change","Elapsed":0}
{"Time":"2026-09-08T08:38:21.290409196+03:00","Action":"run","Package":"virmill.local/core/internal/ui/cli","Test":"TestAuxiliaryCLIErrorsAndCancellationDoNotReturnMetadata/json/pre-cancel"}
{"Time":"2026-09-08T08:38:21.290413804+03:00","Action":"output","Package":"virmill.local/core/internal/ui/cli","Test":"TestAuxiliaryCLIErrorsAndCancellationDoNotReturnMetadata/json/pre-cancel","Output":"=== RUN   TestAuxiliaryCLIErrorsAndCancellationDoNotReturnMetadata/json/pre-cancel\n","OutputType":"frame"}
{"Time":"2026-09-08T08:38:21.291594642+03:00","Action":"output","Package":"virmill.local/core/internal/ui/cli","Test":"TestAuxiliaryCLIErrorsAndCancellationDoNotReturnMetadata/json/pre-cancel","Output":"--- PASS: TestAuxiliaryCLIErrorsAndCancellationDoNotReturnMetadata/json/pre-cancel (0.00s)\n","OutputType":"frame"}
{"Time":"2026-09-08T08:38:21.29161035+03:00","Action":"pass","Package":"virmill.local/core/internal/ui/cli","Test":"TestAuxiliaryCLIErrorsAndCancellationDoNotReturnMetadata/json/pre-cancel","Elapsed":0}
{"Time":"2026-09-08T08:38:21.291616177+03:00","Action":"run","Package":"virmill.local/core/internal/ui/cli","Test":"TestAuxiliaryCLIErrorsAndCancellationDoNotReturnMetadata/json/post-cancel"}
{"Time":"2026-09-08T08:38:21.291619433+03:00","Action":"output","Package":"virmill.local/core/internal/ui/cli","Test":"TestAuxiliaryCLIErrorsAndCancellationDoNotReturnMetadata/json/post-cancel","Output":"=== RUN   TestAuxiliaryCLIErrorsAndCancellationDoNotReturnMetadata/json/post-cancel\n","OutputType":"frame"}
{"Time":"2026-09-08T08:38:21.293150192+03:00","Action":"output","Package":"virmill.local/core/internal/ui/cli","Test":"TestAuxiliaryCLIErrorsAndCancellationDoNotReturnMetadata/json/post-cancel","Output":"--- PASS: TestAuxiliaryCLIErrorsAndCancellationDoNotReturnMetadata/json/post-cancel (0.00s)\n","OutputType":"frame"}
{"Time":"2026-09-08T08:38:21.293165839+03:00","Action":"pass","Package":"virmill.local/core/internal/ui/cli","Test":"TestAuxiliaryCLIErrorsAndCancellationDoNotReturnMetadata/json/post-cancel","Elapsed":0}
{"Time":"2026-09-08T08:38:21.293170065+03:00","Action":"run","Package":"virmill.local/core/internal/ui/cli","Test":"TestAuxiliaryCLIErrorsAndCancellationDoNotReturnMetadata/json/transport"}
{"Time":"2026-09-08T08:38:21.293172792+03:00","Action":"output","Package":"virmill.local/core/internal/ui/cli","Test":"TestAuxiliaryCLIErrorsAndCancellationDoNotReturnMetadata/json/transport","Output":"=== RUN   TestAuxiliaryCLIErrorsAndCancellationDoNotReturnMetadata/json/transport\n","OutputType":"frame"}
{"Time":"2026-09-08T08:38:21.293624232+03:00","Action":"output","Package":"virmill.local/core/internal/ui/tui","Test":"TestAuxiliaryTUIFailuresClearStaleMetadataAndApproval/unknown-input","Output":"--- PASS: TestAuxiliaryTUIFailuresClearStaleMetadataAndApproval/unknown-input (0.00s)\n","OutputType":"frame"}
{"Time":"2026-09-08T08:38:21.293644982+03:00","Action":"pass","Package":"virmill.local/core/internal/ui/tui","Test":"TestAuxiliaryTUIFailuresClearStaleMetadataAndApproval/unknown-input","Elapsed":0}
{"Time":"2026-09-08T08:38:21.293663144+03:00","Action":"run","Package":"virmill.local/core/internal/ui/tui","Test":"TestAuxiliaryTUIFailuresClearStaleMetadataAndApproval/missing-root"}
{"Time":"2026-09-08T08:38:21.293666874+03:00","Action":"output","Package":"virmill.local/core/internal/ui/tui","Test":"TestAuxiliaryTUIFailuresClearStaleMetadataAndApproval/missing-root","Output":"=== RUN   TestAuxiliaryTUIFailuresClearStaleMetadataAndApproval/missing-root\n","OutputType":"frame"}
{"Time":"2026-09-08T08:38:21.293836251+03:00","Action":"output","Package":"virmill.local/core/internal/ui/cli","Test":"TestAuxiliaryCLIErrorsAndCancellationDoNotReturnMetadata/json/transport","Output":"--- PASS: TestAuxiliaryCLIErrorsAndCancellationDoNotReturnMetadata/json/transport (0.00s)\n","OutputType":"frame"}
{"Time":"2026-09-08T08:38:21.293849453+03:00","Action":"pass","Package":"virmill.local/core/internal/ui/cli","Test":"TestAuxiliaryCLIErrorsAndCancellationDoNotReturnMetadata/json/transport","Elapsed":0}
{"Time":"2026-09-08T08:38:21.293863743+03:00","Action":"run","Package":"virmill.local/core/internal/ui/cli","Test":"TestAuxiliaryCLIErrorsAndCancellationDoNotReturnMetadata/ndjson/unknown-input"}
{"Time":"2026-09-08T08:38:21.293868021+03:00","Action":"output","Package":"virmill.local/core/internal/ui/cli","Test":"TestAuxiliaryCLIErrorsAndCancellationDoNotReturnMetadata/ndjson/unknown-input","Output":"=== RUN   TestAuxiliaryCLIErrorsAndCancellationDoNotReturnMetadata/ndjson/unknown-input\n","OutputType":"frame"}
{"Time":"2026-09-08T08:38:21.294728949+03:00","Action":"output","Package":"virmill.local/core/internal/ui/cli","Test":"TestAuxiliaryCLIErrorsAndCancellationDoNotReturnMetadata/ndjson/unknown-input","Output":"--- PASS: TestAuxiliaryCLIErrorsAndCancellationDoNotReturnMetadata/ndjson/unknown-input (0.00s)\n","OutputType":"frame"}
{"Time":"2026-09-08T08:38:21.294736756+03:00","Action":"pass","Package":"virmill.local/core/internal/ui/cli","Test":"TestAuxiliaryCLIErrorsAndCancellationDoNotReturnMetadata/ndjson/unknown-input","Elapsed":0}
{"Time":"2026-09-08T08:38:21.294752928+03:00","Action":"run","Package":"virmill.local/core/internal/ui/cli","Test":"TestAuxiliaryCLIErrorsAndCancellationDoNotReturnMetadata/ndjson/missing-root"}
{"Time":"2026-09-08T08:38:21.294757794+03:00","Action":"output","Package":"virmill.local/core/internal/ui/cli","Test":"TestAuxiliaryCLIErrorsAndCancellationDoNotReturnMetadata/ndjson/missing-root","Output":"=== RUN   TestAuxiliaryCLIErrorsAndCancellationDoNotReturnMetadata/ndjson/missing-root\n","OutputType":"frame"}
{"Time":"2026-09-08T08:38:21.295534153+03:00","Action":"output","Package":"virmill.local/core/internal/ui/cli","Test":"TestAuxiliaryCLIErrorsAndCancellationDoNotReturnMetadata/ndjson/missing-root","Output":"--- PASS: TestAuxiliaryCLIErrorsAndCancellationDoNotReturnMetadata/ndjson/missing-root (0.00s)\n","OutputType":"frame"}
{"Time":"2026-09-08T08:38:21.295542274+03:00","Action":"pass","Package":"virmill.local/core/internal/ui/cli","Test":"TestAuxiliaryCLIErrorsAndCancellationDoNotReturnMetadata/ndjson/missing-root","Elapsed":0}
{"Time":"2026-09-08T08:38:21.295559141+03:00","Action":"run","Package":"virmill.local/core/internal/ui/cli","Test":"TestAuxiliaryCLIErrorsAndCancellationDoNotReturnMetadata/ndjson/unapproved-root"}
{"Time":"2026-09-08T08:38:21.295563699+03:00","Action":"output","Package":"virmill.local/core/internal/ui/cli","Test":"TestAuxiliaryCLIErrorsAndCancellationDoNotReturnMetadata/ndjson/unapproved-root","Output":"=== RUN   TestAuxiliaryCLIErrorsAndCancellationDoNotReturnMetadata/ndjson/unapproved-root\n","OutputType":"frame"}
{"Time":"2026-09-08T08:38:21.296981662+03:00","Action":"output","Package":"virmill.local/core/internal/ui/tui","Test":"TestAuxiliaryTUIFailuresClearStaleMetadataAndApproval/missing-root","Output":"--- PASS: TestAuxiliaryTUIFailuresClearStaleMetadataAndApproval/missing-root (0.00s)\n","OutputType":"frame"}
{"Time":"2026-09-08T08:38:21.296995668+03:00","Action":"pass","Package":"virmill.local/core/internal/ui/tui","Test":"TestAuxiliaryTUIFailuresClearStaleMetadataAndApproval/missing-root","Elapsed":0}
{"Time":"2026-09-08T08:38:21.297018806+03:00","Action":"run","Package":"virmill.local/core/internal/ui/tui","Test":"TestAuxiliaryTUIFailuresClearStaleMetadataAndApproval/unapproved-root"}
{"Time":"2026-09-08T08:38:21.297022461+03:00","Action":"output","Package":"virmill.local/core/internal/ui/tui","Test":"TestAuxiliaryTUIFailuresClearStaleMetadataAndApproval/unapproved-root","Output":"=== RUN   TestAuxiliaryTUIFailuresClearStaleMetadataAndApproval/unapproved-root\n","OutputType":"frame"}
{"Time":"2026-09-08T08:38:21.297314917+03:00","Action":"output","Package":"virmill.local/core/internal/ui/cli","Test":"TestAuxiliaryCLIErrorsAndCancellationDoNotReturnMetadata/ndjson/unapproved-root","Output":"--- PASS: TestAuxiliaryCLIErrorsAndCancellationDoNotReturnMetadata/ndjson/unapproved-root (0.00s)\n","OutputType":"frame"}
{"Time":"2026-09-08T08:38:21.297329139+03:00","Action":"pass","Package":"virmill.local/core/internal/ui/cli","Test":"TestAuxiliaryCLIErrorsAndCancellationDoNotReturnMetadata/ndjson/unapproved-root","Elapsed":0}
{"Time":"2026-09-08T08:38:21.297347374+03:00","Action":"run","Package":"virmill.local/core/internal/ui/cli","Test":"TestAuxiliaryCLIErrorsAndCancellationDoNotReturnMetadata/ndjson/session"}
{"Time":"2026-09-08T08:38:21.297349294+03:00","Action":"output","Package":"virmill.local/core/internal/ui/cli","Test":"TestAuxiliaryCLIErrorsAndCancellationDoNotReturnMetadata/ndjson/session","Output":"=== RUN   TestAuxiliaryCLIErrorsAndCancellationDoNotReturnMetadata/ndjson/session\n","OutputType":"frame"}
{"Time":"2026-09-08T08:38:21.298203027+03:00","Action":"output","Package":"virmill.local/core/internal/ui/cli","Test":"TestAuxiliaryCLIErrorsAndCancellationDoNotReturnMetadata/ndjson/session","Output":"--- PASS: TestAuxiliaryCLIErrorsAndCancellationDoNotReturnMetadata/ndjson/session (0.00s)\n","OutputType":"frame"}
{"Time":"2026-09-08T08:38:21.298214799+03:00","Action":"pass","Package":"virmill.local/core/internal/ui/cli","Test":"TestAuxiliaryCLIErrorsAndCancellationDoNotReturnMetadata/ndjson/session","Elapsed":0}
{"Time":"2026-09-08T08:38:21.298226297+03:00","Action":"run","Package":"virmill.local/core/internal/ui/cli","Test":"TestAuxiliaryCLIErrorsAndCancellationDoNotReturnMetadata/ndjson/root-actor"}
{"Time":"2026-09-08T08:38:21.29822837+03:00","Action":"output","Package":"virmill.local/core/internal/ui/cli","Test":"TestAuxiliaryCLIErrorsAndCancellationDoNotReturnMetadata/ndjson/root-actor","Output":"=== RUN   TestAuxiliaryCLIErrorsAndCancellationDoNotReturnMetadata/ndjson/root-actor\n","OutputType":"frame"}
{"Time":"2026-09-08T08:38:21.299092297+03:00","Action":"output","Package":"virmill.local/core/internal/ui/cli","Test":"TestAuxiliaryCLIErrorsAndCancellationDoNotReturnMetadata/ndjson/root-actor","Output":"--- PASS: TestAuxiliaryCLIErrorsAndCancellationDoNotReturnMetadata/ndjson/root-actor (0.00s)\n","OutputType":"frame"}
{"Time":"2026-09-08T08:38:21.299102188+03:00","Action":"pass","Package":"virmill.local/core/internal/ui/cli","Test":"TestAuxiliaryCLIErrorsAndCancellationDoNotReturnMetadata/ndjson/root-actor","Elapsed":0}
{"Time":"2026-09-08T08:38:21.29911686+03:00","Action":"run","Package":"virmill.local/core/internal/ui/cli","Test":"TestAuxiliaryCLIErrorsAndCancellationDoNotReturnMetadata/ndjson/native-error"}
{"Time":"2026-09-08T08:38:21.299119067+03:00","Action":"output","Package":"virmill.local/core/internal/ui/cli","Test":"TestAuxiliaryCLIErrorsAndCancellationDoNotReturnMetadata/ndjson/native-error","Output":"=== RUN   TestAuxiliaryCLIErrorsAndCancellationDoNotReturnMetadata/ndjson/native-error\n","OutputType":"frame"}
{"Time":"2026-09-08T08:38:21.300183991+03:00","Action":"output","Package":"virmill.local/core/internal/ui/cli","Test":"TestAuxiliaryCLIErrorsAndCancellationDoNotReturnMetadata/ndjson/native-error","Output":"--- PASS: TestAuxiliaryCLIErrorsAndCancellationDoNotReturnMetadata/ndjson/native-error (0.00s)\n","OutputType":"frame"}
{"Time":"2026-09-08T08:38:21.300199713+03:00","Action":"pass","Package":"virmill.local/core/internal/ui/cli","Test":"TestAuxiliaryCLIErrorsAndCancellationDoNotReturnMetadata/ndjson/native-error","Elapsed":0}
{"Time":"2026-09-08T08:38:21.300215179+03:00","Action":"run","Package":"virmill.local/core/internal/ui/cli","Test":"TestAuxiliaryCLIErrorsAndCancellationDoNotReturnMetadata/ndjson/helper-denied"}
{"Time":"2026-09-08T08:38:21.300217031+03:00","Action":"output","Package":"virmill.local/core/internal/ui/cli","Test":"TestAuxiliaryCLIErrorsAndCancellationDoNotReturnMetadata/ndjson/helper-denied","Output":"=== RUN   TestAuxiliaryCLIErrorsAndCancellationDoNotReturnMetadata/ndjson/helper-denied\n","OutputType":"frame"}
{"Time":"2026-09-08T08:38:21.300436417+03:00","Action":"output","Package":"virmill.local/core/internal/ui/tui","Test":"TestAuxiliaryTUIFailuresClearStaleMetadataAndApproval/unapproved-root","Output":"--- PASS: TestAuxiliaryTUIFailuresClearStaleMetadataAndApproval/unapproved-root (0.00s)\n","OutputType":"frame"}
{"Time":"2026-09-08T08:38:21.300462634+03:00","Action":"pass","Package":"virmill.local/core/internal/ui/tui","Test":"TestAuxiliaryTUIFailuresClearStaleMetadataAndApproval/unapproved-root","Elapsed":0}
{"Time":"2026-09-08T08:38:21.300481309+03:00","Action":"run","Package":"virmill.local/core/internal/ui/tui","Test":"TestAuxiliaryTUIFailuresClearStaleMetadataAndApproval/session"}
{"Time":"2026-09-08T08:38:21.300483247+03:00","Action":"output","Package":"virmill.local/core/internal/ui/tui","Test":"TestAuxiliaryTUIFailuresClearStaleMetadataAndApproval/session","Output":"=== RUN   TestAuxiliaryTUIFailuresClearStaleMetadataAndApproval/session\n","OutputType":"frame"}
{"Time":"2026-09-08T08:38:21.301658829+03:00","Action":"output","Package":"virmill.local/core/internal/ui/cli","Test":"TestAuxiliaryCLIErrorsAndCancellationDoNotReturnMetadata/ndjson/helper-denied","Output":"--- PASS: TestAuxiliaryCLIErrorsAndCancellationDoNotReturnMetadata/ndjson/helper-denied (0.00s)\n","OutputType":"frame"}
{"Time":"2026-09-08T08:38:21.301670961+03:00","Action":"pass","Package":"virmill.local/core/internal/ui/cli","Test":"TestAuxiliaryCLIErrorsAndCancellationDoNotReturnMetadata/ndjson/helper-denied","Elapsed":0}
{"Time":"2026-09-08T08:38:21.301692361+03:00","Action":"run","Package":"virmill.local/core/internal/ui/cli","Test":"TestAuxiliaryCLIErrorsAndCancellationDoNotReturnMetadata/ndjson/source-change"}
{"Time":"2026-09-08T08:38:21.301694309+03:00","Action":"output","Package":"virmill.local/core/internal/ui/cli","Test":"TestAuxiliaryCLIErrorsAndCancellationDoNotReturnMetadata/ndjson/source-change","Output":"=== RUN   TestAuxiliaryCLIErrorsAndCancellationDoNotReturnMetadata/ndjson/source-change\n","OutputType":"frame"}
{"Time":"2026-09-08T08:38:21.303792316+03:00","Action":"output","Package":"virmill.local/core/internal/ui/tui","Test":"TestAuxiliaryTUIFailuresClearStaleMetadataAndApproval/session","Output":"--- PASS: TestAuxiliaryTUIFailuresClearStaleMetadataAndApproval/session (0.00s)\n","OutputType":"frame"}
{"Time":"2026-09-08T08:38:21.303819975+03:00","Action":"pass","Package":"virmill.local/core/internal/ui/tui","Test":"TestAuxiliaryTUIFailuresClearStaleMetadataAndApproval/session","Elapsed":0}
{"Time":"2026-09-08T08:38:21.303849294+03:00","Action":"run","Package":"virmill.local/core/internal/ui/tui","Test":"TestAuxiliaryTUIFailuresClearStaleMetadataAndApproval/root-actor"}
{"Time":"2026-09-08T08:38:21.303851243+03:00","Action":"output","Package":"virmill.local/core/internal/ui/tui","Test":"TestAuxiliaryTUIFailuresClearStaleMetadataAndApproval/root-actor","Output":"=== RUN   TestAuxiliaryTUIFailuresClearStaleMetadataAndApproval/root-actor\n","OutputType":"frame"}
{"Time":"2026-09-08T08:38:21.303922587+03:00","Action":"output","Package":"virmill.local/core/internal/ui/cli","Test":"TestAuxiliaryCLIErrorsAndCancellationDoNotReturnMetadata/ndjson/source-change","Output":"--- PASS: TestAuxiliaryCLIErrorsAndCancellationDoNotReturnMetadata/ndjson/source-change (0.00s)\n","OutputType":"frame"}
{"Time":"2026-09-08T08:38:21.303940037+03:00","Action":"pass","Package":"virmill.local/core/internal/ui/cli","Test":"TestAuxiliaryCLIErrorsAndCancellationDoNotReturnMetadata/ndjson/source-change","Elapsed":0}
{"Time":"2026-09-08T08:38:21.303959895+03:00","Action":"run","Package":"virmill.local/core/internal/ui/cli","Test":"TestAuxiliaryCLIErrorsAndCancellationDoNotReturnMetadata/ndjson/pre-cancel"}
{"Time":"2026-09-08T08:38:21.303961725+03:00","Action":"output","Package":"virmill.local/core/internal/ui/cli","Test":"TestAuxiliaryCLIErrorsAndCancellationDoNotReturnMetadata/ndjson/pre-cancel","Output":"=== RUN   TestAuxiliaryCLIErrorsAndCancellationDoNotReturnMetadata/ndjson/pre-cancel\n","OutputType":"frame"}
{"Time":"2026-09-08T08:38:21.305566732+03:00","Action":"output","Package":"virmill.local/core/internal/ui/cli","Test":"TestAuxiliaryCLIErrorsAndCancellationDoNotReturnMetadata/ndjson/pre-cancel","Output":"--- PASS: TestAuxiliaryCLIErrorsAndCancellationDoNotReturnMetadata/ndjson/pre-cancel (0.00s)\n","OutputType":"frame"}
{"Time":"2026-09-08T08:38:21.305577425+03:00","Action":"pass","Package":"virmill.local/core/internal/ui/cli","Test":"TestAuxiliaryCLIErrorsAndCancellationDoNotReturnMetadata/ndjson/pre-cancel","Elapsed":0}
{"Time":"2026-09-08T08:38:21.30557967+03:00","Action":"run","Package":"virmill.local/core/internal/ui/cli","Test":"TestAuxiliaryCLIErrorsAndCancellationDoNotReturnMetadata/ndjson/post-cancel"}
{"Time":"2026-09-08T08:38:21.305580939+03:00","Action":"output","Package":"virmill.local/core/internal/ui/cli","Test":"TestAuxiliaryCLIErrorsAndCancellationDoNotReturnMetadata/ndjson/post-cancel","Output":"=== RUN   TestAuxiliaryCLIErrorsAndCancellationDoNotReturnMetadata/ndjson/post-cancel\n","OutputType":"frame"}
{"Time":"2026-09-08T08:38:21.307010526+03:00","Action":"output","Package":"virmill.local/core/internal/ui/cli","Test":"TestAuxiliaryCLIErrorsAndCancellationDoNotReturnMetadata/ndjson/post-cancel","Output":"--- PASS: TestAuxiliaryCLIErrorsAndCancellationDoNotReturnMetadata/ndjson/post-cancel (0.00s)\n","OutputType":"frame"}
{"Time":"2026-09-08T08:38:21.307021561+03:00","Action":"pass","Package":"virmill.local/core/internal/ui/cli","Test":"TestAuxiliaryCLIErrorsAndCancellationDoNotReturnMetadata/ndjson/post-cancel","Elapsed":0}
{"Time":"2026-09-08T08:38:21.307025338+03:00","Action":"run","Package":"virmill.local/core/internal/ui/cli","Test":"TestAuxiliaryCLIErrorsAndCancellationDoNotReturnMetadata/ndjson/transport"}
{"Time":"2026-09-08T08:38:21.307027398+03:00","Action":"output","Package":"virmill.local/core/internal/ui/cli","Test":"TestAuxiliaryCLIErrorsAndCancellationDoNotReturnMetadata/ndjson/transport","Output":"=== RUN   TestAuxiliaryCLIErrorsAndCancellationDoNotReturnMetadata/ndjson/transport\n","OutputType":"frame"}
{"Time":"2026-09-08T08:38:21.307184769+03:00","Action":"output","Package":"virmill.local/core/internal/ui/tui","Test":"TestAuxiliaryTUIFailuresClearStaleMetadataAndApproval/root-actor","Output":"--- PASS: TestAuxiliaryTUIFailuresClearStaleMetadataAndApproval/root-actor (0.00s)\n","OutputType":"frame"}
{"Time":"2026-09-08T08:38:21.307196521+03:00","Action":"pass","Package":"virmill.local/core/internal/ui/tui","Test":"TestAuxiliaryTUIFailuresClearStaleMetadataAndApproval/root-actor","Elapsed":0}
{"Time":"2026-09-08T08:38:21.307218197+03:00","Action":"run","Package":"virmill.local/core/internal/ui/tui","Test":"TestAuxiliaryTUIFailuresClearStaleMetadataAndApproval/native-error"}
{"Time":"2026-09-08T08:38:21.307221492+03:00","Action":"output","Package":"virmill.local/core/internal/ui/tui","Test":"TestAuxiliaryTUIFailuresClearStaleMetadataAndApproval/native-error","Output":"=== RUN   TestAuxiliaryTUIFailuresClearStaleMetadataAndApproval/native-error\n","OutputType":"frame"}
{"Time":"2026-09-08T08:38:21.307769869+03:00","Action":"output","Package":"virmill.local/core/internal/ui/cli","Test":"TestAuxiliaryCLIErrorsAndCancellationDoNotReturnMetadata/ndjson/transport","Output":"--- PASS: TestAuxiliaryCLIErrorsAndCancellationDoNotReturnMetadata/ndjson/transport (0.00s)\n","OutputType":"frame"}
{"Time":"2026-09-08T08:38:21.307779566+03:00","Action":"pass","Package":"virmill.local/core/internal/ui/cli","Test":"TestAuxiliaryCLIErrorsAndCancellationDoNotReturnMetadata/ndjson/transport","Elapsed":0}
{"Time":"2026-09-08T08:38:21.307791558+03:00","Action":"output","Package":"virmill.local/core/internal/ui/cli","Test":"TestAuxiliaryCLIErrorsAndCancellationDoNotReturnMetadata","Output":"--- PASS: TestAuxiliaryCLIErrorsAndCancellationDoNotReturnMetadata (0.03s)\n","OutputType":"frame"}
{"Time":"2026-09-08T08:38:21.307795382+03:00","Action":"pass","Package":"virmill.local/core/internal/ui/cli","Test":"TestAuxiliaryCLIErrorsAndCancellationDoNotReturnMetadata","Elapsed":0.03}
{"Time":"2026-09-08T08:38:21.307809667+03:00","Action":"run","Package":"virmill.local/core/internal/ui/cli","Test":"TestAuxiliaryCLIStrictJSONRefusesBeforeDispatch"}
{"Time":"2026-09-08T08:38:21.307812794+03:00","Action":"output","Package":"virmill.local/core/internal/ui/cli","Test":"TestAuxiliaryCLIStrictJSONRefusesBeforeDispatch","Output":"=== RUN   TestAuxiliaryCLIStrictJSONRefusesBeforeDispatch\n","OutputType":"frame"}
{"Time":"2026-09-08T08:38:21.307827751+03:00","Action":"run","Package":"virmill.local/core/internal/ui/cli","Test":"TestAuxiliaryCLIStrictJSONRefusesBeforeDispatch/{\"rootID\":\"state\",\"rootID\":\"other\"}"}
{"Time":"2026-09-08T08:38:21.307830908+03:00","Action":"output","Package":"virmill.local/core/internal/ui/cli","Test":"TestAuxiliaryCLIStrictJSONRefusesBeforeDispatch/{\"rootID\":\"state\",\"rootID\":\"other\"}","Output":"=== RUN   TestAuxiliaryCLIStrictJSONRefusesBeforeDispatch/{\"rootID\":\"state\",\"rootID\":\"other\"}\n","OutputType":"frame"}
{"Time":"2026-09-08T08:38:21.308242325+03:00","Action":"output","Package":"virmill.local/core/internal/ui/cli","Test":"TestAuxiliaryCLIStrictJSONRefusesBeforeDispatch/{\"rootID\":\"state\",\"rootID\":\"other\"}","Output":"--- PASS: TestAuxiliaryCLIStrictJSONRefusesBeforeDispatch/{\"rootID\":\"state\",\"rootID\":\"other\"} (0.00s)\n","OutputType":"frame"}
{"Time":"2026-09-08T08:38:21.308250447+03:00","Action":"pass","Package":"virmill.local/core/internal/ui/cli","Test":"TestAuxiliaryCLIStrictJSONRefusesBeforeDispatch/{\"rootID\":\"state\",\"rootID\":\"other\"}","Elapsed":0}
{"Time":"2026-09-08T08:38:21.308254004+03:00","Action":"run","Package":"virmill.local/core/internal/ui/cli","Test":"TestAuxiliaryCLIStrictJSONRefusesBeforeDispatch/{\"rootID\":"}
{"Time":"2026-09-08T08:38:21.308256584+03:00","Action":"output","Package":"virmill.local/core/internal/ui/cli","Test":"TestAuxiliaryCLIStrictJSONRefusesBeforeDispatch/{\"rootID\":","Output":"=== RUN   TestAuxiliaryCLIStrictJSONRefusesBeforeDispatch/{\"rootID\":\n","OutputType":"frame"}
{"Time":"2026-09-08T08:38:21.308656553+03:00","Action":"output","Package":"virmill.local/core/internal/ui/cli","Test":"TestAuxiliaryCLIStrictJSONRefusesBeforeDispatch/{\"rootID\":","Output":"--- PASS: TestAuxiliaryCLIStrictJSONRefusesBeforeDispatch/{\"rootID\": (0.00s)\n","OutputType":"frame"}
{"Time":"2026-09-08T08:38:21.308663722+03:00","Action":"pass","Package":"virmill.local/core/internal/ui/cli","Test":"TestAuxiliaryCLIStrictJSONRefusesBeforeDispatch/{\"rootID\":","Elapsed":0}
{"Time":"2026-09-08T08:38:21.308667023+03:00","Action":"run","Package":"virmill.local/core/internal/ui/cli","Test":"TestAuxiliaryCLIStrictJSONRefusesBeforeDispatch/[]"}
{"Time":"2026-09-08T08:38:21.308669207+03:00","Action":"output","Package":"virmill.local/core/internal/ui/cli","Test":"TestAuxiliaryCLIStrictJSONRefusesBeforeDispatch/[]","Output":"=== RUN   TestAuxiliaryCLIStrictJSONRefusesBeforeDispatch/[]\n","OutputType":"frame"}
{"Time":"2026-09-08T08:38:21.30907347+03:00","Action":"output","Package":"virmill.local/core/internal/ui/cli","Test":"TestAuxiliaryCLIStrictJSONRefusesBeforeDispatch/[]","Output":"--- PASS: TestAuxiliaryCLIStrictJSONRefusesBeforeDispatch/[] (0.00s)\n","OutputType":"frame"}
{"Time":"2026-09-08T08:38:21.309080154+03:00","Action":"pass","Package":"virmill.local/core/internal/ui/cli","Test":"TestAuxiliaryCLIStrictJSONRefusesBeforeDispatch/[]","Elapsed":0}
{"Time":"2026-09-08T08:38:21.309083627+03:00","Action":"run","Package":"virmill.local/core/internal/ui/cli","Test":"TestAuxiliaryCLIStrictJSONRefusesBeforeDispatch/{\"rootID\":\"state\"}_{}"}
{"Time":"2026-09-08T08:38:21.309086249+03:00","Action":"output","Package":"virmill.local/core/internal/ui/cli","Test":"TestAuxiliaryCLIStrictJSONRefusesBeforeDispatch/{\"rootID\":\"state\"}_{}","Output":"=== RUN   TestAuxiliaryCLIStrictJSONRefusesBeforeDispatch/{\"rootID\":\"state\"}_{}\n","OutputType":"frame"}
{"Time":"2026-09-08T08:38:21.309463928+03:00","Action":"output","Package":"virmill.local/core/internal/ui/tui","Test":"TestAuxiliaryTUIFailuresClearStaleMetadataAndApproval/native-error","Output":"--- PASS: TestAuxiliaryTUIFailuresClearStaleMetadataAndApproval/native-error (0.00s)\n","OutputType":"frame"}
{"Time":"2026-09-08T08:38:21.309477248+03:00","Action":"pass","Package":"virmill.local/core/internal/ui/tui","Test":"TestAuxiliaryTUIFailuresClearStaleMetadataAndApproval/native-error","Elapsed":0}
{"Time":"2026-09-08T08:38:21.309483806+03:00","Action":"output","Package":"virmill.local/core/internal/ui/cli","Test":"TestAuxiliaryCLIStrictJSONRefusesBeforeDispatch/{\"rootID\":\"state\"}_{}","Output":"--- PASS: TestAuxiliaryCLIStrictJSONRefusesBeforeDispatch/{\"rootID\":\"state\"}_{} (0.00s)\n","OutputType":"frame"}
{"Time":"2026-09-08T08:38:21.309489433+03:00","Action":"run","Package":"virmill.local/core/internal/ui/tui","Test":"TestAuxiliaryTUIFailuresClearStaleMetadataAndApproval/helper-denied"}
{"Time":"2026-09-08T08:38:21.309490848+03:00","Action":"output","Package":"virmill.local/core/internal/ui/tui","Test":"TestAuxiliaryTUIFailuresClearStaleMetadataAndApproval/helper-denied","Output":"=== RUN   TestAuxiliaryTUIFailuresClearStaleMetadataAndApproval/helper-denied\n","OutputType":"frame"}
{"Time":"2026-09-08T08:38:21.30949377+03:00","Action":"pass","Package":"virmill.local/core/internal/ui/cli","Test":"TestAuxiliaryCLIStrictJSONRefusesBeforeDispatch/{\"rootID\":\"state\"}_{}","Elapsed":0}
{"Time":"2026-09-08T08:38:21.30951862+03:00","Action":"output","Package":"virmill.local/core/internal/ui/cli","Test":"TestAuxiliaryCLIStrictJSONRefusesBeforeDispatch","Output":"--- PASS: TestAuxiliaryCLIStrictJSONRefusesBeforeDispatch (0.00s)\n","OutputType":"frame"}
{"Time":"2026-09-08T08:38:21.309529973+03:00","Action":"pass","Package":"virmill.local/core/internal/ui/cli","Test":"TestAuxiliaryCLIStrictJSONRefusesBeforeDispatch","Elapsed":0}
{"Time":"2026-09-08T08:38:21.309540845+03:00","Action":"run","Package":"virmill.local/core/internal/ui/cli","Test":"TestVersionedCaptureCLIDeclarationAndTamperedAuxiliaryMember"}
{"Time":"2026-09-08T08:38:21.309543099+03:00","Action":"output","Package":"virmill.local/core/internal/ui/cli","Test":"TestVersionedCaptureCLIDeclarationAndTamperedAuxiliaryMember","Output":"=== RUN   TestVersionedCaptureCLIDeclarationAndTamperedAuxiliaryMember\n","OutputType":"frame"}
{"Time":"2026-09-08T08:38:21.312354015+03:00","Action":"output","Package":"virmill.local/core/internal/ui/tui","Test":"TestAuxiliaryTUIFailuresClearStaleMetadataAndApproval/helper-denied","Output":"--- PASS: TestAuxiliaryTUIFailuresClearStaleMetadataAndApproval/helper-denied (0.00s)\n","OutputType":"frame"}
{"Time":"2026-09-08T08:38:21.312374697+03:00","Action":"pass","Package":"virmill.local/core/internal/ui/tui","Test":"TestAuxiliaryTUIFailuresClearStaleMetadataAndApproval/helper-denied","Elapsed":0}
{"Time":"2026-09-08T08:38:21.31238817+03:00","Action":"run","Package":"virmill.local/core/internal/ui/tui","Test":"TestAuxiliaryTUIFailuresClearStaleMetadataAndApproval/source-change"}
{"Time":"2026-09-08T08:38:21.312389775+03:00","Action":"output","Package":"virmill.local/core/internal/ui/tui","Test":"TestAuxiliaryTUIFailuresClearStaleMetadataAndApproval/source-change","Output":"=== RUN   TestAuxiliaryTUIFailuresClearStaleMetadataAndApproval/source-change\n","OutputType":"frame"}
{"Time":"2026-09-08T08:38:21.316527171+03:00","Action":"output","Package":"virmill.local/core/internal/ui/tui","Test":"TestAuxiliaryTUIFailuresClearStaleMetadataAndApproval/source-change","Output":"--- PASS: TestAuxiliaryTUIFailuresClearStaleMetadataAndApproval/source-change (0.00s)\n","OutputType":"frame"}
{"Time":"2026-09-08T08:38:21.316541462+03:00","Action":"pass","Package":"virmill.local/core/internal/ui/tui","Test":"TestAuxiliaryTUIFailuresClearStaleMetadataAndApproval/source-change","Elapsed":0}
{"Time":"2026-09-08T08:38:21.316559713+03:00","Action":"run","Package":"virmill.local/core/internal/ui/tui","Test":"TestAuxiliaryTUIFailuresClearStaleMetadataAndApproval/pre-cancel"}
{"Time":"2026-09-08T08:38:21.316561299+03:00","Action":"output","Package":"virmill.local/core/internal/ui/tui","Test":"TestAuxiliaryTUIFailuresClearStaleMetadataAndApproval/pre-cancel","Output":"=== RUN   TestAuxiliaryTUIFailuresClearStaleMetadataAndApproval/pre-cancel\n","OutputType":"frame"}
{"Time":"2026-09-08T08:38:21.318769393+03:00","Action":"output","Package":"virmill.local/core/internal/ui/tui","Test":"TestAuxiliaryTUIFailuresClearStaleMetadataAndApproval/pre-cancel","Output":"--- PASS: TestAuxiliaryTUIFailuresClearStaleMetadataAndApproval/pre-cancel (0.00s)\n","OutputType":"frame"}
{"Time":"2026-09-08T08:38:21.318788601+03:00","Action":"pass","Package":"virmill.local/core/internal/ui/tui","Test":"TestAuxiliaryTUIFailuresClearStaleMetadataAndApproval/pre-cancel","Elapsed":0}
{"Time":"2026-09-08T08:38:21.318812296+03:00","Action":"run","Package":"virmill.local/core/internal/ui/tui","Test":"TestAuxiliaryTUIFailuresClearStaleMetadataAndApproval/post-cancel"}
{"Time":"2026-09-08T08:38:21.318814642+03:00","Action":"output","Package":"virmill.local/core/internal/ui/tui","Test":"TestAuxiliaryTUIFailuresClearStaleMetadataAndApproval/post-cancel","Output":"=== RUN   TestAuxiliaryTUIFailuresClearStaleMetadataAndApproval/post-cancel\n","OutputType":"frame"}
{"Time":"2026-09-08T08:38:21.322762962+03:00","Action":"output","Package":"virmill.local/core/internal/ui/tui","Test":"TestAuxiliaryTUIFailuresClearStaleMetadataAndApproval/post-cancel","Output":"--- PASS: TestAuxiliaryTUIFailuresClearStaleMetadataAndApproval/post-cancel (0.00s)\n","OutputType":"frame"}
{"Time":"2026-09-08T08:38:21.322776379+03:00","Action":"pass","Package":"virmill.local/core/internal/ui/tui","Test":"TestAuxiliaryTUIFailuresClearStaleMetadataAndApproval/post-cancel","Elapsed":0}
{"Time":"2026-09-08T08:38:21.322797863+03:00","Action":"run","Package":"virmill.local/core/internal/ui/tui","Test":"TestAuxiliaryTUIFailuresClearStaleMetadataAndApproval/transport"}
{"Time":"2026-09-08T08:38:21.322799449+03:00","Action":"output","Package":"virmill.local/core/internal/ui/tui","Test":"TestAuxiliaryTUIFailuresClearStaleMetadataAndApproval/transport","Output":"=== RUN   TestAuxiliaryTUIFailuresClearStaleMetadataAndApproval/transport\n","OutputType":"frame"}
{"Time":"2026-09-08T08:38:21.324995088+03:00","Action":"output","Package":"virmill.local/core/internal/ui/tui","Test":"TestAuxiliaryTUIFailuresClearStaleMetadataAndApproval/transport","Output":"--- PASS: TestAuxiliaryTUIFailuresClearStaleMetadataAndApproval/transport (0.00s)\n","OutputType":"frame"}
{"Time":"2026-09-08T08:38:21.325004742+03:00","Action":"pass","Package":"virmill.local/core/internal/ui/tui","Test":"TestAuxiliaryTUIFailuresClearStaleMetadataAndApproval/transport","Elapsed":0}
{"Time":"2026-09-08T08:38:21.325040368+03:00","Action":"output","Package":"virmill.local/core/internal/ui/tui","Test":"TestAuxiliaryTUIFailuresClearStaleMetadataAndApproval","Output":"--- PASS: TestAuxiliaryTUIFailuresClearStaleMetadataAndApproval (0.04s)\n","OutputType":"frame"}
{"Time":"2026-09-08T08:38:21.325053559+03:00","Action":"pass","Package":"virmill.local/core/internal/ui/tui","Test":"TestAuxiliaryTUIFailuresClearStaleMetadataAndApproval","Elapsed":0.04}
{"Time":"2026-09-08T08:38:21.325069745+03:00","Action":"run","Package":"virmill.local/core/internal/ui/tui","Test":"TestAuxiliaryTUIStrictJSONAndEscapeNeverDispatch"}
{"Time":"2026-09-08T08:38:21.325071715+03:00","Action":"output","Package":"virmill.local/core/internal/ui/tui","Test":"TestAuxiliaryTUIStrictJSONAndEscapeNeverDispatch","Output":"=== RUN   TestAuxiliaryTUIStrictJSONAndEscapeNeverDispatch\n","OutputType":"frame"}
{"Time":"2026-09-08T08:38:21.325103721+03:00","Action":"run","Package":"virmill.local/core/internal/ui/tui","Test":"TestAuxiliaryTUIStrictJSONAndEscapeNeverDispatch/12345678-1234-4234-8234-123456789abc"}
{"Time":"2026-09-08T08:38:21.325105503+03:00","Action":"output","Package":"virmill.local/core/internal/ui/tui","Test":"TestAuxiliaryTUIStrictJSONAndEscapeNeverDispatch/12345678-1234-4234-8234-123456789abc","Output":"=== RUN   TestAuxiliaryTUIStrictJSONAndEscapeNeverDispatch/12345678-1234-4234-8234-123456789abc\n","OutputType":"frame"}
{"Time":"2026-09-08T08:38:21.326566208+03:00","Action":"output","Package":"virmill.local/core/internal/ui/tui","Test":"TestAuxiliaryTUIStrictJSONAndEscapeNeverDispatch/12345678-1234-4234-8234-123456789abc","Output":"--- PASS: TestAuxiliaryTUIStrictJSONAndEscapeNeverDispatch/12345678-1234-4234-8234-123456789abc (0.00s)\n","OutputType":"frame"}
{"Time":"2026-09-08T08:38:21.326585476+03:00","Action":"pass","Package":"virmill.local/core/internal/ui/tui","Test":"TestAuxiliaryTUIStrictJSONAndEscapeNeverDispatch/12345678-1234-4234-8234-123456789abc","Elapsed":0}
{"Time":"2026-09-08T08:38:21.326604656+03:00","Action":"run","Package":"virmill.local/core/internal/ui/tui","Test":"TestAuxiliaryTUIStrictJSONAndEscapeNeverDispatch/{\"id\":\"12345678-1234-4234-8234-123456789abc\",\"id\":\"other\",\"input\":{\"rootID\":\"state\"}}"}
{"Time":"2026-09-08T08:38:21.326606922+03:00","Action":"output","Package":"virmill.local/core/internal/ui/tui","Test":"TestAuxiliaryTUIStrictJSONAndEscapeNeverDispatch/{\"id\":\"12345678-1234-4234-8234-123456789abc\",\"id\":\"other\",\"input\":{\"rootID\":\"state\"}}","Output":"=== RUN   TestAuxiliaryTUIStrictJSONAndEscapeNeverDispatch/{\"id\":\"12345678-1234-4234-8234-123456789abc\",\"id\":\"other\",\"input\":{\"rootID\":\"state\"}}\n","OutputType":"frame"}
{"Time":"2026-09-08T08:38:21.328044056+03:00","Action":"output","Package":"virmill.local/core/internal/ui/tui","Test":"TestAuxiliaryTUIStrictJSONAndEscapeNeverDispatch/{\"id\":\"12345678-1234-4234-8234-123456789abc\",\"id\":\"other\",\"input\":{\"rootID\":\"state\"}}","Output":"--- PASS: TestAuxiliaryTUIStrictJSONAndEscapeNeverDispatch/{\"id\":\"12345678-1234-4234-8234-123456789abc\",\"id\":\"other\",\"input\":{\"rootID\":\"state\"}} (0.00s)\n","OutputType":"frame"}
{"Time":"2026-09-08T08:38:21.328061765+03:00","Action":"pass","Package":"virmill.local/core/internal/ui/tui","Test":"TestAuxiliaryTUIStrictJSONAndEscapeNeverDispatch/{\"id\":\"12345678-1234-4234-8234-123456789abc\",\"id\":\"other\",\"input\":{\"rootID\":\"state\"}}","Elapsed":0}
{"Time":"2026-09-08T08:38:21.328086746+03:00","Action":"run","Package":"virmill.local/core/internal/ui/tui","Test":"TestAuxiliaryTUIStrictJSONAndEscapeNeverDispatch/{\"id\":\"12345678-1234-4234-8234-123456789abc\",\"input\":{\"rootID\":\"state\",\"rootID\":\"other\"}}"}
{"Time":"2026-09-08T08:38:21.328088916+03:00","Action":"output","Package":"virmill.local/core/internal/ui/tui","Test":"TestAuxiliaryTUIStrictJSONAndEscapeNeverDispatch/{\"id\":\"12345678-1234-4234-8234-123456789abc\",\"input\":{\"rootID\":\"state\",\"rootID\":\"other\"}}","Output":"=== RUN   TestAuxiliaryTUIStrictJSONAndEscapeNeverDispatch/{\"id\":\"12345678-1234-4234-8234-123456789abc\",\"input\":{\"rootID\":\"state\",\"rootID\":\"other\"}}\n","OutputType":"frame"}
{"Time":"2026-09-08T08:38:21.329583239+03:00","Action":"output","Package":"virmill.local/core/internal/ui/tui","Test":"TestAuxiliaryTUIStrictJSONAndEscapeNeverDispatch/{\"id\":\"12345678-1234-4234-8234-123456789abc\",\"input\":{\"rootID\":\"state\",\"rootID\":\"other\"}}","Output":"--- PASS: TestAuxiliaryTUIStrictJSONAndEscapeNeverDispatch/{\"id\":\"12345678-1234-4234-8234-123456789abc\",\"input\":{\"rootID\":\"state\",\"rootID\":\"other\"}} (0.00s)\n","OutputType":"frame"}
{"Time":"2026-09-08T08:38:21.32960412+03:00","Action":"pass","Package":"virmill.local/core/internal/ui/tui","Test":"TestAuxiliaryTUIStrictJSONAndEscapeNeverDispatch/{\"id\":\"12345678-1234-4234-8234-123456789abc\",\"input\":{\"rootID\":\"state\",\"rootID\":\"other\"}}","Elapsed":0}
{"Time":"2026-09-08T08:38:21.329633962+03:00","Action":"run","Package":"virmill.local/core/internal/ui/tui","Test":"TestAuxiliaryTUIStrictJSONAndEscapeNeverDispatch/{\"id\":\"12345678-1234-4234-8234-123456789abc\",\"input\":{\"rootID\":\"state\"},\"apply\":{}}"}
{"Time":"2026-09-08T08:38:21.329636204+03:00","Action":"output","Package":"virmill.local/core/internal/ui/tui","Test":"TestAuxiliaryTUIStrictJSONAndEscapeNeverDispatch/{\"id\":\"12345678-1234-4234-8234-123456789abc\",\"input\":{\"rootID\":\"state\"},\"apply\":{}}","Output":"=== RUN   TestAuxiliaryTUIStrictJSONAndEscapeNeverDispatch/{\"id\":\"12345678-1234-4234-8234-123456789abc\",\"input\":{\"rootID\":\"state\"},\"apply\":{}}\n","OutputType":"frame"}
{"Time":"2026-09-08T08:38:21.330118298+03:00","Action":"output","Package":"virmill.local/core/internal/ui/cli","Test":"TestVersionedCaptureCLIDeclarationAndTamperedAuxiliaryMember","Output":"--- PASS: TestVersionedCaptureCLIDeclarationAndTamperedAuxiliaryMember (0.02s)\n","OutputType":"frame"}
{"Time":"2026-09-08T08:38:21.330145879+03:00","Action":"pass","Package":"virmill.local/core/internal/ui/cli","Test":"TestVersionedCaptureCLIDeclarationAndTamperedAuxiliaryMember","Elapsed":0.02}
{"Time":"2026-09-08T08:38:21.330154316+03:00","Action":"run","Package":"virmill.local/core/internal/ui/cli","Test":"TestCreationEstimateCLIShowsAndReusesPersistedReview"}
{"Time":"2026-09-08T08:38:21.330158644+03:00","Action":"output","Package":"virmill.local/core/internal/ui/cli","Test":"TestCreationEstimateCLIShowsAndReusesPersistedReview","Output":"=== RUN   TestCreationEstimateCLIShowsAndReusesPersistedReview\n","OutputType":"frame"}
{"Time":"2026-09-08T08:38:21.330164618+03:00","Action":"run","Package":"virmill.local/core/internal/ui/cli","Test":"TestCreationEstimateCLIShowsAndReusesPersistedReview/table"}
{"Time":"2026-09-08T08:38:21.330168648+03:00","Action":"output","Package":"virmill.local/core/internal/ui/cli","Test":"TestCreationEstimateCLIShowsAndReusesPersistedReview/table","Output":"=== RUN   TestCreationEstimateCLIShowsAndReusesPersistedReview/table\n","OutputType":"frame"}
{"Time":"2026-09-08T08:38:21.331217995+03:00","Action":"output","Package":"virmill.local/core/internal/ui/tui","Test":"TestAuxiliaryTUIStrictJSONAndEscapeNeverDispatch/{\"id\":\"12345678-1234-4234-8234-123456789abc\",\"input\":{\"rootID\":\"state\"},\"apply\":{}}","Output":"--- PASS: TestAuxiliaryTUIStrictJSONAndEscapeNeverDispatch/{\"id\":\"12345678-1234-4234-8234-123456789abc\",\"input\":{\"rootID\":\"state\"},\"apply\":{}} (0.00s)\n","OutputType":"frame"}
{"Time":"2026-09-08T08:38:21.331231335+03:00","Action":"pass","Package":"virmill.local/core/internal/ui/tui","Test":"TestAuxiliaryTUIStrictJSONAndEscapeNeverDispatch/{\"id\":\"12345678-1234-4234-8234-123456789abc\",\"input\":{\"rootID\":\"state\"},\"apply\":{}}","Elapsed":0}
{"Time":"2026-09-08T08:38:21.331240998+03:00","Action":"run","Package":"virmill.local/core/internal/ui/tui","Test":"TestAuxiliaryTUIStrictJSONAndEscapeNeverDispatch/{\"id\":"}
{"Time":"2026-09-08T08:38:21.331242979+03:00","Action":"output","Package":"virmill.local/core/internal/ui/tui","Test":"TestAuxiliaryTUIStrictJSONAndEscapeNeverDispatch/{\"id\":","Output":"=== RUN   TestAuxiliaryTUIStrictJSONAndEscapeNeverDispatch/{\"id\":\n","OutputType":"frame"}
{"Time":"2026-09-08T08:38:21.332628544+03:00","Action":"output","Package":"virmill.local/core/internal/ui/tui","Test":"TestAuxiliaryTUIStrictJSONAndEscapeNeverDispatch/{\"id\":","Output":"--- PASS: TestAuxiliaryTUIStrictJSONAndEscapeNeverDispatch/{\"id\": (0.00s)\n","OutputType":"frame"}
{"Time":"2026-09-08T08:38:21.332642156+03:00","Action":"pass","Package":"virmill.local/core/internal/ui/tui","Test":"TestAuxiliaryTUIStrictJSONAndEscapeNeverDispatch/{\"id\":","Elapsed":0}
{"Time":"2026-09-08T08:38:21.333053818+03:00","Action":"output","Package":"virmill.local/core/internal/ui/tui","Test":"TestAuxiliaryTUIStrictJSONAndEscapeNeverDispatch","Output":"--- PASS: TestAuxiliaryTUIStrictJSONAndEscapeNeverDispatch (0.01s)\n","OutputType":"frame"}
{"Time":"2026-09-08T08:38:21.333061838+03:00","Action":"pass","Package":"virmill.local/core/internal/ui/tui","Test":"TestAuxiliaryTUIStrictJSONAndEscapeNeverDispatch","Elapsed":0.01}
{"Time":"2026-09-08T08:38:21.333085825+03:00","Action":"run","Package":"virmill.local/core/internal/ui/tui","Test":"TestVersionedCaptureTUIIncludesAuxiliaryVerificationAndClearsSuccess"}
{"Time":"2026-09-08T08:38:21.333088007+03:00","Action":"output","Package":"virmill.local/core/internal/ui/tui","Test":"TestVersionedCaptureTUIIncludesAuxiliaryVerificationAndClearsSuccess","Output":"=== RUN   TestVersionedCaptureTUIIncludesAuxiliaryVerificationAndClearsSuccess\n","OutputType":"frame"}
{"Time":"2026-09-08T08:38:21.350847+03:00","Action":"output","Package":"virmill.local/core/internal/ui/tui","Test":"TestVersionedCaptureTUIIncludesAuxiliaryVerificationAndClearsSuccess","Output":"--- PASS: TestVersionedCaptureTUIIncludesAuxiliaryVerificationAndClearsSuccess (0.02s)\n","OutputType":"frame"}
{"Time":"2026-09-08T08:38:21.3508825+03:00","Action":"pass","Package":"virmill.local/core/internal/ui/tui","Test":"TestVersionedCaptureTUIIncludesAuxiliaryVerificationAndClearsSuccess","Elapsed":0.02}
{"Time":"2026-09-08T08:38:21.350892031+03:00","Action":"run","Package":"virmill.local/core/internal/ui/tui","Test":"TestCreationEstimateTUIShowsPagedSharedReviewAndReusesDigest"}
{"Time":"2026-09-08T08:38:21.35089515+03:00","Action":"output","Package":"virmill.local/core/internal/ui/tui","Test":"TestCreationEstimateTUIShowsPagedSharedReviewAndReusesDigest","Output":"=== RUN   TestCreationEstimateTUIShowsPagedSharedReviewAndReusesDigest\n","OutputType":"frame"}
{"Time":"2026-09-08T08:38:21.370621994+03:00","Action":"output","Package":"virmill.local/core/internal/ui/cli","Test":"TestCreationEstimateCLIShowsAndReusesPersistedReview/table","Output":"--- PASS: TestCreationEstimateCLIShowsAndReusesPersistedReview/table (0.04s)\n","OutputType":"frame"}
{"Time":"2026-09-08T08:38:21.370653183+03:00","Action":"pass","Package":"virmill.local/core/internal/ui/cli","Test":"TestCreationEstimateCLIShowsAndReusesPersistedReview/table","Elapsed":0.04}
{"Time":"2026-09-08T08:38:21.370659104+03:00","Action":"run","Package":"virmill.local/core/internal/ui/cli","Test":"TestCreationEstimateCLIShowsAndReusesPersistedReview/json"}
{"Time":"2026-09-08T08:38:21.370660791+03:00","Action":"output","Package":"virmill.local/core/internal/ui/cli","Test":"TestCreationEstimateCLIShowsAndReusesPersistedReview/json","Output":"=== RUN   TestCreationEstimateCLIShowsAndReusesPersistedReview/json\n","OutputType":"frame"}
{"Time":"2026-09-08T08:38:21.409783309+03:00","Action":"output","Package":"virmill.local/core/internal/ui/cli","Test":"TestCreationEstimateCLIShowsAndReusesPersistedReview/json","Output":"--- PASS: TestCreationEstimateCLIShowsAndReusesPersistedReview/json (0.04s)\n","OutputType":"frame"}
{"Time":"2026-09-08T08:38:21.409823713+03:00","Action":"pass","Package":"virmill.local/core/internal/ui/cli","Test":"TestCreationEstimateCLIShowsAndReusesPersistedReview/json","Elapsed":0.04}
{"Time":"2026-09-08T08:38:21.409833053+03:00","Action":"run","Package":"virmill.local/core/internal/ui/cli","Test":"TestCreationEstimateCLIShowsAndReusesPersistedReview/ndjson"}
{"Time":"2026-09-08T08:38:21.409842636+03:00","Action":"output","Package":"virmill.local/core/internal/ui/cli","Test":"TestCreationEstimateCLIShowsAndReusesPersistedReview/ndjson","Output":"=== RUN   TestCreationEstimateCLIShowsAndReusesPersistedReview/ndjson\n","OutputType":"frame"}
{"Time":"2026-09-08T08:38:21.443789357+03:00","Action":"output","Package":"virmill.local/core/internal/ui/cli","Test":"TestCreationEstimateCLIShowsAndReusesPersistedReview/ndjson","Output":"--- PASS: TestCreationEstimateCLIShowsAndReusesPersistedReview/ndjson (0.03s)\n","OutputType":"frame"}
{"Time":"2026-09-08T08:38:21.44383839+03:00","Action":"pass","Package":"virmill.local/core/internal/ui/cli","Test":"TestCreationEstimateCLIShowsAndReusesPersistedReview/ndjson","Elapsed":0.03}
{"Time":"2026-09-08T08:38:21.443855724+03:00","Action":"output","Package":"virmill.local/core/internal/ui/cli","Test":"TestCreationEstimateCLIShowsAndReusesPersistedReview","Output":"--- PASS: TestCreationEstimateCLIShowsAndReusesPersistedReview (0.11s)\n","OutputType":"frame"}
{"Time":"2026-09-08T08:38:21.443875118+03:00","Action":"pass","Package":"virmill.local/core/internal/ui/cli","Test":"TestCreationEstimateCLIShowsAndReusesPersistedReview","Elapsed":0.11}
{"Time":"2026-09-08T08:38:21.443913177+03:00","Action":"run","Package":"virmill.local/core/internal/ui/cli","Test":"TestCreationEstimateCLIFailuresDoNotPrintSuccessfulEstimate"}
{"Time":"2026-09-08T08:38:21.443930526+03:00","Action":"output","Package":"virmill.local/core/internal/ui/cli","Test":"TestCreationEstimateCLIFailuresDoNotPrintSuccessfulEstimate","Output":"=== RUN   TestCreationEstimateCLIFailuresDoNotPrintSuccessfulEstimate\n","OutputType":"frame"}
{"Time":"2026-09-08T08:38:21.443954206+03:00","Action":"run","Package":"virmill.local/core/internal/ui/cli","Test":"TestCreationEstimateCLIFailuresDoNotPrintSuccessfulEstimate/preflight-error"}
{"Time":"2026-09-08T08:38:21.443959095+03:00","Action":"output","Package":"virmill.local/core/internal/ui/cli","Test":"TestCreationEstimateCLIFailuresDoNotPrintSuccessfulEstimate/preflight-error","Output":"=== RUN   TestCreationEstimateCLIFailuresDoNotPrintSuccessfulEstimate/preflight-error\n","OutputType":"frame"}
{"Time":"2026-09-08T08:38:21.465358953+03:00","Action":"output","Package":"virmill.local/core/internal/ui/cli","Test":"TestCreationEstimateCLIFailuresDoNotPrintSuccessfulEstimate/preflight-error","Output":"--- PASS: TestCreationEstimateCLIFailuresDoNotPrintSuccessfulEstimate/preflight-error (0.02s)\n","OutputType":"frame"}
{"Time":"2026-09-08T08:38:21.465399383+03:00","Action":"pass","Package":"virmill.local/core/internal/ui/cli","Test":"TestCreationEstimateCLIFailuresDoNotPrintSuccessfulEstimate/preflight-error","Elapsed":0.02}
{"Time":"2026-09-08T08:38:21.465408239+03:00","Action":"run","Package":"virmill.local/core/internal/ui/cli","Test":"TestCreationEstimateCLIFailuresDoNotPrintSuccessfulEstimate/canceled-creation"}
{"Time":"2026-09-08T08:38:21.465411818+03:00","Action":"output","Package":"virmill.local/core/internal/ui/cli","Test":"TestCreationEstimateCLIFailuresDoNotPrintSuccessfulEstimate/canceled-creation","Output":"=== RUN   TestCreationEstimateCLIFailuresDoNotPrintSuccessfulEstimate/canceled-creation\n","OutputType":"frame"}
{"Time":"2026-09-08T08:38:21.483072403+03:00","Action":"output","Package":"virmill.local/core/internal/ui/cli","Test":"TestCreationEstimateCLIFailuresDoNotPrintSuccessfulEstimate/canceled-creation","Output":"--- PASS: TestCreationEstimateCLIFailuresDoNotPrintSuccessfulEstimate/canceled-creation (0.02s)\n","OutputType":"frame"}
{"Time":"2026-09-08T08:38:21.483105593+03:00","Action":"pass","Package":"virmill.local/core/internal/ui/cli","Test":"TestCreationEstimateCLIFailuresDoNotPrintSuccessfulEstimate/canceled-creation","Elapsed":0.02}
{"Time":"2026-09-08T08:38:21.483113212+03:00","Action":"run","Package":"virmill.local/core/internal/ui/cli","Test":"TestCreationEstimateCLIFailuresDoNotPrintSuccessfulEstimate/canceled-plan-show"}
{"Time":"2026-09-08T08:38:21.483114854+03:00","Action":"output","Package":"virmill.local/core/internal/ui/cli","Test":"TestCreationEstimateCLIFailuresDoNotPrintSuccessfulEstimate/canceled-plan-show","Output":"=== RUN   TestCreationEstimateCLIFailuresDoNotPrintSuccessfulEstimate/canceled-plan-show\n","OutputType":"frame"}
{"Time":"2026-09-08T08:38:21.486441369+03:00","Action":"output","Package":"virmill.local/core/internal/ui/tui","Test":"TestCreationEstimateTUIShowsPagedSharedReviewAndReusesDigest","Output":"--- PASS: TestCreationEstimateTUIShowsPagedSharedReviewAndReusesDigest (0.14s)\n","OutputType":"frame"}
{"Time":"2026-09-08T08:38:21.48645664+03:00","Action":"pass","Package":"virmill.local/core/internal/ui/tui","Test":"TestCreationEstimateTUIShowsPagedSharedReviewAndReusesDigest","Elapsed":0.14}
{"Time":"2026-09-08T08:38:21.486480092+03:00","Action":"run","Package":"virmill.local/core/internal/ui/tui","Test":"TestCreationEstimateTUIFailuresClearStaleBudgetAndApproval"}
{"Time":"2026-09-08T08:38:21.48648896+03:00","Action":"output","Package":"virmill.local/core/internal/ui/tui","Test":"TestCreationEstimateTUIFailuresClearStaleBudgetAndApproval","Output":"=== RUN   TestCreationEstimateTUIFailuresClearStaleBudgetAndApproval\n","OutputType":"frame"}
{"Time":"2026-09-08T08:38:21.486510578+03:00","Action":"run","Package":"virmill.local/core/internal/ui/tui","Test":"TestCreationEstimateTUIFailuresClearStaleBudgetAndApproval/preflight-error"}
{"Time":"2026-09-08T08:38:21.486513629+03:00","Action":"output","Package":"virmill.local/core/internal/ui/tui","Test":"TestCreationEstimateTUIFailuresClearStaleBudgetAndApproval/preflight-error","Output":"=== RUN   TestCreationEstimateTUIFailuresClearStaleBudgetAndApproval/preflight-error\n","OutputType":"frame"}
{"Time":"2026-09-08T08:38:21.503382911+03:00","Action":"output","Package":"virmill.local/core/internal/ui/cli","Test":"TestCreationEstimateCLIFailuresDoNotPrintSuccessfulEstimate/canceled-plan-show","Output":"--- PASS: TestCreationEstimateCLIFailuresDoNotPrintSuccessfulEstimate/canceled-plan-show (0.02s)\n","OutputType":"frame"}
{"Time":"2026-09-08T08:38:21.50341638+03:00","Action":"pass","Package":"virmill.local/core/internal/ui/cli","Test":"TestCreationEstimateCLIFailuresDoNotPrintSuccessfulEstimate/canceled-plan-show","Elapsed":0.02}
{"Time":"2026-09-08T08:38:21.503429355+03:00","Action":"run","Package":"virmill.local/core/internal/ui/cli","Test":"TestCreationEstimateCLIFailuresDoNotPrintSuccessfulEstimate/transport-error"}
{"Time":"2026-09-08T08:38:21.50343139+03:00","Action":"output","Package":"virmill.local/core/internal/ui/cli","Test":"TestCreationEstimateCLIFailuresDoNotPrintSuccessfulEstimate/transport-error","Output":"=== RUN   TestCreationEstimateCLIFailuresDoNotPrintSuccessfulEstimate/transport-error\n","OutputType":"frame"}
{"Time":"2026-09-08T08:38:21.508074286+03:00","Action":"output","Package":"virmill.local/core/internal/ui/tui","Test":"TestCreationEstimateTUIFailuresClearStaleBudgetAndApproval/preflight-error","Output":"--- PASS: TestCreationEstimateTUIFailuresClearStaleBudgetAndApproval/preflight-error (0.02s)\n","OutputType":"frame"}
{"Time":"2026-09-08T08:38:21.508101375+03:00","Action":"pass","Package":"virmill.local/core/internal/ui/tui","Test":"TestCreationEstimateTUIFailuresClearStaleBudgetAndApproval/preflight-error","Elapsed":0.02}
{"Time":"2026-09-08T08:38:21.508165038+03:00","Action":"run","Package":"virmill.local/core/internal/ui/tui","Test":"TestCreationEstimateTUIFailuresClearStaleBudgetAndApproval/canceled-creation"}
{"Time":"2026-09-08T08:38:21.508177935+03:00","Action":"output","Package":"virmill.local/core/internal/ui/tui","Test":"TestCreationEstimateTUIFailuresClearStaleBudgetAndApproval/canceled-creation","Output":"=== RUN   TestCreationEstimateTUIFailuresClearStaleBudgetAndApproval/canceled-creation\n","OutputType":"frame"}
{"Time":"2026-09-08T08:38:21.523830038+03:00","Action":"output","Package":"virmill.local/core/internal/ui/cli","Test":"TestCreationEstimateCLIFailuresDoNotPrintSuccessfulEstimate/transport-error","Output":"--- PASS: TestCreationEstimateCLIFailuresDoNotPrintSuccessfulEstimate/transport-error (0.02s)\n","OutputType":"frame"}
{"Time":"2026-09-08T08:38:21.523858395+03:00","Action":"pass","Package":"virmill.local/core/internal/ui/cli","Test":"TestCreationEstimateCLIFailuresDoNotPrintSuccessfulEstimate/transport-error","Elapsed":0.02}
{"Time":"2026-09-08T08:38:21.523865303+03:00","Action":"run","Package":"virmill.local/core/internal/ui/cli","Test":"TestCreationEstimateCLIFailuresDoNotPrintSuccessfulEstimate/missing-plan"}
{"Time":"2026-09-08T08:38:21.523867034+03:00","Action":"output","Package":"virmill.local/core/internal/ui/cli","Test":"TestCreationEstimateCLIFailuresDoNotPrintSuccessfulEstimate/missing-plan","Output":"=== RUN   TestCreationEstimateCLIFailuresDoNotPrintSuccessfulEstimate/missing-plan\n","OutputType":"frame"}
{"Time":"2026-09-08T08:38:21.529344647+03:00","Action":"output","Package":"virmill.local/core/internal/ui/tui","Test":"TestCreationEstimateTUIFailuresClearStaleBudgetAndApproval/canceled-creation","Output":"--- PASS: TestCreationEstimateTUIFailuresClearStaleBudgetAndApproval/canceled-creation (0.02s)\n","OutputType":"frame"}
{"Time":"2026-09-08T08:38:21.529373372+03:00","Action":"pass","Package":"virmill.local/core/internal/ui/tui","Test":"TestCreationEstimateTUIFailuresClearStaleBudgetAndApproval/canceled-creation","Elapsed":0.02}
{"Time":"2026-09-08T08:38:21.529378087+03:00","Action":"run","Package":"virmill.local/core/internal/ui/tui","Test":"TestCreationEstimateTUIFailuresClearStaleBudgetAndApproval/canceled-plan-show"}
{"Time":"2026-09-08T08:38:21.52937975+03:00","Action":"output","Package":"virmill.local/core/internal/ui/tui","Test":"TestCreationEstimateTUIFailuresClearStaleBudgetAndApproval/canceled-plan-show","Output":"=== RUN   TestCreationEstimateTUIFailuresClearStaleBudgetAndApproval/canceled-plan-show\n","OutputType":"frame"}
{"Time":"2026-09-08T08:38:21.541524515+03:00","Action":"output","Package":"virmill.local/core/internal/ui/cli","Test":"TestCreationEstimateCLIFailuresDoNotPrintSuccessfulEstimate/missing-plan","Output":"--- PASS: TestCreationEstimateCLIFailuresDoNotPrintSuccessfulEstimate/missing-plan (0.02s)\n","OutputType":"frame"}
{"Time":"2026-09-08T08:38:21.541549979+03:00","Action":"pass","Package":"virmill.local/core/internal/ui/cli","Test":"TestCreationEstimateCLIFailuresDoNotPrintSuccessfulEstimate/missing-plan","Elapsed":0.02}
{"Time":"2026-09-08T08:38:21.541558361+03:00","Action":"output","Package":"virmill.local/core/internal/ui/cli","Test":"TestCreationEstimateCLIFailuresDoNotPrintSuccessfulEstimate","Output":"--- PASS: TestCreationEstimateCLIFailuresDoNotPrintSuccessfulEstimate (0.10s)\n","OutputType":"frame"}
{"Time":"2026-09-08T08:38:21.541573136+03:00","Action":"pass","Package":"virmill.local/core/internal/ui/cli","Test":"TestCreationEstimateCLIFailuresDoNotPrintSuccessfulEstimate","Elapsed":0.1}
{"Time":"2026-09-08T08:38:21.541593151+03:00","Action":"run","Package":"virmill.local/core/internal/ui/cli","Test":"TestCreationNVRAMCLIReviewAndAuthorization"}
{"Time":"2026-09-08T08:38:21.541595605+03:00","Action":"output","Package":"virmill.local/core/internal/ui/cli","Test":"TestCreationNVRAMCLIReviewAndAuthorization","Output":"=== RUN   TestCreationNVRAMCLIReviewAndAuthorization\n","OutputType":"frame"}
{"Time":"2026-09-08T08:38:21.54161941+03:00","Action":"run","Package":"virmill.local/core/internal/ui/cli","Test":"TestCreationNVRAMCLIReviewAndAuthorization/table"}
{"Time":"2026-09-08T08:38:21.541621135+03:00","Action":"output","Package":"virmill.local/core/internal/ui/cli","Test":"TestCreationNVRAMCLIReviewAndAuthorization/table","Output":"=== RUN   TestCreationNVRAMCLIReviewAndAuthorization/table\n","OutputType":"frame"}
{"Time":"2026-09-08T08:38:21.547642869+03:00","Action":"output","Package":"virmill.local/core/internal/ui/tui","Test":"TestCreationEstimateTUIFailuresClearStaleBudgetAndApproval/canceled-plan-show","Output":"--- PASS: TestCreationEstimateTUIFailuresClearStaleBudgetAndApproval/canceled-plan-show (0.02s)\n","OutputType":"frame"}
{"Time":"2026-09-08T08:38:21.547663588+03:00","Action":"pass","Package":"virmill.local/core/internal/ui/tui","Test":"TestCreationEstimateTUIFailuresClearStaleBudgetAndApproval/canceled-plan-show","Elapsed":0.02}
{"Time":"2026-09-08T08:38:21.547671385+03:00","Action":"run","Package":"virmill.local/core/internal/ui/tui","Test":"TestCreationEstimateTUIFailuresClearStaleBudgetAndApproval/transport-error"}
{"Time":"2026-09-08T08:38:21.54767335+03:00","Action":"output","Package":"virmill.local/core/internal/ui/tui","Test":"TestCreationEstimateTUIFailuresClearStaleBudgetAndApproval/transport-error","Output":"=== RUN   TestCreationEstimateTUIFailuresClearStaleBudgetAndApproval/transport-error\n","OutputType":"frame"}
{"Time":"2026-09-08T08:38:21.57156499+03:00","Action":"output","Package":"virmill.local/core/internal/ui/tui","Test":"TestCreationEstimateTUIFailuresClearStaleBudgetAndApproval/transport-error","Output":"--- PASS: TestCreationEstimateTUIFailuresClearStaleBudgetAndApproval/transport-error (0.02s)\n","OutputType":"frame"}
{"Time":"2026-09-08T08:38:21.57160985+03:00","Action":"pass","Package":"virmill.local/core/internal/ui/tui","Test":"TestCreationEstimateTUIFailuresClearStaleBudgetAndApproval/transport-error","Elapsed":0.02}
{"Time":"2026-09-08T08:38:21.571618025+03:00","Action":"run","Package":"virmill.local/core/internal/ui/tui","Test":"TestCreationEstimateTUIFailuresClearStaleBudgetAndApproval/missing-plan"}
{"Time":"2026-09-08T08:38:21.571621226+03:00","Action":"output","Package":"virmill.local/core/internal/ui/tui","Test":"TestCreationEstimateTUIFailuresClearStaleBudgetAndApproval/missing-plan","Output":"=== RUN   TestCreationEstimateTUIFailuresClearStaleBudgetAndApproval/missing-plan\n","OutputType":"frame"}
{"Time":"2026-09-08T08:38:21.593554395+03:00","Action":"output","Package":"virmill.local/core/internal/ui/cli","Test":"TestCreationNVRAMCLIReviewAndAuthorization/table","Output":"--- PASS: TestCreationNVRAMCLIReviewAndAuthorization/table (0.05s)\n","OutputType":"frame"}
{"Time":"2026-09-08T08:38:21.593595019+03:00","Action":"pass","Package":"virmill.local/core/internal/ui/cli","Test":"TestCreationNVRAMCLIReviewAndAuthorization/table","Elapsed":0.05}
{"Time":"2026-09-08T08:38:21.593605205+03:00","Action":"run","Package":"virmill.local/core/internal/ui/cli","Test":"TestCreationNVRAMCLIReviewAndAuthorization/json"}
{"Time":"2026-09-08T08:38:21.593608089+03:00","Action":"output","Package":"virmill.local/core/internal/ui/cli","Test":"TestCreationNVRAMCLIReviewAndAuthorization/json","Output":"=== RUN   TestCreationNVRAMCLIReviewAndAuthorization/json\n","OutputType":"frame"}
{"Time":"2026-09-08T08:38:21.597097012+03:00","Action":"output","Package":"virmill.local/core/internal/ui/tui","Test":"TestCreationEstimateTUIFailuresClearStaleBudgetAndApproval/missing-plan","Output":"--- PASS: TestCreationEstimateTUIFailuresClearStaleBudgetAndApproval/missing-plan (0.03s)\n","OutputType":"frame"}
{"Time":"2026-09-08T08:38:21.597148837+03:00","Action":"pass","Package":"virmill.local/core/internal/ui/tui","Test":"TestCreationEstimateTUIFailuresClearStaleBudgetAndApproval/missing-plan","Elapsed":0.03}
{"Time":"2026-09-08T08:38:21.597164831+03:00","Action":"output","Package":"virmill.local/core/internal/ui/tui","Test":"TestCreationEstimateTUIFailuresClearStaleBudgetAndApproval","Output":"--- PASS: TestCreationEstimateTUIFailuresClearStaleBudgetAndApproval (0.11s)\n","OutputType":"frame"}
{"Time":"2026-09-08T08:38:21.597191789+03:00","Action":"pass","Package":"virmill.local/core/internal/ui/tui","Test":"TestCreationEstimateTUIFailuresClearStaleBudgetAndApproval","Elapsed":0.11}
{"Time":"2026-09-08T08:38:21.597236863+03:00","Action":"run","Package":"virmill.local/core/internal/ui/tui","Test":"TestCreationEstimateTUIEscapeCancelsAuthorizationWithoutSubmission"}
{"Time":"2026-09-08T08:38:21.597240193+03:00","Action":"output","Package":"virmill.local/core/internal/ui/tui","Test":"TestCreationEstimateTUIEscapeCancelsAuthorizationWithoutSubmission","Output":"=== RUN   TestCreationEstimateTUIEscapeCancelsAuthorizationWithoutSubmission\n","OutputType":"frame"}
{"Time":"2026-09-08T08:38:21.626525994+03:00","Action":"output","Package":"virmill.local/core/internal/ui/tui","Test":"TestCreationEstimateTUIEscapeCancelsAuthorizationWithoutSubmission","Output":"--- PASS: TestCreationEstimateTUIEscapeCancelsAuthorizationWithoutSubmission (0.03s)\n","OutputType":"frame"}
{"Time":"2026-09-08T08:38:21.6266646+03:00","Action":"pass","Package":"virmill.local/core/internal/ui/tui","Test":"TestCreationEstimateTUIEscapeCancelsAuthorizationWithoutSubmission","Elapsed":0.03}
{"Time":"2026-09-08T08:38:21.626685921+03:00","Action":"run","Package":"virmill.local/core/internal/ui/tui","Test":"TestCreationNVRAMTUIReviewAndAuthorization"}
{"Time":"2026-09-08T08:38:21.626691049+03:00","Action":"output","Package":"virmill.local/core/internal/ui/tui","Test":"TestCreationNVRAMTUIReviewAndAuthorization","Output":"=== RUN   TestCreationNVRAMTUIReviewAndAuthorization\n","OutputType":"frame"}
{"Time":"2026-09-08T08:38:21.640506796+03:00","Action":"output","Package":"virmill.local/core/internal/ui/cli","Test":"TestCreationNVRAMCLIReviewAndAuthorization/json","Output":"--- PASS: TestCreationNVRAMCLIReviewAndAuthorization/json (0.05s)\n","OutputType":"frame"}
{"Time":"2026-09-08T08:38:21.640534134+03:00","Action":"pass","Package":"virmill.local/core/internal/ui/cli","Test":"TestCreationNVRAMCLIReviewAndAuthorization/json","Elapsed":0.05}
{"Time":"2026-09-08T08:38:21.640541216+03:00","Action":"run","Package":"virmill.local/core/internal/ui/cli","Test":"TestCreationNVRAMCLIReviewAndAuthorization/ndjson"}
{"Time":"2026-09-08T08:38:21.640542853+03:00","Action":"output","Package":"virmill.local/core/internal/ui/cli","Test":"TestCreationNVRAMCLIReviewAndAuthorization/ndjson","Output":"=== RUN   TestCreationNVRAMCLIReviewAndAuthorization/ndjson\n","OutputType":"frame"}
{"Time":"2026-09-08T08:38:21.683254356+03:00","Action":"output","Package":"virmill.local/core/internal/ui/cli","Test":"TestCreationNVRAMCLIReviewAndAuthorization/ndjson","Output":"--- PASS: TestCreationNVRAMCLIReviewAndAuthorization/ndjson (0.04s)\n","OutputType":"frame"}
{"Time":"2026-09-08T08:38:21.683285237+03:00","Action":"pass","Package":"virmill.local/core/internal/ui/cli","Test":"TestCreationNVRAMCLIReviewAndAuthorization/ndjson","Elapsed":0.04}
{"Time":"2026-09-08T08:38:21.683290812+03:00","Action":"output","Package":"virmill.local/core/internal/ui/cli","Test":"TestCreationNVRAMCLIReviewAndAuthorization","Output":"--- PASS: TestCreationNVRAMCLIReviewAndAuthorization (0.14s)\n","OutputType":"frame"}
{"Time":"2026-09-08T08:38:21.683293187+03:00","Action":"pass","Package":"virmill.local/core/internal/ui/cli","Test":"TestCreationNVRAMCLIReviewAndAuthorization","Elapsed":0.14}
{"Time":"2026-09-08T08:38:21.683314142+03:00","Action":"run","Package":"virmill.local/core/internal/ui/cli","Test":"TestCreationNVRAMCLIResultStages"}
{"Time":"2026-09-08T08:38:21.683316138+03:00","Action":"output","Package":"virmill.local/core/internal/ui/cli","Test":"TestCreationNVRAMCLIResultStages","Output":"=== RUN   TestCreationNVRAMCLIResultStages\n","OutputType":"frame"}
{"Time":"2026-09-08T08:38:21.683367881+03:00","Action":"run","Package":"virmill.local/core/internal/ui/cli","Test":"TestCreationNVRAMCLIResultStages/table/bound"}
{"Time":"2026-09-08T08:38:21.683369755+03:00","Action":"output","Package":"virmill.local/core/internal/ui/cli","Test":"TestCreationNVRAMCLIResultStages/table/bound","Output":"=== RUN   TestCreationNVRAMCLIResultStages/table/bound\n","OutputType":"frame"}
{"Time":"2026-09-08T08:38:21.718358749+03:00","Action":"output","Package":"virmill.local/core/internal/ui/cli","Test":"TestCreationNVRAMCLIResultStages/table/bound","Output":"--- PASS: TestCreationNVRAMCLIResultStages/table/bound (0.03s)\n","OutputType":"frame"}
{"Time":"2026-09-08T08:38:21.718401545+03:00","Action":"pass","Package":"virmill.local/core/internal/ui/cli","Test":"TestCreationNVRAMCLIResultStages/table/bound","Elapsed":0.03}
{"Time":"2026-09-08T08:38:21.718410642+03:00","Action":"run","Package":"virmill.local/core/internal/ui/cli","Test":"TestCreationNVRAMCLIResultStages/table/bound-running"}
{"Time":"2026-09-08T08:38:21.718413622+03:00","Action":"output","Package":"virmill.local/core/internal/ui/cli","Test":"TestCreationNVRAMCLIResultStages/table/bound-running","Output":"=== RUN   TestCreationNVRAMCLIResultStages/table/bound-running\n","OutputType":"frame"}
{"Time":"2026-09-08T08:38:21.749924894+03:00","Action":"output","Package":"virmill.local/core/internal/ui/cli","Test":"TestCreationNVRAMCLIResultStages/table/bound-running","Output":"--- PASS: TestCreationNVRAMCLIResultStages/table/bound-running (0.03s)\n","OutputType":"frame"}
{"Time":"2026-09-08T08:38:21.749962207+03:00","Action":"pass","Package":"virmill.local/core/internal/ui/cli","Test":"TestCreationNVRAMCLIResultStages/table/bound-running","Elapsed":0.03}
{"Time":"2026-09-08T08:38:21.749975718+03:00","Action":"run","Package":"virmill.local/core/internal/ui/cli","Test":"TestCreationNVRAMCLIResultStages/table/pending"}
{"Time":"2026-09-08T08:38:21.749979199+03:00","Action":"output","Package":"virmill.local/core/internal/ui/cli","Test":"TestCreationNVRAMCLIResultStages/table/pending","Output":"=== RUN   TestCreationNVRAMCLIResultStages/table/pending\n","OutputType":"frame"}
{"Time":"2026-09-08T08:38:21.769492452+03:00","Action":"output","Package":"virmill.local/core/internal/ui/tui","Test":"TestCreationNVRAMTUIReviewAndAuthorization","Output":"--- PASS: TestCreationNVRAMTUIReviewAndAuthorization (0.14s)\n","OutputType":"frame"}
{"Time":"2026-09-08T08:38:21.769522462+03:00","Action":"pass","Package":"virmill.local/core/internal/ui/tui","Test":"TestCreationNVRAMTUIReviewAndAuthorization","Elapsed":0.14}
{"Time":"2026-09-08T08:38:21.769562257+03:00","Action":"run","Package":"virmill.local/core/internal/ui/tui","Test":"TestCreationNVRAMTUIResultStages"}
{"Time":"2026-09-08T08:38:21.76957582+03:00","Action":"output","Package":"virmill.local/core/internal/ui/tui","Test":"TestCreationNVRAMTUIResultStages","Output":"=== RUN   TestCreationNVRAMTUIResultStages\n","OutputType":"frame"}
{"Time":"2026-09-08T08:38:21.769625513+03:00","Action":"run","Package":"virmill.local/core/internal/ui/tui","Test":"TestCreationNVRAMTUIResultStages/bound"}
{"Time":"2026-09-08T08:38:21.769632943+03:00","Action":"output","Package":"virmill.local/core/internal/ui/tui","Test":"TestCreationNVRAMTUIResultStages/bound","Output":"=== RUN   TestCreationNVRAMTUIResultStages/bound\n","OutputType":"frame"}
{"Time":"2026-09-08T08:38:21.783431266+03:00","Action":"output","Package":"virmill.local/core/internal/ui/cli","Test":"TestCreationNVRAMCLIResultStages/table/pending","Output":"--- PASS: TestCreationNVRAMCLIResultStages/table/pending (0.03s)\n","OutputType":"frame"}
{"Time":"2026-09-08T08:38:21.7834635+03:00","Action":"pass","Package":"virmill.local/core/internal/ui/cli","Test":"TestCreationNVRAMCLIResultStages/table/pending","Elapsed":0.03}
{"Time":"2026-09-08T08:38:21.783514873+03:00","Action":"run","Package":"virmill.local/core/internal/ui/cli","Test":"TestCreationNVRAMCLIResultStages/table/pending-partial"}
{"Time":"2026-09-08T08:38:21.783528371+03:00","Action":"output","Package":"virmill.local/core/internal/ui/cli","Test":"TestCreationNVRAMCLIResultStages/table/pending-partial","Output":"=== RUN   TestCreationNVRAMCLIResultStages/table/pending-partial\n","OutputType":"frame"}
{"Time":"2026-09-08T08:38:21.816470272+03:00","Action":"output","Package":"virmill.local/core/internal/ui/cli","Test":"TestCreationNVRAMCLIResultStages/table/pending-partial","Output":"--- PASS: TestCreationNVRAMCLIResultStages/table/pending-partial (0.03s)\n","OutputType":"frame"}
{"Time":"2026-09-08T08:38:21.816501737+03:00","Action":"pass","Package":"virmill.local/core/internal/ui/cli","Test":"TestCreationNVRAMCLIResultStages/table/pending-partial","Elapsed":0.03}
{"Time":"2026-09-08T08:38:21.816510095+03:00","Action":"run","Package":"virmill.local/core/internal/ui/cli","Test":"TestCreationNVRAMCLIResultStages/table/legacy-succeeded"}
{"Time":"2026-09-08T08:38:21.816512286+03:00","Action":"output","Package":"virmill.local/core/internal/ui/cli","Test":"TestCreationNVRAMCLIResultStages/table/legacy-succeeded","Output":"=== RUN   TestCreationNVRAMCLIResultStages/table/legacy-succeeded\n","OutputType":"frame"}
{"Time":"2026-09-08T08:38:21.833211683+03:00","Action":"output","Package":"virmill.local/core/internal/ui/tui","Test":"TestCreationNVRAMTUIResultStages/bound","Output":"--- PASS: TestCreationNVRAMTUIResultStages/bound (0.06s)\n","OutputType":"frame"}
{"Time":"2026-09-08T08:38:21.833250506+03:00","Action":"pass","Package":"virmill.local/core/internal/ui/tui","Test":"TestCreationNVRAMTUIResultStages/bound","Elapsed":0.06}
{"Time":"2026-09-08T08:38:21.833263469+03:00","Action":"run","Package":"virmill.local/core/internal/ui/tui","Test":"TestCreationNVRAMTUIResultStages/bound-running"}
{"Time":"2026-09-08T08:38:21.83326782+03:00","Action":"output","Package":"virmill.local/core/internal/ui/tui","Test":"TestCreationNVRAMTUIResultStages/bound-running","Output":"=== RUN   TestCreationNVRAMTUIResultStages/bound-running\n","OutputType":"frame"}
{"Time":"2026-09-08T08:38:21.866267142+03:00","Action":"output","Package":"virmill.local/core/internal/ui/cli","Test":"TestCreationNVRAMCLIResultStages/table/legacy-succeeded","Output":"--- PASS: TestCreationNVRAMCLIResultStages/table/legacy-succeeded (0.05s)\n","OutputType":"frame"}
{"Time":"2026-09-08T08:38:21.866311893+03:00","Action":"pass","Package":"virmill.local/core/internal/ui/cli","Test":"TestCreationNVRAMCLIResultStages/table/legacy-succeeded","Elapsed":0.05}
{"Time":"2026-09-08T08:38:21.86633022+03:00","Action":"run","Package":"virmill.local/core/internal/ui/cli","Test":"TestCreationNVRAMCLIResultStages/table/legacy-pending"}
{"Time":"2026-09-08T08:38:21.866333848+03:00","Action":"output","Package":"virmill.local/core/internal/ui/cli","Test":"TestCreationNVRAMCLIResultStages/table/legacy-pending","Output":"=== RUN   TestCreationNVRAMCLIResultStages/table/legacy-pending\n","OutputType":"frame"}
{"Time":"2026-09-08T08:38:21.896115995+03:00","Action":"output","Package":"virmill.local/core/internal/ui/tui","Test":"TestCreationNVRAMTUIResultStages/bound-running","Output":"--- PASS: TestCreationNVRAMTUIResultStages/bound-running (0.06s)\n","OutputType":"frame"}
{"Time":"2026-09-08T08:38:21.896149682+03:00","Action":"pass","Package":"virmill.local/core/internal/ui/tui","Test":"TestCreationNVRAMTUIResultStages/bound-running","Elapsed":0.06}
{"Time":"2026-09-08T08:38:21.896155161+03:00","Action":"run","Package":"virmill.local/core/internal/ui/tui","Test":"TestCreationNVRAMTUIResultStages/pending"}
{"Time":"2026-09-08T08:38:21.896156888+03:00","Action":"output","Package":"virmill.local/core/internal/ui/tui","Test":"TestCreationNVRAMTUIResultStages/pending","Output":"=== RUN   TestCreationNVRAMTUIResultStages/pending\n","OutputType":"frame"}
{"Time":"2026-09-08T08:38:21.911940963+03:00","Action":"output","Package":"virmill.local/core/internal/ui/cli","Test":"TestCreationNVRAMCLIResultStages/table/legacy-pending","Output":"--- PASS: TestCreationNVRAMCLIResultStages/table/legacy-pending (0.05s)\n","OutputType":"frame"}
{"Time":"2026-09-08T08:38:21.911976533+03:00","Action":"pass","Package":"virmill.local/core/internal/ui/cli","Test":"TestCreationNVRAMCLIResultStages/table/legacy-pending","Elapsed":0.05}
{"Time":"2026-09-08T08:38:21.911982725+03:00","Action":"run","Package":"virmill.local/core/internal/ui/cli","Test":"TestCreationNVRAMCLIResultStages/table/missing-binding"}
{"Time":"2026-09-08T08:38:21.911984594+03:00","Action":"output","Package":"virmill.local/core/internal/ui/cli","Test":"TestCreationNVRAMCLIResultStages/table/missing-binding","Output":"=== RUN   TestCreationNVRAMCLIResultStages/table/missing-binding\n","OutputType":"frame"}
{"Time":"2026-09-08T08:38:21.934853847+03:00","Action":"output","Package":"virmill.local/core/internal/ui/tui","Test":"TestCreationNVRAMTUIResultStages/pending","Output":"--- PASS: TestCreationNVRAMTUIResultStages/pending (0.04s)\n","OutputType":"frame"}
{"Time":"2026-09-08T08:38:21.93488344+03:00","Action":"pass","Package":"virmill.local/core/internal/ui/tui","Test":"TestCreationNVRAMTUIResultStages/pending","Elapsed":0.04}
{"Time":"2026-09-08T08:38:21.934888429+03:00","Action":"run","Package":"virmill.local/core/internal/ui/tui","Test":"TestCreationNVRAMTUIResultStages/pending-partial"}
{"Time":"2026-09-08T08:38:21.934889635+03:00","Action":"output","Package":"virmill.local/core/internal/ui/tui","Test":"TestCreationNVRAMTUIResultStages/pending-partial","Output":"=== RUN   TestCreationNVRAMTUIResultStages/pending-partial\n","OutputType":"frame"}
{"Time":"2026-09-08T08:38:21.94319265+03:00","Action":"output","Package":"virmill.local/core/internal/ui/cli","Test":"TestCreationNVRAMCLIResultStages/table/missing-binding","Output":"--- PASS: TestCreationNVRAMCLIResultStages/table/missing-binding (0.03s)\n","OutputType":"frame"}
{"Time":"2026-09-08T08:38:21.943217747+03:00","Action":"pass","Package":"virmill.local/core/internal/ui/cli","Test":"TestCreationNVRAMCLIResultStages/table/missing-binding","Elapsed":0.03}
{"Time":"2026-09-08T08:38:21.943240176+03:00","Action":"run","Package":"virmill.local/core/internal/ui/cli","Test":"TestCreationNVRAMCLIResultStages/table/conflicting-binding"}
{"Time":"2026-09-08T08:38:21.943242375+03:00","Action":"output","Package":"virmill.local/core/internal/ui/cli","Test":"TestCreationNVRAMCLIResultStages/table/conflicting-binding","Output":"=== RUN   TestCreationNVRAMCLIResultStages/table/conflicting-binding\n","OutputType":"frame"}
{"Time":"2026-09-08T08:38:21.949233496+03:00","Action":"output","Package":"virmill.local/core/internal/plugins","Test":"TestDeveloperScaffoldBuildAndSignedPackPlans","Output":"--- PASS: TestDeveloperScaffoldBuildAndSignedPackPlans (1.36s)\n","OutputType":"frame"}
{"Time":"2026-09-08T08:38:21.949244562+03:00","Action":"pass","Package":"virmill.local/core/internal/plugins","Test":"TestDeveloperScaffoldBuildAndSignedPackPlans","Elapsed":1.36}
{"Time":"2026-09-08T08:38:21.949289765+03:00","Action":"run","Package":"virmill.local/core/internal/plugins","Test":"TestInstallUpdateRollbackPermissionAndPreservation"}
{"Time":"2026-09-08T08:38:21.949300433+03:00","Action":"output","Package":"virmill.local/core/internal/plugins","Test":"TestInstallUpdateRollbackPermissionAndPreservation","Output":"=== RUN   TestInstallUpdateRollbackPermissionAndPreservation\n","OutputType":"frame"}
{"Time":"2026-09-08T08:38:21.982309738+03:00","Action":"output","Package":"virmill.local/core/internal/ui/cli","Test":"TestCreationNVRAMCLIResultStages/table/conflicting-binding","Output":"--- PASS: TestCreationNVRAMCLIResultStages/table/conflicting-binding (0.04s)\n","OutputType":"frame"}
{"Time":"2026-09-08T08:38:21.982358437+03:00","Action":"pass","Package":"virmill.local/core/internal/ui/cli","Test":"TestCreationNVRAMCLIResultStages/table/conflicting-binding","Elapsed":0.04}
{"Time":"2026-09-08T08:38:21.982369294+03:00","Action":"run","Package":"virmill.local/core/internal/ui/cli","Test":"TestCreationNVRAMCLIResultStages/table/failed-bound"}
{"Time":"2026-09-08T08:38:21.982372473+03:00","Action":"output","Package":"virmill.local/core/internal/ui/cli","Test":"TestCreationNVRAMCLIResultStages/table/failed-bound","Output":"=== RUN   TestCreationNVRAMCLIResultStages/table/failed-bound\n","OutputType":"frame"}
{"Time":"2026-09-08T08:38:21.982425913+03:00","Action":"output","Package":"virmill.local/core/internal/ui/tui","Test":"TestCreationNVRAMTUIResultStages/pending-partial","Output":"--- PASS: TestCreationNVRAMTUIResultStages/pending-partial (0.05s)\n","OutputType":"frame"}
{"Time":"2026-09-08T08:38:21.982439981+03:00","Action":"pass","Package":"virmill.local/core/internal/ui/tui","Test":"TestCreationNVRAMTUIResultStages/pending-partial","Elapsed":0.05}
{"Time":"2026-09-08T08:38:21.982473611+03:00","Action":"run","Package":"virmill.local/core/internal/ui/tui","Test":"TestCreationNVRAMTUIResultStages/legacy-succeeded"}
{"Time":"2026-09-08T08:38:21.982477813+03:00","Action":"output","Package":"virmill.local/core/internal/ui/tui","Test":"TestCreationNVRAMTUIResultStages/legacy-succeeded","Output":"=== RUN   TestCreationNVRAMTUIResultStages/legacy-succeeded\n","OutputType":"frame"}
{"Time":"2026-09-08T08:38:22.024339485+03:00","Action":"output","Package":"virmill.local/core/internal/ui/cli","Test":"TestCreationNVRAMCLIResultStages/table/failed-bound","Output":"--- PASS: TestCreationNVRAMCLIResultStages/table/failed-bound (0.04s)\n","OutputType":"frame"}
{"Time":"2026-09-08T08:38:22.024401654+03:00","Action":"pass","Package":"virmill.local/core/internal/ui/cli","Test":"TestCreationNVRAMCLIResultStages/table/failed-bound","Elapsed":0.04}
{"Time":"2026-09-08T08:38:22.024414514+03:00","Action":"run","Package":"virmill.local/core/internal/ui/cli","Test":"TestCreationNVRAMCLIResultStages/json/bound"}
{"Time":"2026-09-08T08:38:22.024418593+03:00","Action":"output","Package":"virmill.local/core/internal/ui/cli","Test":"TestCreationNVRAMCLIResultStages/json/bound","Output":"=== RUN   TestCreationNVRAMCLIResultStages/json/bound\n","OutputType":"frame"}
{"Time":"2026-09-08T08:38:22.039377335+03:00","Action":"output","Package":"virmill.local/core/internal/ui/tui","Test":"TestCreationNVRAMTUIResultStages/legacy-succeeded","Output":"--- PASS: TestCreationNVRAMTUIResultStages/legacy-succeeded (0.06s)\n","OutputType":"frame"}
{"Time":"2026-09-08T08:38:22.039406029+03:00","Action":"pass","Package":"virmill.local/core/internal/ui/tui","Test":"TestCreationNVRAMTUIResultStages/legacy-succeeded","Elapsed":0.06}
{"Time":"2026-09-08T08:38:22.039411747+03:00","Action":"run","Package":"virmill.local/core/internal/ui/tui","Test":"TestCreationNVRAMTUIResultStages/legacy-pending"}
{"Time":"2026-09-08T08:38:22.039413223+03:00","Action":"output","Package":"virmill.local/core/internal/ui/tui","Test":"TestCreationNVRAMTUIResultStages/legacy-pending","Output":"=== RUN   TestCreationNVRAMTUIResultStages/legacy-pending\n","OutputType":"frame"}
{"Time":"2026-09-08T08:38:22.067424402+03:00","Action":"output","Package":"virmill.local/core/internal/ui/cli","Test":"TestCreationNVRAMCLIResultStages/json/bound","Output":"--- PASS: TestCreationNVRAMCLIResultStages/json/bound (0.04s)\n","OutputType":"frame"}
{"Time":"2026-09-08T08:38:22.067463832+03:00","Action":"pass","Package":"virmill.local/core/internal/ui/cli","Test":"TestCreationNVRAMCLIResultStages/json/bound","Elapsed":0.04}
{"Time":"2026-09-08T08:38:22.067469899+03:00","Action":"run","Package":"virmill.local/core/internal/ui/cli","Test":"TestCreationNVRAMCLIResultStages/json/bound-running"}
{"Time":"2026-09-08T08:38:22.067471945+03:00","Action":"output","Package":"virmill.local/core/internal/ui/cli","Test":"TestCreationNVRAMCLIResultStages/json/bound-running","Output":"=== RUN   TestCreationNVRAMCLIResultStages/json/bound-running\n","OutputType":"frame"}
{"Time":"2026-09-08T08:38:22.086791245+03:00","Action":"output","Package":"virmill.local/core/internal/ui/tui","Test":"TestCreationNVRAMTUIResultStages/legacy-pending","Output":"--- PASS: TestCreationNVRAMTUIResultStages/legacy-pending (0.05s)\n","OutputType":"frame"}
{"Time":"2026-09-08T08:38:22.086826039+03:00","Action":"pass","Package":"virmill.local/core/internal/ui/tui","Test":"TestCreationNVRAMTUIResultStages/legacy-pending","Elapsed":0.05}
{"Time":"2026-09-08T08:38:22.086833842+03:00","Action":"run","Package":"virmill.local/core/internal/ui/tui","Test":"TestCreationNVRAMTUIResultStages/missing-binding"}
{"Time":"2026-09-08T08:38:22.08683692+03:00","Action":"output","Package":"virmill.local/core/internal/ui/tui","Test":"TestCreationNVRAMTUIResultStages/missing-binding","Output":"=== RUN   TestCreationNVRAMTUIResultStages/missing-binding\n","OutputType":"frame"}
{"Time":"2026-09-08T08:38:22.102012423+03:00","Action":"output","Package":"virmill.local/core/internal/ui/cli","Test":"TestCreationNVRAMCLIResultStages/json/bound-running","Output":"--- PASS: TestCreationNVRAMCLIResultStages/json/bound-running (0.03s)\n","OutputType":"frame"}
{"Time":"2026-09-08T08:38:22.102047701+03:00","Action":"pass","Package":"virmill.local/core/internal/ui/cli","Test":"TestCreationNVRAMCLIResultStages/json/bound-running","Elapsed":0.03}
{"Time":"2026-09-08T08:38:22.102054144+03:00","Action":"run","Package":"virmill.local/core/internal/ui/cli","Test":"TestCreationNVRAMCLIResultStages/json/pending"}
{"Time":"2026-09-08T08:38:22.10205624+03:00","Action":"output","Package":"virmill.local/core/internal/ui/cli","Test":"TestCreationNVRAMCLIResultStages/json/pending","Output":"=== RUN   TestCreationNVRAMCLIResultStages/json/pending\n","OutputType":"frame"}
{"Time":"2026-09-08T08:38:22.132393675+03:00","Action":"output","Package":"virmill.local/core/internal/ui/cli","Test":"TestCreationNVRAMCLIResultStages/json/pending","Output":"--- PASS: TestCreationNVRAMCLIResultStages/json/pending (0.03s)\n","OutputType":"frame"}
{"Time":"2026-09-08T08:38:22.132426576+03:00","Action":"pass","Package":"virmill.local/core/internal/ui/cli","Test":"TestCreationNVRAMCLIResultStages/json/pending","Elapsed":0.03}
{"Time":"2026-09-08T08:38:22.132431736+03:00","Action":"run","Package":"virmill.local/core/internal/ui/cli","Test":"TestCreationNVRAMCLIResultStages/json/pending-partial"}
{"Time":"2026-09-08T08:38:22.132433315+03:00","Action":"output","Package":"virmill.local/core/internal/ui/cli","Test":"TestCreationNVRAMCLIResultStages/json/pending-partial","Output":"=== RUN   TestCreationNVRAMCLIResultStages/json/pending-partial\n","OutputType":"frame"}
{"Time":"2026-09-08T08:38:22.134934242+03:00","Action":"output","Package":"virmill.local/core/internal/ui/tui","Test":"TestCreationNVRAMTUIResultStages/missing-binding","Output":"--- PASS: TestCreationNVRAMTUIResultStages/missing-binding (0.05s)\n","OutputType":"frame"}
{"Time":"2026-09-08T08:38:22.134959108+03:00","Action":"pass","Package":"virmill.local/core/internal/ui/tui","Test":"TestCreationNVRAMTUIResultStages/missing-binding","Elapsed":0.05}
{"Time":"2026-09-08T08:38:22.134989128+03:00","Action":"run","Package":"virmill.local/core/internal/ui/tui","Test":"TestCreationNVRAMTUIResultStages/conflicting-binding"}
{"Time":"2026-09-08T08:38:22.134991316+03:00","Action":"output","Package":"virmill.local/core/internal/ui/tui","Test":"TestCreationNVRAMTUIResultStages/conflicting-binding","Output":"=== RUN   TestCreationNVRAMTUIResultStages/conflicting-binding\n","OutputType":"frame"}
{"Time":"2026-09-08T08:38:22.169692326+03:00","Action":"output","Package":"virmill.local/core/internal/ui/cli","Test":"TestCreationNVRAMCLIResultStages/json/pending-partial","Output":"--- PASS: TestCreationNVRAMCLIResultStages/json/pending-partial (0.04s)\n","OutputType":"frame"}
{"Time":"2026-09-08T08:38:22.169777294+03:00","Action":"pass","Package":"virmill.local/core/internal/ui/cli","Test":"TestCreationNVRAMCLIResultStages/json/pending-partial","Elapsed":0.04}
{"Time":"2026-09-08T08:38:22.169795824+03:00","Action":"run","Package":"virmill.local/core/internal/ui/cli","Test":"TestCreationNVRAMCLIResultStages/json/legacy-succeeded"}
{"Time":"2026-09-08T08:38:22.169806056+03:00","Action":"output","Package":"virmill.local/core/internal/ui/cli","Test":"TestCreationNVRAMCLIResultStages/json/legacy-succeeded","Output":"=== RUN   TestCreationNVRAMCLIResultStages/json/legacy-succeeded\n","OutputType":"frame"}
{"Time":"2026-09-08T08:38:22.179797341+03:00","Action":"output","Package":"virmill.local/core/internal/ui/tui","Test":"TestCreationNVRAMTUIResultStages/conflicting-binding","Output":"--- PASS: TestCreationNVRAMTUIResultStages/conflicting-binding (0.04s)\n","OutputType":"frame"}
{"Time":"2026-09-08T08:38:22.179826996+03:00","Action":"pass","Package":"virmill.local/core/internal/ui/tui","Test":"TestCreationNVRAMTUIResultStages/conflicting-binding","Elapsed":0.04}
{"Time":"2026-09-08T08:38:22.179835436+03:00","Action":"run","Package":"virmill.local/core/internal/ui/tui","Test":"TestCreationNVRAMTUIResultStages/failed-bound"}
{"Time":"2026-09-08T08:38:22.179838491+03:00","Action":"output","Package":"virmill.local/core/internal/ui/tui","Test":"TestCreationNVRAMTUIResultStages/failed-bound","Output":"=== RUN   TestCreationNVRAMTUIResultStages/failed-bound\n","OutputType":"frame"}
{"Time":"2026-09-08T08:38:22.212268495+03:00","Action":"output","Package":"virmill.local/core/internal/ui/cli","Test":"TestCreationNVRAMCLIResultStages/json/legacy-succeeded","Output":"--- PASS: TestCreationNVRAMCLIResultStages/json/legacy-succeeded (0.04s)\n","OutputType":"frame"}
{"Time":"2026-09-08T08:38:22.212299868+03:00","Action":"pass","Package":"virmill.local/core/internal/ui/cli","Test":"TestCreationNVRAMCLIResultStages/json/legacy-succeeded","Elapsed":0.04}
{"Time":"2026-09-08T08:38:22.212305978+03:00","Action":"run","Package":"virmill.local/core/internal/ui/cli","Test":"TestCreationNVRAMCLIResultStages/json/legacy-pending"}
{"Time":"2026-09-08T08:38:22.212307863+03:00","Action":"output","Package":"virmill.local/core/internal/ui/cli","Test":"TestCreationNVRAMCLIResultStages/json/legacy-pending","Output":"=== RUN   TestCreationNVRAMCLIResultStages/json/legacy-pending\n","OutputType":"frame"}
{"Time":"2026-09-08T08:38:22.233242704+03:00","Action":"output","Package":"virmill.local/core/internal/ui/tui","Test":"TestCreationNVRAMTUIResultStages/failed-bound","Output":"--- PASS: TestCreationNVRAMTUIResultStages/failed-bound (0.05s)\n","OutputType":"frame"}
{"Time":"2026-09-08T08:38:22.233267504+03:00","Action":"pass","Package":"virmill.local/core/internal/ui/tui","Test":"TestCreationNVRAMTUIResultStages/failed-bound","Elapsed":0.05}
{"Time":"2026-09-08T08:38:22.233272568+03:00","Action":"output","Package":"virmill.local/core/internal/ui/tui","Test":"TestCreationNVRAMTUIResultStages","Output":"--- PASS: TestCreationNVRAMTUIResultStages (0.46s)\n","OutputType":"frame"}
{"Time":"2026-09-08T08:38:22.233274503+03:00","Action":"pass","Package":"virmill.local/core/internal/ui/tui","Test":"TestCreationNVRAMTUIResultStages","Elapsed":0.46}
{"Time":"2026-09-08T08:38:22.233280014+03:00","Action":"run","Package":"virmill.local/core/internal/ui/tui","Test":"TestCreationNVRAMTUIFailedObservationDiscardsPriorSuccess"}
{"Time":"2026-09-08T08:38:22.233281297+03:00","Action":"output","Package":"virmill.local/core/internal/ui/tui","Test":"TestCreationNVRAMTUIFailedObservationDiscardsPriorSuccess","Output":"=== RUN   TestCreationNVRAMTUIFailedObservationDiscardsPriorSuccess\n","OutputType":"frame"}
{"Time":"2026-09-08T08:38:22.233315927+03:00","Action":"run","Package":"virmill.local/core/internal/ui/tui","Test":"TestCreationNVRAMTUIFailedObservationDiscardsPriorSuccess/cancellation"}
{"Time":"2026-09-08T08:38:22.233317755+03:00","Action":"output","Package":"virmill.local/core/internal/ui/tui","Test":"TestCreationNVRAMTUIFailedObservationDiscardsPriorSuccess/cancellation","Output":"=== RUN   TestCreationNVRAMTUIFailedObservationDiscardsPriorSuccess/cancellation\n","OutputType":"frame"}
{"Time":"2026-09-08T08:38:22.254549931+03:00","Action":"output","Package":"virmill.local/core/internal/ui/cli","Test":"TestCreationNVRAMCLIResultStages/json/legacy-pending","Output":"--- PASS: TestCreationNVRAMCLIResultStages/json/legacy-pending (0.04s)\n","OutputType":"frame"}
{"Time":"2026-09-08T08:38:22.254580519+03:00","Action":"pass","Package":"virmill.local/core/internal/ui/cli","Test":"TestCreationNVRAMCLIResultStages/json/legacy-pending","Elapsed":0.04}
{"Time":"2026-09-08T08:38:22.254588125+03:00","Action":"run","Package":"virmill.local/core/internal/ui/cli","Test":"TestCreationNVRAMCLIResultStages/json/missing-binding"}
{"Time":"2026-09-08T08:38:22.25459111+03:00","Action":"output","Package":"virmill.local/core/internal/ui/cli","Test":"TestCreationNVRAMCLIResultStages/json/missing-binding","Output":"=== RUN   TestCreationNVRAMCLIResultStages/json/missing-binding\n","OutputType":"frame"}
{"Time":"2026-09-08T08:38:22.269883348+03:00","Action":"output","Package":"virmill.local/core/internal/ui/tui","Test":"TestCreationNVRAMTUIFailedObservationDiscardsPriorSuccess/cancellation","Output":"--- PASS: TestCreationNVRAMTUIFailedObservationDiscardsPriorSuccess/cancellation (0.04s)\n","OutputType":"frame"}
{"Time":"2026-09-08T08:38:22.269916579+03:00","Action":"pass","Package":"virmill.local/core/internal/ui/tui","Test":"TestCreationNVRAMTUIFailedObservationDiscardsPriorSuccess/cancellation","Elapsed":0.04}
{"Time":"2026-09-08T08:38:22.269926+03:00","Action":"run","Package":"virmill.local/core/internal/ui/tui","Test":"TestCreationNVRAMTUIFailedObservationDiscardsPriorSuccess/transport"}
{"Time":"2026-09-08T08:38:22.269928516+03:00","Action":"output","Package":"virmill.local/core/internal/ui/tui","Test":"TestCreationNVRAMTUIFailedObservationDiscardsPriorSuccess/transport","Output":"=== RUN   TestCreationNVRAMTUIFailedObservationDiscardsPriorSuccess/transport\n","OutputType":"frame"}
{"Time":"2026-09-08T08:38:22.283018583+03:00","Action":"output","Package":"virmill.local/core/internal/ui/cli","Test":"TestCreationNVRAMCLIResultStages/json/missing-binding","Output":"--- PASS: TestCreationNVRAMCLIResultStages/json/missing-binding (0.03s)\n","OutputType":"frame"}
{"Time":"2026-09-08T08:38:22.283048749+03:00","Action":"pass","Package":"virmill.local/core/internal/ui/cli","Test":"TestCreationNVRAMCLIResultStages/json/missing-binding","Elapsed":0.03}
{"Time":"2026-09-08T08:38:22.283056676+03:00","Action":"run","Package":"virmill.local/core/internal/ui/cli","Test":"TestCreationNVRAMCLIResultStages/json/conflicting-binding"}
{"Time":"2026-09-08T08:38:22.283058709+03:00","Action":"output","Package":"virmill.local/core/internal/ui/cli","Test":"TestCreationNVRAMCLIResultStages/json/conflicting-binding","Output":"=== RUN   TestCreationNVRAMCLIResultStages/json/conflicting-binding\n","OutputType":"frame"}
{"Time":"2026-09-08T08:38:22.288108385+03:00","Action":"output","Package":"virmill.local/core/internal/plugins","Test":"TestInstallUpdateRollbackPermissionAndPreservation","Output":"--- PASS: TestInstallUpdateRollbackPermissionAndPreservation (0.34s)\n","OutputType":"frame"}
{"Time":"2026-09-08T08:38:22.28813174+03:00","Action":"pass","Package":"virmill.local/core/internal/plugins","Test":"TestInstallUpdateRollbackPermissionAndPreservation","Elapsed":0.34}
{"Time":"2026-09-08T08:38:22.288139134+03:00","Action":"run","Package":"virmill.local/core/internal/plugins","Test":"TestChangedPackageStalePlanAndImmutableVersion"}
{"Time":"2026-09-08T08:38:22.288153401+03:00","Action":"output","Package":"virmill.local/core/internal/plugins","Test":"TestChangedPackageStalePlanAndImmutableVersion","Output":"=== RUN   TestChangedPackageStalePlanAndImmutableVersion\n","OutputType":"frame"}
{"Time":"2026-09-08T08:38:22.301715884+03:00","Action":"output","Package":"virmill.local/core/internal/ui/tui","Test":"TestCreationNVRAMTUIFailedObservationDiscardsPriorSuccess/transport","Output":"--- PASS: TestCreationNVRAMTUIFailedObservationDiscardsPriorSuccess/transport (0.03s)\n","OutputType":"frame"}
{"Time":"2026-09-08T08:38:22.301754316+03:00","Action":"pass","Package":"virmill.local/core/internal/ui/tui","Test":"TestCreationNVRAMTUIFailedObservationDiscardsPriorSuccess/transport","Elapsed":0.03}
{"Time":"2026-09-08T08:38:22.301763705+03:00","Action":"run","Package":"virmill.local/core/internal/ui/tui","Test":"TestCreationNVRAMTUIFailedObservationDiscardsPriorSuccess/missing-job"}
{"Time":"2026-09-08T08:38:22.301767362+03:00","Action":"output","Package":"virmill.local/core/internal/ui/tui","Test":"TestCreationNVRAMTUIFailedObservationDiscardsPriorSuccess/missing-job","Output":"=== RUN   TestCreationNVRAMTUIFailedObservationDiscardsPriorSuccess/missing-job\n","OutputType":"frame"}
{"Time":"2026-09-08T08:38:22.319419403+03:00","Action":"output","Package":"virmill.local/core/internal/ui/cli","Test":"TestCreationNVRAMCLIResultStages/json/conflicting-binding","Output":"--- PASS: TestCreationNVRAMCLIResultStages/json/conflicting-binding (0.04s)\n","OutputType":"frame"}
{"Time":"2026-09-08T08:38:22.319452378+03:00","Action":"pass","Package":"virmill.local/core/internal/ui/cli","Test":"TestCreationNVRAMCLIResultStages/json/conflicting-binding","Elapsed":0.04}
{"Time":"2026-09-08T08:38:22.319464892+03:00","Action":"run","Package":"virmill.local/core/internal/ui/cli","Test":"TestCreationNVRAMCLIResultStages/json/failed-bound"}
{"Time":"2026-09-08T08:38:22.319466451+03:00","Action":"output","Package":"virmill.local/core/internal/ui/cli","Test":"TestCreationNVRAMCLIResultStages/json/failed-bound","Output":"=== RUN   TestCreationNVRAMCLIResultStages/json/failed-bound\n","OutputType":"frame"}
{"Time":"2026-09-08T08:38:22.337739536+03:00","Action":"output","Package":"virmill.local/core/internal/ui/tui","Test":"TestCreationNVRAMTUIFailedObservationDiscardsPriorSuccess/missing-job","Output":"--- PASS: TestCreationNVRAMTUIFailedObservationDiscardsPriorSuccess/missing-job (0.04s)\n","OutputType":"frame"}
{"Time":"2026-09-08T08:38:22.337769041+03:00","Action":"pass","Package":"virmill.local/core/internal/ui/tui","Test":"TestCreationNVRAMTUIFailedObservationDiscardsPriorSuccess/missing-job","Elapsed":0.04}
{"Time":"2026-09-08T08:38:22.337781057+03:00","Action":"output","Package":"virmill.local/core/internal/ui/tui","Test":"TestCreationNVRAMTUIFailedObservationDiscardsPriorSuccess","Output":"--- PASS: TestCreationNVRAMTUIFailedObservationDiscardsPriorSuccess (0.10s)\n","OutputType":"frame"}
{"Time":"2026-09-08T08:38:22.33779072+03:00","Action":"pass","Package":"virmill.local/core/internal/ui/tui","Test":"TestCreationNVRAMTUIFailedObservationDiscardsPriorSuccess","Elapsed":0.1}
{"Time":"2026-09-08T08:38:22.337834225+03:00","Action":"run","Package":"virmill.local/core/internal/ui/tui","Test":"TestCreationNVRAMTUINewUEFIRequiresInspectionCapability"}
{"Time":"2026-09-08T08:38:22.337848949+03:00","Action":"output","Package":"virmill.local/core/internal/ui/tui","Test":"TestCreationNVRAMTUINewUEFIRequiresInspectionCapability","Output":"=== RUN   TestCreationNVRAMTUINewUEFIRequiresInspectionCapability\n","OutputType":"frame"}
{"Time":"2026-09-08T08:38:22.343377542+03:00","Action":"output","Package":"virmill.local/core/internal/ui/tui","Test":"TestCreationNVRAMTUINewUEFIRequiresInspectionCapability","Output":"--- PASS: TestCreationNVRAMTUINewUEFIRequiresInspectionCapability (0.01s)\n","OutputType":"frame"}
{"Time":"2026-09-08T08:38:22.343393818+03:00","Action":"pass","Package":"virmill.local/core/internal/ui/tui","Test":"TestCreationNVRAMTUINewUEFIRequiresInspectionCapability","Elapsed":0.01}
{"Time":"2026-09-08T08:38:22.343400065+03:00","Action":"run","Package":"virmill.local/core/internal/ui/tui","Test":"TestReadOnlyHostInventoryNavigation"}
{"Time":"2026-09-08T08:38:22.343401875+03:00","Action":"output","Package":"virmill.local/core/internal/ui/tui","Test":"TestReadOnlyHostInventoryNavigation","Output":"=== RUN   TestReadOnlyHostInventoryNavigation\n","OutputType":"frame"}
{"Time":"2026-09-08T08:38:22.343829935+03:00","Action":"output","Package":"virmill.local/core/internal/ui/tui","Test":"TestReadOnlyHostInventoryNavigation","Output":"--- PASS: TestReadOnlyHostInventoryNavigation (0.00s)\n","OutputType":"frame"}
{"Time":"2026-09-08T08:38:22.34384379+03:00","Action":"pass","Package":"virmill.local/core/internal/ui/tui","Test":"TestReadOnlyHostInventoryNavigation","Elapsed":0}
{"Time":"2026-09-08T08:38:22.343854657+03:00","Action":"run","Package":"virmill.local/core/internal/ui/tui","Test":"TestManagedVolumeAccessFormUsesSharedService"}
{"Time":"2026-09-08T08:38:22.343857256+03:00","Action":"output","Package":"virmill.local/core/internal/ui/tui","Test":"TestManagedVolumeAccessFormUsesSharedService","Output":"=== RUN   TestManagedVolumeAccessFormUsesSharedService\n","OutputType":"frame"}
{"Time":"2026-09-08T08:38:22.344530654+03:00","Action":"output","Package":"virmill.local/core/internal/ui/tui","Test":"TestManagedVolumeAccessFormUsesSharedService","Output":"--- PASS: TestManagedVolumeAccessFormUsesSharedService (0.00s)\n","OutputType":"frame"}
{"Time":"2026-09-08T08:38:22.344534479+03:00","Action":"pass","Package":"virmill.local/core/internal/ui/tui","Test":"TestManagedVolumeAccessFormUsesSharedService","Elapsed":0}
{"Time":"2026-09-08T08:38:22.344551105+03:00","Action":"run","Package":"virmill.local/core/internal/ui/tui","Test":"TestKeyboardNavigationSharedServiceAndResize"}
{"Time":"2026-09-08T08:38:22.34455339+03:00","Action":"output","Package":"virmill.local/core/internal/ui/tui","Test":"TestKeyboardNavigationSharedServiceAndResize","Output":"=== RUN   TestKeyboardNavigationSharedServiceAndResize\n","OutputType":"frame"}
{"Time":"2026-09-08T08:38:22.345304036+03:00","Action":"output","Package":"virmill.local/core/internal/ui/tui","Test":"TestKeyboardNavigationSharedServiceAndResize","Output":"--- PASS: TestKeyboardNavigationSharedServiceAndResize (0.00s)\n","OutputType":"frame"}
{"Time":"2026-09-08T08:38:22.345315141+03:00","Action":"pass","Package":"virmill.local/core/internal/ui/tui","Test":"TestKeyboardNavigationSharedServiceAndResize","Elapsed":0}
{"Time":"2026-09-08T08:38:22.34533519+03:00","Action":"run","Package":"virmill.local/core/internal/ui/tui","Test":"TestEscDiscardsApprovalWithoutMutation"}
{"Time":"2026-09-08T08:38:22.34533715+03:00","Action":"output","Package":"virmill.local/core/internal/ui/tui","Test":"TestEscDiscardsApprovalWithoutMutation","Output":"=== RUN   TestEscDiscardsApprovalWithoutMutation\n","OutputType":"frame"}
{"Time":"2026-09-08T08:38:22.345389372+03:00","Action":"output","Package":"virmill.local/core/internal/ui/tui","Test":"TestEscDiscardsApprovalWithoutMutation","Output":"--- PASS: TestEscDiscardsApprovalWithoutMutation (0.00s)\n","OutputType":"frame"}
{"Time":"2026-09-08T08:38:22.345395305+03:00","Action":"pass","Package":"virmill.local/core/internal/ui/tui","Test":"TestEscDiscardsApprovalWithoutMutation","Elapsed":0}
{"Time":"2026-09-08T08:38:22.345407814+03:00","Action":"run","Package":"virmill.local/core/internal/ui/tui","Test":"TestPluginFormDispatchAndScrollableActionMenu"}
{"Time":"2026-09-08T08:38:22.34541041+03:00","Action":"output","Package":"virmill.local/core/internal/ui/tui","Test":"TestPluginFormDispatchAndScrollableActionMenu","Output":"=== RUN   TestPluginFormDispatchAndScrollableActionMenu\n","OutputType":"frame"}
{"Time":"2026-09-08T08:38:22.34700546+03:00","Action":"output","Package":"virmill.local/core/internal/ui/tui","Test":"TestPluginFormDispatchAndScrollableActionMenu","Output":"--- PASS: TestPluginFormDispatchAndScrollableActionMenu (0.00s)\n","OutputType":"frame"}
{"Time":"2026-09-08T08:38:22.347012505+03:00","Action":"pass","Package":"virmill.local/core/internal/ui/tui","Test":"TestPluginFormDispatchAndScrollableActionMenu","Elapsed":0}
{"Time":"2026-09-08T08:38:22.347027812+03:00","Action":"run","Package":"virmill.local/core/internal/ui/tui","Test":"TestImportFormDispatchesCompleteMappingToSharedService"}
{"Time":"2026-09-08T08:38:22.347030502+03:00","Action":"output","Package":"virmill.local/core/internal/ui/tui","Test":"TestImportFormDispatchesCompleteMappingToSharedService","Output":"=== RUN   TestImportFormDispatchesCompleteMappingToSharedService\n","OutputType":"frame"}
{"Time":"2026-09-08T08:38:22.347978733+03:00","Action":"output","Package":"virmill.local/core/internal/ui/tui","Test":"TestImportFormDispatchesCompleteMappingToSharedService","Output":"--- PASS: TestImportFormDispatchesCompleteMappingToSharedService (0.00s)\n","OutputType":"frame"}
{"Time":"2026-09-08T08:38:22.347993286+03:00","Action":"pass","Package":"virmill.local/core/internal/ui/tui","Test":"TestImportFormDispatchesCompleteMappingToSharedService","Elapsed":0}
{"Time":"2026-09-08T08:38:22.34800247+03:00","Action":"run","Package":"virmill.local/core/internal/ui/tui","Test":"TestSelectedDiskPreparationFormUsesSharedService"}
{"Time":"2026-09-08T08:38:22.348004059+03:00","Action":"output","Package":"virmill.local/core/internal/ui/tui","Test":"TestSelectedDiskPreparationFormUsesSharedService","Output":"=== RUN   TestSelectedDiskPreparationFormUsesSharedService\n","OutputType":"frame"}
{"Time":"2026-09-08T08:38:22.348933422+03:00","Action":"output","Package":"virmill.local/core/internal/ui/tui","Test":"TestSelectedDiskPreparationFormUsesSharedService","Output":"--- PASS: TestSelectedDiskPreparationFormUsesSharedService (0.00s)\n","OutputType":"frame"}
{"Time":"2026-09-08T08:38:22.348940343+03:00","Action":"pass","Package":"virmill.local/core/internal/ui/tui","Test":"TestSelectedDiskPreparationFormUsesSharedService","Elapsed":0}
{"Time":"2026-09-08T08:38:22.348949335+03:00","Action":"run","Package":"virmill.local/core/internal/ui/tui","Test":"TestInstallationPreparationFormUsesSharedService"}
{"Time":"2026-09-08T08:38:22.348956254+03:00","Action":"output","Package":"virmill.local/core/internal/ui/tui","Test":"TestInstallationPreparationFormUsesSharedService","Output":"=== RUN   TestInstallationPreparationFormUsesSharedService\n","OutputType":"frame"}
{"Time":"2026-09-08T08:38:22.349887158+03:00","Action":"output","Package":"virmill.local/core/internal/ui/tui","Test":"TestInstallationPreparationFormUsesSharedService","Output":"--- PASS: TestInstallationPreparationFormUsesSharedService (0.00s)\n","OutputType":"frame"}
{"Time":"2026-09-08T08:38:22.349893633+03:00","Action":"pass","Package":"virmill.local/core/internal/ui/tui","Test":"TestInstallationPreparationFormUsesSharedService","Elapsed":0}
{"Time":"2026-09-08T08:38:22.349908736+03:00","Action":"run","Package":"virmill.local/core/internal/ui/tui","Test":"TestStorageAndNetworkInventoryAreReachableWithoutApproval"}
{"Time":"2026-09-08T08:38:22.34991043+03:00","Action":"output","Package":"virmill.local/core/internal/ui/tui","Test":"TestStorageAndNetworkInventoryAreReachableWithoutApproval","Output":"=== RUN   TestStorageAndNetworkInventoryAreReachableWithoutApproval\n","OutputType":"frame"}
{"Time":"2026-09-08T08:38:22.35015701+03:00","Action":"output","Package":"virmill.local/core/internal/ui/tui","Test":"TestStorageAndNetworkInventoryAreReachableWithoutApproval","Output":"--- PASS: TestStorageAndNetworkInventoryAreReachableWithoutApproval (0.00s)\n","OutputType":"frame"}
{"Time":"2026-09-08T08:38:22.350163046+03:00","Action":"pass","Package":"virmill.local/core/internal/ui/tui","Test":"TestStorageAndNetworkInventoryAreReachableWithoutApproval","Elapsed":0}
{"Time":"2026-09-08T08:38:22.35017371+03:00","Action":"run","Package":"virmill.local/core/internal/ui/tui","Test":"TestCreationAndDefinitionRecoveryHaveSharedTUIAccess"}
{"Time":"2026-09-08T08:38:22.350175691+03:00","Action":"output","Package":"virmill.local/core/internal/ui/tui","Test":"TestCreationAndDefinitionRecoveryHaveSharedTUIAccess","Output":"=== RUN   TestCreationAndDefinitionRecoveryHaveSharedTUIAccess\n","OutputType":"frame"}
{"Time":"2026-09-08T08:38:22.353189395+03:00","Action":"output","Package":"virmill.local/core/internal/ui/cli","Test":"TestCreationNVRAMCLIResultStages/json/failed-bound","Output":"--- PASS: TestCreationNVRAMCLIResultStages/json/failed-bound (0.03s)\n","OutputType":"frame"}
{"Time":"2026-09-08T08:38:22.353233644+03:00","Action":"pass","Package":"virmill.local/core/internal/ui/cli","Test":"TestCreationNVRAMCLIResultStages/json/failed-bound","Elapsed":0.03}
{"Time":"2026-09-08T08:38:22.353262761+03:00","Action":"run","Package":"virmill.local/core/internal/ui/cli","Test":"TestCreationNVRAMCLIResultStages/ndjson/bound"}
{"Time":"2026-09-08T08:38:22.353267385+03:00","Action":"output","Package":"virmill.local/core/internal/ui/cli","Test":"TestCreationNVRAMCLIResultStages/ndjson/bound","Output":"=== RUN   TestCreationNVRAMCLIResultStages/ndjson/bound\n","OutputType":"frame"}
{"Time":"2026-09-08T08:38:22.354943229+03:00","Action":"output","Package":"virmill.local/core/internal/ui/tui","Test":"TestCreationAndDefinitionRecoveryHaveSharedTUIAccess","Output":"--- PASS: TestCreationAndDefinitionRecoveryHaveSharedTUIAccess (0.00s)\n","OutputType":"frame"}
{"Time":"2026-09-08T08:38:22.354961262+03:00","Action":"pass","Package":"virmill.local/core/internal/ui/tui","Test":"TestCreationAndDefinitionRecoveryHaveSharedTUIAccess","Elapsed":0}
{"Time":"2026-09-08T08:38:22.354979957+03:00","Action":"run","Package":"virmill.local/core/internal/ui/tui","Test":"TestLargeCreationFormRemainsBoundedAndVisible"}
{"Time":"2026-09-08T08:38:22.354981907+03:00","Action":"output","Package":"virmill.local/core/internal/ui/tui","Test":"TestLargeCreationFormRemainsBoundedAndVisible","Output":"=== RUN   TestLargeCreationFormRemainsBoundedAndVisible\n","OutputType":"frame"}
{"Time":"2026-09-08T08:38:22.366542852+03:00","Action":"output","Package":"virmill.local/core/internal/ui/tui","Test":"TestLargeCreationFormRemainsBoundedAndVisible","Output":"--- PASS: TestLargeCreationFormRemainsBoundedAndVisible (0.01s)\n","OutputType":"frame"}
{"Time":"2026-09-08T08:38:22.366561239+03:00","Action":"pass","Package":"virmill.local/core/internal/ui/tui","Test":"TestLargeCreationFormRemainsBoundedAndVisible","Elapsed":0.01}
{"Time":"2026-09-08T08:38:22.366574763+03:00","Action":"run","Package":"virmill.local/core/internal/ui/tui","Test":"TestNoCloudCreationFormUsesSharedService"}
{"Time":"2026-09-08T08:38:22.366576102+03:00","Action":"output","Package":"virmill.local/core/internal/ui/tui","Test":"TestNoCloudCreationFormUsesSharedService","Output":"=== RUN   TestNoCloudCreationFormUsesSharedService\n","OutputType":"frame"}
{"Time":"2026-09-08T08:38:22.369788488+03:00","Action":"output","Package":"virmill.local/core/internal/ui/tui","Test":"TestNoCloudCreationFormUsesSharedService","Output":"--- PASS: TestNoCloudCreationFormUsesSharedService (0.00s)\n","OutputType":"frame"}
{"Time":"2026-09-08T08:38:22.369805586+03:00","Action":"pass","Package":"virmill.local/core/internal/ui/tui","Test":"TestNoCloudCreationFormUsesSharedService","Elapsed":0}
{"Time":"2026-09-08T08:38:22.369809822+03:00","Action":"run","Package":"virmill.local/core/internal/ui/tui","Test":"TestFixedResourceFormUsesSharedPlanning"}
{"Time":"2026-09-08T08:38:22.369811215+03:00","Action":"output","Package":"virmill.local/core/internal/ui/tui","Test":"TestFixedResourceFormUsesSharedPlanning","Output":"=== RUN   TestFixedResourceFormUsesSharedPlanning\n","OutputType":"frame"}
{"Time":"2026-09-08T08:38:22.370999046+03:00","Action":"output","Package":"virmill.local/core/internal/ui/tui","Test":"TestFixedResourceFormUsesSharedPlanning","Output":"--- PASS: TestFixedResourceFormUsesSharedPlanning (0.00s)\n","OutputType":"frame"}
{"Time":"2026-09-08T08:38:22.371011335+03:00","Action":"pass","Package":"virmill.local/core/internal/ui/tui","Test":"TestFixedResourceFormUsesSharedPlanning","Elapsed":0}
{"Time":"2026-09-08T08:38:22.37102768+03:00","Action":"run","Package":"virmill.local/core/internal/ui/tui","Test":"TestBootInspectionAndMediaEditingHaveSharedTUIAccess"}
{"Time":"2026-09-08T08:38:22.371029882+03:00","Action":"output","Package":"virmill.local/core/internal/ui/tui","Test":"TestBootInspectionAndMediaEditingHaveSharedTUIAccess","Output":"=== RUN   TestBootInspectionAndMediaEditingHaveSharedTUIAccess\n","OutputType":"frame"}
{"Time":"2026-09-08T08:38:22.373276494+03:00","Action":"output","Package":"virmill.local/core/internal/ui/tui","Test":"TestBootInspectionAndMediaEditingHaveSharedTUIAccess","Output":"--- PASS: TestBootInspectionAndMediaEditingHaveSharedTUIAccess (0.00s)\n","OutputType":"frame"}
{"Time":"2026-09-08T08:38:22.373290509+03:00","Action":"pass","Package":"virmill.local/core/internal/ui/tui","Test":"TestBootInspectionAndMediaEditingHaveSharedTUIAccess","Elapsed":0}
{"Time":"2026-09-08T08:38:22.373309289+03:00","Action":"run","Package":"virmill.local/core/internal/ui/tui","Test":"TestTUIReviewShowsSharedDowntimeEstimate"}
{"Time":"2026-09-08T08:38:22.373311086+03:00","Action":"output","Package":"virmill.local/core/internal/ui/tui","Test":"TestTUIReviewShowsSharedDowntimeEstimate","Output":"=== RUN   TestTUIReviewShowsSharedDowntimeEstimate\n","OutputType":"frame"}
{"Time":"2026-09-08T08:38:22.374628236+03:00","Action":"output","Package":"virmill.local/core/internal/ui/tui","Test":"TestTUIReviewShowsSharedDowntimeEstimate","Output":"--- PASS: TestTUIReviewShowsSharedDowntimeEstimate (0.00s)\n","OutputType":"frame"}
{"Time":"2026-09-08T08:38:22.374654199+03:00","Action":"pass","Package":"virmill.local/core/internal/ui/tui","Test":"TestTUIReviewShowsSharedDowntimeEstimate","Elapsed":0}
{"Time":"2026-09-08T08:38:22.374669147+03:00","Action":"run","Package":"virmill.local/core/internal/ui/tui","Test":"TestTUIActiveCreationResultIsProgressWithoutApproval"}
{"Time":"2026-09-08T08:38:22.37467126+03:00","Action":"output","Package":"virmill.local/core/internal/ui/tui","Test":"TestTUIActiveCreationResultIsProgressWithoutApproval","Output":"=== RUN   TestTUIActiveCreationResultIsProgressWithoutApproval\n","OutputType":"frame"}
{"Time":"2026-09-08T08:38:22.376014988+03:00","Action":"output","Package":"virmill.local/core/internal/ui/tui","Test":"TestTUIActiveCreationResultIsProgressWithoutApproval","Output":"--- PASS: TestTUIActiveCreationResultIsProgressWithoutApproval (0.00s)\n","OutputType":"frame"}
{"Time":"2026-09-08T08:38:22.37602635+03:00","Action":"pass","Package":"virmill.local/core/internal/ui/tui","Test":"TestTUIActiveCreationResultIsProgressWithoutApproval","Elapsed":0}
{"Time":"2026-09-08T08:38:22.376046746+03:00","Action":"run","Package":"virmill.local/core/internal/ui/tui","Test":"TestNetworkCreationAndRecoveryUseSharedPreview"}
{"Time":"2026-09-08T08:38:22.376049663+03:00","Action":"output","Package":"virmill.local/core/internal/ui/tui","Test":"TestNetworkCreationAndRecoveryUseSharedPreview","Output":"=== RUN   TestNetworkCreationAndRecoveryUseSharedPreview\n","OutputType":"frame"}
{"Time":"2026-09-08T08:38:22.378176217+03:00","Action":"output","Package":"virmill.local/core/internal/ui/tui","Test":"TestNetworkCreationAndRecoveryUseSharedPreview","Output":"--- PASS: TestNetworkCreationAndRecoveryUseSharedPreview (0.00s)\n","OutputType":"frame"}
{"Time":"2026-09-08T08:38:22.378193618+03:00","Action":"pass","Package":"virmill.local/core/internal/ui/tui","Test":"TestNetworkCreationAndRecoveryUseSharedPreview","Elapsed":0}
{"Time":"2026-09-08T08:38:22.378212806+03:00","Action":"run","Package":"virmill.local/core/internal/ui/tui","Test":"TestBackupPolicyFormsUseSharedReadOnlyMethods"}
{"Time":"2026-09-08T08:38:22.378214783+03:00","Action":"output","Package":"virmill.local/core/internal/ui/tui","Test":"TestBackupPolicyFormsUseSharedReadOnlyMethods","Output":"=== RUN   TestBackupPolicyFormsUseSharedReadOnlyMethods\n","OutputType":"frame"}
{"Time":"2026-09-08T08:38:22.379272949+03:00","Action":"output","Package":"virmill.local/core/internal/ui/tui","Test":"TestBackupPolicyFormsUseSharedReadOnlyMethods","Output":"--- PASS: TestBackupPolicyFormsUseSharedReadOnlyMethods (0.00s)\n","OutputType":"frame"}
{"Time":"2026-09-08T08:38:22.379287213+03:00","Action":"pass","Package":"virmill.local/core/internal/ui/tui","Test":"TestBackupPolicyFormsUseSharedReadOnlyMethods","Elapsed":0}
{"Time":"2026-09-08T08:38:22.379307598+03:00","Action":"run","Package":"virmill.local/core/internal/ui/tui","Test":"TestProviderConformanceUsesSharedPluginTest"}
{"Time":"2026-09-08T08:38:22.379310802+03:00","Action":"output","Package":"virmill.local/core/internal/ui/tui","Test":"TestProviderConformanceUsesSharedPluginTest","Output":"=== RUN   TestProviderConformanceUsesSharedPluginTest\n","OutputType":"frame"}
{"Time":"2026-09-08T08:38:22.380215733+03:00","Action":"output","Package":"virmill.local/core/internal/ui/tui","Test":"TestProviderConformanceUsesSharedPluginTest","Output":"--- PASS: TestProviderConformanceUsesSharedPluginTest (0.00s)\n","OutputType":"frame"}
{"Time":"2026-09-08T08:38:22.3802234+03:00","Action":"pass","Package":"virmill.local/core/internal/ui/tui","Test":"TestProviderConformanceUsesSharedPluginTest","Elapsed":0}
{"Time":"2026-09-08T08:38:22.380236568+03:00","Action":"run","Package":"virmill.local/core/internal/ui/tui","Test":"TestRebootFormUsesSharedPreview"}
{"Time":"2026-09-08T08:38:22.380238601+03:00","Action":"output","Package":"virmill.local/core/internal/ui/tui","Test":"TestRebootFormUsesSharedPreview","Output":"=== RUN   TestRebootFormUsesSharedPreview\n","OutputType":"frame"}
{"Time":"2026-09-08T08:38:22.381445968+03:00","Action":"output","Package":"virmill.local/core/internal/ui/tui","Test":"TestRebootFormUsesSharedPreview","Output":"--- PASS: TestRebootFormUsesSharedPreview (0.00s)\n","OutputType":"frame"}
{"Time":"2026-09-08T08:38:22.381452015+03:00","Action":"pass","Package":"virmill.local/core/internal/ui/tui","Test":"TestRebootFormUsesSharedPreview","Elapsed":0}
{"Time":"2026-09-08T08:38:22.381469511+03:00","Action":"run","Package":"virmill.local/core/internal/ui/tui","Test":"TestProtectionInspectionAndManifestForms"}
{"Time":"2026-09-08T08:38:22.381471586+03:00","Action":"output","Package":"virmill.local/core/internal/ui/tui","Test":"TestProtectionInspectionAndManifestForms","Output":"=== RUN   TestProtectionInspectionAndManifestForms\n","OutputType":"frame"}
{"Time":"2026-09-08T08:38:22.382445917+03:00","Action":"output","Package":"virmill.local/core/internal/ui/tui","Test":"TestProtectionInspectionAndManifestForms","Output":"--- PASS: TestProtectionInspectionAndManifestForms (0.00s)\n","OutputType":"frame"}
{"Time":"2026-09-08T08:38:22.382470585+03:00","Action":"pass","Package":"virmill.local/core/internal/ui/tui","Test":"TestProtectionInspectionAndManifestForms","Elapsed":0}
{"Time":"2026-09-08T08:38:22.382487291+03:00","Action":"run","Package":"virmill.local/core/internal/ui/tui","Test":"TestRecoveryTUIManifestRootReachesActualMemberVerification"}
{"Time":"2026-09-08T08:38:22.382489542+03:00","Action":"output","Package":"virmill.local/core/internal/ui/tui","Test":"TestRecoveryTUIManifestRootReachesActualMemberVerification","Output":"=== RUN   TestRecoveryTUIManifestRootReachesActualMemberVerification\n","OutputType":"frame"}
{"Time":"2026-09-08T08:38:22.385423061+03:00","Action":"output","Package":"virmill.local/core/internal/ui/cli","Test":"TestCreationNVRAMCLIResultStages/ndjson/bound","Output":"--- PASS: TestCreationNVRAMCLIResultStages/ndjson/bound (0.03s)\n","OutputType":"frame"}
{"Time":"2026-09-08T08:38:22.385435927+03:00","Action":"pass","Package":"virmill.local/core/internal/ui/cli","Test":"TestCreationNVRAMCLIResultStages/ndjson/bound","Elapsed":0.03}
{"Time":"2026-09-08T08:38:22.385454607+03:00","Action":"run","Package":"virmill.local/core/internal/ui/cli","Test":"TestCreationNVRAMCLIResultStages/ndjson/bound-running"}
{"Time":"2026-09-08T08:38:22.385457315+03:00","Action":"output","Package":"virmill.local/core/internal/ui/cli","Test":"TestCreationNVRAMCLIResultStages/ndjson/bound-running","Output":"=== RUN   TestCreationNVRAMCLIResultStages/ndjson/bound-running\n","OutputType":"frame"}
{"Time":"2026-09-08T08:38:22.39071825+03:00","Action":"output","Package":"virmill.local/core/internal/ui/tui","Test":"TestRecoveryTUIManifestRootReachesActualMemberVerification","Output":"--- PASS: TestRecoveryTUIManifestRootReachesActualMemberVerification (0.01s)\n","OutputType":"frame"}
{"Time":"2026-09-08T08:38:22.390755282+03:00","Action":"pass","Package":"virmill.local/core/internal/ui/tui","Test":"TestRecoveryTUIManifestRootReachesActualMemberVerification","Elapsed":0.01}
{"Time":"2026-09-08T08:38:22.390772658+03:00","Action":"run","Package":"virmill.local/core/internal/ui/tui","Test":"TestRecoveryTUIFailuresClearStaleApprovalAndRemainVisible"}
{"Time":"2026-09-08T08:38:22.390777289+03:00","Action":"output","Package":"virmill.local/core/internal/ui/tui","Test":"TestRecoveryTUIFailuresClearStaleApprovalAndRemainVisible","Output":"=== RUN   TestRecoveryTUIFailuresClearStaleApprovalAndRemainVisible\n","OutputType":"frame"}
{"Time":"2026-09-08T08:38:22.390839925+03:00","Action":"run","Package":"virmill.local/core/internal/ui/tui","Test":"TestRecoveryTUIFailuresClearStaleApprovalAndRemainVisible/unsupported-native"}
{"Time":"2026-09-08T08:38:22.390844905+03:00","Action":"output","Package":"virmill.local/core/internal/ui/tui","Test":"TestRecoveryTUIFailuresClearStaleApprovalAndRemainVisible/unsupported-native","Output":"=== RUN   TestRecoveryTUIFailuresClearStaleApprovalAndRemainVisible/unsupported-native\n","OutputType":"frame"}
{"Time":"2026-09-08T08:38:22.392457818+03:00","Action":"output","Package":"virmill.local/core/internal/ui/tui","Test":"TestRecoveryTUIFailuresClearStaleApprovalAndRemainVisible/unsupported-native","Output":"--- PASS: TestRecoveryTUIFailuresClearStaleApprovalAndRemainVisible/unsupported-native (0.00s)\n","OutputType":"frame"}
{"Time":"2026-09-08T08:38:22.392468786+03:00","Action":"pass","Package":"virmill.local/core/internal/ui/tui","Test":"TestRecoveryTUIFailuresClearStaleApprovalAndRemainVisible/unsupported-native","Elapsed":0}
{"Time":"2026-09-08T08:38:22.392472341+03:00","Action":"run","Package":"virmill.local/core/internal/ui/tui","Test":"TestRecoveryTUIFailuresClearStaleApprovalAndRemainVisible/transport-error"}
{"Time":"2026-09-08T08:38:22.392473805+03:00","Action":"output","Package":"virmill.local/core/internal/ui/tui","Test":"TestRecoveryTUIFailuresClearStaleApprovalAndRemainVisible/transport-error","Output":"=== RUN   TestRecoveryTUIFailuresClearStaleApprovalAndRemainVisible/transport-error\n","OutputType":"frame"}
{"Time":"2026-09-08T08:38:22.393689321+03:00","Action":"output","Package":"virmill.local/core/internal/ui/tui","Test":"TestRecoveryTUIFailuresClearStaleApprovalAndRemainVisible/transport-error","Output":"--- PASS: TestRecoveryTUIFailuresClearStaleApprovalAndRemainVisible/transport-error (0.00s)\n","OutputType":"frame"}
{"Time":"2026-09-08T08:38:22.39370777+03:00","Action":"pass","Package":"virmill.local/core/internal/ui/tui","Test":"TestRecoveryTUIFailuresClearStaleApprovalAndRemainVisible/transport-error","Elapsed":0}
{"Time":"2026-09-08T08:38:22.393712189+03:00","Action":"run","Package":"virmill.local/core/internal/ui/tui","Test":"TestRecoveryTUIFailuresClearStaleApprovalAndRemainVisible/canceled-observation"}
{"Time":"2026-09-08T08:38:22.393713596+03:00","Action":"output","Package":"virmill.local/core/internal/ui/tui","Test":"TestRecoveryTUIFailuresClearStaleApprovalAndRemainVisible/canceled-observation","Output":"=== RUN   TestRecoveryTUIFailuresClearStaleApprovalAndRemainVisible/canceled-observation\n","OutputType":"frame"}
{"Time":"2026-09-08T08:38:22.395365846+03:00","Action":"output","Package":"virmill.local/core/internal/ui/tui","Test":"TestRecoveryTUIFailuresClearStaleApprovalAndRemainVisible/canceled-observation","Output":"--- PASS: TestRecoveryTUIFailuresClearStaleApprovalAndRemainVisible/canceled-observation (0.00s)\n","OutputType":"frame"}
{"Time":"2026-09-08T08:38:22.395380148+03:00","Action":"pass","Package":"virmill.local/core/internal/ui/tui","Test":"TestRecoveryTUIFailuresClearStaleApprovalAndRemainVisible/canceled-observation","Elapsed":0}
{"Time":"2026-09-08T08:38:22.395399749+03:00","Action":"output","Package":"virmill.local/core/internal/ui/tui","Test":"TestRecoveryTUIFailuresClearStaleApprovalAndRemainVisible","Output":"--- PASS: TestRecoveryTUIFailuresClearStaleApprovalAndRemainVisible (0.00s)\n","OutputType":"frame"}
{"Time":"2026-09-08T08:38:22.39540384+03:00","Action":"pass","Package":"virmill.local/core/internal/ui/tui","Test":"TestRecoveryTUIFailuresClearStaleApprovalAndRemainVisible","Elapsed":0}
{"Time":"2026-09-08T08:38:22.395422193+03:00","Action":"run","Package":"virmill.local/core/internal/ui/tui","Test":"TestRecoveryTUIStrictFormsPathsAndEscapeNeverDispatchUnsafeInput"}
{"Time":"2026-09-08T08:38:22.395425225+03:00","Action":"output","Package":"virmill.local/core/internal/ui/tui","Test":"TestRecoveryTUIStrictFormsPathsAndEscapeNeverDispatchUnsafeInput","Output":"=== RUN   TestRecoveryTUIStrictFormsPathsAndEscapeNeverDispatchUnsafeInput\n","OutputType":"frame"}
{"Time":"2026-09-08T08:38:22.395735782+03:00","Action":"output","Package":"virmill.local/core/internal/plugins","Test":"TestChangedPackageStalePlanAndImmutableVersion","Output":"--- PASS: TestChangedPackageStalePlanAndImmutableVersion (0.11s)\n","OutputType":"frame"}
{"Time":"2026-09-08T08:38:22.395752293+03:00","Action":"pass","Package":"virmill.local/core/internal/plugins","Test":"TestChangedPackageStalePlanAndImmutableVersion","Elapsed":0.11}
{"Time":"2026-09-08T08:38:22.395769579+03:00","Action":"run","Package":"virmill.local/core/internal/plugins","Test":"TestLifecycleRecoveryObservesCommitWithoutRelaunch"}
{"Time":"2026-09-08T08:38:22.395771916+03:00","Action":"output","Package":"virmill.local/core/internal/plugins","Test":"TestLifecycleRecoveryObservesCommitWithoutRelaunch","Output":"=== RUN   TestLifecycleRecoveryObservesCommitWithoutRelaunch\n","OutputType":"frame"}
{"Time":"2026-09-08T08:38:22.397708127+03:00","Action":"output","Package":"virmill.local/core/internal/ui/tui","Test":"TestRecoveryTUIStrictFormsPathsAndEscapeNeverDispatchUnsafeInput","Output":"--- PASS: TestRecoveryTUIStrictFormsPathsAndEscapeNeverDispatchUnsafeInput (0.00s)\n","OutputType":"frame"}
{"Time":"2026-09-08T08:38:22.397720712+03:00","Action":"pass","Package":"virmill.local/core/internal/ui/tui","Test":"TestRecoveryTUIStrictFormsPathsAndEscapeNeverDispatchUnsafeInput","Elapsed":0}
{"Time":"2026-09-08T08:38:22.397735547+03:00","Action":"run","Package":"virmill.local/core/internal/ui/tui","Test":"TestSearchEnterSelectsWithoutExecutingAndNextEnterUsesRegistry"}
{"Time":"2026-09-08T08:38:22.397737494+03:00","Action":"output","Package":"virmill.local/core/internal/ui/tui","Test":"TestSearchEnterSelectsWithoutExecutingAndNextEnterUsesRegistry","Output":"=== RUN   TestSearchEnterSelectsWithoutExecutingAndNextEnterUsesRegistry\n","OutputType":"frame"}
{"Time":"2026-09-08T08:38:22.39844909+03:00","Action":"output","Package":"virmill.local/core/internal/ui/tui","Test":"TestSearchEnterSelectsWithoutExecutingAndNextEnterUsesRegistry","Output":"--- PASS: TestSearchEnterSelectsWithoutExecutingAndNextEnterUsesRegistry (0.00s)\n","OutputType":"frame"}
{"Time":"2026-09-08T08:38:22.398459506+03:00","Action":"pass","Package":"virmill.local/core/internal/ui/tui","Test":"TestSearchEnterSelectsWithoutExecutingAndNextEnterUsesRegistry","Elapsed":0}
{"Time":"2026-09-08T08:38:22.398473629+03:00","Action":"run","Package":"virmill.local/core/internal/ui/tui","Test":"TestSearchPreservesSelectedIdentityWhileFilteringAndClearing"}
{"Time":"2026-09-08T08:38:22.39847554+03:00","Action":"output","Package":"virmill.local/core/internal/ui/tui","Test":"TestSearchPreservesSelectedIdentityWhileFilteringAndClearing","Output":"=== RUN   TestSearchPreservesSelectedIdentityWhileFilteringAndClearing\n","OutputType":"frame"}
{"Time":"2026-09-08T08:38:22.399181849+03:00","Action":"output","Package":"virmill.local/core/internal/ui/tui","Test":"TestSearchPreservesSelectedIdentityWhileFilteringAndClearing","Output":"--- PASS: TestSearchPreservesSelectedIdentityWhileFilteringAndClearing (0.00s)\n","OutputType":"frame"}
{"Time":"2026-09-08T08:38:22.39918833+03:00","Action":"pass","Package":"virmill.local/core/internal/ui/tui","Test":"TestSearchPreservesSelectedIdentityWhileFilteringAndClearing","Elapsed":0}
{"Time":"2026-09-08T08:38:22.399201685+03:00","Action":"run","Package":"virmill.local/core/internal/ui/tui","Test":"TestSearchKeepsSelectionAndFocusAcrossSections"}
{"Time":"2026-09-08T08:38:22.399204339+03:00","Action":"output","Package":"virmill.local/core/internal/ui/tui","Test":"TestSearchKeepsSelectionAndFocusAcrossSections","Output":"=== RUN   TestSearchKeepsSelectionAndFocusAcrossSections\n","OutputType":"frame"}
{"Time":"2026-09-08T08:38:22.399730762+03:00","Action":"output","Package":"virmill.local/core/internal/ui/tui","Test":"TestSearchKeepsSelectionAndFocusAcrossSections","Output":"--- PASS: TestSearchKeepsSelectionAndFocusAcrossSections (0.00s)\n","OutputType":"frame"}
{"Time":"2026-09-08T08:38:22.399738591+03:00","Action":"pass","Package":"virmill.local/core/internal/ui/tui","Test":"TestSearchKeepsSelectionAndFocusAcrossSections","Elapsed":0}
{"Time":"2026-09-08T08:38:22.399746786+03:00","Action":"run","Package":"virmill.local/core/internal/ui/tui","Test":"TestSearchUnicodeCaseFoldingBackspaceAndWordMatching"}
{"Time":"2026-09-08T08:38:22.399748221+03:00","Action":"output","Package":"virmill.local/core/internal/ui/tui","Test":"TestSearchUnicodeCaseFoldingBackspaceAndWordMatching","Output":"=== RUN   TestSearchUnicodeCaseFoldingBackspaceAndWordMatching\n","OutputType":"frame"}
{"Time":"2026-09-08T08:38:22.399776866+03:00","Action":"run","Package":"virmill.local/core/internal/ui/tui","Test":"TestSearchUnicodeCaseFoldingBackspaceAndWordMatching/résumé"}
{"Time":"2026-09-08T08:38:22.399779552+03:00","Action":"output","Package":"virmill.local/core/internal/ui/tui","Test":"TestSearchUnicodeCaseFoldingBackspaceAndWordMatching/résumé","Output":"=== RUN   TestSearchUnicodeCaseFoldingBackspaceAndWordMatching/résumé\n","OutputType":"frame"}
{"Time":"2026-09-08T08:38:22.399927956+03:00","Action":"output","Package":"virmill.local/core/internal/ui/tui","Test":"TestSearchUnicodeCaseFoldingBackspaceAndWordMatching/résumé","Output":"--- PASS: TestSearchUnicodeCaseFoldingBackspaceAndWordMatching/résumé (0.00s)\n","OutputType":"frame"}
{"Time":"2026-09-08T08:38:22.39993895+03:00","Action":"pass","Package":"virmill.local/core/internal/ui/tui","Test":"TestSearchUnicodeCaseFoldingBackspaceAndWordMatching/résumé","Elapsed":0}
{"Time":"2026-09-08T08:38:22.399952903+03:00","Action":"run","Package":"virmill.local/core/internal/ui/tui","Test":"TestSearchUnicodeCaseFoldingBackspaceAndWordMatching/RÉSUMÉ"}
{"Time":"2026-09-08T08:38:22.399955226+03:00","Action":"output","Package":"virmill.local/core/internal/ui/tui","Test":"TestSearchUnicodeCaseFoldingBackspaceAndWordMatching/RÉSUMÉ","Output":"=== RUN   TestSearchUnicodeCaseFoldingBackspaceAndWordMatching/RÉSUMÉ\n","OutputType":"frame"}
{"Time":"2026-09-08T08:38:22.400127367+03:00","Action":"output","Package":"virmill.local/core/internal/ui/tui","Test":"TestSearchUnicodeCaseFoldingBackspaceAndWordMatching/RÉSUMÉ","Output":"--- PASS: TestSearchUnicodeCaseFoldingBackspaceAndWordMatching/RÉSUMÉ (0.00s)\n","OutputType":"frame"}
{"Time":"2026-09-08T08:38:22.400137991+03:00","Action":"pass","Package":"virmill.local/core/internal/ui/tui","Test":"TestSearchUnicodeCaseFoldingBackspaceAndWordMatching/RÉSUMÉ","Elapsed":0}
{"Time":"2026-09-08T08:38:22.400151658+03:00","Action":"run","Package":"virmill.local/core/internal/ui/tui","Test":"TestSearchUnicodeCaseFoldingBackspaceAndWordMatching/café"}
{"Time":"2026-09-08T08:38:22.400154036+03:00","Action":"output","Package":"virmill.local/core/internal/ui/tui","Test":"TestSearchUnicodeCaseFoldingBackspaceAndWordMatching/café","Output":"=== RUN   TestSearchUnicodeCaseFoldingBackspaceAndWordMatching/café\n","OutputType":"frame"}
{"Time":"2026-09-08T08:38:22.400312172+03:00","Action":"output","Package":"virmill.local/core/internal/ui/tui","Test":"TestSearchUnicodeCaseFoldingBackspaceAndWordMatching/café","Output":"--- PASS: TestSearchUnicodeCaseFoldingBackspaceAndWordMatching/café (0.00s)\n","OutputType":"frame"}
{"Time":"2026-09-08T08:38:22.400317693+03:00","Action":"pass","Package":"virmill.local/core/internal/ui/tui","Test":"TestSearchUnicodeCaseFoldingBackspaceAndWordMatching/café","Elapsed":0}
{"Time":"2026-09-08T08:38:22.400344364+03:00","Action":"run","Package":"virmill.local/core/internal/ui/tui","Test":"TestSearchUnicodeCaseFoldingBackspaceAndWordMatching/ς"}
{"Time":"2026-09-08T08:38:22.400347856+03:00","Action":"output","Package":"virmill.local/core/internal/ui/tui","Test":"TestSearchUnicodeCaseFoldingBackspaceAndWordMatching/ς","Output":"=== RUN   TestSearchUnicodeCaseFoldingBackspaceAndWordMatching/ς\n","OutputType":"frame"}
{"Time":"2026-09-08T08:38:22.400499798+03:00","Action":"output","Package":"virmill.local/core/internal/ui/tui","Test":"TestSearchUnicodeCaseFoldingBackspaceAndWordMatching/ς","Output":"--- PASS: TestSearchUnicodeCaseFoldingBackspaceAndWordMatching/ς (0.00s)\n","OutputType":"frame"}
{"Time":"2026-09-08T08:38:22.400503492+03:00","Action":"pass","Package":"virmill.local/core/internal/ui/tui","Test":"TestSearchUnicodeCaseFoldingBackspaceAndWordMatching/ς","Elapsed":0}
{"Time":"2026-09-08T08:38:22.400519274+03:00","Action":"run","Package":"virmill.local/core/internal/ui/tui","Test":"TestSearchUnicodeCaseFoldingBackspaceAndWordMatching/界面"}
{"Time":"2026-09-08T08:38:22.400521549+03:00","Action":"output","Package":"virmill.local/core/internal/ui/tui","Test":"TestSearchUnicodeCaseFoldingBackspaceAndWordMatching/界面","Output":"=== RUN   TestSearchUnicodeCaseFoldingBackspaceAndWordMatching/界面\n","OutputType":"frame"}
{"Time":"2026-09-08T08:38:22.400672816+03:00","Action":"output","Package":"virmill.local/core/internal/ui/tui","Test":"TestSearchUnicodeCaseFoldingBackspaceAndWordMatching/界面","Output":"--- PASS: TestSearchUnicodeCaseFoldingBackspaceAndWordMatching/界面 (0.00s)\n","OutputType":"frame"}
{"Time":"2026-09-08T08:38:22.400684771+03:00","Action":"pass","Package":"virmill.local/core/internal/ui/tui","Test":"TestSearchUnicodeCaseFoldingBackspaceAndWordMatching/界面","Elapsed":0}
{"Time":"2026-09-08T08:38:22.400693634+03:00","Action":"run","Package":"virmill.local/core/internal/ui/tui","Test":"TestSearchUnicodeCaseFoldingBackspaceAndWordMatching/VM_café"}
{"Time":"2026-09-08T08:38:22.400695643+03:00","Action":"output","Package":"virmill.local/core/internal/ui/tui","Test":"TestSearchUnicodeCaseFoldingBackspaceAndWordMatching/VM_café","Output":"=== RUN   TestSearchUnicodeCaseFoldingBackspaceAndWordMatching/VM_café\n","OutputType":"frame"}
{"Time":"2026-09-08T08:38:22.400842898+03:00","Action":"output","Package":"virmill.local/core/internal/ui/tui","Test":"TestSearchUnicodeCaseFoldingBackspaceAndWordMatching/VM_café","Output":"--- PASS: TestSearchUnicodeCaseFoldingBackspaceAndWordMatching/VM_café (0.00s)\n","OutputType":"frame"}
{"Time":"2026-09-08T08:38:22.400852596+03:00","Action":"pass","Package":"virmill.local/core/internal/ui/tui","Test":"TestSearchUnicodeCaseFoldingBackspaceAndWordMatching/VM_café","Elapsed":0}
{"Time":"2026-09-08T08:38:22.401120904+03:00","Action":"output","Package":"virmill.local/core/internal/ui/tui","Test":"TestSearchUnicodeCaseFoldingBackspaceAndWordMatching","Output":"--- PASS: TestSearchUnicodeCaseFoldingBackspaceAndWordMatching (0.00s)\n","OutputType":"frame"}
{"Time":"2026-09-08T08:38:22.40113186+03:00","Action":"pass","Package":"virmill.local/core/internal/ui/tui","Test":"TestSearchUnicodeCaseFoldingBackspaceAndWordMatching","Elapsed":0}
{"Time":"2026-09-08T08:38:22.401143843+03:00","Action":"run","Package":"virmill.local/core/internal/ui/tui","Test":"TestSearchSpaceEventsAndShortcutTextAreInput"}
{"Time":"2026-09-08T08:38:22.401146047+03:00","Action":"output","Package":"virmill.local/core/internal/ui/tui","Test":"TestSearchSpaceEventsAndShortcutTextAreInput","Output":"=== RUN   TestSearchSpaceEventsAndShortcutTextAreInput\n","OutputType":"frame"}
{"Time":"2026-09-08T08:38:22.401378928+03:00","Action":"output","Package":"virmill.local/core/internal/ui/tui","Test":"TestSearchSpaceEventsAndShortcutTextAreInput","Output":"--- PASS: TestSearchSpaceEventsAndShortcutTextAreInput (0.00s)\n","OutputType":"frame"}
{"Time":"2026-09-08T08:38:22.401382477+03:00","Action":"pass","Package":"virmill.local/core/internal/ui/tui","Test":"TestSearchSpaceEventsAndShortcutTextAreInput","Elapsed":0}
{"Time":"2026-09-08T08:38:22.401397341+03:00","Action":"run","Package":"virmill.local/core/internal/ui/tui","Test":"TestSearchInputLimitsAndControlsRefuseWholePaste"}
{"Time":"2026-09-08T08:38:22.401399355+03:00","Action":"output","Package":"virmill.local/core/internal/ui/tui","Test":"TestSearchInputLimitsAndControlsRefuseWholePaste","Output":"=== RUN   TestSearchInputLimitsAndControlsRefuseWholePaste\n","OutputType":"frame"}
{"Time":"2026-09-08T08:38:22.403088295+03:00","Action":"output","Package":"virmill.local/core/internal/ui/tui","Test":"TestSearchInputLimitsAndControlsRefuseWholePaste","Output":"--- PASS: TestSearchInputLimitsAndControlsRefuseWholePaste (0.00s)\n","OutputType":"frame"}
{"Time":"2026-09-08T08:38:22.403095192+03:00","Action":"pass","Package":"virmill.local/core/internal/ui/tui","Test":"TestSearchInputLimitsAndControlsRefuseWholePaste","Elapsed":0}
{"Time":"2026-09-08T08:38:22.403110997+03:00","Action":"run","Package":"virmill.local/core/internal/ui/tui","Test":"TestSearchNoResultsCannotExecuteOrDiscardPlan"}
{"Time":"2026-09-08T08:38:22.40311255+03:00","Action":"output","Package":"virmill.local/core/internal/ui/tui","Test":"TestSearchNoResultsCannotExecuteOrDiscardPlan","Output":"=== RUN   TestSearchNoResultsCannotExecuteOrDiscardPlan\n","OutputType":"frame"}
{"Time":"2026-09-08T08:38:22.403354714+03:00","Action":"output","Package":"virmill.local/core/internal/ui/tui","Test":"TestSearchNoResultsCannotExecuteOrDiscardPlan","Output":"--- PASS: TestSearchNoResultsCannotExecuteOrDiscardPlan (0.00s)\n","OutputType":"frame"}
{"Time":"2026-09-08T08:38:22.403366337+03:00","Action":"pass","Package":"virmill.local/core/internal/ui/tui","Test":"TestSearchNoResultsCannotExecuteOrDiscardPlan","Elapsed":0}
{"Time":"2026-09-08T08:38:22.403375911+03:00","Action":"run","Package":"virmill.local/core/internal/ui/tui","Test":"TestSearchDoesNotInterceptFormOrDigestEditing"}
{"Time":"2026-09-08T08:38:22.40337797+03:00","Action":"output","Package":"virmill.local/core/internal/ui/tui","Test":"TestSearchDoesNotInterceptFormOrDigestEditing","Output":"=== RUN   TestSearchDoesNotInterceptFormOrDigestEditing\n","OutputType":"frame"}
{"Time":"2026-09-08T08:38:22.403638651+03:00","Action":"output","Package":"virmill.local/core/internal/ui/tui","Test":"TestSearchDoesNotInterceptFormOrDigestEditing","Output":"--- PASS: TestSearchDoesNotInterceptFormOrDigestEditing (0.00s)\n","OutputType":"frame"}
{"Time":"2026-09-08T08:38:22.403654799+03:00","Action":"pass","Package":"virmill.local/core/internal/ui/tui","Test":"TestSearchDoesNotInterceptFormOrDigestEditing","Elapsed":0}
{"Time":"2026-09-08T08:38:22.403663203+03:00","Action":"run","Package":"virmill.local/core/internal/ui/tui","Test":"TestSearchResultAndBusyStateKeepFocusWithoutReexecution"}
{"Time":"2026-09-08T08:38:22.403666919+03:00","Action":"output","Package":"virmill.local/core/internal/ui/tui","Test":"TestSearchResultAndBusyStateKeepFocusWithoutReexecution","Output":"=== RUN   TestSearchResultAndBusyStateKeepFocusWithoutReexecution\n","OutputType":"frame"}
{"Time":"2026-09-08T08:38:22.403833954+03:00","Action":"output","Package":"virmill.local/core/internal/ui/tui","Test":"TestSearchResultAndBusyStateKeepFocusWithoutReexecution","Output":"--- PASS: TestSearchResultAndBusyStateKeepFocusWithoutReexecution (0.00s)\n","OutputType":"frame"}
{"Time":"2026-09-08T08:38:22.403837812+03:00","Action":"pass","Package":"virmill.local/core/internal/ui/tui","Test":"TestSearchResultAndBusyStateKeepFocusWithoutReexecution","Elapsed":0}
{"Time":"2026-09-08T08:38:22.403850411+03:00","Action":"run","Package":"virmill.local/core/internal/ui/tui","Test":"TestSearchNarrowResizeBoundsAndSelectedActionRemainVisible"}
{"Time":"2026-09-08T08:38:22.403852319+03:00","Action":"output","Package":"virmill.local/core/internal/ui/tui","Test":"TestSearchNarrowResizeBoundsAndSelectedActionRemainVisible","Output":"=== RUN   TestSearchNarrowResizeBoundsAndSelectedActionRemainVisible\n","OutputType":"frame"}
{"Time":"2026-09-08T08:38:22.41514791+03:00","Action":"output","Package":"virmill.local/core/internal/ui/tui","Test":"TestSearchNarrowResizeBoundsAndSelectedActionRemainVisible","Output":"--- PASS: TestSearchNarrowResizeBoundsAndSelectedActionRemainVisible (0.01s)\n","OutputType":"frame"}
{"Time":"2026-09-08T08:38:22.415176853+03:00","Action":"pass","Package":"virmill.local/core/internal/ui/tui","Test":"TestSearchNarrowResizeBoundsAndSelectedActionRemainVisible","Elapsed":0.01}
{"Time":"2026-09-08T08:38:22.415183583+03:00","Action":"run","Package":"virmill.local/core/internal/ui/tui","Test":"TestSearchCompactResultPagingHasNoGaps"}
{"Time":"2026-09-08T08:38:22.415185218+03:00","Action":"output","Package":"virmill.local/core/internal/ui/tui","Test":"TestSearchCompactResultPagingHasNoGaps","Output":"=== RUN   TestSearchCompactResultPagingHasNoGaps\n","OutputType":"frame"}
{"Time":"2026-09-08T08:38:22.419426115+03:00","Action":"output","Package":"virmill.local/core/internal/ui/tui","Test":"TestSearchCompactResultPagingHasNoGaps","Output":"--- PASS: TestSearchCompactResultPagingHasNoGaps (0.00s)\n","OutputType":"frame"}
{"Time":"2026-09-08T08:38:22.419444839+03:00","Action":"pass","Package":"virmill.local/core/internal/ui/tui","Test":"TestSearchCompactResultPagingHasNoGaps","Elapsed":0}
{"Time":"2026-09-08T08:38:22.419449608+03:00","Action":"run","Package":"virmill.local/core/internal/ui/tui","Test":"TestSearchCtrlCOnlyDetaches"}
{"Time":"2026-09-08T08:38:22.419451546+03:00","Action":"output","Package":"virmill.local/core/internal/ui/tui","Test":"TestSearchCtrlCOnlyDetaches","Output":"=== RUN   TestSearchCtrlCOnlyDetaches\n","OutputType":"frame"}
{"Time":"2026-09-08T08:38:22.419628377+03:00","Action":"output","Package":"virmill.local/core/internal/ui/tui","Test":"TestSearchCtrlCOnlyDetaches","Output":"--- PASS: TestSearchCtrlCOnlyDetaches (0.00s)\n","OutputType":"frame"}
{"Time":"2026-09-08T08:38:22.419639904+03:00","Action":"pass","Package":"virmill.local/core/internal/ui/tui","Test":"TestSearchCtrlCOnlyDetaches","Elapsed":0}
{"Time":"2026-09-08T08:38:22.419644011+03:00","Action":"run","Package":"virmill.local/core/internal/ui/tui","Test":"TestTerminalPhysicalSpaceAndShortcutWordsRemainLiteralFormInput"}
{"Time":"2026-09-08T08:38:22.419646386+03:00","Action":"output","Package":"virmill.local/core/internal/ui/tui","Test":"TestTerminalPhysicalSpaceAndShortcutWordsRemainLiteralFormInput","Output":"=== RUN   TestTerminalPhysicalSpaceAndShortcutWordsRemainLiteralFormInput\n","OutputType":"frame"}
{"Time":"2026-09-08T08:38:22.419649389+03:00","Action":"run","Package":"virmill.local/core/internal/ui/tui","Test":"TestTerminalPhysicalSpaceAndShortcutWordsRemainLiteralFormInput/0"}
{"Time":"2026-09-08T08:38:22.419651052+03:00","Action":"output","Package":"virmill.local/core/internal/ui/tui","Test":"TestTerminalPhysicalSpaceAndShortcutWordsRemainLiteralFormInput/0","Output":"=== RUN   TestTerminalPhysicalSpaceAndShortcutWordsRemainLiteralFormInput/0\n","OutputType":"frame"}
{"Time":"2026-09-08T08:38:22.419876342+03:00","Action":"output","Package":"virmill.local/core/internal/ui/cli","Test":"TestCreationNVRAMCLIResultStages/ndjson/bound-running","Output":"--- PASS: TestCreationNVRAMCLIResultStages/ndjson/bound-running (0.03s)\n","OutputType":"frame"}
{"Time":"2026-09-08T08:38:22.419889614+03:00","Action":"pass","Package":"virmill.local/core/internal/ui/cli","Test":"TestCreationNVRAMCLIResultStages/ndjson/bound-running","Elapsed":0.03}
{"Time":"2026-09-08T08:38:22.419906698+03:00","Action":"run","Package":"virmill.local/core/internal/ui/cli","Test":"TestCreationNVRAMCLIResultStages/ndjson/pending"}
{"Time":"2026-09-08T08:38:22.419909615+03:00","Action":"output","Package":"virmill.local/core/internal/ui/cli","Test":"TestCreationNVRAMCLIResultStages/ndjson/pending","Output":"=== RUN   TestCreationNVRAMCLIResultStages/ndjson/pending\n","OutputType":"frame"}
{"Time":"2026-09-08T08:38:22.420125405+03:00","Action":"output","Package":"virmill.local/core/internal/ui/tui","Test":"TestTerminalPhysicalSpaceAndShortcutWordsRemainLiteralFormInput/0","Output":"--- PASS: TestTerminalPhysicalSpaceAndShortcutWordsRemainLiteralFormInput/0 (0.00s)\n","OutputType":"frame"}
{"Time":"2026-09-08T08:38:22.420140794+03:00","Action":"pass","Package":"virmill.local/core/internal/ui/tui","Test":"TestTerminalPhysicalSpaceAndShortcutWordsRemainLiteralFormInput/0","Elapsed":0}
{"Time":"2026-09-08T08:38:22.420168944+03:00","Action":"run","Package":"virmill.local/core/internal/ui/tui","Test":"TestTerminalPhysicalSpaceAndShortcutWordsRemainLiteralFormInput/1"}
{"Time":"2026-09-08T08:38:22.420171639+03:00","Action":"output","Package":"virmill.local/core/internal/ui/tui","Test":"TestTerminalPhysicalSpaceAndShortcutWordsRemainLiteralFormInput/1","Output":"=== RUN   TestTerminalPhysicalSpaceAndShortcutWordsRemainLiteralFormInput/1\n","OutputType":"frame"}
{"Time":"2026-09-08T08:38:22.420743029+03:00","Action":"output","Package":"virmill.local/core/internal/ui/tui","Test":"TestTerminalPhysicalSpaceAndShortcutWordsRemainLiteralFormInput/1","Output":"--- PASS: TestTerminalPhysicalSpaceAndShortcutWordsRemainLiteralFormInput/1 (0.00s)\n","OutputType":"frame"}
{"Time":"2026-09-08T08:38:22.4207541+03:00","Action":"pass","Package":"virmill.local/core/internal/ui/tui","Test":"TestTerminalPhysicalSpaceAndShortcutWordsRemainLiteralFormInput/1","Elapsed":0}
{"Time":"2026-09-08T08:38:22.420784638+03:00","Action":"output","Package":"virmill.local/core/internal/ui/tui","Test":"TestTerminalPhysicalSpaceAndShortcutWordsRemainLiteralFormInput","Output":"--- PASS: TestTerminalPhysicalSpaceAndShortcutWordsRemainLiteralFormInput (0.00s)\n","OutputType":"frame"}
{"Time":"2026-09-08T08:38:22.420794111+03:00","Action":"pass","Package":"virmill.local/core/internal/ui/tui","Test":"TestTerminalPhysicalSpaceAndShortcutWordsRemainLiteralFormInput","Elapsed":0}
{"Time":"2026-09-08T08:38:22.420807565+03:00","Action":"run","Package":"virmill.local/core/internal/ui/tui","Test":"TestTerminalPathWithPhysicalSpacesReachesOnlySelectedService"}
{"Time":"2026-09-08T08:38:22.420810085+03:00","Action":"output","Package":"virmill.local/core/internal/ui/tui","Test":"TestTerminalPathWithPhysicalSpacesReachesOnlySelectedService","Output":"=== RUN   TestTerminalPathWithPhysicalSpacesReachesOnlySelectedService\n","OutputType":"frame"}
{"Time":"2026-09-08T08:38:22.42114096+03:00","Action":"output","Package":"virmill.local/core/internal/ui/tui","Test":"TestTerminalPathWithPhysicalSpacesReachesOnlySelectedService","Output":"--- PASS: TestTerminalPathWithPhysicalSpacesReachesOnlySelectedService (0.00s)\n","OutputType":"frame"}
{"Time":"2026-09-08T08:38:22.421155517+03:00","Action":"pass","Package":"virmill.local/core/internal/ui/tui","Test":"TestTerminalPathWithPhysicalSpacesReachesOnlySelectedService","Elapsed":0}
{"Time":"2026-09-08T08:38:22.421166611+03:00","Action":"run","Package":"virmill.local/core/internal/ui/tui","Test":"TestTerminalLongApprovalRetainsVisibleInputAndPageableExactReview"}
{"Time":"2026-09-08T08:38:22.421169005+03:00","Action":"output","Package":"virmill.local/core/internal/ui/tui","Test":"TestTerminalLongApprovalRetainsVisibleInputAndPageableExactReview","Output":"=== RUN   TestTerminalLongApprovalRetainsVisibleInputAndPageableExactReview\n","OutputType":"frame"}
{"Time":"2026-09-08T08:38:22.43822332+03:00","Action":"output","Package":"virmill.local/core/internal/plugins","Test":"TestLifecycleRecoveryObservesCommitWithoutRelaunch","Output":"--- PASS: TestLifecycleRecoveryObservesCommitWithoutRelaunch (0.04s)\n","OutputType":"frame"}
{"Time":"2026-09-08T08:38:22.438246711+03:00","Action":"pass","Package":"virmill.local/core/internal/plugins","Test":"TestLifecycleRecoveryObservesCommitWithoutRelaunch","Elapsed":0.04}
{"Time":"2026-09-08T08:38:22.438254981+03:00","Action":"run","Package":"virmill.local/core/internal/plugins","Test":"TestDistributionRejectsTrailingArchiveAndParentCollisions"}
{"Time":"2026-09-08T08:38:22.438256971+03:00","Action":"output","Package":"virmill.local/core/internal/plugins","Test":"TestDistributionRejectsTrailingArchiveAndParentCollisions","Output":"=== RUN   TestDistributionRejectsTrailingArchiveAndParentCollisions\n","OutputType":"frame"}
{"Time":"2026-09-08T08:38:22.441153709+03:00","Action":"output","Package":"virmill.local/core/internal/plugins","Test":"TestDistributionRejectsTrailingArchiveAndParentCollisions","Output":"--- PASS: TestDistributionRejectsTrailingArchiveAndParentCollisions (0.00s)\n","OutputType":"frame"}
{"Time":"2026-09-08T08:38:22.441171896+03:00","Action":"pass","Package":"virmill.local/core/internal/plugins","Test":"TestDistributionRejectsTrailingArchiveAndParentCollisions","Elapsed":0}
{"Time":"2026-09-08T08:38:22.441182008+03:00","Action":"run","Package":"virmill.local/core/internal/plugins","Test":"TestLifecycleRequiresActiveInvocationDispositionAndSchemaGuard"}
{"Time":"2026-09-08T08:38:22.44118533+03:00","Action":"output","Package":"virmill.local/core/internal/plugins","Test":"TestLifecycleRequiresActiveInvocationDispositionAndSchemaGuard","Output":"=== RUN   TestLifecycleRequiresActiveInvocationDispositionAndSchemaGuard\n","OutputType":"frame"}
{"Time":"2026-09-08T08:38:22.450098461+03:00","Action":"output","Package":"virmill.local/core/internal/ui/cli","Test":"TestCreationNVRAMCLIResultStages/ndjson/pending","Output":"--- PASS: TestCreationNVRAMCLIResultStages/ndjson/pending (0.03s)\n","OutputType":"frame"}
{"Time":"2026-09-08T08:38:22.450119449+03:00","Action":"pass","Package":"virmill.local/core/internal/ui/cli","Test":"TestCreationNVRAMCLIResultStages/ndjson/pending","Elapsed":0.03}
{"Time":"2026-09-08T08:38:22.450124927+03:00","Action":"run","Package":"virmill.local/core/internal/ui/cli","Test":"TestCreationNVRAMCLIResultStages/ndjson/pending-partial"}
{"Time":"2026-09-08T08:38:22.450130321+03:00","Action":"output","Package":"virmill.local/core/internal/ui/cli","Test":"TestCreationNVRAMCLIResultStages/ndjson/pending-partial","Output":"=== RUN   TestCreationNVRAMCLIResultStages/ndjson/pending-partial\n","OutputType":"frame"}
{"Time":"2026-09-08T08:38:22.478096126+03:00","Action":"output","Package":"virmill.local/core/internal/ui/cli","Test":"TestCreationNVRAMCLIResultStages/ndjson/pending-partial","Output":"--- PASS: TestCreationNVRAMCLIResultStages/ndjson/pending-partial (0.03s)\n","OutputType":"frame"}
{"Time":"2026-09-08T08:38:22.478135898+03:00","Action":"pass","Package":"virmill.local/core/internal/ui/cli","Test":"TestCreationNVRAMCLIResultStages/ndjson/pending-partial","Elapsed":0.03}
{"Time":"2026-09-08T08:38:22.478149319+03:00","Action":"run","Package":"virmill.local/core/internal/ui/cli","Test":"TestCreationNVRAMCLIResultStages/ndjson/legacy-succeeded"}
{"Time":"2026-09-08T08:38:22.478152719+03:00","Action":"output","Package":"virmill.local/core/internal/ui/cli","Test":"TestCreationNVRAMCLIResultStages/ndjson/legacy-succeeded","Output":"=== RUN   TestCreationNVRAMCLIResultStages/ndjson/legacy-succeeded\n","OutputType":"frame"}
{"Time":"2026-09-08T08:38:22.520976703+03:00","Action":"output","Package":"virmill.local/core/internal/ui/cli","Test":"TestCreationNVRAMCLIResultStages/ndjson/legacy-succeeded","Output":"--- PASS: TestCreationNVRAMCLIResultStages/ndjson/legacy-succeeded (0.04s)\n","OutputType":"frame"}
{"Time":"2026-09-08T08:38:22.521013021+03:00","Action":"pass","Package":"virmill.local/core/internal/ui/cli","Test":"TestCreationNVRAMCLIResultStages/ndjson/legacy-succeeded","Elapsed":0.04}
{"Time":"2026-09-08T08:38:22.52101913+03:00","Action":"run","Package":"virmill.local/core/internal/ui/cli","Test":"TestCreationNVRAMCLIResultStages/ndjson/legacy-pending"}
{"Time":"2026-09-08T08:38:22.521021123+03:00","Action":"output","Package":"virmill.local/core/internal/ui/cli","Test":"TestCreationNVRAMCLIResultStages/ndjson/legacy-pending","Output":"=== RUN   TestCreationNVRAMCLIResultStages/ndjson/legacy-pending\n","OutputType":"frame"}
{"Time":"2026-09-08T08:38:22.523412209+03:00","Action":"output","Package":"virmill.local/core/internal/plugins","Test":"TestLifecycleRequiresActiveInvocationDispositionAndSchemaGuard","Output":"--- PASS: TestLifecycleRequiresActiveInvocationDispositionAndSchemaGuard (0.08s)\n","OutputType":"frame"}
{"Time":"2026-09-08T08:38:22.523423291+03:00","Action":"pass","Package":"virmill.local/core/internal/plugins","Test":"TestLifecycleRequiresActiveInvocationDispositionAndSchemaGuard","Elapsed":0.08}
{"Time":"2026-09-08T08:38:22.523441916+03:00","Action":"run","Package":"virmill.local/core/internal/plugins","Test":"TestSignedPackageAndScopeIntersection"}
{"Time":"2026-09-08T08:38:22.523443855+03:00","Action":"output","Package":"virmill.local/core/internal/plugins","Test":"TestSignedPackageAndScopeIntersection","Output":"=== RUN   TestSignedPackageAndScopeIntersection\n","OutputType":"frame"}
{"Time":"2026-09-08T08:38:22.528435686+03:00","Action":"output","Package":"virmill.local/core/internal/plugins","Test":"TestSignedPackageAndScopeIntersection","Output":"--- PASS: TestSignedPackageAndScopeIntersection (0.00s)\n","OutputType":"frame"}
{"Time":"2026-09-08T08:38:22.528449665+03:00","Action":"pass","Package":"virmill.local/core/internal/plugins","Test":"TestSignedPackageAndScopeIntersection","Elapsed":0}
{"Time":"2026-09-08T08:38:22.52846902+03:00","Action":"run","Package":"virmill.local/core/internal/plugins","Test":"TestProviderConformanceRejectsBeforeStart"}
{"Time":"2026-09-08T08:38:22.528471793+03:00","Action":"output","Package":"virmill.local/core/internal/plugins","Test":"TestProviderConformanceRejectsBeforeStart","Output":"=== RUN   TestProviderConformanceRejectsBeforeStart\n","OutputType":"frame"}
{"Time":"2026-09-08T08:38:22.528512197+03:00","Action":"run","Package":"virmill.local/core/internal/plugins","Test":"TestProviderConformanceRejectsBeforeStart/mixed_extensions"}
{"Time":"2026-09-08T08:38:22.528515591+03:00","Action":"output","Package":"virmill.local/core/internal/plugins","Test":"TestProviderConformanceRejectsBeforeStart/mixed_extensions","Output":"=== RUN   TestProviderConformanceRejectsBeforeStart/mixed_extensions\n","OutputType":"frame"}
{"Time":"2026-09-08T08:38:22.528649285+03:00","Action":"output","Package":"virmill.local/core/internal/plugins","Test":"TestProviderConformanceRejectsBeforeStart/mixed_extensions","Output":"--- PASS: TestProviderConformanceRejectsBeforeStart/mixed_extensions (0.00s)\n","OutputType":"frame"}
{"Time":"2026-09-08T08:38:22.528661405+03:00","Action":"pass","Package":"virmill.local/core/internal/plugins","Test":"TestProviderConformanceRejectsBeforeStart/mixed_extensions","Elapsed":0}
{"Time":"2026-09-08T08:38:22.528675779+03:00","Action":"run","Package":"virmill.local/core/internal/plugins","Test":"TestProviderConformanceRejectsBeforeStart/no_extension"}
{"Time":"2026-09-08T08:38:22.52867889+03:00","Action":"output","Package":"virmill.local/core/internal/plugins","Test":"TestProviderConformanceRejectsBeforeStart/no_extension","Output":"=== RUN   TestProviderConformanceRejectsBeforeStart/no_extension\n","OutputType":"frame"}
{"Time":"2026-09-08T08:38:22.528793545+03:00","Action":"output","Package":"virmill.local/core/internal/plugins","Test":"TestProviderConformanceRejectsBeforeStart/no_extension","Output":"--- PASS: TestProviderConformanceRejectsBeforeStart/no_extension (0.00s)\n","OutputType":"frame"}
{"Time":"2026-09-08T08:38:22.528809267+03:00","Action":"pass","Package":"virmill.local/core/internal/plugins","Test":"TestProviderConformanceRejectsBeforeStart/no_extension","Elapsed":0}
{"Time":"2026-09-08T08:38:22.528815383+03:00","Action":"run","Package":"virmill.local/core/internal/plugins","Test":"TestProviderConformanceRejectsBeforeStart/provider_ID"}
{"Time":"2026-09-08T08:38:22.528818882+03:00","Action":"output","Package":"virmill.local/core/internal/plugins","Test":"TestProviderConformanceRejectsBeforeStart/provider_ID","Output":"=== RUN   TestProviderConformanceRejectsBeforeStart/provider_ID\n","OutputType":"frame"}
{"Time":"2026-09-08T08:38:22.528928595+03:00","Action":"output","Package":"virmill.local/core/internal/plugins","Test":"TestProviderConformanceRejectsBeforeStart/provider_ID","Output":"--- PASS: TestProviderConformanceRejectsBeforeStart/provider_ID (0.00s)\n","OutputType":"frame"}
{"Time":"2026-09-08T08:38:22.528939588+03:00","Action":"pass","Package":"virmill.local/core/internal/plugins","Test":"TestProviderConformanceRejectsBeforeStart/provider_ID","Elapsed":0}
{"Time":"2026-09-08T08:38:22.528955619+03:00","Action":"run","Package":"virmill.local/core/internal/plugins","Test":"TestProviderConformanceRejectsBeforeStart/old_version"}
{"Time":"2026-09-08T08:38:22.528958471+03:00","Action":"output","Package":"virmill.local/core/internal/plugins","Test":"TestProviderConformanceRejectsBeforeStart/old_version","Output":"=== RUN   TestProviderConformanceRejectsBeforeStart/old_version\n","OutputType":"frame"}
{"Time":"2026-09-08T08:38:22.529064141+03:00","Action":"output","Package":"virmill.local/core/internal/plugins","Test":"TestProviderConformanceRejectsBeforeStart/old_version","Output":"--- PASS: TestProviderConformanceRejectsBeforeStart/old_version (0.00s)\n","OutputType":"frame"}
{"Time":"2026-09-08T08:38:22.529076876+03:00","Action":"pass","Package":"virmill.local/core/internal/plugins","Test":"TestProviderConformanceRejectsBeforeStart/old_version","Elapsed":0}
{"Time":"2026-09-08T08:38:22.529083665+03:00","Action":"run","Package":"virmill.local/core/internal/plugins","Test":"TestProviderConformanceRejectsBeforeStart/protocol_min"}
{"Time":"2026-09-08T08:38:22.529085813+03:00","Action":"output","Package":"virmill.local/core/internal/plugins","Test":"TestProviderConformanceRejectsBeforeStart/protocol_min","Output":"=== RUN   TestProviderConformanceRejectsBeforeStart/protocol_min\n","OutputType":"frame"}
{"Time":"2026-09-08T08:38:22.529191405+03:00","Action":"output","Package":"virmill.local/core/internal/plugins","Test":"TestProviderConformanceRejectsBeforeStart/protocol_min","Output":"--- PASS: TestProviderConformanceRejectsBeforeStart/protocol_min (0.00s)\n","OutputType":"frame"}
{"Time":"2026-09-08T08:38:22.52919603+03:00","Action":"pass","Package":"virmill.local/core/internal/plugins","Test":"TestProviderConformanceRejectsBeforeStart/protocol_min","Elapsed":0}
{"Time":"2026-09-08T08:38:22.529210117+03:00","Action":"run","Package":"virmill.local/core/internal/plugins","Test":"TestProviderConformanceRejectsBeforeStart/protocol_max"}
{"Time":"2026-09-08T08:38:22.52921313+03:00","Action":"output","Package":"virmill.local/core/internal/plugins","Test":"TestProviderConformanceRejectsBeforeStart/protocol_max","Output":"=== RUN   TestProviderConformanceRejectsBeforeStart/protocol_max\n","OutputType":"frame"}
{"Time":"2026-09-08T08:38:22.529333005+03:00","Action":"output","Package":"virmill.local/core/internal/plugins","Test":"TestProviderConformanceRejectsBeforeStart/protocol_max","Output":"--- PASS: TestProviderConformanceRejectsBeforeStart/protocol_max (0.00s)\n","OutputType":"frame"}
{"Time":"2026-09-08T08:38:22.529339158+03:00","Action":"pass","Package":"virmill.local/core/internal/plugins","Test":"TestProviderConformanceRejectsBeforeStart/protocol_max","Elapsed":0}
{"Time":"2026-09-08T08:38:22.529367609+03:00","Action":"run","Package":"virmill.local/core/internal/plugins","Test":"TestProviderConformanceRejectsBeforeStart/permission"}
{"Time":"2026-09-08T08:38:22.529382377+03:00","Action":"output","Package":"virmill.local/core/internal/plugins","Test":"TestProviderConformanceRejectsBeforeStart/permission","Output":"=== RUN   TestProviderConformanceRejectsBeforeStart/permission\n","OutputType":"frame"}
{"Time":"2026-09-08T08:38:22.529468904+03:00","Action":"output","Package":"virmill.local/core/internal/plugins","Test":"TestProviderConformanceRejectsBeforeStart/permission","Output":"--- PASS: TestProviderConformanceRejectsBeforeStart/permission (0.00s)\n","OutputType":"frame"}
{"Time":"2026-09-08T08:38:22.529479915+03:00","Action":"pass","Package":"virmill.local/core/internal/plugins","Test":"TestProviderConformanceRejectsBeforeStart/permission","Elapsed":0}
{"Time":"2026-09-08T08:38:22.529484631+03:00","Action":"run","Package":"virmill.local/core/internal/plugins","Test":"TestProviderConformanceRejectsBeforeStart/network"}
{"Time":"2026-09-08T08:38:22.529487642+03:00","Action":"output","Package":"virmill.local/core/internal/plugins","Test":"TestProviderConformanceRejectsBeforeStart/network","Output":"=== RUN   TestProviderConformanceRejectsBeforeStart/network\n","OutputType":"frame"}
{"Time":"2026-09-08T08:38:22.529575253+03:00","Action":"output","Package":"virmill.local/core/internal/plugins","Test":"TestProviderConformanceRejectsBeforeStart/network","Output":"--- PASS: TestProviderConformanceRejectsBeforeStart/network (0.00s)\n","OutputType":"frame"}
{"Time":"2026-09-08T08:38:22.52957935+03:00","Action":"pass","Package":"virmill.local/core/internal/plugins","Test":"TestProviderConformanceRejectsBeforeStart/network","Elapsed":0}
{"Time":"2026-09-08T08:38:22.529593522+03:00","Action":"run","Package":"virmill.local/core/internal/plugins","Test":"TestProviderConformanceRejectsBeforeStart/manifest_version"}
{"Time":"2026-09-08T08:38:22.529595881+03:00","Action":"output","Package":"virmill.local/core/internal/plugins","Test":"TestProviderConformanceRejectsBeforeStart/manifest_version","Output":"=== RUN   TestProviderConformanceRejectsBeforeStart/manifest_version\n","OutputType":"frame"}
{"Time":"2026-09-08T08:38:22.529697345+03:00","Action":"output","Package":"virmill.local/core/internal/plugins","Test":"TestProviderConformanceRejectsBeforeStart/manifest_version","Output":"--- PASS: TestProviderConformanceRejectsBeforeStart/manifest_version (0.00s)\n","OutputType":"frame"}
{"Time":"2026-09-08T08:38:22.529702211+03:00","Action":"pass","Package":"virmill.local/core/internal/plugins","Test":"TestProviderConformanceRejectsBeforeStart/manifest_version","Elapsed":0}
{"Time":"2026-09-08T08:38:22.529715569+03:00","Action":"run","Package":"virmill.local/core/internal/plugins","Test":"TestProviderConformanceRejectsBeforeStart/transport"}
{"Time":"2026-09-08T08:38:22.529718214+03:00","Action":"output","Package":"virmill.local/core/internal/plugins","Test":"TestProviderConformanceRejectsBeforeStart/transport","Output":"=== RUN   TestProviderConformanceRejectsBeforeStart/transport\n","OutputType":"frame"}
{"Time":"2026-09-08T08:38:22.529811495+03:00","Action":"output","Package":"virmill.local/core/internal/plugins","Test":"TestProviderConformanceRejectsBeforeStart/transport","Output":"--- PASS: TestProviderConformanceRejectsBeforeStart/transport (0.00s)\n","OutputType":"frame"}
{"Time":"2026-09-08T08:38:22.529823507+03:00","Action":"pass","Package":"virmill.local/core/internal/plugins","Test":"TestProviderConformanceRejectsBeforeStart/transport","Elapsed":0}
{"Time":"2026-09-08T08:38:22.529904058+03:00","Action":"output","Package":"virmill.local/core/internal/plugins","Test":"TestProviderConformanceRejectsBeforeStart","Output":"--- PASS: TestProviderConformanceRejectsBeforeStart (0.00s)\n","OutputType":"frame"}
{"Time":"2026-09-08T08:38:22.529914552+03:00","Action":"pass","Package":"virmill.local/core/internal/plugins","Test":"TestProviderConformanceRejectsBeforeStart","Elapsed":0}
{"Time":"2026-09-08T08:38:22.529925951+03:00","Action":"run","Package":"virmill.local/core/internal/plugins","Test":"TestProviderCapabilityResultObjectOrder"}
{"Time":"2026-09-08T08:38:22.529928225+03:00","Action":"output","Package":"virmill.local/core/internal/plugins","Test":"TestProviderCapabilityResultObjectOrder","Output":"=== RUN   TestProviderCapabilityResultObjectOrder\n","OutputType":"frame"}
{"Time":"2026-09-08T08:38:22.531690246+03:00","Action":"run","Package":"virmill.local/core/internal/plugins","Test":"TestProviderCapabilityResultObjectOrder/wrong_support"}
{"Time":"2026-09-08T08:38:22.531693361+03:00","Action":"output","Package":"virmill.local/core/internal/plugins","Test":"TestProviderCapabilityResultObjectOrder/wrong_support","Output":"=== RUN   TestProviderCapabilityResultObjectOrder/wrong_support\n","OutputType":"frame"}
{"Time":"2026-09-08T08:38:22.532439945+03:00","Action":"output","Package":"virmill.local/core/internal/plugins","Test":"TestProviderCapabilityResultObjectOrder/wrong_support","Output":"--- PASS: TestProviderCapabilityResultObjectOrder/wrong_support (0.00s)\n","OutputType":"frame"}
{"Time":"2026-09-08T08:38:22.532460069+03:00","Action":"pass","Package":"virmill.local/core/internal/plugins","Test":"TestProviderCapabilityResultObjectOrder/wrong_support","Elapsed":0}
{"Time":"2026-09-08T08:38:22.532477516+03:00","Action":"run","Package":"virmill.local/core/internal/plugins","Test":"TestProviderCapabilityResultObjectOrder/null_support"}
{"Time":"2026-09-08T08:38:22.532479877+03:00","Action":"output","Package":"virmill.local/core/internal/plugins","Test":"TestProviderCapabilityResultObjectOrder/null_support","Output":"=== RUN   TestProviderCapabilityResultObjectOrder/null_support\n","OutputType":"frame"}
{"Time":"2026-09-08T08:38:22.533242335+03:00","Action":"output","Package":"virmill.local/core/internal/plugins","Test":"TestProviderCapabilityResultObjectOrder/null_support","Output":"--- PASS: TestProviderCapabilityResultObjectOrder/null_support (0.00s)\n","OutputType":"frame"}
{"Time":"2026-09-08T08:38:22.53325523+03:00","Action":"pass","Package":"virmill.local/core/internal/plugins","Test":"TestProviderCapabilityResultObjectOrder/null_support","Elapsed":0}
{"Time":"2026-09-08T08:38:22.533271078+03:00","Action":"run","Package":"virmill.local/core/internal/plugins","Test":"TestProviderCapabilityResultObjectOrder/missing_support"}
{"Time":"2026-09-08T08:38:22.53327329+03:00","Action":"output","Package":"virmill.local/core/internal/plugins","Test":"TestProviderCapabilityResultObjectOrder/missing_support","Output":"=== RUN   TestProviderCapabilityResultObjectOrder/missing_support\n","OutputType":"frame"}
{"Time":"2026-09-08T08:38:22.534028696+03:00","Action":"output","Package":"virmill.local/core/internal/plugins","Test":"TestProviderCapabilityResultObjectOrder/missing_support","Output":"--- PASS: TestProviderCapabilityResultObjectOrder/missing_support (0.00s)\n","OutputType":"frame"}
{"Time":"2026-09-08T08:38:22.534042767+03:00","Action":"pass","Package":"virmill.local/core/internal/plugins","Test":"TestProviderCapabilityResultObjectOrder/missing_support","Elapsed":0}
{"Time":"2026-09-08T08:38:22.534058031+03:00","Action":"run","Package":"virmill.local/core/internal/plugins","Test":"TestProviderCapabilityResultObjectOrder/extra_support"}
{"Time":"2026-09-08T08:38:22.534060165+03:00","Action":"output","Package":"virmill.local/core/internal/plugins","Test":"TestProviderCapabilityResultObjectOrder/extra_support","Output":"=== RUN   TestProviderCapabilityResultObjectOrder/extra_support\n","OutputType":"frame"}
{"Time":"2026-09-08T08:38:22.534923911+03:00","Action":"output","Package":"virmill.local/core/internal/plugins","Test":"TestProviderCapabilityResultObjectOrder/extra_support","Output":"--- PASS: TestProviderCapabilityResultObjectOrder/extra_support (0.00s)\n","OutputType":"frame"}
{"Time":"2026-09-08T08:38:22.534932998+03:00","Action":"pass","Package":"virmill.local/core/internal/plugins","Test":"TestProviderCapabilityResultObjectOrder/extra_support","Elapsed":0}
{"Time":"2026-09-08T08:38:22.534953334+03:00","Action":"run","Package":"virmill.local/core/internal/plugins","Test":"TestProviderCapabilityResultObjectOrder/duplicate_support"}
{"Time":"2026-09-08T08:38:22.534955986+03:00","Action":"output","Package":"virmill.local/core/internal/plugins","Test":"TestProviderCapabilityResultObjectOrder/duplicate_support","Output":"=== RUN   TestProviderCapabilityResultObjectOrder/duplicate_support\n","OutputType":"frame"}
{"Time":"2026-09-08T08:38:22.535047324+03:00","Action":"output","Package":"virmill.local/core/internal/plugins","Test":"TestProviderCapabilityResultObjectOrder/duplicate_support","Output":"--- PASS: TestProviderCapabilityResultObjectOrder/duplicate_support (0.00s)\n","OutputType":"frame"}
{"Time":"2026-09-08T08:38:22.535062333+03:00","Action":"pass","Package":"virmill.local/core/internal/plugins","Test":"TestProviderCapabilityResultObjectOrder/duplicate_support","Elapsed":0}
{"Time":"2026-09-08T08:38:22.535076335+03:00","Action":"run","Package":"virmill.local/core/internal/plugins","Test":"TestProviderCapabilityResultObjectOrder/not_simulated"}
{"Time":"2026-09-08T08:38:22.535078429+03:00","Action":"output","Package":"virmill.local/core/internal/plugins","Test":"TestProviderCapabilityResultObjectOrder/not_simulated","Output":"=== RUN   TestProviderCapabilityResultObjectOrder/not_simulated\n","OutputType":"frame"}
{"Time":"2026-09-08T08:38:22.535873479+03:00","Action":"output","Package":"virmill.local/core/internal/plugins","Test":"TestProviderCapabilityResultObjectOrder/not_simulated","Output":"--- PASS: TestProviderCapabilityResultObjectOrder/not_simulated (0.00s)\n","OutputType":"frame"}
{"Time":"2026-09-08T08:38:22.535887144+03:00","Action":"pass","Package":"virmill.local/core/internal/plugins","Test":"TestProviderCapabilityResultObjectOrder/not_simulated","Elapsed":0}
{"Time":"2026-09-08T08:38:22.535903827+03:00","Action":"run","Package":"virmill.local/core/internal/plugins","Test":"TestProviderCapabilityResultObjectOrder/trailing_document"}
{"Time":"2026-09-08T08:38:22.535907625+03:00","Action":"output","Package":"virmill.local/core/internal/plugins","Test":"TestProviderCapabilityResultObjectOrder/trailing_document","Output":"=== RUN   TestProviderCapabilityResultObjectOrder/trailing_document\n","OutputType":"frame"}
{"Time":"2026-09-08T08:38:22.536037133+03:00","Action":"output","Package":"virmill.local/core/internal/plugins","Test":"TestProviderCapabilityResultObjectOrder/trailing_document","Output":"--- PASS: TestProviderCapabilityResultObjectOrder/trailing_document (0.00s)\n","OutputType":"frame"}
{"Time":"2026-09-08T08:38:22.536055705+03:00","Action":"pass","Package":"virmill.local/core/internal/plugins","Test":"TestProviderCapabilityResultObjectOrder/trailing_document","Elapsed":0}
{"Time":"2026-09-08T08:38:22.5360712+03:00","Action":"run","Package":"virmill.local/core/internal/plugins","Test":"TestProviderCapabilityResultObjectOrder/duplicate_outer"}
{"Time":"2026-09-08T08:38:22.536073539+03:00","Action":"output","Package":"virmill.local/core/internal/plugins","Test":"TestProviderCapabilityResultObjectOrder/duplicate_outer","Output":"=== RUN   TestProviderCapabilityResultObjectOrder/duplicate_outer\n","OutputType":"frame"}
{"Time":"2026-09-08T08:38:22.53615872+03:00","Action":"output","Package":"virmill.local/core/internal/plugins","Test":"TestProviderCapabilityResultObjectOrder/duplicate_outer","Output":"--- PASS: TestProviderCapabilityResultObjectOrder/duplicate_outer (0.00s)\n","OutputType":"frame"}
{"Time":"2026-09-08T08:38:22.536168198+03:00","Action":"pass","Package":"virmill.local/core/internal/plugins","Test":"TestProviderCapabilityResultObjectOrder/duplicate_outer","Elapsed":0}
{"Time":"2026-09-08T08:38:22.536184505+03:00","Action":"run","Package":"virmill.local/core/internal/plugins","Test":"TestProviderCapabilityResultObjectOrder/other_connection"}
{"Time":"2026-09-08T08:38:22.536186808+03:00","Action":"output","Package":"virmill.local/core/internal/plugins","Test":"TestProviderCapabilityResultObjectOrder/other_connection","Output":"=== RUN   TestProviderCapabilityResultObjectOrder/other_connection\n","OutputType":"frame"}
{"Time":"2026-09-08T08:38:22.537024998+03:00","Action":"output","Package":"virmill.local/core/internal/plugins","Test":"TestProviderCapabilityResultObjectOrder/other_connection","Output":"--- PASS: TestProviderCapabilityResultObjectOrder/other_connection (0.00s)\n","OutputType":"frame"}
{"Time":"2026-09-08T08:38:22.537033478+03:00","Action":"pass","Package":"virmill.local/core/internal/plugins","Test":"TestProviderCapabilityResultObjectOrder/other_connection","Elapsed":0}
{"Time":"2026-09-08T08:38:22.537051996+03:00","Action":"run","Package":"virmill.local/core/internal/plugins","Test":"TestProviderCapabilityResultObjectOrder/null_result"}
{"Time":"2026-09-08T08:38:22.537054241+03:00","Action":"output","Package":"virmill.local/core/internal/plugins","Test":"TestProviderCapabilityResultObjectOrder/null_result","Output":"=== RUN   TestProviderCapabilityResultObjectOrder/null_result\n","OutputType":"frame"}
{"Time":"2026-09-08T08:38:22.537146925+03:00","Action":"output","Package":"virmill.local/core/internal/plugins","Test":"TestProviderCapabilityResultObjectOrder/null_result","Output":"--- PASS: TestProviderCapabilityResultObjectOrder/null_result (0.00s)\n","OutputType":"frame"}
{"Time":"2026-09-08T08:38:22.537162391+03:00","Action":"pass","Package":"virmill.local/core/internal/plugins","Test":"TestProviderCapabilityResultObjectOrder/null_result","Elapsed":0}
{"Time":"2026-09-08T08:38:22.537182796+03:00","Action":"output","Package":"virmill.local/core/internal/plugins","Test":"TestProviderCapabilityResultObjectOrder","Output":"--- PASS: TestProviderCapabilityResultObjectOrder (0.01s)\n","OutputType":"frame"}
{"Time":"2026-09-08T08:38:22.537195833+03:00","Action":"pass","Package":"virmill.local/core/internal/plugins","Test":"TestProviderCapabilityResultObjectOrder","Elapsed":0.01}
{"Time":"2026-09-08T08:38:22.537213586+03:00","Action":"run","Package":"virmill.local/core/internal/plugins","Test":"TestProviderResourceIdentityAndCapabilities"}
{"Time":"2026-09-08T08:38:22.537215834+03:00","Action":"output","Package":"virmill.local/core/internal/plugins","Test":"TestProviderResourceIdentityAndCapabilities","Output":"=== RUN   TestProviderResourceIdentityAndCapabilities\n","OutputType":"frame"}
{"Time":"2026-09-08T08:38:22.537272247+03:00","Action":"run","Package":"virmill.local/core/internal/plugins","Test":"TestProviderResourceIdentityAndCapabilities/external_identity"}
{"Time":"2026-09-08T08:38:22.537274585+03:00","Action":"output","Package":"virmill.local/core/internal/plugins","Test":"TestProviderResourceIdentityAndCapabilities/external_identity","Output":"=== RUN   TestProviderResourceIdentityAndCapabilities/external_identity\n","OutputType":"frame"}
{"Time":"2026-09-08T08:38:22.537338171+03:00","Action":"output","Package":"virmill.local/core/internal/plugins","Test":"TestProviderResourceIdentityAndCapabilities/external_identity","Output":"--- PASS: TestProviderResourceIdentityAndCapabilities/external_identity (0.00s)\n","OutputType":"frame"}
{"Time":"2026-09-08T08:38:22.537349843+03:00","Action":"pass","Package":"virmill.local/core/internal/plugins","Test":"TestProviderResourceIdentityAndCapabilities/external_identity","Elapsed":0}
{"Time":"2026-09-08T08:38:22.537368776+03:00","Action":"run","Package":"virmill.local/core/internal/plugins","Test":"TestProviderResourceIdentityAndCapabilities/provider_namespace"}
{"Time":"2026-09-08T08:38:22.537371195+03:00","Action":"output","Package":"virmill.local/core/internal/plugins","Test":"TestProviderResourceIdentityAndCapabilities/provider_namespace","Output":"=== RUN   TestProviderResourceIdentityAndCapabilities/provider_namespace\n","OutputType":"frame"}
{"Time":"2026-09-08T08:38:22.537416872+03:00","Action":"output","Package":"virmill.local/core/internal/plugins","Test":"TestProviderResourceIdentityAndCapabilities/provider_namespace","Output":"--- PASS: TestProviderResourceIdentityAndCapabilities/provider_namespace (0.00s)\n","OutputType":"frame"}
{"Time":"2026-09-08T08:38:22.537426399+03:00","Action":"pass","Package":"virmill.local/core/internal/plugins","Test":"TestProviderResourceIdentityAndCapabilities/provider_namespace","Elapsed":0}
{"Time":"2026-09-08T08:38:22.5374451+03:00","Action":"run","Package":"virmill.local/core/internal/plugins","Test":"TestProviderResourceIdentityAndCapabilities/unknown_state"}
{"Time":"2026-09-08T08:38:22.537447375+03:00","Action":"output","Package":"virmill.local/core/internal/plugins","Test":"TestProviderResourceIdentityAndCapabilities/unknown_state","Output":"=== RUN   TestProviderResourceIdentityAndCapabilities/unknown_state\n","OutputType":"frame"}
{"Time":"2026-09-08T08:38:22.537496721+03:00","Action":"output","Package":"virmill.local/core/internal/plugins","Test":"TestProviderResourceIdentityAndCapabilities/unknown_state","Output":"--- PASS: TestProviderResourceIdentityAndCapabilities/unknown_state (0.00s)\n","OutputType":"frame"}
{"Time":"2026-09-08T08:38:22.537509151+03:00","Action":"pass","Package":"virmill.local/core/internal/plugins","Test":"TestProviderResourceIdentityAndCapabilities/unknown_state","Elapsed":0}
{"Time":"2026-09-08T08:38:22.53752391+03:00","Action":"run","Package":"virmill.local/core/internal/plugins","Test":"TestProviderResourceIdentityAndCapabilities/operation_bound"}
{"Time":"2026-09-08T08:38:22.537526297+03:00","Action":"output","Package":"virmill.local/core/internal/plugins","Test":"TestProviderResourceIdentityAndCapabilities/operation_bound","Output":"=== RUN   TestProviderResourceIdentityAndCapabilities/operation_bound\n","OutputType":"frame"}
{"Time":"2026-09-08T08:38:22.537568355+03:00","Action":"output","Package":"virmill.local/core/internal/plugins","Test":"TestProviderResourceIdentityAndCapabilities/operation_bound","Output":"--- PASS: TestProviderResourceIdentityAndCapabilities/operation_bound (0.00s)\n","OutputType":"frame"}
{"Time":"2026-09-08T08:38:22.537581268+03:00","Action":"pass","Package":"virmill.local/core/internal/plugins","Test":"TestProviderResourceIdentityAndCapabilities/operation_bound","Elapsed":0}
{"Time":"2026-09-08T08:38:22.537592978+03:00","Action":"run","Package":"virmill.local/core/internal/plugins","Test":"TestProviderResourceIdentityAndCapabilities/operation_Unicode"}
{"Time":"2026-09-08T08:38:22.537595201+03:00","Action":"output","Package":"virmill.local/core/internal/plugins","Test":"TestProviderResourceIdentityAndCapabilities/operation_Unicode","Output":"=== RUN   TestProviderResourceIdentityAndCapabilities/operation_Unicode\n","OutputType":"frame"}
{"Time":"2026-09-08T08:38:22.537637418+03:00","Action":"output","Package":"virmill.local/core/internal/plugins","Test":"TestProviderResourceIdentityAndCapabilities/operation_Unicode","Output":"--- PASS: TestProviderResourceIdentityAndCapabilities/operation_Unicode (0.00s)\n","OutputType":"frame"}
{"Time":"2026-09-08T08:38:22.537651753+03:00","Action":"pass","Package":"virmill.local/core/internal/plugins","Test":"TestProviderResourceIdentityAndCapabilities/operation_Unicode","Elapsed":0}
{"Time":"2026-09-08T08:38:22.537658616+03:00","Action":"run","Package":"virmill.local/core/internal/plugins","Test":"TestProviderResourceIdentityAndCapabilities/missing_cancel"}
{"Time":"2026-09-08T08:38:22.537659879+03:00","Action":"output","Package":"virmill.local/core/internal/plugins","Test":"TestProviderResourceIdentityAndCapabilities/missing_cancel","Output":"=== RUN   TestProviderResourceIdentityAndCapabilities/missing_cancel\n","OutputType":"frame"}
{"Time":"2026-09-08T08:38:22.537707357+03:00","Action":"output","Package":"virmill.local/core/internal/plugins","Test":"TestProviderResourceIdentityAndCapabilities/missing_cancel","Output":"--- PASS: TestProviderResourceIdentityAndCapabilities/missing_cancel (0.00s)\n","OutputType":"frame"}
{"Time":"2026-09-08T08:38:22.5377215+03:00","Action":"pass","Package":"virmill.local/core/internal/plugins","Test":"TestProviderResourceIdentityAndCapabilities/missing_cancel","Elapsed":0}
{"Time":"2026-09-08T08:38:22.537736344+03:00","Action":"run","Package":"virmill.local/core/internal/plugins","Test":"TestProviderResourceIdentityAndCapabilities/invented_backup"}
{"Time":"2026-09-08T08:38:22.537738635+03:00","Action":"output","Package":"virmill.local/core/internal/plugins","Test":"TestProviderResourceIdentityAndCapabilities/invented_backup","Output":"=== RUN   TestProviderResourceIdentityAndCapabilities/invented_backup\n","OutputType":"frame"}
{"Time":"2026-09-08T08:38:22.537791928+03:00","Action":"output","Package":"virmill.local/core/internal/plugins","Test":"TestProviderResourceIdentityAndCapabilities/invented_backup","Output":"--- PASS: TestProviderResourceIdentityAndCapabilities/invented_backup (0.00s)\n","OutputType":"frame"}
{"Time":"2026-09-08T08:38:22.537811687+03:00","Action":"pass","Package":"virmill.local/core/internal/plugins","Test":"TestProviderResourceIdentityAndCapabilities/invented_backup","Elapsed":0}
{"Time":"2026-09-08T08:38:22.537826171+03:00","Action":"run","Package":"virmill.local/core/internal/plugins","Test":"TestProviderResourceIdentityAndCapabilities/foreign_ID"}
{"Time":"2026-09-08T08:38:22.537828165+03:00","Action":"output","Package":"virmill.local/core/internal/plugins","Test":"TestProviderResourceIdentityAndCapabilities/foreign_ID","Output":"=== RUN   TestProviderResourceIdentityAndCapabilities/foreign_ID\n","OutputType":"frame"}
{"Time":"2026-09-08T08:38:22.537873213+03:00","Action":"output","Package":"virmill.local/core/internal/plugins","Test":"TestProviderResourceIdentityAndCapabilities/foreign_ID","Output":"--- PASS: TestProviderResourceIdentityAndCapabilities/foreign_ID (0.00s)\n","OutputType":"frame"}
{"Time":"2026-09-08T08:38:22.537888536+03:00","Action":"pass","Package":"virmill.local/core/internal/plugins","Test":"TestProviderResourceIdentityAndCapabilities/foreign_ID","Elapsed":0}
{"Time":"2026-09-08T08:38:22.537902845+03:00","Action":"run","Package":"virmill.local/core/internal/plugins","Test":"TestProviderResourceIdentityAndCapabilities/unsafe_ID"}
{"Time":"2026-09-08T08:38:22.537904965+03:00","Action":"output","Package":"virmill.local/core/internal/plugins","Test":"TestProviderResourceIdentityAndCapabilities/unsafe_ID","Output":"=== RUN   TestProviderResourceIdentityAndCapabilities/unsafe_ID\n","OutputType":"frame"}
{"Time":"2026-09-08T08:38:22.537948616+03:00","Action":"output","Package":"virmill.local/core/internal/plugins","Test":"TestProviderResourceIdentityAndCapabilities/unsafe_ID","Output":"--- PASS: TestProviderResourceIdentityAndCapabilities/unsafe_ID (0.00s)\n","OutputType":"frame"}
{"Time":"2026-09-08T08:38:22.53796118+03:00","Action":"pass","Package":"virmill.local/core/internal/plugins","Test":"TestProviderResourceIdentityAndCapabilities/unsafe_ID","Elapsed":0}
{"Time":"2026-09-08T08:38:22.537973204+03:00","Action":"run","Package":"virmill.local/core/internal/plugins","Test":"TestProviderResourceIdentityAndCapabilities/empty_name"}
{"Time":"2026-09-08T08:38:22.537975375+03:00","Action":"output","Package":"virmill.local/core/internal/plugins","Test":"TestProviderResourceIdentityAndCapabilities/empty_name","Output":"=== RUN   TestProviderResourceIdentityAndCapabilities/empty_name\n","OutputType":"frame"}
{"Time":"2026-09-08T08:38:22.538024532+03:00","Action":"output","Package":"virmill.local/core/internal/plugins","Test":"TestProviderResourceIdentityAndCapabilities/empty_name","Output":"--- PASS: TestProviderResourceIdentityAndCapabilities/empty_name (0.00s)\n","OutputType":"frame"}
{"Time":"2026-09-08T08:38:22.538037648+03:00","Action":"pass","Package":"virmill.local/core/internal/plugins","Test":"TestProviderResourceIdentityAndCapabilities/empty_name","Elapsed":0}
{"Time":"2026-09-08T08:38:22.5380482+03:00","Action":"run","Package":"virmill.local/core/internal/plugins","Test":"TestProviderResourceIdentityAndCapabilities/name_bound"}
{"Time":"2026-09-08T08:38:22.538050559+03:00","Action":"output","Package":"virmill.local/core/internal/plugins","Test":"TestProviderResourceIdentityAndCapabilities/name_bound","Output":"=== RUN   TestProviderResourceIdentityAndCapabilities/name_bound\n","OutputType":"frame"}
{"Time":"2026-09-08T08:38:22.53809665+03:00","Action":"output","Package":"virmill.local/core/internal/plugins","Test":"TestProviderResourceIdentityAndCapabilities/name_bound","Output":"--- PASS: TestProviderResourceIdentityAndCapabilities/name_bound (0.00s)\n","OutputType":"frame"}
{"Time":"2026-09-08T08:38:22.5381164+03:00","Action":"pass","Package":"virmill.local/core/internal/plugins","Test":"TestProviderResourceIdentityAndCapabilities/name_bound","Elapsed":0}
{"Time":"2026-09-08T08:38:22.538128687+03:00","Action":"run","Package":"virmill.local/core/internal/plugins","Test":"TestProviderResourceIdentityAndCapabilities/connection_namespace"}
{"Time":"2026-09-08T08:38:22.538130782+03:00","Action":"output","Package":"virmill.local/core/internal/plugins","Test":"TestProviderResourceIdentityAndCapabilities/connection_namespace","Output":"=== RUN   TestProviderResourceIdentityAndCapabilities/connection_namespace\n","OutputType":"frame"}
{"Time":"2026-09-08T08:38:22.538169482+03:00","Action":"output","Package":"virmill.local/core/internal/plugins","Test":"TestProviderResourceIdentityAndCapabilities/connection_namespace","Output":"--- PASS: TestProviderResourceIdentityAndCapabilities/connection_namespace (0.00s)\n","OutputType":"frame"}
{"Time":"2026-09-08T08:38:22.538178483+03:00","Action":"pass","Package":"virmill.local/core/internal/plugins","Test":"TestProviderResourceIdentityAndCapabilities/connection_namespace","Elapsed":0}
{"Time":"2026-09-08T08:38:22.538193482+03:00","Action":"run","Package":"virmill.local/core/internal/plugins","Test":"TestProviderResourceIdentityAndCapabilities/resource_kind"}
{"Time":"2026-09-08T08:38:22.538195849+03:00","Action":"output","Package":"virmill.local/core/internal/plugins","Test":"TestProviderResourceIdentityAndCapabilities/resource_kind","Output":"=== RUN   TestProviderResourceIdentityAndCapabilities/resource_kind\n","OutputType":"frame"}
{"Time":"2026-09-08T08:38:22.538234643+03:00","Action":"output","Package":"virmill.local/core/internal/plugins","Test":"TestProviderResourceIdentityAndCapabilities/resource_kind","Output":"--- PASS: TestProviderResourceIdentityAndCapabilities/resource_kind (0.00s)\n","OutputType":"frame"}
{"Time":"2026-09-08T08:38:22.538248077+03:00","Action":"pass","Package":"virmill.local/core/internal/plugins","Test":"TestProviderResourceIdentityAndCapabilities/resource_kind","Elapsed":0}
{"Time":"2026-09-08T08:38:22.538267559+03:00","Action":"run","Package":"virmill.local/core/internal/plugins","Test":"TestProviderResourceIdentityAndCapabilities/zero_revision"}
{"Time":"2026-09-08T08:38:22.538269606+03:00","Action":"output","Package":"virmill.local/core/internal/plugins","Test":"TestProviderResourceIdentityAndCapabilities/zero_revision","Output":"=== RUN   TestProviderResourceIdentityAndCapabilities/zero_revision\n","OutputType":"frame"}
{"Time":"2026-09-08T08:38:22.538298815+03:00","Action":"output","Package":"virmill.local/core/internal/plugins","Test":"TestProviderResourceIdentityAndCapabilities/zero_revision","Output":"--- PASS: TestProviderResourceIdentityAndCapabilities/zero_revision (0.00s)\n","OutputType":"frame"}
{"Time":"2026-09-08T08:38:22.538309904+03:00","Action":"pass","Package":"virmill.local/core/internal/plugins","Test":"TestProviderResourceIdentityAndCapabilities/zero_revision","Elapsed":0}
{"Time":"2026-09-08T08:38:22.538399379+03:00","Action":"run","Package":"virmill.local/core/internal/plugins","Test":"TestProviderResourceIdentityAndCapabilities/missing_capabilities"}
{"Time":"2026-09-08T08:38:22.538401815+03:00","Action":"output","Package":"virmill.local/core/internal/plugins","Test":"TestProviderResourceIdentityAndCapabilities/missing_capabilities","Output":"=== RUN   TestProviderResourceIdentityAndCapabilities/missing_capabilities\n","OutputType":"frame"}
{"Time":"2026-09-08T08:38:22.538458745+03:00","Action":"output","Package":"virmill.local/core/internal/plugins","Test":"TestProviderResourceIdentityAndCapabilities/missing_capabilities","Output":"--- PASS: TestProviderResourceIdentityAndCapabilities/missing_capabilities (0.00s)\n","OutputType":"frame"}
{"Time":"2026-09-08T08:38:22.538472455+03:00","Action":"pass","Package":"virmill.local/core/internal/plugins","Test":"TestProviderResourceIdentityAndCapabilities/missing_capabilities","Elapsed":0}
{"Time":"2026-09-08T08:38:22.538487265+03:00","Action":"output","Package":"virmill.local/core/internal/plugins","Test":"TestProviderResourceIdentityAndCapabilities","Output":"--- PASS: TestProviderResourceIdentityAndCapabilities (0.00s)\n","OutputType":"frame"}
{"Time":"2026-09-08T08:38:22.538500209+03:00","Action":"pass","Package":"virmill.local/core/internal/plugins","Test":"TestProviderResourceIdentityAndCapabilities","Elapsed":0}
{"Time":"2026-09-08T08:38:22.538513688+03:00","Action":"run","Package":"virmill.local/core/internal/plugins","Test":"TestProviderDescriptionRequiresUsableSchemas"}
{"Time":"2026-09-08T08:38:22.538516359+03:00","Action":"output","Package":"virmill.local/core/internal/plugins","Test":"TestProviderDescriptionRequiresUsableSchemas","Output":"=== RUN   TestProviderDescriptionRequiresUsableSchemas\n","OutputType":"frame"}
{"Time":"2026-09-08T08:38:22.555902474+03:00","Action":"run","Package":"virmill.local/core/internal/plugins","Test":"TestProviderDescriptionRequiresUsableSchemas/missing_method"}
{"Time":"2026-09-08T08:38:22.555925863+03:00","Action":"output","Package":"virmill.local/core/internal/plugins","Test":"TestProviderDescriptionRequiresUsableSchemas/missing_method","Output":"=== RUN   TestProviderDescriptionRequiresUsableSchemas/missing_method\n","OutputType":"frame"}
{"Time":"2026-09-08T08:38:22.556944175+03:00","Action":"output","Package":"virmill.local/core/internal/ui/cli","Test":"TestCreationNVRAMCLIResultStages/ndjson/legacy-pending","Output":"--- PASS: TestCreationNVRAMCLIResultStages/ndjson/legacy-pending (0.04s)\n","OutputType":"frame"}
{"Time":"2026-09-08T08:38:22.556956899+03:00","Action":"pass","Package":"virmill.local/core/internal/ui/cli","Test":"TestCreationNVRAMCLIResultStages/ndjson/legacy-pending","Elapsed":0.04}
{"Time":"2026-09-08T08:38:22.557101456+03:00","Action":"run","Package":"virmill.local/core/internal/ui/cli","Test":"TestCreationNVRAMCLIResultStages/ndjson/missing-binding"}
{"Time":"2026-09-08T08:38:22.557104685+03:00","Action":"output","Package":"virmill.local/core/internal/ui/cli","Test":"TestCreationNVRAMCLIResultStages/ndjson/missing-binding","Output":"=== RUN   TestCreationNVRAMCLIResultStages/ndjson/missing-binding\n","OutputType":"frame"}
{"Time":"2026-09-08T08:38:22.557216475+03:00","Action":"output","Package":"virmill.local/core/internal/plugins","Test":"TestProviderDescriptionRequiresUsableSchemas/missing_method","Output":"--- PASS: TestProviderDescriptionRequiresUsableSchemas/missing_method (0.00s)\n","OutputType":"frame"}
{"Time":"2026-09-08T08:38:22.557268983+03:00","Action":"pass","Package":"virmill.local/core/internal/plugins","Test":"TestProviderDescriptionRequiresUsableSchemas/missing_method","Elapsed":0}
{"Time":"2026-09-08T08:38:22.557302052+03:00","Action":"run","Package":"virmill.local/core/internal/plugins","Test":"TestProviderDescriptionRequiresUsableSchemas/permissive_input"}
{"Time":"2026-09-08T08:38:22.557306767+03:00","Action":"output","Package":"virmill.local/core/internal/plugins","Test":"TestProviderDescriptionRequiresUsableSchemas/permissive_input","Output":"=== RUN   TestProviderDescriptionRequiresUsableSchemas/permissive_input\n","OutputType":"frame"}
{"Time":"2026-09-08T08:38:22.566569481+03:00","Action":"output","Package":"virmill.local/core/internal/plugins","Test":"TestProviderDescriptionRequiresUsableSchemas/permissive_input","Output":"--- PASS: TestProviderDescriptionRequiresUsableSchemas/permissive_input (0.01s)\n","OutputType":"frame"}
{"Time":"2026-09-08T08:38:22.566590221+03:00","Action":"pass","Package":"virmill.local/core/internal/plugins","Test":"TestProviderDescriptionRequiresUsableSchemas/permissive_input","Elapsed":0.01}
{"Time":"2026-09-08T08:38:22.56659437+03:00","Action":"run","Package":"virmill.local/core/internal/plugins","Test":"TestProviderDescriptionRequiresUsableSchemas/no_usable_input"}
{"Time":"2026-09-08T08:38:22.566595747+03:00","Action":"output","Package":"virmill.local/core/internal/plugins","Test":"TestProviderDescriptionRequiresUsableSchemas/no_usable_input","Output":"=== RUN   TestProviderDescriptionRequiresUsableSchemas/no_usable_input\n","OutputType":"frame"}
{"Time":"2026-09-08T08:38:22.570830159+03:00","Action":"output","Package":"virmill.local/core/internal/plugins","Test":"TestProviderDescriptionRequiresUsableSchemas/no_usable_input","Output":"--- PASS: TestProviderDescriptionRequiresUsableSchemas/no_usable_input (0.00s)\n","OutputType":"frame"}
{"Time":"2026-09-08T08:38:22.570853332+03:00","Action":"pass","Package":"virmill.local/core/internal/plugins","Test":"TestProviderDescriptionRequiresUsableSchemas/no_usable_input","Elapsed":0}
{"Time":"2026-09-08T08:38:22.570863047+03:00","Action":"run","Package":"virmill.local/core/internal/plugins","Test":"TestProviderDescriptionRequiresUsableSchemas/null_output_passes"}
{"Time":"2026-09-08T08:38:22.570866307+03:00","Action":"output","Package":"virmill.local/core/internal/plugins","Test":"TestProviderDescriptionRequiresUsableSchemas/null_output_passes","Output":"=== RUN   TestProviderDescriptionRequiresUsableSchemas/null_output_passes\n","OutputType":"frame"}
{"Time":"2026-09-08T08:38:22.577673017+03:00","Action":"output","Package":"virmill.local/core/internal/plugins","Test":"TestProviderDescriptionRequiresUsableSchemas/null_output_passes","Output":"--- PASS: TestProviderDescriptionRequiresUsableSchemas/null_output_passes (0.01s)\n","OutputType":"frame"}
{"Time":"2026-09-08T08:38:22.577706411+03:00","Action":"pass","Package":"virmill.local/core/internal/plugins","Test":"TestProviderDescriptionRequiresUsableSchemas/null_output_passes","Elapsed":0.01}
{"Time":"2026-09-08T08:38:22.577711225+03:00","Action":"run","Package":"virmill.local/core/internal/plugins","Test":"TestProviderDescriptionRequiresUsableSchemas/bad_schema"}
{"Time":"2026-09-08T08:38:22.577713008+03:00","Action":"output","Package":"virmill.local/core/internal/plugins","Test":"TestProviderDescriptionRequiresUsableSchemas/bad_schema","Output":"=== RUN   TestProviderDescriptionRequiresUsableSchemas/bad_schema\n","OutputType":"frame"}
{"Time":"2026-09-08T08:38:22.585274727+03:00","Action":"output","Package":"virmill.local/core/internal/plugins","Test":"TestProviderDescriptionRequiresUsableSchemas/bad_schema","Output":"--- PASS: TestProviderDescriptionRequiresUsableSchemas/bad_schema (0.01s)\n","OutputType":"frame"}
{"Time":"2026-09-08T08:38:22.58531434+03:00","Action":"pass","Package":"virmill.local/core/internal/plugins","Test":"TestProviderDescriptionRequiresUsableSchemas/bad_schema","Elapsed":0.01}
{"Time":"2026-09-08T08:38:22.585334002+03:00","Action":"run","Package":"virmill.local/core/internal/plugins","Test":"TestProviderDescriptionRequiresUsableSchemas/other_provider"}
{"Time":"2026-09-08T08:38:22.585338377+03:00","Action":"output","Package":"virmill.local/core/internal/plugins","Test":"TestProviderDescriptionRequiresUsableSchemas/other_provider","Output":"=== RUN   TestProviderDescriptionRequiresUsableSchemas/other_provider\n","OutputType":"frame"}
{"Time":"2026-09-08T08:38:22.586864793+03:00","Action":"output","Package":"virmill.local/core/internal/plugins","Test":"TestProviderDescriptionRequiresUsableSchemas/other_provider","Output":"--- PASS: TestProviderDescriptionRequiresUsableSchemas/other_provider (0.00s)\n","OutputType":"frame"}
{"Time":"2026-09-08T08:38:22.586886466+03:00","Action":"pass","Package":"virmill.local/core/internal/plugins","Test":"TestProviderDescriptionRequiresUsableSchemas/other_provider","Elapsed":0}
{"Time":"2026-09-08T08:38:22.586890245+03:00","Action":"run","Package":"virmill.local/core/internal/plugins","Test":"TestProviderDescriptionRequiresUsableSchemas/other_connection"}
{"Time":"2026-09-08T08:38:22.586891498+03:00","Action":"output","Package":"virmill.local/core/internal/plugins","Test":"TestProviderDescriptionRequiresUsableSchemas/other_connection","Output":"=== RUN   TestProviderDescriptionRequiresUsableSchemas/other_connection\n","OutputType":"frame"}
{"Time":"2026-09-08T08:38:22.587768216+03:00","Action":"output","Package":"virmill.local/core/internal/ui/cli","Test":"TestCreationNVRAMCLIResultStages/ndjson/missing-binding","Output":"--- PASS: TestCreationNVRAMCLIResultStages/ndjson/missing-binding (0.03s)\n","OutputType":"frame"}
{"Time":"2026-09-08T08:38:22.587798558+03:00","Action":"pass","Package":"virmill.local/core/internal/ui/cli","Test":"TestCreationNVRAMCLIResultStages/ndjson/missing-binding","Elapsed":0.03}
{"Time":"2026-09-08T08:38:22.587829826+03:00","Action":"run","Package":"virmill.local/core/internal/ui/cli","Test":"TestCreationNVRAMCLIResultStages/ndjson/conflicting-binding"}
{"Time":"2026-09-08T08:38:22.587834064+03:00","Action":"output","Package":"virmill.local/core/internal/ui/cli","Test":"TestCreationNVRAMCLIResultStages/ndjson/conflicting-binding","Output":"=== RUN   TestCreationNVRAMCLIResultStages/ndjson/conflicting-binding\n","OutputType":"frame"}
{"Time":"2026-09-08T08:38:22.58827773+03:00","Action":"output","Package":"virmill.local/core/internal/plugins","Test":"TestProviderDescriptionRequiresUsableSchemas/other_connection","Output":"--- PASS: TestProviderDescriptionRequiresUsableSchemas/other_connection (0.00s)\n","OutputType":"frame"}
{"Time":"2026-09-08T08:38:22.588294325+03:00","Action":"pass","Package":"virmill.local/core/internal/plugins","Test":"TestProviderDescriptionRequiresUsableSchemas/other_connection","Elapsed":0}
{"Time":"2026-09-08T08:38:22.588309206+03:00","Action":"run","Package":"virmill.local/core/internal/plugins","Test":"TestProviderDescriptionRequiresUsableSchemas/unknown_method"}
{"Time":"2026-09-08T08:38:22.588311139+03:00","Action":"output","Package":"virmill.local/core/internal/plugins","Test":"TestProviderDescriptionRequiresUsableSchemas/unknown_method","Output":"=== RUN   TestProviderDescriptionRequiresUsableSchemas/unknown_method\n","OutputType":"frame"}
{"Time":"2026-09-08T08:38:22.589869981+03:00","Action":"output","Package":"virmill.local/core/internal/plugins","Test":"TestProviderDescriptionRequiresUsableSchemas/unknown_method","Output":"--- PASS: TestProviderDescriptionRequiresUsableSchemas/unknown_method (0.00s)\n","OutputType":"frame"}
{"Time":"2026-09-08T08:38:22.589884125+03:00","Action":"pass","Package":"virmill.local/core/internal/plugins","Test":"TestProviderDescriptionRequiresUsableSchemas/unknown_method","Elapsed":0}
{"Time":"2026-09-08T08:38:22.589911711+03:00","Action":"run","Package":"virmill.local/core/internal/plugins","Test":"TestProviderDescriptionRequiresUsableSchemas/missing_schema"}
{"Time":"2026-09-08T08:38:22.589923652+03:00","Action":"output","Package":"virmill.local/core/internal/plugins","Test":"TestProviderDescriptionRequiresUsableSchemas/missing_schema","Output":"=== RUN   TestProviderDescriptionRequiresUsableSchemas/missing_schema\n","OutputType":"frame"}
{"Time":"2026-09-08T08:38:22.59670292+03:00","Action":"output","Package":"virmill.local/core/internal/plugins","Test":"TestProviderDescriptionRequiresUsableSchemas/missing_schema","Output":"--- PASS: TestProviderDescriptionRequiresUsableSchemas/missing_schema (0.01s)\n","OutputType":"frame"}
{"Time":"2026-09-08T08:38:22.596726259+03:00","Action":"pass","Package":"virmill.local/core/internal/plugins","Test":"TestProviderDescriptionRequiresUsableSchemas/missing_schema","Elapsed":0.01}
{"Time":"2026-09-08T08:38:22.596732214+03:00","Action":"run","Package":"virmill.local/core/internal/plugins","Test":"TestProviderDescriptionRequiresUsableSchemas/missing_output"}
{"Time":"2026-09-08T08:38:22.596734279+03:00","Action":"output","Package":"virmill.local/core/internal/plugins","Test":"TestProviderDescriptionRequiresUsableSchemas/missing_output","Output":"=== RUN   TestProviderDescriptionRequiresUsableSchemas/missing_output\n","OutputType":"frame"}
{"Time":"2026-09-08T08:38:22.606359319+03:00","Action":"output","Package":"virmill.local/core/internal/plugins","Test":"TestProviderDescriptionRequiresUsableSchemas/missing_output","Output":"--- PASS: TestProviderDescriptionRequiresUsableSchemas/missing_output (0.01s)\n","OutputType":"frame"}
{"Time":"2026-09-08T08:38:22.606377568+03:00","Action":"pass","Package":"virmill.local/core/internal/plugins","Test":"TestProviderDescriptionRequiresUsableSchemas/missing_output","Elapsed":0.01}
{"Time":"2026-09-08T08:38:22.606406658+03:00","Action":"run","Package":"virmill.local/core/internal/plugins","Test":"TestProviderDescriptionRequiresUsableSchemas/cancel_success"}
{"Time":"2026-09-08T08:38:22.606408423+03:00","Action":"output","Package":"virmill.local/core/internal/plugins","Test":"TestProviderDescriptionRequiresUsableSchemas/cancel_success","Output":"=== RUN   TestProviderDescriptionRequiresUsableSchemas/cancel_success\n","OutputType":"frame"}
{"Time":"2026-09-08T08:38:22.623658248+03:00","Action":"output","Package":"virmill.local/core/internal/ui/cli","Test":"TestCreationNVRAMCLIResultStages/ndjson/conflicting-binding","Output":"--- PASS: TestCreationNVRAMCLIResultStages/ndjson/conflicting-binding (0.04s)\n","OutputType":"frame"}
{"Time":"2026-09-08T08:38:22.623692337+03:00","Action":"pass","Package":"virmill.local/core/internal/ui/cli","Test":"TestCreationNVRAMCLIResultStages/ndjson/conflicting-binding","Elapsed":0.04}
{"Time":"2026-09-08T08:38:22.623700352+03:00","Action":"run","Package":"virmill.local/core/internal/ui/cli","Test":"TestCreationNVRAMCLIResultStages/ndjson/failed-bound"}
{"Time":"2026-09-08T08:38:22.62370365+03:00","Action":"output","Package":"virmill.local/core/internal/ui/cli","Test":"TestCreationNVRAMCLIResultStages/ndjson/failed-bound","Output":"=== RUN   TestCreationNVRAMCLIResultStages/ndjson/failed-bound\n","OutputType":"frame"}
{"Time":"2026-09-08T08:38:22.62430638+03:00","Action":"output","Package":"virmill.local/core/internal/plugins","Test":"TestProviderDescriptionRequiresUsableSchemas/cancel_success","Output":"--- PASS: TestProviderDescriptionRequiresUsableSchemas/cancel_success (0.02s)\n","OutputType":"frame"}
{"Time":"2026-09-08T08:38:22.62432999+03:00","Action":"pass","Package":"virmill.local/core/internal/plugins","Test":"TestProviderDescriptionRequiresUsableSchemas/cancel_success","Elapsed":0.02}
{"Time":"2026-09-08T08:38:22.62433856+03:00","Action":"run","Package":"virmill.local/core/internal/plugins","Test":"TestProviderDescriptionRequiresUsableSchemas/real_provider"}
{"Time":"2026-09-08T08:38:22.624340653+03:00","Action":"output","Package":"virmill.local/core/internal/plugins","Test":"TestProviderDescriptionRequiresUsableSchemas/real_provider","Output":"=== RUN   TestProviderDescriptionRequiresUsableSchemas/real_provider\n","OutputType":"frame"}
{"Time":"2026-09-08T08:38:22.62564734+03:00","Action":"output","Package":"virmill.local/core/internal/plugins","Test":"TestProviderDescriptionRequiresUsableSchemas/real_provider","Output":"--- PASS: TestProviderDescriptionRequiresUsableSchemas/real_provider (0.00s)\n","OutputType":"frame"}
{"Time":"2026-09-08T08:38:22.625657165+03:00","Action":"pass","Package":"virmill.local/core/internal/plugins","Test":"TestProviderDescriptionRequiresUsableSchemas/real_provider","Elapsed":0}
{"Time":"2026-09-08T08:38:22.625679081+03:00","Action":"run","Package":"virmill.local/core/internal/plugins","Test":"TestProviderDescriptionRequiresUsableSchemas/empty_output_passes"}
{"Time":"2026-09-08T08:38:22.625681766+03:00","Action":"output","Package":"virmill.local/core/internal/plugins","Test":"TestProviderDescriptionRequiresUsableSchemas/empty_output_passes","Output":"=== RUN   TestProviderDescriptionRequiresUsableSchemas/empty_output_passes\n","OutputType":"frame"}
{"Time":"2026-09-08T08:38:22.638726625+03:00","Action":"output","Package":"virmill.local/core/internal/plugins","Test":"TestProviderDescriptionRequiresUsableSchemas/empty_output_passes","Output":"--- PASS: TestProviderDescriptionRequiresUsableSchemas/empty_output_passes (0.01s)\n","OutputType":"frame"}
{"Time":"2026-09-08T08:38:22.638753979+03:00","Action":"pass","Package":"virmill.local/core/internal/plugins","Test":"TestProviderDescriptionRequiresUsableSchemas/empty_output_passes","Elapsed":0.01}
{"Time":"2026-09-08T08:38:22.638758826+03:00","Action":"run","Package":"virmill.local/core/internal/plugins","Test":"TestProviderDescriptionRequiresUsableSchemas/external_schema"}
{"Time":"2026-09-08T08:38:22.638760127+03:00","Action":"output","Package":"virmill.local/core/internal/plugins","Test":"TestProviderDescriptionRequiresUsableSchemas/external_schema","Output":"=== RUN   TestProviderDescriptionRequiresUsableSchemas/external_schema\n","OutputType":"frame"}
{"Time":"2026-09-08T08:38:22.648691744+03:00","Action":"output","Package":"virmill.local/core/internal/plugins","Test":"TestProviderDescriptionRequiresUsableSchemas/external_schema","Output":"--- PASS: TestProviderDescriptionRequiresUsableSchemas/external_schema (0.01s)\n","OutputType":"frame"}
{"Time":"2026-09-08T08:38:22.648717224+03:00","Action":"pass","Package":"virmill.local/core/internal/plugins","Test":"TestProviderDescriptionRequiresUsableSchemas/external_schema","Elapsed":0.01}
{"Time":"2026-09-08T08:38:22.648722258+03:00","Action":"run","Package":"virmill.local/core/internal/plugins","Test":"TestProviderDescriptionRequiresUsableSchemas/wrong_capability"}
{"Time":"2026-09-08T08:38:22.648723703+03:00","Action":"output","Package":"virmill.local/core/internal/plugins","Test":"TestProviderDescriptionRequiresUsableSchemas/wrong_capability","Output":"=== RUN   TestProviderDescriptionRequiresUsableSchemas/wrong_capability\n","OutputType":"frame"}
{"Time":"2026-09-08T08:38:22.650966705+03:00","Action":"output","Package":"virmill.local/core/internal/plugins","Test":"TestProviderDescriptionRequiresUsableSchemas/wrong_capability","Output":"--- PASS: TestProviderDescriptionRequiresUsableSchemas/wrong_capability (0.00s)\n","OutputType":"frame"}
{"Time":"2026-09-08T08:38:22.650988089+03:00","Action":"pass","Package":"virmill.local/core/internal/plugins","Test":"TestProviderDescriptionRequiresUsableSchemas/wrong_capability","Elapsed":0}
{"Time":"2026-09-08T08:38:22.652917997+03:00","Action":"output","Package":"virmill.local/core/internal/plugins","Test":"TestProviderDescriptionRequiresUsableSchemas","Output":"--- PASS: TestProviderDescriptionRequiresUsableSchemas (0.11s)\n","OutputType":"frame"}
{"Time":"2026-09-08T08:38:22.652944457+03:00","Action":"pass","Package":"virmill.local/core/internal/plugins","Test":"TestProviderDescriptionRequiresUsableSchemas","Elapsed":0.11}
{"Time":"2026-09-08T08:38:22.652970574+03:00","Action":"run","Package":"virmill.local/core/internal/plugins","Test":"TestProviderRefusalsRequireTypedApplicationError"}
{"Time":"2026-09-08T08:38:22.652973048+03:00","Action":"output","Package":"virmill.local/core/internal/plugins","Test":"TestProviderRefusalsRequireTypedApplicationError","Output":"=== RUN   TestProviderRefusalsRequireTypedApplicationError\n","OutputType":"frame"}
{"Time":"2026-09-08T08:38:22.653396527+03:00","Action":"run","Package":"virmill.local/core/internal/plugins","Test":"TestProviderRefusalsRequireTypedApplicationError/oversized"}
{"Time":"2026-09-08T08:38:22.65339871+03:00","Action":"output","Package":"virmill.local/core/internal/plugins","Test":"TestProviderRefusalsRequireTypedApplicationError/oversized","Output":"=== RUN   TestProviderRefusalsRequireTypedApplicationError/oversized\n","OutputType":"frame"}
{"Time":"2026-09-08T08:38:22.653511706+03:00","Action":"output","Package":"virmill.local/core/internal/plugins","Test":"TestProviderRefusalsRequireTypedApplicationError/oversized","Output":"--- PASS: TestProviderRefusalsRequireTypedApplicationError/oversized (0.00s)\n","OutputType":"frame"}
{"Time":"2026-09-08T08:38:22.653527245+03:00","Action":"pass","Package":"virmill.local/core/internal/plugins","Test":"TestProviderRefusalsRequireTypedApplicationError/oversized","Elapsed":0}
{"Time":"2026-09-08T08:38:22.653545605+03:00","Action":"run","Package":"virmill.local/core/internal/plugins","Test":"TestProviderRefusalsRequireTypedApplicationError/success"}
{"Time":"2026-09-08T08:38:22.65354758+03:00","Action":"output","Package":"virmill.local/core/internal/plugins","Test":"TestProviderRefusalsRequireTypedApplicationError/success","Output":"=== RUN   TestProviderRefusalsRequireTypedApplicationError/success\n","OutputType":"frame"}
{"Time":"2026-09-08T08:38:22.65359342+03:00","Action":"output","Package":"virmill.local/core/internal/plugins","Test":"TestProviderRefusalsRequireTypedApplicationError/success","Output":"--- PASS: TestProviderRefusalsRequireTypedApplicationError/success (0.00s)\n","OutputType":"frame"}
{"Time":"2026-09-08T08:38:22.653608333+03:00","Action":"pass","Package":"virmill.local/core/internal/plugins","Test":"TestProviderRefusalsRequireTypedApplicationError/success","Elapsed":0}
{"Time":"2026-09-08T08:38:22.653627739+03:00","Action":"run","Package":"virmill.local/core/internal/plugins","Test":"TestProviderRefusalsRequireTypedApplicationError/cancellation"}
{"Time":"2026-09-08T08:38:22.653629698+03:00","Action":"output","Package":"virmill.local/core/internal/plugins","Test":"TestProviderRefusalsRequireTypedApplicationError/cancellation","Output":"=== RUN   TestProviderRefusalsRequireTypedApplicationError/cancellation\n","OutputType":"frame"}
{"Time":"2026-09-08T08:38:22.653673912+03:00","Action":"output","Package":"virmill.local/core/internal/plugins","Test":"TestProviderRefusalsRequireTypedApplicationError/cancellation","Output":"--- PASS: TestProviderRefusalsRequireTypedApplicationError/cancellation (0.00s)\n","OutputType":"frame"}
{"Time":"2026-09-08T08:38:22.653689314+03:00","Action":"pass","Package":"virmill.local/core/internal/plugins","Test":"TestProviderRefusalsRequireTypedApplicationError/cancellation","Elapsed":0}
{"Time":"2026-09-08T08:38:22.653706688+03:00","Action":"run","Package":"virmill.local/core/internal/plugins","Test":"TestProviderRefusalsRequireTypedApplicationError/wrong_code"}
{"Time":"2026-09-08T08:38:22.653708642+03:00","Action":"output","Package":"virmill.local/core/internal/plugins","Test":"TestProviderRefusalsRequireTypedApplicationError/wrong_code","Output":"=== RUN   TestProviderRefusalsRequireTypedApplicationError/wrong_code\n","OutputType":"frame"}
{"Time":"2026-09-08T08:38:22.653897049+03:00","Action":"output","Package":"virmill.local/core/internal/plugins","Test":"TestProviderRefusalsRequireTypedApplicationError/wrong_code","Output":"--- PASS: TestProviderRefusalsRequireTypedApplicationError/wrong_code (0.00s)\n","OutputType":"frame"}
{"Time":"2026-09-08T08:38:22.653912675+03:00","Action":"pass","Package":"virmill.local/core/internal/plugins","Test":"TestProviderRefusalsRequireTypedApplicationError/wrong_code","Elapsed":0}
{"Time":"2026-09-08T08:38:22.653928367+03:00","Action":"run","Package":"virmill.local/core/internal/plugins","Test":"TestProviderRefusalsRequireTypedApplicationError/message_only"}
{"Time":"2026-09-08T08:38:22.653930148+03:00","Action":"output","Package":"virmill.local/core/internal/plugins","Test":"TestProviderRefusalsRequireTypedApplicationError/message_only","Output":"=== RUN   TestProviderRefusalsRequireTypedApplicationError/message_only\n","OutputType":"frame"}
{"Time":"2026-09-08T08:38:22.654115773+03:00","Action":"output","Package":"virmill.local/core/internal/plugins","Test":"TestProviderRefusalsRequireTypedApplicationError/message_only","Output":"--- PASS: TestProviderRefusalsRequireTypedApplicationError/message_only (0.00s)\n","OutputType":"frame"}
{"Time":"2026-09-08T08:38:22.654129052+03:00","Action":"pass","Package":"virmill.local/core/internal/plugins","Test":"TestProviderRefusalsRequireTypedApplicationError/message_only","Elapsed":0}
{"Time":"2026-09-08T08:38:22.654146484+03:00","Action":"run","Package":"virmill.local/core/internal/plugins","Test":"TestProviderRefusalsRequireTypedApplicationError/missing_retryable"}
{"Time":"2026-09-08T08:38:22.654148385+03:00","Action":"output","Package":"virmill.local/core/internal/plugins","Test":"TestProviderRefusalsRequireTypedApplicationError/missing_retryable","Output":"=== RUN   TestProviderRefusalsRequireTypedApplicationError/missing_retryable\n","OutputType":"frame"}
{"Time":"2026-09-08T08:38:22.654316871+03:00","Action":"output","Package":"virmill.local/core/internal/ui/cli","Test":"TestCreationNVRAMCLIResultStages/ndjson/failed-bound","Output":"--- PASS: TestCreationNVRAMCLIResultStages/ndjson/failed-bound (0.03s)\n","OutputType":"frame"}
{"Time":"2026-09-08T08:38:22.654342245+03:00","Action":"pass","Package":"virmill.local/core/internal/ui/cli","Test":"TestCreationNVRAMCLIResultStages/ndjson/failed-bound","Elapsed":0.03}
{"Time":"2026-09-08T08:38:22.654348086+03:00","Action":"output","Package":"virmill.local/core/internal/ui/cli","Test":"TestCreationNVRAMCLIResultStages","Output":"--- PASS: TestCreationNVRAMCLIResultStages (0.97s)\n","OutputType":"frame"}
{"Time":"2026-09-08T08:38:22.654369443+03:00","Action":"pass","Package":"virmill.local/core/internal/ui/cli","Test":"TestCreationNVRAMCLIResultStages","Elapsed":0.97}
{"Time":"2026-09-08T08:38:22.654380791+03:00","Action":"run","Package":"virmill.local/core/internal/ui/cli","Test":"TestCreationNVRAMCLIFailedObservationDiscardsPriorSuccess"}
{"Time":"2026-09-08T08:38:22.65438407+03:00","Action":"output","Package":"virmill.local/core/internal/ui/cli","Test":"TestCreationNVRAMCLIFailedObservationDiscardsPriorSuccess","Output":"=== RUN   TestCreationNVRAMCLIFailedObservationDiscardsPriorSuccess\n","OutputType":"frame"}
{"Time":"2026-09-08T08:38:22.654417837+03:00","Action":"run","Package":"virmill.local/core/internal/ui/cli","Test":"TestCreationNVRAMCLIFailedObservationDiscardsPriorSuccess/cancellation"}
{"Time":"2026-09-08T08:38:22.654420698+03:00","Action":"output","Package":"virmill.local/core/internal/ui/cli","Test":"TestCreationNVRAMCLIFailedObservationDiscardsPriorSuccess/cancellation","Output":"=== RUN   TestCreationNVRAMCLIFailedObservationDiscardsPriorSuccess/cancellation\n","OutputType":"frame"}
{"Time":"2026-09-08T08:38:22.654977285+03:00","Action":"output","Package":"virmill.local/core/internal/plugins","Test":"TestProviderRefusalsRequireTypedApplicationError/missing_retryable","Output":"--- PASS: TestProviderRefusalsRequireTypedApplicationError/missing_retryable (0.00s)\n","OutputType":"frame"}
{"Time":"2026-09-08T08:38:22.654992417+03:00","Action":"pass","Package":"virmill.local/core/internal/plugins","Test":"TestProviderRefusalsRequireTypedApplicationError/missing_retryable","Elapsed":0}
{"Time":"2026-09-08T08:38:22.655020998+03:00","Action":"run","Package":"virmill.local/core/internal/plugins","Test":"TestProviderRefusalsRequireTypedApplicationError/retryable_true"}
{"Time":"2026-09-08T08:38:22.655025339+03:00","Action":"output","Package":"virmill.local/core/internal/plugins","Test":"TestProviderRefusalsRequireTypedApplicationError/retryable_true","Output":"=== RUN   TestProviderRefusalsRequireTypedApplicationError/retryable_true\n","OutputType":"frame"}
{"Time":"2026-09-08T08:38:22.655202417+03:00","Action":"output","Package":"virmill.local/core/internal/plugins","Test":"TestProviderRefusalsRequireTypedApplicationError/retryable_true","Output":"--- PASS: TestProviderRefusalsRequireTypedApplicationError/retryable_true (0.00s)\n","OutputType":"frame"}
{"Time":"2026-09-08T08:38:22.655219265+03:00","Action":"pass","Package":"virmill.local/core/internal/plugins","Test":"TestProviderRefusalsRequireTypedApplicationError/retryable_true","Elapsed":0}
{"Time":"2026-09-08T08:38:22.655234242+03:00","Action":"run","Package":"virmill.local/core/internal/plugins","Test":"TestProviderRefusalsRequireTypedApplicationError/empty_message"}
{"Time":"2026-09-08T08:38:22.65523775+03:00","Action":"output","Package":"virmill.local/core/internal/plugins","Test":"TestProviderRefusalsRequireTypedApplicationError/empty_message","Output":"=== RUN   TestProviderRefusalsRequireTypedApplicationError/empty_message\n","OutputType":"frame"}
{"Time":"2026-09-08T08:38:22.655424499+03:00","Action":"output","Package":"virmill.local/core/internal/plugins","Test":"TestProviderRefusalsRequireTypedApplicationError/empty_message","Output":"--- PASS: TestProviderRefusalsRequireTypedApplicationError/empty_message (0.00s)\n","OutputType":"frame"}
{"Time":"2026-09-08T08:38:22.655439435+03:00","Action":"pass","Package":"virmill.local/core/internal/plugins","Test":"TestProviderRefusalsRequireTypedApplicationError/empty_message","Elapsed":0}
{"Time":"2026-09-08T08:38:22.655459708+03:00","Action":"run","Package":"virmill.local/core/internal/plugins","Test":"TestProviderRefusalsRequireTypedApplicationError/extra_data"}
{"Time":"2026-09-08T08:38:22.655462296+03:00","Action":"output","Package":"virmill.local/core/internal/plugins","Test":"TestProviderRefusalsRequireTypedApplicationError/extra_data","Output":"=== RUN   TestProviderRefusalsRequireTypedApplicationError/extra_data\n","OutputType":"frame"}
{"Time":"2026-09-08T08:38:22.655682843+03:00","Action":"output","Package":"virmill.local/core/internal/plugins","Test":"TestProviderRefusalsRequireTypedApplicationError/extra_data","Output":"--- PASS: TestProviderRefusalsRequireTypedApplicationError/extra_data (0.00s)\n","OutputType":"frame"}
{"Time":"2026-09-08T08:38:22.655695701+03:00","Action":"pass","Package":"virmill.local/core/internal/plugins","Test":"TestProviderRefusalsRequireTypedApplicationError/extra_data","Elapsed":0}
{"Time":"2026-09-08T08:38:22.655711661+03:00","Action":"run","Package":"virmill.local/core/internal/plugins","Test":"TestProviderRefusalsRequireTypedApplicationError/transport"}
{"Time":"2026-09-08T08:38:22.655713852+03:00","Action":"output","Package":"virmill.local/core/internal/plugins","Test":"TestProviderRefusalsRequireTypedApplicationError/transport","Output":"=== RUN   TestProviderRefusalsRequireTypedApplicationError/transport\n","OutputType":"frame"}
{"Time":"2026-09-08T08:38:22.655765526+03:00","Action":"output","Package":"virmill.local/core/internal/plugins","Test":"TestProviderRefusalsRequireTypedApplicationError/transport","Output":"--- PASS: TestProviderRefusalsRequireTypedApplicationError/transport (0.00s)\n","OutputType":"frame"}
{"Time":"2026-09-08T08:38:22.655776435+03:00","Action":"pass","Package":"virmill.local/core/internal/plugins","Test":"TestProviderRefusalsRequireTypedApplicationError/transport","Elapsed":0}
{"Time":"2026-09-08T08:38:22.65579216+03:00","Action":"run","Package":"virmill.local/core/internal/plugins","Test":"TestProviderRefusalsRequireTypedApplicationError/wrong_RPC_code"}
{"Time":"2026-09-08T08:38:22.655794525+03:00","Action":"output","Package":"virmill.local/core/internal/plugins","Test":"TestProviderRefusalsRequireTypedApplicationError/wrong_RPC_code","Output":"=== RUN   TestProviderRefusalsRequireTypedApplicationError/wrong_RPC_code\n","OutputType":"frame"}
{"Time":"2026-09-08T08:38:22.655963132+03:00","Action":"output","Package":"virmill.local/core/internal/plugins","Test":"TestProviderRefusalsRequireTypedApplicationError/wrong_RPC_code","Output":"--- PASS: TestProviderRefusalsRequireTypedApplicationError/wrong_RPC_code (0.00s)\n","OutputType":"frame"}
{"Time":"2026-09-08T08:38:22.655976747+03:00","Action":"pass","Package":"virmill.local/core/internal/plugins","Test":"TestProviderRefusalsRequireTypedApplicationError/wrong_RPC_code","Elapsed":0}
{"Time":"2026-09-08T08:38:22.655991881+03:00","Action":"run","Package":"virmill.local/core/internal/plugins","Test":"TestProviderRefusalsRequireTypedApplicationError/null_actions"}
{"Time":"2026-09-08T08:38:22.655994049+03:00","Action":"output","Package":"virmill.local/core/internal/plugins","Test":"TestProviderRefusalsRequireTypedApplicationError/null_actions","Output":"=== RUN   TestProviderRefusalsRequireTypedApplicationError/null_actions\n","OutputType":"frame"}
{"Time":"2026-09-08T08:38:22.656154419+03:00","Action":"output","Package":"virmill.local/core/internal/plugins","Test":"TestProviderRefusalsRequireTypedApplicationError/null_actions","Output":"--- PASS: TestProviderRefusalsRequireTypedApplicationError/null_actions (0.00s)\n","OutputType":"frame"}
{"Time":"2026-09-08T08:38:22.656171882+03:00","Action":"pass","Package":"virmill.local/core/internal/plugins","Test":"TestProviderRefusalsRequireTypedApplicationError/null_actions","Elapsed":0}
{"Time":"2026-09-08T08:38:22.656187783+03:00","Action":"run","Package":"virmill.local/core/internal/plugins","Test":"TestProviderRefusalsRequireTypedApplicationError/duplicate_code"}
{"Time":"2026-09-08T08:38:22.656189867+03:00","Action":"output","Package":"virmill.local/core/internal/plugins","Test":"TestProviderRefusalsRequireTypedApplicationError/duplicate_code","Output":"=== RUN   TestProviderRefusalsRequireTypedApplicationError/duplicate_code\n","OutputType":"frame"}
{"Time":"2026-09-08T08:38:22.656256512+03:00","Action":"output","Package":"virmill.local/core/internal/plugins","Test":"TestProviderRefusalsRequireTypedApplicationError/duplicate_code","Output":"--- PASS: TestProviderRefusalsRequireTypedApplicationError/duplicate_code (0.00s)\n","OutputType":"frame"}
{"Time":"2026-09-08T08:38:22.656266288+03:00","Action":"pass","Package":"virmill.local/core/internal/plugins","Test":"TestProviderRefusalsRequireTypedApplicationError/duplicate_code","Elapsed":0}
{"Time":"2026-09-08T08:38:22.656292523+03:00","Action":"output","Package":"virmill.local/core/internal/plugins","Test":"TestProviderRefusalsRequireTypedApplicationError","Output":"--- PASS: TestProviderRefusalsRequireTypedApplicationError (0.00s)\n","OutputType":"frame"}
{"Time":"2026-09-08T08:38:22.656307105+03:00","Action":"pass","Package":"virmill.local/core/internal/plugins","Test":"TestProviderRefusalsRequireTypedApplicationError","Elapsed":0}
{"Time":"2026-09-08T08:38:22.656327905+03:00","Action":"run","Package":"virmill.local/core/internal/plugins","Test":"TestProviderHarnessBoundsBeforeSession"}
{"Time":"2026-09-08T08:38:22.656330398+03:00","Action":"output","Package":"virmill.local/core/internal/plugins","Test":"TestProviderHarnessBoundsBeforeSession","Output":"=== RUN   TestProviderHarnessBoundsBeforeSession\n","OutputType":"frame"}
{"Time":"2026-09-08T08:38:22.657531773+03:00","Action":"output","Package":"virmill.local/core/internal/plugins","Test":"TestProviderHarnessBoundsBeforeSession","Output":"--- PASS: TestProviderHarnessBoundsBeforeSession (0.00s)\n","OutputType":"frame"}
{"Time":"2026-09-08T08:38:22.657565212+03:00","Action":"pass","Package":"virmill.local/core/internal/plugins","Test":"TestProviderHarnessBoundsBeforeSession","Elapsed":0}
{"Time":"2026-09-08T08:38:22.657586062+03:00","Action":"run","Package":"virmill.local/core/internal/plugins","Test":"TestProviderReferenceConfinedConformance"}
{"Time":"2026-09-08T08:38:22.657589717+03:00","Action":"output","Package":"virmill.local/core/internal/plugins","Test":"TestProviderReferenceConfinedConformance","Output":"=== RUN   TestProviderReferenceConfinedConformance\n","OutputType":"frame"}
{"Time":"2026-09-08T08:38:22.688648346+03:00","Action":"output","Package":"virmill.local/core/internal/ui/cli","Test":"TestCreationNVRAMCLIFailedObservationDiscardsPriorSuccess/cancellation","Output":"--- PASS: TestCreationNVRAMCLIFailedObservationDiscardsPriorSuccess/cancellation (0.03s)\n","OutputType":"frame"}
{"Time":"2026-09-08T08:38:22.688682749+03:00","Action":"pass","Package":"virmill.local/core/internal/ui/cli","Test":"TestCreationNVRAMCLIFailedObservationDiscardsPriorSuccess/cancellation","Elapsed":0.03}
{"Time":"2026-09-08T08:38:22.688693434+03:00","Action":"run","Package":"virmill.local/core/internal/ui/cli","Test":"TestCreationNVRAMCLIFailedObservationDiscardsPriorSuccess/transport"}
{"Time":"2026-09-08T08:38:22.688696876+03:00","Action":"output","Package":"virmill.local/core/internal/ui/cli","Test":"TestCreationNVRAMCLIFailedObservationDiscardsPriorSuccess/transport","Output":"=== RUN   TestCreationNVRAMCLIFailedObservationDiscardsPriorSuccess/transport\n","OutputType":"frame"}
{"Time":"2026-09-08T08:38:22.721720821+03:00","Action":"output","Package":"virmill.local/core/internal/ui/cli","Test":"TestCreationNVRAMCLIFailedObservationDiscardsPriorSuccess/transport","Output":"--- PASS: TestCreationNVRAMCLIFailedObservationDiscardsPriorSuccess/transport (0.03s)\n","OutputType":"frame"}
{"Time":"2026-09-08T08:38:22.721760806+03:00","Action":"pass","Package":"virmill.local/core/internal/ui/cli","Test":"TestCreationNVRAMCLIFailedObservationDiscardsPriorSuccess/transport","Elapsed":0.03}
{"Time":"2026-09-08T08:38:22.721774596+03:00","Action":"run","Package":"virmill.local/core/internal/ui/cli","Test":"TestCreationNVRAMCLIFailedObservationDiscardsPriorSuccess/missing-job"}
{"Time":"2026-09-08T08:38:22.721777811+03:00","Action":"output","Package":"virmill.local/core/internal/ui/cli","Test":"TestCreationNVRAMCLIFailedObservationDiscardsPriorSuccess/missing-job","Output":"=== RUN   TestCreationNVRAMCLIFailedObservationDiscardsPriorSuccess/missing-job\n","OutputType":"frame"}
{"Time":"2026-09-08T08:38:22.757519232+03:00","Action":"output","Package":"virmill.local/core/internal/ui/cli","Test":"TestCreationNVRAMCLIFailedObservationDiscardsPriorSuccess/missing-job","Output":"--- PASS: TestCreationNVRAMCLIFailedObservationDiscardsPriorSuccess/missing-job (0.04s)\n","OutputType":"frame"}
{"Time":"2026-09-08T08:38:22.757563641+03:00","Action":"pass","Package":"virmill.local/core/internal/ui/cli","Test":"TestCreationNVRAMCLIFailedObservationDiscardsPriorSuccess/missing-job","Elapsed":0.04}
{"Time":"2026-09-08T08:38:22.757576179+03:00","Action":"output","Package":"virmill.local/core/internal/ui/cli","Test":"TestCreationNVRAMCLIFailedObservationDiscardsPriorSuccess","Output":"--- PASS: TestCreationNVRAMCLIFailedObservationDiscardsPriorSuccess (0.10s)\n","OutputType":"frame"}
{"Time":"2026-09-08T08:38:22.757581848+03:00","Action":"pass","Package":"virmill.local/core/internal/ui/cli","Test":"TestCreationNVRAMCLIFailedObservationDiscardsPriorSuccess","Elapsed":0.1}
{"Time":"2026-09-08T08:38:22.757591643+03:00","Action":"run","Package":"virmill.local/core/internal/ui/cli","Test":"TestCreationNVRAMCLINewUEFIRequiresInspectionCapability"}
{"Time":"2026-09-08T08:38:22.757594279+03:00","Action":"output","Package":"virmill.local/core/internal/ui/cli","Test":"TestCreationNVRAMCLINewUEFIRequiresInspectionCapability","Output":"=== RUN   TestCreationNVRAMCLINewUEFIRequiresInspectionCapability\n","OutputType":"frame"}
{"Time":"2026-09-08T08:38:22.761813018+03:00","Action":"output","Package":"virmill.local/core/internal/ui/cli","Test":"TestCreationNVRAMCLINewUEFIRequiresInspectionCapability","Output":"--- PASS: TestCreationNVRAMCLINewUEFIRequiresInspectionCapability (0.00s)\n","OutputType":"frame"}
{"Time":"2026-09-08T08:38:22.761843331+03:00","Action":"pass","Package":"virmill.local/core/internal/ui/cli","Test":"TestCreationNVRAMCLINewUEFIRequiresInspectionCapability","Elapsed":0}
{"Time":"2026-09-08T08:38:22.761851389+03:00","Action":"run","Package":"virmill.local/core/internal/ui/cli","Test":"TestNDJSONFollowDrainsTerminalEventAndPreservesResumeCursor"}
{"Time":"2026-09-08T08:38:22.761853266+03:00","Action":"output","Package":"virmill.local/core/internal/ui/cli","Test":"TestNDJSONFollowDrainsTerminalEventAndPreservesResumeCursor","Output":"=== RUN   TestNDJSONFollowDrainsTerminalEventAndPreservesResumeCursor\n","OutputType":"frame"}
{"Time":"2026-09-08T08:38:22.76568525+03:00","Action":"output","Package":"virmill.local/core/internal/ui/cli","Test":"TestNDJSONFollowDrainsTerminalEventAndPreservesResumeCursor","Output":"--- PASS: TestNDJSONFollowDrainsTerminalEventAndPreservesResumeCursor (0.00s)\n","OutputType":"frame"}
{"Time":"2026-09-08T08:38:22.765704407+03:00","Action":"pass","Package":"virmill.local/core/internal/ui/cli","Test":"TestNDJSONFollowDrainsTerminalEventAndPreservesResumeCursor","Elapsed":0}
{"Time":"2026-09-08T08:38:22.765710804+03:00","Action":"run","Package":"virmill.local/core/internal/ui/cli","Test":"TestNDJSONFollowDrainsFullBoundedBatches"}
{"Time":"2026-09-08T08:38:22.765713746+03:00","Action":"output","Package":"virmill.local/core/internal/ui/cli","Test":"TestNDJSONFollowDrainsFullBoundedBatches","Output":"=== RUN   TestNDJSONFollowDrainsFullBoundedBatches\n","OutputType":"frame"}
{"Time":"2026-09-08T08:38:22.905499196+03:00","Action":"output","Package":"virmill.local/core/internal/ui/tui","Test":"TestTerminalLongApprovalRetainsVisibleInputAndPageableExactReview","Output":"--- PASS: TestTerminalLongApprovalRetainsVisibleInputAndPageableExactReview (0.48s)\n","OutputType":"frame"}
{"Time":"2026-09-08T08:38:22.905533847+03:00","Action":"pass","Package":"virmill.local/core/internal/ui/tui","Test":"TestTerminalLongApprovalRetainsVisibleInputAndPageableExactReview","Elapsed":0.48}
{"Time":"2026-09-08T08:38:22.905541992+03:00","Action":"run","Package":"virmill.local/core/internal/ui/tui","Test":"TestTerminalResizeRevealsDetailsAfterPriorNarrowScroll"}
{"Time":"2026-09-08T08:38:22.905544077+03:00","Action":"output","Package":"virmill.local/core/internal/ui/tui","Test":"TestTerminalResizeRevealsDetailsAfterPriorNarrowScroll","Output":"=== RUN   TestTerminalResizeRevealsDetailsAfterPriorNarrowScroll\n","OutputType":"frame"}
{"Time":"2026-09-08T08:38:22.908787084+03:00","Action":"output","Package":"virmill.local/core/internal/ui/cli","Test":"TestNDJSONFollowDrainsFullBoundedBatches","Output":"--- PASS: TestNDJSONFollowDrainsFullBoundedBatches (0.14s)\n","OutputType":"frame"}
{"Time":"2026-09-08T08:38:22.908803612+03:00","Action":"pass","Package":"virmill.local/core/internal/ui/cli","Test":"TestNDJSONFollowDrainsFullBoundedBatches","Elapsed":0.14}
{"Time":"2026-09-08T08:38:22.908826515+03:00","Action":"run","Package":"virmill.local/core/internal/ui/cli","Test":"TestNDJSONFollowRefusesEntireAmbiguousBatch"}
{"Time":"2026-09-08T08:38:22.908828983+03:00","Action":"output","Package":"virmill.local/core/internal/ui/cli","Test":"TestNDJSONFollowRefusesEntireAmbiguousBatch","Output":"=== RUN   TestNDJSONFollowRefusesEntireAmbiguousBatch\n","OutputType":"frame"}
{"Time":"2026-09-08T08:38:22.915894557+03:00","Action":"output","Package":"virmill.local/core/internal/ui/tui","Test":"TestTerminalResizeRevealsDetailsAfterPriorNarrowScroll","Output":"--- PASS: TestTerminalResizeRevealsDetailsAfterPriorNarrowScroll (0.01s)\n","OutputType":"frame"}
{"Time":"2026-09-08T08:38:22.915932499+03:00","Action":"pass","Package":"virmill.local/core/internal/ui/tui","Test":"TestTerminalResizeRevealsDetailsAfterPriorNarrowScroll","Elapsed":0.01}
{"Time":"2026-09-08T08:38:22.915940479+03:00","Action":"run","Package":"virmill.local/core/internal/ui/tui","Test":"TestTerminalDialogFocusCannotRetargetSubmitOrLoseCancellation"}
{"Time":"2026-09-08T08:38:22.915943226+03:00","Action":"output","Package":"virmill.local/core/internal/ui/tui","Test":"TestTerminalDialogFocusCannotRetargetSubmitOrLoseCancellation","Output":"=== RUN   TestTerminalDialogFocusCannotRetargetSubmitOrLoseCancellation\n","OutputType":"frame"}
{"Time":"2026-09-08T08:38:22.915990445+03:00","Action":"run","Package":"virmill.local/core/internal/ui/tui","Test":"TestTerminalDialogFocusCannotRetargetSubmitOrLoseCancellation/false"}
{"Time":"2026-09-08T08:38:22.915995529+03:00","Action":"output","Package":"virmill.local/core/internal/ui/tui","Test":"TestTerminalDialogFocusCannotRetargetSubmitOrLoseCancellation/false","Output":"=== RUN   TestTerminalDialogFocusCannotRetargetSubmitOrLoseCancellation/false\n","OutputType":"frame"}
{"Time":"2026-09-08T08:38:22.916660985+03:00","Action":"output","Package":"virmill.local/core/internal/ui/tui","Test":"TestTerminalDialogFocusCannotRetargetSubmitOrLoseCancellation/false","Output":"--- PASS: TestTerminalDialogFocusCannotRetargetSubmitOrLoseCancellation/false (0.00s)\n","OutputType":"frame"}
{"Time":"2026-09-08T08:38:22.916674148+03:00","Action":"pass","Package":"virmill.local/core/internal/ui/tui","Test":"TestTerminalDialogFocusCannotRetargetSubmitOrLoseCancellation/false","Elapsed":0}
{"Time":"2026-09-08T08:38:22.916701342+03:00","Action":"run","Package":"virmill.local/core/internal/ui/tui","Test":"TestTerminalDialogFocusCannotRetargetSubmitOrLoseCancellation/true"}
{"Time":"2026-09-08T08:38:22.916705046+03:00","Action":"output","Package":"virmill.local/core/internal/ui/tui","Test":"TestTerminalDialogFocusCannotRetargetSubmitOrLoseCancellation/true","Output":"=== RUN   TestTerminalDialogFocusCannotRetargetSubmitOrLoseCancellation/true\n","OutputType":"frame"}
{"Time":"2026-09-08T08:38:22.920771237+03:00","Action":"output","Package":"virmill.local/core/internal/ui/tui","Test":"TestTerminalDialogFocusCannotRetargetSubmitOrLoseCancellation/true","Output":"--- PASS: TestTerminalDialogFocusCannotRetargetSubmitOrLoseCancellation/true (0.00s)\n","OutputType":"frame"}
{"Time":"2026-09-08T08:38:22.920792579+03:00","Action":"pass","Package":"virmill.local/core/internal/ui/tui","Test":"TestTerminalDialogFocusCannotRetargetSubmitOrLoseCancellation/true","Elapsed":0}
{"Time":"2026-09-08T08:38:22.920796313+03:00","Action":"output","Package":"virmill.local/core/internal/ui/tui","Test":"TestTerminalDialogFocusCannotRetargetSubmitOrLoseCancellation","Output":"--- PASS: TestTerminalDialogFocusCannotRetargetSubmitOrLoseCancellation (0.00s)\n","OutputType":"frame"}
{"Time":"2026-09-08T08:38:22.920798487+03:00","Action":"pass","Package":"virmill.local/core/internal/ui/tui","Test":"TestTerminalDialogFocusCannotRetargetSubmitOrLoseCancellation","Elapsed":0}
{"Time":"2026-09-08T08:38:22.920814954+03:00","Action":"run","Package":"virmill.local/core/internal/ui/tui","Test":"TestTerminalApprovalMismatchRemainsReadableAfterReviewPaging"}
{"Time":"2026-09-08T08:38:22.920816488+03:00","Action":"output","Package":"virmill.local/core/internal/ui/tui","Test":"TestTerminalApprovalMismatchRemainsReadableAfterReviewPaging","Output":"=== RUN   TestTerminalApprovalMismatchRemainsReadableAfterReviewPaging\n","OutputType":"frame"}
{"Time":"2026-09-08T08:38:22.925303283+03:00","Action":"run","Package":"virmill.local/core/internal/ui/cli","Test":"TestNDJSONFollowRefusesEntireAmbiguousBatch/null"}
{"Time":"2026-09-08T08:38:22.92530658+03:00","Action":"output","Package":"virmill.local/core/internal/ui/cli","Test":"TestNDJSONFollowRefusesEntireAmbiguousBatch/null","Output":"=== RUN   TestNDJSONFollowRefusesEntireAmbiguousBatch/null\n","OutputType":"frame"}
{"Time":"2026-09-08T08:38:22.926458779+03:00","Action":"output","Package":"virmill.local/core/internal/ui/cli","Test":"TestNDJSONFollowRefusesEntireAmbiguousBatch/null","Output":"--- PASS: TestNDJSONFollowRefusesEntireAmbiguousBatch/null (0.00s)\n","OutputType":"frame"}
{"Time":"2026-09-08T08:38:22.926476618+03:00","Action":"pass","Package":"virmill.local/core/internal/ui/cli","Test":"TestNDJSONFollowRefusesEntireAmbiguousBatch/null","Elapsed":0}
{"Time":"2026-09-08T08:38:22.926499426+03:00","Action":"run","Package":"virmill.local/core/internal/ui/cli","Test":"TestNDJSONFollowRefusesEntireAmbiguousBatch/duplicate"}
{"Time":"2026-09-08T08:38:22.926500913+03:00","Action":"output","Package":"virmill.local/core/internal/ui/cli","Test":"TestNDJSONFollowRefusesEntireAmbiguousBatch/duplicate","Output":"=== RUN   TestNDJSONFollowRefusesEntireAmbiguousBatch/duplicate\n","OutputType":"frame"}
{"Time":"2026-09-08T08:38:22.928103095+03:00","Action":"output","Package":"virmill.local/core/internal/ui/cli","Test":"TestNDJSONFollowRefusesEntireAmbiguousBatch/duplicate","Output":"--- PASS: TestNDJSONFollowRefusesEntireAmbiguousBatch/duplicate (0.00s)\n","OutputType":"frame"}
{"Time":"2026-09-08T08:38:22.928128477+03:00","Action":"pass","Package":"virmill.local/core/internal/ui/cli","Test":"TestNDJSONFollowRefusesEntireAmbiguousBatch/duplicate","Elapsed":0}
{"Time":"2026-09-08T08:38:22.928134479+03:00","Action":"run","Package":"virmill.local/core/internal/ui/cli","Test":"TestNDJSONFollowRefusesEntireAmbiguousBatch/gap"}
{"Time":"2026-09-08T08:38:22.928137137+03:00","Action":"output","Package":"virmill.local/core/internal/ui/cli","Test":"TestNDJSONFollowRefusesEntireAmbiguousBatch/gap","Output":"=== RUN   TestNDJSONFollowRefusesEntireAmbiguousBatch/gap\n","OutputType":"frame"}
{"Time":"2026-09-08T08:38:22.92951862+03:00","Action":"output","Package":"virmill.local/core/internal/ui/cli","Test":"TestNDJSONFollowRefusesEntireAmbiguousBatch/gap","Output":"--- PASS: TestNDJSONFollowRefusesEntireAmbiguousBatch/gap (0.00s)\n","OutputType":"frame"}
{"Time":"2026-09-08T08:38:22.929533274+03:00","Action":"pass","Package":"virmill.local/core/internal/ui/cli","Test":"TestNDJSONFollowRefusesEntireAmbiguousBatch/gap","Elapsed":0}
{"Time":"2026-09-08T08:38:22.929538015+03:00","Action":"run","Package":"virmill.local/core/internal/ui/cli","Test":"TestNDJSONFollowRefusesEntireAmbiguousBatch/object"}
{"Time":"2026-09-08T08:38:22.929540588+03:00","Action":"output","Package":"virmill.local/core/internal/ui/cli","Test":"TestNDJSONFollowRefusesEntireAmbiguousBatch/object","Output":"=== RUN   TestNDJSONFollowRefusesEntireAmbiguousBatch/object\n","OutputType":"frame"}
{"Time":"2026-09-08T08:38:22.930325508+03:00","Action":"output","Package":"virmill.local/core/internal/ui/cli","Test":"TestNDJSONFollowRefusesEntireAmbiguousBatch/object","Output":"--- PASS: TestNDJSONFollowRefusesEntireAmbiguousBatch/object (0.00s)\n","OutputType":"frame"}
{"Time":"2026-09-08T08:38:22.930343842+03:00","Action":"pass","Package":"virmill.local/core/internal/ui/cli","Test":"TestNDJSONFollowRefusesEntireAmbiguousBatch/object","Elapsed":0}
{"Time":"2026-09-08T08:38:22.930349714+03:00","Action":"run","Package":"virmill.local/core/internal/ui/cli","Test":"TestNDJSONFollowRefusesEntireAmbiguousBatch/missing-time"}
{"Time":"2026-09-08T08:38:22.930352713+03:00","Action":"output","Package":"virmill.local/core/internal/ui/cli","Test":"TestNDJSONFollowRefusesEntireAmbiguousBatch/missing-time","Output":"=== RUN   TestNDJSONFollowRefusesEntireAmbiguousBatch/missing-time\n","OutputType":"frame"}
{"Time":"2026-09-08T08:38:22.931796165+03:00","Action":"output","Package":"virmill.local/core/internal/ui/cli","Test":"TestNDJSONFollowRefusesEntireAmbiguousBatch/missing-time","Output":"--- PASS: TestNDJSONFollowRefusesEntireAmbiguousBatch/missing-time (0.00s)\n","OutputType":"frame"}
{"Time":"2026-09-08T08:38:22.931809248+03:00","Action":"pass","Package":"virmill.local/core/internal/ui/cli","Test":"TestNDJSONFollowRefusesEntireAmbiguousBatch/missing-time","Elapsed":0}
{"Time":"2026-09-08T08:38:22.93181427+03:00","Action":"run","Package":"virmill.local/core/internal/ui/cli","Test":"TestNDJSONFollowRefusesEntireAmbiguousBatch/reordered"}
{"Time":"2026-09-08T08:38:22.931816871+03:00","Action":"output","Package":"virmill.local/core/internal/ui/cli","Test":"TestNDJSONFollowRefusesEntireAmbiguousBatch/reordered","Output":"=== RUN   TestNDJSONFollowRefusesEntireAmbiguousBatch/reordered\n","OutputType":"frame"}
{"Time":"2026-09-08T08:38:22.932889935+03:00","Action":"output","Package":"virmill.local/core/internal/ui/cli","Test":"TestNDJSONFollowRefusesEntireAmbiguousBatch/reordered","Output":"--- PASS: TestNDJSONFollowRefusesEntireAmbiguousBatch/reordered (0.00s)\n","OutputType":"frame"}
{"Time":"2026-09-08T08:38:22.932911669+03:00","Action":"pass","Package":"virmill.local/core/internal/ui/cli","Test":"TestNDJSONFollowRefusesEntireAmbiguousBatch/reordered","Elapsed":0}
{"Time":"2026-09-08T08:38:22.932931723+03:00","Action":"run","Package":"virmill.local/core/internal/ui/cli","Test":"TestNDJSONFollowRefusesEntireAmbiguousBatch/unknown-field"}
{"Time":"2026-09-08T08:38:22.932935354+03:00","Action":"output","Package":"virmill.local/core/internal/ui/cli","Test":"TestNDJSONFollowRefusesEntireAmbiguousBatch/unknown-field","Output":"=== RUN   TestNDJSONFollowRefusesEntireAmbiguousBatch/unknown-field\n","OutputType":"frame"}
{"Time":"2026-09-08T08:38:22.934166496+03:00","Action":"output","Package":"virmill.local/core/internal/ui/cli","Test":"TestNDJSONFollowRefusesEntireAmbiguousBatch/unknown-field","Output":"--- PASS: TestNDJSONFollowRefusesEntireAmbiguousBatch/unknown-field (0.00s)\n","OutputType":"frame"}
{"Time":"2026-09-08T08:38:22.934179246+03:00","Action":"pass","Package":"virmill.local/core/internal/ui/cli","Test":"TestNDJSONFollowRefusesEntireAmbiguousBatch/unknown-field","Elapsed":0}
{"Time":"2026-09-08T08:38:22.934196359+03:00","Action":"run","Package":"virmill.local/core/internal/ui/cli","Test":"TestNDJSONFollowRefusesEntireAmbiguousBatch/encoded-byte-limit"}
{"Time":"2026-09-08T08:38:22.934199676+03:00","Action":"output","Package":"virmill.local/core/internal/ui/cli","Test":"TestNDJSONFollowRefusesEntireAmbiguousBatch/encoded-byte-limit","Output":"=== RUN   TestNDJSONFollowRefusesEntireAmbiguousBatch/encoded-byte-limit\n","OutputType":"frame"}
{"Time":"2026-09-08T08:38:22.941911108+03:00","Action":"output","Package":"virmill.local/core/internal/ui/tui","Test":"TestTerminalApprovalMismatchRemainsReadableAfterReviewPaging","Output":"--- PASS: TestTerminalApprovalMismatchRemainsReadableAfterReviewPaging (0.02s)\n","OutputType":"frame"}
{"Time":"2026-09-08T08:38:22.941929846+03:00","Action":"pass","Package":"virmill.local/core/internal/ui/tui","Test":"TestTerminalApprovalMismatchRemainsReadableAfterReviewPaging","Elapsed":0.02}
{"Time":"2026-09-08T08:38:22.941941625+03:00","Action":"run","Package":"virmill.local/core/internal/ui/tui","Test":"TestTerminalBackendErrorsPreserveNavigationAndHaveTextMeaning"}
{"Time":"2026-09-08T08:38:22.941947294+03:00","Action":"output","Package":"virmill.local/core/internal/ui/tui","Test":"TestTerminalBackendErrorsPreserveNavigationAndHaveTextMeaning","Output":"=== RUN   TestTerminalBackendErrorsPreserveNavigationAndHaveTextMeaning\n","OutputType":"frame"}
{"Time":"2026-09-08T08:38:22.943516824+03:00","Action":"output","Package":"virmill.local/core/internal/ui/tui","Test":"TestTerminalBackendErrorsPreserveNavigationAndHaveTextMeaning","Output":"--- PASS: TestTerminalBackendErrorsPreserveNavigationAndHaveTextMeaning (0.00s)\n","OutputType":"frame"}
{"Time":"2026-09-08T08:38:22.94353056+03:00","Action":"pass","Package":"virmill.local/core/internal/ui/tui","Test":"TestTerminalBackendErrorsPreserveNavigationAndHaveTextMeaning","Elapsed":0}
{"Time":"2026-09-08T08:38:22.943555782+03:00","Action":"run","Package":"virmill.local/core/internal/ui/tui","Test":"TestTerminalTopLevelTextDoesNotMasqueradeAsControl"}
{"Time":"2026-09-08T08:38:22.943558875+03:00","Action":"output","Package":"virmill.local/core/internal/ui/tui","Test":"TestTerminalTopLevelTextDoesNotMasqueradeAsControl","Output":"=== RUN   TestTerminalTopLevelTextDoesNotMasqueradeAsControl\n","OutputType":"frame"}
{"Time":"2026-09-08T08:38:22.943739201+03:00","Action":"output","Package":"virmill.local/core/internal/ui/tui","Test":"TestTerminalTopLevelTextDoesNotMasqueradeAsControl","Output":"--- PASS: TestTerminalTopLevelTextDoesNotMasqueradeAsControl (0.00s)\n","OutputType":"frame"}
{"Time":"2026-09-08T08:38:22.943752899+03:00","Action":"pass","Package":"virmill.local/core/internal/ui/tui","Test":"TestTerminalTopLevelTextDoesNotMasqueradeAsControl","Elapsed":0}
{"Time":"2026-09-08T08:38:22.943766549+03:00","Action":"run","Package":"virmill.local/core/internal/ui/tui","Test":"TestTerminalExactApprovalDigestAndAcknowledgementsUnchanged"}
{"Time":"2026-09-08T08:38:22.943769015+03:00","Action":"output","Package":"virmill.local/core/internal/ui/tui","Test":"TestTerminalExactApprovalDigestAndAcknowledgementsUnchanged","Output":"=== RUN   TestTerminalExactApprovalDigestAndAcknowledgementsUnchanged\n","OutputType":"frame"}
{"Time":"2026-09-08T08:38:22.944522675+03:00","Action":"output","Package":"virmill.local/core/internal/ui/tui","Test":"TestTerminalExactApprovalDigestAndAcknowledgementsUnchanged","Output":"--- PASS: TestTerminalExactApprovalDigestAndAcknowledgementsUnchanged (0.00s)\n","OutputType":"frame"}
{"Time":"2026-09-08T08:38:22.944538604+03:00","Action":"pass","Package":"virmill.local/core/internal/ui/tui","Test":"TestTerminalExactApprovalDigestAndAcknowledgementsUnchanged","Elapsed":0}
{"Time":"2026-09-08T08:38:22.944565977+03:00","Action":"run","Package":"virmill.local/core/internal/ui/tui","Test":"TestTerminalFormsPreserveInputAcrossResizeAndExposeErrors"}
{"Time":"2026-09-08T08:38:22.944569283+03:00","Action":"output","Package":"virmill.local/core/internal/ui/tui","Test":"TestTerminalFormsPreserveInputAcrossResizeAndExposeErrors","Output":"=== RUN   TestTerminalFormsPreserveInputAcrossResizeAndExposeErrors\n","OutputType":"frame"}
{"Time":"2026-09-08T08:38:22.944613408+03:00","Action":"run","Package":"virmill.local/core/internal/ui/tui","Test":"TestTerminalFormsPreserveInputAcrossResizeAndExposeErrors/0"}
{"Time":"2026-09-08T08:38:22.944617147+03:00","Action":"output","Package":"virmill.local/core/internal/ui/tui","Test":"TestTerminalFormsPreserveInputAcrossResizeAndExposeErrors/0","Output":"=== RUN   TestTerminalFormsPreserveInputAcrossResizeAndExposeErrors/0\n","OutputType":"frame"}
{"Time":"2026-09-08T08:38:22.961497736+03:00","Action":"output","Package":"virmill.local/core/internal/ui/tui","Test":"TestTerminalFormsPreserveInputAcrossResizeAndExposeErrors/0","Output":"--- PASS: TestTerminalFormsPreserveInputAcrossResizeAndExposeErrors/0 (0.02s)\n","OutputType":"frame"}
{"Time":"2026-09-08T08:38:22.961527922+03:00","Action":"pass","Package":"virmill.local/core/internal/ui/tui","Test":"TestTerminalFormsPreserveInputAcrossResizeAndExposeErrors/0","Elapsed":0.02}
{"Time":"2026-09-08T08:38:22.96153318+03:00","Action":"run","Package":"virmill.local/core/internal/ui/tui","Test":"TestTerminalFormsPreserveInputAcrossResizeAndExposeErrors/1"}
{"Time":"2026-09-08T08:38:22.961535052+03:00","Action":"output","Package":"virmill.local/core/internal/ui/tui","Test":"TestTerminalFormsPreserveInputAcrossResizeAndExposeErrors/1","Output":"=== RUN   TestTerminalFormsPreserveInputAcrossResizeAndExposeErrors/1\n","OutputType":"frame"}
{"Time":"2026-09-08T08:38:22.976483179+03:00","Action":"output","Package":"virmill.local/core/internal/ui/tui","Test":"TestTerminalFormsPreserveInputAcrossResizeAndExposeErrors/1","Output":"--- PASS: TestTerminalFormsPreserveInputAcrossResizeAndExposeErrors/1 (0.01s)\n","OutputType":"frame"}
{"Time":"2026-09-08T08:38:22.976522965+03:00","Action":"pass","Package":"virmill.local/core/internal/ui/tui","Test":"TestTerminalFormsPreserveInputAcrossResizeAndExposeErrors/1","Elapsed":0.01}
{"Time":"2026-09-08T08:38:22.976532143+03:00","Action":"output","Package":"virmill.local/core/internal/ui/tui","Test":"TestTerminalFormsPreserveInputAcrossResizeAndExposeErrors","Output":"--- PASS: TestTerminalFormsPreserveInputAcrossResizeAndExposeErrors (0.03s)\n","OutputType":"frame"}
{"Time":"2026-09-08T08:38:22.976536537+03:00","Action":"pass","Package":"virmill.local/core/internal/ui/tui","Test":"TestTerminalFormsPreserveInputAcrossResizeAndExposeErrors","Elapsed":0.03}
{"Time":"2026-09-08T08:38:22.976550113+03:00","Action":"run","Package":"virmill.local/core/internal/ui/tui","Test":"TestTerminalBusyDetachDoesNotCancelOrResubmit"}
{"Time":"2026-09-08T08:38:22.976552738+03:00","Action":"output","Package":"virmill.local/core/internal/ui/tui","Test":"TestTerminalBusyDetachDoesNotCancelOrResubmit","Output":"=== RUN   TestTerminalBusyDetachDoesNotCancelOrResubmit\n","OutputType":"frame"}
{"Time":"2026-09-08T08:38:22.977231339+03:00","Action":"output","Package":"virmill.local/core/internal/ui/tui","Test":"TestTerminalBusyDetachDoesNotCancelOrResubmit","Output":"--- PASS: TestTerminalBusyDetachDoesNotCancelOrResubmit (0.00s)\n","OutputType":"frame"}
{"Time":"2026-09-08T08:38:22.977243463+03:00","Action":"pass","Package":"virmill.local/core/internal/ui/tui","Test":"TestTerminalBusyDetachDoesNotCancelOrResubmit","Elapsed":0}
{"Time":"2026-09-08T08:38:22.977265977+03:00","Action":"output","Package":"virmill.local/core/internal/ui/tui","Output":"PASS\n","OutputType":"frame"}
{"Time":"2026-09-08T08:38:23.115831105+03:00","Action":"output","Package":"virmill.local/core/internal/plugins","Test":"TestProviderReferenceConfinedConformance","Output":"    provider_conformance_test.go:334: example.virmill.provider-fixture: [simulated provider initialize identity/version/protocol and bounded describe schemas explicit simulated capabilities and fixture connection namespace reviewed create/get with stable fake IDs, exact deduplication and stale idempotency refusal stable ordered paginated inventory with repeated opaque cursors partial effect reported: operation=conformance-partial; resource=fixture-conformance-partial; status=partial restart/status/reconcile without apply replay: fixture-conformance-partial remains status=partial, reconciled=true, revision=1; inventory generation unchanged reviewed start/stop/delete preserve resource identity and retain a deleted receipt backup and lifecycle cancellation explicitly unsupported; no fake supported result shutdown; simulated-contract only, no real remote-provider or hardware qualification]\n"}
{"Time":"2026-09-08T08:38:23.115898642+03:00","Action":"output","Package":"virmill.local/core/internal/plugins","Test":"TestProviderReferenceConfinedConformance","Output":"--- PASS: TestProviderReferenceConfinedConformance (0.46s)\n","OutputType":"frame"}
{"Time":"2026-09-08T08:38:23.115903415+03:00","Action":"pass","Package":"virmill.local/core/internal/plugins","Test":"TestProviderReferenceConfinedConformance","Elapsed":0.46}
{"Time":"2026-09-08T08:38:23.115927293+03:00","Action":"run","Package":"virmill.local/core/internal/plugins","Test":"TestProtocolCloseInterruptsActiveCall"}
{"Time":"2026-09-08T08:38:23.115930315+03:00","Action":"output","Package":"virmill.local/core/internal/plugins","Test":"TestProtocolCloseInterruptsActiveCall","Output":"=== RUN   TestProtocolCloseInterruptsActiveCall\n","OutputType":"frame"}
{"Time":"2026-09-08T08:38:23.115968399+03:00","Action":"output","Package":"virmill.local/core/internal/plugins","Test":"TestProtocolCloseInterruptsActiveCall","Output":"    runner_close_test.go:22: TEST-ONLY TRANSPORT SEAM: active-call shutdown and process reaping; no confinement evidence\n"}
{"Time":"2026-09-08T08:38:23.14777878+03:00","Action":"output","Package":"virmill.local/core/internal/plugins","Test":"TestProtocolCloseInterruptsActiveCall","Output":"--- PASS: TestProtocolCloseInterruptsActiveCall (0.03s)\n","OutputType":"frame"}
{"Time":"2026-09-08T08:38:23.147823639+03:00","Action":"pass","Package":"virmill.local/core/internal/plugins","Test":"TestProtocolCloseInterruptsActiveCall","Elapsed":0.03}
{"Time":"2026-09-08T08:38:23.147833921+03:00","Action":"run","Package":"virmill.local/core/internal/plugins","Test":"TestProtocolConcurrentCloseReleasesWorkerOnce"}
{"Time":"2026-09-08T08:38:23.147836999+03:00","Action":"output","Package":"virmill.local/core/internal/plugins","Test":"TestProtocolConcurrentCloseReleasesWorkerOnce","Output":"=== RUN   TestProtocolConcurrentCloseReleasesWorkerOnce\n","OutputType":"frame"}
{"Time":"2026-09-08T08:38:23.147929033+03:00","Action":"output","Package":"virmill.local/core/internal/plugins","Test":"TestProtocolConcurrentCloseReleasesWorkerOnce","Output":"    runner_close_test.go:74: TEST-ONLY TRANSPORT SEAM: concurrent Close, one cleanup callback, and process reaping; no confinement evidence\n"}
{"Time":"2026-09-08T08:38:23.169872975+03:00","Action":"output","Package":"virmill.local/core/internal/ui/cli","Test":"TestNDJSONFollowRefusesEntireAmbiguousBatch/encoded-byte-limit","Output":"--- PASS: TestNDJSONFollowRefusesEntireAmbiguousBatch/encoded-byte-limit (0.24s)\n","OutputType":"frame"}
{"Time":"2026-09-08T08:38:23.169908195+03:00","Action":"pass","Package":"virmill.local/core/internal/ui/cli","Test":"TestNDJSONFollowRefusesEntireAmbiguousBatch/encoded-byte-limit","Elapsed":0.24}
{"Time":"2026-09-08T08:38:23.169916531+03:00","Action":"run","Package":"virmill.local/core/internal/ui/cli","Test":"TestNDJSONFollowRefusesEntireAmbiguousBatch/foreign-job"}
{"Time":"2026-09-08T08:38:23.169919195+03:00","Action":"output","Package":"virmill.local/core/internal/ui/cli","Test":"TestNDJSONFollowRefusesEntireAmbiguousBatch/foreign-job","Output":"=== RUN   TestNDJSONFollowRefusesEntireAmbiguousBatch/foreign-job\n","OutputType":"frame"}
{"Time":"2026-09-08T08:38:23.171257247+03:00","Action":"output","Package":"virmill.local/core/internal/ui/cli","Test":"TestNDJSONFollowRefusesEntireAmbiguousBatch/foreign-job","Output":"--- PASS: TestNDJSONFollowRefusesEntireAmbiguousBatch/foreign-job (0.00s)\n","OutputType":"frame"}
{"Time":"2026-09-08T08:38:23.171279108+03:00","Action":"pass","Package":"virmill.local/core/internal/ui/cli","Test":"TestNDJSONFollowRefusesEntireAmbiguousBatch/foreign-job","Elapsed":0}
{"Time":"2026-09-08T08:38:23.171284232+03:00","Action":"run","Package":"virmill.local/core/internal/ui/cli","Test":"TestNDJSONFollowRefusesEntireAmbiguousBatch/foreign-version"}
{"Time":"2026-09-08T08:38:23.171286463+03:00","Action":"output","Package":"virmill.local/core/internal/ui/cli","Test":"TestNDJSONFollowRefusesEntireAmbiguousBatch/foreign-version","Output":"=== RUN   TestNDJSONFollowRefusesEntireAmbiguousBatch/foreign-version\n","OutputType":"frame"}
{"Time":"2026-09-08T08:38:23.171770881+03:00","Action":"output","Package":"virmill.local/core/internal/plugins","Test":"TestProtocolConcurrentCloseReleasesWorkerOnce","Output":"--- PASS: TestProtocolConcurrentCloseReleasesWorkerOnce (0.02s)\n","OutputType":"frame"}
{"Time":"2026-09-08T08:38:23.172243968+03:00","Action":"pass","Package":"virmill.local/core/internal/plugins","Test":"TestProtocolConcurrentCloseReleasesWorkerOnce","Elapsed":0.02}
{"Time":"2026-09-08T08:38:23.172261441+03:00","Action":"run","Package":"virmill.local/core/internal/plugins","Test":"TestPythonProtocolFaultTransport"}
{"Time":"2026-09-08T08:38:23.172263902+03:00","Action":"output","Package":"virmill.local/core/internal/plugins","Test":"TestPythonProtocolFaultTransport","Output":"=== RUN   TestPythonProtocolFaultTransport\n","OutputType":"frame"}
{"Time":"2026-09-08T08:38:23.172302297+03:00","Action":"output","Package":"virmill.local/core/internal/plugins","Test":"TestPythonProtocolFaultTransport","Output":"    runner_faults_test.go:291: TEST-ONLY TRANSPORT SEAM: actual Python peer, production Call; no sandbox or host-security evidence\n"}
{"Time":"2026-09-08T08:38:23.172316058+03:00","Action":"run","Package":"virmill.local/core/internal/plugins","Test":"TestPythonProtocolFaultTransport/partial-exit"}
{"Time":"2026-09-08T08:38:23.172318045+03:00","Action":"output","Package":"virmill.local/core/internal/plugins","Test":"TestPythonProtocolFaultTransport/partial-exit","Output":"=== RUN   TestPythonProtocolFaultTransport/partial-exit\n","OutputType":"frame"}
{"Time":"2026-09-08T08:38:23.172462604+03:00","Action":"output","Package":"virmill.local/core/internal/ui/cli","Test":"TestNDJSONFollowRefusesEntireAmbiguousBatch/foreign-version","Output":"--- PASS: TestNDJSONFollowRefusesEntireAmbiguousBatch/foreign-version (0.00s)\n","OutputType":"frame"}
{"Time":"2026-09-08T08:38:23.1724779+03:00","Action":"pass","Package":"virmill.local/core/internal/ui/cli","Test":"TestNDJSONFollowRefusesEntireAmbiguousBatch/foreign-version","Elapsed":0}
{"Time":"2026-09-08T08:38:23.172499942+03:00","Action":"run","Package":"virmill.local/core/internal/ui/cli","Test":"TestNDJSONFollowRefusesEntireAmbiguousBatch/over-limit"}
{"Time":"2026-09-08T08:38:23.172501918+03:00","Action":"output","Package":"virmill.local/core/internal/ui/cli","Test":"TestNDJSONFollowRefusesEntireAmbiguousBatch/over-limit","Output":"=== RUN   TestNDJSONFollowRefusesEntireAmbiguousBatch/over-limit\n","OutputType":"frame"}
{"Time":"2026-09-08T08:38:23.195851286+03:00","Action":"output","Package":"virmill.local/core/internal/plugins","Test":"TestPythonProtocolFaultTransport/partial-exit","Output":"    runner_faults_test.go:129: observable protocol rejection: plugin process/framing failure: unterminated frame\n"}
{"Time":"2026-09-08T08:38:23.196020996+03:00","Action":"output","Package":"virmill.local/core/internal/plugins","Test":"TestPythonProtocolFaultTransport/partial-exit","Output":"--- PASS: TestPythonProtocolFaultTransport/partial-exit (0.02s)\n","OutputType":"frame"}
{"Time":"2026-09-08T08:38:23.196038645+03:00","Action":"pass","Package":"virmill.local/core/internal/plugins","Test":"TestPythonProtocolFaultTransport/partial-exit","Elapsed":0.02}
{"Time":"2026-09-08T08:38:23.196062829+03:00","Action":"run","Package":"virmill.local/core/internal/plugins","Test":"TestPythonProtocolFaultTransport/unterminated-exit"}
{"Time":"2026-09-08T08:38:23.196066396+03:00","Action":"output","Package":"virmill.local/core/internal/plugins","Test":"TestPythonProtocolFaultTransport/unterminated-exit","Output":"=== RUN   TestPythonProtocolFaultTransport/unterminated-exit\n","OutputType":"frame"}
{"Time":"2026-09-08T08:38:23.219644188+03:00","Action":"output","Package":"virmill.local/core/internal/plugins","Test":"TestPythonProtocolFaultTransport/unterminated-exit","Output":"    runner_faults_test.go:129: observable protocol rejection: plugin process/framing failure: unterminated frame\n"}
{"Time":"2026-09-08T08:38:23.219812937+03:00","Action":"output","Package":"virmill.local/core/internal/plugins","Test":"TestPythonProtocolFaultTransport/unterminated-exit","Output":"--- PASS: TestPythonProtocolFaultTransport/unterminated-exit (0.02s)\n","OutputType":"frame"}
{"Time":"2026-09-08T08:38:23.219827449+03:00","Action":"pass","Package":"virmill.local/core/internal/plugins","Test":"TestPythonProtocolFaultTransport/unterminated-exit","Elapsed":0.02}
{"Time":"2026-09-08T08:38:23.219846461+03:00","Action":"run","Package":"virmill.local/core/internal/plugins","Test":"TestPythonProtocolFaultTransport/duplicate-key"}
{"Time":"2026-09-08T08:38:23.219849933+03:00","Action":"output","Package":"virmill.local/core/internal/plugins","Test":"TestPythonProtocolFaultTransport/duplicate-key","Output":"=== RUN   TestPythonProtocolFaultTransport/duplicate-key\n","OutputType":"frame"}
{"Time":"2026-09-08T08:38:23.238462228+03:00","Action":"output","Package":"virmill.local/core/internal/plugins","Test":"TestPythonProtocolFaultTransport/duplicate-key","Output":"    runner_faults_test.go:129: observable protocol rejection: duplicate JSON key \"result\"\n"}
{"Time":"2026-09-08T08:38:23.249218106+03:00","Action":"output","Package":"virmill.local/core/internal/plugins","Test":"TestPythonProtocolFaultTransport/duplicate-key","Output":"--- PASS: TestPythonProtocolFaultTransport/duplicate-key (0.03s)\n","OutputType":"frame"}
{"Time":"2026-09-08T08:38:23.249238068+03:00","Action":"pass","Package":"virmill.local/core/internal/plugins","Test":"TestPythonProtocolFaultTransport/duplicate-key","Elapsed":0.03}
{"Time":"2026-09-08T08:38:23.24924639+03:00","Action":"run","Package":"virmill.local/core/internal/plugins","Test":"TestPythonProtocolFaultTransport/oversized-line"}
{"Time":"2026-09-08T08:38:23.249249144+03:00","Action":"output","Package":"virmill.local/core/internal/plugins","Test":"TestPythonProtocolFaultTransport/oversized-line","Output":"=== RUN   TestPythonProtocolFaultTransport/oversized-line\n","OutputType":"frame"}
{"Time":"2026-09-08T08:38:23.258300774+03:00","Action":"output","Package":"virmill.local/core/internal/ui/cli","Test":"TestNDJSONFollowRefusesEntireAmbiguousBatch/over-limit","Output":"--- PASS: TestNDJSONFollowRefusesEntireAmbiguousBatch/over-limit (0.09s)\n","OutputType":"frame"}
{"Time":"2026-09-08T08:38:23.258314795+03:00","Action":"pass","Package":"virmill.local/core/internal/ui/cli","Test":"TestNDJSONFollowRefusesEntireAmbiguousBatch/over-limit","Elapsed":0.09}
{"Time":"2026-09-08T08:38:23.258344131+03:00","Action":"output","Package":"virmill.local/core/internal/ui/cli","Test":"TestNDJSONFollowRefusesEntireAmbiguousBatch","Output":"--- PASS: TestNDJSONFollowRefusesEntireAmbiguousBatch (0.35s)\n","OutputType":"frame"}
{"Time":"2026-09-08T08:38:23.258356855+03:00","Action":"pass","Package":"virmill.local/core/internal/ui/cli","Test":"TestNDJSONFollowRefusesEntireAmbiguousBatch","Elapsed":0.35}
{"Time":"2026-09-08T08:38:23.258383882+03:00","Action":"run","Package":"virmill.local/core/internal/ui/cli","Test":"TestNDJSONFollowRejectsWrongJobBeforeReadingEvents"}
{"Time":"2026-09-08T08:38:23.258386181+03:00","Action":"output","Package":"virmill.local/core/internal/ui/cli","Test":"TestNDJSONFollowRejectsWrongJobBeforeReadingEvents","Output":"=== RUN   TestNDJSONFollowRejectsWrongJobBeforeReadingEvents\n","OutputType":"frame"}
{"Time":"2026-09-08T08:38:23.258435758+03:00","Action":"run","Package":"virmill.local/core/internal/ui/cli","Test":"TestNDJSONFollowRejectsWrongJobBeforeReadingEvents/foreign"}
{"Time":"2026-09-08T08:38:23.258439223+03:00","Action":"output","Package":"virmill.local/core/internal/ui/cli","Test":"TestNDJSONFollowRejectsWrongJobBeforeReadingEvents/foreign","Output":"=== RUN   TestNDJSONFollowRejectsWrongJobBeforeReadingEvents/foreign\n","OutputType":"frame"}
{"Time":"2026-09-08T08:38:23.259683128+03:00","Action":"output","Package":"virmill.local/core/internal/ui/cli","Test":"TestNDJSONFollowRejectsWrongJobBeforeReadingEvents/foreign","Output":"--- PASS: TestNDJSONFollowRejectsWrongJobBeforeReadingEvents/foreign (0.00s)\n","OutputType":"frame"}
{"Time":"2026-09-08T08:38:23.25969495+03:00","Action":"pass","Package":"virmill.local/core/internal/ui/cli","Test":"TestNDJSONFollowRejectsWrongJobBeforeReadingEvents/foreign","Elapsed":0}
{"Time":"2026-09-08T08:38:23.25971285+03:00","Action":"run","Package":"virmill.local/core/internal/ui/cli","Test":"TestNDJSONFollowRejectsWrongJobBeforeReadingEvents/unknown-state"}
{"Time":"2026-09-08T08:38:23.259715295+03:00","Action":"output","Package":"virmill.local/core/internal/ui/cli","Test":"TestNDJSONFollowRejectsWrongJobBeforeReadingEvents/unknown-state","Output":"=== RUN   TestNDJSONFollowRejectsWrongJobBeforeReadingEvents/unknown-state\n","OutputType":"frame"}
{"Time":"2026-09-08T08:38:23.260834957+03:00","Action":"output","Package":"virmill.local/core/internal/ui/cli","Test":"TestNDJSONFollowRejectsWrongJobBeforeReadingEvents/unknown-state","Output":"--- PASS: TestNDJSONFollowRejectsWrongJobBeforeReadingEvents/unknown-state (0.00s)\n","OutputType":"frame"}
{"Time":"2026-09-08T08:38:23.260849899+03:00","Action":"pass","Package":"virmill.local/core/internal/ui/cli","Test":"TestNDJSONFollowRejectsWrongJobBeforeReadingEvents/unknown-state","Elapsed":0}
{"Time":"2026-09-08T08:38:23.260869807+03:00","Action":"run","Package":"virmill.local/core/internal/ui/cli","Test":"TestNDJSONFollowRejectsWrongJobBeforeReadingEvents/empty"}
{"Time":"2026-09-08T08:38:23.260871939+03:00","Action":"output","Package":"virmill.local/core/internal/ui/cli","Test":"TestNDJSONFollowRejectsWrongJobBeforeReadingEvents/empty","Output":"=== RUN   TestNDJSONFollowRejectsWrongJobBeforeReadingEvents/empty\n","OutputType":"frame"}
{"Time":"2026-09-08T08:38:23.261934053+03:00","Action":"output","Package":"virmill.local/core/internal/ui/cli","Test":"TestNDJSONFollowRejectsWrongJobBeforeReadingEvents/empty","Output":"--- PASS: TestNDJSONFollowRejectsWrongJobBeforeReadingEvents/empty (0.00s)\n","OutputType":"frame"}
{"Time":"2026-09-08T08:38:23.261940576+03:00","Action":"pass","Package":"virmill.local/core/internal/ui/cli","Test":"TestNDJSONFollowRejectsWrongJobBeforeReadingEvents/empty","Elapsed":0}
{"Time":"2026-09-08T08:38:23.261969366+03:00","Action":"output","Package":"virmill.local/core/internal/ui/cli","Test":"TestNDJSONFollowRejectsWrongJobBeforeReadingEvents","Output":"--- PASS: TestNDJSONFollowRejectsWrongJobBeforeReadingEvents (0.00s)\n","OutputType":"frame"}
{"Time":"2026-09-08T08:38:23.261973917+03:00","Action":"pass","Package":"virmill.local/core/internal/ui/cli","Test":"TestNDJSONFollowRejectsWrongJobBeforeReadingEvents","Elapsed":0}
{"Time":"2026-09-08T08:38:23.261988213+03:00","Action":"run","Package":"virmill.local/core/internal/ui/cli","Test":"TestNDJSONFollowDetachRetainsCursorAndNeverCancels"}
{"Time":"2026-09-08T08:38:23.261990203+03:00","Action":"output","Package":"virmill.local/core/internal/ui/cli","Test":"TestNDJSONFollowDetachRetainsCursorAndNeverCancels","Output":"=== RUN   TestNDJSONFollowDetachRetainsCursorAndNeverCancels\n","OutputType":"frame"}
{"Time":"2026-09-08T08:38:23.262010016+03:00","Action":"run","Package":"virmill.local/core/internal/ui/cli","Test":"TestNDJSONFollowDetachRetainsCursorAndNeverCancels/transport"}
{"Time":"2026-09-08T08:38:23.262012015+03:00","Action":"output","Package":"virmill.local/core/internal/ui/cli","Test":"TestNDJSONFollowDetachRetainsCursorAndNeverCancels/transport","Output":"=== RUN   TestNDJSONFollowDetachRetainsCursorAndNeverCancels/transport\n","OutputType":"frame"}
{"Time":"2026-09-08T08:38:23.263175774+03:00","Action":"output","Package":"virmill.local/core/internal/ui/cli","Test":"TestNDJSONFollowDetachRetainsCursorAndNeverCancels/transport","Output":"--- PASS: TestNDJSONFollowDetachRetainsCursorAndNeverCancels/transport (0.00s)\n","OutputType":"frame"}
{"Time":"2026-09-08T08:38:23.263180645+03:00","Action":"pass","Package":"virmill.local/core/internal/ui/cli","Test":"TestNDJSONFollowDetachRetainsCursorAndNeverCancels/transport","Elapsed":0}
{"Time":"2026-09-08T08:38:23.263192499+03:00","Action":"run","Package":"virmill.local/core/internal/ui/cli","Test":"TestNDJSONFollowDetachRetainsCursorAndNeverCancels/timeout"}
{"Time":"2026-09-08T08:38:23.263195069+03:00","Action":"output","Package":"virmill.local/core/internal/ui/cli","Test":"TestNDJSONFollowDetachRetainsCursorAndNeverCancels/timeout","Output":"=== RUN   TestNDJSONFollowDetachRetainsCursorAndNeverCancels/timeout\n","OutputType":"frame"}
{"Time":"2026-09-08T08:38:23.364410469+03:00","Action":"output","Package":"virmill.local/core/internal/ui/cli","Test":"TestNDJSONFollowDetachRetainsCursorAndNeverCancels/timeout","Output":"--- PASS: TestNDJSONFollowDetachRetainsCursorAndNeverCancels/timeout (0.10s)\n","OutputType":"frame"}
{"Time":"2026-09-08T08:38:23.364442019+03:00","Action":"pass","Package":"virmill.local/core/internal/ui/cli","Test":"TestNDJSONFollowDetachRetainsCursorAndNeverCancels/timeout","Elapsed":0.1}
{"Time":"2026-09-08T08:38:23.364447674+03:00","Action":"run","Package":"virmill.local/core/internal/ui/cli","Test":"TestNDJSONFollowDetachRetainsCursorAndNeverCancels/interrupt"}
{"Time":"2026-09-08T08:38:23.364448963+03:00","Action":"output","Package":"virmill.local/core/internal/ui/cli","Test":"TestNDJSONFollowDetachRetainsCursorAndNeverCancels/interrupt","Output":"=== RUN   TestNDJSONFollowDetachRetainsCursorAndNeverCancels/interrupt\n","OutputType":"frame"}
{"Time":"2026-09-08T08:38:23.36652372+03:00","Action":"output","Package":"virmill.local/core/internal/ui/cli","Test":"TestNDJSONFollowDetachRetainsCursorAndNeverCancels/interrupt","Output":"--- PASS: TestNDJSONFollowDetachRetainsCursorAndNeverCancels/interrupt (0.00s)\n","OutputType":"frame"}
{"Time":"2026-09-08T08:38:23.366552743+03:00","Action":"pass","Package":"virmill.local/core/internal/ui/cli","Test":"TestNDJSONFollowDetachRetainsCursorAndNeverCancels/interrupt","Elapsed":0}
{"Time":"2026-09-08T08:38:23.366599227+03:00","Action":"output","Package":"virmill.local/core/internal/ui/cli","Test":"TestNDJSONFollowDetachRetainsCursorAndNeverCancels","Output":"--- PASS: TestNDJSONFollowDetachRetainsCursorAndNeverCancels (0.10s)\n","OutputType":"frame"}
{"Time":"2026-09-08T08:38:23.366608437+03:00","Action":"pass","Package":"virmill.local/core/internal/ui/cli","Test":"TestNDJSONFollowDetachRetainsCursorAndNeverCancels","Elapsed":0.1}
{"Time":"2026-09-08T08:38:23.366628857+03:00","Action":"run","Package":"virmill.local/core/internal/ui/cli","Test":"TestNDJSONFollowCancellationWhileIdleAndBeforeCall"}
{"Time":"2026-09-08T08:38:23.366631622+03:00","Action":"output","Package":"virmill.local/core/internal/ui/cli","Test":"TestNDJSONFollowCancellationWhileIdleAndBeforeCall","Output":"=== RUN   TestNDJSONFollowCancellationWhileIdleAndBeforeCall\n","OutputType":"frame"}
{"Time":"2026-09-08T08:38:23.36666139+03:00","Action":"run","Package":"virmill.local/core/internal/ui/cli","Test":"TestNDJSONFollowCancellationWhileIdleAndBeforeCall/false"}
{"Time":"2026-09-08T08:38:23.366664087+03:00","Action":"output","Package":"virmill.local/core/internal/ui/cli","Test":"TestNDJSONFollowCancellationWhileIdleAndBeforeCall/false","Output":"=== RUN   TestNDJSONFollowCancellationWhileIdleAndBeforeCall/false\n","OutputType":"frame"}
{"Time":"2026-09-08T08:38:23.368051923+03:00","Action":"output","Package":"virmill.local/core/internal/ui/cli","Test":"TestNDJSONFollowCancellationWhileIdleAndBeforeCall/false","Output":"--- PASS: TestNDJSONFollowCancellationWhileIdleAndBeforeCall/false (0.00s)\n","OutputType":"frame"}
{"Time":"2026-09-08T08:38:23.368065129+03:00","Action":"pass","Package":"virmill.local/core/internal/ui/cli","Test":"TestNDJSONFollowCancellationWhileIdleAndBeforeCall/false","Elapsed":0}
{"Time":"2026-09-08T08:38:23.36808607+03:00","Action":"run","Package":"virmill.local/core/internal/ui/cli","Test":"TestNDJSONFollowCancellationWhileIdleAndBeforeCall/true"}
{"Time":"2026-09-08T08:38:23.368088836+03:00","Action":"output","Package":"virmill.local/core/internal/ui/cli","Test":"TestNDJSONFollowCancellationWhileIdleAndBeforeCall/true","Output":"=== RUN   TestNDJSONFollowCancellationWhileIdleAndBeforeCall/true\n","OutputType":"frame"}
{"Time":"2026-09-08T08:38:23.369040616+03:00","Action":"output","Package":"virmill.local/core/internal/ui/cli","Test":"TestNDJSONFollowCancellationWhileIdleAndBeforeCall/true","Output":"--- PASS: TestNDJSONFollowCancellationWhileIdleAndBeforeCall/true (0.00s)\n","OutputType":"frame"}
{"Time":"2026-09-08T08:38:23.369064106+03:00","Action":"pass","Package":"virmill.local/core/internal/ui/cli","Test":"TestNDJSONFollowCancellationWhileIdleAndBeforeCall/true","Elapsed":0}
{"Time":"2026-09-08T08:38:23.369098393+03:00","Action":"output","Package":"virmill.local/core/internal/ui/cli","Test":"TestNDJSONFollowCancellationWhileIdleAndBeforeCall","Output":"--- PASS: TestNDJSONFollowCancellationWhileIdleAndBeforeCall (0.00s)\n","OutputType":"frame"}
{"Time":"2026-09-08T08:38:23.369102552+03:00","Action":"pass","Package":"virmill.local/core/internal/ui/cli","Test":"TestNDJSONFollowCancellationWhileIdleAndBeforeCall","Elapsed":0}
{"Time":"2026-09-08T08:38:23.369108324+03:00","Action":"run","Package":"virmill.local/core/internal/ui/cli","Test":"TestNDJSONFollowTerminalFailuresAreNonzero"}
{"Time":"2026-09-08T08:38:23.369111812+03:00","Action":"output","Package":"virmill.local/core/internal/ui/cli","Test":"TestNDJSONFollowTerminalFailuresAreNonzero","Output":"=== RUN   TestNDJSONFollowTerminalFailuresAreNonzero\n","OutputType":"frame"}
{"Time":"2026-09-08T08:38:23.369134791+03:00","Action":"run","Package":"virmill.local/core/internal/ui/cli","Test":"TestNDJSONFollowTerminalFailuresAreNonzero/failed"}
{"Time":"2026-09-08T08:38:23.369137634+03:00","Action":"output","Package":"virmill.local/core/internal/ui/cli","Test":"TestNDJSONFollowTerminalFailuresAreNonzero/failed","Output":"=== RUN   TestNDJSONFollowTerminalFailuresAreNonzero/failed\n","OutputType":"frame"}
{"Time":"2026-09-08T08:38:23.369894449+03:00","Action":"output","Package":"virmill.local/core/internal/ui/cli","Test":"TestNDJSONFollowTerminalFailuresAreNonzero/failed","Output":"--- PASS: TestNDJSONFollowTerminalFailuresAreNonzero/failed (0.00s)\n","OutputType":"frame"}
{"Time":"2026-09-08T08:38:23.369898807+03:00","Action":"pass","Package":"virmill.local/core/internal/ui/cli","Test":"TestNDJSONFollowTerminalFailuresAreNonzero/failed","Elapsed":0}
{"Time":"2026-09-08T08:38:23.369912045+03:00","Action":"run","Package":"virmill.local/core/internal/ui/cli","Test":"TestNDJSONFollowTerminalFailuresAreNonzero/canceled"}
{"Time":"2026-09-08T08:38:23.369914951+03:00","Action":"output","Package":"virmill.local/core/internal/ui/cli","Test":"TestNDJSONFollowTerminalFailuresAreNonzero/canceled","Output":"=== RUN   TestNDJSONFollowTerminalFailuresAreNonzero/canceled\n","OutputType":"frame"}
{"Time":"2026-09-08T08:38:23.370619955+03:00","Action":"output","Package":"virmill.local/core/internal/ui/cli","Test":"TestNDJSONFollowTerminalFailuresAreNonzero/canceled","Output":"--- PASS: TestNDJSONFollowTerminalFailuresAreNonzero/canceled (0.00s)\n","OutputType":"frame"}
{"Time":"2026-09-08T08:38:23.370625474+03:00","Action":"pass","Package":"virmill.local/core/internal/ui/cli","Test":"TestNDJSONFollowTerminalFailuresAreNonzero/canceled","Elapsed":0}
{"Time":"2026-09-08T08:38:23.370638394+03:00","Action":"run","Package":"virmill.local/core/internal/ui/cli","Test":"TestNDJSONFollowTerminalFailuresAreNonzero/partial"}
{"Time":"2026-09-08T08:38:23.370640704+03:00","Action":"output","Package":"virmill.local/core/internal/ui/cli","Test":"TestNDJSONFollowTerminalFailuresAreNonzero/partial","Output":"=== RUN   TestNDJSONFollowTerminalFailuresAreNonzero/partial\n","OutputType":"frame"}
{"Time":"2026-09-08T08:38:23.371657334+03:00","Action":"output","Package":"virmill.local/core/internal/ui/cli","Test":"TestNDJSONFollowTerminalFailuresAreNonzero/partial","Output":"--- PASS: TestNDJSONFollowTerminalFailuresAreNonzero/partial (0.00s)\n","OutputType":"frame"}
{"Time":"2026-09-08T08:38:23.371673444+03:00","Action":"pass","Package":"virmill.local/core/internal/ui/cli","Test":"TestNDJSONFollowTerminalFailuresAreNonzero/partial","Elapsed":0}
{"Time":"2026-09-08T08:38:23.371692397+03:00","Action":"run","Package":"virmill.local/core/internal/ui/cli","Test":"TestNDJSONFollowTerminalFailuresAreNonzero/recovery-required"}
{"Time":"2026-09-08T08:38:23.371694849+03:00","Action":"output","Package":"virmill.local/core/internal/ui/cli","Test":"TestNDJSONFollowTerminalFailuresAreNonzero/recovery-required","Output":"=== RUN   TestNDJSONFollowTerminalFailuresAreNonzero/recovery-required\n","OutputType":"frame"}
{"Time":"2026-09-08T08:38:23.372688468+03:00","Action":"output","Package":"virmill.local/core/internal/ui/cli","Test":"TestNDJSONFollowTerminalFailuresAreNonzero/recovery-required","Output":"--- PASS: TestNDJSONFollowTerminalFailuresAreNonzero/recovery-required (0.00s)\n","OutputType":"frame"}
{"Time":"2026-09-08T08:38:23.372702566+03:00","Action":"pass","Package":"virmill.local/core/internal/ui/cli","Test":"TestNDJSONFollowTerminalFailuresAreNonzero/recovery-required","Elapsed":0}
{"Time":"2026-09-08T08:38:23.372904727+03:00","Action":"output","Package":"virmill.local/core/internal/ui/cli","Test":"TestNDJSONFollowTerminalFailuresAreNonzero","Output":"--- PASS: TestNDJSONFollowTerminalFailuresAreNonzero (0.00s)\n","OutputType":"frame"}
{"Time":"2026-09-08T08:38:23.372908922+03:00","Action":"pass","Package":"virmill.local/core/internal/ui/cli","Test":"TestNDJSONFollowTerminalFailuresAreNonzero","Elapsed":0}
{"Time":"2026-09-08T08:38:23.372928883+03:00","Action":"run","Package":"virmill.local/core/internal/ui/cli","Test":"TestNDJSONFollowOutputFailureNeverRetriesOrAppends"}
{"Time":"2026-09-08T08:38:23.372931282+03:00","Action":"output","Package":"virmill.local/core/internal/ui/cli","Test":"TestNDJSONFollowOutputFailureNeverRetriesOrAppends","Output":"=== RUN   TestNDJSONFollowOutputFailureNeverRetriesOrAppends\n","OutputType":"frame"}
{"Time":"2026-09-08T08:38:23.372956728+03:00","Action":"run","Package":"virmill.local/core/internal/ui/cli","Test":"TestNDJSONFollowOutputFailureNeverRetriesOrAppends/\u003cnil\u003e"}
{"Time":"2026-09-08T08:38:23.372959291+03:00","Action":"output","Package":"virmill.local/core/internal/ui/cli","Test":"TestNDJSONFollowOutputFailureNeverRetriesOrAppends/\u003cnil\u003e","Output":"=== RUN   TestNDJSONFollowOutputFailureNeverRetriesOrAppends/\u003cnil\u003e\n","OutputType":"frame"}
{"Time":"2026-09-08T08:38:23.373914533+03:00","Action":"output","Package":"virmill.local/core/internal/ui/cli","Test":"TestNDJSONFollowOutputFailureNeverRetriesOrAppends/\u003cnil\u003e","Output":"--- PASS: TestNDJSONFollowOutputFailureNeverRetriesOrAppends/\u003cnil\u003e (0.00s)\n","OutputType":"frame"}
{"Time":"2026-09-08T08:38:23.373923135+03:00","Action":"pass","Package":"virmill.local/core/internal/ui/cli","Test":"TestNDJSONFollowOutputFailureNeverRetriesOrAppends/\u003cnil\u003e","Elapsed":0}
{"Time":"2026-09-08T08:38:23.373940516+03:00","Action":"run","Package":"virmill.local/core/internal/ui/cli","Test":"TestNDJSONFollowOutputFailureNeverRetriesOrAppends/fixture_broken_pipe"}
{"Time":"2026-09-08T08:38:23.373943833+03:00","Action":"output","Package":"virmill.local/core/internal/ui/cli","Test":"TestNDJSONFollowOutputFailureNeverRetriesOrAppends/fixture_broken_pipe","Output":"=== RUN   TestNDJSONFollowOutputFailureNeverRetriesOrAppends/fixture_broken_pipe\n","OutputType":"frame"}
{"Time":"2026-09-08T08:38:23.374894904+03:00","Action":"output","Package":"virmill.local/core/internal/ui/cli","Test":"TestNDJSONFollowOutputFailureNeverRetriesOrAppends/fixture_broken_pipe","Output":"--- PASS: TestNDJSONFollowOutputFailureNeverRetriesOrAppends/fixture_broken_pipe (0.00s)\n","OutputType":"frame"}
{"Time":"2026-09-08T08:38:23.374901469+03:00","Action":"pass","Package":"virmill.local/core/internal/ui/cli","Test":"TestNDJSONFollowOutputFailureNeverRetriesOrAppends/fixture_broken_pipe","Elapsed":0}
{"Time":"2026-09-08T08:38:23.374932215+03:00","Action":"output","Package":"virmill.local/core/internal/ui/cli","Test":"TestNDJSONFollowOutputFailureNeverRetriesOrAppends","Output":"--- PASS: TestNDJSONFollowOutputFailureNeverRetriesOrAppends (0.00s)\n","OutputType":"frame"}
{"Time":"2026-09-08T08:38:23.37493677+03:00","Action":"pass","Package":"virmill.local/core/internal/ui/cli","Test":"TestNDJSONFollowOutputFailureNeverRetriesOrAppends","Elapsed":0}
{"Time":"2026-09-08T08:38:23.374957214+03:00","Action":"run","Package":"virmill.local/core/internal/ui/cli","Test":"TestNDJSONFollowRejectsHiddenInputsAndKeepsSnapshotCompatibility"}
{"Time":"2026-09-08T08:38:23.374960682+03:00","Action":"output","Package":"virmill.local/core/internal/ui/cli","Test":"TestNDJSONFollowRejectsHiddenInputsAndKeepsSnapshotCompatibility","Output":"=== RUN   TestNDJSONFollowRejectsHiddenInputsAndKeepsSnapshotCompatibility\n","OutputType":"frame"}
{"Time":"2026-09-08T08:38:23.37498267+03:00","Action":"run","Package":"virmill.local/core/internal/ui/cli","Test":"TestNDJSONFollowRejectsHiddenInputsAndKeepsSnapshotCompatibility/operation_watch_stream-job_--follow_--output_json"}
{"Time":"2026-09-08T08:38:23.374986524+03:00","Action":"output","Package":"virmill.local/core/internal/ui/cli","Test":"TestNDJSONFollowRejectsHiddenInputsAndKeepsSnapshotCompatibility/operation_watch_stream-job_--follow_--output_json","Output":"=== RUN   TestNDJSONFollowRejectsHiddenInputsAndKeepsSnapshotCompatibility/operation_watch_stream-job_--follow_--output_json\n","OutputType":"frame"}
{"Time":"2026-09-08T08:38:23.37545968+03:00","Action":"output","Package":"virmill.local/core/internal/ui/cli","Test":"TestNDJSONFollowRejectsHiddenInputsAndKeepsSnapshotCompatibility/operation_watch_stream-job_--follow_--output_json","Output":"--- PASS: TestNDJSONFollowRejectsHiddenInputsAndKeepsSnapshotCompatibility/operation_watch_stream-job_--follow_--output_json (0.00s)\n","OutputType":"frame"}
{"Time":"2026-09-08T08:38:23.375466343+03:00","Action":"pass","Package":"virmill.local/core/internal/ui/cli","Test":"TestNDJSONFollowRejectsHiddenInputsAndKeepsSnapshotCompatibility/operation_watch_stream-job_--follow_--output_json","Elapsed":0}
{"Time":"2026-09-08T08:38:23.37548387+03:00","Action":"run","Package":"virmill.local/core/internal/ui/cli","Test":"TestNDJSONFollowRejectsHiddenInputsAndKeepsSnapshotCompatibility/operation_watch_stream-job_--follow_--output_ndjson_--after_-1"}
{"Time":"2026-09-08T08:38:23.375487591+03:00","Action":"output","Package":"virmill.local/core/internal/ui/cli","Test":"TestNDJSONFollowRejectsHiddenInputsAndKeepsSnapshotCompatibility/operation_watch_stream-job_--follow_--output_ndjson_--after_-1","Output":"=== RUN   TestNDJSONFollowRejectsHiddenInputsAndKeepsSnapshotCompatibility/operation_watch_stream-job_--follow_--output_ndjson_--after_-1\n","OutputType":"frame"}
{"Time":"2026-09-08T08:38:23.375936476+03:00","Action":"output","Package":"virmill.local/core/internal/ui/cli","Test":"TestNDJSONFollowRejectsHiddenInputsAndKeepsSnapshotCompatibility/operation_watch_stream-job_--follow_--output_ndjson_--after_-1","Output":"--- PASS: TestNDJSONFollowRejectsHiddenInputsAndKeepsSnapshotCompatibility/operation_watch_stream-job_--follow_--output_ndjson_--after_-1 (0.00s)\n","OutputType":"frame"}
{"Time":"2026-09-08T08:38:23.375942117+03:00","Action":"pass","Package":"virmill.local/core/internal/ui/cli","Test":"TestNDJSONFollowRejectsHiddenInputsAndKeepsSnapshotCompatibility/operation_watch_stream-job_--follow_--output_ndjson_--after_-1","Elapsed":0}
{"Time":"2026-09-08T08:38:23.375959833+03:00","Action":"run","Package":"virmill.local/core/internal/ui/cli","Test":"TestNDJSONFollowRejectsHiddenInputsAndKeepsSnapshotCompatibility/operation_watch_stream-job_--follow_--output_ndjson_--input_{\"cancel\":true}"}
{"Time":"2026-09-08T08:38:23.375963846+03:00","Action":"output","Package":"virmill.local/core/internal/ui/cli","Test":"TestNDJSONFollowRejectsHiddenInputsAndKeepsSnapshotCompatibility/operation_watch_stream-job_--follow_--output_ndjson_--input_{\"cancel\":true}","Output":"=== RUN   TestNDJSONFollowRejectsHiddenInputsAndKeepsSnapshotCompatibility/operation_watch_stream-job_--follow_--output_ndjson_--input_{\"cancel\":true}\n","OutputType":"frame"}
{"Time":"2026-09-08T08:38:23.376386428+03:00","Action":"output","Package":"virmill.local/core/internal/ui/cli","Test":"TestNDJSONFollowRejectsHiddenInputsAndKeepsSnapshotCompatibility/operation_watch_stream-job_--follow_--output_ndjson_--input_{\"cancel\":true}","Output":"--- PASS: TestNDJSONFollowRejectsHiddenInputsAndKeepsSnapshotCompatibility/operation_watch_stream-job_--follow_--output_ndjson_--input_{\"cancel\":true} (0.00s)\n","OutputType":"frame"}
{"Time":"2026-09-08T08:38:23.376391522+03:00","Action":"pass","Package":"virmill.local/core/internal/ui/cli","Test":"TestNDJSONFollowRejectsHiddenInputsAndKeepsSnapshotCompatibility/operation_watch_stream-job_--follow_--output_ndjson_--input_{\"cancel\":true}","Elapsed":0}
{"Time":"2026-09-08T08:38:23.376412902+03:00","Action":"run","Package":"virmill.local/core/internal/ui/cli","Test":"TestNDJSONFollowRejectsHiddenInputsAndKeepsSnapshotCompatibility/operation_watch_bad/id_--follow_--output_ndjson"}
{"Time":"2026-09-08T08:38:23.376416697+03:00","Action":"output","Package":"virmill.local/core/internal/ui/cli","Test":"TestNDJSONFollowRejectsHiddenInputsAndKeepsSnapshotCompatibility/operation_watch_bad/id_--follow_--output_ndjson","Output":"=== RUN   TestNDJSONFollowRejectsHiddenInputsAndKeepsSnapshotCompatibility/operation_watch_bad/id_--follow_--output_ndjson\n","OutputType":"frame"}
{"Time":"2026-09-08T08:38:23.376859312+03:00","Action":"output","Package":"virmill.local/core/internal/ui/cli","Test":"TestNDJSONFollowRejectsHiddenInputsAndKeepsSnapshotCompatibility/operation_watch_bad/id_--follow_--output_ndjson","Output":"--- PASS: TestNDJSONFollowRejectsHiddenInputsAndKeepsSnapshotCompatibility/operation_watch_bad/id_--follow_--output_ndjson (0.00s)\n","OutputType":"frame"}
{"Time":"2026-09-08T08:38:23.376865073+03:00","Action":"pass","Package":"virmill.local/core/internal/ui/cli","Test":"TestNDJSONFollowRejectsHiddenInputsAndKeepsSnapshotCompatibility/operation_watch_bad/id_--follow_--output_ndjson","Elapsed":0}
{"Time":"2026-09-08T08:38:23.376885247+03:00","Action":"run","Package":"virmill.local/core/internal/ui/cli","Test":"TestNDJSONFollowRejectsHiddenInputsAndKeepsSnapshotCompatibility/snapshot-json"}
{"Time":"2026-09-08T08:38:23.376888644+03:00","Action":"output","Package":"virmill.local/core/internal/ui/cli","Test":"TestNDJSONFollowRejectsHiddenInputsAndKeepsSnapshotCompatibility/snapshot-json","Output":"=== RUN   TestNDJSONFollowRejectsHiddenInputsAndKeepsSnapshotCompatibility/snapshot-json\n","OutputType":"frame"}
{"Time":"2026-09-08T08:38:23.37741783+03:00","Action":"output","Package":"virmill.local/core/internal/ui/cli","Test":"TestNDJSONFollowRejectsHiddenInputsAndKeepsSnapshotCompatibility/snapshot-json","Output":"--- PASS: TestNDJSONFollowRejectsHiddenInputsAndKeepsSnapshotCompatibility/snapshot-json (0.00s)\n","OutputType":"frame"}
{"Time":"2026-09-08T08:38:23.377422779+03:00","Action":"pass","Package":"virmill.local/core/internal/ui/cli","Test":"TestNDJSONFollowRejectsHiddenInputsAndKeepsSnapshotCompatibility/snapshot-json","Elapsed":0}
{"Time":"2026-09-08T08:38:23.377437445+03:00","Action":"run","Package":"virmill.local/core/internal/ui/cli","Test":"TestNDJSONFollowRejectsHiddenInputsAndKeepsSnapshotCompatibility/snapshot-ndjson"}
{"Time":"2026-09-08T08:38:23.377440585+03:00","Action":"output","Package":"virmill.local/core/internal/ui/cli","Test":"TestNDJSONFollowRejectsHiddenInputsAndKeepsSnapshotCompatibility/snapshot-ndjson","Output":"=== RUN   TestNDJSONFollowRejectsHiddenInputsAndKeepsSnapshotCompatibility/snapshot-ndjson\n","OutputType":"frame"}
{"Time":"2026-09-08T08:38:23.377941828+03:00","Action":"output","Package":"virmill.local/core/internal/ui/cli","Test":"TestNDJSONFollowRejectsHiddenInputsAndKeepsSnapshotCompatibility/snapshot-ndjson","Output":"--- PASS: TestNDJSONFollowRejectsHiddenInputsAndKeepsSnapshotCompatibility/snapshot-ndjson (0.00s)\n","OutputType":"frame"}
{"Time":"2026-09-08T08:38:23.377948582+03:00","Action":"pass","Package":"virmill.local/core/internal/ui/cli","Test":"TestNDJSONFollowRejectsHiddenInputsAndKeepsSnapshotCompatibility/snapshot-ndjson","Elapsed":0}
{"Time":"2026-09-08T08:38:23.377969313+03:00","Action":"output","Package":"virmill.local/core/internal/ui/cli","Test":"TestNDJSONFollowRejectsHiddenInputsAndKeepsSnapshotCompatibility","Output":"--- PASS: TestNDJSONFollowRejectsHiddenInputsAndKeepsSnapshotCompatibility (0.00s)\n","OutputType":"frame"}
{"Time":"2026-09-08T08:38:23.377973808+03:00","Action":"pass","Package":"virmill.local/core/internal/ui/cli","Test":"TestNDJSONFollowRejectsHiddenInputsAndKeepsSnapshotCompatibility","Elapsed":0}
{"Time":"2026-09-08T08:38:23.377988857+03:00","Action":"run","Package":"virmill.local/core/internal/ui/cli","Test":"TestPlanApplyWaitNDJSONUsesOneBoundSubmissionAndSharedFollow"}
{"Time":"2026-09-08T08:38:23.377991946+03:00","Action":"output","Package":"virmill.local/core/internal/ui/cli","Test":"TestPlanApplyWaitNDJSONUsesOneBoundSubmissionAndSharedFollow","Output":"=== RUN   TestPlanApplyWaitNDJSONUsesOneBoundSubmissionAndSharedFollow\n","OutputType":"frame"}
{"Time":"2026-09-08T08:38:23.378007522+03:00","Action":"run","Package":"virmill.local/core/internal/ui/cli","Test":"TestPlanApplyWaitNDJSONUsesOneBoundSubmissionAndSharedFollow/json"}
{"Time":"2026-09-08T08:38:23.378010723+03:00","Action":"output","Package":"virmill.local/core/internal/ui/cli","Test":"TestPlanApplyWaitNDJSONUsesOneBoundSubmissionAndSharedFollow/json","Output":"=== RUN   TestPlanApplyWaitNDJSONUsesOneBoundSubmissionAndSharedFollow/json\n","OutputType":"frame"}
{"Time":"2026-09-08T08:38:23.378873389+03:00","Action":"output","Package":"virmill.local/core/internal/ui/cli","Test":"TestPlanApplyWaitNDJSONUsesOneBoundSubmissionAndSharedFollow/json","Output":"--- PASS: TestPlanApplyWaitNDJSONUsesOneBoundSubmissionAndSharedFollow/json (0.00s)\n","OutputType":"frame"}
{"Time":"2026-09-08T08:38:23.378879508+03:00","Action":"pass","Package":"virmill.local/core/internal/ui/cli","Test":"TestPlanApplyWaitNDJSONUsesOneBoundSubmissionAndSharedFollow/json","Elapsed":0}
{"Time":"2026-09-08T08:38:23.378897414+03:00","Action":"run","Package":"virmill.local/core/internal/ui/cli","Test":"TestPlanApplyWaitNDJSONUsesOneBoundSubmissionAndSharedFollow/ndjson"}
{"Time":"2026-09-08T08:38:23.378900756+03:00","Action":"output","Package":"virmill.local/core/internal/ui/cli","Test":"TestPlanApplyWaitNDJSONUsesOneBoundSubmissionAndSharedFollow/ndjson","Output":"=== RUN   TestPlanApplyWaitNDJSONUsesOneBoundSubmissionAndSharedFollow/ndjson\n","OutputType":"frame"}
{"Time":"2026-09-08T08:38:23.380174531+03:00","Action":"output","Package":"virmill.local/core/internal/ui/cli","Test":"TestPlanApplyWaitNDJSONUsesOneBoundSubmissionAndSharedFollow/ndjson","Output":"--- PASS: TestPlanApplyWaitNDJSONUsesOneBoundSubmissionAndSharedFollow/ndjson (0.00s)\n","OutputType":"frame"}
{"Time":"2026-09-08T08:38:23.380179764+03:00","Action":"pass","Package":"virmill.local/core/internal/ui/cli","Test":"TestPlanApplyWaitNDJSONUsesOneBoundSubmissionAndSharedFollow/ndjson","Elapsed":0}
{"Time":"2026-09-08T08:38:23.380203319+03:00","Action":"output","Package":"virmill.local/core/internal/ui/cli","Test":"TestPlanApplyWaitNDJSONUsesOneBoundSubmissionAndSharedFollow","Output":"--- PASS: TestPlanApplyWaitNDJSONUsesOneBoundSubmissionAndSharedFollow (0.00s)\n","OutputType":"frame"}
{"Time":"2026-09-08T08:38:23.380207795+03:00","Action":"pass","Package":"virmill.local/core/internal/ui/cli","Test":"TestPlanApplyWaitNDJSONUsesOneBoundSubmissionAndSharedFollow","Elapsed":0}
{"Time":"2026-09-08T08:38:23.380222862+03:00","Action":"run","Package":"virmill.local/core/internal/ui/cli","Test":"TestPlanApplyWaitTransportFailureDoesNotResubmit"}
{"Time":"2026-09-08T08:38:23.380227621+03:00","Action":"output","Package":"virmill.local/core/internal/ui/cli","Test":"TestPlanApplyWaitTransportFailureDoesNotResubmit","Output":"=== RUN   TestPlanApplyWaitTransportFailureDoesNotResubmit\n","OutputType":"frame"}
{"Time":"2026-09-08T08:38:23.38024219+03:00","Action":"run","Package":"virmill.local/core/internal/ui/cli","Test":"TestPlanApplyWaitTransportFailureDoesNotResubmit/false"}
{"Time":"2026-09-08T08:38:23.380244937+03:00","Action":"output","Package":"virmill.local/core/internal/ui/cli","Test":"TestPlanApplyWaitTransportFailureDoesNotResubmit/false","Output":"=== RUN   TestPlanApplyWaitTransportFailureDoesNotResubmit/false\n","OutputType":"frame"}
{"Time":"2026-09-08T08:38:23.38089063+03:00","Action":"output","Package":"virmill.local/core/internal/ui/cli","Test":"TestPlanApplyWaitTransportFailureDoesNotResubmit/false","Output":"--- PASS: TestPlanApplyWaitTransportFailureDoesNotResubmit/false (0.00s)\n","OutputType":"frame"}
{"Time":"2026-09-08T08:38:23.380896509+03:00","Action":"pass","Package":"virmill.local/core/internal/ui/cli","Test":"TestPlanApplyWaitTransportFailureDoesNotResubmit/false","Elapsed":0}
{"Time":"2026-09-08T08:38:23.380914748+03:00","Action":"run","Package":"virmill.local/core/internal/ui/cli","Test":"TestPlanApplyWaitTransportFailureDoesNotResubmit/true"}
{"Time":"2026-09-08T08:38:23.380918253+03:00","Action":"output","Package":"virmill.local/core/internal/ui/cli","Test":"TestPlanApplyWaitTransportFailureDoesNotResubmit/true","Output":"=== RUN   TestPlanApplyWaitTransportFailureDoesNotResubmit/true\n","OutputType":"frame"}
{"Time":"2026-09-08T08:38:23.381872334+03:00","Action":"output","Package":"virmill.local/core/internal/ui/cli","Test":"TestPlanApplyWaitTransportFailureDoesNotResubmit/true","Output":"--- PASS: TestPlanApplyWaitTransportFailureDoesNotResubmit/true (0.00s)\n","OutputType":"frame"}
{"Time":"2026-09-08T08:38:23.38188118+03:00","Action":"pass","Package":"virmill.local/core/internal/ui/cli","Test":"TestPlanApplyWaitTransportFailureDoesNotResubmit/true","Elapsed":0}
{"Time":"2026-09-08T08:38:23.381913454+03:00","Action":"output","Package":"virmill.local/core/internal/ui/cli","Test":"TestPlanApplyWaitTransportFailureDoesNotResubmit","Output":"--- PASS: TestPlanApplyWaitTransportFailureDoesNotResubmit (0.00s)\n","OutputType":"frame"}
{"Time":"2026-09-08T08:38:23.381919153+03:00","Action":"pass","Package":"virmill.local/core/internal/ui/cli","Test":"TestPlanApplyWaitTransportFailureDoesNotResubmit","Elapsed":0}
{"Time":"2026-09-08T08:38:23.38193744+03:00","Action":"run","Package":"virmill.local/core/internal/ui/cli","Test":"TestNDJSONFollowReadsRealSharedJournalWithoutChangingIt"}
{"Time":"2026-09-08T08:38:23.381940868+03:00","Action":"output","Package":"virmill.local/core/internal/ui/cli","Test":"TestNDJSONFollowReadsRealSharedJournalWithoutChangingIt","Output":"=== RUN   TestNDJSONFollowReadsRealSharedJournalWithoutChangingIt\n","OutputType":"frame"}
{"Time":"2026-09-08T08:38:23.385930543+03:00","Action":"output","Package":"virmill.local/core/internal/ui/cli","Test":"TestNDJSONFollowReadsRealSharedJournalWithoutChangingIt","Output":"--- PASS: TestNDJSONFollowReadsRealSharedJournalWithoutChangingIt (0.00s)\n","OutputType":"frame"}
{"Time":"2026-09-08T08:38:23.385948004+03:00","Action":"pass","Package":"virmill.local/core/internal/ui/cli","Test":"TestNDJSONFollowReadsRealSharedJournalWithoutChangingIt","Elapsed":0}
{"Time":"2026-09-08T08:38:23.385952575+03:00","Action":"run","Package":"virmill.local/core/internal/ui/cli","Test":"TestPlanApplyWaitRejectsForeignAcceptanceAndPreCanceledContext"}
{"Time":"2026-09-08T08:38:23.38595532+03:00","Action":"output","Package":"virmill.local/core/internal/ui/cli","Test":"TestPlanApplyWaitRejectsForeignAcceptanceAndPreCanceledContext","Output":"=== RUN   TestPlanApplyWaitRejectsForeignAcceptanceAndPreCanceledContext\n","OutputType":"frame"}
{"Time":"2026-09-08T08:38:23.385959696+03:00","Action":"run","Package":"virmill.local/core/internal/ui/cli","Test":"TestPlanApplyWaitRejectsForeignAcceptanceAndPreCanceledContext/foreign-plan"}
{"Time":"2026-09-08T08:38:23.385963468+03:00","Action":"output","Package":"virmill.local/core/internal/ui/cli","Test":"TestPlanApplyWaitRejectsForeignAcceptanceAndPreCanceledContext/foreign-plan","Output":"=== RUN   TestPlanApplyWaitRejectsForeignAcceptanceAndPreCanceledContext/foreign-plan\n","OutputType":"frame"}
{"Time":"2026-09-08T08:38:23.38663762+03:00","Action":"output","Package":"virmill.local/core/internal/ui/cli","Test":"TestPlanApplyWaitRejectsForeignAcceptanceAndPreCanceledContext/foreign-plan","Output":"--- PASS: TestPlanApplyWaitRejectsForeignAcceptanceAndPreCanceledContext/foreign-plan (0.00s)\n","OutputType":"frame"}
{"Time":"2026-09-08T08:38:23.386643914+03:00","Action":"pass","Package":"virmill.local/core/internal/ui/cli","Test":"TestPlanApplyWaitRejectsForeignAcceptanceAndPreCanceledContext/foreign-plan","Elapsed":0}
{"Time":"2026-09-08T08:38:23.386658099+03:00","Action":"run","Package":"virmill.local/core/internal/ui/cli","Test":"TestPlanApplyWaitRejectsForeignAcceptanceAndPreCanceledContext/pre-canceled"}
{"Time":"2026-09-08T08:38:23.386661815+03:00","Action":"output","Package":"virmill.local/core/internal/ui/cli","Test":"TestPlanApplyWaitRejectsForeignAcceptanceAndPreCanceledContext/pre-canceled","Output":"=== RUN   TestPlanApplyWaitRejectsForeignAcceptanceAndPreCanceledContext/pre-canceled\n","OutputType":"frame"}
{"Time":"2026-09-08T08:38:23.387264658+03:00","Action":"output","Package":"virmill.local/core/internal/ui/cli","Test":"TestPlanApplyWaitRejectsForeignAcceptanceAndPreCanceledContext/pre-canceled","Output":"--- PASS: TestPlanApplyWaitRejectsForeignAcceptanceAndPreCanceledContext/pre-canceled (0.00s)\n","OutputType":"frame"}
{"Time":"2026-09-08T08:38:23.387271232+03:00","Action":"pass","Package":"virmill.local/core/internal/ui/cli","Test":"TestPlanApplyWaitRejectsForeignAcceptanceAndPreCanceledContext/pre-canceled","Elapsed":0}
{"Time":"2026-09-08T08:38:23.387288515+03:00","Action":"run","Package":"virmill.local/core/internal/ui/cli","Test":"TestPlanApplyWaitRejectsForeignAcceptanceAndPreCanceledContext/canceled-error-envelope"}
{"Time":"2026-09-08T08:38:23.38729249+03:00","Action":"output","Package":"virmill.local/core/internal/ui/cli","Test":"TestPlanApplyWaitRejectsForeignAcceptanceAndPreCanceledContext/canceled-error-envelope","Output":"=== RUN   TestPlanApplyWaitRejectsForeignAcceptanceAndPreCanceledContext/canceled-error-envelope\n","OutputType":"frame"}
{"Time":"2026-09-08T08:38:23.387921332+03:00","Action":"output","Package":"virmill.local/core/internal/ui/cli","Test":"TestPlanApplyWaitRejectsForeignAcceptanceAndPreCanceledContext/canceled-error-envelope","Output":"--- PASS: TestPlanApplyWaitRejectsForeignAcceptanceAndPreCanceledContext/canceled-error-envelope (0.00s)\n","OutputType":"frame"}
{"Time":"2026-09-08T08:38:23.3879268+03:00","Action":"pass","Package":"virmill.local/core/internal/ui/cli","Test":"TestPlanApplyWaitRejectsForeignAcceptanceAndPreCanceledContext/canceled-error-envelope","Elapsed":0}
{"Time":"2026-09-08T08:38:23.387957412+03:00","Action":"output","Package":"virmill.local/core/internal/ui/cli","Test":"TestPlanApplyWaitRejectsForeignAcceptanceAndPreCanceledContext","Output":"--- PASS: TestPlanApplyWaitRejectsForeignAcceptanceAndPreCanceledContext (0.00s)\n","OutputType":"frame"}
{"Time":"2026-09-08T08:38:23.38796404+03:00","Action":"pass","Package":"virmill.local/core/internal/ui/cli","Test":"TestPlanApplyWaitRejectsForeignAcceptanceAndPreCanceledContext","Elapsed":0}
{"Time":"2026-09-08T08:38:23.387977278+03:00","Action":"run","Package":"virmill.local/core/internal/ui/cli","Test":"TestNDJSONFollowRejectsChangedImmutableJobBinding"}
{"Time":"2026-09-08T08:38:23.387982019+03:00","Action":"output","Package":"virmill.local/core/internal/ui/cli","Test":"TestNDJSONFollowRejectsChangedImmutableJobBinding","Output":"=== RUN   TestNDJSONFollowRejectsChangedImmutableJobBinding\n","OutputType":"frame"}
{"Time":"2026-09-08T08:38:23.387987485+03:00","Action":"run","Package":"virmill.local/core/internal/ui/cli","Test":"TestNDJSONFollowRejectsChangedImmutableJobBinding/plan"}
{"Time":"2026-09-08T08:38:23.387990193+03:00","Action":"output","Package":"virmill.local/core/internal/ui/cli","Test":"TestNDJSONFollowRejectsChangedImmutableJobBinding/plan","Output":"=== RUN   TestNDJSONFollowRejectsChangedImmutableJobBinding/plan\n","OutputType":"frame"}
{"Time":"2026-09-08T08:38:23.388997051+03:00","Action":"output","Package":"virmill.local/core/internal/ui/cli","Test":"TestNDJSONFollowRejectsChangedImmutableJobBinding/plan","Output":"--- PASS: TestNDJSONFollowRejectsChangedImmutableJobBinding/plan (0.00s)\n","OutputType":"frame"}
{"Time":"2026-09-08T08:38:23.389002266+03:00","Action":"pass","Package":"virmill.local/core/internal/ui/cli","Test":"TestNDJSONFollowRejectsChangedImmutableJobBinding/plan","Elapsed":0}
{"Time":"2026-09-08T08:38:23.389017404+03:00","Action":"run","Package":"virmill.local/core/internal/ui/cli","Test":"TestNDJSONFollowRejectsChangedImmutableJobBinding/created-at"}
{"Time":"2026-09-08T08:38:23.389020668+03:00","Action":"output","Package":"virmill.local/core/internal/ui/cli","Test":"TestNDJSONFollowRejectsChangedImmutableJobBinding/created-at","Output":"=== RUN   TestNDJSONFollowRejectsChangedImmutableJobBinding/created-at\n","OutputType":"frame"}
{"Time":"2026-09-08T08:38:23.389988426+03:00","Action":"output","Package":"virmill.local/core/internal/ui/cli","Test":"TestNDJSONFollowRejectsChangedImmutableJobBinding/created-at","Output":"--- PASS: TestNDJSONFollowRejectsChangedImmutableJobBinding/created-at (0.00s)\n","OutputType":"frame"}
{"Time":"2026-09-08T08:38:23.389993546+03:00","Action":"pass","Package":"virmill.local/core/internal/ui/cli","Test":"TestNDJSONFollowRejectsChangedImmutableJobBinding/created-at","Elapsed":0}
{"Time":"2026-09-08T08:38:23.39001173+03:00","Action":"run","Package":"virmill.local/core/internal/ui/cli","Test":"TestNDJSONFollowRejectsChangedImmutableJobBinding/recovery-parent"}
{"Time":"2026-09-08T08:38:23.390015276+03:00","Action":"output","Package":"virmill.local/core/internal/ui/cli","Test":"TestNDJSONFollowRejectsChangedImmutableJobBinding/recovery-parent","Output":"=== RUN   TestNDJSONFollowRejectsChangedImmutableJobBinding/recovery-parent\n","OutputType":"frame"}
{"Time":"2026-09-08T08:38:23.391007729+03:00","Action":"output","Package":"virmill.local/core/internal/ui/cli","Test":"TestNDJSONFollowRejectsChangedImmutableJobBinding/recovery-parent","Output":"--- PASS: TestNDJSONFollowRejectsChangedImmutableJobBinding/recovery-parent (0.00s)\n","OutputType":"frame"}
{"Time":"2026-09-08T08:38:23.391013203+03:00","Action":"pass","Package":"virmill.local/core/internal/ui/cli","Test":"TestNDJSONFollowRejectsChangedImmutableJobBinding/recovery-parent","Elapsed":0}
{"Time":"2026-09-08T08:38:23.391035997+03:00","Action":"output","Package":"virmill.local/core/internal/ui/cli","Test":"TestNDJSONFollowRejectsChangedImmutableJobBinding","Output":"--- PASS: TestNDJSONFollowRejectsChangedImmutableJobBinding (0.00s)\n","OutputType":"frame"}
{"Time":"2026-09-08T08:38:23.391040852+03:00","Action":"pass","Package":"virmill.local/core/internal/ui/cli","Test":"TestNDJSONFollowRejectsChangedImmutableJobBinding","Elapsed":0}
{"Time":"2026-09-08T08:38:23.391056359+03:00","Action":"run","Package":"virmill.local/core/internal/ui/cli","Test":"TestPlanApplyDetachedPreservesSingleResponse"}
{"Time":"2026-09-08T08:38:23.391059594+03:00","Action":"output","Package":"virmill.local/core/internal/ui/cli","Test":"TestPlanApplyDetachedPreservesSingleResponse","Output":"=== RUN   TestPlanApplyDetachedPreservesSingleResponse\n","OutputType":"frame"}
{"Time":"2026-09-08T08:38:23.391077899+03:00","Action":"run","Package":"virmill.local/core/internal/ui/cli","Test":"TestPlanApplyDetachedPreservesSingleResponse/json"}
{"Time":"2026-09-08T08:38:23.391081481+03:00","Action":"output","Package":"virmill.local/core/internal/ui/cli","Test":"TestPlanApplyDetachedPreservesSingleResponse/json","Output":"=== RUN   TestPlanApplyDetachedPreservesSingleResponse/json\n","OutputType":"frame"}
{"Time":"2026-09-08T08:38:23.391621304+03:00","Action":"output","Package":"virmill.local/core/internal/ui/cli","Test":"TestPlanApplyDetachedPreservesSingleResponse/json","Output":"--- PASS: TestPlanApplyDetachedPreservesSingleResponse/json (0.00s)\n","OutputType":"frame"}
{"Time":"2026-09-08T08:38:23.391626753+03:00","Action":"pass","Package":"virmill.local/core/internal/ui/cli","Test":"TestPlanApplyDetachedPreservesSingleResponse/json","Elapsed":0}
{"Time":"2026-09-08T08:38:23.391638831+03:00","Action":"run","Package":"virmill.local/core/internal/ui/cli","Test":"TestPlanApplyDetachedPreservesSingleResponse/ndjson"}
{"Time":"2026-09-08T08:38:23.391642291+03:00","Action":"output","Package":"virmill.local/core/internal/ui/cli","Test":"TestPlanApplyDetachedPreservesSingleResponse/ndjson","Output":"=== RUN   TestPlanApplyDetachedPreservesSingleResponse/ndjson\n","OutputType":"frame"}
{"Time":"2026-09-08T08:38:23.392145467+03:00","Action":"output","Package":"virmill.local/core/internal/ui/cli","Test":"TestPlanApplyDetachedPreservesSingleResponse/ndjson","Output":"--- PASS: TestPlanApplyDetachedPreservesSingleResponse/ndjson (0.00s)\n","OutputType":"frame"}
{"Time":"2026-09-08T08:38:23.392151323+03:00","Action":"pass","Package":"virmill.local/core/internal/ui/cli","Test":"TestPlanApplyDetachedPreservesSingleResponse/ndjson","Elapsed":0}
{"Time":"2026-09-08T08:38:23.392172244+03:00","Action":"output","Package":"virmill.local/core/internal/ui/cli","Test":"TestPlanApplyDetachedPreservesSingleResponse","Output":"--- PASS: TestPlanApplyDetachedPreservesSingleResponse (0.00s)\n","OutputType":"frame"}
{"Time":"2026-09-08T08:38:23.392177253+03:00","Action":"pass","Package":"virmill.local/core/internal/ui/cli","Test":"TestPlanApplyDetachedPreservesSingleResponse","Elapsed":0}
{"Time":"2026-09-08T08:38:23.392191862+03:00","Action":"run","Package":"virmill.local/core/internal/ui/cli","Test":"TestNDJSONFollowStoredPartialErrorsRetainCauseAndExitSix"}
{"Time":"2026-09-08T08:38:23.392195382+03:00","Action":"output","Package":"virmill.local/core/internal/ui/cli","Test":"TestNDJSONFollowStoredPartialErrorsRetainCauseAndExitSix","Output":"=== RUN   TestNDJSONFollowStoredPartialErrorsRetainCauseAndExitSix\n","OutputType":"frame"}
{"Time":"2026-09-08T08:38:23.392232132+03:00","Action":"run","Package":"virmill.local/core/internal/ui/cli","Test":"TestNDJSONFollowStoredPartialErrorsRetainCauseAndExitSix/partial"}
{"Time":"2026-09-08T08:38:23.392235849+03:00","Action":"output","Package":"virmill.local/core/internal/ui/cli","Test":"TestNDJSONFollowStoredPartialErrorsRetainCauseAndExitSix/partial","Output":"=== RUN   TestNDJSONFollowStoredPartialErrorsRetainCauseAndExitSix/partial\n","OutputType":"frame"}
{"Time":"2026-09-08T08:38:23.396263721+03:00","Action":"output","Package":"virmill.local/core/internal/ui/cli","Test":"TestNDJSONFollowStoredPartialErrorsRetainCauseAndExitSix/partial","Output":"--- PASS: TestNDJSONFollowStoredPartialErrorsRetainCauseAndExitSix/partial (0.00s)\n","OutputType":"frame"}
{"Time":"2026-09-08T08:38:23.396275593+03:00","Action":"pass","Package":"virmill.local/core/internal/ui/cli","Test":"TestNDJSONFollowStoredPartialErrorsRetainCauseAndExitSix/partial","Elapsed":0}
{"Time":"2026-09-08T08:38:23.39628354+03:00","Action":"run","Package":"virmill.local/core/internal/ui/cli","Test":"TestNDJSONFollowStoredPartialErrorsRetainCauseAndExitSix/recovery-required"}
{"Time":"2026-09-08T08:38:23.396286634+03:00","Action":"output","Package":"virmill.local/core/internal/ui/cli","Test":"TestNDJSONFollowStoredPartialErrorsRetainCauseAndExitSix/recovery-required","Output":"=== RUN   TestNDJSONFollowStoredPartialErrorsRetainCauseAndExitSix/recovery-required\n","OutputType":"frame"}
{"Time":"2026-09-08T08:38:23.399358398+03:00","Action":"output","Package":"virmill.local/core/internal/ui/cli","Test":"TestNDJSONFollowStoredPartialErrorsRetainCauseAndExitSix/recovery-required","Output":"--- PASS: TestNDJSONFollowStoredPartialErrorsRetainCauseAndExitSix/recovery-required (0.00s)\n","OutputType":"frame"}
{"Time":"2026-09-08T08:38:23.399365341+03:00","Action":"pass","Package":"virmill.local/core/internal/ui/cli","Test":"TestNDJSONFollowStoredPartialErrorsRetainCauseAndExitSix/recovery-required","Elapsed":0}
{"Time":"2026-09-08T08:38:23.399394638+03:00","Action":"output","Package":"virmill.local/core/internal/ui/cli","Test":"TestNDJSONFollowStoredPartialErrorsRetainCauseAndExitSix","Output":"--- PASS: TestNDJSONFollowStoredPartialErrorsRetainCauseAndExitSix (0.01s)\n","OutputType":"frame"}
{"Time":"2026-09-08T08:38:23.399399953+03:00","Action":"pass","Package":"virmill.local/core/internal/ui/cli","Test":"TestNDJSONFollowStoredPartialErrorsRetainCauseAndExitSix","Elapsed":0.01}
{"Time":"2026-09-08T08:38:23.399412691+03:00","Action":"run","Package":"virmill.local/core/internal/ui/cli","Test":"TestReadOnlyHostInventoryCommands"}
{"Time":"2026-09-08T08:38:23.399417082+03:00","Action":"output","Package":"virmill.local/core/internal/ui/cli","Test":"TestReadOnlyHostInventoryCommands","Output":"=== RUN   TestReadOnlyHostInventoryCommands\n","OutputType":"frame"}
{"Time":"2026-09-08T08:38:23.400811359+03:00","Action":"output","Package":"virmill.local/core/internal/ui/cli","Test":"TestReadOnlyHostInventoryCommands","Output":"--- PASS: TestReadOnlyHostInventoryCommands (0.00s)\n","OutputType":"frame"}
{"Time":"2026-09-08T08:38:23.400824487+03:00","Action":"pass","Package":"virmill.local/core/internal/ui/cli","Test":"TestReadOnlyHostInventoryCommands","Elapsed":0}
{"Time":"2026-09-08T08:38:23.400828511+03:00","Action":"run","Package":"virmill.local/core/internal/ui/cli","Test":"TestNetworkCreationUsesSharedPreview"}
{"Time":"2026-09-08T08:38:23.400830682+03:00","Action":"output","Package":"virmill.local/core/internal/ui/cli","Test":"TestNetworkCreationUsesSharedPreview","Output":"=== RUN   TestNetworkCreationUsesSharedPreview\n","OutputType":"frame"}
{"Time":"2026-09-08T08:38:23.402126237+03:00","Action":"output","Package":"virmill.local/core/internal/ui/cli","Test":"TestNetworkCreationUsesSharedPreview","Output":"--- PASS: TestNetworkCreationUsesSharedPreview (0.00s)\n","OutputType":"frame"}
{"Time":"2026-09-08T08:38:23.402137036+03:00","Action":"pass","Package":"virmill.local/core/internal/ui/cli","Test":"TestNetworkCreationUsesSharedPreview","Elapsed":0}
{"Time":"2026-09-08T08:38:23.402141704+03:00","Action":"run","Package":"virmill.local/core/internal/ui/cli","Test":"TestBackupPolicyCommandsNormalizePathsAndNeverApply"}
{"Time":"2026-09-08T08:38:23.402144498+03:00","Action":"output","Package":"virmill.local/core/internal/ui/cli","Test":"TestBackupPolicyCommandsNormalizePathsAndNeverApply","Output":"=== RUN   TestBackupPolicyCommandsNormalizePathsAndNeverApply\n","OutputType":"frame"}
{"Time":"2026-09-08T08:38:23.40421227+03:00","Action":"output","Package":"virmill.local/core/internal/ui/cli","Test":"TestBackupPolicyCommandsNormalizePathsAndNeverApply","Output":"--- PASS: TestBackupPolicyCommandsNormalizePathsAndNeverApply (0.00s)\n","OutputType":"frame"}
{"Time":"2026-09-08T08:38:23.404227513+03:00","Action":"pass","Package":"virmill.local/core/internal/ui/cli","Test":"TestBackupPolicyCommandsNormalizePathsAndNeverApply","Elapsed":0}
{"Time":"2026-09-08T08:38:23.40423201+03:00","Action":"run","Package":"virmill.local/core/internal/ui/cli","Test":"TestProviderConformanceUsesSharedPluginTest"}
{"Time":"2026-09-08T08:38:23.404235343+03:00","Action":"output","Package":"virmill.local/core/internal/ui/cli","Test":"TestProviderConformanceUsesSharedPluginTest","Output":"=== RUN   TestProviderConformanceUsesSharedPluginTest\n","OutputType":"frame"}
{"Time":"2026-09-08T08:38:23.40468852+03:00","Action":"output","Package":"virmill.local/core/internal/ui/cli","Test":"TestProviderConformanceUsesSharedPluginTest","Output":"--- PASS: TestProviderConformanceUsesSharedPluginTest (0.00s)\n","OutputType":"frame"}
{"Time":"2026-09-08T08:38:23.404698285+03:00","Action":"pass","Package":"virmill.local/core/internal/ui/cli","Test":"TestProviderConformanceUsesSharedPluginTest","Elapsed":0}
{"Time":"2026-09-08T08:38:23.404705244+03:00","Action":"run","Package":"virmill.local/core/internal/ui/cli","Test":"TestRebootUsesSharedPlanWithoutApplying"}
{"Time":"2026-09-08T08:38:23.404720877+03:00","Action":"output","Package":"virmill.local/core/internal/ui/cli","Test":"TestRebootUsesSharedPlanWithoutApplying","Output":"=== RUN   TestRebootUsesSharedPlanWithoutApplying\n","OutputType":"frame"}
{"Time":"2026-09-08T08:38:23.40515111+03:00","Action":"output","Package":"virmill.local/core/internal/ui/cli","Test":"TestRebootUsesSharedPlanWithoutApplying","Output":"--- PASS: TestRebootUsesSharedPlanWithoutApplying (0.00s)\n","OutputType":"frame"}
{"Time":"2026-09-08T08:38:23.405158079+03:00","Action":"pass","Package":"virmill.local/core/internal/ui/cli","Test":"TestRebootUsesSharedPlanWithoutApplying","Elapsed":0}
{"Time":"2026-09-08T08:38:23.405166357+03:00","Action":"run","Package":"virmill.local/core/internal/ui/cli","Test":"TestRecoveryInspectionAndDeclaredVerificationUseSharedService"}
{"Time":"2026-09-08T08:38:23.405169991+03:00","Action":"output","Package":"virmill.local/core/internal/ui/cli","Test":"TestRecoveryInspectionAndDeclaredVerificationUseSharedService","Output":"=== RUN   TestRecoveryInspectionAndDeclaredVerificationUseSharedService\n","OutputType":"frame"}
{"Time":"2026-09-08T08:38:23.406105381+03:00","Action":"output","Package":"virmill.local/core/internal/ui/cli","Test":"TestRecoveryInspectionAndDeclaredVerificationUseSharedService","Output":"--- PASS: TestRecoveryInspectionAndDeclaredVerificationUseSharedService (0.00s)\n","OutputType":"frame"}
{"Time":"2026-09-08T08:38:23.406113211+03:00","Action":"pass","Package":"virmill.local/core/internal/ui/cli","Test":"TestRecoveryInspectionAndDeclaredVerificationUseSharedService","Elapsed":0}
{"Time":"2026-09-08T08:38:23.406124823+03:00","Action":"run","Package":"virmill.local/core/internal/ui/cli","Test":"TestRecoveryCLIManifestRootReachesActualMemberVerification"}
{"Time":"2026-09-08T08:38:23.406127855+03:00","Action":"output","Package":"virmill.local/core/internal/ui/cli","Test":"TestRecoveryCLIManifestRootReachesActualMemberVerification","Output":"=== RUN   TestRecoveryCLIManifestRootReachesActualMemberVerification\n","OutputType":"frame"}
{"Time":"2026-09-08T08:38:23.412248014+03:00","Action":"output","Package":"virmill.local/core/internal/ui/cli","Test":"TestRecoveryCLIManifestRootReachesActualMemberVerification","Output":"--- PASS: TestRecoveryCLIManifestRootReachesActualMemberVerification (0.01s)\n","OutputType":"frame"}
{"Time":"2026-09-08T08:38:23.412270779+03:00","Action":"pass","Package":"virmill.local/core/internal/ui/cli","Test":"TestRecoveryCLIManifestRootReachesActualMemberVerification","Elapsed":0.01}
{"Time":"2026-09-08T08:38:23.412281275+03:00","Action":"run","Package":"virmill.local/core/internal/ui/cli","Test":"TestRecoveryCLIFailuresAndCancellationAreVisible"}
{"Time":"2026-09-08T08:38:23.412284622+03:00","Action":"output","Package":"virmill.local/core/internal/ui/cli","Test":"TestRecoveryCLIFailuresAndCancellationAreVisible","Output":"=== RUN   TestRecoveryCLIFailuresAndCancellationAreVisible\n","OutputType":"frame"}
{"Time":"2026-09-08T08:38:23.412326534+03:00","Action":"run","Package":"virmill.local/core/internal/ui/cli","Test":"TestRecoveryCLIFailuresAndCancellationAreVisible/unsupported-native-adapter"}
{"Time":"2026-09-08T08:38:23.412331145+03:00","Action":"output","Package":"virmill.local/core/internal/ui/cli","Test":"TestRecoveryCLIFailuresAndCancellationAreVisible/unsupported-native-adapter","Output":"=== RUN   TestRecoveryCLIFailuresAndCancellationAreVisible/unsupported-native-adapter\n","OutputType":"frame"}
{"Time":"2026-09-08T08:38:23.413087808+03:00","Action":"output","Package":"virmill.local/core/internal/ui/cli","Test":"TestRecoveryCLIFailuresAndCancellationAreVisible/unsupported-native-adapter","Output":"--- PASS: TestRecoveryCLIFailuresAndCancellationAreVisible/unsupported-native-adapter (0.00s)\n","OutputType":"frame"}
{"Time":"2026-09-08T08:38:23.413138953+03:00","Action":"pass","Package":"virmill.local/core/internal/ui/cli","Test":"TestRecoveryCLIFailuresAndCancellationAreVisible/unsupported-native-adapter","Elapsed":0}
{"Time":"2026-09-08T08:38:23.413155585+03:00","Action":"run","Package":"virmill.local/core/internal/ui/cli","Test":"TestRecoveryCLIFailuresAndCancellationAreVisible/canceled-inspection"}
{"Time":"2026-09-08T08:38:23.413159025+03:00","Action":"output","Package":"virmill.local/core/internal/ui/cli","Test":"TestRecoveryCLIFailuresAndCancellationAreVisible/canceled-inspection","Output":"=== RUN   TestRecoveryCLIFailuresAndCancellationAreVisible/canceled-inspection\n","OutputType":"frame"}
{"Time":"2026-09-08T08:38:23.413713265+03:00","Action":"output","Package":"virmill.local/core/internal/ui/cli","Test":"TestRecoveryCLIFailuresAndCancellationAreVisible/canceled-inspection","Output":"--- PASS: TestRecoveryCLIFailuresAndCancellationAreVisible/canceled-inspection (0.00s)\n","OutputType":"frame"}
{"Time":"2026-09-08T08:38:23.413719891+03:00","Action":"pass","Package":"virmill.local/core/internal/ui/cli","Test":"TestRecoveryCLIFailuresAndCancellationAreVisible/canceled-inspection","Elapsed":0}
{"Time":"2026-09-08T08:38:23.413733972+03:00","Action":"run","Package":"virmill.local/core/internal/ui/cli","Test":"TestRecoveryCLIFailuresAndCancellationAreVisible/canceled-member-verification"}
{"Time":"2026-09-08T08:38:23.413737526+03:00","Action":"output","Package":"virmill.local/core/internal/ui/cli","Test":"TestRecoveryCLIFailuresAndCancellationAreVisible/canceled-member-verification","Output":"=== RUN   TestRecoveryCLIFailuresAndCancellationAreVisible/canceled-member-verification\n","OutputType":"frame"}
{"Time":"2026-09-08T08:38:23.414200554+03:00","Action":"output","Package":"virmill.local/core/internal/ui/cli","Test":"TestRecoveryCLIFailuresAndCancellationAreVisible/canceled-member-verification","Output":"--- PASS: TestRecoveryCLIFailuresAndCancellationAreVisible/canceled-member-verification (0.00s)\n","OutputType":"frame"}
{"Time":"2026-09-08T08:38:23.41421515+03:00","Action":"pass","Package":"virmill.local/core/internal/ui/cli","Test":"TestRecoveryCLIFailuresAndCancellationAreVisible/canceled-member-verification","Elapsed":0}
{"Time":"2026-09-08T08:38:23.414231244+03:00","Action":"run","Package":"virmill.local/core/internal/ui/cli","Test":"TestRecoveryCLIFailuresAndCancellationAreVisible/transport-failure"}
{"Time":"2026-09-08T08:38:23.414235046+03:00","Action":"output","Package":"virmill.local/core/internal/ui/cli","Test":"TestRecoveryCLIFailuresAndCancellationAreVisible/transport-failure","Output":"=== RUN   TestRecoveryCLIFailuresAndCancellationAreVisible/transport-failure\n","OutputType":"frame"}
{"Time":"2026-09-08T08:38:23.41482597+03:00","Action":"output","Package":"virmill.local/core/internal/ui/cli","Test":"TestRecoveryCLIFailuresAndCancellationAreVisible/transport-failure","Output":"--- PASS: TestRecoveryCLIFailuresAndCancellationAreVisible/transport-failure (0.00s)\n","OutputType":"frame"}
{"Time":"2026-09-08T08:38:23.414842431+03:00","Action":"pass","Package":"virmill.local/core/internal/ui/cli","Test":"TestRecoveryCLIFailuresAndCancellationAreVisible/transport-failure","Elapsed":0}
{"Time":"2026-09-08T08:38:23.414849154+03:00","Action":"output","Package":"virmill.local/core/internal/ui/cli","Test":"TestRecoveryCLIFailuresAndCancellationAreVisible","Output":"--- PASS: TestRecoveryCLIFailuresAndCancellationAreVisible (0.00s)\n","OutputType":"frame"}
{"Time":"2026-09-08T08:38:23.414854064+03:00","Action":"pass","Package":"virmill.local/core/internal/ui/cli","Test":"TestRecoveryCLIFailuresAndCancellationAreVisible","Elapsed":0}
{"Time":"2026-09-08T08:38:23.414872062+03:00","Action":"run","Package":"virmill.local/core/internal/ui/cli","Test":"TestRecoveryCLIStrictInputAndPathNormalizationRefuseBeforeDispatch"}
{"Time":"2026-09-08T08:38:23.41487641+03:00","Action":"output","Package":"virmill.local/core/internal/ui/cli","Test":"TestRecoveryCLIStrictInputAndPathNormalizationRefuseBeforeDispatch","Output":"=== RUN   TestRecoveryCLIStrictInputAndPathNormalizationRefuseBeforeDispatch\n","OutputType":"frame"}
{"Time":"2026-09-08T08:38:23.417531905+03:00","Action":"output","Package":"virmill.local/core/internal/ui/cli","Test":"TestRecoveryCLIStrictInputAndPathNormalizationRefuseBeforeDispatch","Output":"--- PASS: TestRecoveryCLIStrictInputAndPathNormalizationRefuseBeforeDispatch (0.00s)\n","OutputType":"frame"}
{"Time":"2026-09-08T08:38:23.417541565+03:00","Action":"pass","Package":"virmill.local/core/internal/ui/cli","Test":"TestRecoveryCLIStrictInputAndPathNormalizationRefuseBeforeDispatch","Elapsed":0}
{"Time":"2026-09-08T08:38:23.417544531+03:00","Action":"run","Package":"virmill.local/core/internal/ui/cli","Test":"TestManagedVolumeAccessUsesSharedService"}
{"Time":"2026-09-08T08:38:23.417545948+03:00","Action":"output","Package":"virmill.local/core/internal/ui/cli","Test":"TestManagedVolumeAccessUsesSharedService","Output":"=== RUN   TestManagedVolumeAccessUsesSharedService\n","OutputType":"frame"}
{"Time":"2026-09-08T08:38:23.418981966+03:00","Action":"output","Package":"virmill.local/core/internal/ui/cli","Test":"TestManagedVolumeAccessUsesSharedService","Output":"--- PASS: TestManagedVolumeAccessUsesSharedService (0.00s)\n","OutputType":"frame"}
{"Time":"2026-09-08T08:38:23.418991527+03:00","Action":"pass","Package":"virmill.local/core/internal/ui/cli","Test":"TestManagedVolumeAccessUsesSharedService","Elapsed":0}
{"Time":"2026-09-08T08:38:23.41899617+03:00","Action":"run","Package":"virmill.local/core/internal/ui/cli","Test":"TestCleanJSONNoninteractiveAndSharedMethod"}
{"Time":"2026-09-08T08:38:23.418997571+03:00","Action":"output","Package":"virmill.local/core/internal/ui/cli","Test":"TestCleanJSONNoninteractiveAndSharedMethod","Output":"=== RUN   TestCleanJSONNoninteractiveAndSharedMethod\n","OutputType":"frame"}
{"Time":"2026-09-08T08:38:23.419768012+03:00","Action":"output","Package":"virmill.local/core/internal/ui/cli","Test":"TestCleanJSONNoninteractiveAndSharedMethod","Output":"--- PASS: TestCleanJSONNoninteractiveAndSharedMethod (0.00s)\n","OutputType":"frame"}
{"Time":"2026-09-08T08:38:23.419775329+03:00","Action":"pass","Package":"virmill.local/core/internal/ui/cli","Test":"TestCleanJSONNoninteractiveAndSharedMethod","Elapsed":0}
{"Time":"2026-09-08T08:38:23.41979042+03:00","Action":"run","Package":"virmill.local/core/internal/ui/cli","Test":"TestPlanApplyRequiresExplicitBinding"}
{"Time":"2026-09-08T08:38:23.419792376+03:00","Action":"output","Package":"virmill.local/core/internal/ui/cli","Test":"TestPlanApplyRequiresExplicitBinding","Output":"=== RUN   TestPlanApplyRequiresExplicitBinding\n","OutputType":"frame"}
{"Time":"2026-09-08T08:38:23.420240456+03:00","Action":"output","Package":"virmill.local/core/internal/ui/cli","Test":"TestPlanApplyRequiresExplicitBinding","Output":"--- PASS: TestPlanApplyRequiresExplicitBinding (0.00s)\n","OutputType":"frame"}
{"Time":"2026-09-08T08:38:23.42024921+03:00","Action":"pass","Package":"virmill.local/core/internal/ui/cli","Test":"TestPlanApplyRequiresExplicitBinding","Elapsed":0}
{"Time":"2026-09-08T08:38:23.420260348+03:00","Action":"run","Package":"virmill.local/core/internal/ui/cli","Test":"TestPluginPlansUseSharedServiceAndExplicitInputs"}
{"Time":"2026-09-08T08:38:23.420262137+03:00","Action":"output","Package":"virmill.local/core/internal/ui/cli","Test":"TestPluginPlansUseSharedServiceAndExplicitInputs","Output":"=== RUN   TestPluginPlansUseSharedServiceAndExplicitInputs\n","OutputType":"frame"}
{"Time":"2026-09-08T08:38:23.422035121+03:00","Action":"output","Package":"virmill.local/core/internal/ui/cli","Test":"TestPluginPlansUseSharedServiceAndExplicitInputs","Output":"--- PASS: TestPluginPlansUseSharedServiceAndExplicitInputs (0.00s)\n","OutputType":"frame"}
{"Time":"2026-09-08T08:38:23.422047181+03:00","Action":"pass","Package":"virmill.local/core/internal/ui/cli","Test":"TestPluginPlansUseSharedServiceAndExplicitInputs","Elapsed":0}
{"Time":"2026-09-08T08:38:23.422057138+03:00","Action":"run","Package":"virmill.local/core/internal/ui/cli","Test":"TestImportPreparationUsesSharedService"}
{"Time":"2026-09-08T08:38:23.422059113+03:00","Action":"output","Package":"virmill.local/core/internal/ui/cli","Test":"TestImportPreparationUsesSharedService","Output":"=== RUN   TestImportPreparationUsesSharedService\n","OutputType":"frame"}
{"Time":"2026-09-08T08:38:23.42256198+03:00","Action":"output","Package":"virmill.local/core/internal/ui/cli","Test":"TestImportPreparationUsesSharedService","Output":"--- PASS: TestImportPreparationUsesSharedService (0.00s)\n","OutputType":"frame"}
{"Time":"2026-09-08T08:38:23.422578874+03:00","Action":"pass","Package":"virmill.local/core/internal/ui/cli","Test":"TestImportPreparationUsesSharedService","Elapsed":0}
{"Time":"2026-09-08T08:38:23.422587098+03:00","Action":"run","Package":"virmill.local/core/internal/ui/cli","Test":"TestExistingDiskPreparationUsesSharedService"}
{"Time":"2026-09-08T08:38:23.422589042+03:00","Action":"output","Package":"virmill.local/core/internal/ui/cli","Test":"TestExistingDiskPreparationUsesSharedService","Output":"=== RUN   TestExistingDiskPreparationUsesSharedService\n","OutputType":"frame"}
{"Time":"2026-09-08T08:38:23.423171631+03:00","Action":"output","Package":"virmill.local/core/internal/ui/cli","Test":"TestExistingDiskPreparationUsesSharedService","Output":"--- PASS: TestExistingDiskPreparationUsesSharedService (0.00s)\n","OutputType":"frame"}
{"Time":"2026-09-08T08:38:23.423183868+03:00","Action":"pass","Package":"virmill.local/core/internal/ui/cli","Test":"TestExistingDiskPreparationUsesSharedService","Elapsed":0}
{"Time":"2026-09-08T08:38:23.423193733+03:00","Action":"run","Package":"virmill.local/core/internal/ui/cli","Test":"TestInstallationPreparationUsesSharedService"}
{"Time":"2026-09-08T08:38:23.423195675+03:00","Action":"output","Package":"virmill.local/core/internal/ui/cli","Test":"TestInstallationPreparationUsesSharedService","Output":"=== RUN   TestInstallationPreparationUsesSharedService\n","OutputType":"frame"}
{"Time":"2026-09-08T08:38:23.423770463+03:00","Action":"output","Package":"virmill.local/core/internal/ui/cli","Test":"TestInstallationPreparationUsesSharedService","Output":"--- PASS: TestInstallationPreparationUsesSharedService (0.00s)\n","OutputType":"frame"}
{"Time":"2026-09-08T08:38:23.423784299+03:00","Action":"pass","Package":"virmill.local/core/internal/ui/cli","Test":"TestInstallationPreparationUsesSharedService","Elapsed":0}
{"Time":"2026-09-08T08:38:23.423793233+03:00","Action":"run","Package":"virmill.local/core/internal/ui/cli","Test":"TestResourceInventoryCommandsPreserveExplicitConnection"}
{"Time":"2026-09-08T08:38:23.42379505+03:00","Action":"output","Package":"virmill.local/core/internal/ui/cli","Test":"TestResourceInventoryCommandsPreserveExplicitConnection","Output":"=== RUN   TestResourceInventoryCommandsPreserveExplicitConnection\n","OutputType":"frame"}
{"Time":"2026-09-08T08:38:23.425499659+03:00","Action":"output","Package":"virmill.local/core/internal/ui/cli","Test":"TestResourceInventoryCommandsPreserveExplicitConnection","Output":"--- PASS: TestResourceInventoryCommandsPreserveExplicitConnection (0.00s)\n","OutputType":"frame"}
{"Time":"2026-09-08T08:38:23.425509485+03:00","Action":"pass","Package":"virmill.local/core/internal/ui/cli","Test":"TestResourceInventoryCommandsPreserveExplicitConnection","Elapsed":0}
{"Time":"2026-09-08T08:38:23.42552021+03:00","Action":"run","Package":"virmill.local/core/internal/ui/cli","Test":"TestCreationAndRecoveryCommandsUseSharedService"}
{"Time":"2026-09-08T08:38:23.42552158+03:00","Action":"output","Package":"virmill.local/core/internal/ui/cli","Test":"TestCreationAndRecoveryCommandsUseSharedService","Output":"=== RUN   TestCreationAndRecoveryCommandsUseSharedService\n","OutputType":"frame"}
{"Time":"2026-09-08T08:38:23.429221975+03:00","Action":"output","Package":"virmill.local/core/internal/ui/cli","Test":"TestCreationAndRecoveryCommandsUseSharedService","Output":"--- PASS: TestCreationAndRecoveryCommandsUseSharedService (0.00s)\n","OutputType":"frame"}
{"Time":"2026-09-08T08:38:23.429250138+03:00","Action":"pass","Package":"virmill.local/core/internal/ui/cli","Test":"TestCreationAndRecoveryCommandsUseSharedService","Elapsed":0}
{"Time":"2026-09-08T08:38:23.429256523+03:00","Action":"run","Package":"virmill.local/core/internal/ui/cli","Test":"TestNoCloudCreationOptionsUseSharedService"}
{"Time":"2026-09-08T08:38:23.429265898+03:00","Action":"output","Package":"virmill.local/core/internal/ui/cli","Test":"TestNoCloudCreationOptionsUseSharedService","Output":"=== RUN   TestNoCloudCreationOptionsUseSharedService\n","OutputType":"frame"}
{"Time":"2026-09-08T08:38:23.430217677+03:00","Action":"output","Package":"virmill.local/core/internal/ui/cli","Test":"TestNoCloudCreationOptionsUseSharedService","Output":"--- PASS: TestNoCloudCreationOptionsUseSharedService (0.00s)\n","OutputType":"frame"}
{"Time":"2026-09-08T08:38:23.430233447+03:00","Action":"pass","Package":"virmill.local/core/internal/ui/cli","Test":"TestNoCloudCreationOptionsUseSharedService","Elapsed":0}
{"Time":"2026-09-08T08:38:23.430238237+03:00","Action":"run","Package":"virmill.local/core/internal/ui/cli","Test":"TestFixedResourcesUseSharedPlanning"}
{"Time":"2026-09-08T08:38:23.430239482+03:00","Action":"output","Package":"virmill.local/core/internal/ui/cli","Test":"TestFixedResourcesUseSharedPlanning","Output":"=== RUN   TestFixedResourcesUseSharedPlanning\n","OutputType":"frame"}
{"Time":"2026-09-08T08:38:23.430656601+03:00","Action":"output","Package":"virmill.local/core/internal/ui/cli","Test":"TestFixedResourcesUseSharedPlanning","Output":"--- PASS: TestFixedResourcesUseSharedPlanning (0.00s)\n","OutputType":"frame"}
{"Time":"2026-09-08T08:38:23.430660172+03:00","Action":"pass","Package":"virmill.local/core/internal/ui/cli","Test":"TestFixedResourcesUseSharedPlanning","Elapsed":0}
{"Time":"2026-09-08T08:38:23.430670463+03:00","Action":"run","Package":"virmill.local/core/internal/ui/cli","Test":"TestBootAndMediaCommandsUseSharedService"}
{"Time":"2026-09-08T08:38:23.43067394+03:00","Action":"output","Package":"virmill.local/core/internal/ui/cli","Test":"TestBootAndMediaCommandsUseSharedService","Output":"=== RUN   TestBootAndMediaCommandsUseSharedService\n","OutputType":"frame"}
{"Time":"2026-09-08T08:38:23.432181187+03:00","Action":"output","Package":"virmill.local/core/internal/ui/cli","Test":"TestBootAndMediaCommandsUseSharedService","Output":"--- PASS: TestBootAndMediaCommandsUseSharedService (0.00s)\n","OutputType":"frame"}
{"Time":"2026-09-08T08:38:23.43219382+03:00","Action":"pass","Package":"virmill.local/core/internal/ui/cli","Test":"TestBootAndMediaCommandsUseSharedService","Elapsed":0}
{"Time":"2026-09-08T08:38:23.432206053+03:00","Action":"run","Package":"virmill.local/core/internal/ui/cli","Test":"TestCLIPlanDisplaysSharedDowntimeEstimate"}
{"Time":"2026-09-08T08:38:23.432209143+03:00","Action":"output","Package":"virmill.local/core/internal/ui/cli","Test":"TestCLIPlanDisplaysSharedDowntimeEstimate","Output":"=== RUN   TestCLIPlanDisplaysSharedDowntimeEstimate\n","OutputType":"frame"}
{"Time":"2026-09-08T08:38:23.432977932+03:00","Action":"output","Package":"virmill.local/core/internal/ui/cli","Test":"TestCLIPlanDisplaysSharedDowntimeEstimate","Output":"--- PASS: TestCLIPlanDisplaysSharedDowntimeEstimate (0.00s)\n","OutputType":"frame"}
{"Time":"2026-09-08T08:38:23.43299021+03:00","Action":"pass","Package":"virmill.local/core/internal/ui/cli","Test":"TestCLIPlanDisplaysSharedDowntimeEstimate","Elapsed":0}
{"Time":"2026-09-08T08:38:23.433012174+03:00","Action":"run","Package":"virmill.local/core/internal/ui/cli","Test":"TestCLIActiveCreationResultIsObservationNotFailureOrCompletion"}
{"Time":"2026-09-08T08:38:23.433016116+03:00","Action":"output","Package":"virmill.local/core/internal/ui/cli","Test":"TestCLIActiveCreationResultIsObservationNotFailureOrCompletion","Output":"=== RUN   TestCLIActiveCreationResultIsObservationNotFailureOrCompletion\n","OutputType":"frame"}
{"Time":"2026-09-08T08:38:23.433869271+03:00","Action":"output","Package":"virmill.local/core/internal/ui/cli","Test":"TestCLIActiveCreationResultIsObservationNotFailureOrCompletion","Output":"--- PASS: TestCLIActiveCreationResultIsObservationNotFailureOrCompletion (0.00s)\n","OutputType":"frame"}
{"Time":"2026-09-08T08:38:23.433884662+03:00","Action":"pass","Package":"virmill.local/core/internal/ui/cli","Test":"TestCLIActiveCreationResultIsObservationNotFailureOrCompletion","Elapsed":0}
{"Time":"2026-09-08T08:38:23.43391837+03:00","Action":"output","Package":"virmill.local/core/internal/ui/cli","Output":"PASS\n","OutputType":"frame"}
{"Time":"2026-09-08T08:38:23.981843235+03:00","Action":"output","Package":"virmill.local/core/internal/ui/tui","Output":"ok  \tvirmill.local/core/internal/ui/tui\t2.817s\n"}
{"Time":"2026-09-08T08:38:23.985835638+03:00","Action":"pass","Package":"virmill.local/core/internal/ui/tui","Elapsed":2.8209999999999997}
{"Time":"2026-09-08T08:38:24.443696634+03:00","Action":"output","Package":"virmill.local/core/internal/ui/cli","Output":"ok  \tvirmill.local/core/internal/ui/cli\t3.279s\n"}
{"Time":"2026-09-08T08:38:24.446544035+03:00","Action":"pass","Package":"virmill.local/core/internal/ui/cli","Elapsed":3.282}
{"Time":"2026-09-08T08:38:25.599678783+03:00","Action":"output","Package":"virmill.local/core/internal/plugins","Test":"TestPythonProtocolFaultTransport/oversized-line","Output":"    runner_faults_test.go:129: observable protocol rejection: plugin process/framing failure: oversized frame\n"}
{"Time":"2026-09-08T08:38:25.6099143+03:00","Action":"output","Package":"virmill.local/core/internal/plugins","Test":"TestPythonProtocolFaultTransport/oversized-line","Output":"--- PASS: TestPythonProtocolFaultTransport/oversized-line (2.36s)\n","OutputType":"frame"}
{"Time":"2026-09-08T08:38:25.609928228+03:00","Action":"pass","Package":"virmill.local/core/internal/plugins","Test":"TestPythonProtocolFaultTransport/oversized-line","Elapsed":2.36}
{"Time":"2026-09-08T08:38:25.609949362+03:00","Action":"run","Package":"virmill.local/core/internal/plugins","Test":"TestPythonProtocolFaultTransport/wrong-id"}
{"Time":"2026-09-08T08:38:25.60995247+03:00","Action":"output","Package":"virmill.local/core/internal/plugins","Test":"TestPythonProtocolFaultTransport/wrong-id","Output":"=== RUN   TestPythonProtocolFaultTransport/wrong-id\n","OutputType":"frame"}
{"Time":"2026-09-08T08:38:25.628434387+03:00","Action":"output","Package":"virmill.local/core/internal/plugins","Test":"TestPythonProtocolFaultTransport/wrong-id","Output":"    runner_faults_test.go:129: observable protocol rejection: unsolicited or wrong plugin response ID\n"}
{"Time":"2026-09-08T08:38:25.638986583+03:00","Action":"output","Package":"virmill.local/core/internal/plugins","Test":"TestPythonProtocolFaultTransport/wrong-id","Output":"--- PASS: TestPythonProtocolFaultTransport/wrong-id (0.03s)\n","OutputType":"frame"}
{"Time":"2026-09-08T08:38:25.638993724+03:00","Action":"pass","Package":"virmill.local/core/internal/plugins","Test":"TestPythonProtocolFaultTransport/wrong-id","Elapsed":0.03}
{"Time":"2026-09-08T08:38:25.639011147+03:00","Action":"run","Package":"virmill.local/core/internal/plugins","Test":"TestPythonProtocolFaultTransport/invalid-utf8"}
{"Time":"2026-09-08T08:38:25.639013912+03:00","Action":"output","Package":"virmill.local/core/internal/plugins","Test":"TestPythonProtocolFaultTransport/invalid-utf8","Output":"=== RUN   TestPythonProtocolFaultTransport/invalid-utf8\n","OutputType":"frame"}
{"Time":"2026-09-08T08:38:25.655933978+03:00","Action":"output","Package":"virmill.local/core/internal/plugins","Test":"TestPythonProtocolFaultTransport/invalid-utf8","Output":"    runner_faults_test.go:129: observable protocol rejection: invalid UTF-8\n"}
{"Time":"2026-09-08T08:38:25.666477861+03:00","Action":"output","Package":"virmill.local/core/internal/plugins","Test":"TestPythonProtocolFaultTransport/invalid-utf8","Output":"--- PASS: TestPythonProtocolFaultTransport/invalid-utf8 (0.03s)\n","OutputType":"frame"}
{"Time":"2026-09-08T08:38:25.666488108+03:00","Action":"pass","Package":"virmill.local/core/internal/plugins","Test":"TestPythonProtocolFaultTransport/invalid-utf8","Elapsed":0.03}
{"Time":"2026-09-08T08:38:25.6664972+03:00","Action":"run","Package":"virmill.local/core/internal/plugins","Test":"TestPythonProtocolFaultTransport/stdout-log"}
{"Time":"2026-09-08T08:38:25.666499584+03:00","Action":"output","Package":"virmill.local/core/internal/plugins","Test":"TestPythonProtocolFaultTransport/stdout-log","Output":"=== RUN   TestPythonProtocolFaultTransport/stdout-log\n","OutputType":"frame"}
{"Time":"2026-09-08T08:38:25.683943312+03:00","Action":"output","Package":"virmill.local/core/internal/plugins","Test":"TestPythonProtocolFaultTransport/stdout-log","Output":"    runner_faults_test.go:129: observable protocol rejection: invalid character 'T' looking for beginning of value\n"}
{"Time":"2026-09-08T08:38:25.694526467+03:00","Action":"output","Package":"virmill.local/core/internal/plugins","Test":"TestPythonProtocolFaultTransport/stdout-log","Output":"--- PASS: TestPythonProtocolFaultTransport/stdout-log (0.03s)\n","OutputType":"frame"}
{"Time":"2026-09-08T08:38:25.694534494+03:00","Action":"pass","Package":"virmill.local/core/internal/plugins","Test":"TestPythonProtocolFaultTransport/stdout-log","Elapsed":0.03}
{"Time":"2026-09-08T08:38:25.694549353+03:00","Action":"run","Package":"virmill.local/core/internal/plugins","Test":"TestPythonProtocolFaultTransport/request-response-hybrid"}
{"Time":"2026-09-08T08:38:25.694551379+03:00","Action":"output","Package":"virmill.local/core/internal/plugins","Test":"TestPythonProtocolFaultTransport/request-response-hybrid","Output":"=== RUN   TestPythonProtocolFaultTransport/request-response-hybrid\n","OutputType":"frame"}
{"Time":"2026-09-08T08:38:25.712285422+03:00","Action":"output","Package":"virmill.local/core/internal/plugins","Test":"TestPythonProtocolFaultTransport/request-response-hybrid","Output":"    runner_faults_test.go:129: observable protocol rejection: plugin request/notification contains response fields\n"}
{"Time":"2026-09-08T08:38:25.722456559+03:00","Action":"output","Package":"virmill.local/core/internal/plugins","Test":"TestPythonProtocolFaultTransport/request-response-hybrid","Output":"--- PASS: TestPythonProtocolFaultTransport/request-response-hybrid (0.03s)\n","OutputType":"frame"}
{"Time":"2026-09-08T08:38:25.722470409+03:00","Action":"pass","Package":"virmill.local/core/internal/plugins","Test":"TestPythonProtocolFaultTransport/request-response-hybrid","Elapsed":0.03}
{"Time":"2026-09-08T08:38:25.722494278+03:00","Action":"run","Package":"virmill.local/core/internal/plugins","Test":"TestPythonProtocolFaultTransport/wrong-version"}
{"Time":"2026-09-08T08:38:25.722497977+03:00","Action":"output","Package":"virmill.local/core/internal/plugins","Test":"TestPythonProtocolFaultTransport/wrong-version","Output":"=== RUN   TestPythonProtocolFaultTransport/wrong-version\n","OutputType":"frame"}
{"Time":"2026-09-08T08:38:25.741314136+03:00","Action":"output","Package":"virmill.local/core/internal/plugins","Test":"TestPythonProtocolFaultTransport/wrong-version","Output":"    runner_faults_test.go:129: observable protocol rejection: wrong protocol envelope\n"}
{"Time":"2026-09-08T08:38:25.751923556+03:00","Action":"output","Package":"virmill.local/core/internal/plugins","Test":"TestPythonProtocolFaultTransport/wrong-version","Output":"--- PASS: TestPythonProtocolFaultTransport/wrong-version (0.03s)\n","OutputType":"frame"}
{"Time":"2026-09-08T08:38:25.751941322+03:00","Action":"pass","Package":"virmill.local/core/internal/plugins","Test":"TestPythonProtocolFaultTransport/wrong-version","Elapsed":0.03}
{"Time":"2026-09-08T08:38:25.751947993+03:00","Action":"run","Package":"virmill.local/core/internal/plugins","Test":"TestPythonProtocolFaultTransport/unknown-notification"}
{"Time":"2026-09-08T08:38:25.751950162+03:00","Action":"output","Package":"virmill.local/core/internal/plugins","Test":"TestPythonProtocolFaultTransport/unknown-notification","Output":"=== RUN   TestPythonProtocolFaultTransport/unknown-notification\n","OutputType":"frame"}
{"Time":"2026-09-08T08:38:25.770583973+03:00","Action":"output","Package":"virmill.local/core/internal/plugins","Test":"TestPythonProtocolFaultTransport/unknown-notification","Output":"    runner_faults_test.go:129: observable protocol rejection: unknown plugin notification\n"}
{"Time":"2026-09-08T08:38:25.781372999+03:00","Action":"output","Package":"virmill.local/core/internal/plugins","Test":"TestPythonProtocolFaultTransport/unknown-notification","Output":"--- PASS: TestPythonProtocolFaultTransport/unknown-notification (0.03s)\n","OutputType":"frame"}
{"Time":"2026-09-08T08:38:25.781392103+03:00","Action":"pass","Package":"virmill.local/core/internal/plugins","Test":"TestPythonProtocolFaultTransport/unknown-notification","Elapsed":0.03}
{"Time":"2026-09-08T08:38:25.781397912+03:00","Action":"run","Package":"virmill.local/core/internal/plugins","Test":"TestPythonProtocolFaultTransport/stderr-flood"}
{"Time":"2026-09-08T08:38:25.781399657+03:00","Action":"output","Package":"virmill.local/core/internal/plugins","Test":"TestPythonProtocolFaultTransport/stderr-flood","Output":"=== RUN   TestPythonProtocolFaultTransport/stderr-flood\n","OutputType":"frame"}
{"Time":"2026-09-08T08:38:25.800282845+03:00","Action":"output","Package":"virmill.local/core/internal/plugins","Test":"TestPythonProtocolFaultTransport/stderr-flood","Output":"    runner_faults_test.go:129: observable protocol rejection: duplicate JSON key \"result\"\n"}
{"Time":"2026-09-08T08:38:25.811426044+03:00","Action":"output","Package":"virmill.local/core/internal/plugins","Test":"TestPythonProtocolFaultTransport/stderr-flood","Output":"--- PASS: TestPythonProtocolFaultTransport/stderr-flood (0.03s)\n","OutputType":"frame"}
{"Time":"2026-09-08T08:38:25.81145714+03:00","Action":"pass","Package":"virmill.local/core/internal/plugins","Test":"TestPythonProtocolFaultTransport/stderr-flood","Elapsed":0.03}
{"Time":"2026-09-08T08:38:25.811479001+03:00","Action":"run","Package":"virmill.local/core/internal/plugins","Test":"TestPythonProtocolFaultTransport/negotiated-version-mismatch"}
{"Time":"2026-09-08T08:38:25.811482018+03:00","Action":"output","Package":"virmill.local/core/internal/plugins","Test":"TestPythonProtocolFaultTransport/negotiated-version-mismatch","Output":"=== RUN   TestPythonProtocolFaultTransport/negotiated-version-mismatch\n","OutputType":"frame"}
{"Time":"2026-09-08T08:38:25.839433097+03:00","Action":"output","Package":"virmill.local/core/internal/plugins","Test":"TestPythonProtocolFaultTransport/negotiated-version-mismatch","Output":"--- PASS: TestPythonProtocolFaultTransport/negotiated-version-mismatch (0.03s)\n","OutputType":"frame"}
{"Time":"2026-09-08T08:38:25.839462278+03:00","Action":"pass","Package":"virmill.local/core/internal/plugins","Test":"TestPythonProtocolFaultTransport/negotiated-version-mismatch","Elapsed":0.03}
{"Time":"2026-09-08T08:38:25.839475714+03:00","Action":"run","Package":"virmill.local/core/internal/plugins","Test":"TestPythonProtocolFaultTransport/missing-protocol-version"}
{"Time":"2026-09-08T08:38:25.839478424+03:00","Action":"output","Package":"virmill.local/core/internal/plugins","Test":"TestPythonProtocolFaultTransport/missing-protocol-version","Output":"=== RUN   TestPythonProtocolFaultTransport/missing-protocol-version\n","OutputType":"frame"}
{"Time":"2026-09-08T08:38:25.868356068+03:00","Action":"output","Package":"virmill.local/core/internal/plugins","Test":"TestPythonProtocolFaultTransport/missing-protocol-version","Output":"--- PASS: TestPythonProtocolFaultTransport/missing-protocol-version (0.03s)\n","OutputType":"frame"}
{"Time":"2026-09-08T08:38:25.868377448+03:00","Action":"pass","Package":"virmill.local/core/internal/plugins","Test":"TestPythonProtocolFaultTransport/missing-protocol-version","Elapsed":0.03}
{"Time":"2026-09-08T08:38:25.868387641+03:00","Action":"run","Package":"virmill.local/core/internal/plugins","Test":"TestPythonProtocolFaultTransport/non-object-initialize-result"}
{"Time":"2026-09-08T08:38:25.868389125+03:00","Action":"output","Package":"virmill.local/core/internal/plugins","Test":"TestPythonProtocolFaultTransport/non-object-initialize-result","Output":"=== RUN   TestPythonProtocolFaultTransport/non-object-initialize-result\n","OutputType":"frame"}
{"Time":"2026-09-08T08:38:25.895783334+03:00","Action":"output","Package":"virmill.local/core/internal/plugins","Test":"TestPythonProtocolFaultTransport/non-object-initialize-result","Output":"--- PASS: TestPythonProtocolFaultTransport/non-object-initialize-result (0.03s)\n","OutputType":"frame"}
{"Time":"2026-09-08T08:38:25.895800554+03:00","Action":"pass","Package":"virmill.local/core/internal/plugins","Test":"TestPythonProtocolFaultTransport/non-object-initialize-result","Elapsed":0.03}
{"Time":"2026-09-08T08:38:25.89580657+03:00","Action":"run","Package":"virmill.local/core/internal/plugins","Test":"TestPythonProtocolFaultTransport/host-call-before-initialize"}
{"Time":"2026-09-08T08:38:25.8958083+03:00","Action":"output","Package":"virmill.local/core/internal/plugins","Test":"TestPythonProtocolFaultTransport/host-call-before-initialize","Output":"=== RUN   TestPythonProtocolFaultTransport/host-call-before-initialize\n","OutputType":"frame"}
{"Time":"2026-09-08T08:38:25.923724001+03:00","Action":"output","Package":"virmill.local/core/internal/plugins","Test":"TestPythonProtocolFaultTransport/host-call-before-initialize","Output":"--- PASS: TestPythonProtocolFaultTransport/host-call-before-initialize (0.03s)\n","OutputType":"frame"}
{"Time":"2026-09-08T08:38:25.9237386+03:00","Action":"pass","Package":"virmill.local/core/internal/plugins","Test":"TestPythonProtocolFaultTransport/host-call-before-initialize","Elapsed":0.03}
{"Time":"2026-09-08T08:38:25.923742219+03:00","Action":"run","Package":"virmill.local/core/internal/plugins","Test":"TestPythonProtocolFaultTransport/read-scope-is-not-mutation-authority"}
{"Time":"2026-09-08T08:38:25.923743546+03:00","Action":"output","Package":"virmill.local/core/internal/plugins","Test":"TestPythonProtocolFaultTransport/read-scope-is-not-mutation-authority","Output":"=== RUN   TestPythonProtocolFaultTransport/read-scope-is-not-mutation-authority\n","OutputType":"frame"}
{"Time":"2026-09-08T08:38:25.942956983+03:00","Action":"output","Package":"virmill.local/core/internal/plugins","Test":"TestPythonProtocolFaultTransport/read-scope-is-not-mutation-authority","Output":"--- PASS: TestPythonProtocolFaultTransport/read-scope-is-not-mutation-authority (0.02s)\n","OutputType":"frame"}
{"Time":"2026-09-08T08:38:25.942972343+03:00","Action":"pass","Package":"virmill.local/core/internal/plugins","Test":"TestPythonProtocolFaultTransport/read-scope-is-not-mutation-authority","Elapsed":0.02}
{"Time":"2026-09-08T08:38:25.942977783+03:00","Action":"run","Package":"virmill.local/core/internal/plugins","Test":"TestPythonProtocolFaultTransport/deadline-initialize"}
{"Time":"2026-09-08T08:38:25.942979627+03:00","Action":"output","Package":"virmill.local/core/internal/plugins","Test":"TestPythonProtocolFaultTransport/deadline-initialize","Output":"=== RUN   TestPythonProtocolFaultTransport/deadline-initialize\n","OutputType":"frame"}
{"Time":"2026-09-08T08:38:26.204156149+03:00","Action":"output","Package":"virmill.local/core/internal/plugins","Test":"TestPythonProtocolFaultTransport/deadline-initialize","Output":"--- PASS: TestPythonProtocolFaultTransport/deadline-initialize (0.26s)\n","OutputType":"frame"}
{"Time":"2026-09-08T08:38:26.204187893+03:00","Action":"pass","Package":"virmill.local/core/internal/plugins","Test":"TestPythonProtocolFaultTransport/deadline-initialize","Elapsed":0.26}
{"Time":"2026-09-08T08:38:26.204193742+03:00","Action":"run","Package":"virmill.local/core/internal/plugins","Test":"TestPythonProtocolFaultTransport/deadline-action.execute"}
{"Time":"2026-09-08T08:38:26.204195552+03:00","Action":"output","Package":"virmill.local/core/internal/plugins","Test":"TestPythonProtocolFaultTransport/deadline-action.execute","Output":"=== RUN   TestPythonProtocolFaultTransport/deadline-action.execute\n","OutputType":"frame"}
{"Time":"2026-09-08T08:38:26.483467669+03:00","Action":"output","Package":"virmill.local/core/internal/plugins","Test":"TestPythonProtocolFaultTransport/deadline-action.execute","Output":"--- PASS: TestPythonProtocolFaultTransport/deadline-action.execute (0.28s)\n","OutputType":"frame"}
{"Time":"2026-09-08T08:38:26.483499457+03:00","Action":"pass","Package":"virmill.local/core/internal/plugins","Test":"TestPythonProtocolFaultTransport/deadline-action.execute","Elapsed":0.28}
{"Time":"2026-09-08T08:38:26.483505114+03:00","Action":"run","Package":"virmill.local/core/internal/plugins","Test":"TestPythonProtocolFaultTransport/cancel-active-execution"}
{"Time":"2026-09-08T08:38:26.483506878+03:00","Action":"output","Package":"virmill.local/core/internal/plugins","Test":"TestPythonProtocolFaultTransport/cancel-active-execution","Output":"=== RUN   TestPythonProtocolFaultTransport/cancel-active-execution\n","OutputType":"frame"}
{"Time":"2026-09-08T08:38:26.521609969+03:00","Action":"output","Package":"virmill.local/core/internal/plugins","Test":"TestPythonProtocolFaultTransport/cancel-active-execution","Output":"--- PASS: TestPythonProtocolFaultTransport/cancel-active-execution (0.04s)\n","OutputType":"frame"}
{"Time":"2026-09-08T08:38:26.521637644+03:00","Action":"pass","Package":"virmill.local/core/internal/plugins","Test":"TestPythonProtocolFaultTransport/cancel-active-execution","Elapsed":0.04}
{"Time":"2026-09-08T08:38:26.521645865+03:00","Action":"run","Package":"virmill.local/core/internal/plugins","Test":"TestPythonProtocolFaultTransport/cancel-blocked-write"}
{"Time":"2026-09-08T08:38:26.521647574+03:00","Action":"output","Package":"virmill.local/core/internal/plugins","Test":"TestPythonProtocolFaultTransport/cancel-blocked-write","Output":"=== RUN   TestPythonProtocolFaultTransport/cancel-blocked-write\n","OutputType":"frame"}
{"Time":"2026-09-08T08:38:26.800434674+03:00","Action":"output","Package":"virmill.local/core/internal/plugins","Test":"TestPythonProtocolFaultTransport/cancel-blocked-write","Output":"--- PASS: TestPythonProtocolFaultTransport/cancel-blocked-write (0.28s)\n","OutputType":"frame"}
{"Time":"2026-09-08T08:38:26.800461235+03:00","Action":"pass","Package":"virmill.local/core/internal/plugins","Test":"TestPythonProtocolFaultTransport/cancel-blocked-write","Elapsed":0.28}
{"Time":"2026-09-08T08:38:26.80046815+03:00","Action":"run","Package":"virmill.local/core/internal/plugins","Test":"TestPythonProtocolFaultTransport/close-flooding-stdout"}
{"Time":"2026-09-08T08:38:26.80046969+03:00","Action":"output","Package":"virmill.local/core/internal/plugins","Test":"TestPythonProtocolFaultTransport/close-flooding-stdout","Output":"=== RUN   TestPythonProtocolFaultTransport/close-flooding-stdout\n","OutputType":"frame"}
{"Time":"2026-09-08T08:38:26.821620676+03:00","Action":"output","Package":"virmill.local/core/internal/plugins","Test":"TestPythonProtocolFaultTransport/close-flooding-stdout","Output":"--- PASS: TestPythonProtocolFaultTransport/close-flooding-stdout (0.02s)\n","OutputType":"frame"}
{"Time":"2026-09-08T08:38:26.821631395+03:00","Action":"pass","Package":"virmill.local/core/internal/plugins","Test":"TestPythonProtocolFaultTransport/close-flooding-stdout","Elapsed":0.02}
{"Time":"2026-09-08T08:38:26.821634919+03:00","Action":"output","Package":"virmill.local/core/internal/plugins","Test":"TestPythonProtocolFaultTransport","Output":"--- PASS: TestPythonProtocolFaultTransport (3.65s)\n","OutputType":"frame"}
{"Time":"2026-09-08T08:38:26.821647799+03:00","Action":"pass","Package":"virmill.local/core/internal/plugins","Test":"TestPythonProtocolFaultTransport","Elapsed":3.65}
{"Time":"2026-09-08T08:38:26.82166707+03:00","Action":"run","Package":"virmill.local/core/internal/plugins","Test":"TestPythonProtocolFaultConfined"}
{"Time":"2026-09-08T08:38:26.821668761+03:00","Action":"output","Package":"virmill.local/core/internal/plugins","Test":"TestPythonProtocolFaultConfined","Output":"=== RUN   TestPythonProtocolFaultConfined\n","OutputType":"frame"}
{"Time":"2026-09-08T08:38:26.829763151+03:00","Action":"run","Package":"virmill.local/core/internal/plugins","Test":"TestPythonProtocolFaultConfined/partial-exit"}
{"Time":"2026-09-08T08:38:26.829777791+03:00","Action":"output","Package":"virmill.local/core/internal/plugins","Test":"TestPythonProtocolFaultConfined/partial-exit","Output":"=== RUN   TestPythonProtocolFaultConfined/partial-exit\n","OutputType":"frame"}
{"Time":"2026-09-08T08:38:26.856723772+03:00","Action":"output","Package":"virmill.local/core/internal/plugins","Test":"TestPythonProtocolFaultConfined/partial-exit","Output":"    runner_faults_test.go:129: observable protocol rejection: plugin process/framing failure: unterminated frame\n"}
{"Time":"2026-09-08T08:38:26.856819994+03:00","Action":"output","Package":"virmill.local/core/internal/plugins","Test":"TestPythonProtocolFaultConfined/partial-exit","Output":"--- PASS: TestPythonProtocolFaultConfined/partial-exit (0.03s)\n","OutputType":"frame"}
{"Time":"2026-09-08T08:38:26.85683611+03:00","Action":"pass","Package":"virmill.local/core/internal/plugins","Test":"TestPythonProtocolFaultConfined/partial-exit","Elapsed":0.03}
{"Time":"2026-09-08T08:38:26.856853686+03:00","Action":"run","Package":"virmill.local/core/internal/plugins","Test":"TestPythonProtocolFaultConfined/unterminated-exit"}
{"Time":"2026-09-08T08:38:26.856855451+03:00","Action":"output","Package":"virmill.local/core/internal/plugins","Test":"TestPythonProtocolFaultConfined/unterminated-exit","Output":"=== RUN   TestPythonProtocolFaultConfined/unterminated-exit\n","OutputType":"frame"}
{"Time":"2026-09-08T08:38:26.88246083+03:00","Action":"output","Package":"virmill.local/core/internal/plugins","Test":"TestPythonProtocolFaultConfined/unterminated-exit","Output":"    runner_faults_test.go:129: observable protocol rejection: plugin process/framing failure: unterminated frame\n"}
{"Time":"2026-09-08T08:38:26.882736458+03:00","Action":"output","Package":"virmill.local/core/internal/plugins","Test":"TestPythonProtocolFaultConfined/unterminated-exit","Output":"--- PASS: TestPythonProtocolFaultConfined/unterminated-exit (0.03s)\n","OutputType":"frame"}
{"Time":"2026-09-08T08:38:26.882746632+03:00","Action":"pass","Package":"virmill.local/core/internal/plugins","Test":"TestPythonProtocolFaultConfined/unterminated-exit","Elapsed":0.03}
{"Time":"2026-09-08T08:38:26.882753384+03:00","Action":"run","Package":"virmill.local/core/internal/plugins","Test":"TestPythonProtocolFaultConfined/duplicate-key"}
{"Time":"2026-09-08T08:38:26.882754795+03:00","Action":"output","Package":"virmill.local/core/internal/plugins","Test":"TestPythonProtocolFaultConfined/duplicate-key","Output":"=== RUN   TestPythonProtocolFaultConfined/duplicate-key\n","OutputType":"frame"}
{"Time":"2026-09-08T08:38:26.905890711+03:00","Action":"output","Package":"virmill.local/core/internal/plugins","Test":"TestPythonProtocolFaultConfined/duplicate-key","Output":"    runner_faults_test.go:129: observable protocol rejection: duplicate JSON key \"result\"\n"}
{"Time":"2026-09-08T08:38:26.916807765+03:00","Action":"output","Package":"virmill.local/core/internal/plugins","Test":"TestPythonProtocolFaultConfined/duplicate-key","Output":"--- PASS: TestPythonProtocolFaultConfined/duplicate-key (0.03s)\n","OutputType":"frame"}
{"Time":"2026-09-08T08:38:26.916829649+03:00","Action":"pass","Package":"virmill.local/core/internal/plugins","Test":"TestPythonProtocolFaultConfined/duplicate-key","Elapsed":0.03}
{"Time":"2026-09-08T08:38:26.916834533+03:00","Action":"run","Package":"virmill.local/core/internal/plugins","Test":"TestPythonProtocolFaultConfined/oversized-line"}
{"Time":"2026-09-08T08:38:26.916836219+03:00","Action":"output","Package":"virmill.local/core/internal/plugins","Test":"TestPythonProtocolFaultConfined/oversized-line","Output":"=== RUN   TestPythonProtocolFaultConfined/oversized-line\n","OutputType":"frame"}
{"Time":"2026-09-08T08:38:29.184027658+03:00","Action":"output","Package":"virmill.local/core/internal/plugins","Test":"TestPythonProtocolFaultConfined/oversized-line","Output":"    runner_faults_test.go:129: observable protocol rejection: plugin process/framing failure: oversized frame\n"}
{"Time":"2026-09-08T08:38:29.194505378+03:00","Action":"output","Package":"virmill.local/core/internal/plugins","Test":"TestPythonProtocolFaultConfined/oversized-line","Output":"--- PASS: TestPythonProtocolFaultConfined/oversized-line (2.28s)\n","OutputType":"frame"}
{"Time":"2026-09-08T08:38:29.194524477+03:00","Action":"pass","Package":"virmill.local/core/internal/plugins","Test":"TestPythonProtocolFaultConfined/oversized-line","Elapsed":2.28}
{"Time":"2026-09-08T08:38:29.194538559+03:00","Action":"run","Package":"virmill.local/core/internal/plugins","Test":"TestPythonProtocolFaultConfined/wrong-id"}
{"Time":"2026-09-08T08:38:29.194541729+03:00","Action":"output","Package":"virmill.local/core/internal/plugins","Test":"TestPythonProtocolFaultConfined/wrong-id","Output":"=== RUN   TestPythonProtocolFaultConfined/wrong-id\n","OutputType":"frame"}
{"Time":"2026-09-08T08:38:29.218136051+03:00","Action":"output","Package":"virmill.local/core/internal/plugins","Test":"TestPythonProtocolFaultConfined/wrong-id","Output":"    runner_faults_test.go:129: observable protocol rejection: unsolicited or wrong plugin response ID\n"}
{"Time":"2026-09-08T08:38:29.228971693+03:00","Action":"output","Package":"virmill.local/core/internal/plugins","Test":"TestPythonProtocolFaultConfined/wrong-id","Output":"--- PASS: TestPythonProtocolFaultConfined/wrong-id (0.03s)\n","OutputType":"frame"}
{"Time":"2026-09-08T08:38:29.228986148+03:00","Action":"pass","Package":"virmill.local/core/internal/plugins","Test":"TestPythonProtocolFaultConfined/wrong-id","Elapsed":0.03}
{"Time":"2026-09-08T08:38:29.228992265+03:00","Action":"run","Package":"virmill.local/core/internal/plugins","Test":"TestPythonProtocolFaultConfined/invalid-utf8"}
{"Time":"2026-09-08T08:38:29.228993454+03:00","Action":"output","Package":"virmill.local/core/internal/plugins","Test":"TestPythonProtocolFaultConfined/invalid-utf8","Output":"=== RUN   TestPythonProtocolFaultConfined/invalid-utf8\n","OutputType":"frame"}
{"Time":"2026-09-08T08:38:29.253112469+03:00","Action":"output","Package":"virmill.local/core/internal/plugins","Test":"TestPythonProtocolFaultConfined/invalid-utf8","Output":"    runner_faults_test.go:129: observable protocol rejection: invalid UTF-8\n"}
{"Time":"2026-09-08T08:38:29.26398179+03:00","Action":"output","Package":"virmill.local/core/internal/plugins","Test":"TestPythonProtocolFaultConfined/invalid-utf8","Output":"--- PASS: TestPythonProtocolFaultConfined/invalid-utf8 (0.03s)\n","OutputType":"frame"}
{"Time":"2026-09-08T08:38:29.264001565+03:00","Action":"pass","Package":"virmill.local/core/internal/plugins","Test":"TestPythonProtocolFaultConfined/invalid-utf8","Elapsed":0.03}
{"Time":"2026-09-08T08:38:29.264006898+03:00","Action":"run","Package":"virmill.local/core/internal/plugins","Test":"TestPythonProtocolFaultConfined/stdout-log"}
{"Time":"2026-09-08T08:38:29.2640092+03:00","Action":"output","Package":"virmill.local/core/internal/plugins","Test":"TestPythonProtocolFaultConfined/stdout-log","Output":"=== RUN   TestPythonProtocolFaultConfined/stdout-log\n","OutputType":"frame"}
{"Time":"2026-09-08T08:38:29.286210492+03:00","Action":"output","Package":"virmill.local/core/internal/plugins","Test":"TestPythonProtocolFaultConfined/stdout-log","Output":"    runner_faults_test.go:129: observable protocol rejection: invalid character 'T' looking for beginning of value\n"}
{"Time":"2026-09-08T08:38:29.297071836+03:00","Action":"output","Package":"virmill.local/core/internal/plugins","Test":"TestPythonProtocolFaultConfined/stdout-log","Output":"--- PASS: TestPythonProtocolFaultConfined/stdout-log (0.03s)\n","OutputType":"frame"}
{"Time":"2026-09-08T08:38:29.297088208+03:00","Action":"pass","Package":"virmill.local/core/internal/plugins","Test":"TestPythonProtocolFaultConfined/stdout-log","Elapsed":0.03}
{"Time":"2026-09-08T08:38:29.297092841+03:00","Action":"run","Package":"virmill.local/core/internal/plugins","Test":"TestPythonProtocolFaultConfined/request-response-hybrid"}
{"Time":"2026-09-08T08:38:29.297098599+03:00","Action":"output","Package":"virmill.local/core/internal/plugins","Test":"TestPythonProtocolFaultConfined/request-response-hybrid","Output":"=== RUN   TestPythonProtocolFaultConfined/request-response-hybrid\n","OutputType":"frame"}
{"Time":"2026-09-08T08:38:29.321311977+03:00","Action":"output","Package":"virmill.local/core/internal/plugins","Test":"TestPythonProtocolFaultConfined/request-response-hybrid","Output":"    runner_faults_test.go:129: observable protocol rejection: plugin request/notification contains response fields\n"}
{"Time":"2026-09-08T08:38:29.331851894+03:00","Action":"output","Package":"virmill.local/core/internal/plugins","Test":"TestPythonProtocolFaultConfined/request-response-hybrid","Output":"--- PASS: TestPythonProtocolFaultConfined/request-response-hybrid (0.03s)\n","OutputType":"frame"}
{"Time":"2026-09-08T08:38:29.331868594+03:00","Action":"pass","Package":"virmill.local/core/internal/plugins","Test":"TestPythonProtocolFaultConfined/request-response-hybrid","Elapsed":0.03}
{"Time":"2026-09-08T08:38:29.331874194+03:00","Action":"run","Package":"virmill.local/core/internal/plugins","Test":"TestPythonProtocolFaultConfined/wrong-version"}
{"Time":"2026-09-08T08:38:29.331875764+03:00","Action":"output","Package":"virmill.local/core/internal/plugins","Test":"TestPythonProtocolFaultConfined/wrong-version","Output":"=== RUN   TestPythonProtocolFaultConfined/wrong-version\n","OutputType":"frame"}
{"Time":"2026-09-08T08:38:29.354756924+03:00","Action":"output","Package":"virmill.local/core/internal/plugins","Test":"TestPythonProtocolFaultConfined/wrong-version","Output":"    runner_faults_test.go:129: observable protocol rejection: wrong protocol envelope\n"}
{"Time":"2026-09-08T08:38:29.365570967+03:00","Action":"output","Package":"virmill.local/core/internal/plugins","Test":"TestPythonProtocolFaultConfined/wrong-version","Output":"--- PASS: TestPythonProtocolFaultConfined/wrong-version (0.03s)\n","OutputType":"frame"}
{"Time":"2026-09-08T08:38:29.365589252+03:00","Action":"pass","Package":"virmill.local/core/internal/plugins","Test":"TestPythonProtocolFaultConfined/wrong-version","Elapsed":0.03}
{"Time":"2026-09-08T08:38:29.36559385+03:00","Action":"run","Package":"virmill.local/core/internal/plugins","Test":"TestPythonProtocolFaultConfined/unknown-notification"}
{"Time":"2026-09-08T08:38:29.365595585+03:00","Action":"output","Package":"virmill.local/core/internal/plugins","Test":"TestPythonProtocolFaultConfined/unknown-notification","Output":"=== RUN   TestPythonProtocolFaultConfined/unknown-notification\n","OutputType":"frame"}
{"Time":"2026-09-08T08:38:29.389155002+03:00","Action":"output","Package":"virmill.local/core/internal/plugins","Test":"TestPythonProtocolFaultConfined/unknown-notification","Output":"    runner_faults_test.go:129: observable protocol rejection: unknown plugin notification\n"}
{"Time":"2026-09-08T08:38:29.4003567+03:00","Action":"output","Package":"virmill.local/core/internal/plugins","Test":"TestPythonProtocolFaultConfined/unknown-notification","Output":"--- PASS: TestPythonProtocolFaultConfined/unknown-notification (0.03s)\n","OutputType":"frame"}
{"Time":"2026-09-08T08:38:29.400383285+03:00","Action":"pass","Package":"virmill.local/core/internal/plugins","Test":"TestPythonProtocolFaultConfined/unknown-notification","Elapsed":0.03}
{"Time":"2026-09-08T08:38:29.400390845+03:00","Action":"run","Package":"virmill.local/core/internal/plugins","Test":"TestPythonProtocolFaultConfined/stderr-flood"}
{"Time":"2026-09-08T08:38:29.400393574+03:00","Action":"output","Package":"virmill.local/core/internal/plugins","Test":"TestPythonProtocolFaultConfined/stderr-flood","Output":"=== RUN   TestPythonProtocolFaultConfined/stderr-flood\n","OutputType":"frame"}
{"Time":"2026-09-08T08:38:29.425169642+03:00","Action":"output","Package":"virmill.local/core/internal/plugins","Test":"TestPythonProtocolFaultConfined/stderr-flood","Output":"    runner_faults_test.go:129: observable protocol rejection: duplicate JSON key \"result\"\n"}
{"Time":"2026-09-08T08:38:29.436245808+03:00","Action":"output","Package":"virmill.local/core/internal/plugins","Test":"TestPythonProtocolFaultConfined/stderr-flood","Output":"--- PASS: TestPythonProtocolFaultConfined/stderr-flood (0.04s)\n","OutputType":"frame"}
{"Time":"2026-09-08T08:38:29.43626626+03:00","Action":"pass","Package":"virmill.local/core/internal/plugins","Test":"TestPythonProtocolFaultConfined/stderr-flood","Elapsed":0.04}
{"Time":"2026-09-08T08:38:29.436272754+03:00","Action":"run","Package":"virmill.local/core/internal/plugins","Test":"TestPythonProtocolFaultConfined/negotiated-version-mismatch"}
{"Time":"2026-09-08T08:38:29.43627405+03:00","Action":"output","Package":"virmill.local/core/internal/plugins","Test":"TestPythonProtocolFaultConfined/negotiated-version-mismatch","Output":"=== RUN   TestPythonProtocolFaultConfined/negotiated-version-mismatch\n","OutputType":"frame"}
{"Time":"2026-09-08T08:38:29.470940715+03:00","Action":"output","Package":"virmill.local/core/internal/plugins","Test":"TestPythonProtocolFaultConfined/negotiated-version-mismatch","Output":"--- PASS: TestPythonProtocolFaultConfined/negotiated-version-mismatch (0.03s)\n","OutputType":"frame"}
{"Time":"2026-09-08T08:38:29.47096785+03:00","Action":"pass","Package":"virmill.local/core/internal/plugins","Test":"TestPythonProtocolFaultConfined/negotiated-version-mismatch","Elapsed":0.03}
{"Time":"2026-09-08T08:38:29.470975904+03:00","Action":"run","Package":"virmill.local/core/internal/plugins","Test":"TestPythonProtocolFaultConfined/missing-protocol-version"}
{"Time":"2026-09-08T08:38:29.470977866+03:00","Action":"output","Package":"virmill.local/core/internal/plugins","Test":"TestPythonProtocolFaultConfined/missing-protocol-version","Output":"=== RUN   TestPythonProtocolFaultConfined/missing-protocol-version\n","OutputType":"frame"}
{"Time":"2026-09-08T08:38:29.505618293+03:00","Action":"output","Package":"virmill.local/core/internal/plugins","Test":"TestPythonProtocolFaultConfined/missing-protocol-version","Output":"--- PASS: TestPythonProtocolFaultConfined/missing-protocol-version (0.03s)\n","OutputType":"frame"}
{"Time":"2026-09-08T08:38:29.505643203+03:00","Action":"pass","Package":"virmill.local/core/internal/plugins","Test":"TestPythonProtocolFaultConfined/missing-protocol-version","Elapsed":0.03}
{"Time":"2026-09-08T08:38:29.505649739+03:00","Action":"run","Package":"virmill.local/core/internal/plugins","Test":"TestPythonProtocolFaultConfined/non-object-initialize-result"}
{"Time":"2026-09-08T08:38:29.505651271+03:00","Action":"output","Package":"virmill.local/core/internal/plugins","Test":"TestPythonProtocolFaultConfined/non-object-initialize-result","Output":"=== RUN   TestPythonProtocolFaultConfined/non-object-initialize-result\n","OutputType":"frame"}
{"Time":"2026-09-08T08:38:29.538754661+03:00","Action":"output","Package":"virmill.local/core/internal/plugins","Test":"TestPythonProtocolFaultConfined/non-object-initialize-result","Output":"--- PASS: TestPythonProtocolFaultConfined/non-object-initialize-result (0.03s)\n","OutputType":"frame"}
{"Time":"2026-09-08T08:38:29.53877828+03:00","Action":"pass","Package":"virmill.local/core/internal/plugins","Test":"TestPythonProtocolFaultConfined/non-object-initialize-result","Elapsed":0.03}
{"Time":"2026-09-08T08:38:29.538784553+03:00","Action":"run","Package":"virmill.local/core/internal/plugins","Test":"TestPythonProtocolFaultConfined/host-call-before-initialize"}
{"Time":"2026-09-08T08:38:29.538786273+03:00","Action":"output","Package":"virmill.local/core/internal/plugins","Test":"TestPythonProtocolFaultConfined/host-call-before-initialize","Output":"=== RUN   TestPythonProtocolFaultConfined/host-call-before-initialize\n","OutputType":"frame"}
{"Time":"2026-09-08T08:38:29.572393955+03:00","Action":"output","Package":"virmill.local/core/internal/plugins","Test":"TestPythonProtocolFaultConfined/host-call-before-initialize","Output":"--- PASS: TestPythonProtocolFaultConfined/host-call-before-initialize (0.03s)\n","OutputType":"frame"}
{"Time":"2026-09-08T08:38:29.572420577+03:00","Action":"pass","Package":"virmill.local/core/internal/plugins","Test":"TestPythonProtocolFaultConfined/host-call-before-initialize","Elapsed":0.03}
{"Time":"2026-09-08T08:38:29.572429403+03:00","Action":"run","Package":"virmill.local/core/internal/plugins","Test":"TestPythonProtocolFaultConfined/read-scope-is-not-mutation-authority"}
{"Time":"2026-09-08T08:38:29.572431418+03:00","Action":"output","Package":"virmill.local/core/internal/plugins","Test":"TestPythonProtocolFaultConfined/read-scope-is-not-mutation-authority","Output":"=== RUN   TestPythonProtocolFaultConfined/read-scope-is-not-mutation-authority\n","OutputType":"frame"}
{"Time":"2026-09-08T08:38:29.597330025+03:00","Action":"output","Package":"virmill.local/core/internal/plugins","Test":"TestPythonProtocolFaultConfined/read-scope-is-not-mutation-authority","Output":"--- PASS: TestPythonProtocolFaultConfined/read-scope-is-not-mutation-authority (0.02s)\n","OutputType":"frame"}
{"Time":"2026-09-08T08:38:29.597356632+03:00","Action":"pass","Package":"virmill.local/core/internal/plugins","Test":"TestPythonProtocolFaultConfined/read-scope-is-not-mutation-authority","Elapsed":0.02}
{"Time":"2026-09-08T08:38:29.597364526+03:00","Action":"run","Package":"virmill.local/core/internal/plugins","Test":"TestPythonProtocolFaultConfined/deadline-initialize"}
{"Time":"2026-09-08T08:38:29.597370801+03:00","Action":"output","Package":"virmill.local/core/internal/plugins","Test":"TestPythonProtocolFaultConfined/deadline-initialize","Output":"=== RUN   TestPythonProtocolFaultConfined/deadline-initialize\n","OutputType":"frame"}
{"Time":"2026-09-08T08:38:29.860204396+03:00","Action":"output","Package":"virmill.local/core/internal/plugins","Test":"TestPythonProtocolFaultConfined/deadline-initialize","Output":"--- PASS: TestPythonProtocolFaultConfined/deadline-initialize (0.26s)\n","OutputType":"frame"}
{"Time":"2026-09-08T08:38:29.860232201+03:00","Action":"pass","Package":"virmill.local/core/internal/plugins","Test":"TestPythonProtocolFaultConfined/deadline-initialize","Elapsed":0.26}
{"Time":"2026-09-08T08:38:29.860238372+03:00","Action":"run","Package":"virmill.local/core/internal/plugins","Test":"TestPythonProtocolFaultConfined/deadline-action.execute"}
{"Time":"2026-09-08T08:38:29.860240806+03:00","Action":"output","Package":"virmill.local/core/internal/plugins","Test":"TestPythonProtocolFaultConfined/deadline-action.execute","Output":"=== RUN   TestPythonProtocolFaultConfined/deadline-action.execute\n","OutputType":"frame"}
{"Time":"2026-09-08T08:38:30.149480889+03:00","Action":"output","Package":"virmill.local/core/internal/plugins","Test":"TestPythonProtocolFaultConfined/deadline-action.execute","Output":"--- PASS: TestPythonProtocolFaultConfined/deadline-action.execute (0.29s)\n","OutputType":"frame"}
{"Time":"2026-09-08T08:38:30.149511662+03:00","Action":"pass","Package":"virmill.local/core/internal/plugins","Test":"TestPythonProtocolFaultConfined/deadline-action.execute","Elapsed":0.29}
{"Time":"2026-09-08T08:38:30.149517713+03:00","Action":"run","Package":"virmill.local/core/internal/plugins","Test":"TestPythonProtocolFaultConfined/cancel-active-execution"}
{"Time":"2026-09-08T08:38:30.149519502+03:00","Action":"output","Package":"virmill.local/core/internal/plugins","Test":"TestPythonProtocolFaultConfined/cancel-active-execution","Output":"=== RUN   TestPythonProtocolFaultConfined/cancel-active-execution\n","OutputType":"frame"}
{"Time":"2026-09-08T08:38:30.193789271+03:00","Action":"output","Package":"virmill.local/core/internal/plugins","Test":"TestPythonProtocolFaultConfined/cancel-active-execution","Output":"--- PASS: TestPythonProtocolFaultConfined/cancel-active-execution (0.04s)\n","OutputType":"frame"}
{"Time":"2026-09-08T08:38:30.193820148+03:00","Action":"pass","Package":"virmill.local/core/internal/plugins","Test":"TestPythonProtocolFaultConfined/cancel-active-execution","Elapsed":0.04}
{"Time":"2026-09-08T08:38:30.193828999+03:00","Action":"run","Package":"virmill.local/core/internal/plugins","Test":"TestPythonProtocolFaultConfined/cancel-blocked-write"}
{"Time":"2026-09-08T08:38:30.193832274+03:00","Action":"output","Package":"virmill.local/core/internal/plugins","Test":"TestPythonProtocolFaultConfined/cancel-blocked-write","Output":"=== RUN   TestPythonProtocolFaultConfined/cancel-blocked-write\n","OutputType":"frame"}
{"Time":"2026-09-08T08:38:30.478361786+03:00","Action":"output","Package":"virmill.local/core/internal/plugins","Test":"TestPythonProtocolFaultConfined/cancel-blocked-write","Output":"--- PASS: TestPythonProtocolFaultConfined/cancel-blocked-write (0.28s)\n","OutputType":"frame"}
{"Time":"2026-09-08T08:38:30.47839227+03:00","Action":"pass","Package":"virmill.local/core/internal/plugins","Test":"TestPythonProtocolFaultConfined/cancel-blocked-write","Elapsed":0.28}
{"Time":"2026-09-08T08:38:30.478400415+03:00","Action":"run","Package":"virmill.local/core/internal/plugins","Test":"TestPythonProtocolFaultConfined/close-flooding-stdout"}
{"Time":"2026-09-08T08:38:30.47840649+03:00","Action":"output","Package":"virmill.local/core/internal/plugins","Test":"TestPythonProtocolFaultConfined/close-flooding-stdout","Output":"=== RUN   TestPythonProtocolFaultConfined/close-flooding-stdout\n","OutputType":"frame"}
{"Time":"2026-09-08T08:38:30.500746694+03:00","Action":"output","Package":"virmill.local/core/internal/plugins","Test":"TestPythonProtocolFaultConfined/close-flooding-stdout","Output":"--- PASS: TestPythonProtocolFaultConfined/close-flooding-stdout (0.02s)\n","OutputType":"frame"}
{"Time":"2026-09-08T08:38:30.500765807+03:00","Action":"pass","Package":"virmill.local/core/internal/plugins","Test":"TestPythonProtocolFaultConfined/close-flooding-stdout","Elapsed":0.02}
{"Time":"2026-09-08T08:38:30.50083286+03:00","Action":"output","Package":"virmill.local/core/internal/plugins","Test":"TestPythonProtocolFaultConfined","Output":"--- PASS: TestPythonProtocolFaultConfined (3.68s)\n","OutputType":"frame"}
{"Time":"2026-09-08T08:38:30.500848948+03:00","Action":"pass","Package":"virmill.local/core/internal/plugins","Test":"TestPythonProtocolFaultConfined","Elapsed":3.68}
{"Time":"2026-09-08T08:38:30.500865756+03:00","Action":"run","Package":"virmill.local/core/internal/plugins","Test":"TestPythonProtocolSandboxBoundaries"}
{"Time":"2026-09-08T08:38:30.500868235+03:00","Action":"output","Package":"virmill.local/core/internal/plugins","Test":"TestPythonProtocolSandboxBoundaries","Output":"=== RUN   TestPythonProtocolSandboxBoundaries\n","OutputType":"frame"}
{"Time":"2026-09-08T08:38:30.529548095+03:00","Action":"output","Package":"virmill.local/core/internal/plugins","Test":"TestPythonProtocolSandboxBoundaries","Output":"    runner_faults_test.go:358: real confined Python worker: undeclared generated host file unavailable; AF_INET and AF_UNIX creation denied; no host connection or VM operation attempted\n"}
{"Time":"2026-09-08T08:38:30.530640917+03:00","Action":"output","Package":"virmill.local/core/internal/plugins","Test":"TestPythonProtocolSandboxBoundaries","Output":"--- PASS: TestPythonProtocolSandboxBoundaries (0.03s)\n","OutputType":"frame"}
{"Time":"2026-09-08T08:38:30.530647847+03:00","Action":"pass","Package":"virmill.local/core/internal/plugins","Test":"TestPythonProtocolSandboxBoundaries","Elapsed":0.03}
{"Time":"2026-09-08T08:38:30.530667208+03:00","Action":"run","Package":"virmill.local/core/internal/plugins","Test":"TestTwoLanguageConfinedConformance"}
{"Time":"2026-09-08T08:38:30.530669043+03:00","Action":"output","Package":"virmill.local/core/internal/plugins","Test":"TestTwoLanguageConfinedConformance","Output":"=== RUN   TestTwoLanguageConfinedConformance\n","OutputType":"frame"}
{"Time":"2026-09-08T08:38:30.54989194+03:00","Action":"output","Package":"virmill.local/core/internal/plugins","Test":"TestTwoLanguageConfinedConformance","Output":"    runner_test.go:30: example.virmill.sdk-summary: [initialize identity and protocol describe unknown method rejected read-only plan and execute stale context rejected shutdown]\n"}
{"Time":"2026-09-08T08:38:30.575901952+03:00","Action":"output","Package":"virmill.local/core/internal/plugins","Test":"TestTwoLanguageConfinedConformance","Output":"    runner_test.go:30: example.virmill.python-summary: [initialize identity and protocol describe unknown method rejected read-only plan and execute stale context rejected shutdown]\n"}
{"Time":"2026-09-08T08:38:30.575988684+03:00","Action":"output","Package":"virmill.local/core/internal/plugins","Test":"TestTwoLanguageConfinedConformance","Output":"--- PASS: TestTwoLanguageConfinedConformance (0.05s)\n","OutputType":"frame"}
{"Time":"2026-09-08T08:38:30.575993286+03:00","Action":"pass","Package":"virmill.local/core/internal/plugins","Test":"TestTwoLanguageConfinedConformance","Elapsed":0.05}
{"Time":"2026-09-08T08:38:30.576011784+03:00","Action":"run","Package":"virmill.local/core/internal/plugins","Test":"TestProviderCrashReconcileFixture"}
{"Time":"2026-09-08T08:38:30.576014026+03:00","Action":"output","Package":"virmill.local/core/internal/plugins","Test":"TestProviderCrashReconcileFixture","Output":"=== RUN   TestProviderCrashReconcileFixture\n","OutputType":"frame"}
{"Time":"2026-09-08T08:38:30.595882198+03:00","Action":"output","Package":"virmill.local/core/internal/plugins","Test":"TestProviderCrashReconcileFixture","Output":"    runner_test.go:82: simulated provider persisted partial fake effect, recovered after process restart, deduplicated and rejected backup; no actual VM or remote host\n"}
{"Time":"2026-09-08T08:38:30.596423735+03:00","Action":"output","Package":"virmill.local/core/internal/plugins","Test":"TestProviderCrashReconcileFixture","Output":"--- PASS: TestProviderCrashReconcileFixture (0.02s)\n","OutputType":"frame"}
{"Time":"2026-09-08T08:38:30.596444424+03:00","Action":"pass","Package":"virmill.local/core/internal/plugins","Test":"TestProviderCrashReconcileFixture","Elapsed":0.02}
{"Time":"2026-09-08T08:38:30.596453959+03:00","Action":"run","Package":"virmill.local/core/internal/plugins","Test":"TestWorkspaceManifestRefusesNonregularAndOversizedInputsBeforeExecution"}
{"Time":"2026-09-08T08:38:30.59645748+03:00","Action":"output","Package":"virmill.local/core/internal/plugins","Test":"TestWorkspaceManifestRefusesNonregularAndOversizedInputsBeforeExecution","Output":"=== RUN   TestWorkspaceManifestRefusesNonregularAndOversizedInputsBeforeExecution\n","OutputType":"frame"}
{"Time":"2026-09-08T08:38:30.596490293+03:00","Action":"run","Package":"virmill.local/core/internal/plugins","Test":"TestWorkspaceManifestRefusesNonregularAndOversizedInputsBeforeExecution/symlink"}
{"Time":"2026-09-08T08:38:30.596501719+03:00","Action":"output","Package":"virmill.local/core/internal/plugins","Test":"TestWorkspaceManifestRefusesNonregularAndOversizedInputsBeforeExecution/symlink","Output":"=== RUN   TestWorkspaceManifestRefusesNonregularAndOversizedInputsBeforeExecution/symlink\n","OutputType":"frame"}
{"Time":"2026-09-08T08:38:30.596894322+03:00","Action":"output","Package":"virmill.local/core/internal/plugins","Test":"TestWorkspaceManifestRefusesNonregularAndOversizedInputsBeforeExecution/symlink","Output":"--- PASS: TestWorkspaceManifestRefusesNonregularAndOversizedInputsBeforeExecution/symlink (0.00s)\n","OutputType":"frame"}
{"Time":"2026-09-08T08:38:30.596909889+03:00","Action":"pass","Package":"virmill.local/core/internal/plugins","Test":"TestWorkspaceManifestRefusesNonregularAndOversizedInputsBeforeExecution/symlink","Elapsed":0}
{"Time":"2026-09-08T08:38:30.596913624+03:00","Action":"run","Package":"virmill.local/core/internal/plugins","Test":"TestWorkspaceManifestRefusesNonregularAndOversizedInputsBeforeExecution/directory"}
{"Time":"2026-09-08T08:38:30.596915135+03:00","Action":"output","Package":"virmill.local/core/internal/plugins","Test":"TestWorkspaceManifestRefusesNonregularAndOversizedInputsBeforeExecution/directory","Output":"=== RUN   TestWorkspaceManifestRefusesNonregularAndOversizedInputsBeforeExecution/directory\n","OutputType":"frame"}
{"Time":"2026-09-08T08:38:30.597134148+03:00","Action":"output","Package":"virmill.local/core/internal/plugins","Test":"TestWorkspaceManifestRefusesNonregularAndOversizedInputsBeforeExecution/directory","Output":"--- PASS: TestWorkspaceManifestRefusesNonregularAndOversizedInputsBeforeExecution/directory (0.00s)\n","OutputType":"frame"}
{"Time":"2026-09-08T08:38:30.597145575+03:00","Action":"pass","Package":"virmill.local/core/internal/plugins","Test":"TestWorkspaceManifestRefusesNonregularAndOversizedInputsBeforeExecution/directory","Elapsed":0}
{"Time":"2026-09-08T08:38:30.597158429+03:00","Action":"run","Package":"virmill.local/core/internal/plugins","Test":"TestWorkspaceManifestRefusesNonregularAndOversizedInputsBeforeExecution/fifo"}
{"Time":"2026-09-08T08:38:30.597160582+03:00","Action":"output","Package":"virmill.local/core/internal/plugins","Test":"TestWorkspaceManifestRefusesNonregularAndOversizedInputsBeforeExecution/fifo","Output":"=== RUN   TestWorkspaceManifestRefusesNonregularAndOversizedInputsBeforeExecution/fifo\n","OutputType":"frame"}
{"Time":"2026-09-08T08:38:30.59745525+03:00","Action":"output","Package":"virmill.local/core/internal/plugins","Test":"TestWorkspaceManifestRefusesNonregularAndOversizedInputsBeforeExecution/fifo","Output":"--- PASS: TestWorkspaceManifestRefusesNonregularAndOversizedInputsBeforeExecution/fifo (0.00s)\n","OutputType":"frame"}
{"Time":"2026-09-08T08:38:30.597467724+03:00","Action":"pass","Package":"virmill.local/core/internal/plugins","Test":"TestWorkspaceManifestRefusesNonregularAndOversizedInputsBeforeExecution/fifo","Elapsed":0}
{"Time":"2026-09-08T08:38:30.597484734+03:00","Action":"run","Package":"virmill.local/core/internal/plugins","Test":"TestWorkspaceManifestRefusesNonregularAndOversizedInputsBeforeExecution/oversized"}
{"Time":"2026-09-08T08:38:30.597486066+03:00","Action":"output","Package":"virmill.local/core/internal/plugins","Test":"TestWorkspaceManifestRefusesNonregularAndOversizedInputsBeforeExecution/oversized","Output":"=== RUN   TestWorkspaceManifestRefusesNonregularAndOversizedInputsBeforeExecution/oversized\n","OutputType":"frame"}
{"Time":"2026-09-08T08:38:30.601718653+03:00","Action":"output","Package":"virmill.local/core/internal/plugins","Test":"TestWorkspaceManifestRefusesNonregularAndOversizedInputsBeforeExecution/oversized","Output":"--- PASS: TestWorkspaceManifestRefusesNonregularAndOversizedInputsBeforeExecution/oversized (0.00s)\n","OutputType":"frame"}
{"Time":"2026-09-08T08:38:30.601728045+03:00","Action":"pass","Package":"virmill.local/core/internal/plugins","Test":"TestWorkspaceManifestRefusesNonregularAndOversizedInputsBeforeExecution/oversized","Elapsed":0}
{"Time":"2026-09-08T08:38:30.601748956+03:00","Action":"output","Package":"virmill.local/core/internal/plugins","Test":"TestWorkspaceManifestRefusesNonregularAndOversizedInputsBeforeExecution","Output":"--- PASS: TestWorkspaceManifestRefusesNonregularAndOversizedInputsBeforeExecution (0.01s)\n","OutputType":"frame"}
{"Time":"2026-09-08T08:38:30.601758286+03:00","Action":"pass","Package":"virmill.local/core/internal/plugins","Test":"TestWorkspaceManifestRefusesNonregularAndOversizedInputsBeforeExecution","Elapsed":0.01}
{"Time":"2026-09-08T08:38:30.601773137+03:00","Action":"run","Package":"virmill.local/core/internal/plugins","Test":"TestCanceledWorkspaceTestDoesNotReadInput"}
{"Time":"2026-09-08T08:38:30.601779993+03:00","Action":"output","Package":"virmill.local/core/internal/plugins","Test":"TestCanceledWorkspaceTestDoesNotReadInput","Output":"=== RUN   TestCanceledWorkspaceTestDoesNotReadInput\n","OutputType":"frame"}
{"Time":"2026-09-08T08:38:30.601869184+03:00","Action":"output","Package":"virmill.local/core/internal/plugins","Test":"TestCanceledWorkspaceTestDoesNotReadInput","Output":"--- PASS: TestCanceledWorkspaceTestDoesNotReadInput (0.00s)\n","OutputType":"frame"}
{"Time":"2026-09-08T08:38:30.601872286+03:00","Action":"pass","Package":"virmill.local/core/internal/plugins","Test":"TestCanceledWorkspaceTestDoesNotReadInput","Elapsed":0}
{"Time":"2026-09-08T08:38:30.601891903+03:00","Action":"output","Package":"virmill.local/core/internal/plugins","Output":"PASS\n","OutputType":"frame"}
{"Time":"2026-09-08T08:38:31.61799778+03:00","Action":"output","Package":"virmill.local/core/internal/plugins","Output":"ok  \tvirmill.local/core/internal/plugins\t11.457s\n"}
{"Time":"2026-09-08T08:38:31.636626861+03:00","Action":"pass","Package":"virmill.local/core/internal/plugins","Elapsed":11.475}
