{"Time":"2026-09-08T09:31:42.457209161+03:00","Action":"start","Package":"virmill.local/core/internal/backend/networkxml"}
{"Time":"2026-09-08T09:31:42.465590513+03:00","Action":"run","Package":"virmill.local/core/internal/backend/networkxml","Test":"TestMatchKnownLibvirtNormalization"}
{"Time":"2026-09-08T09:31:42.465643554+03:00","Action":"output","Package":"virmill.local/core/internal/backend/networkxml","Test":"TestMatchKnownLibvirtNormalization","Output":"=== RUN   TestMatchKnownLibvirtNormalization\n","OutputType":"frame"}
{"Time":"2026-09-08T09:31:42.466039072+03:00","Action":"run","Package":"virmill.local/core/internal/backend/networkxml","Test":"TestMatchKnownLibvirtNormalization/comments_and_quotes"}
{"Time":"2026-09-08T09:31:42.466042889+03:00","Action":"output","Package":"virmill.local/core/internal/backend/networkxml","Test":"TestMatchKnownLibvirtNormalization/comments_and_quotes","Output":"=== RUN   TestMatchKnownLibvirtNormalization/comments_and_quotes\n","OutputType":"frame"}
{"Time":"2026-09-08T09:31:42.466747818+03:00","Action":"output","Package":"virmill.local/core/internal/backend/networkxml","Test":"TestMatchKnownLibvirtNormalization/comments_and_quotes","Output":"--- PASS: TestMatchKnownLibvirtNormalization/comments_and_quotes (0.00s)\n","OutputType":"frame"}
{"Time":"2026-09-08T09:31:42.466762647+03:00","Action":"pass","Package":"virmill.local/core/internal/backend/networkxml","Test":"TestMatchKnownLibvirtNormalization/comments_and_quotes","Elapsed":0}
{"Time":"2026-09-08T09:31:42.466777662+03:00","Action":"run","Package":"virmill.local/core/internal/backend/networkxml","Test":"TestMatchKnownLibvirtNormalization/explicit_IPv6_no_omitted"}
{"Time":"2026-09-08T09:31:42.466780006+03:00","Action":"output","Package":"virmill.local/core/internal/backend/networkxml","Test":"TestMatchKnownLibvirtNormalization/explicit_IPv6_no_omitted","Output":"=== RUN   TestMatchKnownLibvirtNormalization/explicit_IPv6_no_omitted\n","OutputType":"frame"}
{"Time":"2026-09-08T09:31:42.467270811+03:00","Action":"output","Package":"virmill.local/core/internal/backend/networkxml","Test":"TestMatchKnownLibvirtNormalization/explicit_IPv6_no_omitted","Output":"--- PASS: TestMatchKnownLibvirtNormalization/explicit_IPv6_no_omitted (0.00s)\n","OutputType":"frame"}
{"Time":"2026-09-08T09:31:42.467280654+03:00","Action":"pass","Package":"virmill.local/core/internal/backend/networkxml","Test":"TestMatchKnownLibvirtNormalization/explicit_IPv6_no_omitted","Elapsed":0}
{"Time":"2026-09-08T09:31:42.467298983+03:00","Action":"run","Package":"virmill.local/core/internal/backend/networkxml","Test":"TestMatchKnownLibvirtNormalization/bridge_defaults_omitted"}
{"Time":"2026-09-08T09:31:42.467301641+03:00","Action":"output","Package":"virmill.local/core/internal/backend/networkxml","Test":"TestMatchKnownLibvirtNormalization/bridge_defaults_omitted","Output":"=== RUN   TestMatchKnownLibvirtNormalization/bridge_defaults_omitted\n","OutputType":"frame"}
{"Time":"2026-09-08T09:31:42.467793187+03:00","Action":"output","Package":"virmill.local/core/internal/backend/networkxml","Test":"TestMatchKnownLibvirtNormalization/bridge_defaults_omitted","Output":"--- PASS: TestMatchKnownLibvirtNormalization/bridge_defaults_omitted (0.00s)\n","OutputType":"frame"}
{"Time":"2026-09-08T09:31:42.467799418+03:00","Action":"pass","Package":"virmill.local/core/internal/backend/networkxml","Test":"TestMatchKnownLibvirtNormalization/bridge_defaults_omitted","Elapsed":0}
{"Time":"2026-09-08T09:31:42.467816694+03:00","Action":"run","Package":"virmill.local/core/internal/backend/networkxml","Test":"TestMatchKnownLibvirtNormalization/kernel_MAC_table_default"}
{"Time":"2026-09-08T09:31:42.467819015+03:00","Action":"output","Package":"virmill.local/core/internal/backend/networkxml","Test":"TestMatchKnownLibvirtNormalization/kernel_MAC_table_default","Output":"=== RUN   TestMatchKnownLibvirtNormalization/kernel_MAC_table_default\n","OutputType":"frame"}
{"Time":"2026-09-08T09:31:42.46831151+03:00","Action":"output","Package":"virmill.local/core/internal/backend/networkxml","Test":"TestMatchKnownLibvirtNormalization/kernel_MAC_table_default","Output":"--- PASS: TestMatchKnownLibvirtNormalization/kernel_MAC_table_default (0.00s)\n","OutputType":"frame"}
{"Time":"2026-09-08T09:31:42.468330962+03:00","Action":"pass","Package":"virmill.local/core/internal/backend/networkxml","Test":"TestMatchKnownLibvirtNormalization/kernel_MAC_table_default","Elapsed":0}
{"Time":"2026-09-08T09:31:42.46834484+03:00","Action":"run","Package":"virmill.local/core/internal/backend/networkxml","Test":"TestMatchKnownLibvirtNormalization/IPv4_family_omitted"}
{"Time":"2026-09-08T09:31:42.468347201+03:00","Action":"output","Package":"virmill.local/core/internal/backend/networkxml","Test":"TestMatchKnownLibvirtNormalization/IPv4_family_omitted","Output":"=== RUN   TestMatchKnownLibvirtNormalization/IPv4_family_omitted\n","OutputType":"frame"}
{"Time":"2026-09-08T09:31:42.468809174+03:00","Action":"output","Package":"virmill.local/core/internal/backend/networkxml","Test":"TestMatchKnownLibvirtNormalization/IPv4_family_omitted","Output":"--- PASS: TestMatchKnownLibvirtNormalization/IPv4_family_omitted (0.00s)\n","OutputType":"frame"}
{"Time":"2026-09-08T09:31:42.468821452+03:00","Action":"pass","Package":"virmill.local/core/internal/backend/networkxml","Test":"TestMatchKnownLibvirtNormalization/IPv4_family_omitted","Elapsed":0}
{"Time":"2026-09-08T09:31:42.468835556+03:00","Action":"run","Package":"virmill.local/core/internal/backend/networkxml","Test":"TestMatchKnownLibvirtNormalization/equivalent_netmask"}
{"Time":"2026-09-08T09:31:42.468837621+03:00","Action":"output","Package":"virmill.local/core/internal/backend/networkxml","Test":"TestMatchKnownLibvirtNormalization/equivalent_netmask","Output":"=== RUN   TestMatchKnownLibvirtNormalization/equivalent_netmask\n","OutputType":"frame"}
{"Time":"2026-09-08T09:31:42.469309988+03:00","Action":"output","Package":"virmill.local/core/internal/backend/networkxml","Test":"TestMatchKnownLibvirtNormalization/equivalent_netmask","Output":"--- PASS: TestMatchKnownLibvirtNormalization/equivalent_netmask (0.00s)\n","OutputType":"frame"}
{"Time":"2026-09-08T09:31:42.469321828+03:00","Action":"pass","Package":"virmill.local/core/internal/backend/networkxml","Test":"TestMatchKnownLibvirtNormalization/equivalent_netmask","Elapsed":0}
{"Time":"2026-09-08T09:31:42.469347052+03:00","Action":"run","Package":"virmill.local/core/internal/backend/networkxml","Test":"TestMatchKnownLibvirtNormalization/platform_MAC"}
{"Time":"2026-09-08T09:31:42.469349421+03:00","Action":"output","Package":"virmill.local/core/internal/backend/networkxml","Test":"TestMatchKnownLibvirtNormalization/platform_MAC","Output":"=== RUN   TestMatchKnownLibvirtNormalization/platform_MAC\n","OutputType":"frame"}
{"Time":"2026-09-08T09:31:42.469847975+03:00","Action":"output","Package":"virmill.local/core/internal/backend/networkxml","Test":"TestMatchKnownLibvirtNormalization/platform_MAC","Output":"--- PASS: TestMatchKnownLibvirtNormalization/platform_MAC (0.00s)\n","OutputType":"frame"}
{"Time":"2026-09-08T09:31:42.46985867+03:00","Action":"pass","Package":"virmill.local/core/internal/backend/networkxml","Test":"TestMatchKnownLibvirtNormalization/platform_MAC","Elapsed":0}
{"Time":"2026-09-08T09:31:42.469871761+03:00","Action":"run","Package":"virmill.local/core/internal/backend/networkxml","Test":"TestMatchKnownLibvirtNormalization/zero_live_counter"}
{"Time":"2026-09-08T09:31:42.469873883+03:00","Action":"output","Package":"virmill.local/core/internal/backend/networkxml","Test":"TestMatchKnownLibvirtNormalization/zero_live_counter","Output":"=== RUN   TestMatchKnownLibvirtNormalization/zero_live_counter\n","OutputType":"frame"}
{"Time":"2026-09-08T09:31:42.470361752+03:00","Action":"output","Package":"virmill.local/core/internal/backend/networkxml","Test":"TestMatchKnownLibvirtNormalization/zero_live_counter","Output":"--- PASS: TestMatchKnownLibvirtNormalization/zero_live_counter (0.00s)\n","OutputType":"frame"}
{"Time":"2026-09-08T09:31:42.470373282+03:00","Action":"pass","Package":"virmill.local/core/internal/backend/networkxml","Test":"TestMatchKnownLibvirtNormalization/zero_live_counter","Elapsed":0}
{"Time":"2026-09-08T09:31:42.470387181+03:00","Action":"run","Package":"virmill.local/core/internal/backend/networkxml","Test":"TestMatchKnownLibvirtNormalization/namespace_prefix"}
{"Time":"2026-09-08T09:31:42.470389565+03:00","Action":"output","Package":"virmill.local/core/internal/backend/networkxml","Test":"TestMatchKnownLibvirtNormalization/namespace_prefix","Output":"=== RUN   TestMatchKnownLibvirtNormalization/namespace_prefix\n","OutputType":"frame"}
{"Time":"2026-09-08T09:31:42.470871101+03:00","Action":"output","Package":"virmill.local/core/internal/backend/networkxml","Test":"TestMatchKnownLibvirtNormalization/namespace_prefix","Output":"--- PASS: TestMatchKnownLibvirtNormalization/namespace_prefix (0.00s)\n","OutputType":"frame"}
{"Time":"2026-09-08T09:31:42.470876941+03:00","Action":"pass","Package":"virmill.local/core/internal/backend/networkxml","Test":"TestMatchKnownLibvirtNormalization/namespace_prefix","Elapsed":0}
{"Time":"2026-09-08T09:31:42.470897323+03:00","Action":"run","Package":"virmill.local/core/internal/backend/networkxml","Test":"TestMatchKnownLibvirtNormalization/default_forward_mode"}
{"Time":"2026-09-08T09:31:42.470899429+03:00","Action":"output","Package":"virmill.local/core/internal/backend/networkxml","Test":"TestMatchKnownLibvirtNormalization/default_forward_mode","Output":"=== RUN   TestMatchKnownLibvirtNormalization/default_forward_mode\n","OutputType":"frame"}
{"Time":"2026-09-08T09:31:42.471293562+03:00","Action":"output","Package":"virmill.local/core/internal/backend/networkxml","Test":"TestMatchKnownLibvirtNormalization/default_forward_mode","Output":"--- PASS: TestMatchKnownLibvirtNormalization/default_forward_mode (0.00s)\n","OutputType":"frame"}
{"Time":"2026-09-08T09:31:42.471302224+03:00","Action":"pass","Package":"virmill.local/core/internal/backend/networkxml","Test":"TestMatchKnownLibvirtNormalization/default_forward_mode","Elapsed":0}
{"Time":"2026-09-08T09:31:42.471316299+03:00","Action":"run","Package":"virmill.local/core/internal/backend/networkxml","Test":"TestMatchKnownLibvirtNormalization/native_MAC"}
{"Time":"2026-09-08T09:31:42.471321284+03:00","Action":"output","Package":"virmill.local/core/internal/backend/networkxml","Test":"TestMatchKnownLibvirtNormalization/native_MAC","Output":"=== RUN   TestMatchKnownLibvirtNormalization/native_MAC\n","OutputType":"frame"}
{"Time":"2026-09-08T09:31:42.471707022+03:00","Action":"output","Package":"virmill.local/core/internal/backend/networkxml","Test":"TestMatchKnownLibvirtNormalization/native_MAC","Output":"--- PASS: TestMatchKnownLibvirtNormalization/native_MAC (0.00s)\n","OutputType":"frame"}
{"Time":"2026-09-08T09:31:42.471716277+03:00","Action":"pass","Package":"virmill.local/core/internal/backend/networkxml","Test":"TestMatchKnownLibvirtNormalization/native_MAC","Elapsed":0}
{"Time":"2026-09-08T09:31:42.471731277+03:00","Action":"run","Package":"virmill.local/core/internal/backend/networkxml","Test":"TestMatchKnownLibvirtNormalization/upper_MAC"}
{"Time":"2026-09-08T09:31:42.471733303+03:00","Action":"output","Package":"virmill.local/core/internal/backend/networkxml","Test":"TestMatchKnownLibvirtNormalization/upper_MAC","Output":"=== RUN   TestMatchKnownLibvirtNormalization/upper_MAC\n","OutputType":"frame"}
{"Time":"2026-09-08T09:31:42.472119208+03:00","Action":"output","Package":"virmill.local/core/internal/backend/networkxml","Test":"TestMatchKnownLibvirtNormalization/upper_MAC","Output":"--- PASS: TestMatchKnownLibvirtNormalization/upper_MAC (0.00s)\n","OutputType":"frame"}
{"Time":"2026-09-08T09:31:42.472127749+03:00","Action":"pass","Package":"virmill.local/core/internal/backend/networkxml","Test":"TestMatchKnownLibvirtNormalization/upper_MAC","Elapsed":0}
{"Time":"2026-09-08T09:31:42.472143813+03:00","Action":"run","Package":"virmill.local/core/internal/backend/networkxml","Test":"TestMatchKnownLibvirtNormalization/live_counter"}
{"Time":"2026-09-08T09:31:42.472146162+03:00","Action":"output","Package":"virmill.local/core/internal/backend/networkxml","Test":"TestMatchKnownLibvirtNormalization/live_counter","Output":"=== RUN   TestMatchKnownLibvirtNormalization/live_counter\n","OutputType":"frame"}
{"Time":"2026-09-08T09:31:42.472547334+03:00","Action":"output","Package":"virmill.local/core/internal/backend/networkxml","Test":"TestMatchKnownLibvirtNormalization/live_counter","Output":"--- PASS: TestMatchKnownLibvirtNormalization/live_counter (0.00s)\n","OutputType":"frame"}
{"Time":"2026-09-08T09:31:42.472556346+03:00","Action":"pass","Package":"virmill.local/core/internal/backend/networkxml","Test":"TestMatchKnownLibvirtNormalization/live_counter","Elapsed":0}
{"Time":"2026-09-08T09:31:42.47309713+03:00","Action":"output","Package":"virmill.local/core/internal/backend/networkxml","Test":"TestMatchKnownLibvirtNormalization","Output":"--- PASS: TestMatchKnownLibvirtNormalization (0.01s)\n","OutputType":"frame"}
{"Time":"2026-09-08T09:31:42.473110863+03:00","Action":"pass","Package":"virmill.local/core/internal/backend/networkxml","Test":"TestMatchKnownLibvirtNormalization","Elapsed":0.01}
{"Time":"2026-09-08T09:31:42.473125875+03:00","Action":"run","Package":"virmill.local/core/internal/backend/networkxml","Test":"TestMatchRejectsPolicyAndExtensionDrift"}
{"Time":"2026-09-08T09:31:42.473128025+03:00","Action":"output","Package":"virmill.local/core/internal/backend/networkxml","Test":"TestMatchRejectsPolicyAndExtensionDrift","Output":"=== RUN   TestMatchRejectsPolicyAndExtensionDrift\n","OutputType":"frame"}
{"Time":"2026-09-08T09:31:42.473374799+03:00","Action":"run","Package":"virmill.local/core/internal/backend/networkxml","Test":"TestMatchRejectsPolicyAndExtensionDrift/name"}
{"Time":"2026-09-08T09:31:42.473376918+03:00","Action":"output","Package":"virmill.local/core/internal/backend/networkxml","Test":"TestMatchRejectsPolicyAndExtensionDrift/name","Output":"=== RUN   TestMatchRejectsPolicyAndExtensionDrift/name\n","OutputType":"frame"}
{"Time":"2026-09-08T09:31:42.473784203+03:00","Action":"output","Package":"virmill.local/core/internal/backend/networkxml","Test":"TestMatchRejectsPolicyAndExtensionDrift/name","Output":"--- PASS: TestMatchRejectsPolicyAndExtensionDrift/name (0.00s)\n","OutputType":"frame"}
{"Time":"2026-09-08T09:31:42.473794413+03:00","Action":"pass","Package":"virmill.local/core/internal/backend/networkxml","Test":"TestMatchRejectsPolicyAndExtensionDrift/name","Elapsed":0}
{"Time":"2026-09-08T09:31:42.473809052+03:00","Action":"run","Package":"virmill.local/core/internal/backend/networkxml","Test":"TestMatchRejectsPolicyAndExtensionDrift/zone_drift"}
{"Time":"2026-09-08T09:31:42.473810834+03:00","Action":"output","Package":"virmill.local/core/internal/backend/networkxml","Test":"TestMatchRejectsPolicyAndExtensionDrift/zone_drift","Output":"=== RUN   TestMatchRejectsPolicyAndExtensionDrift/zone_drift\n","OutputType":"frame"}
{"Time":"2026-09-08T09:31:42.474210412+03:00","Action":"output","Package":"virmill.local/core/internal/backend/networkxml","Test":"TestMatchRejectsPolicyAndExtensionDrift/zone_drift","Output":"--- PASS: TestMatchRejectsPolicyAndExtensionDrift/zone_drift (0.00s)\n","OutputType":"frame"}
{"Time":"2026-09-08T09:31:42.474221635+03:00","Action":"pass","Package":"virmill.local/core/internal/backend/networkxml","Test":"TestMatchRejectsPolicyAndExtensionDrift/zone_drift","Elapsed":0}
{"Time":"2026-09-08T09:31:42.474234901+03:00","Action":"run","Package":"virmill.local/core/internal/backend/networkxml","Test":"TestMatchRejectsPolicyAndExtensionDrift/dnsmasq_gateway_override"}
{"Time":"2026-09-08T09:31:42.474237155+03:00","Action":"output","Package":"virmill.local/core/internal/backend/networkxml","Test":"TestMatchRejectsPolicyAndExtensionDrift/dnsmasq_gateway_override","Output":"=== RUN   TestMatchRejectsPolicyAndExtensionDrift/dnsmasq_gateway_override\n","OutputType":"frame"}
{"Time":"2026-09-08T09:31:42.474636979+03:00","Action":"output","Package":"virmill.local/core/internal/backend/networkxml","Test":"TestMatchRejectsPolicyAndExtensionDrift/dnsmasq_gateway_override","Output":"--- PASS: TestMatchRejectsPolicyAndExtensionDrift/dnsmasq_gateway_override (0.00s)\n","OutputType":"frame"}
{"Time":"2026-09-08T09:31:42.474641698+03:00","Action":"pass","Package":"virmill.local/core/internal/backend/networkxml","Test":"TestMatchRejectsPolicyAndExtensionDrift/dnsmasq_gateway_override","Elapsed":0}
{"Time":"2026-09-08T09:31:42.474653533+03:00","Action":"run","Package":"virmill.local/core/internal/backend/networkxml","Test":"TestMatchRejectsPolicyAndExtensionDrift/port_isolation"}
{"Time":"2026-09-08T09:31:42.474656925+03:00","Action":"output","Package":"virmill.local/core/internal/backend/networkxml","Test":"TestMatchRejectsPolicyAndExtensionDrift/port_isolation","Output":"=== RUN   TestMatchRejectsPolicyAndExtensionDrift/port_isolation\n","OutputType":"frame"}
{"Time":"2026-09-08T09:31:42.475135469+03:00","Action":"output","Package":"virmill.local/core/internal/backend/networkxml","Test":"TestMatchRejectsPolicyAndExtensionDrift/port_isolation","Output":"--- PASS: TestMatchRejectsPolicyAndExtensionDrift/port_isolation (0.00s)\n","OutputType":"frame"}
{"Time":"2026-09-08T09:31:42.475149295+03:00","Action":"pass","Package":"virmill.local/core/internal/backend/networkxml","Test":"TestMatchRejectsPolicyAndExtensionDrift/port_isolation","Elapsed":0}
{"Time":"2026-09-08T09:31:42.47515294+03:00","Action":"run","Package":"virmill.local/core/internal/backend/networkxml","Test":"TestMatchRejectsPolicyAndExtensionDrift/foreign_bridge"}
{"Time":"2026-09-08T09:31:42.475155781+03:00","Action":"output","Package":"virmill.local/core/internal/backend/networkxml","Test":"TestMatchRejectsPolicyAndExtensionDrift/foreign_bridge","Output":"=== RUN   TestMatchRejectsPolicyAndExtensionDrift/foreign_bridge\n","OutputType":"frame"}
{"Time":"2026-09-08T09:31:42.475925319+03:00","Action":"output","Package":"virmill.local/core/internal/backend/networkxml","Test":"TestMatchRejectsPolicyAndExtensionDrift/foreign_bridge","Output":"--- PASS: TestMatchRejectsPolicyAndExtensionDrift/foreign_bridge (0.00s)\n","OutputType":"frame"}
{"Time":"2026-09-08T09:31:42.475930206+03:00","Action":"pass","Package":"virmill.local/core/internal/backend/networkxml","Test":"TestMatchRejectsPolicyAndExtensionDrift/foreign_bridge","Elapsed":0}
{"Time":"2026-09-08T09:31:42.475944325+03:00","Action":"run","Package":"virmill.local/core/internal/backend/networkxml","Test":"TestMatchRejectsPolicyAndExtensionDrift/TFTP"}
{"Time":"2026-09-08T09:31:42.475946808+03:00","Action":"output","Package":"virmill.local/core/internal/backend/networkxml","Test":"TestMatchRejectsPolicyAndExtensionDrift/TFTP","Output":"=== RUN   TestMatchRejectsPolicyAndExtensionDrift/TFTP\n","OutputType":"frame"}
{"Time":"2026-09-08T09:31:42.476421711+03:00","Action":"output","Package":"virmill.local/core/internal/backend/networkxml","Test":"TestMatchRejectsPolicyAndExtensionDrift/TFTP","Output":"--- PASS: TestMatchRejectsPolicyAndExtensionDrift/TFTP (0.00s)\n","OutputType":"frame"}
{"Time":"2026-09-08T09:31:42.476430654+03:00","Action":"pass","Package":"virmill.local/core/internal/backend/networkxml","Test":"TestMatchRejectsPolicyAndExtensionDrift/TFTP","Elapsed":0}
{"Time":"2026-09-08T09:31:42.476433449+03:00","Action":"run","Package":"virmill.local/core/internal/backend/networkxml","Test":"TestMatchRejectsPolicyAndExtensionDrift/VLAN"}
{"Time":"2026-09-08T09:31:42.476435601+03:00","Action":"output","Package":"virmill.local/core/internal/backend/networkxml","Test":"TestMatchRejectsPolicyAndExtensionDrift/VLAN","Output":"=== RUN   TestMatchRejectsPolicyAndExtensionDrift/VLAN\n","OutputType":"frame"}
{"Time":"2026-09-08T09:31:42.476907373+03:00","Action":"output","Package":"virmill.local/core/internal/backend/networkxml","Test":"TestMatchRejectsPolicyAndExtensionDrift/VLAN","Output":"--- PASS: TestMatchRejectsPolicyAndExtensionDrift/VLAN (0.00s)\n","OutputType":"frame"}
{"Time":"2026-09-08T09:31:42.476912448+03:00","Action":"pass","Package":"virmill.local/core/internal/backend/networkxml","Test":"TestMatchRejectsPolicyAndExtensionDrift/VLAN","Elapsed":0}
{"Time":"2026-09-08T09:31:42.476937391+03:00","Action":"run","Package":"virmill.local/core/internal/backend/networkxml","Test":"TestMatchRejectsPolicyAndExtensionDrift/IPv6_guest_communication"}
{"Time":"2026-09-08T09:31:42.476941167+03:00","Action":"output","Package":"virmill.local/core/internal/backend/networkxml","Test":"TestMatchRejectsPolicyAndExtensionDrift/IPv6_guest_communication","Output":"=== RUN   TestMatchRejectsPolicyAndExtensionDrift/IPv6_guest_communication\n","OutputType":"frame"}
{"Time":"2026-09-08T09:31:42.477360283+03:00","Action":"output","Package":"virmill.local/core/internal/backend/networkxml","Test":"TestMatchRejectsPolicyAndExtensionDrift/IPv6_guest_communication","Output":"--- PASS: TestMatchRejectsPolicyAndExtensionDrift/IPv6_guest_communication (0.00s)\n","OutputType":"frame"}
{"Time":"2026-09-08T09:31:42.477365195+03:00","Action":"pass","Package":"virmill.local/core/internal/backend/networkxml","Test":"TestMatchRejectsPolicyAndExtensionDrift/IPv6_guest_communication","Elapsed":0}
{"Time":"2026-09-08T09:31:42.477379471+03:00","Action":"run","Package":"virmill.local/core/internal/backend/networkxml","Test":"TestMatchRejectsPolicyAndExtensionDrift/forward_interface"}
{"Time":"2026-09-08T09:31:42.477381208+03:00","Action":"output","Package":"virmill.local/core/internal/backend/networkxml","Test":"TestMatchRejectsPolicyAndExtensionDrift/forward_interface","Output":"=== RUN   TestMatchRejectsPolicyAndExtensionDrift/forward_interface\n","OutputType":"frame"}
{"Time":"2026-09-08T09:31:42.477802455+03:00","Action":"output","Package":"virmill.local/core/internal/backend/networkxml","Test":"TestMatchRejectsPolicyAndExtensionDrift/forward_interface","Output":"--- PASS: TestMatchRejectsPolicyAndExtensionDrift/forward_interface (0.00s)\n","OutputType":"frame"}
{"Time":"2026-09-08T09:31:42.477817293+03:00","Action":"pass","Package":"virmill.local/core/internal/backend/networkxml","Test":"TestMatchRejectsPolicyAndExtensionDrift/forward_interface","Elapsed":0}
{"Time":"2026-09-08T09:31:42.477827854+03:00","Action":"run","Package":"virmill.local/core/internal/backend/networkxml","Test":"TestMatchRejectsPolicyAndExtensionDrift/prefix"}
{"Time":"2026-09-08T09:31:42.477831004+03:00","Action":"output","Package":"virmill.local/core/internal/backend/networkxml","Test":"TestMatchRejectsPolicyAndExtensionDrift/prefix","Output":"=== RUN   TestMatchRejectsPolicyAndExtensionDrift/prefix\n","OutputType":"frame"}
{"Time":"2026-09-08T09:31:42.47827329+03:00","Action":"output","Package":"virmill.local/core/internal/backend/networkxml","Test":"TestMatchRejectsPolicyAndExtensionDrift/prefix","Output":"--- PASS: TestMatchRejectsPolicyAndExtensionDrift/prefix (0.00s)\n","OutputType":"frame"}
{"Time":"2026-09-08T09:31:42.47827836+03:00","Action":"pass","Package":"virmill.local/core/internal/backend/networkxml","Test":"TestMatchRejectsPolicyAndExtensionDrift/prefix","Elapsed":0}
{"Time":"2026-09-08T09:31:42.478292718+03:00","Action":"run","Package":"virmill.local/core/internal/backend/networkxml","Test":"TestMatchRejectsPolicyAndExtensionDrift/bridge_delay"}
{"Time":"2026-09-08T09:31:42.478294934+03:00","Action":"output","Package":"virmill.local/core/internal/backend/networkxml","Test":"TestMatchRejectsPolicyAndExtensionDrift/bridge_delay","Output":"=== RUN   TestMatchRejectsPolicyAndExtensionDrift/bridge_delay\n","OutputType":"frame"}
{"Time":"2026-09-08T09:31:42.4787417+03:00","Action":"output","Package":"virmill.local/core/internal/backend/networkxml","Test":"TestMatchRejectsPolicyAndExtensionDrift/bridge_delay","Output":"--- PASS: TestMatchRejectsPolicyAndExtensionDrift/bridge_delay (0.00s)\n","OutputType":"frame"}
{"Time":"2026-09-08T09:31:42.478745822+03:00","Action":"pass","Package":"virmill.local/core/internal/backend/networkxml","Test":"TestMatchRejectsPolicyAndExtensionDrift/bridge_delay","Elapsed":0}
{"Time":"2026-09-08T09:31:42.478758181+03:00","Action":"run","Package":"virmill.local/core/internal/backend/networkxml","Test":"TestMatchRejectsPolicyAndExtensionDrift/open"}
{"Time":"2026-09-08T09:31:42.47876041+03:00","Action":"output","Package":"virmill.local/core/internal/backend/networkxml","Test":"TestMatchRejectsPolicyAndExtensionDrift/open","Output":"=== RUN   TestMatchRejectsPolicyAndExtensionDrift/open\n","OutputType":"frame"}
{"Time":"2026-09-08T09:31:42.479190274+03:00","Action":"output","Package":"virmill.local/core/internal/backend/networkxml","Test":"TestMatchRejectsPolicyAndExtensionDrift/open","Output":"--- PASS: TestMatchRejectsPolicyAndExtensionDrift/open (0.00s)\n","OutputType":"frame"}
{"Time":"2026-09-08T09:31:42.479200972+03:00","Action":"pass","Package":"virmill.local/core/internal/backend/networkxml","Test":"TestMatchRejectsPolicyAndExtensionDrift/open","Elapsed":0}
{"Time":"2026-09-08T09:31:42.479212606+03:00","Action":"run","Package":"virmill.local/core/internal/backend/networkxml","Test":"TestMatchRejectsPolicyAndExtensionDrift/two_masks"}
{"Time":"2026-09-08T09:31:42.479214692+03:00","Action":"output","Package":"virmill.local/core/internal/backend/networkxml","Test":"TestMatchRejectsPolicyAndExtensionDrift/two_masks","Output":"=== RUN   TestMatchRejectsPolicyAndExtensionDrift/two_masks\n","OutputType":"frame"}
{"Time":"2026-09-08T09:31:42.479640614+03:00","Action":"output","Package":"virmill.local/core/internal/backend/networkxml","Test":"TestMatchRejectsPolicyAndExtensionDrift/two_masks","Output":"--- PASS: TestMatchRejectsPolicyAndExtensionDrift/two_masks (0.00s)\n","OutputType":"frame"}
{"Time":"2026-09-08T09:31:42.479644134+03:00","Action":"pass","Package":"virmill.local/core/internal/backend/networkxml","Test":"TestMatchRejectsPolicyAndExtensionDrift/two_masks","Elapsed":0}
{"Time":"2026-09-08T09:31:42.47966261+03:00","Action":"run","Package":"virmill.local/core/internal/backend/networkxml","Test":"TestMatchRejectsPolicyAndExtensionDrift/malformed_mask"}
{"Time":"2026-09-08T09:31:42.479664793+03:00","Action":"output","Package":"virmill.local/core/internal/backend/networkxml","Test":"TestMatchRejectsPolicyAndExtensionDrift/malformed_mask","Output":"=== RUN   TestMatchRejectsPolicyAndExtensionDrift/malformed_mask\n","OutputType":"frame"}
{"Time":"2026-09-08T09:31:42.480085814+03:00","Action":"output","Package":"virmill.local/core/internal/backend/networkxml","Test":"TestMatchRejectsPolicyAndExtensionDrift/malformed_mask","Output":"--- PASS: TestMatchRejectsPolicyAndExtensionDrift/malformed_mask (0.00s)\n","OutputType":"frame"}
{"Time":"2026-09-08T09:31:42.480089494+03:00","Action":"pass","Package":"virmill.local/core/internal/backend/networkxml","Test":"TestMatchRejectsPolicyAndExtensionDrift/malformed_mask","Elapsed":0}
{"Time":"2026-09-08T09:31:42.480105269+03:00","Action":"run","Package":"virmill.local/core/internal/backend/networkxml","Test":"TestMatchRejectsPolicyAndExtensionDrift/DHCP_end"}
{"Time":"2026-09-08T09:31:42.480107661+03:00","Action":"output","Package":"virmill.local/core/internal/backend/networkxml","Test":"TestMatchRejectsPolicyAndExtensionDrift/DHCP_end","Output":"=== RUN   TestMatchRejectsPolicyAndExtensionDrift/DHCP_end\n","OutputType":"frame"}
{"Time":"2026-09-08T09:31:42.480610568+03:00","Action":"output","Package":"virmill.local/core/internal/backend/networkxml","Test":"TestMatchRejectsPolicyAndExtensionDrift/DHCP_end","Output":"--- PASS: TestMatchRejectsPolicyAndExtensionDrift/DHCP_end (0.00s)\n","OutputType":"frame"}
{"Time":"2026-09-08T09:31:42.480621936+03:00","Action":"pass","Package":"virmill.local/core/internal/backend/networkxml","Test":"TestMatchRejectsPolicyAndExtensionDrift/DHCP_end","Elapsed":0}
{"Time":"2026-09-08T09:31:42.48063973+03:00","Action":"run","Package":"virmill.local/core/internal/backend/networkxml","Test":"TestMatchRejectsPolicyAndExtensionDrift/DHCP_extra_range"}
{"Time":"2026-09-08T09:31:42.480642049+03:00","Action":"output","Package":"virmill.local/core/internal/backend/networkxml","Test":"TestMatchRejectsPolicyAndExtensionDrift/DHCP_extra_range","Output":"=== RUN   TestMatchRejectsPolicyAndExtensionDrift/DHCP_extra_range\n","OutputType":"frame"}
{"Time":"2026-09-08T09:31:42.481057127+03:00","Action":"output","Package":"virmill.local/core/internal/backend/networkxml","Test":"TestMatchRejectsPolicyAndExtensionDrift/DHCP_extra_range","Output":"--- PASS: TestMatchRejectsPolicyAndExtensionDrift/DHCP_extra_range (0.00s)\n","OutputType":"frame"}
{"Time":"2026-09-08T09:31:42.48106808+03:00","Action":"pass","Package":"virmill.local/core/internal/backend/networkxml","Test":"TestMatchRejectsPolicyAndExtensionDrift/DHCP_extra_range","Elapsed":0}
{"Time":"2026-09-08T09:31:42.481081915+03:00","Action":"run","Package":"virmill.local/core/internal/backend/networkxml","Test":"TestMatchRejectsPolicyAndExtensionDrift/lease"}
{"Time":"2026-09-08T09:31:42.481084202+03:00","Action":"output","Package":"virmill.local/core/internal/backend/networkxml","Test":"TestMatchRejectsPolicyAndExtensionDrift/lease","Output":"=== RUN   TestMatchRejectsPolicyAndExtensionDrift/lease\n","OutputType":"frame"}
{"Time":"2026-09-08T09:31:42.481517206+03:00","Action":"output","Package":"virmill.local/core/internal/backend/networkxml","Test":"TestMatchRejectsPolicyAndExtensionDrift/lease","Output":"--- PASS: TestMatchRejectsPolicyAndExtensionDrift/lease (0.00s)\n","OutputType":"frame"}
{"Time":"2026-09-08T09:31:42.481525618+03:00","Action":"pass","Package":"virmill.local/core/internal/backend/networkxml","Test":"TestMatchRejectsPolicyAndExtensionDrift/lease","Elapsed":0}
{"Time":"2026-09-08T09:31:42.481537854+03:00","Action":"run","Package":"virmill.local/core/internal/backend/networkxml","Test":"TestMatchRejectsPolicyAndExtensionDrift/missing_NAT_port"}
{"Time":"2026-09-08T09:31:42.481540625+03:00","Action":"output","Package":"virmill.local/core/internal/backend/networkxml","Test":"TestMatchRejectsPolicyAndExtensionDrift/missing_NAT_port","Output":"=== RUN   TestMatchRejectsPolicyAndExtensionDrift/missing_NAT_port\n","OutputType":"frame"}
{"Time":"2026-09-08T09:31:42.481972494+03:00","Action":"output","Package":"virmill.local/core/internal/backend/networkxml","Test":"TestMatchRejectsPolicyAndExtensionDrift/missing_NAT_port","Output":"--- PASS: TestMatchRejectsPolicyAndExtensionDrift/missing_NAT_port (0.00s)\n","OutputType":"frame"}
{"Time":"2026-09-08T09:31:42.481983083+03:00","Action":"pass","Package":"virmill.local/core/internal/backend/networkxml","Test":"TestMatchRejectsPolicyAndExtensionDrift/missing_NAT_port","Elapsed":0}
{"Time":"2026-09-08T09:31:42.481997998+03:00","Action":"run","Package":"virmill.local/core/internal/backend/networkxml","Test":"TestMatchRejectsPolicyAndExtensionDrift/DNS_forwarder"}
{"Time":"2026-09-08T09:31:42.482000397+03:00","Action":"output","Package":"virmill.local/core/internal/backend/networkxml","Test":"TestMatchRejectsPolicyAndExtensionDrift/DNS_forwarder","Output":"=== RUN   TestMatchRejectsPolicyAndExtensionDrift/DNS_forwarder\n","OutputType":"frame"}
{"Time":"2026-09-08T09:31:42.4824194+03:00","Action":"output","Package":"virmill.local/core/internal/backend/networkxml","Test":"TestMatchRejectsPolicyAndExtensionDrift/DNS_forwarder","Output":"--- PASS: TestMatchRejectsPolicyAndExtensionDrift/DNS_forwarder (0.00s)\n","OutputType":"frame"}
{"Time":"2026-09-08T09:31:42.482423761+03:00","Action":"pass","Package":"virmill.local/core/internal/backend/networkxml","Test":"TestMatchRejectsPolicyAndExtensionDrift/DNS_forwarder","Elapsed":0}
{"Time":"2026-09-08T09:31:42.48243699+03:00","Action":"run","Package":"virmill.local/core/internal/backend/networkxml","Test":"TestMatchRejectsPolicyAndExtensionDrift/intent"}
{"Time":"2026-09-08T09:31:42.482439478+03:00","Action":"output","Package":"virmill.local/core/internal/backend/networkxml","Test":"TestMatchRejectsPolicyAndExtensionDrift/intent","Output":"=== RUN   TestMatchRejectsPolicyAndExtensionDrift/intent\n","OutputType":"frame"}
{"Time":"2026-09-08T09:31:42.482832727+03:00","Action":"output","Package":"virmill.local/core/internal/backend/networkxml","Test":"TestMatchRejectsPolicyAndExtensionDrift/intent","Output":"--- PASS: TestMatchRejectsPolicyAndExtensionDrift/intent (0.00s)\n","OutputType":"frame"}
{"Time":"2026-09-08T09:31:42.482836491+03:00","Action":"pass","Package":"virmill.local/core/internal/backend/networkxml","Test":"TestMatchRejectsPolicyAndExtensionDrift/intent","Elapsed":0}
{"Time":"2026-09-08T09:31:42.482879398+03:00","Action":"run","Package":"virmill.local/core/internal/backend/networkxml","Test":"TestMatchRejectsPolicyAndExtensionDrift/marker_attr"}
{"Time":"2026-09-08T09:31:42.482881629+03:00","Action":"output","Package":"virmill.local/core/internal/backend/networkxml","Test":"TestMatchRejectsPolicyAndExtensionDrift/marker_attr","Output":"=== RUN   TestMatchRejectsPolicyAndExtensionDrift/marker_attr\n","OutputType":"frame"}
{"Time":"2026-09-08T09:31:42.483269889+03:00","Action":"output","Package":"virmill.local/core/internal/backend/networkxml","Test":"TestMatchRejectsPolicyAndExtensionDrift/marker_attr","Output":"--- PASS: TestMatchRejectsPolicyAndExtensionDrift/marker_attr (0.00s)\n","OutputType":"frame"}
{"Time":"2026-09-08T09:31:42.483275878+03:00","Action":"pass","Package":"virmill.local/core/internal/backend/networkxml","Test":"TestMatchRejectsPolicyAndExtensionDrift/marker_attr","Elapsed":0}
{"Time":"2026-09-08T09:31:42.483289825+03:00","Action":"run","Package":"virmill.local/core/internal/backend/networkxml","Test":"TestMatchRejectsPolicyAndExtensionDrift/root_text"}
{"Time":"2026-09-08T09:31:42.483293186+03:00","Action":"output","Package":"virmill.local/core/internal/backend/networkxml","Test":"TestMatchRejectsPolicyAndExtensionDrift/root_text","Output":"=== RUN   TestMatchRejectsPolicyAndExtensionDrift/root_text\n","OutputType":"frame"}
{"Time":"2026-09-08T09:31:42.483686558+03:00","Action":"output","Package":"virmill.local/core/internal/backend/networkxml","Test":"TestMatchRejectsPolicyAndExtensionDrift/root_text","Output":"--- PASS: TestMatchRejectsPolicyAndExtensionDrift/root_text (0.00s)\n","OutputType":"frame"}
{"Time":"2026-09-08T09:31:42.483690687+03:00","Action":"pass","Package":"virmill.local/core/internal/backend/networkxml","Test":"TestMatchRejectsPolicyAndExtensionDrift/root_text","Elapsed":0}
{"Time":"2026-09-08T09:31:42.483701884+03:00","Action":"run","Package":"virmill.local/core/internal/backend/networkxml","Test":"TestMatchRejectsPolicyAndExtensionDrift/name_whitespace"}
{"Time":"2026-09-08T09:31:42.483704524+03:00","Action":"output","Package":"virmill.local/core/internal/backend/networkxml","Test":"TestMatchRejectsPolicyAndExtensionDrift/name_whitespace","Output":"=== RUN   TestMatchRejectsPolicyAndExtensionDrift/name_whitespace\n","OutputType":"frame"}
{"Time":"2026-09-08T09:31:42.484082375+03:00","Action":"output","Package":"virmill.local/core/internal/backend/networkxml","Test":"TestMatchRejectsPolicyAndExtensionDrift/name_whitespace","Output":"--- PASS: TestMatchRejectsPolicyAndExtensionDrift/name_whitespace (0.00s)\n","OutputType":"frame"}
{"Time":"2026-09-08T09:31:42.484090551+03:00","Action":"pass","Package":"virmill.local/core/internal/backend/networkxml","Test":"TestMatchRejectsPolicyAndExtensionDrift/name_whitespace","Elapsed":0}
{"Time":"2026-09-08T09:31:42.484111111+03:00","Action":"run","Package":"virmill.local/core/internal/backend/networkxml","Test":"TestMatchRejectsPolicyAndExtensionDrift/missing_bridge_zone"}
{"Time":"2026-09-08T09:31:42.484113209+03:00","Action":"output","Package":"virmill.local/core/internal/backend/networkxml","Test":"TestMatchRejectsPolicyAndExtensionDrift/missing_bridge_zone","Output":"=== RUN   TestMatchRejectsPolicyAndExtensionDrift/missing_bridge_zone\n","OutputType":"frame"}
{"Time":"2026-09-08T09:31:42.484496432+03:00","Action":"output","Package":"virmill.local/core/internal/backend/networkxml","Test":"TestMatchRejectsPolicyAndExtensionDrift/missing_bridge_zone","Output":"--- PASS: TestMatchRejectsPolicyAndExtensionDrift/missing_bridge_zone (0.00s)\n","OutputType":"frame"}
{"Time":"2026-09-08T09:31:42.484503061+03:00","Action":"pass","Package":"virmill.local/core/internal/backend/networkxml","Test":"TestMatchRejectsPolicyAndExtensionDrift/missing_bridge_zone","Elapsed":0}
{"Time":"2026-09-08T09:31:42.484514751+03:00","Action":"run","Package":"virmill.local/core/internal/backend/networkxml","Test":"TestMatchRejectsPolicyAndExtensionDrift/hostdev"}
{"Time":"2026-09-08T09:31:42.484516881+03:00","Action":"output","Package":"virmill.local/core/internal/backend/networkxml","Test":"TestMatchRejectsPolicyAndExtensionDrift/hostdev","Output":"=== RUN   TestMatchRejectsPolicyAndExtensionDrift/hostdev\n","OutputType":"frame"}
{"Time":"2026-09-08T09:31:42.484894327+03:00","Action":"output","Package":"virmill.local/core/internal/backend/networkxml","Test":"TestMatchRejectsPolicyAndExtensionDrift/hostdev","Output":"--- PASS: TestMatchRejectsPolicyAndExtensionDrift/hostdev (0.00s)\n","OutputType":"frame"}
{"Time":"2026-09-08T09:31:42.484903961+03:00","Action":"pass","Package":"virmill.local/core/internal/backend/networkxml","Test":"TestMatchRejectsPolicyAndExtensionDrift/hostdev","Elapsed":0}
{"Time":"2026-09-08T09:31:42.484911539+03:00","Action":"run","Package":"virmill.local/core/internal/backend/networkxml","Test":"TestMatchRejectsPolicyAndExtensionDrift/route"}
{"Time":"2026-09-08T09:31:42.484913586+03:00","Action":"output","Package":"virmill.local/core/internal/backend/networkxml","Test":"TestMatchRejectsPolicyAndExtensionDrift/route","Output":"=== RUN   TestMatchRejectsPolicyAndExtensionDrift/route\n","OutputType":"frame"}
{"Time":"2026-09-08T09:31:42.485342373+03:00","Action":"output","Package":"virmill.local/core/internal/backend/networkxml","Test":"TestMatchRejectsPolicyAndExtensionDrift/route","Output":"--- PASS: TestMatchRejectsPolicyAndExtensionDrift/route (0.00s)\n","OutputType":"frame"}
{"Time":"2026-09-08T09:31:42.485345937+03:00","Action":"pass","Package":"virmill.local/core/internal/backend/networkxml","Test":"TestMatchRejectsPolicyAndExtensionDrift/route","Elapsed":0}
{"Time":"2026-09-08T09:31:42.485361374+03:00","Action":"run","Package":"virmill.local/core/internal/backend/networkxml","Test":"TestMatchRejectsPolicyAndExtensionDrift/forward_PF"}
{"Time":"2026-09-08T09:31:42.485363588+03:00","Action":"output","Package":"virmill.local/core/internal/backend/networkxml","Test":"TestMatchRejectsPolicyAndExtensionDrift/forward_PF","Output":"=== RUN   TestMatchRejectsPolicyAndExtensionDrift/forward_PF\n","OutputType":"frame"}
{"Time":"2026-09-08T09:31:42.48575715+03:00","Action":"output","Package":"virmill.local/core/internal/backend/networkxml","Test":"TestMatchRejectsPolicyAndExtensionDrift/forward_PF","Output":"--- PASS: TestMatchRejectsPolicyAndExtensionDrift/forward_PF (0.00s)\n","OutputType":"frame"}
{"Time":"2026-09-08T09:31:42.485768654+03:00","Action":"pass","Package":"virmill.local/core/internal/backend/networkxml","Test":"TestMatchRejectsPolicyAndExtensionDrift/forward_PF","Elapsed":0}
{"Time":"2026-09-08T09:31:42.485778325+03:00","Action":"run","Package":"virmill.local/core/internal/backend/networkxml","Test":"TestMatchRejectsPolicyAndExtensionDrift/unbound_dnsmasq"}
{"Time":"2026-09-08T09:31:42.485780533+03:00","Action":"output","Package":"virmill.local/core/internal/backend/networkxml","Test":"TestMatchRejectsPolicyAndExtensionDrift/unbound_dnsmasq","Output":"=== RUN   TestMatchRejectsPolicyAndExtensionDrift/unbound_dnsmasq\n","OutputType":"frame"}
{"Time":"2026-09-08T09:31:42.486166183+03:00","Action":"output","Package":"virmill.local/core/internal/backend/networkxml","Test":"TestMatchRejectsPolicyAndExtensionDrift/unbound_dnsmasq","Output":"--- PASS: TestMatchRejectsPolicyAndExtensionDrift/unbound_dnsmasq (0.00s)\n","OutputType":"frame"}
{"Time":"2026-09-08T09:31:42.486175894+03:00","Action":"pass","Package":"virmill.local/core/internal/backend/networkxml","Test":"TestMatchRejectsPolicyAndExtensionDrift/unbound_dnsmasq","Elapsed":0}
{"Time":"2026-09-08T09:31:42.486183797+03:00","Action":"run","Package":"virmill.local/core/internal/backend/networkxml","Test":"TestMatchRejectsPolicyAndExtensionDrift/unknown_future_attribute"}
{"Time":"2026-09-08T09:31:42.486185803+03:00","Action":"output","Package":"virmill.local/core/internal/backend/networkxml","Test":"TestMatchRejectsPolicyAndExtensionDrift/unknown_future_attribute","Output":"=== RUN   TestMatchRejectsPolicyAndExtensionDrift/unknown_future_attribute\n","OutputType":"frame"}
{"Time":"2026-09-08T09:31:42.486582353+03:00","Action":"output","Package":"virmill.local/core/internal/backend/networkxml","Test":"TestMatchRejectsPolicyAndExtensionDrift/unknown_future_attribute","Output":"--- PASS: TestMatchRejectsPolicyAndExtensionDrift/unknown_future_attribute (0.00s)\n","OutputType":"frame"}
{"Time":"2026-09-08T09:31:42.486585864+03:00","Action":"pass","Package":"virmill.local/core/internal/backend/networkxml","Test":"TestMatchRejectsPolicyAndExtensionDrift/unknown_future_attribute","Elapsed":0}
{"Time":"2026-09-08T09:31:42.486599158+03:00","Action":"run","Package":"virmill.local/core/internal/backend/networkxml","Test":"TestMatchRejectsPolicyAndExtensionDrift/virtualport"}
{"Time":"2026-09-08T09:31:42.48660147+03:00","Action":"output","Package":"virmill.local/core/internal/backend/networkxml","Test":"TestMatchRejectsPolicyAndExtensionDrift/virtualport","Output":"=== RUN   TestMatchRejectsPolicyAndExtensionDrift/virtualport\n","OutputType":"frame"}
{"Time":"2026-09-08T09:31:42.486985693+03:00","Action":"output","Package":"virmill.local/core/internal/backend/networkxml","Test":"TestMatchRejectsPolicyAndExtensionDrift/virtualport","Output":"--- PASS: TestMatchRejectsPolicyAndExtensionDrift/virtualport (0.00s)\n","OutputType":"frame"}
{"Time":"2026-09-08T09:31:42.486988884+03:00","Action":"pass","Package":"virmill.local/core/internal/backend/networkxml","Test":"TestMatchRejectsPolicyAndExtensionDrift/virtualport","Elapsed":0}
{"Time":"2026-09-08T09:31:42.487002729+03:00","Action":"run","Package":"virmill.local/core/internal/backend/networkxml","Test":"TestMatchRejectsPolicyAndExtensionDrift/unknown_element"}
{"Time":"2026-09-08T09:31:42.487004857+03:00","Action":"output","Package":"virmill.local/core/internal/backend/networkxml","Test":"TestMatchRejectsPolicyAndExtensionDrift/unknown_element","Output":"=== RUN   TestMatchRejectsPolicyAndExtensionDrift/unknown_element\n","OutputType":"frame"}
{"Time":"2026-09-08T09:31:42.487387773+03:00","Action":"output","Package":"virmill.local/core/internal/backend/networkxml","Test":"TestMatchRejectsPolicyAndExtensionDrift/unknown_element","Output":"--- PASS: TestMatchRejectsPolicyAndExtensionDrift/unknown_element (0.00s)\n","OutputType":"frame"}
{"Time":"2026-09-08T09:31:42.487393355+03:00","Action":"pass","Package":"virmill.local/core/internal/backend/networkxml","Test":"TestMatchRejectsPolicyAndExtensionDrift/unknown_element","Elapsed":0}
{"Time":"2026-09-08T09:31:42.48740862+03:00","Action":"run","Package":"virmill.local/core/internal/backend/networkxml","Test":"TestMatchRejectsPolicyAndExtensionDrift/marker_API"}
{"Time":"2026-09-08T09:31:42.487410525+03:00","Action":"output","Package":"virmill.local/core/internal/backend/networkxml","Test":"TestMatchRejectsPolicyAndExtensionDrift/marker_API","Output":"=== RUN   TestMatchRejectsPolicyAndExtensionDrift/marker_API\n","OutputType":"frame"}
{"Time":"2026-09-08T09:31:42.487760978+03:00","Action":"output","Package":"virmill.local/core/internal/backend/networkxml","Test":"TestMatchRejectsPolicyAndExtensionDrift/marker_API","Output":"--- PASS: TestMatchRejectsPolicyAndExtensionDrift/marker_API (0.00s)\n","OutputType":"frame"}
{"Time":"2026-09-08T09:31:42.487765507+03:00","Action":"pass","Package":"virmill.local/core/internal/backend/networkxml","Test":"TestMatchRejectsPolicyAndExtensionDrift/marker_API","Elapsed":0}
{"Time":"2026-09-08T09:31:42.487777016+03:00","Action":"run","Package":"virmill.local/core/internal/backend/networkxml","Test":"TestMatchRejectsPolicyAndExtensionDrift/marker_namespace"}
{"Time":"2026-09-08T09:31:42.487779053+03:00","Action":"output","Package":"virmill.local/core/internal/backend/networkxml","Test":"TestMatchRejectsPolicyAndExtensionDrift/marker_namespace","Output":"=== RUN   TestMatchRejectsPolicyAndExtensionDrift/marker_namespace\n","OutputType":"frame"}
{"Time":"2026-09-08T09:31:42.488052021+03:00","Action":"output","Package":"virmill.local/core/internal/backend/networkxml","Test":"TestMatchRejectsPolicyAndExtensionDrift/marker_namespace","Output":"--- PASS: TestMatchRejectsPolicyAndExtensionDrift/marker_namespace (0.00s)\n","OutputType":"frame"}
{"Time":"2026-09-08T09:31:42.488060922+03:00","Action":"pass","Package":"virmill.local/core/internal/backend/networkxml","Test":"TestMatchRejectsPolicyAndExtensionDrift/marker_namespace","Elapsed":0}
{"Time":"2026-09-08T09:31:42.488070263+03:00","Action":"run","Package":"virmill.local/core/internal/backend/networkxml","Test":"TestMatchRejectsPolicyAndExtensionDrift/STP_off"}
{"Time":"2026-09-08T09:31:42.488074675+03:00","Action":"output","Package":"virmill.local/core/internal/backend/networkxml","Test":"TestMatchRejectsPolicyAndExtensionDrift/STP_off","Output":"=== RUN   TestMatchRejectsPolicyAndExtensionDrift/STP_off\n","OutputType":"frame"}
{"Time":"2026-09-08T09:31:42.48844609+03:00","Action":"output","Package":"virmill.local/core/internal/backend/networkxml","Test":"TestMatchRejectsPolicyAndExtensionDrift/STP_off","Output":"--- PASS: TestMatchRejectsPolicyAndExtensionDrift/STP_off (0.00s)\n","OutputType":"frame"}
{"Time":"2026-09-08T09:31:42.488580911+03:00","Action":"pass","Package":"virmill.local/core/internal/backend/networkxml","Test":"TestMatchRejectsPolicyAndExtensionDrift/STP_off","Elapsed":0}
{"Time":"2026-09-08T09:31:42.488617777+03:00","Action":"run","Package":"virmill.local/core/internal/backend/networkxml","Test":"TestMatchRejectsPolicyAndExtensionDrift/address"}
{"Time":"2026-09-08T09:31:42.488619581+03:00","Action":"output","Package":"virmill.local/core/internal/backend/networkxml","Test":"TestMatchRejectsPolicyAndExtensionDrift/address","Output":"=== RUN   TestMatchRejectsPolicyAndExtensionDrift/address\n","OutputType":"frame"}
{"Time":"2026-09-08T09:31:42.489105503+03:00","Action":"output","Package":"virmill.local/core/internal/backend/networkxml","Test":"TestMatchRejectsPolicyAndExtensionDrift/address","Output":"--- PASS: TestMatchRejectsPolicyAndExtensionDrift/address (0.00s)\n","OutputType":"frame"}
{"Time":"2026-09-08T09:31:42.489120179+03:00","Action":"pass","Package":"virmill.local/core/internal/backend/networkxml","Test":"TestMatchRejectsPolicyAndExtensionDrift/address","Elapsed":0}
{"Time":"2026-09-08T09:31:42.489130871+03:00","Action":"run","Package":"virmill.local/core/internal/backend/networkxml","Test":"TestMatchRejectsPolicyAndExtensionDrift/noncontiguous_mask"}
{"Time":"2026-09-08T09:31:42.489132704+03:00","Action":"output","Package":"virmill.local/core/internal/backend/networkxml","Test":"TestMatchRejectsPolicyAndExtensionDrift/noncontiguous_mask","Output":"=== RUN   TestMatchRejectsPolicyAndExtensionDrift/noncontiguous_mask\n","OutputType":"frame"}
{"Time":"2026-09-08T09:31:42.489511085+03:00","Action":"output","Package":"virmill.local/core/internal/backend/networkxml","Test":"TestMatchRejectsPolicyAndExtensionDrift/noncontiguous_mask","Output":"--- PASS: TestMatchRejectsPolicyAndExtensionDrift/noncontiguous_mask (0.00s)\n","OutputType":"frame"}
{"Time":"2026-09-08T09:31:42.48952043+03:00","Action":"pass","Package":"virmill.local/core/internal/backend/networkxml","Test":"TestMatchRejectsPolicyAndExtensionDrift/noncontiguous_mask","Elapsed":0}
{"Time":"2026-09-08T09:31:42.489530046+03:00","Action":"run","Package":"virmill.local/core/internal/backend/networkxml","Test":"TestMatchRejectsPolicyAndExtensionDrift/forward_PCI"}
{"Time":"2026-09-08T09:31:42.489531879+03:00","Action":"output","Package":"virmill.local/core/internal/backend/networkxml","Test":"TestMatchRejectsPolicyAndExtensionDrift/forward_PCI","Output":"=== RUN   TestMatchRejectsPolicyAndExtensionDrift/forward_PCI\n","OutputType":"frame"}
{"Time":"2026-09-08T09:31:42.489928183+03:00","Action":"output","Package":"virmill.local/core/internal/backend/networkxml","Test":"TestMatchRejectsPolicyAndExtensionDrift/forward_PCI","Output":"--- PASS: TestMatchRejectsPolicyAndExtensionDrift/forward_PCI (0.00s)\n","OutputType":"frame"}
{"Time":"2026-09-08T09:31:42.489936679+03:00","Action":"pass","Package":"virmill.local/core/internal/backend/networkxml","Test":"TestMatchRejectsPolicyAndExtensionDrift/forward_PCI","Elapsed":0}
{"Time":"2026-09-08T09:31:42.48994867+03:00","Action":"run","Package":"virmill.local/core/internal/backend/networkxml","Test":"TestMatchRejectsPolicyAndExtensionDrift/NAT_port_drift"}
{"Time":"2026-09-08T09:31:42.489950476+03:00","Action":"output","Package":"virmill.local/core/internal/backend/networkxml","Test":"TestMatchRejectsPolicyAndExtensionDrift/NAT_port_drift","Output":"=== RUN   TestMatchRejectsPolicyAndExtensionDrift/NAT_port_drift\n","OutputType":"frame"}
{"Time":"2026-09-08T09:31:42.490341014+03:00","Action":"output","Package":"virmill.local/core/internal/backend/networkxml","Test":"TestMatchRejectsPolicyAndExtensionDrift/NAT_port_drift","Output":"--- PASS: TestMatchRejectsPolicyAndExtensionDrift/NAT_port_drift (0.00s)\n","OutputType":"frame"}
{"Time":"2026-09-08T09:31:42.490351661+03:00","Action":"pass","Package":"virmill.local/core/internal/backend/networkxml","Test":"TestMatchRejectsPolicyAndExtensionDrift/NAT_port_drift","Elapsed":0}
{"Time":"2026-09-08T09:31:42.490366892+03:00","Action":"run","Package":"virmill.local/core/internal/backend/networkxml","Test":"TestMatchRejectsPolicyAndExtensionDrift/DNS_domain"}
{"Time":"2026-09-08T09:31:42.490368927+03:00","Action":"output","Package":"virmill.local/core/internal/backend/networkxml","Test":"TestMatchRejectsPolicyAndExtensionDrift/DNS_domain","Output":"=== RUN   TestMatchRejectsPolicyAndExtensionDrift/DNS_domain\n","OutputType":"frame"}
{"Time":"2026-09-08T09:31:42.490746524+03:00","Action":"output","Package":"virmill.local/core/internal/backend/networkxml","Test":"TestMatchRejectsPolicyAndExtensionDrift/DNS_domain","Output":"--- PASS: TestMatchRejectsPolicyAndExtensionDrift/DNS_domain (0.00s)\n","OutputType":"frame"}
{"Time":"2026-09-08T09:31:42.490756291+03:00","Action":"pass","Package":"virmill.local/core/internal/backend/networkxml","Test":"TestMatchRejectsPolicyAndExtensionDrift/DNS_domain","Elapsed":0}
{"Time":"2026-09-08T09:31:42.490765443+03:00","Action":"run","Package":"virmill.local/core/internal/backend/networkxml","Test":"TestMatchRejectsPolicyAndExtensionDrift/empty_IPv6"}
{"Time":"2026-09-08T09:31:42.490767548+03:00","Action":"output","Package":"virmill.local/core/internal/backend/networkxml","Test":"TestMatchRejectsPolicyAndExtensionDrift/empty_IPv6","Output":"=== RUN   TestMatchRejectsPolicyAndExtensionDrift/empty_IPv6\n","OutputType":"frame"}
{"Time":"2026-09-08T09:31:42.491122224+03:00","Action":"output","Package":"virmill.local/core/internal/backend/networkxml","Test":"TestMatchRejectsPolicyAndExtensionDrift/empty_IPv6","Output":"--- PASS: TestMatchRejectsPolicyAndExtensionDrift/empty_IPv6 (0.00s)\n","OutputType":"frame"}
{"Time":"2026-09-08T09:31:42.49113332+03:00","Action":"pass","Package":"virmill.local/core/internal/backend/networkxml","Test":"TestMatchRejectsPolicyAndExtensionDrift/empty_IPv6","Elapsed":0}
{"Time":"2026-09-08T09:31:42.491142366+03:00","Action":"run","Package":"virmill.local/core/internal/backend/networkxml","Test":"TestMatchRejectsPolicyAndExtensionDrift/NAT_IPv6"}
{"Time":"2026-09-08T09:31:42.491144311+03:00","Action":"output","Package":"virmill.local/core/internal/backend/networkxml","Test":"TestMatchRejectsPolicyAndExtensionDrift/NAT_IPv6","Output":"=== RUN   TestMatchRejectsPolicyAndExtensionDrift/NAT_IPv6\n","OutputType":"frame"}
{"Time":"2026-09-08T09:31:42.49156699+03:00","Action":"output","Package":"virmill.local/core/internal/backend/networkxml","Test":"TestMatchRejectsPolicyAndExtensionDrift/NAT_IPv6","Output":"--- PASS: TestMatchRejectsPolicyAndExtensionDrift/NAT_IPv6 (0.00s)\n","OutputType":"frame"}
{"Time":"2026-09-08T09:31:42.491575758+03:00","Action":"pass","Package":"virmill.local/core/internal/backend/networkxml","Test":"TestMatchRejectsPolicyAndExtensionDrift/NAT_IPv6","Elapsed":0}
{"Time":"2026-09-08T09:31:42.491590431+03:00","Action":"run","Package":"virmill.local/core/internal/backend/networkxml","Test":"TestMatchRejectsPolicyAndExtensionDrift/extra_static_route"}
{"Time":"2026-09-08T09:31:42.491592952+03:00","Action":"output","Package":"virmill.local/core/internal/backend/networkxml","Test":"TestMatchRejectsPolicyAndExtensionDrift/extra_static_route","Output":"=== RUN   TestMatchRejectsPolicyAndExtensionDrift/extra_static_route\n","OutputType":"frame"}
{"Time":"2026-09-08T09:31:42.492112752+03:00","Action":"output","Package":"virmill.local/core/internal/backend/networkxml","Test":"TestMatchRejectsPolicyAndExtensionDrift/extra_static_route","Output":"--- PASS: TestMatchRejectsPolicyAndExtensionDrift/extra_static_route (0.00s)\n","OutputType":"frame"}
{"Time":"2026-09-08T09:31:42.49212149+03:00","Action":"pass","Package":"virmill.local/core/internal/backend/networkxml","Test":"TestMatchRejectsPolicyAndExtensionDrift/extra_static_route","Elapsed":0}
{"Time":"2026-09-08T09:31:42.492131792+03:00","Action":"run","Package":"virmill.local/core/internal/backend/networkxml","Test":"TestMatchRejectsPolicyAndExtensionDrift/MTU"}
{"Time":"2026-09-08T09:31:42.492133755+03:00","Action":"output","Package":"virmill.local/core/internal/backend/networkxml","Test":"TestMatchRejectsPolicyAndExtensionDrift/MTU","Output":"=== RUN   TestMatchRejectsPolicyAndExtensionDrift/MTU\n","OutputType":"frame"}
{"Time":"2026-09-08T09:31:42.492591775+03:00","Action":"output","Package":"virmill.local/core/internal/backend/networkxml","Test":"TestMatchRejectsPolicyAndExtensionDrift/MTU","Output":"--- PASS: TestMatchRejectsPolicyAndExtensionDrift/MTU (0.00s)\n","OutputType":"frame"}
{"Time":"2026-09-08T09:31:42.492598436+03:00","Action":"pass","Package":"virmill.local/core/internal/backend/networkxml","Test":"TestMatchRejectsPolicyAndExtensionDrift/MTU","Elapsed":0}
{"Time":"2026-09-08T09:31:42.492625221+03:00","Action":"run","Package":"virmill.local/core/internal/backend/networkxml","Test":"TestMatchRejectsPolicyAndExtensionDrift/marker_child"}
{"Time":"2026-09-08T09:31:42.492627638+03:00","Action":"output","Package":"virmill.local/core/internal/backend/networkxml","Test":"TestMatchRejectsPolicyAndExtensionDrift/marker_child","Output":"=== RUN   TestMatchRejectsPolicyAndExtensionDrift/marker_child\n","OutputType":"frame"}
{"Time":"2026-09-08T09:31:42.493046295+03:00","Action":"output","Package":"virmill.local/core/internal/backend/networkxml","Test":"TestMatchRejectsPolicyAndExtensionDrift/marker_child","Output":"--- PASS: TestMatchRejectsPolicyAndExtensionDrift/marker_child (0.00s)\n","OutputType":"frame"}
{"Time":"2026-09-08T09:31:42.493051245+03:00","Action":"pass","Package":"virmill.local/core/internal/backend/networkxml","Test":"TestMatchRejectsPolicyAndExtensionDrift/marker_child","Elapsed":0}
{"Time":"2026-09-08T09:31:42.493065428+03:00","Action":"run","Package":"virmill.local/core/internal/backend/networkxml","Test":"TestMatchRejectsPolicyAndExtensionDrift/extra_description"}
{"Time":"2026-09-08T09:31:42.493067141+03:00","Action":"output","Package":"virmill.local/core/internal/backend/networkxml","Test":"TestMatchRejectsPolicyAndExtensionDrift/extra_description","Output":"=== RUN   TestMatchRejectsPolicyAndExtensionDrift/extra_description\n","OutputType":"frame"}
{"Time":"2026-09-08T09:31:42.493514828+03:00","Action":"output","Package":"virmill.local/core/internal/backend/networkxml","Test":"TestMatchRejectsPolicyAndExtensionDrift/extra_description","Output":"--- PASS: TestMatchRejectsPolicyAndExtensionDrift/extra_description (0.00s)\n","OutputType":"frame"}
{"Time":"2026-09-08T09:31:42.493520115+03:00","Action":"pass","Package":"virmill.local/core/internal/backend/networkxml","Test":"TestMatchRejectsPolicyAndExtensionDrift/extra_description","Elapsed":0}
{"Time":"2026-09-08T09:31:42.493536361+03:00","Action":"run","Package":"virmill.local/core/internal/backend/networkxml","Test":"TestMatchRejectsPolicyAndExtensionDrift/IPv6_address"}
{"Time":"2026-09-08T09:31:42.493538037+03:00","Action":"output","Package":"virmill.local/core/internal/backend/networkxml","Test":"TestMatchRejectsPolicyAndExtensionDrift/IPv6_address","Output":"=== RUN   TestMatchRejectsPolicyAndExtensionDrift/IPv6_address\n","OutputType":"frame"}
{"Time":"2026-09-08T09:31:42.493968549+03:00","Action":"output","Package":"virmill.local/core/internal/backend/networkxml","Test":"TestMatchRejectsPolicyAndExtensionDrift/IPv6_address","Output":"--- PASS: TestMatchRejectsPolicyAndExtensionDrift/IPv6_address (0.00s)\n","OutputType":"frame"}
{"Time":"2026-09-08T09:31:42.493972496+03:00","Action":"pass","Package":"virmill.local/core/internal/backend/networkxml","Test":"TestMatchRejectsPolicyAndExtensionDrift/IPv6_address","Elapsed":0}
{"Time":"2026-09-08T09:31:42.493988359+03:00","Action":"run","Package":"virmill.local/core/internal/backend/networkxml","Test":"TestMatchRejectsPolicyAndExtensionDrift/DHCP_static_host"}
{"Time":"2026-09-08T09:31:42.493990736+03:00","Action":"output","Package":"virmill.local/core/internal/backend/networkxml","Test":"TestMatchRejectsPolicyAndExtensionDrift/DHCP_static_host","Output":"=== RUN   TestMatchRejectsPolicyAndExtensionDrift/DHCP_static_host\n","OutputType":"frame"}
{"Time":"2026-09-08T09:31:42.494452436+03:00","Action":"output","Package":"virmill.local/core/internal/backend/networkxml","Test":"TestMatchRejectsPolicyAndExtensionDrift/DHCP_static_host","Output":"--- PASS: TestMatchRejectsPolicyAndExtensionDrift/DHCP_static_host (0.00s)\n","OutputType":"frame"}
{"Time":"2026-09-08T09:31:42.494465604+03:00","Action":"pass","Package":"virmill.local/core/internal/backend/networkxml","Test":"TestMatchRejectsPolicyAndExtensionDrift/DHCP_static_host","Elapsed":0}
{"Time":"2026-09-08T09:31:42.494474734+03:00","Action":"run","Package":"virmill.local/core/internal/backend/networkxml","Test":"TestMatchRejectsPolicyAndExtensionDrift/portgroup"}
{"Time":"2026-09-08T09:31:42.494477203+03:00","Action":"output","Package":"virmill.local/core/internal/backend/networkxml","Test":"TestMatchRejectsPolicyAndExtensionDrift/portgroup","Output":"=== RUN   TestMatchRejectsPolicyAndExtensionDrift/portgroup\n","OutputType":"frame"}
{"Time":"2026-09-08T09:31:42.494915408+03:00","Action":"output","Package":"virmill.local/core/internal/backend/networkxml","Test":"TestMatchRejectsPolicyAndExtensionDrift/portgroup","Output":"--- PASS: TestMatchRejectsPolicyAndExtensionDrift/portgroup (0.00s)\n","OutputType":"frame"}
{"Time":"2026-09-08T09:31:42.49492507+03:00","Action":"pass","Package":"virmill.local/core/internal/backend/networkxml","Test":"TestMatchRejectsPolicyAndExtensionDrift/portgroup","Elapsed":0}
{"Time":"2026-09-08T09:31:42.494938915+03:00","Action":"run","Package":"virmill.local/core/internal/backend/networkxml","Test":"TestMatchRejectsPolicyAndExtensionDrift/marker_version"}
{"Time":"2026-09-08T09:31:42.494941053+03:00","Action":"output","Package":"virmill.local/core/internal/backend/networkxml","Test":"TestMatchRejectsPolicyAndExtensionDrift/marker_version","Output":"=== RUN   TestMatchRejectsPolicyAndExtensionDrift/marker_version\n","OutputType":"frame"}
{"Time":"2026-09-08T09:31:42.495363964+03:00","Action":"output","Package":"virmill.local/core/internal/backend/networkxml","Test":"TestMatchRejectsPolicyAndExtensionDrift/marker_version","Output":"--- PASS: TestMatchRejectsPolicyAndExtensionDrift/marker_version (0.00s)\n","OutputType":"frame"}
{"Time":"2026-09-08T09:31:42.495373992+03:00","Action":"pass","Package":"virmill.local/core/internal/backend/networkxml","Test":"TestMatchRejectsPolicyAndExtensionDrift/marker_version","Elapsed":0}
{"Time":"2026-09-08T09:31:42.495388182+03:00","Action":"run","Package":"virmill.local/core/internal/backend/networkxml","Test":"TestMatchRejectsPolicyAndExtensionDrift/UUID"}
{"Time":"2026-09-08T09:31:42.495390504+03:00","Action":"output","Package":"virmill.local/core/internal/backend/networkxml","Test":"TestMatchRejectsPolicyAndExtensionDrift/UUID","Output":"=== RUN   TestMatchRejectsPolicyAndExtensionDrift/UUID\n","OutputType":"frame"}
{"Time":"2026-09-08T09:31:42.495803975+03:00","Action":"output","Package":"virmill.local/core/internal/backend/networkxml","Test":"TestMatchRejectsPolicyAndExtensionDrift/UUID","Output":"--- PASS: TestMatchRejectsPolicyAndExtensionDrift/UUID (0.00s)\n","OutputType":"frame"}
{"Time":"2026-09-08T09:31:42.49581689+03:00","Action":"pass","Package":"virmill.local/core/internal/backend/networkxml","Test":"TestMatchRejectsPolicyAndExtensionDrift/UUID","Elapsed":0}
{"Time":"2026-09-08T09:31:42.495826264+03:00","Action":"run","Package":"virmill.local/core/internal/backend/networkxml","Test":"TestMatchRejectsPolicyAndExtensionDrift/DHCP_bootp"}
{"Time":"2026-09-08T09:31:42.495828384+03:00","Action":"output","Package":"virmill.local/core/internal/backend/networkxml","Test":"TestMatchRejectsPolicyAndExtensionDrift/DHCP_bootp","Output":"=== RUN   TestMatchRejectsPolicyAndExtensionDrift/DHCP_bootp\n","OutputType":"frame"}
{"Time":"2026-09-08T09:31:42.496254257+03:00","Action":"output","Package":"virmill.local/core/internal/backend/networkxml","Test":"TestMatchRejectsPolicyAndExtensionDrift/DHCP_bootp","Output":"--- PASS: TestMatchRejectsPolicyAndExtensionDrift/DHCP_bootp (0.00s)\n","OutputType":"frame"}
{"Time":"2026-09-08T09:31:42.496257882+03:00","Action":"pass","Package":"virmill.local/core/internal/backend/networkxml","Test":"TestMatchRejectsPolicyAndExtensionDrift/DHCP_bootp","Elapsed":0}
{"Time":"2026-09-08T09:31:42.496271073+03:00","Action":"run","Package":"virmill.local/core/internal/backend/networkxml","Test":"TestMatchRejectsPolicyAndExtensionDrift/DNS_disabled"}
{"Time":"2026-09-08T09:31:42.496273462+03:00","Action":"output","Package":"virmill.local/core/internal/backend/networkxml","Test":"TestMatchRejectsPolicyAndExtensionDrift/DNS_disabled","Output":"=== RUN   TestMatchRejectsPolicyAndExtensionDrift/DNS_disabled\n","OutputType":"frame"}
{"Time":"2026-09-08T09:31:42.496741719+03:00","Action":"output","Package":"virmill.local/core/internal/backend/networkxml","Test":"TestMatchRejectsPolicyAndExtensionDrift/DNS_disabled","Output":"--- PASS: TestMatchRejectsPolicyAndExtensionDrift/DNS_disabled (0.00s)\n","OutputType":"frame"}
{"Time":"2026-09-08T09:31:42.496752609+03:00","Action":"pass","Package":"virmill.local/core/internal/backend/networkxml","Test":"TestMatchRejectsPolicyAndExtensionDrift/DNS_disabled","Elapsed":0}
{"Time":"2026-09-08T09:31:42.49676859+03:00","Action":"run","Package":"virmill.local/core/internal/backend/networkxml","Test":"TestMatchRejectsPolicyAndExtensionDrift/forward_dev"}
{"Time":"2026-09-08T09:31:42.496770772+03:00","Action":"output","Package":"virmill.local/core/internal/backend/networkxml","Test":"TestMatchRejectsPolicyAndExtensionDrift/forward_dev","Output":"=== RUN   TestMatchRejectsPolicyAndExtensionDrift/forward_dev\n","OutputType":"frame"}
{"Time":"2026-09-08T09:31:42.497191153+03:00","Action":"output","Package":"virmill.local/core/internal/backend/networkxml","Test":"TestMatchRejectsPolicyAndExtensionDrift/forward_dev","Output":"--- PASS: TestMatchRejectsPolicyAndExtensionDrift/forward_dev (0.00s)\n","OutputType":"frame"}
{"Time":"2026-09-08T09:31:42.497195513+03:00","Action":"pass","Package":"virmill.local/core/internal/backend/networkxml","Test":"TestMatchRejectsPolicyAndExtensionDrift/forward_dev","Elapsed":0}
{"Time":"2026-09-08T09:31:42.497215978+03:00","Action":"run","Package":"virmill.local/core/internal/backend/networkxml","Test":"TestMatchRejectsPolicyAndExtensionDrift/NAT_address_override"}
{"Time":"2026-09-08T09:31:42.497218115+03:00","Action":"output","Package":"virmill.local/core/internal/backend/networkxml","Test":"TestMatchRejectsPolicyAndExtensionDrift/NAT_address_override","Output":"=== RUN   TestMatchRejectsPolicyAndExtensionDrift/NAT_address_override\n","OutputType":"frame"}
{"Time":"2026-09-08T09:31:42.497666159+03:00","Action":"output","Package":"virmill.local/core/internal/backend/networkxml","Test":"TestMatchRejectsPolicyAndExtensionDrift/NAT_address_override","Output":"--- PASS: TestMatchRejectsPolicyAndExtensionDrift/NAT_address_override (0.00s)\n","OutputType":"frame"}
{"Time":"2026-09-08T09:31:42.497674896+03:00","Action":"pass","Package":"virmill.local/core/internal/backend/networkxml","Test":"TestMatchRejectsPolicyAndExtensionDrift/NAT_address_override","Elapsed":0}
{"Time":"2026-09-08T09:31:42.497690333+03:00","Action":"run","Package":"virmill.local/core/internal/backend/networkxml","Test":"TestMatchRejectsPolicyAndExtensionDrift/family"}
{"Time":"2026-09-08T09:31:42.497692451+03:00","Action":"output","Package":"virmill.local/core/internal/backend/networkxml","Test":"TestMatchRejectsPolicyAndExtensionDrift/family","Output":"=== RUN   TestMatchRejectsPolicyAndExtensionDrift/family\n","OutputType":"frame"}
{"Time":"2026-09-08T09:31:42.498111715+03:00","Action":"output","Package":"virmill.local/core/internal/backend/networkxml","Test":"TestMatchRejectsPolicyAndExtensionDrift/family","Output":"--- PASS: TestMatchRejectsPolicyAndExtensionDrift/family (0.00s)\n","OutputType":"frame"}
{"Time":"2026-09-08T09:31:42.498121245+03:00","Action":"pass","Package":"virmill.local/core/internal/backend/networkxml","Test":"TestMatchRejectsPolicyAndExtensionDrift/family","Elapsed":0}
{"Time":"2026-09-08T09:31:42.498138235+03:00","Action":"run","Package":"virmill.local/core/internal/backend/networkxml","Test":"TestMatchRejectsPolicyAndExtensionDrift/DHCP_start"}
{"Time":"2026-09-08T09:31:42.498140219+03:00","Action":"output","Package":"virmill.local/core/internal/backend/networkxml","Test":"TestMatchRejectsPolicyAndExtensionDrift/DHCP_start","Output":"=== RUN   TestMatchRejectsPolicyAndExtensionDrift/DHCP_start\n","OutputType":"frame"}
{"Time":"2026-09-08T09:31:42.498580493+03:00","Action":"output","Package":"virmill.local/core/internal/backend/networkxml","Test":"TestMatchRejectsPolicyAndExtensionDrift/DHCP_start","Output":"--- PASS: TestMatchRejectsPolicyAndExtensionDrift/DHCP_start (0.00s)\n","OutputType":"frame"}
{"Time":"2026-09-08T09:31:42.498583971+03:00","Action":"pass","Package":"virmill.local/core/internal/backend/networkxml","Test":"TestMatchRejectsPolicyAndExtensionDrift/DHCP_start","Elapsed":0}
{"Time":"2026-09-08T09:31:42.498604762+03:00","Action":"run","Package":"virmill.local/core/internal/backend/networkxml","Test":"TestMatchRejectsPolicyAndExtensionDrift/guest_filter_trust"}
{"Time":"2026-09-08T09:31:42.498607107+03:00","Action":"output","Package":"virmill.local/core/internal/backend/networkxml","Test":"TestMatchRejectsPolicyAndExtensionDrift/guest_filter_trust","Output":"=== RUN   TestMatchRejectsPolicyAndExtensionDrift/guest_filter_trust\n","OutputType":"frame"}
{"Time":"2026-09-08T09:31:42.499027562+03:00","Action":"output","Package":"virmill.local/core/internal/backend/networkxml","Test":"TestMatchRejectsPolicyAndExtensionDrift/guest_filter_trust","Output":"--- PASS: TestMatchRejectsPolicyAndExtensionDrift/guest_filter_trust (0.00s)\n","OutputType":"frame"}
{"Time":"2026-09-08T09:31:42.49903377+03:00","Action":"pass","Package":"virmill.local/core/internal/backend/networkxml","Test":"TestMatchRejectsPolicyAndExtensionDrift/guest_filter_trust","Elapsed":0}
{"Time":"2026-09-08T09:31:42.499049888+03:00","Action":"run","Package":"virmill.local/core/internal/backend/networkxml","Test":"TestMatchRejectsPolicyAndExtensionDrift/marker_text"}
{"Time":"2026-09-08T09:31:42.499052051+03:00","Action":"output","Package":"virmill.local/core/internal/backend/networkxml","Test":"TestMatchRejectsPolicyAndExtensionDrift/marker_text","Output":"=== RUN   TestMatchRejectsPolicyAndExtensionDrift/marker_text\n","OutputType":"frame"}
{"Time":"2026-09-08T09:31:42.499479508+03:00","Action":"output","Package":"virmill.local/core/internal/backend/networkxml","Test":"TestMatchRejectsPolicyAndExtensionDrift/marker_text","Output":"--- PASS: TestMatchRejectsPolicyAndExtensionDrift/marker_text (0.00s)\n","OutputType":"frame"}
{"Time":"2026-09-08T09:31:42.499488681+03:00","Action":"pass","Package":"virmill.local/core/internal/backend/networkxml","Test":"TestMatchRejectsPolicyAndExtensionDrift/marker_text","Elapsed":0}
{"Time":"2026-09-08T09:31:42.499503031+03:00","Action":"run","Package":"virmill.local/core/internal/backend/networkxml","Test":"TestMatchRejectsPolicyAndExtensionDrift/managed_MAC_table"}
{"Time":"2026-09-08T09:31:42.499505339+03:00","Action":"output","Package":"virmill.local/core/internal/backend/networkxml","Test":"TestMatchRejectsPolicyAndExtensionDrift/managed_MAC_table","Output":"=== RUN   TestMatchRejectsPolicyAndExtensionDrift/managed_MAC_table\n","OutputType":"frame"}
{"Time":"2026-09-08T09:31:42.499928513+03:00","Action":"output","Package":"virmill.local/core/internal/backend/networkxml","Test":"TestMatchRejectsPolicyAndExtensionDrift/managed_MAC_table","Output":"--- PASS: TestMatchRejectsPolicyAndExtensionDrift/managed_MAC_table (0.00s)\n","OutputType":"frame"}
{"Time":"2026-09-08T09:31:42.499931706+03:00","Action":"pass","Package":"virmill.local/core/internal/backend/networkxml","Test":"TestMatchRejectsPolicyAndExtensionDrift/managed_MAC_table","Elapsed":0}
{"Time":"2026-09-08T09:31:42.499948929+03:00","Action":"run","Package":"virmill.local/core/internal/backend/networkxml","Test":"TestMatchRejectsPolicyAndExtensionDrift/wrong_mask"}
{"Time":"2026-09-08T09:31:42.499951224+03:00","Action":"output","Package":"virmill.local/core/internal/backend/networkxml","Test":"TestMatchRejectsPolicyAndExtensionDrift/wrong_mask","Output":"=== RUN   TestMatchRejectsPolicyAndExtensionDrift/wrong_mask\n","OutputType":"frame"}
{"Time":"2026-09-08T09:31:42.500462724+03:00","Action":"output","Package":"virmill.local/core/internal/backend/networkxml","Test":"TestMatchRejectsPolicyAndExtensionDrift/wrong_mask","Output":"--- PASS: TestMatchRejectsPolicyAndExtensionDrift/wrong_mask (0.00s)\n","OutputType":"frame"}
{"Time":"2026-09-08T09:31:42.500469071+03:00","Action":"pass","Package":"virmill.local/core/internal/backend/networkxml","Test":"TestMatchRejectsPolicyAndExtensionDrift/wrong_mask","Elapsed":0}
{"Time":"2026-09-08T09:31:42.500488984+03:00","Action":"output","Package":"virmill.local/core/internal/backend/networkxml","Test":"TestMatchRejectsPolicyAndExtensionDrift","Output":"--- PASS: TestMatchRejectsPolicyAndExtensionDrift (0.03s)\n","OutputType":"frame"}
{"Time":"2026-09-08T09:31:42.500503013+03:00","Action":"pass","Package":"virmill.local/core/internal/backend/networkxml","Test":"TestMatchRejectsPolicyAndExtensionDrift","Elapsed":0.03}
{"Time":"2026-09-08T09:31:42.500517242+03:00","Action":"run","Package":"virmill.local/core/internal/backend/networkxml","Test":"TestMatchRejectsAmbiguousAndMalformedXML"}
{"Time":"2026-09-08T09:31:42.500519327+03:00","Action":"output","Package":"virmill.local/core/internal/backend/networkxml","Test":"TestMatchRejectsAmbiguousAndMalformedXML","Output":"=== RUN   TestMatchRejectsAmbiguousAndMalformedXML\n","OutputType":"frame"}
{"Time":"2026-09-08T09:31:42.500861607+03:00","Action":"run","Package":"virmill.local/core/internal/backend/networkxml","Test":"TestMatchRejectsAmbiguousAndMalformedXML/counter_leading_zero"}
{"Time":"2026-09-08T09:31:42.500865373+03:00","Action":"output","Package":"virmill.local/core/internal/backend/networkxml","Test":"TestMatchRejectsAmbiguousAndMalformedXML/counter_leading_zero","Output":"=== RUN   TestMatchRejectsAmbiguousAndMalformedXML/counter_leading_zero\n","OutputType":"frame"}
{"Time":"2026-09-08T09:31:42.501341478+03:00","Action":"output","Package":"virmill.local/core/internal/backend/networkxml","Test":"TestMatchRejectsAmbiguousAndMalformedXML/counter_leading_zero","Output":"--- PASS: TestMatchRejectsAmbiguousAndMalformedXML/counter_leading_zero (0.00s)\n","OutputType":"frame"}
{"Time":"2026-09-08T09:31:42.501361485+03:00","Action":"pass","Package":"virmill.local/core/internal/backend/networkxml","Test":"TestMatchRejectsAmbiguousAndMalformedXML/counter_leading_zero","Elapsed":0}
{"Time":"2026-09-08T09:31:42.501377755+03:00","Action":"run","Package":"virmill.local/core/internal/backend/networkxml","Test":"TestMatchRejectsAmbiguousAndMalformedXML/processing_instruction"}
{"Time":"2026-09-08T09:31:42.501380394+03:00","Action":"output","Package":"virmill.local/core/internal/backend/networkxml","Test":"TestMatchRejectsAmbiguousAndMalformedXML/processing_instruction","Output":"=== RUN   TestMatchRejectsAmbiguousAndMalformedXML/processing_instruction\n","OutputType":"frame"}
{"Time":"2026-09-08T09:31:42.501653961+03:00","Action":"output","Package":"virmill.local/core/internal/backend/networkxml","Test":"TestMatchRejectsAmbiguousAndMalformedXML/processing_instruction","Output":"--- PASS: TestMatchRejectsAmbiguousAndMalformedXML/processing_instruction (0.00s)\n","OutputType":"frame"}
{"Time":"2026-09-08T09:31:42.501659599+03:00","Action":"pass","Package":"virmill.local/core/internal/backend/networkxml","Test":"TestMatchRejectsAmbiguousAndMalformedXML/processing_instruction","Elapsed":0}
{"Time":"2026-09-08T09:31:42.501672879+03:00","Action":"run","Package":"virmill.local/core/internal/backend/networkxml","Test":"TestMatchRejectsAmbiguousAndMalformedXML/empty_prefixed_namespace"}
{"Time":"2026-09-08T09:31:42.501675153+03:00","Action":"output","Package":"virmill.local/core/internal/backend/networkxml","Test":"TestMatchRejectsAmbiguousAndMalformedXML/empty_prefixed_namespace","Output":"=== RUN   TestMatchRejectsAmbiguousAndMalformedXML/empty_prefixed_namespace\n","OutputType":"frame"}
{"Time":"2026-09-08T09:31:42.501931214+03:00","Action":"output","Package":"virmill.local/core/internal/backend/networkxml","Test":"TestMatchRejectsAmbiguousAndMalformedXML/empty_prefixed_namespace","Output":"--- PASS: TestMatchRejectsAmbiguousAndMalformedXML/empty_prefixed_namespace (0.00s)\n","OutputType":"frame"}
{"Time":"2026-09-08T09:31:42.501939506+03:00","Action":"pass","Package":"virmill.local/core/internal/backend/networkxml","Test":"TestMatchRejectsAmbiguousAndMalformedXML/empty_prefixed_namespace","Elapsed":0}
{"Time":"2026-09-08T09:31:42.501951314+03:00","Action":"run","Package":"virmill.local/core/internal/backend/networkxml","Test":"TestMatchRejectsAmbiguousAndMalformedXML/bad_UTF8"}
{"Time":"2026-09-08T09:31:42.501953542+03:00","Action":"output","Package":"virmill.local/core/internal/backend/networkxml","Test":"TestMatchRejectsAmbiguousAndMalformedXML/bad_UTF8","Output":"=== RUN   TestMatchRejectsAmbiguousAndMalformedXML/bad_UTF8\n","OutputType":"frame"}
{"Time":"2026-09-08T09:31:42.502218384+03:00","Action":"output","Package":"virmill.local/core/internal/backend/networkxml","Test":"TestMatchRejectsAmbiguousAndMalformedXML/bad_UTF8","Output":"--- PASS: TestMatchRejectsAmbiguousAndMalformedXML/bad_UTF8 (0.00s)\n","OutputType":"frame"}
{"Time":"2026-09-08T09:31:42.502221699+03:00","Action":"pass","Package":"virmill.local/core/internal/backend/networkxml","Test":"TestMatchRejectsAmbiguousAndMalformedXML/bad_UTF8","Elapsed":0}
{"Time":"2026-09-08T09:31:42.502237003+03:00","Action":"run","Package":"virmill.local/core/internal/backend/networkxml","Test":"TestMatchRejectsAmbiguousAndMalformedXML/bad_MAC_52:54:00:11:22:33:44:55"}
{"Time":"2026-09-08T09:31:42.502239175+03:00","Action":"output","Package":"virmill.local/core/internal/backend/networkxml","Test":"TestMatchRejectsAmbiguousAndMalformedXML/bad_MAC_52:54:00:11:22:33:44:55","Output":"=== RUN   TestMatchRejectsAmbiguousAndMalformedXML/bad_MAC_52:54:00:11:22:33:44:55\n","OutputType":"frame"}
{"Time":"2026-09-08T09:31:42.502669324+03:00","Action":"output","Package":"virmill.local/core/internal/backend/networkxml","Test":"TestMatchRejectsAmbiguousAndMalformedXML/bad_MAC_52:54:00:11:22:33:44:55","Output":"--- PASS: TestMatchRejectsAmbiguousAndMalformedXML/bad_MAC_52:54:00:11:22:33:44:55 (0.00s)\n","OutputType":"frame"}
{"Time":"2026-09-08T09:31:42.502674884+03:00","Action":"pass","Package":"virmill.local/core/internal/backend/networkxml","Test":"TestMatchRejectsAmbiguousAndMalformedXML/bad_MAC_52:54:00:11:22:33:44:55","Elapsed":0}
{"Time":"2026-09-08T09:31:42.502688065+03:00","Action":"run","Package":"virmill.local/core/internal/backend/networkxml","Test":"TestMatchRejectsAmbiguousAndMalformedXML/text_outside"}
{"Time":"2026-09-08T09:31:42.502690217+03:00","Action":"output","Package":"virmill.local/core/internal/backend/networkxml","Test":"TestMatchRejectsAmbiguousAndMalformedXML/text_outside","Output":"=== RUN   TestMatchRejectsAmbiguousAndMalformedXML/text_outside\n","OutputType":"frame"}
{"Time":"2026-09-08T09:31:42.503090461+03:00","Action":"output","Package":"virmill.local/core/internal/backend/networkxml","Test":"TestMatchRejectsAmbiguousAndMalformedXML/text_outside","Output":"--- PASS: TestMatchRejectsAmbiguousAndMalformedXML/text_outside (0.00s)\n","OutputType":"frame"}
{"Time":"2026-09-08T09:31:42.503100897+03:00","Action":"pass","Package":"virmill.local/core/internal/backend/networkxml","Test":"TestMatchRejectsAmbiguousAndMalformedXML/text_outside","Elapsed":0}
{"Time":"2026-09-08T09:31:42.503111601+03:00","Action":"run","Package":"virmill.local/core/internal/backend/networkxml","Test":"TestMatchRejectsAmbiguousAndMalformedXML/entity"}
{"Time":"2026-09-08T09:31:42.503113593+03:00","Action":"output","Package":"virmill.local/core/internal/backend/networkxml","Test":"TestMatchRejectsAmbiguousAndMalformedXML/entity","Output":"=== RUN   TestMatchRejectsAmbiguousAndMalformedXML/entity\n","OutputType":"frame"}
{"Time":"2026-09-08T09:31:42.503372877+03:00","Action":"output","Package":"virmill.local/core/internal/backend/networkxml","Test":"TestMatchRejectsAmbiguousAndMalformedXML/entity","Output":"--- PASS: TestMatchRejectsAmbiguousAndMalformedXML/entity (0.00s)\n","OutputType":"frame"}
{"Time":"2026-09-08T09:31:42.503380614+03:00","Action":"pass","Package":"virmill.local/core/internal/backend/networkxml","Test":"TestMatchRejectsAmbiguousAndMalformedXML/entity","Elapsed":0}
{"Time":"2026-09-08T09:31:42.503392901+03:00","Action":"run","Package":"virmill.local/core/internal/backend/networkxml","Test":"TestMatchRejectsAmbiguousAndMalformedXML/expanded_attribute_duplicate"}
{"Time":"2026-09-08T09:31:42.503394819+03:00","Action":"output","Package":"virmill.local/core/internal/backend/networkxml","Test":"TestMatchRejectsAmbiguousAndMalformedXML/expanded_attribute_duplicate","Output":"=== RUN   TestMatchRejectsAmbiguousAndMalformedXML/expanded_attribute_duplicate\n","OutputType":"frame"}
{"Time":"2026-09-08T09:31:42.503678402+03:00","Action":"output","Package":"virmill.local/core/internal/backend/networkxml","Test":"TestMatchRejectsAmbiguousAndMalformedXML/expanded_attribute_duplicate","Output":"--- PASS: TestMatchRejectsAmbiguousAndMalformedXML/expanded_attribute_duplicate (0.00s)\n","OutputType":"frame"}
{"Time":"2026-09-08T09:31:42.503688057+03:00","Action":"pass","Package":"virmill.local/core/internal/backend/networkxml","Test":"TestMatchRejectsAmbiguousAndMalformedXML/expanded_attribute_duplicate","Elapsed":0}
{"Time":"2026-09-08T09:31:42.503701268+03:00","Action":"run","Package":"virmill.local/core/internal/backend/networkxml","Test":"TestMatchRejectsAmbiguousAndMalformedXML/reserved_namespace_rebind"}
{"Time":"2026-09-08T09:31:42.50370319+03:00","Action":"output","Package":"virmill.local/core/internal/backend/networkxml","Test":"TestMatchRejectsAmbiguousAndMalformedXML/reserved_namespace_rebind","Output":"=== RUN   TestMatchRejectsAmbiguousAndMalformedXML/reserved_namespace_rebind\n","OutputType":"frame"}
{"Time":"2026-09-08T09:31:42.503942455+03:00","Action":"output","Package":"virmill.local/core/internal/backend/networkxml","Test":"TestMatchRejectsAmbiguousAndMalformedXML/reserved_namespace_rebind","Output":"--- PASS: TestMatchRejectsAmbiguousAndMalformedXML/reserved_namespace_rebind (0.00s)\n","OutputType":"frame"}
{"Time":"2026-09-08T09:31:42.503951423+03:00","Action":"pass","Package":"virmill.local/core/internal/backend/networkxml","Test":"TestMatchRejectsAmbiguousAndMalformedXML/reserved_namespace_rebind","Elapsed":0}
{"Time":"2026-09-08T09:31:42.503960451+03:00","Action":"run","Package":"virmill.local/core/internal/backend/networkxml","Test":"TestMatchRejectsAmbiguousAndMalformedXML/too_large"}
{"Time":"2026-09-08T09:31:42.50396439+03:00","Action":"output","Package":"virmill.local/core/internal/backend/networkxml","Test":"TestMatchRejectsAmbiguousAndMalformedXML/too_large","Output":"=== RUN   TestMatchRejectsAmbiguousAndMalformedXML/too_large\n","OutputType":"frame"}
{"Time":"2026-09-08T09:31:42.504176658+03:00","Action":"output","Package":"virmill.local/core/internal/backend/networkxml","Test":"TestMatchRejectsAmbiguousAndMalformedXML/too_large","Output":"--- PASS: TestMatchRejectsAmbiguousAndMalformedXML/too_large (0.00s)\n","OutputType":"frame"}
{"Time":"2026-09-08T09:31:42.504186534+03:00","Action":"pass","Package":"virmill.local/core/internal/backend/networkxml","Test":"TestMatchRejectsAmbiguousAndMalformedXML/too_large","Elapsed":0}
{"Time":"2026-09-08T09:31:42.504199329+03:00","Action":"run","Package":"virmill.local/core/internal/backend/networkxml","Test":"TestMatchRejectsAmbiguousAndMalformedXML/bad_MAC_5254.0011.2233"}
{"Time":"2026-09-08T09:31:42.504201202+03:00","Action":"output","Package":"virmill.local/core/internal/backend/networkxml","Test":"TestMatchRejectsAmbiguousAndMalformedXML/bad_MAC_5254.0011.2233","Output":"=== RUN   TestMatchRejectsAmbiguousAndMalformedXML/bad_MAC_5254.0011.2233\n","OutputType":"frame"}
{"Time":"2026-09-08T09:31:42.504590975+03:00","Action":"output","Package":"virmill.local/core/internal/backend/networkxml","Test":"TestMatchRejectsAmbiguousAndMalformedXML/bad_MAC_5254.0011.2233","Output":"--- PASS: TestMatchRejectsAmbiguousAndMalformedXML/bad_MAC_5254.0011.2233 (0.00s)\n","OutputType":"frame"}
{"Time":"2026-09-08T09:31:42.5046027+03:00","Action":"pass","Package":"virmill.local/core/internal/backend/networkxml","Test":"TestMatchRejectsAmbiguousAndMalformedXML/bad_MAC_5254.0011.2233","Elapsed":0}
{"Time":"2026-09-08T09:31:42.504618648+03:00","Action":"run","Package":"virmill.local/core/internal/backend/networkxml","Test":"TestMatchRejectsAmbiguousAndMalformedXML/MAC_nested"}
{"Time":"2026-09-08T09:31:42.504620557+03:00","Action":"output","Package":"virmill.local/core/internal/backend/networkxml","Test":"TestMatchRejectsAmbiguousAndMalformedXML/MAC_nested","Output":"=== RUN   TestMatchRejectsAmbiguousAndMalformedXML/MAC_nested\n","OutputType":"frame"}
{"Time":"2026-09-08T09:31:42.504988733+03:00","Action":"output","Package":"virmill.local/core/internal/backend/networkxml","Test":"TestMatchRejectsAmbiguousAndMalformedXML/MAC_nested","Output":"--- PASS: TestMatchRejectsAmbiguousAndMalformedXML/MAC_nested (0.00s)\n","OutputType":"frame"}
{"Time":"2026-09-08T09:31:42.504997158+03:00","Action":"pass","Package":"virmill.local/core/internal/backend/networkxml","Test":"TestMatchRejectsAmbiguousAndMalformedXML/MAC_nested","Elapsed":0}
{"Time":"2026-09-08T09:31:42.505006083+03:00","Action":"run","Package":"virmill.local/core/internal/backend/networkxml","Test":"TestMatchRejectsAmbiguousAndMalformedXML/counter_empty"}
{"Time":"2026-09-08T09:31:42.505007908+03:00","Action":"output","Package":"virmill.local/core/internal/backend/networkxml","Test":"TestMatchRejectsAmbiguousAndMalformedXML/counter_empty","Output":"=== RUN   TestMatchRejectsAmbiguousAndMalformedXML/counter_empty\n","OutputType":"frame"}
{"Time":"2026-09-08T09:31:42.50538025+03:00","Action":"output","Package":"virmill.local/core/internal/backend/networkxml","Test":"TestMatchRejectsAmbiguousAndMalformedXML/counter_empty","Output":"--- PASS: TestMatchRejectsAmbiguousAndMalformedXML/counter_empty (0.00s)\n","OutputType":"frame"}
{"Time":"2026-09-08T09:31:42.505387933+03:00","Action":"pass","Package":"virmill.local/core/internal/backend/networkxml","Test":"TestMatchRejectsAmbiguousAndMalformedXML/counter_empty","Elapsed":0}
{"Time":"2026-09-08T09:31:42.505400477+03:00","Action":"run","Package":"virmill.local/core/internal/backend/networkxml","Test":"TestMatchRejectsAmbiguousAndMalformedXML/bad_MAC_ff:ff:ff:ff:ff:ff"}
{"Time":"2026-09-08T09:31:42.505402455+03:00","Action":"output","Package":"virmill.local/core/internal/backend/networkxml","Test":"TestMatchRejectsAmbiguousAndMalformedXML/bad_MAC_ff:ff:ff:ff:ff:ff","Output":"=== RUN   TestMatchRejectsAmbiguousAndMalformedXML/bad_MAC_ff:ff:ff:ff:ff:ff\n","OutputType":"frame"}
{"Time":"2026-09-08T09:31:42.505756397+03:00","Action":"output","Package":"virmill.local/core/internal/backend/networkxml","Test":"TestMatchRejectsAmbiguousAndMalformedXML/bad_MAC_ff:ff:ff:ff:ff:ff","Output":"--- PASS: TestMatchRejectsAmbiguousAndMalformedXML/bad_MAC_ff:ff:ff:ff:ff:ff (0.00s)\n","OutputType":"frame"}
{"Time":"2026-09-08T09:31:42.505762933+03:00","Action":"pass","Package":"virmill.local/core/internal/backend/networkxml","Test":"TestMatchRejectsAmbiguousAndMalformedXML/bad_MAC_ff:ff:ff:ff:ff:ff","Elapsed":0}
{"Time":"2026-09-08T09:31:42.505772384+03:00","Action":"run","Package":"virmill.local/core/internal/backend/networkxml","Test":"TestMatchRejectsAmbiguousAndMalformedXML/duplicate_metadata"}
{"Time":"2026-09-08T09:31:42.505774169+03:00","Action":"output","Package":"virmill.local/core/internal/backend/networkxml","Test":"TestMatchRejectsAmbiguousAndMalformedXML/duplicate_metadata","Output":"=== RUN   TestMatchRejectsAmbiguousAndMalformedXML/duplicate_metadata\n","OutputType":"frame"}
{"Time":"2026-09-08T09:31:42.507172725+03:00","Action":"output","Package":"virmill.local/core/internal/backend/networkxml","Test":"TestMatchRejectsAmbiguousAndMalformedXML/duplicate_metadata","Output":"--- PASS: TestMatchRejectsAmbiguousAndMalformedXML/duplicate_metadata (0.00s)\n","OutputType":"frame"}
{"Time":"2026-09-08T09:31:42.507189387+03:00","Action":"pass","Package":"virmill.local/core/internal/backend/networkxml","Test":"TestMatchRejectsAmbiguousAndMalformedXML/duplicate_metadata","Elapsed":0}
{"Time":"2026-09-08T09:31:42.507192475+03:00","Action":"run","Package":"virmill.local/core/internal/backend/networkxml","Test":"TestMatchRejectsAmbiguousAndMalformedXML/reserved_xmlns_rebind"}
{"Time":"2026-09-08T09:31:42.507194189+03:00","Action":"output","Package":"virmill.local/core/internal/backend/networkxml","Test":"TestMatchRejectsAmbiguousAndMalformedXML/reserved_xmlns_rebind","Output":"=== RUN   TestMatchRejectsAmbiguousAndMalformedXML/reserved_xmlns_rebind\n","OutputType":"frame"}
{"Time":"2026-09-08T09:31:42.507501981+03:00","Action":"output","Package":"virmill.local/core/internal/backend/networkxml","Test":"TestMatchRejectsAmbiguousAndMalformedXML/reserved_xmlns_rebind","Output":"--- PASS: TestMatchRejectsAmbiguousAndMalformedXML/reserved_xmlns_rebind (0.00s)\n","OutputType":"frame"}
{"Time":"2026-09-08T09:31:42.507508016+03:00","Action":"pass","Package":"virmill.local/core/internal/backend/networkxml","Test":"TestMatchRejectsAmbiguousAndMalformedXML/reserved_xmlns_rebind","Elapsed":0}
{"Time":"2026-09-08T09:31:42.507523098+03:00","Action":"run","Package":"virmill.local/core/internal/backend/networkxml","Test":"TestMatchRejectsAmbiguousAndMalformedXML/counter_overflow"}
{"Time":"2026-09-08T09:31:42.507524599+03:00","Action":"output","Package":"virmill.local/core/internal/backend/networkxml","Test":"TestMatchRejectsAmbiguousAndMalformedXML/counter_overflow","Output":"=== RUN   TestMatchRejectsAmbiguousAndMalformedXML/counter_overflow\n","OutputType":"frame"}
{"Time":"2026-09-08T09:31:42.507948989+03:00","Action":"output","Package":"virmill.local/core/internal/backend/networkxml","Test":"TestMatchRejectsAmbiguousAndMalformedXML/counter_overflow","Output":"--- PASS: TestMatchRejectsAmbiguousAndMalformedXML/counter_overflow (0.00s)\n","OutputType":"frame"}
{"Time":"2026-09-08T09:31:42.507958182+03:00","Action":"pass","Package":"virmill.local/core/internal/backend/networkxml","Test":"TestMatchRejectsAmbiguousAndMalformedXML/counter_overflow","Elapsed":0}
{"Time":"2026-09-08T09:31:42.507971671+03:00","Action":"run","Package":"virmill.local/core/internal/backend/networkxml","Test":"TestMatchRejectsAmbiguousAndMalformedXML/bad_MAC_01:00:00:11:22:33"}
{"Time":"2026-09-08T09:31:42.507973219+03:00","Action":"output","Package":"virmill.local/core/internal/backend/networkxml","Test":"TestMatchRejectsAmbiguousAndMalformedXML/bad_MAC_01:00:00:11:22:33","Output":"=== RUN   TestMatchRejectsAmbiguousAndMalformedXML/bad_MAC_01:00:00:11:22:33\n","OutputType":"frame"}
{"Time":"2026-09-08T09:31:42.50843429+03:00","Action":"output","Package":"virmill.local/core/internal/backend/networkxml","Test":"TestMatchRejectsAmbiguousAndMalformedXML/bad_MAC_01:00:00:11:22:33","Output":"--- PASS: TestMatchRejectsAmbiguousAndMalformedXML/bad_MAC_01:00:00:11:22:33 (0.00s)\n","OutputType":"frame"}
{"Time":"2026-09-08T09:31:42.508443584+03:00","Action":"pass","Package":"virmill.local/core/internal/backend/networkxml","Test":"TestMatchRejectsAmbiguousAndMalformedXML/bad_MAC_01:00:00:11:22:33","Elapsed":0}
{"Time":"2026-09-08T09:31:42.50845606+03:00","Action":"run","Package":"virmill.local/core/internal/backend/networkxml","Test":"TestMatchRejectsAmbiguousAndMalformedXML/two_MACs"}
{"Time":"2026-09-08T09:31:42.508459109+03:00","Action":"output","Package":"virmill.local/core/internal/backend/networkxml","Test":"TestMatchRejectsAmbiguousAndMalformedXML/two_MACs","Output":"=== RUN   TestMatchRejectsAmbiguousAndMalformedXML/two_MACs\n","OutputType":"frame"}
{"Time":"2026-09-08T09:31:42.508969252+03:00","Action":"output","Package":"virmill.local/core/internal/backend/networkxml","Test":"TestMatchRejectsAmbiguousAndMalformedXML/two_MACs","Output":"--- PASS: TestMatchRejectsAmbiguousAndMalformedXML/two_MACs (0.00s)\n","OutputType":"frame"}
{"Time":"2026-09-08T09:31:42.508977747+03:00","Action":"pass","Package":"virmill.local/core/internal/backend/networkxml","Test":"TestMatchRejectsAmbiguousAndMalformedXML/two_MACs","Elapsed":0}
{"Time":"2026-09-08T09:31:42.508983835+03:00","Action":"run","Package":"virmill.local/core/internal/backend/networkxml","Test":"TestMatchRejectsAmbiguousAndMalformedXML/truncated"}
{"Time":"2026-09-08T09:31:42.508985891+03:00","Action":"output","Package":"virmill.local/core/internal/backend/networkxml","Test":"TestMatchRejectsAmbiguousAndMalformedXML/truncated","Output":"=== RUN   TestMatchRejectsAmbiguousAndMalformedXML/truncated\n","OutputType":"frame"}
{"Time":"2026-09-08T09:31:42.509446312+03:00","Action":"output","Package":"virmill.local/core/internal/backend/networkxml","Test":"TestMatchRejectsAmbiguousAndMalformedXML/truncated","Output":"--- PASS: TestMatchRejectsAmbiguousAndMalformedXML/truncated (0.00s)\n","OutputType":"frame"}
{"Time":"2026-09-08T09:31:42.509458322+03:00","Action":"pass","Package":"virmill.local/core/internal/backend/networkxml","Test":"TestMatchRejectsAmbiguousAndMalformedXML/truncated","Elapsed":0}
{"Time":"2026-09-08T09:31:42.509474452+03:00","Action":"run","Package":"virmill.local/core/internal/backend/networkxml","Test":"TestMatchRejectsAmbiguousAndMalformedXML/attribute_duplicate_conflict"}
{"Time":"2026-09-08T09:31:42.509476628+03:00","Action":"output","Package":"virmill.local/core/internal/backend/networkxml","Test":"TestMatchRejectsAmbiguousAndMalformedXML/attribute_duplicate_conflict","Output":"=== RUN   TestMatchRejectsAmbiguousAndMalformedXML/attribute_duplicate_conflict\n","OutputType":"frame"}
{"Time":"2026-09-08T09:31:42.509779638+03:00","Action":"output","Package":"virmill.local/core/internal/backend/networkxml","Test":"TestMatchRejectsAmbiguousAndMalformedXML/attribute_duplicate_conflict","Output":"--- PASS: TestMatchRejectsAmbiguousAndMalformedXML/attribute_duplicate_conflict (0.00s)\n","OutputType":"frame"}
{"Time":"2026-09-08T09:31:42.509784154+03:00","Action":"pass","Package":"virmill.local/core/internal/backend/networkxml","Test":"TestMatchRejectsAmbiguousAndMalformedXML/attribute_duplicate_conflict","Elapsed":0}
{"Time":"2026-09-08T09:31:42.50979802+03:00","Action":"run","Package":"virmill.local/core/internal/backend/networkxml","Test":"TestMatchRejectsAmbiguousAndMalformedXML/duplicate_bridge"}
{"Time":"2026-09-08T09:31:42.509800244+03:00","Action":"output","Package":"virmill.local/core/internal/backend/networkxml","Test":"TestMatchRejectsAmbiguousAndMalformedXML/duplicate_bridge","Output":"=== RUN   TestMatchRejectsAmbiguousAndMalformedXML/duplicate_bridge\n","OutputType":"frame"}
{"Time":"2026-09-08T09:31:42.510268276+03:00","Action":"output","Package":"virmill.local/core/internal/backend/networkxml","Test":"TestMatchRejectsAmbiguousAndMalformedXML/duplicate_bridge","Output":"--- PASS: TestMatchRejectsAmbiguousAndMalformedXML/duplicate_bridge (0.00s)\n","OutputType":"frame"}
{"Time":"2026-09-08T09:31:42.510278726+03:00","Action":"pass","Package":"virmill.local/core/internal/backend/networkxml","Test":"TestMatchRejectsAmbiguousAndMalformedXML/duplicate_bridge","Elapsed":0}
{"Time":"2026-09-08T09:31:42.510291694+03:00","Action":"run","Package":"virmill.local/core/internal/backend/networkxml","Test":"TestMatchRejectsAmbiguousAndMalformedXML/namespace_local_spoof"}
{"Time":"2026-09-08T09:31:42.510293876+03:00","Action":"output","Package":"virmill.local/core/internal/backend/networkxml","Test":"TestMatchRejectsAmbiguousAndMalformedXML/namespace_local_spoof","Output":"=== RUN   TestMatchRejectsAmbiguousAndMalformedXML/namespace_local_spoof\n","OutputType":"frame"}
{"Time":"2026-09-08T09:31:42.510785067+03:00","Action":"output","Package":"virmill.local/core/internal/backend/networkxml","Test":"TestMatchRejectsAmbiguousAndMalformedXML/namespace_local_spoof","Output":"--- PASS: TestMatchRejectsAmbiguousAndMalformedXML/namespace_local_spoof (0.00s)\n","OutputType":"frame"}
{"Time":"2026-09-08T09:31:42.510790011+03:00","Action":"pass","Package":"virmill.local/core/internal/backend/networkxml","Test":"TestMatchRejectsAmbiguousAndMalformedXML/namespace_local_spoof","Elapsed":0}
{"Time":"2026-09-08T09:31:42.510806936+03:00","Action":"run","Package":"virmill.local/core/internal/backend/networkxml","Test":"TestMatchRejectsAmbiguousAndMalformedXML/counter_negative"}
{"Time":"2026-09-08T09:31:42.510808624+03:00","Action":"output","Package":"virmill.local/core/internal/backend/networkxml","Test":"TestMatchRejectsAmbiguousAndMalformedXML/counter_negative","Output":"=== RUN   TestMatchRejectsAmbiguousAndMalformedXML/counter_negative\n","OutputType":"frame"}
{"Time":"2026-09-08T09:31:42.511276595+03:00","Action":"output","Package":"virmill.local/core/internal/backend/networkxml","Test":"TestMatchRejectsAmbiguousAndMalformedXML/counter_negative","Output":"--- PASS: TestMatchRejectsAmbiguousAndMalformedXML/counter_negative (0.00s)\n","OutputType":"frame"}
{"Time":"2026-09-08T09:31:42.511281576+03:00","Action":"pass","Package":"virmill.local/core/internal/backend/networkxml","Test":"TestMatchRejectsAmbiguousAndMalformedXML/counter_negative","Elapsed":0}
{"Time":"2026-09-08T09:31:42.511297536+03:00","Action":"run","Package":"virmill.local/core/internal/backend/networkxml","Test":"TestMatchRejectsAmbiguousAndMalformedXML/duplicate_marker_different_prefix"}
{"Time":"2026-09-08T09:31:42.511300093+03:00","Action":"output","Package":"virmill.local/core/internal/backend/networkxml","Test":"TestMatchRejectsAmbiguousAndMalformedXML/duplicate_marker_different_prefix","Output":"=== RUN   TestMatchRejectsAmbiguousAndMalformedXML/duplicate_marker_different_prefix\n","OutputType":"frame"}
{"Time":"2026-09-08T09:31:42.511640543+03:00","Action":"output","Package":"virmill.local/core/internal/backend/networkxml","Test":"TestMatchRejectsAmbiguousAndMalformedXML/duplicate_marker_different_prefix","Output":"--- PASS: TestMatchRejectsAmbiguousAndMalformedXML/duplicate_marker_different_prefix (0.00s)\n","OutputType":"frame"}
{"Time":"2026-09-08T09:31:42.511646686+03:00","Action":"pass","Package":"virmill.local/core/internal/backend/networkxml","Test":"TestMatchRejectsAmbiguousAndMalformedXML/duplicate_marker_different_prefix","Elapsed":0}
{"Time":"2026-09-08T09:31:42.511661354+03:00","Action":"run","Package":"virmill.local/core/internal/backend/networkxml","Test":"TestMatchRejectsAmbiguousAndMalformedXML/bad_MAC_00:00:00:00:00:00"}
{"Time":"2026-09-08T09:31:42.511663546+03:00","Action":"output","Package":"virmill.local/core/internal/backend/networkxml","Test":"TestMatchRejectsAmbiguousAndMalformedXML/bad_MAC_00:00:00:00:00:00","Output":"=== RUN   TestMatchRejectsAmbiguousAndMalformedXML/bad_MAC_00:00:00:00:00:00\n","OutputType":"frame"}
{"Time":"2026-09-08T09:31:42.512100641+03:00","Action":"output","Package":"virmill.local/core/internal/backend/networkxml","Test":"TestMatchRejectsAmbiguousAndMalformedXML/bad_MAC_00:00:00:00:00:00","Output":"--- PASS: TestMatchRejectsAmbiguousAndMalformedXML/bad_MAC_00:00:00:00:00:00 (0.00s)\n","OutputType":"frame"}
{"Time":"2026-09-08T09:31:42.512103737+03:00","Action":"pass","Package":"virmill.local/core/internal/backend/networkxml","Test":"TestMatchRejectsAmbiguousAndMalformedXML/bad_MAC_00:00:00:00:00:00","Elapsed":0}
{"Time":"2026-09-08T09:31:42.512121637+03:00","Action":"run","Package":"virmill.local/core/internal/backend/networkxml","Test":"TestMatchRejectsAmbiguousAndMalformedXML/bad_MAC_52-54-00-11-22-33"}
{"Time":"2026-09-08T09:31:42.512123803+03:00","Action":"output","Package":"virmill.local/core/internal/backend/networkxml","Test":"TestMatchRejectsAmbiguousAndMalformedXML/bad_MAC_52-54-00-11-22-33","Output":"=== RUN   TestMatchRejectsAmbiguousAndMalformedXML/bad_MAC_52-54-00-11-22-33\n","OutputType":"frame"}
{"Time":"2026-09-08T09:31:42.512537343+03:00","Action":"output","Package":"virmill.local/core/internal/backend/networkxml","Test":"TestMatchRejectsAmbiguousAndMalformedXML/bad_MAC_52-54-00-11-22-33","Output":"--- PASS: TestMatchRejectsAmbiguousAndMalformedXML/bad_MAC_52-54-00-11-22-33 (0.00s)\n","OutputType":"frame"}
{"Time":"2026-09-08T09:31:42.512544891+03:00","Action":"pass","Package":"virmill.local/core/internal/backend/networkxml","Test":"TestMatchRejectsAmbiguousAndMalformedXML/bad_MAC_52-54-00-11-22-33","Elapsed":0}
{"Time":"2026-09-08T09:31:42.51255968+03:00","Action":"run","Package":"virmill.local/core/internal/backend/networkxml","Test":"TestMatchRejectsAmbiguousAndMalformedXML/empty"}
{"Time":"2026-09-08T09:31:42.512562076+03:00","Action":"output","Package":"virmill.local/core/internal/backend/networkxml","Test":"TestMatchRejectsAmbiguousAndMalformedXML/empty","Output":"=== RUN   TestMatchRejectsAmbiguousAndMalformedXML/empty\n","OutputType":"frame"}
{"Time":"2026-09-08T09:31:42.512800386+03:00","Action":"output","Package":"virmill.local/core/internal/backend/networkxml","Test":"TestMatchRejectsAmbiguousAndMalformedXML/empty","Output":"--- PASS: TestMatchRejectsAmbiguousAndMalformedXML/empty (0.00s)\n","OutputType":"frame"}
{"Time":"2026-09-08T09:31:42.51281095+03:00","Action":"pass","Package":"virmill.local/core/internal/backend/networkxml","Test":"TestMatchRejectsAmbiguousAndMalformedXML/empty","Elapsed":0}
{"Time":"2026-09-08T09:31:42.512827896+03:00","Action":"run","Package":"virmill.local/core/internal/backend/networkxml","Test":"TestMatchRejectsAmbiguousAndMalformedXML/DTD"}
{"Time":"2026-09-08T09:31:42.512829988+03:00","Action":"output","Package":"virmill.local/core/internal/backend/networkxml","Test":"TestMatchRejectsAmbiguousAndMalformedXML/DTD","Output":"=== RUN   TestMatchRejectsAmbiguousAndMalformedXML/DTD\n","OutputType":"frame"}
{"Time":"2026-09-08T09:31:42.513092751+03:00","Action":"output","Package":"virmill.local/core/internal/backend/networkxml","Test":"TestMatchRejectsAmbiguousAndMalformedXML/DTD","Output":"--- PASS: TestMatchRejectsAmbiguousAndMalformedXML/DTD (0.00s)\n","OutputType":"frame"}
{"Time":"2026-09-08T09:31:42.513099751+03:00","Action":"pass","Package":"virmill.local/core/internal/backend/networkxml","Test":"TestMatchRejectsAmbiguousAndMalformedXML/DTD","Elapsed":0}
{"Time":"2026-09-08T09:31:42.513114284+03:00","Action":"run","Package":"virmill.local/core/internal/backend/networkxml","Test":"TestMatchRejectsAmbiguousAndMalformedXML/duplicate_namespace"}
{"Time":"2026-09-08T09:31:42.513116984+03:00","Action":"output","Package":"virmill.local/core/internal/backend/networkxml","Test":"TestMatchRejectsAmbiguousAndMalformedXML/duplicate_namespace","Output":"=== RUN   TestMatchRejectsAmbiguousAndMalformedXML/duplicate_namespace\n","OutputType":"frame"}
{"Time":"2026-09-08T09:31:42.513439526+03:00","Action":"output","Package":"virmill.local/core/internal/backend/networkxml","Test":"TestMatchRejectsAmbiguousAndMalformedXML/duplicate_namespace","Output":"--- PASS: TestMatchRejectsAmbiguousAndMalformedXML/duplicate_namespace (0.00s)\n","OutputType":"frame"}
{"Time":"2026-09-08T09:31:42.51344894+03:00","Action":"pass","Package":"virmill.local/core/internal/backend/networkxml","Test":"TestMatchRejectsAmbiguousAndMalformedXML/duplicate_namespace","Elapsed":0}
{"Time":"2026-09-08T09:31:42.513461645+03:00","Action":"run","Package":"virmill.local/core/internal/backend/networkxml","Test":"TestMatchRejectsAmbiguousAndMalformedXML/too_many_nodes"}
{"Time":"2026-09-08T09:31:42.513464349+03:00","Action":"output","Package":"virmill.local/core/internal/backend/networkxml","Test":"TestMatchRejectsAmbiguousAndMalformedXML/too_many_nodes","Output":"=== RUN   TestMatchRejectsAmbiguousAndMalformedXML/too_many_nodes\n","OutputType":"frame"}
{"Time":"2026-09-08T09:31:42.513735307+03:00","Action":"output","Package":"virmill.local/core/internal/backend/networkxml","Test":"TestMatchRejectsAmbiguousAndMalformedXML/too_many_nodes","Output":"--- PASS: TestMatchRejectsAmbiguousAndMalformedXML/too_many_nodes (0.00s)\n","OutputType":"frame"}
{"Time":"2026-09-08T09:31:42.513745358+03:00","Action":"pass","Package":"virmill.local/core/internal/backend/networkxml","Test":"TestMatchRejectsAmbiguousAndMalformedXML/too_many_nodes","Elapsed":0}
{"Time":"2026-09-08T09:31:42.513755284+03:00","Action":"run","Package":"virmill.local/core/internal/backend/networkxml","Test":"TestMatchRejectsAmbiguousAndMalformedXML/bad_MAC_garbage"}
{"Time":"2026-09-08T09:31:42.513757603+03:00","Action":"output","Package":"virmill.local/core/internal/backend/networkxml","Test":"TestMatchRejectsAmbiguousAndMalformedXML/bad_MAC_garbage","Output":"=== RUN   TestMatchRejectsAmbiguousAndMalformedXML/bad_MAC_garbage\n","OutputType":"frame"}
{"Time":"2026-09-08T09:31:42.514160887+03:00","Action":"output","Package":"virmill.local/core/internal/backend/networkxml","Test":"TestMatchRejectsAmbiguousAndMalformedXML/bad_MAC_garbage","Output":"--- PASS: TestMatchRejectsAmbiguousAndMalformedXML/bad_MAC_garbage (0.00s)\n","OutputType":"frame"}
{"Time":"2026-09-08T09:31:42.514168605+03:00","Action":"pass","Package":"virmill.local/core/internal/backend/networkxml","Test":"TestMatchRejectsAmbiguousAndMalformedXML/bad_MAC_garbage","Elapsed":0}
{"Time":"2026-09-08T09:31:42.514180711+03:00","Action":"run","Package":"virmill.local/core/internal/backend/networkxml","Test":"TestMatchRejectsAmbiguousAndMalformedXML/MAC_extra_attr"}
{"Time":"2026-09-08T09:31:42.51418279+03:00","Action":"output","Package":"virmill.local/core/internal/backend/networkxml","Test":"TestMatchRejectsAmbiguousAndMalformedXML/MAC_extra_attr","Output":"=== RUN   TestMatchRejectsAmbiguousAndMalformedXML/MAC_extra_attr\n","OutputType":"frame"}
{"Time":"2026-09-08T09:31:42.514610913+03:00","Action":"output","Package":"virmill.local/core/internal/backend/networkxml","Test":"TestMatchRejectsAmbiguousAndMalformedXML/MAC_extra_attr","Output":"--- PASS: TestMatchRejectsAmbiguousAndMalformedXML/MAC_extra_attr (0.00s)\n","OutputType":"frame"}
{"Time":"2026-09-08T09:31:42.514619766+03:00","Action":"pass","Package":"virmill.local/core/internal/backend/networkxml","Test":"TestMatchRejectsAmbiguousAndMalformedXML/MAC_extra_attr","Elapsed":0}
{"Time":"2026-09-08T09:31:42.514635988+03:00","Action":"run","Package":"virmill.local/core/internal/backend/networkxml","Test":"TestMatchRejectsAmbiguousAndMalformedXML/two_roots"}
{"Time":"2026-09-08T09:31:42.514638108+03:00","Action":"output","Package":"virmill.local/core/internal/backend/networkxml","Test":"TestMatchRejectsAmbiguousAndMalformedXML/two_roots","Output":"=== RUN   TestMatchRejectsAmbiguousAndMalformedXML/two_roots\n","OutputType":"frame"}
{"Time":"2026-09-08T09:31:42.515069362+03:00","Action":"output","Package":"virmill.local/core/internal/backend/networkxml","Test":"TestMatchRejectsAmbiguousAndMalformedXML/two_roots","Output":"--- PASS: TestMatchRejectsAmbiguousAndMalformedXML/two_roots (0.00s)\n","OutputType":"frame"}
{"Time":"2026-09-08T09:31:42.515078031+03:00","Action":"pass","Package":"virmill.local/core/internal/backend/networkxml","Test":"TestMatchRejectsAmbiguousAndMalformedXML/two_roots","Elapsed":0}
{"Time":"2026-09-08T09:31:42.515092875+03:00","Action":"run","Package":"virmill.local/core/internal/backend/networkxml","Test":"TestMatchRejectsAmbiguousAndMalformedXML/XML_declaration_unsupported"}
{"Time":"2026-09-08T09:31:42.515095104+03:00","Action":"output","Package":"virmill.local/core/internal/backend/networkxml","Test":"TestMatchRejectsAmbiguousAndMalformedXML/XML_declaration_unsupported","Output":"=== RUN   TestMatchRejectsAmbiguousAndMalformedXML/XML_declaration_unsupported\n","OutputType":"frame"}
{"Time":"2026-09-08T09:31:42.515375425+03:00","Action":"output","Package":"virmill.local/core/internal/backend/networkxml","Test":"TestMatchRejectsAmbiguousAndMalformedXML/XML_declaration_unsupported","Output":"--- PASS: TestMatchRejectsAmbiguousAndMalformedXML/XML_declaration_unsupported (0.00s)\n","OutputType":"frame"}
{"Time":"2026-09-08T09:31:42.515380378+03:00","Action":"pass","Package":"virmill.local/core/internal/backend/networkxml","Test":"TestMatchRejectsAmbiguousAndMalformedXML/XML_declaration_unsupported","Elapsed":0}
{"Time":"2026-09-08T09:31:42.515396253+03:00","Action":"run","Package":"virmill.local/core/internal/backend/networkxml","Test":"TestMatchRejectsAmbiguousAndMalformedXML/attribute_duplicate_same"}
{"Time":"2026-09-08T09:31:42.51539926+03:00","Action":"output","Package":"virmill.local/core/internal/backend/networkxml","Test":"TestMatchRejectsAmbiguousAndMalformedXML/attribute_duplicate_same","Output":"=== RUN   TestMatchRejectsAmbiguousAndMalformedXML/attribute_duplicate_same\n","OutputType":"frame"}
{"Time":"2026-09-08T09:31:42.515677746+03:00","Action":"output","Package":"virmill.local/core/internal/backend/networkxml","Test":"TestMatchRejectsAmbiguousAndMalformedXML/attribute_duplicate_same","Output":"--- PASS: TestMatchRejectsAmbiguousAndMalformedXML/attribute_duplicate_same (0.00s)\n","OutputType":"frame"}
{"Time":"2026-09-08T09:31:42.515684999+03:00","Action":"pass","Package":"virmill.local/core/internal/backend/networkxml","Test":"TestMatchRejectsAmbiguousAndMalformedXML/attribute_duplicate_same","Elapsed":0}
{"Time":"2026-09-08T09:31:42.515697344+03:00","Action":"run","Package":"virmill.local/core/internal/backend/networkxml","Test":"TestMatchRejectsAmbiguousAndMalformedXML/deep"}
{"Time":"2026-09-08T09:31:42.515699694+03:00","Action":"output","Package":"virmill.local/core/internal/backend/networkxml","Test":"TestMatchRejectsAmbiguousAndMalformedXML/deep","Output":"=== RUN   TestMatchRejectsAmbiguousAndMalformedXML/deep\n","OutputType":"frame"}
{"Time":"2026-09-08T09:31:42.515981952+03:00","Action":"output","Package":"virmill.local/core/internal/backend/networkxml","Test":"TestMatchRejectsAmbiguousAndMalformedXML/deep","Output":"--- PASS: TestMatchRejectsAmbiguousAndMalformedXML/deep (0.00s)\n","OutputType":"frame"}
{"Time":"2026-09-08T09:31:42.515988014+03:00","Action":"pass","Package":"virmill.local/core/internal/backend/networkxml","Test":"TestMatchRejectsAmbiguousAndMalformedXML/deep","Elapsed":0}
{"Time":"2026-09-08T09:31:42.516009212+03:00","Action":"output","Package":"virmill.local/core/internal/backend/networkxml","Test":"TestMatchRejectsAmbiguousAndMalformedXML","Output":"--- PASS: TestMatchRejectsAmbiguousAndMalformedXML (0.02s)\n","OutputType":"frame"}
{"Time":"2026-09-08T09:31:42.516012735+03:00","Action":"pass","Package":"virmill.local/core/internal/backend/networkxml","Test":"TestMatchRejectsAmbiguousAndMalformedXML","Elapsed":0.02}
{"Time":"2026-09-08T09:31:42.516026892+03:00","Action":"run","Package":"virmill.local/core/internal/backend/networkxml","Test":"TestMatchLabDoesNotPermitNATOrDHCPInjection"}
{"Time":"2026-09-08T09:31:42.516028954+03:00","Action":"output","Package":"virmill.local/core/internal/backend/networkxml","Test":"TestMatchLabDoesNotPermitNATOrDHCPInjection","Output":"=== RUN   TestMatchLabDoesNotPermitNATOrDHCPInjection\n","OutputType":"frame"}
{"Time":"2026-09-08T09:31:42.517178938+03:00","Action":"output","Package":"virmill.local/core/internal/backend/networkxml","Test":"TestMatchLabDoesNotPermitNATOrDHCPInjection","Output":"--- PASS: TestMatchLabDoesNotPermitNATOrDHCPInjection (0.00s)\n","OutputType":"frame"}
{"Time":"2026-09-08T09:31:42.517185294+03:00","Action":"pass","Package":"virmill.local/core/internal/backend/networkxml","Test":"TestMatchLabDoesNotPermitNATOrDHCPInjection","Elapsed":0}
{"Time":"2026-09-08T09:31:42.517200696+03:00","Action":"run","Package":"virmill.local/core/internal/backend/networkxml","Test":"TestValidateRefusesInvalidIdentitiesAndCIDRs"}
{"Time":"2026-09-08T09:31:42.517202803+03:00","Action":"output","Package":"virmill.local/core/internal/backend/networkxml","Test":"TestValidateRefusesInvalidIdentitiesAndCIDRs","Output":"=== RUN   TestValidateRefusesInvalidIdentitiesAndCIDRs\n","OutputType":"frame"}
{"Time":"2026-09-08T09:31:42.517233769+03:00","Action":"run","Package":"virmill.local/core/internal/backend/networkxml","Test":"TestValidateRefusesInvalidIdentitiesAndCIDRs/empty_UUID"}
{"Time":"2026-09-08T09:31:42.517235951+03:00","Action":"output","Package":"virmill.local/core/internal/backend/networkxml","Test":"TestValidateRefusesInvalidIdentitiesAndCIDRs/empty_UUID","Output":"=== RUN   TestValidateRefusesInvalidIdentitiesAndCIDRs/empty_UUID\n","OutputType":"frame"}
{"Time":"2026-09-08T09:31:42.517279004+03:00","Action":"output","Package":"virmill.local/core/internal/backend/networkxml","Test":"TestValidateRefusesInvalidIdentitiesAndCIDRs/empty_UUID","Output":"--- PASS: TestValidateRefusesInvalidIdentitiesAndCIDRs/empty_UUID (0.00s)\n","OutputType":"frame"}
{"Time":"2026-09-08T09:31:42.517284426+03:00","Action":"pass","Package":"virmill.local/core/internal/backend/networkxml","Test":"TestValidateRefusesInvalidIdentitiesAndCIDRs/empty_UUID","Elapsed":0}
{"Time":"2026-09-08T09:31:42.517300624+03:00","Action":"run","Package":"virmill.local/core/internal/backend/networkxml","Test":"TestValidateRefusesInvalidIdentitiesAndCIDRs/zero_UUID"}
{"Time":"2026-09-08T09:31:42.517302881+03:00","Action":"output","Package":"virmill.local/core/internal/backend/networkxml","Test":"TestValidateRefusesInvalidIdentitiesAndCIDRs/zero_UUID","Output":"=== RUN   TestValidateRefusesInvalidIdentitiesAndCIDRs/zero_UUID\n","OutputType":"frame"}
{"Time":"2026-09-08T09:31:42.517356472+03:00","Action":"output","Package":"virmill.local/core/internal/backend/networkxml","Test":"TestValidateRefusesInvalidIdentitiesAndCIDRs/zero_UUID","Output":"--- PASS: TestValidateRefusesInvalidIdentitiesAndCIDRs/zero_UUID (0.00s)\n","OutputType":"frame"}
{"Time":"2026-09-08T09:31:42.517361972+03:00","Action":"pass","Package":"virmill.local/core/internal/backend/networkxml","Test":"TestValidateRefusesInvalidIdentitiesAndCIDRs/zero_UUID","Elapsed":0}
{"Time":"2026-09-08T09:31:42.517390187+03:00","Action":"run","Package":"virmill.local/core/internal/backend/networkxml","Test":"TestValidateRefusesInvalidIdentitiesAndCIDRs/uppercase_UUID"}
{"Time":"2026-09-08T09:31:42.517392649+03:00","Action":"output","Package":"virmill.local/core/internal/backend/networkxml","Test":"TestValidateRefusesInvalidIdentitiesAndCIDRs/uppercase_UUID","Output":"=== RUN   TestValidateRefusesInvalidIdentitiesAndCIDRs/uppercase_UUID\n","OutputType":"frame"}
{"Time":"2026-09-08T09:31:42.517436061+03:00","Action":"output","Package":"virmill.local/core/internal/backend/networkxml","Test":"TestValidateRefusesInvalidIdentitiesAndCIDRs/uppercase_UUID","Output":"--- PASS: TestValidateRefusesInvalidIdentitiesAndCIDRs/uppercase_UUID (0.00s)\n","OutputType":"frame"}
{"Time":"2026-09-08T09:31:42.517441359+03:00","Action":"pass","Package":"virmill.local/core/internal/backend/networkxml","Test":"TestValidateRefusesInvalidIdentitiesAndCIDRs/uppercase_UUID","Elapsed":0}
{"Time":"2026-09-08T09:31:42.517451845+03:00","Action":"run","Package":"virmill.local/core/internal/backend/networkxml","Test":"TestValidateRefusesInvalidIdentitiesAndCIDRs/UUID_injection"}
{"Time":"2026-09-08T09:31:42.517454241+03:00","Action":"output","Package":"virmill.local/core/internal/backend/networkxml","Test":"TestValidateRefusesInvalidIdentitiesAndCIDRs/UUID_injection","Output":"=== RUN   TestValidateRefusesInvalidIdentitiesAndCIDRs/UUID_injection\n","OutputType":"frame"}
{"Time":"2026-09-08T09:31:42.517494492+03:00","Action":"output","Package":"virmill.local/core/internal/backend/networkxml","Test":"TestValidateRefusesInvalidIdentitiesAndCIDRs/UUID_injection","Output":"--- PASS: TestValidateRefusesInvalidIdentitiesAndCIDRs/UUID_injection (0.00s)\n","OutputType":"frame"}
{"Time":"2026-09-08T09:31:42.517503725+03:00","Action":"pass","Package":"virmill.local/core/internal/backend/networkxml","Test":"TestValidateRefusesInvalidIdentitiesAndCIDRs/UUID_injection","Elapsed":0}
{"Time":"2026-09-08T09:31:42.517514808+03:00","Action":"run","Package":"virmill.local/core/internal/backend/networkxml","Test":"TestValidateRefusesInvalidIdentitiesAndCIDRs/friendly_native_name"}
{"Time":"2026-09-08T09:31:42.517516937+03:00","Action":"output","Package":"virmill.local/core/internal/backend/networkxml","Test":"TestValidateRefusesInvalidIdentitiesAndCIDRs/friendly_native_name","Output":"=== RUN   TestValidateRefusesInvalidIdentitiesAndCIDRs/friendly_native_name\n","OutputType":"frame"}
{"Time":"2026-09-08T09:31:42.51755885+03:00","Action":"output","Package":"virmill.local/core/internal/backend/networkxml","Test":"TestValidateRefusesInvalidIdentitiesAndCIDRs/friendly_native_name","Output":"--- PASS: TestValidateRefusesInvalidIdentitiesAndCIDRs/friendly_native_name (0.00s)\n","OutputType":"frame"}
{"Time":"2026-09-08T09:31:42.517561889+03:00","Action":"pass","Package":"virmill.local/core/internal/backend/networkxml","Test":"TestValidateRefusesInvalidIdentitiesAndCIDRs/friendly_native_name","Elapsed":0}
{"Time":"2026-09-08T09:31:42.51757201+03:00","Action":"run","Package":"virmill.local/core/internal/backend/networkxml","Test":"TestValidateRefusesInvalidIdentitiesAndCIDRs/name_injection"}
{"Time":"2026-09-08T09:31:42.517574224+03:00","Action":"output","Package":"virmill.local/core/internal/backend/networkxml","Test":"TestValidateRefusesInvalidIdentitiesAndCIDRs/name_injection","Output":"=== RUN   TestValidateRefusesInvalidIdentitiesAndCIDRs/name_injection\n","OutputType":"frame"}
{"Time":"2026-09-08T09:31:42.51761181+03:00","Action":"output","Package":"virmill.local/core/internal/backend/networkxml","Test":"TestValidateRefusesInvalidIdentitiesAndCIDRs/name_injection","Output":"--- PASS: TestValidateRefusesInvalidIdentitiesAndCIDRs/name_injection (0.00s)\n","OutputType":"frame"}
{"Time":"2026-09-08T09:31:42.517616832+03:00","Action":"pass","Package":"virmill.local/core/internal/backend/networkxml","Test":"TestValidateRefusesInvalidIdentitiesAndCIDRs/name_injection","Elapsed":0}
{"Time":"2026-09-08T09:31:42.517627855+03:00","Action":"run","Package":"virmill.local/core/internal/backend/networkxml","Test":"TestValidateRefusesInvalidIdentitiesAndCIDRs/unreserved_bridge"}
{"Time":"2026-09-08T09:31:42.517630168+03:00","Action":"output","Package":"virmill.local/core/internal/backend/networkxml","Test":"TestValidateRefusesInvalidIdentitiesAndCIDRs/unreserved_bridge","Output":"=== RUN   TestValidateRefusesInvalidIdentitiesAndCIDRs/unreserved_bridge\n","OutputType":"frame"}
{"Time":"2026-09-08T09:31:42.517668335+03:00","Action":"output","Package":"virmill.local/core/internal/backend/networkxml","Test":"TestValidateRefusesInvalidIdentitiesAndCIDRs/unreserved_bridge","Output":"--- PASS: TestValidateRefusesInvalidIdentitiesAndCIDRs/unreserved_bridge (0.00s)\n","OutputType":"frame"}
{"Time":"2026-09-08T09:31:42.517678624+03:00","Action":"pass","Package":"virmill.local/core/internal/backend/networkxml","Test":"TestValidateRefusesInvalidIdentitiesAndCIDRs/unreserved_bridge","Elapsed":0}
{"Time":"2026-09-08T09:31:42.517683381+03:00","Action":"run","Package":"virmill.local/core/internal/backend/networkxml","Test":"TestValidateRefusesInvalidIdentitiesAndCIDRs/bridge_injection"}
{"Time":"2026-09-08T09:31:42.517684881+03:00","Action":"output","Package":"virmill.local/core/internal/backend/networkxml","Test":"TestValidateRefusesInvalidIdentitiesAndCIDRs/bridge_injection","Output":"=== RUN   TestValidateRefusesInvalidIdentitiesAndCIDRs/bridge_injection\n","OutputType":"frame"}
{"Time":"2026-09-08T09:31:42.517736013+03:00","Action":"output","Package":"virmill.local/core/internal/backend/networkxml","Test":"TestValidateRefusesInvalidIdentitiesAndCIDRs/bridge_injection","Output":"--- PASS: TestValidateRefusesInvalidIdentitiesAndCIDRs/bridge_injection (0.00s)\n","OutputType":"frame"}
{"Time":"2026-09-08T09:31:42.517741229+03:00","Action":"pass","Package":"virmill.local/core/internal/backend/networkxml","Test":"TestValidateRefusesInvalidIdentitiesAndCIDRs/bridge_injection","Elapsed":0}
{"Time":"2026-09-08T09:31:42.517750298+03:00","Action":"run","Package":"virmill.local/core/internal/backend/networkxml","Test":"TestValidateRefusesInvalidIdentitiesAndCIDRs/empty_CIDR"}
{"Time":"2026-09-08T09:31:42.517752401+03:00","Action":"output","Package":"virmill.local/core/internal/backend/networkxml","Test":"TestValidateRefusesInvalidIdentitiesAndCIDRs/empty_CIDR","Output":"=== RUN   TestValidateRefusesInvalidIdentitiesAndCIDRs/empty_CIDR\n","OutputType":"frame"}
{"Time":"2026-09-08T09:31:42.517794584+03:00","Action":"output","Package":"virmill.local/core/internal/backend/networkxml","Test":"TestValidateRefusesInvalidIdentitiesAndCIDRs/empty_CIDR","Output":"--- PASS: TestValidateRefusesInvalidIdentitiesAndCIDRs/empty_CIDR (0.00s)\n","OutputType":"frame"}
{"Time":"2026-09-08T09:31:42.517798769+03:00","Action":"pass","Package":"virmill.local/core/internal/backend/networkxml","Test":"TestValidateRefusesInvalidIdentitiesAndCIDRs/empty_CIDR","Elapsed":0}
{"Time":"2026-09-08T09:31:42.517810954+03:00","Action":"run","Package":"virmill.local/core/internal/backend/networkxml","Test":"TestValidateRefusesInvalidIdentitiesAndCIDRs/host_bits"}
{"Time":"2026-09-08T09:31:42.517813605+03:00","Action":"output","Package":"virmill.local/core/internal/backend/networkxml","Test":"TestValidateRefusesInvalidIdentitiesAndCIDRs/host_bits","Output":"=== RUN   TestValidateRefusesInvalidIdentitiesAndCIDRs/host_bits\n","OutputType":"frame"}
{"Time":"2026-09-08T09:31:42.517861601+03:00","Action":"output","Package":"virmill.local/core/internal/backend/networkxml","Test":"TestValidateRefusesInvalidIdentitiesAndCIDRs/host_bits","Output":"--- PASS: TestValidateRefusesInvalidIdentitiesAndCIDRs/host_bits (0.00s)\n","OutputType":"frame"}
{"Time":"2026-09-08T09:31:42.517873753+03:00","Action":"pass","Package":"virmill.local/core/internal/backend/networkxml","Test":"TestValidateRefusesInvalidIdentitiesAndCIDRs/host_bits","Elapsed":0}
{"Time":"2026-09-08T09:31:42.517876882+03:00","Action":"run","Package":"virmill.local/core/internal/backend/networkxml","Test":"TestValidateRefusesInvalidIdentitiesAndCIDRs/public"}
{"Time":"2026-09-08T09:31:42.517878292+03:00","Action":"output","Package":"virmill.local/core/internal/backend/networkxml","Test":"TestValidateRefusesInvalidIdentitiesAndCIDRs/public","Output":"=== RUN   TestValidateRefusesInvalidIdentitiesAndCIDRs/public\n","OutputType":"frame"}
{"Time":"2026-09-08T09:31:42.517931715+03:00","Action":"output","Package":"virmill.local/core/internal/backend/networkxml","Test":"TestValidateRefusesInvalidIdentitiesAndCIDRs/public","Output":"--- PASS: TestValidateRefusesInvalidIdentitiesAndCIDRs/public (0.00s)\n","OutputType":"frame"}
{"Time":"2026-09-08T09:31:42.517935192+03:00","Action":"pass","Package":"virmill.local/core/internal/backend/networkxml","Test":"TestValidateRefusesInvalidIdentitiesAndCIDRs/public","Elapsed":0}
{"Time":"2026-09-08T09:31:42.517945231+03:00","Action":"run","Package":"virmill.local/core/internal/backend/networkxml","Test":"TestValidateRefusesInvalidIdentitiesAndCIDRs/loopback"}
{"Time":"2026-09-08T09:31:42.51794761+03:00","Action":"output","Package":"virmill.local/core/internal/backend/networkxml","Test":"TestValidateRefusesInvalidIdentitiesAndCIDRs/loopback","Output":"=== RUN   TestValidateRefusesInvalidIdentitiesAndCIDRs/loopback\n","OutputType":"frame"}
{"Time":"2026-09-08T09:31:42.517991889+03:00","Action":"output","Package":"virmill.local/core/internal/backend/networkxml","Test":"TestValidateRefusesInvalidIdentitiesAndCIDRs/loopback","Output":"--- PASS: TestValidateRefusesInvalidIdentitiesAndCIDRs/loopback (0.00s)\n","OutputType":"frame"}
{"Time":"2026-09-08T09:31:42.518002329+03:00","Action":"pass","Package":"virmill.local/core/internal/backend/networkxml","Test":"TestValidateRefusesInvalidIdentitiesAndCIDRs/loopback","Elapsed":0}
{"Time":"2026-09-08T09:31:42.518012149+03:00","Action":"run","Package":"virmill.local/core/internal/backend/networkxml","Test":"TestValidateRefusesInvalidIdentitiesAndCIDRs/CGNAT"}
{"Time":"2026-09-08T09:31:42.518014303+03:00","Action":"output","Package":"virmill.local/core/internal/backend/networkxml","Test":"TestValidateRefusesInvalidIdentitiesAndCIDRs/CGNAT","Output":"=== RUN   TestValidateRefusesInvalidIdentitiesAndCIDRs/CGNAT\n","OutputType":"frame"}
{"Time":"2026-09-08T09:31:42.518061813+03:00","Action":"output","Package":"virmill.local/core/internal/backend/networkxml","Test":"TestValidateRefusesInvalidIdentitiesAndCIDRs/CGNAT","Output":"--- PASS: TestValidateRefusesInvalidIdentitiesAndCIDRs/CGNAT (0.00s)\n","OutputType":"frame"}
{"Time":"2026-09-08T09:31:42.518065039+03:00","Action":"pass","Package":"virmill.local/core/internal/backend/networkxml","Test":"TestValidateRefusesInvalidIdentitiesAndCIDRs/CGNAT","Elapsed":0}
{"Time":"2026-09-08T09:31:42.51807359+03:00","Action":"run","Package":"virmill.local/core/internal/backend/networkxml","Test":"TestValidateRefusesInvalidIdentitiesAndCIDRs/link_local"}
{"Time":"2026-09-08T09:31:42.518075721+03:00","Action":"output","Package":"virmill.local/core/internal/backend/networkxml","Test":"TestValidateRefusesInvalidIdentitiesAndCIDRs/link_local","Output":"=== RUN   TestValidateRefusesInvalidIdentitiesAndCIDRs/link_local\n","OutputType":"frame"}
{"Time":"2026-09-08T09:31:42.518121881+03:00","Action":"output","Package":"virmill.local/core/internal/backend/networkxml","Test":"TestValidateRefusesInvalidIdentitiesAndCIDRs/link_local","Output":"--- PASS: TestValidateRefusesInvalidIdentitiesAndCIDRs/link_local (0.00s)\n","OutputType":"frame"}
{"Time":"2026-09-08T09:31:42.518125125+03:00","Action":"pass","Package":"virmill.local/core/internal/backend/networkxml","Test":"TestValidateRefusesInvalidIdentitiesAndCIDRs/link_local","Elapsed":0}
{"Time":"2026-09-08T09:31:42.518143038+03:00","Action":"run","Package":"virmill.local/core/internal/backend/networkxml","Test":"TestValidateRefusesInvalidIdentitiesAndCIDRs/crosses_private_boundary"}
{"Time":"2026-09-08T09:31:42.518145323+03:00","Action":"output","Package":"virmill.local/core/internal/backend/networkxml","Test":"TestValidateRefusesInvalidIdentitiesAndCIDRs/crosses_private_boundary","Output":"=== RUN   TestValidateRefusesInvalidIdentitiesAndCIDRs/crosses_private_boundary\n","OutputType":"frame"}
{"Time":"2026-09-08T09:31:42.518193925+03:00","Action":"output","Package":"virmill.local/core/internal/backend/networkxml","Test":"TestValidateRefusesInvalidIdentitiesAndCIDRs/crosses_private_boundary","Output":"--- PASS: TestValidateRefusesInvalidIdentitiesAndCIDRs/crosses_private_boundary (0.00s)\n","OutputType":"frame"}
{"Time":"2026-09-08T09:31:42.518204884+03:00","Action":"pass","Package":"virmill.local/core/internal/backend/networkxml","Test":"TestValidateRefusesInvalidIdentitiesAndCIDRs/crosses_private_boundary","Elapsed":0}
{"Time":"2026-09-08T09:31:42.518213644+03:00","Action":"run","Package":"virmill.local/core/internal/backend/networkxml","Test":"TestValidateRefusesInvalidIdentitiesAndCIDRs/crosses_second_private_boundary"}
{"Time":"2026-09-08T09:31:42.518215676+03:00","Action":"output","Package":"virmill.local/core/internal/backend/networkxml","Test":"TestValidateRefusesInvalidIdentitiesAndCIDRs/crosses_second_private_boundary","Output":"=== RUN   TestValidateRefusesInvalidIdentitiesAndCIDRs/crosses_second_private_boundary\n","OutputType":"frame"}
{"Time":"2026-09-08T09:31:42.518257736+03:00","Action":"output","Package":"virmill.local/core/internal/backend/networkxml","Test":"TestValidateRefusesInvalidIdentitiesAndCIDRs/crosses_second_private_boundary","Output":"--- PASS: TestValidateRefusesInvalidIdentitiesAndCIDRs/crosses_second_private_boundary (0.00s)\n","OutputType":"frame"}
{"Time":"2026-09-08T09:31:42.518266871+03:00","Action":"pass","Package":"virmill.local/core/internal/backend/networkxml","Test":"TestValidateRefusesInvalidIdentitiesAndCIDRs/crosses_second_private_boundary","Elapsed":0}
{"Time":"2026-09-08T09:31:42.518275633+03:00","Action":"run","Package":"virmill.local/core/internal/backend/networkxml","Test":"TestValidateRefusesInvalidIdentitiesAndCIDRs/too_broad"}
{"Time":"2026-09-08T09:31:42.518277671+03:00","Action":"output","Package":"virmill.local/core/internal/backend/networkxml","Test":"TestValidateRefusesInvalidIdentitiesAndCIDRs/too_broad","Output":"=== RUN   TestValidateRefusesInvalidIdentitiesAndCIDRs/too_broad\n","OutputType":"frame"}
{"Time":"2026-09-08T09:31:42.518316192+03:00","Action":"output","Package":"virmill.local/core/internal/backend/networkxml","Test":"TestValidateRefusesInvalidIdentitiesAndCIDRs/too_broad","Output":"--- PASS: TestValidateRefusesInvalidIdentitiesAndCIDRs/too_broad (0.00s)\n","OutputType":"frame"}
{"Time":"2026-09-08T09:31:42.518325939+03:00","Action":"pass","Package":"virmill.local/core/internal/backend/networkxml","Test":"TestValidateRefusesInvalidIdentitiesAndCIDRs/too_broad","Elapsed":0}
{"Time":"2026-09-08T09:31:42.518337715+03:00","Action":"run","Package":"virmill.local/core/internal/backend/networkxml","Test":"TestValidateRefusesInvalidIdentitiesAndCIDRs/no_DHCP_space"}
{"Time":"2026-09-08T09:31:42.518340314+03:00","Action":"output","Package":"virmill.local/core/internal/backend/networkxml","Test":"TestValidateRefusesInvalidIdentitiesAndCIDRs/no_DHCP_space","Output":"=== RUN   TestValidateRefusesInvalidIdentitiesAndCIDRs/no_DHCP_space\n","OutputType":"frame"}
{"Time":"2026-09-08T09:31:42.518377776+03:00","Action":"output","Package":"virmill.local/core/internal/backend/networkxml","Test":"TestValidateRefusesInvalidIdentitiesAndCIDRs/no_DHCP_space","Output":"--- PASS: TestValidateRefusesInvalidIdentitiesAndCIDRs/no_DHCP_space (0.00s)\n","OutputType":"frame"}
{"Time":"2026-09-08T09:31:42.518386991+03:00","Action":"pass","Package":"virmill.local/core/internal/backend/networkxml","Test":"TestValidateRefusesInvalidIdentitiesAndCIDRs/no_DHCP_space","Elapsed":0}
{"Time":"2026-09-08T09:31:42.518400594+03:00","Action":"run","Package":"virmill.local/core/internal/backend/networkxml","Test":"TestValidateRefusesInvalidIdentitiesAndCIDRs/IPv6"}
{"Time":"2026-09-08T09:31:42.518402979+03:00","Action":"output","Package":"virmill.local/core/internal/backend/networkxml","Test":"TestValidateRefusesInvalidIdentitiesAndCIDRs/IPv6","Output":"=== RUN   TestValidateRefusesInvalidIdentitiesAndCIDRs/IPv6\n","OutputType":"frame"}
{"Time":"2026-09-08T09:31:42.518442842+03:00","Action":"output","Package":"virmill.local/core/internal/backend/networkxml","Test":"TestValidateRefusesInvalidIdentitiesAndCIDRs/IPv6","Output":"--- PASS: TestValidateRefusesInvalidIdentitiesAndCIDRs/IPv6 (0.00s)\n","OutputType":"frame"}
{"Time":"2026-09-08T09:31:42.518445858+03:00","Action":"pass","Package":"virmill.local/core/internal/backend/networkxml","Test":"TestValidateRefusesInvalidIdentitiesAndCIDRs/IPv6","Elapsed":0}
{"Time":"2026-09-08T09:31:42.518455103+03:00","Action":"run","Package":"virmill.local/core/internal/backend/networkxml","Test":"TestValidateRefusesInvalidIdentitiesAndCIDRs/mapped_IPv4"}
{"Time":"2026-09-08T09:31:42.518457767+03:00","Action":"output","Package":"virmill.local/core/internal/backend/networkxml","Test":"TestValidateRefusesInvalidIdentitiesAndCIDRs/mapped_IPv4","Output":"=== RUN   TestValidateRefusesInvalidIdentitiesAndCIDRs/mapped_IPv4\n","OutputType":"frame"}
{"Time":"2026-09-08T09:31:42.518501266+03:00","Action":"output","Package":"virmill.local/core/internal/backend/networkxml","Test":"TestValidateRefusesInvalidIdentitiesAndCIDRs/mapped_IPv4","Output":"--- PASS: TestValidateRefusesInvalidIdentitiesAndCIDRs/mapped_IPv4 (0.00s)\n","OutputType":"frame"}
{"Time":"2026-09-08T09:31:42.518506475+03:00","Action":"pass","Package":"virmill.local/core/internal/backend/networkxml","Test":"TestValidateRefusesInvalidIdentitiesAndCIDRs/mapped_IPv4","Elapsed":0}
{"Time":"2026-09-08T09:31:42.518517148+03:00","Action":"run","Package":"virmill.local/core/internal/backend/networkxml","Test":"TestValidateRefusesInvalidIdentitiesAndCIDRs/noncanonical_prefix"}
{"Time":"2026-09-08T09:31:42.518519248+03:00","Action":"output","Package":"virmill.local/core/internal/backend/networkxml","Test":"TestValidateRefusesInvalidIdentitiesAndCIDRs/noncanonical_prefix","Output":"=== RUN   TestValidateRefusesInvalidIdentitiesAndCIDRs/noncanonical_prefix\n","OutputType":"frame"}
{"Time":"2026-09-08T09:31:42.518560743+03:00","Action":"output","Package":"virmill.local/core/internal/backend/networkxml","Test":"TestValidateRefusesInvalidIdentitiesAndCIDRs/noncanonical_prefix","Output":"--- PASS: TestValidateRefusesInvalidIdentitiesAndCIDRs/noncanonical_prefix (0.00s)\n","OutputType":"frame"}
{"Time":"2026-09-08T09:31:42.518568365+03:00","Action":"pass","Package":"virmill.local/core/internal/backend/networkxml","Test":"TestValidateRefusesInvalidIdentitiesAndCIDRs/noncanonical_prefix","Elapsed":0}
{"Time":"2026-09-08T09:31:42.518581222+03:00","Action":"run","Package":"virmill.local/core/internal/backend/networkxml","Test":"TestValidateRefusesInvalidIdentitiesAndCIDRs/whitespace"}
{"Time":"2026-09-08T09:31:42.518583337+03:00","Action":"output","Package":"virmill.local/core/internal/backend/networkxml","Test":"TestValidateRefusesInvalidIdentitiesAndCIDRs/whitespace","Output":"=== RUN   TestValidateRefusesInvalidIdentitiesAndCIDRs/whitespace\n","OutputType":"frame"}
{"Time":"2026-09-08T09:31:42.518638496+03:00","Action":"output","Package":"virmill.local/core/internal/backend/networkxml","Test":"TestValidateRefusesInvalidIdentitiesAndCIDRs/whitespace","Output":"--- PASS: TestValidateRefusesInvalidIdentitiesAndCIDRs/whitespace (0.00s)\n","OutputType":"frame"}
{"Time":"2026-09-08T09:31:42.518642974+03:00","Action":"pass","Package":"virmill.local/core/internal/backend/networkxml","Test":"TestValidateRefusesInvalidIdentitiesAndCIDRs/whitespace","Elapsed":0}
{"Time":"2026-09-08T09:31:42.518659621+03:00","Action":"output","Package":"virmill.local/core/internal/backend/networkxml","Test":"TestValidateRefusesInvalidIdentitiesAndCIDRs","Output":"--- PASS: TestValidateRefusesInvalidIdentitiesAndCIDRs (0.00s)\n","OutputType":"frame"}
{"Time":"2026-09-08T09:31:42.518663766+03:00","Action":"pass","Package":"virmill.local/core/internal/backend/networkxml","Test":"TestValidateRefusesInvalidIdentitiesAndCIDRs","Elapsed":0}
{"Time":"2026-09-08T09:31:42.518676181+03:00","Action":"run","Package":"virmill.local/core/internal/backend/networkxml","Test":"TestValidateRefusesUnsupportedPolicy"}
{"Time":"2026-09-08T09:31:42.518678271+03:00","Action":"output","Package":"virmill.local/core/internal/backend/networkxml","Test":"TestValidateRefusesUnsupportedPolicy","Output":"=== RUN   TestValidateRefusesUnsupportedPolicy\n","OutputType":"frame"}
{"Time":"2026-09-08T09:31:42.518690086+03:00","Action":"run","Package":"virmill.local/core/internal/backend/networkxml","Test":"TestValidateRefusesUnsupportedPolicy/unknown_type"}
{"Time":"2026-09-08T09:31:42.5186922+03:00","Action":"output","Package":"virmill.local/core/internal/backend/networkxml","Test":"TestValidateRefusesUnsupportedPolicy/unknown_type","Output":"=== RUN   TestValidateRefusesUnsupportedPolicy/unknown_type\n","OutputType":"frame"}
{"Time":"2026-09-08T09:31:42.518777433+03:00","Action":"output","Package":"virmill.local/core/internal/backend/networkxml","Test":"TestValidateRefusesUnsupportedPolicy/unknown_type","Output":"--- PASS: TestValidateRefusesUnsupportedPolicy/unknown_type (0.00s)\n","OutputType":"frame"}
{"Time":"2026-09-08T09:31:42.518782422+03:00","Action":"pass","Package":"virmill.local/core/internal/backend/networkxml","Test":"TestValidateRefusesUnsupportedPolicy/unknown_type","Elapsed":0}
{"Time":"2026-09-08T09:31:42.518793458+03:00","Action":"run","Package":"virmill.local/core/internal/backend/networkxml","Test":"TestValidateRefusesUnsupportedPolicy/internet-only"}
{"Time":"2026-09-08T09:31:42.518795496+03:00","Action":"output","Package":"virmill.local/core/internal/backend/networkxml","Test":"TestValidateRefusesUnsupportedPolicy/internet-only","Output":"=== RUN   TestValidateRefusesUnsupportedPolicy/internet-only\n","OutputType":"frame"}
{"Time":"2026-09-08T09:31:42.518831942+03:00","Action":"output","Package":"virmill.local/core/internal/backend/networkxml","Test":"TestValidateRefusesUnsupportedPolicy/internet-only","Output":"--- PASS: TestValidateRefusesUnsupportedPolicy/internet-only (0.00s)\n","OutputType":"frame"}
{"Time":"2026-09-08T09:31:42.51884116+03:00","Action":"pass","Package":"virmill.local/core/internal/backend/networkxml","Test":"TestValidateRefusesUnsupportedPolicy/internet-only","Elapsed":0}
{"Time":"2026-09-08T09:31:42.518848205+03:00","Action":"run","Package":"virmill.local/core/internal/backend/networkxml","Test":"TestValidateRefusesUnsupportedPolicy/NAT_no_egress"}
{"Time":"2026-09-08T09:31:42.51885018+03:00","Action":"output","Package":"virmill.local/core/internal/backend/networkxml","Test":"TestValidateRefusesUnsupportedPolicy/NAT_no_egress","Output":"=== RUN   TestValidateRefusesUnsupportedPolicy/NAT_no_egress\n","OutputType":"frame"}
{"Time":"2026-09-08T09:31:42.518885905+03:00","Action":"output","Package":"virmill.local/core/internal/backend/networkxml","Test":"TestValidateRefusesUnsupportedPolicy/NAT_no_egress","Output":"--- PASS: TestValidateRefusesUnsupportedPolicy/NAT_no_egress (0.00s)\n","OutputType":"frame"}
{"Time":"2026-09-08T09:31:42.518895208+03:00","Action":"pass","Package":"virmill.local/core/internal/backend/networkxml","Test":"TestValidateRefusesUnsupportedPolicy/NAT_no_egress","Elapsed":0}
{"Time":"2026-09-08T09:31:42.518905712+03:00","Action":"run","Package":"virmill.local/core/internal/backend/networkxml","Test":"TestValidateRefusesUnsupportedPolicy/NAT_DHCP_without_route"}
{"Time":"2026-09-08T09:31:42.518907778+03:00","Action":"output","Package":"virmill.local/core/internal/backend/networkxml","Test":"TestValidateRefusesUnsupportedPolicy/NAT_DHCP_without_route","Output":"=== RUN   TestValidateRefusesUnsupportedPolicy/NAT_DHCP_without_route\n","OutputType":"frame"}
{"Time":"2026-09-08T09:31:42.518950062+03:00","Action":"output","Package":"virmill.local/core/internal/backend/networkxml","Test":"TestValidateRefusesUnsupportedPolicy/NAT_DHCP_without_route","Output":"--- PASS: TestValidateRefusesUnsupportedPolicy/NAT_DHCP_without_route (0.00s)\n","OutputType":"frame"}
{"Time":"2026-09-08T09:31:42.518953107+03:00","Action":"pass","Package":"virmill.local/core/internal/backend/networkxml","Test":"TestValidateRefusesUnsupportedPolicy/NAT_DHCP_without_route","Elapsed":0}
{"Time":"2026-09-08T09:31:42.51896341+03:00","Action":"run","Package":"virmill.local/core/internal/backend/networkxml","Test":"TestValidateRefusesUnsupportedPolicy/route_without_DHCP"}
{"Time":"2026-09-08T09:31:42.518965594+03:00","Action":"output","Package":"virmill.local/core/internal/backend/networkxml","Test":"TestValidateRefusesUnsupportedPolicy/route_without_DHCP","Output":"=== RUN   TestValidateRefusesUnsupportedPolicy/route_without_DHCP\n","OutputType":"frame"}
{"Time":"2026-09-08T09:31:42.519000148+03:00","Action":"output","Package":"virmill.local/core/internal/backend/networkxml","Test":"TestValidateRefusesUnsupportedPolicy/route_without_DHCP","Output":"--- PASS: TestValidateRefusesUnsupportedPolicy/route_without_DHCP (0.00s)\n","OutputType":"frame"}
{"Time":"2026-09-08T09:31:42.519008997+03:00","Action":"pass","Package":"virmill.local/core/internal/backend/networkxml","Test":"TestValidateRefusesUnsupportedPolicy/route_without_DHCP","Elapsed":0}
{"Time":"2026-09-08T09:31:42.519021208+03:00","Action":"run","Package":"virmill.local/core/internal/backend/networkxml","Test":"TestValidateRefusesUnsupportedPolicy/host_denied_NAT"}
{"Time":"2026-09-08T09:31:42.51902339+03:00","Action":"output","Package":"virmill.local/core/internal/backend/networkxml","Test":"TestValidateRefusesUnsupportedPolicy/host_denied_NAT","Output":"=== RUN   TestValidateRefusesUnsupportedPolicy/host_denied_NAT\n","OutputType":"frame"}
{"Time":"2026-09-08T09:31:42.519067548+03:00","Action":"output","Package":"virmill.local/core/internal/backend/networkxml","Test":"TestValidateRefusesUnsupportedPolicy/host_denied_NAT","Output":"--- PASS: TestValidateRefusesUnsupportedPolicy/host_denied_NAT (0.00s)\n","OutputType":"frame"}
{"Time":"2026-09-08T09:31:42.519074966+03:00","Action":"pass","Package":"virmill.local/core/internal/backend/networkxml","Test":"TestValidateRefusesUnsupportedPolicy/host_denied_NAT","Elapsed":0}
{"Time":"2026-09-08T09:31:42.519099465+03:00","Action":"run","Package":"virmill.local/core/internal/backend/networkxml","Test":"TestValidateRefusesUnsupportedPolicy/guest_only"}
{"Time":"2026-09-08T09:31:42.519101564+03:00","Action":"output","Package":"virmill.local/core/internal/backend/networkxml","Test":"TestValidateRefusesUnsupportedPolicy/guest_only","Output":"=== RUN   TestValidateRefusesUnsupportedPolicy/guest_only\n","OutputType":"frame"}
{"Time":"2026-09-08T09:31:42.519119904+03:00","Action":"output","Package":"virmill.local/core/internal/backend/networkxml","Test":"TestValidateRefusesUnsupportedPolicy/guest_only","Output":"--- PASS: TestValidateRefusesUnsupportedPolicy/guest_only (0.00s)\n","OutputType":"frame"}
{"Time":"2026-09-08T09:31:42.519127235+03:00","Action":"pass","Package":"virmill.local/core/internal/backend/networkxml","Test":"TestValidateRefusesUnsupportedPolicy/guest_only","Elapsed":0}
{"Time":"2026-09-08T09:31:42.519135861+03:00","Action":"run","Package":"virmill.local/core/internal/backend/networkxml","Test":"TestValidateRefusesUnsupportedPolicy/implicit_host_policy"}
{"Time":"2026-09-08T09:31:42.519137898+03:00","Action":"output","Package":"virmill.local/core/internal/backend/networkxml","Test":"TestValidateRefusesUnsupportedPolicy/implicit_host_policy","Output":"=== RUN   TestValidateRefusesUnsupportedPolicy/implicit_host_policy\n","OutputType":"frame"}
{"Time":"2026-09-08T09:31:42.519169635+03:00","Action":"output","Package":"virmill.local/core/internal/backend/networkxml","Test":"TestValidateRefusesUnsupportedPolicy/implicit_host_policy","Output":"--- PASS: TestValidateRefusesUnsupportedPolicy/implicit_host_policy (0.00s)\n","OutputType":"frame"}
{"Time":"2026-09-08T09:31:42.519177099+03:00","Action":"pass","Package":"virmill.local/core/internal/backend/networkxml","Test":"TestValidateRefusesUnsupportedPolicy/implicit_host_policy","Elapsed":0}
{"Time":"2026-09-08T09:31:42.519192262+03:00","Action":"run","Package":"virmill.local/core/internal/backend/networkxml","Test":"TestValidateRefusesUnsupportedPolicy/IPv6_NAT"}
{"Time":"2026-09-08T09:31:42.519194301+03:00","Action":"output","Package":"virmill.local/core/internal/backend/networkxml","Test":"TestValidateRefusesUnsupportedPolicy/IPv6_NAT","Output":"=== RUN   TestValidateRefusesUnsupportedPolicy/IPv6_NAT\n","OutputType":"frame"}
{"Time":"2026-09-08T09:31:42.519225755+03:00","Action":"output","Package":"virmill.local/core/internal/backend/networkxml","Test":"TestValidateRefusesUnsupportedPolicy/IPv6_NAT","Output":"--- PASS: TestValidateRefusesUnsupportedPolicy/IPv6_NAT (0.00s)\n","OutputType":"frame"}
{"Time":"2026-09-08T09:31:42.519234545+03:00","Action":"pass","Package":"virmill.local/core/internal/backend/networkxml","Test":"TestValidateRefusesUnsupportedPolicy/IPv6_NAT","Elapsed":0}
{"Time":"2026-09-08T09:31:42.519243804+03:00","Action":"run","Package":"virmill.local/core/internal/backend/networkxml","Test":"TestValidateRefusesUnsupportedPolicy/implicit_IPv6"}
{"Time":"2026-09-08T09:31:42.519245929+03:00","Action":"output","Package":"virmill.local/core/internal/backend/networkxml","Test":"TestValidateRefusesUnsupportedPolicy/implicit_IPv6","Output":"=== RUN   TestValidateRefusesUnsupportedPolicy/implicit_IPv6\n","OutputType":"frame"}
{"Time":"2026-09-08T09:31:42.519277381+03:00","Action":"output","Package":"virmill.local/core/internal/backend/networkxml","Test":"TestValidateRefusesUnsupportedPolicy/implicit_IPv6","Output":"--- PASS: TestValidateRefusesUnsupportedPolicy/implicit_IPv6 (0.00s)\n","OutputType":"frame"}
{"Time":"2026-09-08T09:31:42.519282123+03:00","Action":"pass","Package":"virmill.local/core/internal/backend/networkxml","Test":"TestValidateRefusesUnsupportedPolicy/implicit_IPv6","Elapsed":0}
{"Time":"2026-09-08T09:31:42.51929085+03:00","Action":"run","Package":"virmill.local/core/internal/backend/networkxml","Test":"TestValidateRefusesUnsupportedPolicy/lab_forwarding"}
{"Time":"2026-09-08T09:31:42.519292872+03:00","Action":"output","Package":"virmill.local/core/internal/backend/networkxml","Test":"TestValidateRefusesUnsupportedPolicy/lab_forwarding","Output":"=== RUN   TestValidateRefusesUnsupportedPolicy/lab_forwarding\n","OutputType":"frame"}
{"Time":"2026-09-08T09:31:42.519335624+03:00","Action":"output","Package":"virmill.local/core/internal/backend/networkxml","Test":"TestValidateRefusesUnsupportedPolicy/lab_forwarding","Output":"--- PASS: TestValidateRefusesUnsupportedPolicy/lab_forwarding (0.00s)\n","OutputType":"frame"}
{"Time":"2026-09-08T09:31:42.519341546+03:00","Action":"pass","Package":"virmill.local/core/internal/backend/networkxml","Test":"TestValidateRefusesUnsupportedPolicy/lab_forwarding","Elapsed":0}
{"Time":"2026-09-08T09:31:42.519350641+03:00","Action":"run","Package":"virmill.local/core/internal/backend/networkxml","Test":"TestValidateRefusesUnsupportedPolicy/lab_default_route"}
{"Time":"2026-09-08T09:31:42.51935319+03:00","Action":"output","Package":"virmill.local/core/internal/backend/networkxml","Test":"TestValidateRefusesUnsupportedPolicy/lab_default_route","Output":"=== RUN   TestValidateRefusesUnsupportedPolicy/lab_default_route\n","OutputType":"frame"}
{"Time":"2026-09-08T09:31:42.519390515+03:00","Action":"output","Package":"virmill.local/core/internal/backend/networkxml","Test":"TestValidateRefusesUnsupportedPolicy/lab_default_route","Output":"--- PASS: TestValidateRefusesUnsupportedPolicy/lab_default_route (0.00s)\n","OutputType":"frame"}
{"Time":"2026-09-08T09:31:42.519397559+03:00","Action":"pass","Package":"virmill.local/core/internal/backend/networkxml","Test":"TestValidateRefusesUnsupportedPolicy/lab_default_route","Elapsed":0}
{"Time":"2026-09-08T09:31:42.519413542+03:00","Action":"output","Package":"virmill.local/core/internal/backend/networkxml","Test":"TestValidateRefusesUnsupportedPolicy","Output":"--- PASS: TestValidateRefusesUnsupportedPolicy (0.00s)\n","OutputType":"frame"}
{"Time":"2026-09-08T09:31:42.519417545+03:00","Action":"pass","Package":"virmill.local/core/internal/backend/networkxml","Test":"TestValidateRefusesUnsupportedPolicy","Elapsed":0}
{"Time":"2026-09-08T09:31:42.519431095+03:00","Action":"run","Package":"virmill.local/core/internal/backend/networkxml","Test":"TestRenderFixedProfileAndAddressBoundaries"}
{"Time":"2026-09-08T09:31:42.519433205+03:00","Action":"output","Package":"virmill.local/core/internal/backend/networkxml","Test":"TestRenderFixedProfileAndAddressBoundaries","Output":"=== RUN   TestRenderFixedProfileAndAddressBoundaries\n","OutputType":"frame"}
{"Time":"2026-09-08T09:31:42.519453425+03:00","Action":"run","Package":"virmill.local/core/internal/backend/networkxml","Test":"TestRenderFixedProfileAndAddressBoundaries/10.0.0.0/8/nat/DHCP"}
{"Time":"2026-09-08T09:31:42.519455503+03:00","Action":"output","Package":"virmill.local/core/internal/backend/networkxml","Test":"TestRenderFixedProfileAndAddressBoundaries/10.0.0.0/8/nat/DHCP","Output":"=== RUN   TestRenderFixedProfileAndAddressBoundaries/10.0.0.0/8/nat/DHCP\n","OutputType":"frame"}
{"Time":"2026-09-08T09:31:42.519984605+03:00","Action":"output","Package":"virmill.local/core/internal/backend/networkxml","Test":"TestRenderFixedProfileAndAddressBoundaries/10.0.0.0/8/nat/DHCP","Output":"--- PASS: TestRenderFixedProfileAndAddressBoundaries/10.0.0.0/8/nat/DHCP (0.00s)\n","OutputType":"frame"}
{"Time":"2026-09-08T09:31:42.519994063+03:00","Action":"pass","Package":"virmill.local/core/internal/backend/networkxml","Test":"TestRenderFixedProfileAndAddressBoundaries/10.0.0.0/8/nat/DHCP","Elapsed":0}
{"Time":"2026-09-08T09:31:42.520005252+03:00","Action":"run","Package":"virmill.local/core/internal/backend/networkxml","Test":"TestRenderFixedProfileAndAddressBoundaries/10.0.0.0/8/nat/static"}
{"Time":"2026-09-08T09:31:42.520007298+03:00","Action":"output","Package":"virmill.local/core/internal/backend/networkxml","Test":"TestRenderFixedProfileAndAddressBoundaries/10.0.0.0/8/nat/static","Output":"=== RUN   TestRenderFixedProfileAndAddressBoundaries/10.0.0.0/8/nat/static\n","OutputType":"frame"}
{"Time":"2026-09-08T09:31:42.520518757+03:00","Action":"output","Package":"virmill.local/core/internal/backend/networkxml","Test":"TestRenderFixedProfileAndAddressBoundaries/10.0.0.0/8/nat/static","Output":"--- PASS: TestRenderFixedProfileAndAddressBoundaries/10.0.0.0/8/nat/static (0.00s)\n","OutputType":"frame"}
{"Time":"2026-09-08T09:31:42.520530298+03:00","Action":"pass","Package":"virmill.local/core/internal/backend/networkxml","Test":"TestRenderFixedProfileAndAddressBoundaries/10.0.0.0/8/nat/static","Elapsed":0}
{"Time":"2026-09-08T09:31:42.520546131+03:00","Action":"run","Package":"virmill.local/core/internal/backend/networkxml","Test":"TestRenderFixedProfileAndAddressBoundaries/10.0.0.0/8/lab/DHCP"}
{"Time":"2026-09-08T09:31:42.520548521+03:00","Action":"output","Package":"virmill.local/core/internal/backend/networkxml","Test":"TestRenderFixedProfileAndAddressBoundaries/10.0.0.0/8/lab/DHCP","Output":"=== RUN   TestRenderFixedProfileAndAddressBoundaries/10.0.0.0/8/lab/DHCP\n","OutputType":"frame"}
{"Time":"2026-09-08T09:31:42.520984283+03:00","Action":"output","Package":"virmill.local/core/internal/backend/networkxml","Test":"TestRenderFixedProfileAndAddressBoundaries/10.0.0.0/8/lab/DHCP","Output":"--- PASS: TestRenderFixedProfileAndAddressBoundaries/10.0.0.0/8/lab/DHCP (0.00s)\n","OutputType":"frame"}
{"Time":"2026-09-08T09:31:42.520992455+03:00","Action":"pass","Package":"virmill.local/core/internal/backend/networkxml","Test":"TestRenderFixedProfileAndAddressBoundaries/10.0.0.0/8/lab/DHCP","Elapsed":0}
{"Time":"2026-09-08T09:31:42.521002939+03:00","Action":"run","Package":"virmill.local/core/internal/backend/networkxml","Test":"TestRenderFixedProfileAndAddressBoundaries/10.0.0.0/8/lab/static"}
{"Time":"2026-09-08T09:31:42.521004759+03:00","Action":"output","Package":"virmill.local/core/internal/backend/networkxml","Test":"TestRenderFixedProfileAndAddressBoundaries/10.0.0.0/8/lab/static","Output":"=== RUN   TestRenderFixedProfileAndAddressBoundaries/10.0.0.0/8/lab/static\n","OutputType":"frame"}
{"Time":"2026-09-08T09:31:42.521358977+03:00","Action":"output","Package":"virmill.local/core/internal/backend/networkxml","Test":"TestRenderFixedProfileAndAddressBoundaries/10.0.0.0/8/lab/static","Output":"--- PASS: TestRenderFixedProfileAndAddressBoundaries/10.0.0.0/8/lab/static (0.00s)\n","OutputType":"frame"}
{"Time":"2026-09-08T09:31:42.521362251+03:00","Action":"pass","Package":"virmill.local/core/internal/backend/networkxml","Test":"TestRenderFixedProfileAndAddressBoundaries/10.0.0.0/8/lab/static","Elapsed":0}
{"Time":"2026-09-08T09:31:42.521374491+03:00","Action":"run","Package":"virmill.local/core/internal/backend/networkxml","Test":"TestRenderFixedProfileAndAddressBoundaries/172.16.0.0/12/nat/DHCP"}
{"Time":"2026-09-08T09:31:42.521376396+03:00","Action":"output","Package":"virmill.local/core/internal/backend/networkxml","Test":"TestRenderFixedProfileAndAddressBoundaries/172.16.0.0/12/nat/DHCP","Output":"=== RUN   TestRenderFixedProfileAndAddressBoundaries/172.16.0.0/12/nat/DHCP\n","OutputType":"frame"}
{"Time":"2026-09-08T09:31:42.521802476+03:00","Action":"output","Package":"virmill.local/core/internal/backend/networkxml","Test":"TestRenderFixedProfileAndAddressBoundaries/172.16.0.0/12/nat/DHCP","Output":"--- PASS: TestRenderFixedProfileAndAddressBoundaries/172.16.0.0/12/nat/DHCP (0.00s)\n","OutputType":"frame"}
{"Time":"2026-09-08T09:31:42.521811867+03:00","Action":"pass","Package":"virmill.local/core/internal/backend/networkxml","Test":"TestRenderFixedProfileAndAddressBoundaries/172.16.0.0/12/nat/DHCP","Elapsed":0}
{"Time":"2026-09-08T09:31:42.52182113+03:00","Action":"run","Package":"virmill.local/core/internal/backend/networkxml","Test":"TestRenderFixedProfileAndAddressBoundaries/172.16.0.0/12/nat/static"}
{"Time":"2026-09-08T09:31:42.5218229+03:00","Action":"output","Package":"virmill.local/core/internal/backend/networkxml","Test":"TestRenderFixedProfileAndAddressBoundaries/172.16.0.0/12/nat/static","Output":"=== RUN   TestRenderFixedProfileAndAddressBoundaries/172.16.0.0/12/nat/static\n","OutputType":"frame"}
{"Time":"2026-09-08T09:31:42.522221052+03:00","Action":"output","Package":"virmill.local/core/internal/backend/networkxml","Test":"TestRenderFixedProfileAndAddressBoundaries/172.16.0.0/12/nat/static","Output":"--- PASS: TestRenderFixedProfileAndAddressBoundaries/172.16.0.0/12/nat/static (0.00s)\n","OutputType":"frame"}
{"Time":"2026-09-08T09:31:42.522231768+03:00","Action":"pass","Package":"virmill.local/core/internal/backend/networkxml","Test":"TestRenderFixedProfileAndAddressBoundaries/172.16.0.0/12/nat/static","Elapsed":0}
{"Time":"2026-09-08T09:31:42.522239862+03:00","Action":"run","Package":"virmill.local/core/internal/backend/networkxml","Test":"TestRenderFixedProfileAndAddressBoundaries/172.16.0.0/12/lab/DHCP"}
{"Time":"2026-09-08T09:31:42.52224168+03:00","Action":"output","Package":"virmill.local/core/internal/backend/networkxml","Test":"TestRenderFixedProfileAndAddressBoundaries/172.16.0.0/12/lab/DHCP","Output":"=== RUN   TestRenderFixedProfileAndAddressBoundaries/172.16.0.0/12/lab/DHCP\n","OutputType":"frame"}
{"Time":"2026-09-08T09:31:42.522624216+03:00","Action":"output","Package":"virmill.local/core/internal/backend/networkxml","Test":"TestRenderFixedProfileAndAddressBoundaries/172.16.0.0/12/lab/DHCP","Output":"--- PASS: TestRenderFixedProfileAndAddressBoundaries/172.16.0.0/12/lab/DHCP (0.00s)\n","OutputType":"frame"}
{"Time":"2026-09-08T09:31:42.522627964+03:00","Action":"pass","Package":"virmill.local/core/internal/backend/networkxml","Test":"TestRenderFixedProfileAndAddressBoundaries/172.16.0.0/12/lab/DHCP","Elapsed":0}
{"Time":"2026-09-08T09:31:42.522641436+03:00","Action":"run","Package":"virmill.local/core/internal/backend/networkxml","Test":"TestRenderFixedProfileAndAddressBoundaries/172.16.0.0/12/lab/static"}
{"Time":"2026-09-08T09:31:42.522643609+03:00","Action":"output","Package":"virmill.local/core/internal/backend/networkxml","Test":"TestRenderFixedProfileAndAddressBoundaries/172.16.0.0/12/lab/static","Output":"=== RUN   TestRenderFixedProfileAndAddressBoundaries/172.16.0.0/12/lab/static\n","OutputType":"frame"}
{"Time":"2026-09-08T09:31:42.522982591+03:00","Action":"output","Package":"virmill.local/core/internal/backend/networkxml","Test":"TestRenderFixedProfileAndAddressBoundaries/172.16.0.0/12/lab/static","Output":"--- PASS: TestRenderFixedProfileAndAddressBoundaries/172.16.0.0/12/lab/static (0.00s)\n","OutputType":"frame"}
{"Time":"2026-09-08T09:31:42.522986796+03:00","Action":"pass","Package":"virmill.local/core/internal/backend/networkxml","Test":"TestRenderFixedProfileAndAddressBoundaries/172.16.0.0/12/lab/static","Elapsed":0}
{"Time":"2026-09-08T09:31:42.523005128+03:00","Action":"run","Package":"virmill.local/core/internal/backend/networkxml","Test":"TestRenderFixedProfileAndAddressBoundaries/192.168.0.0/16/nat/DHCP"}
{"Time":"2026-09-08T09:31:42.523007555+03:00","Action":"output","Package":"virmill.local/core/internal/backend/networkxml","Test":"TestRenderFixedProfileAndAddressBoundaries/192.168.0.0/16/nat/DHCP","Output":"=== RUN   TestRenderFixedProfileAndAddressBoundaries/192.168.0.0/16/nat/DHCP\n","OutputType":"frame"}
{"Time":"2026-09-08T09:31:42.52342986+03:00","Action":"output","Package":"virmill.local/core/internal/backend/networkxml","Test":"TestRenderFixedProfileAndAddressBoundaries/192.168.0.0/16/nat/DHCP","Output":"--- PASS: TestRenderFixedProfileAndAddressBoundaries/192.168.0.0/16/nat/DHCP (0.00s)\n","OutputType":"frame"}
{"Time":"2026-09-08T09:31:42.523434853+03:00","Action":"pass","Package":"virmill.local/core/internal/backend/networkxml","Test":"TestRenderFixedProfileAndAddressBoundaries/192.168.0.0/16/nat/DHCP","Elapsed":0}
{"Time":"2026-09-08T09:31:42.523451006+03:00","Action":"run","Package":"virmill.local/core/internal/backend/networkxml","Test":"TestRenderFixedProfileAndAddressBoundaries/192.168.0.0/16/nat/static"}
{"Time":"2026-09-08T09:31:42.523453108+03:00","Action":"output","Package":"virmill.local/core/internal/backend/networkxml","Test":"TestRenderFixedProfileAndAddressBoundaries/192.168.0.0/16/nat/static","Output":"=== RUN   TestRenderFixedProfileAndAddressBoundaries/192.168.0.0/16/nat/static\n","OutputType":"frame"}
{"Time":"2026-09-08T09:31:42.5238533+03:00","Action":"output","Package":"virmill.local/core/internal/backend/networkxml","Test":"TestRenderFixedProfileAndAddressBoundaries/192.168.0.0/16/nat/static","Output":"--- PASS: TestRenderFixedProfileAndAddressBoundaries/192.168.0.0/16/nat/static (0.00s)\n","OutputType":"frame"}
{"Time":"2026-09-08T09:31:42.523860959+03:00","Action":"pass","Package":"virmill.local/core/internal/backend/networkxml","Test":"TestRenderFixedProfileAndAddressBoundaries/192.168.0.0/16/nat/static","Elapsed":0}
{"Time":"2026-09-08T09:31:42.523865229+03:00","Action":"run","Package":"virmill.local/core/internal/backend/networkxml","Test":"TestRenderFixedProfileAndAddressBoundaries/192.168.0.0/16/lab/DHCP"}
{"Time":"2026-09-08T09:31:42.523867513+03:00","Action":"output","Package":"virmill.local/core/internal/backend/networkxml","Test":"TestRenderFixedProfileAndAddressBoundaries/192.168.0.0/16/lab/DHCP","Output":"=== RUN   TestRenderFixedProfileAndAddressBoundaries/192.168.0.0/16/lab/DHCP\n","OutputType":"frame"}
{"Time":"2026-09-08T09:31:42.524288742+03:00","Action":"output","Package":"virmill.local/core/internal/backend/networkxml","Test":"TestRenderFixedProfileAndAddressBoundaries/192.168.0.0/16/lab/DHCP","Output":"--- PASS: TestRenderFixedProfileAndAddressBoundaries/192.168.0.0/16/lab/DHCP (0.00s)\n","OutputType":"frame"}
{"Time":"2026-09-08T09:31:42.524303224+03:00","Action":"pass","Package":"virmill.local/core/internal/backend/networkxml","Test":"TestRenderFixedProfileAndAddressBoundaries/192.168.0.0/16/lab/DHCP","Elapsed":0}
{"Time":"2026-09-08T09:31:42.524308521+03:00","Action":"run","Package":"virmill.local/core/internal/backend/networkxml","Test":"TestRenderFixedProfileAndAddressBoundaries/192.168.0.0/16/lab/static"}
{"Time":"2026-09-08T09:31:42.524311165+03:00","Action":"output","Package":"virmill.local/core/internal/backend/networkxml","Test":"TestRenderFixedProfileAndAddressBoundaries/192.168.0.0/16/lab/static","Output":"=== RUN   TestRenderFixedProfileAndAddressBoundaries/192.168.0.0/16/lab/static\n","OutputType":"frame"}
{"Time":"2026-09-08T09:31:42.524690938+03:00","Action":"output","Package":"virmill.local/core/internal/backend/networkxml","Test":"TestRenderFixedProfileAndAddressBoundaries/192.168.0.0/16/lab/static","Output":"--- PASS: TestRenderFixedProfileAndAddressBoundaries/192.168.0.0/16/lab/static (0.00s)\n","OutputType":"frame"}
{"Time":"2026-09-08T09:31:42.524695912+03:00","Action":"pass","Package":"virmill.local/core/internal/backend/networkxml","Test":"TestRenderFixedProfileAndAddressBoundaries/192.168.0.0/16/lab/static","Elapsed":0}
{"Time":"2026-09-08T09:31:42.524707072+03:00","Action":"run","Package":"virmill.local/core/internal/backend/networkxml","Test":"TestRenderFixedProfileAndAddressBoundaries/192.168.230.252/30/nat/DHCP"}
{"Time":"2026-09-08T09:31:42.524709621+03:00","Action":"output","Package":"virmill.local/core/internal/backend/networkxml","Test":"TestRenderFixedProfileAndAddressBoundaries/192.168.230.252/30/nat/DHCP","Output":"=== RUN   TestRenderFixedProfileAndAddressBoundaries/192.168.230.252/30/nat/DHCP\n","OutputType":"frame"}
{"Time":"2026-09-08T09:31:42.525199811+03:00","Action":"output","Package":"virmill.local/core/internal/backend/networkxml","Test":"TestRenderFixedProfileAndAddressBoundaries/192.168.230.252/30/nat/DHCP","Output":"--- PASS: TestRenderFixedProfileAndAddressBoundaries/192.168.230.252/30/nat/DHCP (0.00s)\n","OutputType":"frame"}
{"Time":"2026-09-08T09:31:42.525209165+03:00","Action":"pass","Package":"virmill.local/core/internal/backend/networkxml","Test":"TestRenderFixedProfileAndAddressBoundaries/192.168.230.252/30/nat/DHCP","Elapsed":0}
{"Time":"2026-09-08T09:31:42.525212619+03:00","Action":"run","Package":"virmill.local/core/internal/backend/networkxml","Test":"TestRenderFixedProfileAndAddressBoundaries/192.168.230.252/30/nat/static"}
{"Time":"2026-09-08T09:31:42.525214314+03:00","Action":"output","Package":"virmill.local/core/internal/backend/networkxml","Test":"TestRenderFixedProfileAndAddressBoundaries/192.168.230.252/30/nat/static","Output":"=== RUN   TestRenderFixedProfileAndAddressBoundaries/192.168.230.252/30/nat/static\n","OutputType":"frame"}
{"Time":"2026-09-08T09:31:42.525928185+03:00","Action":"output","Package":"virmill.local/core/internal/backend/networkxml","Test":"TestRenderFixedProfileAndAddressBoundaries/192.168.230.252/30/nat/static","Output":"--- PASS: TestRenderFixedProfileAndAddressBoundaries/192.168.230.252/30/nat/static (0.00s)\n","OutputType":"frame"}
{"Time":"2026-09-08T09:31:42.526000885+03:00","Action":"pass","Package":"virmill.local/core/internal/backend/networkxml","Test":"TestRenderFixedProfileAndAddressBoundaries/192.168.230.252/30/nat/static","Elapsed":0}
{"Time":"2026-09-08T09:31:42.526019257+03:00","Action":"run","Package":"virmill.local/core/internal/backend/networkxml","Test":"TestRenderFixedProfileAndAddressBoundaries/192.168.230.252/30/lab/DHCP"}
{"Time":"2026-09-08T09:31:42.526021575+03:00","Action":"output","Package":"virmill.local/core/internal/backend/networkxml","Test":"TestRenderFixedProfileAndAddressBoundaries/192.168.230.252/30/lab/DHCP","Output":"=== RUN   TestRenderFixedProfileAndAddressBoundaries/192.168.230.252/30/lab/DHCP\n","OutputType":"frame"}
{"Time":"2026-09-08T09:31:42.526205105+03:00","Action":"output","Package":"virmill.local/core/internal/backend/networkxml","Test":"TestRenderFixedProfileAndAddressBoundaries/192.168.230.252/30/lab/DHCP","Output":"--- PASS: TestRenderFixedProfileAndAddressBoundaries/192.168.230.252/30/lab/DHCP (0.00s)\n","OutputType":"frame"}
{"Time":"2026-09-08T09:31:42.52621159+03:00","Action":"pass","Package":"virmill.local/core/internal/backend/networkxml","Test":"TestRenderFixedProfileAndAddressBoundaries/192.168.230.252/30/lab/DHCP","Elapsed":0}
{"Time":"2026-09-08T09:31:42.526229606+03:00","Action":"run","Package":"virmill.local/core/internal/backend/networkxml","Test":"TestRenderFixedProfileAndAddressBoundaries/192.168.230.252/30/lab/static"}
{"Time":"2026-09-08T09:31:42.526231869+03:00","Action":"output","Package":"virmill.local/core/internal/backend/networkxml","Test":"TestRenderFixedProfileAndAddressBoundaries/192.168.230.252/30/lab/static","Output":"=== RUN   TestRenderFixedProfileAndAddressBoundaries/192.168.230.252/30/lab/static\n","OutputType":"frame"}
{"Time":"2026-09-08T09:31:42.527730234+03:00","Action":"output","Package":"virmill.local/core/internal/backend/networkxml","Test":"TestRenderFixedProfileAndAddressBoundaries/192.168.230.252/30/lab/static","Output":"--- PASS: TestRenderFixedProfileAndAddressBoundaries/192.168.230.252/30/lab/static (0.00s)\n","OutputType":"frame"}
{"Time":"2026-09-08T09:31:42.527767936+03:00","Action":"pass","Package":"virmill.local/core/internal/backend/networkxml","Test":"TestRenderFixedProfileAndAddressBoundaries/192.168.230.252/30/lab/static","Elapsed":0}
{"Time":"2026-09-08T09:31:42.527774657+03:00","Action":"output","Package":"virmill.local/core/internal/backend/networkxml","Test":"TestRenderFixedProfileAndAddressBoundaries","Output":"--- PASS: TestRenderFixedProfileAndAddressBoundaries (0.01s)\n","OutputType":"frame"}
{"Time":"2026-09-08T09:31:42.527778481+03:00","Action":"pass","Package":"virmill.local/core/internal/backend/networkxml","Test":"TestRenderFixedProfileAndAddressBoundaries","Elapsed":0.01}
{"Time":"2026-09-08T09:31:42.527782983+03:00","Action":"run","Package":"virmill.local/core/internal/backend/networkxml","Test":"TestCanonicalUUIDIsNotLimitedToV4"}
{"Time":"2026-09-08T09:31:42.527785458+03:00","Action":"output","Package":"virmill.local/core/internal/backend/networkxml","Test":"TestCanonicalUUIDIsNotLimitedToV4","Output":"=== RUN   TestCanonicalUUIDIsNotLimitedToV4\n","OutputType":"frame"}
{"Time":"2026-09-08T09:31:42.527789318+03:00","Action":"output","Package":"virmill.local/core/internal/backend/networkxml","Test":"TestCanonicalUUIDIsNotLimitedToV4","Output":"--- PASS: TestCanonicalUUIDIsNotLimitedToV4 (0.00s)\n","OutputType":"frame"}
{"Time":"2026-09-08T09:31:42.527791924+03:00","Action":"pass","Package":"virmill.local/core/internal/backend/networkxml","Test":"TestCanonicalUUIDIsNotLimitedToV4","Elapsed":0}
{"Time":"2026-09-08T09:31:42.527794508+03:00","Action":"run","Package":"virmill.local/core/internal/backend/networkxml","Test":"TestMarkerBindsCompleteTypedDefinition"}
{"Time":"2026-09-08T09:31:42.52779659+03:00","Action":"output","Package":"virmill.local/core/internal/backend/networkxml","Test":"TestMarkerBindsCompleteTypedDefinition","Output":"=== RUN   TestMarkerBindsCompleteTypedDefinition\n","OutputType":"frame"}
{"Time":"2026-09-08T09:31:42.529354877+03:00","Action":"output","Package":"virmill.local/core/internal/backend/networkxml","Test":"TestMarkerBindsCompleteTypedDefinition","Output":"--- PASS: TestMarkerBindsCompleteTypedDefinition (0.00s)\n","OutputType":"frame"}
{"Time":"2026-09-08T09:31:42.529360173+03:00","Action":"pass","Package":"virmill.local/core/internal/backend/networkxml","Test":"TestMarkerBindsCompleteTypedDefinition","Elapsed":0}
{"Time":"2026-09-08T09:31:42.529384383+03:00","Action":"run","Package":"virmill.local/core/internal/backend/networkxml","Test":"TestVersionOneXMLAndIntentRemainByteExact"}
{"Time":"2026-09-08T09:31:42.529387247+03:00","Action":"output","Package":"virmill.local/core/internal/backend/networkxml","Test":"TestVersionOneXMLAndIntentRemainByteExact","Output":"=== RUN   TestVersionOneXMLAndIntentRemainByteExact\n","OutputType":"frame"}
{"Time":"2026-09-08T09:31:42.529401801+03:00","Action":"run","Package":"virmill.local/core/internal/backend/networkxml","Test":"TestVersionOneXMLAndIntentRemainByteExact/nat/dhcp=false"}
{"Time":"2026-09-08T09:31:42.529404202+03:00","Action":"output","Package":"virmill.local/core/internal/backend/networkxml","Test":"TestVersionOneXMLAndIntentRemainByteExact/nat/dhcp=false","Output":"=== RUN   TestVersionOneXMLAndIntentRemainByteExact/nat/dhcp=false\n","OutputType":"frame"}
{"Time":"2026-09-08T09:31:42.5298502+03:00","Action":"output","Package":"virmill.local/core/internal/backend/networkxml","Test":"TestVersionOneXMLAndIntentRemainByteExact/nat/dhcp=false","Output":"--- PASS: TestVersionOneXMLAndIntentRemainByteExact/nat/dhcp=false (0.00s)\n","OutputType":"frame"}
{"Time":"2026-09-08T09:31:42.529855378+03:00","Action":"pass","Package":"virmill.local/core/internal/backend/networkxml","Test":"TestVersionOneXMLAndIntentRemainByteExact/nat/dhcp=false","Elapsed":0}
{"Time":"2026-09-08T09:31:42.529870257+03:00","Action":"run","Package":"virmill.local/core/internal/backend/networkxml","Test":"TestVersionOneXMLAndIntentRemainByteExact/nat/dhcp=true"}
{"Time":"2026-09-08T09:31:42.529872544+03:00","Action":"output","Package":"virmill.local/core/internal/backend/networkxml","Test":"TestVersionOneXMLAndIntentRemainByteExact/nat/dhcp=true","Output":"=== RUN   TestVersionOneXMLAndIntentRemainByteExact/nat/dhcp=true\n","OutputType":"frame"}
{"Time":"2026-09-08T09:31:42.53030926+03:00","Action":"output","Package":"virmill.local/core/internal/backend/networkxml","Test":"TestVersionOneXMLAndIntentRemainByteExact/nat/dhcp=true","Output":"--- PASS: TestVersionOneXMLAndIntentRemainByteExact/nat/dhcp=true (0.00s)\n","OutputType":"frame"}
{"Time":"2026-09-08T09:31:42.530312789+03:00","Action":"pass","Package":"virmill.local/core/internal/backend/networkxml","Test":"TestVersionOneXMLAndIntentRemainByteExact/nat/dhcp=true","Elapsed":0}
{"Time":"2026-09-08T09:31:42.530335287+03:00","Action":"run","Package":"virmill.local/core/internal/backend/networkxml","Test":"TestVersionOneXMLAndIntentRemainByteExact/lab/dhcp=false"}
{"Time":"2026-09-08T09:31:42.530337615+03:00","Action":"output","Package":"virmill.local/core/internal/backend/networkxml","Test":"TestVersionOneXMLAndIntentRemainByteExact/lab/dhcp=false","Output":"=== RUN   TestVersionOneXMLAndIntentRemainByteExact/lab/dhcp=false\n","OutputType":"frame"}
{"Time":"2026-09-08T09:31:42.530801556+03:00","Action":"output","Package":"virmill.local/core/internal/backend/networkxml","Test":"TestVersionOneXMLAndIntentRemainByteExact/lab/dhcp=false","Output":"--- PASS: TestVersionOneXMLAndIntentRemainByteExact/lab/dhcp=false (0.00s)\n","OutputType":"frame"}
{"Time":"2026-09-08T09:31:42.530804661+03:00","Action":"pass","Package":"virmill.local/core/internal/backend/networkxml","Test":"TestVersionOneXMLAndIntentRemainByteExact/lab/dhcp=false","Elapsed":0}
{"Time":"2026-09-08T09:31:42.530818682+03:00","Action":"run","Package":"virmill.local/core/internal/backend/networkxml","Test":"TestVersionOneXMLAndIntentRemainByteExact/lab/dhcp=true"}
{"Time":"2026-09-08T09:31:42.530821159+03:00","Action":"output","Package":"virmill.local/core/internal/backend/networkxml","Test":"TestVersionOneXMLAndIntentRemainByteExact/lab/dhcp=true","Output":"=== RUN   TestVersionOneXMLAndIntentRemainByteExact/lab/dhcp=true\n","OutputType":"frame"}
{"Time":"2026-09-08T09:31:42.531214341+03:00","Action":"output","Package":"virmill.local/core/internal/backend/networkxml","Test":"TestVersionOneXMLAndIntentRemainByteExact/lab/dhcp=true","Output":"--- PASS: TestVersionOneXMLAndIntentRemainByteExact/lab/dhcp=true (0.00s)\n","OutputType":"frame"}
{"Time":"2026-09-08T09:31:42.531222614+03:00","Action":"pass","Package":"virmill.local/core/internal/backend/networkxml","Test":"TestVersionOneXMLAndIntentRemainByteExact/lab/dhcp=true","Elapsed":0}
{"Time":"2026-09-08T09:31:42.531244883+03:00","Action":"output","Package":"virmill.local/core/internal/backend/networkxml","Test":"TestVersionOneXMLAndIntentRemainByteExact","Output":"--- PASS: TestVersionOneXMLAndIntentRemainByteExact (0.00s)\n","OutputType":"frame"}
{"Time":"2026-09-08T09:31:42.531248698+03:00","Action":"pass","Package":"virmill.local/core/internal/backend/networkxml","Test":"TestVersionOneXMLAndIntentRemainByteExact","Elapsed":0}
{"Time":"2026-09-08T09:31:42.531264931+03:00","Action":"run","Package":"virmill.local/core/internal/backend/networkxml","Test":"TestProtectedProfilesServiceAndAddressDeclarations"}
{"Time":"2026-09-08T09:31:42.531267338+03:00","Action":"output","Package":"virmill.local/core/internal/backend/networkxml","Test":"TestProtectedProfilesServiceAndAddressDeclarations","Output":"=== RUN   TestProtectedProfilesServiceAndAddressDeclarations\n","OutputType":"frame"}
{"Time":"2026-09-08T09:31:42.531282946+03:00","Action":"run","Package":"virmill.local/core/internal/backend/networkxml","Test":"TestProtectedProfilesServiceAndAddressDeclarations/nat/dhcp=false"}
{"Time":"2026-09-08T09:31:42.531285324+03:00","Action":"output","Package":"virmill.local/core/internal/backend/networkxml","Test":"TestProtectedProfilesServiceAndAddressDeclarations/nat/dhcp=false","Output":"=== RUN   TestProtectedProfilesServiceAndAddressDeclarations/nat/dhcp=false\n","OutputType":"frame"}
{"Time":"2026-09-08T09:31:42.531928482+03:00","Action":"output","Package":"virmill.local/core/internal/backend/networkxml","Test":"TestProtectedProfilesServiceAndAddressDeclarations/nat/dhcp=false","Output":"--- PASS: TestProtectedProfilesServiceAndAddressDeclarations/nat/dhcp=false (0.00s)\n","OutputType":"frame"}
{"Time":"2026-09-08T09:31:42.53193668+03:00","Action":"pass","Package":"virmill.local/core/internal/backend/networkxml","Test":"TestProtectedProfilesServiceAndAddressDeclarations/nat/dhcp=false","Elapsed":0}
{"Time":"2026-09-08T09:31:42.531950908+03:00","Action":"run","Package":"virmill.local/core/internal/backend/networkxml","Test":"TestProtectedProfilesServiceAndAddressDeclarations/nat/dhcp=true"}
{"Time":"2026-09-08T09:31:42.531952992+03:00","Action":"output","Package":"virmill.local/core/internal/backend/networkxml","Test":"TestProtectedProfilesServiceAndAddressDeclarations/nat/dhcp=true","Output":"=== RUN   TestProtectedProfilesServiceAndAddressDeclarations/nat/dhcp=true\n","OutputType":"frame"}
{"Time":"2026-09-08T09:31:42.532615127+03:00","Action":"output","Package":"virmill.local/core/internal/backend/networkxml","Test":"TestProtectedProfilesServiceAndAddressDeclarations/nat/dhcp=true","Output":"--- PASS: TestProtectedProfilesServiceAndAddressDeclarations/nat/dhcp=true (0.00s)\n","OutputType":"frame"}
{"Time":"2026-09-08T09:31:42.532619169+03:00","Action":"pass","Package":"virmill.local/core/internal/backend/networkxml","Test":"TestProtectedProfilesServiceAndAddressDeclarations/nat/dhcp=true","Elapsed":0}
{"Time":"2026-09-08T09:31:42.532633883+03:00","Action":"run","Package":"virmill.local/core/internal/backend/networkxml","Test":"TestProtectedProfilesServiceAndAddressDeclarations/lab/dhcp=false"}
{"Time":"2026-09-08T09:31:42.532636139+03:00","Action":"output","Package":"virmill.local/core/internal/backend/networkxml","Test":"TestProtectedProfilesServiceAndAddressDeclarations/lab/dhcp=false","Output":"=== RUN   TestProtectedProfilesServiceAndAddressDeclarations/lab/dhcp=false\n","OutputType":"frame"}
{"Time":"2026-09-08T09:31:42.533154281+03:00","Action":"output","Package":"virmill.local/core/internal/backend/networkxml","Test":"TestProtectedProfilesServiceAndAddressDeclarations/lab/dhcp=false","Output":"--- PASS: TestProtectedProfilesServiceAndAddressDeclarations/lab/dhcp=false (0.00s)\n","OutputType":"frame"}
{"Time":"2026-09-08T09:31:42.533158088+03:00","Action":"pass","Package":"virmill.local/core/internal/backend/networkxml","Test":"TestProtectedProfilesServiceAndAddressDeclarations/lab/dhcp=false","Elapsed":0}
{"Time":"2026-09-08T09:31:42.533175055+03:00","Action":"run","Package":"virmill.local/core/internal/backend/networkxml","Test":"TestProtectedProfilesServiceAndAddressDeclarations/lab/dhcp=true"}
{"Time":"2026-09-08T09:31:42.533179092+03:00","Action":"output","Package":"virmill.local/core/internal/backend/networkxml","Test":"TestProtectedProfilesServiceAndAddressDeclarations/lab/dhcp=true","Output":"=== RUN   TestProtectedProfilesServiceAndAddressDeclarations/lab/dhcp=true\n","OutputType":"frame"}
{"Time":"2026-09-08T09:31:42.533756866+03:00","Action":"output","Package":"virmill.local/core/internal/backend/networkxml","Test":"TestProtectedProfilesServiceAndAddressDeclarations/lab/dhcp=true","Output":"--- PASS: TestProtectedProfilesServiceAndAddressDeclarations/lab/dhcp=true (0.00s)\n","OutputType":"frame"}
{"Time":"2026-09-08T09:31:42.533767552+03:00","Action":"pass","Package":"virmill.local/core/internal/backend/networkxml","Test":"TestProtectedProfilesServiceAndAddressDeclarations/lab/dhcp=true","Elapsed":0}
{"Time":"2026-09-08T09:31:42.533783002+03:00","Action":"run","Package":"virmill.local/core/internal/backend/networkxml","Test":"TestProtectedProfilesServiceAndAddressDeclarations/guest-only/dhcp=false"}
{"Time":"2026-09-08T09:31:42.53378514+03:00","Action":"output","Package":"virmill.local/core/internal/backend/networkxml","Test":"TestProtectedProfilesServiceAndAddressDeclarations/guest-only/dhcp=false","Output":"=== RUN   TestProtectedProfilesServiceAndAddressDeclarations/guest-only/dhcp=false\n","OutputType":"frame"}
{"Time":"2026-09-08T09:31:42.53462692+03:00","Action":"output","Package":"virmill.local/core/internal/backend/networkxml","Test":"TestProtectedProfilesServiceAndAddressDeclarations/guest-only/dhcp=false","Output":"--- PASS: TestProtectedProfilesServiceAndAddressDeclarations/guest-only/dhcp=false (0.00s)\n","OutputType":"frame"}
{"Time":"2026-09-08T09:31:42.534631535+03:00","Action":"pass","Package":"virmill.local/core/internal/backend/networkxml","Test":"TestProtectedProfilesServiceAndAddressDeclarations/guest-only/dhcp=false","Elapsed":0}
{"Time":"2026-09-08T09:31:42.534651458+03:00","Action":"output","Package":"virmill.local/core/internal/backend/networkxml","Test":"TestProtectedProfilesServiceAndAddressDeclarations","Output":"--- PASS: TestProtectedProfilesServiceAndAddressDeclarations (0.00s)\n","OutputType":"frame"}
{"Time":"2026-09-08T09:31:42.534656733+03:00","Action":"pass","Package":"virmill.local/core/internal/backend/networkxml","Test":"TestProtectedProfilesServiceAndAddressDeclarations","Elapsed":0}
{"Time":"2026-09-08T09:31:42.534671908+03:00","Action":"run","Package":"virmill.local/core/internal/backend/networkxml","Test":"TestProtectedIntentEnvelopeBindsVersionAndLogicalReservation"}
{"Time":"2026-09-08T09:31:42.534674331+03:00","Action":"output","Package":"virmill.local/core/internal/backend/networkxml","Test":"TestProtectedIntentEnvelopeBindsVersionAndLogicalReservation","Output":"=== RUN   TestProtectedIntentEnvelopeBindsVersionAndLogicalReservation\n","OutputType":"frame"}
{"Time":"2026-09-08T09:31:42.5362415+03:00","Action":"output","Package":"virmill.local/core/internal/backend/networkxml","Test":"TestProtectedIntentEnvelopeBindsVersionAndLogicalReservation","Output":"--- PASS: TestProtectedIntentEnvelopeBindsVersionAndLogicalReservation (0.00s)\n","OutputType":"frame"}
{"Time":"2026-09-08T09:31:42.536250054+03:00","Action":"pass","Package":"virmill.local/core/internal/backend/networkxml","Test":"TestProtectedIntentEnvelopeBindsVersionAndLogicalReservation","Elapsed":0}
{"Time":"2026-09-08T09:31:42.536268238+03:00","Action":"run","Package":"virmill.local/core/internal/backend/networkxml","Test":"TestProtectedProfilesRejectContradictionsAndLogicalCIDRInjection"}
{"Time":"2026-09-08T09:31:42.536270623+03:00","Action":"output","Package":"virmill.local/core/internal/backend/networkxml","Test":"TestProtectedProfilesRejectContradictionsAndLogicalCIDRInjection","Output":"=== RUN   TestProtectedProfilesRejectContradictionsAndLogicalCIDRInjection\n","OutputType":"frame"}
{"Time":"2026-09-08T09:31:42.536294925+03:00","Action":"run","Package":"virmill.local/core/internal/backend/networkxml","Test":"TestProtectedProfilesRejectContradictionsAndLogicalCIDRInjection/nat/8.8.8.0/24"}
{"Time":"2026-09-08T09:31:42.536297372+03:00","Action":"output","Package":"virmill.local/core/internal/backend/networkxml","Test":"TestProtectedProfilesRejectContradictionsAndLogicalCIDRInjection/nat/8.8.8.0/24","Output":"=== RUN   TestProtectedProfilesRejectContradictionsAndLogicalCIDRInjection/nat/8.8.8.0/24\n","OutputType":"frame"}
{"Time":"2026-09-08T09:31:42.536344654+03:00","Action":"output","Package":"virmill.local/core/internal/backend/networkxml","Test":"TestProtectedProfilesRejectContradictionsAndLogicalCIDRInjection/nat/8.8.8.0/24","Output":"--- PASS: TestProtectedProfilesRejectContradictionsAndLogicalCIDRInjection/nat/8.8.8.0/24 (0.00s)\n","OutputType":"frame"}
{"Time":"2026-09-08T09:31:42.536349987+03:00","Action":"pass","Package":"virmill.local/core/internal/backend/networkxml","Test":"TestProtectedProfilesRejectContradictionsAndLogicalCIDRInjection/nat/8.8.8.0/24","Elapsed":0}
{"Time":"2026-09-08T09:31:42.536363864+03:00","Action":"run","Package":"virmill.local/core/internal/backend/networkxml","Test":"TestProtectedProfilesRejectContradictionsAndLogicalCIDRInjection/nat/172.0.0.0/8"}
{"Time":"2026-09-08T09:31:42.536366879+03:00","Action":"output","Package":"virmill.local/core/internal/backend/networkxml","Test":"TestProtectedProfilesRejectContradictionsAndLogicalCIDRInjection/nat/172.0.0.0/8","Output":"=== RUN   TestProtectedProfilesRejectContradictionsAndLogicalCIDRInjection/nat/172.0.0.0/8\n","OutputType":"frame"}
{"Time":"2026-09-08T09:31:42.536409883+03:00","Action":"output","Package":"virmill.local/core/internal/backend/networkxml","Test":"TestProtectedProfilesRejectContradictionsAndLogicalCIDRInjection/nat/172.0.0.0/8","Output":"--- PASS: TestProtectedProfilesRejectContradictionsAndLogicalCIDRInjection/nat/172.0.0.0/8 (0.00s)\n","OutputType":"frame"}
{"Time":"2026-09-08T09:31:42.536413294+03:00","Action":"pass","Package":"virmill.local/core/internal/backend/networkxml","Test":"TestProtectedProfilesRejectContradictionsAndLogicalCIDRInjection/nat/172.0.0.0/8","Elapsed":0}
{"Time":"2026-09-08T09:31:42.536415041+03:00","Action":"run","Package":"virmill.local/core/internal/backend/networkxml","Test":"TestProtectedProfilesRejectContradictionsAndLogicalCIDRInjection/nat/10.0.0.1/24"}
{"Time":"2026-09-08T09:31:42.536416943+03:00","Action":"output","Package":"virmill.local/core/internal/backend/networkxml","Test":"TestProtectedProfilesRejectContradictionsAndLogicalCIDRInjection/nat/10.0.0.1/24","Output":"=== RUN   TestProtectedProfilesRejectContradictionsAndLogicalCIDRInjection/nat/10.0.0.1/24\n","OutputType":"frame"}
{"Time":"2026-09-08T09:31:42.536449749+03:00","Action":"output","Package":"virmill.local/core/internal/backend/networkxml","Test":"TestProtectedProfilesRejectContradictionsAndLogicalCIDRInjection/nat/10.0.0.1/24","Output":"--- PASS: TestProtectedProfilesRejectContradictionsAndLogicalCIDRInjection/nat/10.0.0.1/24 (0.00s)\n","OutputType":"frame"}
{"Time":"2026-09-08T09:31:42.53645291+03:00","Action":"pass","Package":"virmill.local/core/internal/backend/networkxml","Test":"TestProtectedProfilesRejectContradictionsAndLogicalCIDRInjection/nat/10.0.0.1/24","Elapsed":0}
{"Time":"2026-09-08T09:31:42.536463994+03:00","Action":"run","Package":"virmill.local/core/internal/backend/networkxml","Test":"TestProtectedProfilesRejectContradictionsAndLogicalCIDRInjection/nat/10.0.0.0/31"}
{"Time":"2026-09-08T09:31:42.536466058+03:00","Action":"output","Package":"virmill.local/core/internal/backend/networkxml","Test":"TestProtectedProfilesRejectContradictionsAndLogicalCIDRInjection/nat/10.0.0.0/31","Output":"=== RUN   TestProtectedProfilesRejectContradictionsAndLogicalCIDRInjection/nat/10.0.0.0/31\n","OutputType":"frame"}
{"Time":"2026-09-08T09:31:42.536491058+03:00","Action":"output","Package":"virmill.local/core/internal/backend/networkxml","Test":"TestProtectedProfilesRejectContradictionsAndLogicalCIDRInjection/nat/10.0.0.0/31","Output":"--- PASS: TestProtectedProfilesRejectContradictionsAndLogicalCIDRInjection/nat/10.0.0.0/31 (0.00s)\n","OutputType":"frame"}
{"Time":"2026-09-08T09:31:42.536498696+03:00","Action":"pass","Package":"virmill.local/core/internal/backend/networkxml","Test":"TestProtectedProfilesRejectContradictionsAndLogicalCIDRInjection/nat/10.0.0.0/31","Elapsed":0}
{"Time":"2026-09-08T09:31:42.536513267+03:00","Action":"run","Package":"virmill.local/core/internal/backend/networkxml","Test":"TestProtectedProfilesRejectContradictionsAndLogicalCIDRInjection/nat/fd00::/64"}
{"Time":"2026-09-08T09:31:42.536515637+03:00","Action":"output","Package":"virmill.local/core/internal/backend/networkxml","Test":"TestProtectedProfilesRejectContradictionsAndLogicalCIDRInjection/nat/fd00::/64","Output":"=== RUN   TestProtectedProfilesRejectContradictionsAndLogicalCIDRInjection/nat/fd00::/64\n","OutputType":"frame"}
{"Time":"2026-09-08T09:31:42.536544208+03:00","Action":"output","Package":"virmill.local/core/internal/backend/networkxml","Test":"TestProtectedProfilesRejectContradictionsAndLogicalCIDRInjection/nat/fd00::/64","Output":"--- PASS: TestProtectedProfilesRejectContradictionsAndLogicalCIDRInjection/nat/fd00::/64 (0.00s)\n","OutputType":"frame"}
{"Time":"2026-09-08T09:31:42.536547868+03:00","Action":"pass","Package":"virmill.local/core/internal/backend/networkxml","Test":"TestProtectedProfilesRejectContradictionsAndLogicalCIDRInjection/nat/fd00::/64","Elapsed":0}
{"Time":"2026-09-08T09:31:42.536556668+03:00","Action":"run","Package":"virmill.local/core/internal/backend/networkxml","Test":"TestProtectedProfilesRejectContradictionsAndLogicalCIDRInjection/nat/::ffff:10.0.0.0/104"}
{"Time":"2026-09-08T09:31:42.536558954+03:00","Action":"output","Package":"virmill.local/core/internal/backend/networkxml","Test":"TestProtectedProfilesRejectContradictionsAndLogicalCIDRInjection/nat/::ffff:10.0.0.0/104","Output":"=== RUN   TestProtectedProfilesRejectContradictionsAndLogicalCIDRInjection/nat/::ffff:10.0.0.0/104\n","OutputType":"frame"}
{"Time":"2026-09-08T09:31:42.536587544+03:00","Action":"output","Package":"virmill.local/core/internal/backend/networkxml","Test":"TestProtectedProfilesRejectContradictionsAndLogicalCIDRInjection/nat/::ffff:10.0.0.0/104","Output":"--- PASS: TestProtectedProfilesRejectContradictionsAndLogicalCIDRInjection/nat/::ffff:10.0.0.0/104 (0.00s)\n","OutputType":"frame"}
{"Time":"2026-09-08T09:31:42.536590768+03:00","Action":"pass","Package":"virmill.local/core/internal/backend/networkxml","Test":"TestProtectedProfilesRejectContradictionsAndLogicalCIDRInjection/nat/::ffff:10.0.0.0/104","Elapsed":0}
{"Time":"2026-09-08T09:31:42.536598328+03:00","Action":"run","Package":"virmill.local/core/internal/backend/networkxml","Test":"TestProtectedProfilesRejectContradictionsAndLogicalCIDRInjection/nat/10.0.0.0/08"}
{"Time":"2026-09-08T09:31:42.536599801+03:00","Action":"output","Package":"virmill.local/core/internal/backend/networkxml","Test":"TestProtectedProfilesRejectContradictionsAndLogicalCIDRInjection/nat/10.0.0.0/08","Output":"=== RUN   TestProtectedProfilesRejectContradictionsAndLogicalCIDRInjection/nat/10.0.0.0/08\n","OutputType":"frame"}
{"Time":"2026-09-08T09:31:42.536629197+03:00","Action":"output","Package":"virmill.local/core/internal/backend/networkxml","Test":"TestProtectedProfilesRejectContradictionsAndLogicalCIDRInjection/nat/10.0.0.0/08","Output":"--- PASS: TestProtectedProfilesRejectContradictionsAndLogicalCIDRInjection/nat/10.0.0.0/08 (0.00s)\n","OutputType":"frame"}
{"Time":"2026-09-08T09:31:42.536632689+03:00","Action":"pass","Package":"virmill.local/core/internal/backend/networkxml","Test":"TestProtectedProfilesRejectContradictionsAndLogicalCIDRInjection/nat/10.0.0.0/08","Elapsed":0}
{"Time":"2026-09-08T09:31:42.536642346+03:00","Action":"run","Package":"virmill.local/core/internal/backend/networkxml","Test":"TestProtectedProfilesRejectContradictionsAndLogicalCIDRInjection/nat/_10.0.0.0/8"}
{"Time":"2026-09-08T09:31:42.536644368+03:00","Action":"output","Package":"virmill.local/core/internal/backend/networkxml","Test":"TestProtectedProfilesRejectContradictionsAndLogicalCIDRInjection/nat/_10.0.0.0/8","Output":"=== RUN   TestProtectedProfilesRejectContradictionsAndLogicalCIDRInjection/nat/_10.0.0.0/8\n","OutputType":"frame"}
{"Time":"2026-09-08T09:31:42.536673179+03:00","Action":"output","Package":"virmill.local/core/internal/backend/networkxml","Test":"TestProtectedProfilesRejectContradictionsAndLogicalCIDRInjection/nat/_10.0.0.0/8","Output":"--- PASS: TestProtectedProfilesRejectContradictionsAndLogicalCIDRInjection/nat/_10.0.0.0/8 (0.00s)\n","OutputType":"frame"}
{"Time":"2026-09-08T09:31:42.536676404+03:00","Action":"pass","Package":"virmill.local/core/internal/backend/networkxml","Test":"TestProtectedProfilesRejectContradictionsAndLogicalCIDRInjection/nat/_10.0.0.0/8","Elapsed":0}
{"Time":"2026-09-08T09:31:42.536684596+03:00","Action":"run","Package":"virmill.local/core/internal/backend/networkxml","Test":"TestProtectedProfilesRejectContradictionsAndLogicalCIDRInjection/nat/10.0.0.0/8\"/\u003e\u003cip_address=\"8.8.8.8"}
{"Time":"2026-09-08T09:31:42.536686529+03:00","Action":"output","Package":"virmill.local/core/internal/backend/networkxml","Test":"TestProtectedProfilesRejectContradictionsAndLogicalCIDRInjection/nat/10.0.0.0/8\"/\u003e\u003cip_address=\"8.8.8.8","Output":"=== RUN   TestProtectedProfilesRejectContradictionsAndLogicalCIDRInjection/nat/10.0.0.0/8\"/\u003e\u003cip_address=\"8.8.8.8\n","OutputType":"frame"}
{"Time":"2026-09-08T09:31:42.536716379+03:00","Action":"output","Package":"virmill.local/core/internal/backend/networkxml","Test":"TestProtectedProfilesRejectContradictionsAndLogicalCIDRInjection/nat/10.0.0.0/8\"/\u003e\u003cip_address=\"8.8.8.8","Output":"--- PASS: TestProtectedProfilesRejectContradictionsAndLogicalCIDRInjection/nat/10.0.0.0/8\"/\u003e\u003cip_address=\"8.8.8.8 (0.00s)\n","OutputType":"frame"}
{"Time":"2026-09-08T09:31:42.536719893+03:00","Action":"pass","Package":"virmill.local/core/internal/backend/networkxml","Test":"TestProtectedProfilesRejectContradictionsAndLogicalCIDRInjection/nat/10.0.0.0/8\"/\u003e\u003cip_address=\"8.8.8.8","Elapsed":0}
{"Time":"2026-09-08T09:31:42.53672665+03:00","Action":"run","Package":"virmill.local/core/internal/backend/networkxml","Test":"TestProtectedProfilesRejectContradictionsAndLogicalCIDRInjection/lab/8.8.8.0/24"}
{"Time":"2026-09-08T09:31:42.536728709+03:00","Action":"output","Package":"virmill.local/core/internal/backend/networkxml","Test":"TestProtectedProfilesRejectContradictionsAndLogicalCIDRInjection/lab/8.8.8.0/24","Output":"=== RUN   TestProtectedProfilesRejectContradictionsAndLogicalCIDRInjection/lab/8.8.8.0/24\n","OutputType":"frame"}
{"Time":"2026-09-08T09:31:42.53675624+03:00","Action":"output","Package":"virmill.local/core/internal/backend/networkxml","Test":"TestProtectedProfilesRejectContradictionsAndLogicalCIDRInjection/lab/8.8.8.0/24","Output":"--- PASS: TestProtectedProfilesRejectContradictionsAndLogicalCIDRInjection/lab/8.8.8.0/24 (0.00s)\n","OutputType":"frame"}
{"Time":"2026-09-08T09:31:42.536761194+03:00","Action":"pass","Package":"virmill.local/core/internal/backend/networkxml","Test":"TestProtectedProfilesRejectContradictionsAndLogicalCIDRInjection/lab/8.8.8.0/24","Elapsed":0}
{"Time":"2026-09-08T09:31:42.53677257+03:00","Action":"run","Package":"virmill.local/core/internal/backend/networkxml","Test":"TestProtectedProfilesRejectContradictionsAndLogicalCIDRInjection/lab/172.0.0.0/8"}
{"Time":"2026-09-08T09:31:42.536774773+03:00","Action":"output","Package":"virmill.local/core/internal/backend/networkxml","Test":"TestProtectedProfilesRejectContradictionsAndLogicalCIDRInjection/lab/172.0.0.0/8","Output":"=== RUN   TestProtectedProfilesRejectContradictionsAndLogicalCIDRInjection/lab/172.0.0.0/8\n","OutputType":"frame"}
{"Time":"2026-09-08T09:31:42.536798359+03:00","Action":"output","Package":"virmill.local/core/internal/backend/networkxml","Test":"TestProtectedProfilesRejectContradictionsAndLogicalCIDRInjection/lab/172.0.0.0/8","Output":"--- PASS: TestProtectedProfilesRejectContradictionsAndLogicalCIDRInjection/lab/172.0.0.0/8 (0.00s)\n","OutputType":"frame"}
{"Time":"2026-09-08T09:31:42.536805765+03:00","Action":"pass","Package":"virmill.local/core/internal/backend/networkxml","Test":"TestProtectedProfilesRejectContradictionsAndLogicalCIDRInjection/lab/172.0.0.0/8","Elapsed":0}
{"Time":"2026-09-08T09:31:42.536817833+03:00","Action":"run","Package":"virmill.local/core/internal/backend/networkxml","Test":"TestProtectedProfilesRejectContradictionsAndLogicalCIDRInjection/lab/10.0.0.1/24"}
{"Time":"2026-09-08T09:31:42.536820041+03:00","Action":"output","Package":"virmill.local/core/internal/backend/networkxml","Test":"TestProtectedProfilesRejectContradictionsAndLogicalCIDRInjection/lab/10.0.0.1/24","Output":"=== RUN   TestProtectedProfilesRejectContradictionsAndLogicalCIDRInjection/lab/10.0.0.1/24\n","OutputType":"frame"}
{"Time":"2026-09-08T09:31:42.536841201+03:00","Action":"output","Package":"virmill.local/core/internal/backend/networkxml","Test":"TestProtectedProfilesRejectContradictionsAndLogicalCIDRInjection/lab/10.0.0.1/24","Output":"--- PASS: TestProtectedProfilesRejectContradictionsAndLogicalCIDRInjection/lab/10.0.0.1/24 (0.00s)\n","OutputType":"frame"}
{"Time":"2026-09-08T09:31:42.53684581+03:00","Action":"pass","Package":"virmill.local/core/internal/backend/networkxml","Test":"TestProtectedProfilesRejectContradictionsAndLogicalCIDRInjection/lab/10.0.0.1/24","Elapsed":0}
{"Time":"2026-09-08T09:31:42.536854266+03:00","Action":"run","Package":"virmill.local/core/internal/backend/networkxml","Test":"TestProtectedProfilesRejectContradictionsAndLogicalCIDRInjection/lab/10.0.0.0/31"}
{"Time":"2026-09-08T09:31:42.536856591+03:00","Action":"output","Package":"virmill.local/core/internal/backend/networkxml","Test":"TestProtectedProfilesRejectContradictionsAndLogicalCIDRInjection/lab/10.0.0.0/31","Output":"=== RUN   TestProtectedProfilesRejectContradictionsAndLogicalCIDRInjection/lab/10.0.0.0/31\n","OutputType":"frame"}
{"Time":"2026-09-08T09:31:42.536880217+03:00","Action":"output","Package":"virmill.local/core/internal/backend/networkxml","Test":"TestProtectedProfilesRejectContradictionsAndLogicalCIDRInjection/lab/10.0.0.0/31","Output":"--- PASS: TestProtectedProfilesRejectContradictionsAndLogicalCIDRInjection/lab/10.0.0.0/31 (0.00s)\n","OutputType":"frame"}
{"Time":"2026-09-08T09:31:42.536884355+03:00","Action":"pass","Package":"virmill.local/core/internal/backend/networkxml","Test":"TestProtectedProfilesRejectContradictionsAndLogicalCIDRInjection/lab/10.0.0.0/31","Elapsed":0}
{"Time":"2026-09-08T09:31:42.536897059+03:00","Action":"run","Package":"virmill.local/core/internal/backend/networkxml","Test":"TestProtectedProfilesRejectContradictionsAndLogicalCIDRInjection/lab/fd00::/64"}
{"Time":"2026-09-08T09:31:42.536899189+03:00","Action":"output","Package":"virmill.local/core/internal/backend/networkxml","Test":"TestProtectedProfilesRejectContradictionsAndLogicalCIDRInjection/lab/fd00::/64","Output":"=== RUN   TestProtectedProfilesRejectContradictionsAndLogicalCIDRInjection/lab/fd00::/64\n","OutputType":"frame"}
{"Time":"2026-09-08T09:31:42.536925148+03:00","Action":"output","Package":"virmill.local/core/internal/backend/networkxml","Test":"TestProtectedProfilesRejectContradictionsAndLogicalCIDRInjection/lab/fd00::/64","Output":"--- PASS: TestProtectedProfilesRejectContradictionsAndLogicalCIDRInjection/lab/fd00::/64 (0.00s)\n","OutputType":"frame"}
{"Time":"2026-09-08T09:31:42.536928089+03:00","Action":"pass","Package":"virmill.local/core/internal/backend/networkxml","Test":"TestProtectedProfilesRejectContradictionsAndLogicalCIDRInjection/lab/fd00::/64","Elapsed":0}
{"Time":"2026-09-08T09:31:42.536941151+03:00","Action":"run","Package":"virmill.local/core/internal/backend/networkxml","Test":"TestProtectedProfilesRejectContradictionsAndLogicalCIDRInjection/lab/::ffff:10.0.0.0/104"}
{"Time":"2026-09-08T09:31:42.536943392+03:00","Action":"output","Package":"virmill.local/core/internal/backend/networkxml","Test":"TestProtectedProfilesRejectContradictionsAndLogicalCIDRInjection/lab/::ffff:10.0.0.0/104","Output":"=== RUN   TestProtectedProfilesRejectContradictionsAndLogicalCIDRInjection/lab/::ffff:10.0.0.0/104\n","OutputType":"frame"}
{"Time":"2026-09-08T09:31:42.536968017+03:00","Action":"output","Package":"virmill.local/core/internal/backend/networkxml","Test":"TestProtectedProfilesRejectContradictionsAndLogicalCIDRInjection/lab/::ffff:10.0.0.0/104","Output":"--- PASS: TestProtectedProfilesRejectContradictionsAndLogicalCIDRInjection/lab/::ffff:10.0.0.0/104 (0.00s)\n","OutputType":"frame"}
{"Time":"2026-09-08T09:31:42.536971215+03:00","Action":"pass","Package":"virmill.local/core/internal/backend/networkxml","Test":"TestProtectedProfilesRejectContradictionsAndLogicalCIDRInjection/lab/::ffff:10.0.0.0/104","Elapsed":0}
{"Time":"2026-09-08T09:31:42.536979481+03:00","Action":"run","Package":"virmill.local/core/internal/backend/networkxml","Test":"TestProtectedProfilesRejectContradictionsAndLogicalCIDRInjection/lab/10.0.0.0/08"}
{"Time":"2026-09-08T09:31:42.536981592+03:00","Action":"output","Package":"virmill.local/core/internal/backend/networkxml","Test":"TestProtectedProfilesRejectContradictionsAndLogicalCIDRInjection/lab/10.0.0.0/08","Output":"=== RUN   TestProtectedProfilesRejectContradictionsAndLogicalCIDRInjection/lab/10.0.0.0/08\n","OutputType":"frame"}
{"Time":"2026-09-08T09:31:42.537012591+03:00","Action":"output","Package":"virmill.local/core/internal/backend/networkxml","Test":"TestProtectedProfilesRejectContradictionsAndLogicalCIDRInjection/lab/10.0.0.0/08","Output":"--- PASS: TestProtectedProfilesRejectContradictionsAndLogicalCIDRInjection/lab/10.0.0.0/08 (0.00s)\n","OutputType":"frame"}
{"Time":"2026-09-08T09:31:42.537015172+03:00","Action":"pass","Package":"virmill.local/core/internal/backend/networkxml","Test":"TestProtectedProfilesRejectContradictionsAndLogicalCIDRInjection/lab/10.0.0.0/08","Elapsed":0}
{"Time":"2026-09-08T09:31:42.537027876+03:00","Action":"run","Package":"virmill.local/core/internal/backend/networkxml","Test":"TestProtectedProfilesRejectContradictionsAndLogicalCIDRInjection/lab/_10.0.0.0/8"}
{"Time":"2026-09-08T09:31:42.537029946+03:00","Action":"output","Package":"virmill.local/core/internal/backend/networkxml","Test":"TestProtectedProfilesRejectContradictionsAndLogicalCIDRInjection/lab/_10.0.0.0/8","Output":"=== RUN   TestProtectedProfilesRejectContradictionsAndLogicalCIDRInjection/lab/_10.0.0.0/8\n","OutputType":"frame"}
{"Time":"2026-09-08T09:31:42.537055718+03:00","Action":"output","Package":"virmill.local/core/internal/backend/networkxml","Test":"TestProtectedProfilesRejectContradictionsAndLogicalCIDRInjection/lab/_10.0.0.0/8","Output":"--- PASS: TestProtectedProfilesRejectContradictionsAndLogicalCIDRInjection/lab/_10.0.0.0/8 (0.00s)\n","OutputType":"frame"}
{"Time":"2026-09-08T09:31:42.537058407+03:00","Action":"pass","Package":"virmill.local/core/internal/backend/networkxml","Test":"TestProtectedProfilesRejectContradictionsAndLogicalCIDRInjection/lab/_10.0.0.0/8","Elapsed":0}
{"Time":"2026-09-08T09:31:42.537069435+03:00","Action":"run","Package":"virmill.local/core/internal/backend/networkxml","Test":"TestProtectedProfilesRejectContradictionsAndLogicalCIDRInjection/lab/10.0.0.0/8\"/\u003e\u003cip_address=\"8.8.8.8"}
{"Time":"2026-09-08T09:31:42.537071579+03:00","Action":"output","Package":"virmill.local/core/internal/backend/networkxml","Test":"TestProtectedProfilesRejectContradictionsAndLogicalCIDRInjection/lab/10.0.0.0/8\"/\u003e\u003cip_address=\"8.8.8.8","Output":"=== RUN   TestProtectedProfilesRejectContradictionsAndLogicalCIDRInjection/lab/10.0.0.0/8\"/\u003e\u003cip_address=\"8.8.8.8\n","OutputType":"frame"}
{"Time":"2026-09-08T09:31:42.537096318+03:00","Action":"output","Package":"virmill.local/core/internal/backend/networkxml","Test":"TestProtectedProfilesRejectContradictionsAndLogicalCIDRInjection/lab/10.0.0.0/8\"/\u003e\u003cip_address=\"8.8.8.8","Output":"--- PASS: TestProtectedProfilesRejectContradictionsAndLogicalCIDRInjection/lab/10.0.0.0/8\"/\u003e\u003cip_address=\"8.8.8.8 (0.00s)\n","OutputType":"frame"}
{"Time":"2026-09-08T09:31:42.537099217+03:00","Action":"pass","Package":"virmill.local/core/internal/backend/networkxml","Test":"TestProtectedProfilesRejectContradictionsAndLogicalCIDRInjection/lab/10.0.0.0/8\"/\u003e\u003cip_address=\"8.8.8.8","Elapsed":0}
{"Time":"2026-09-08T09:31:42.53710707+03:00","Action":"run","Package":"virmill.local/core/internal/backend/networkxml","Test":"TestProtectedProfilesRejectContradictionsAndLogicalCIDRInjection/guest-only/8.8.8.0/24"}
{"Time":"2026-09-08T09:31:42.537109148+03:00","Action":"output","Package":"virmill.local/core/internal/backend/networkxml","Test":"TestProtectedProfilesRejectContradictionsAndLogicalCIDRInjection/guest-only/8.8.8.0/24","Output":"=== RUN   TestProtectedProfilesRejectContradictionsAndLogicalCIDRInjection/guest-only/8.8.8.0/24\n","OutputType":"frame"}
{"Time":"2026-09-08T09:31:42.537137102+03:00","Action":"output","Package":"virmill.local/core/internal/backend/networkxml","Test":"TestProtectedProfilesRejectContradictionsAndLogicalCIDRInjection/guest-only/8.8.8.0/24","Output":"--- PASS: TestProtectedProfilesRejectContradictionsAndLogicalCIDRInjection/guest-only/8.8.8.0/24 (0.00s)\n","OutputType":"frame"}
{"Time":"2026-09-08T09:31:42.537139994+03:00","Action":"pass","Package":"virmill.local/core/internal/backend/networkxml","Test":"TestProtectedProfilesRejectContradictionsAndLogicalCIDRInjection/guest-only/8.8.8.0/24","Elapsed":0}
{"Time":"2026-09-08T09:31:42.537150268+03:00","Action":"run","Package":"virmill.local/core/internal/backend/networkxml","Test":"TestProtectedProfilesRejectContradictionsAndLogicalCIDRInjection/guest-only/172.0.0.0/8"}
{"Time":"2026-09-08T09:31:42.537152217+03:00","Action":"output","Package":"virmill.local/core/internal/backend/networkxml","Test":"TestProtectedProfilesRejectContradictionsAndLogicalCIDRInjection/guest-only/172.0.0.0/8","Output":"=== RUN   TestProtectedProfilesRejectContradictionsAndLogicalCIDRInjection/guest-only/172.0.0.0/8\n","OutputType":"frame"}
{"Time":"2026-09-08T09:31:42.537175483+03:00","Action":"output","Package":"virmill.local/core/internal/backend/networkxml","Test":"TestProtectedProfilesRejectContradictionsAndLogicalCIDRInjection/guest-only/172.0.0.0/8","Output":"--- PASS: TestProtectedProfilesRejectContradictionsAndLogicalCIDRInjection/guest-only/172.0.0.0/8 (0.00s)\n","OutputType":"frame"}
{"Time":"2026-09-08T09:31:42.537178334+03:00","Action":"pass","Package":"virmill.local/core/internal/backend/networkxml","Test":"TestProtectedProfilesRejectContradictionsAndLogicalCIDRInjection/guest-only/172.0.0.0/8","Elapsed":0}
{"Time":"2026-09-08T09:31:42.537186226+03:00","Action":"run","Package":"virmill.local/core/internal/backend/networkxml","Test":"TestProtectedProfilesRejectContradictionsAndLogicalCIDRInjection/guest-only/10.0.0.1/24"}
{"Time":"2026-09-08T09:31:42.537188055+03:00","Action":"output","Package":"virmill.local/core/internal/backend/networkxml","Test":"TestProtectedProfilesRejectContradictionsAndLogicalCIDRInjection/guest-only/10.0.0.1/24","Output":"=== RUN   TestProtectedProfilesRejectContradictionsAndLogicalCIDRInjection/guest-only/10.0.0.1/24\n","OutputType":"frame"}
{"Time":"2026-09-08T09:31:42.53720865+03:00","Action":"output","Package":"virmill.local/core/internal/backend/networkxml","Test":"TestProtectedProfilesRejectContradictionsAndLogicalCIDRInjection/guest-only/10.0.0.1/24","Output":"--- PASS: TestProtectedProfilesRejectContradictionsAndLogicalCIDRInjection/guest-only/10.0.0.1/24 (0.00s)\n","OutputType":"frame"}
{"Time":"2026-09-08T09:31:42.537213633+03:00","Action":"pass","Package":"virmill.local/core/internal/backend/networkxml","Test":"TestProtectedProfilesRejectContradictionsAndLogicalCIDRInjection/guest-only/10.0.0.1/24","Elapsed":0}
{"Time":"2026-09-08T09:31:42.537221099+03:00","Action":"run","Package":"virmill.local/core/internal/backend/networkxml","Test":"TestProtectedProfilesRejectContradictionsAndLogicalCIDRInjection/guest-only/10.0.0.0/31"}
{"Time":"2026-09-08T09:31:42.537223034+03:00","Action":"output","Package":"virmill.local/core/internal/backend/networkxml","Test":"TestProtectedProfilesRejectContradictionsAndLogicalCIDRInjection/guest-only/10.0.0.0/31","Output":"=== RUN   TestProtectedProfilesRejectContradictionsAndLogicalCIDRInjection/guest-only/10.0.0.0/31\n","OutputType":"frame"}
{"Time":"2026-09-08T09:31:42.537246004+03:00","Action":"output","Package":"virmill.local/core/internal/backend/networkxml","Test":"TestProtectedProfilesRejectContradictionsAndLogicalCIDRInjection/guest-only/10.0.0.0/31","Output":"--- PASS: TestProtectedProfilesRejectContradictionsAndLogicalCIDRInjection/guest-only/10.0.0.0/31 (0.00s)\n","OutputType":"frame"}
{"Time":"2026-09-08T09:31:42.537250508+03:00","Action":"pass","Package":"virmill.local/core/internal/backend/networkxml","Test":"TestProtectedProfilesRejectContradictionsAndLogicalCIDRInjection/guest-only/10.0.0.0/31","Elapsed":0}
{"Time":"2026-09-08T09:31:42.537261195+03:00","Action":"run","Package":"virmill.local/core/internal/backend/networkxml","Test":"TestProtectedProfilesRejectContradictionsAndLogicalCIDRInjection/guest-only/fd00::/64"}
{"Time":"2026-09-08T09:31:42.53726328+03:00","Action":"output","Package":"virmill.local/core/internal/backend/networkxml","Test":"TestProtectedProfilesRejectContradictionsAndLogicalCIDRInjection/guest-only/fd00::/64","Output":"=== RUN   TestProtectedProfilesRejectContradictionsAndLogicalCIDRInjection/guest-only/fd00::/64\n","OutputType":"frame"}
{"Time":"2026-09-08T09:31:42.537284276+03:00","Action":"output","Package":"virmill.local/core/internal/backend/networkxml","Test":"TestProtectedProfilesRejectContradictionsAndLogicalCIDRInjection/guest-only/fd00::/64","Output":"--- PASS: TestProtectedProfilesRejectContradictionsAndLogicalCIDRInjection/guest-only/fd00::/64 (0.00s)\n","OutputType":"frame"}
{"Time":"2026-09-08T09:31:42.537289244+03:00","Action":"pass","Package":"virmill.local/core/internal/backend/networkxml","Test":"TestProtectedProfilesRejectContradictionsAndLogicalCIDRInjection/guest-only/fd00::/64","Elapsed":0}
{"Time":"2026-09-08T09:31:42.537295537+03:00","Action":"run","Package":"virmill.local/core/internal/backend/networkxml","Test":"TestProtectedProfilesRejectContradictionsAndLogicalCIDRInjection/guest-only/::ffff:10.0.0.0/104"}
{"Time":"2026-09-08T09:31:42.537297341+03:00","Action":"output","Package":"virmill.local/core/internal/backend/networkxml","Test":"TestProtectedProfilesRejectContradictionsAndLogicalCIDRInjection/guest-only/::ffff:10.0.0.0/104","Output":"=== RUN   TestProtectedProfilesRejectContradictionsAndLogicalCIDRInjection/guest-only/::ffff:10.0.0.0/104\n","OutputType":"frame"}
{"Time":"2026-09-08T09:31:42.537323287+03:00","Action":"output","Package":"virmill.local/core/internal/backend/networkxml","Test":"TestProtectedProfilesRejectContradictionsAndLogicalCIDRInjection/guest-only/::ffff:10.0.0.0/104","Output":"--- PASS: TestProtectedProfilesRejectContradictionsAndLogicalCIDRInjection/guest-only/::ffff:10.0.0.0/104 (0.00s)\n","OutputType":"frame"}
{"Time":"2026-09-08T09:31:42.537332351+03:00","Action":"pass","Package":"virmill.local/core/internal/backend/networkxml","Test":"TestProtectedProfilesRejectContradictionsAndLogicalCIDRInjection/guest-only/::ffff:10.0.0.0/104","Elapsed":0}
{"Time":"2026-09-08T09:31:42.537336627+03:00","Action":"run","Package":"virmill.local/core/internal/backend/networkxml","Test":"TestProtectedProfilesRejectContradictionsAndLogicalCIDRInjection/guest-only/10.0.0.0/08"}
{"Time":"2026-09-08T09:31:42.537337924+03:00","Action":"output","Package":"virmill.local/core/internal/backend/networkxml","Test":"TestProtectedProfilesRejectContradictionsAndLogicalCIDRInjection/guest-only/10.0.0.0/08","Output":"=== RUN   TestProtectedProfilesRejectContradictionsAndLogicalCIDRInjection/guest-only/10.0.0.0/08\n","OutputType":"frame"}
{"Time":"2026-09-08T09:31:42.537369578+03:00","Action":"output","Package":"virmill.local/core/internal/backend/networkxml","Test":"TestProtectedProfilesRejectContradictionsAndLogicalCIDRInjection/guest-only/10.0.0.0/08","Output":"--- PASS: TestProtectedProfilesRejectContradictionsAndLogicalCIDRInjection/guest-only/10.0.0.0/08 (0.00s)\n","OutputType":"frame"}
{"Time":"2026-09-08T09:31:42.537372411+03:00","Action":"pass","Package":"virmill.local/core/internal/backend/networkxml","Test":"TestProtectedProfilesRejectContradictionsAndLogicalCIDRInjection/guest-only/10.0.0.0/08","Elapsed":0}
{"Time":"2026-09-08T09:31:42.537380577+03:00","Action":"run","Package":"virmill.local/core/internal/backend/networkxml","Test":"TestProtectedProfilesRejectContradictionsAndLogicalCIDRInjection/guest-only/_10.0.0.0/8"}
{"Time":"2026-09-08T09:31:42.537382646+03:00","Action":"output","Package":"virmill.local/core/internal/backend/networkxml","Test":"TestProtectedProfilesRejectContradictionsAndLogicalCIDRInjection/guest-only/_10.0.0.0/8","Output":"=== RUN   TestProtectedProfilesRejectContradictionsAndLogicalCIDRInjection/guest-only/_10.0.0.0/8\n","OutputType":"frame"}
{"Time":"2026-09-08T09:31:42.537404605+03:00","Action":"output","Package":"virmill.local/core/internal/backend/networkxml","Test":"TestProtectedProfilesRejectContradictionsAndLogicalCIDRInjection/guest-only/_10.0.0.0/8","Output":"--- PASS: TestProtectedProfilesRejectContradictionsAndLogicalCIDRInjection/guest-only/_10.0.0.0/8 (0.00s)\n","OutputType":"frame"}
{"Time":"2026-09-08T09:31:42.537408881+03:00","Action":"pass","Package":"virmill.local/core/internal/backend/networkxml","Test":"TestProtectedProfilesRejectContradictionsAndLogicalCIDRInjection/guest-only/_10.0.0.0/8","Elapsed":0}
{"Time":"2026-09-08T09:31:42.537420332+03:00","Action":"run","Package":"virmill.local/core/internal/backend/networkxml","Test":"TestProtectedProfilesRejectContradictionsAndLogicalCIDRInjection/guest-only/10.0.0.0/8\"/\u003e\u003cip_address=\"8.8.8.8"}
{"Time":"2026-09-08T09:31:42.537422291+03:00","Action":"output","Package":"virmill.local/core/internal/backend/networkxml","Test":"TestProtectedProfilesRejectContradictionsAndLogicalCIDRInjection/guest-only/10.0.0.0/8\"/\u003e\u003cip_address=\"8.8.8.8","Output":"=== RUN   TestProtectedProfilesRejectContradictionsAndLogicalCIDRInjection/guest-only/10.0.0.0/8\"/\u003e\u003cip_address=\"8.8.8.8\n","OutputType":"frame"}
{"Time":"2026-09-08T09:31:42.537446341+03:00","Action":"output","Package":"virmill.local/core/internal/backend/networkxml","Test":"TestProtectedProfilesRejectContradictionsAndLogicalCIDRInjection/guest-only/10.0.0.0/8\"/\u003e\u003cip_address=\"8.8.8.8","Output":"--- PASS: TestProtectedProfilesRejectContradictionsAndLogicalCIDRInjection/guest-only/10.0.0.0/8\"/\u003e\u003cip_address=\"8.8.8.8 (0.00s)\n","OutputType":"frame"}
{"Time":"2026-09-08T09:31:42.537450973+03:00","Action":"pass","Package":"virmill.local/core/internal/backend/networkxml","Test":"TestProtectedProfilesRejectContradictionsAndLogicalCIDRInjection/guest-only/10.0.0.0/8\"/\u003e\u003cip_address=\"8.8.8.8","Elapsed":0}
{"Time":"2026-09-08T09:31:42.537462553+03:00","Action":"run","Package":"virmill.local/core/internal/backend/networkxml","Test":"TestProtectedProfilesRejectContradictionsAndLogicalCIDRInjection/guest-only/forwarding"}
{"Time":"2026-09-08T09:31:42.537464655+03:00","Action":"output","Package":"virmill.local/core/internal/backend/networkxml","Test":"TestProtectedProfilesRejectContradictionsAndLogicalCIDRInjection/guest-only/forwarding","Output":"=== RUN   TestProtectedProfilesRejectContradictionsAndLogicalCIDRInjection/guest-only/forwarding\n","OutputType":"frame"}
{"Time":"2026-09-08T09:31:42.537495264+03:00","Action":"output","Package":"virmill.local/core/internal/backend/networkxml","Test":"TestProtectedProfilesRejectContradictionsAndLogicalCIDRInjection/guest-only/forwarding","Output":"--- PASS: TestProtectedProfilesRejectContradictionsAndLogicalCIDRInjection/guest-only/forwarding (0.00s)\n","OutputType":"frame"}
{"Time":"2026-09-08T09:31:42.537500804+03:00","Action":"pass","Package":"virmill.local/core/internal/backend/networkxml","Test":"TestProtectedProfilesRejectContradictionsAndLogicalCIDRInjection/guest-only/forwarding","Elapsed":0}
{"Time":"2026-09-08T09:31:42.53750862+03:00","Action":"run","Package":"virmill.local/core/internal/backend/networkxml","Test":"TestProtectedProfilesRejectContradictionsAndLogicalCIDRInjection/guest-only/host_allow"}
{"Time":"2026-09-08T09:31:42.537510702+03:00","Action":"output","Package":"virmill.local/core/internal/backend/networkxml","Test":"TestProtectedProfilesRejectContradictionsAndLogicalCIDRInjection/guest-only/host_allow","Output":"=== RUN   TestProtectedProfilesRejectContradictionsAndLogicalCIDRInjection/guest-only/host_allow\n","OutputType":"frame"}
{"Time":"2026-09-08T09:31:42.537534025+03:00","Action":"output","Package":"virmill.local/core/internal/backend/networkxml","Test":"TestProtectedProfilesRejectContradictionsAndLogicalCIDRInjection/guest-only/host_allow","Output":"--- PASS: TestProtectedProfilesRejectContradictionsAndLogicalCIDRInjection/guest-only/host_allow (0.00s)\n","OutputType":"frame"}
{"Time":"2026-09-08T09:31:42.537536898+03:00","Action":"pass","Package":"virmill.local/core/internal/backend/networkxml","Test":"TestProtectedProfilesRejectContradictionsAndLogicalCIDRInjection/guest-only/host_allow","Elapsed":0}
{"Time":"2026-09-08T09:31:42.537544338+03:00","Action":"run","Package":"virmill.local/core/internal/backend/networkxml","Test":"TestProtectedProfilesRejectContradictionsAndLogicalCIDRInjection/guest-only/host_services"}
{"Time":"2026-09-08T09:31:42.537546269+03:00","Action":"output","Package":"virmill.local/core/internal/backend/networkxml","Test":"TestProtectedProfilesRejectContradictionsAndLogicalCIDRInjection/guest-only/host_services","Output":"=== RUN   TestProtectedProfilesRejectContradictionsAndLogicalCIDRInjection/guest-only/host_services\n","OutputType":"frame"}
{"Time":"2026-09-08T09:31:42.53757105+03:00","Action":"output","Package":"virmill.local/core/internal/backend/networkxml","Test":"TestProtectedProfilesRejectContradictionsAndLogicalCIDRInjection/guest-only/host_services","Output":"--- PASS: TestProtectedProfilesRejectContradictionsAndLogicalCIDRInjection/guest-only/host_services (0.00s)\n","OutputType":"frame"}
{"Time":"2026-09-08T09:31:42.537573979+03:00","Action":"pass","Package":"virmill.local/core/internal/backend/networkxml","Test":"TestProtectedProfilesRejectContradictionsAndLogicalCIDRInjection/guest-only/host_services","Elapsed":0}
{"Time":"2026-09-08T09:31:42.537584783+03:00","Action":"run","Package":"virmill.local/core/internal/backend/networkxml","Test":"TestProtectedProfilesRejectContradictionsAndLogicalCIDRInjection/guest-only/implicit_host"}
{"Time":"2026-09-08T09:31:42.537586796+03:00","Action":"output","Package":"virmill.local/core/internal/backend/networkxml","Test":"TestProtectedProfilesRejectContradictionsAndLogicalCIDRInjection/guest-only/implicit_host","Output":"=== RUN   TestProtectedProfilesRejectContradictionsAndLogicalCIDRInjection/guest-only/implicit_host\n","OutputType":"frame"}
{"Time":"2026-09-08T09:31:42.537607834+03:00","Action":"output","Package":"virmill.local/core/internal/backend/networkxml","Test":"TestProtectedProfilesRejectContradictionsAndLogicalCIDRInjection/guest-only/implicit_host","Output":"--- PASS: TestProtectedProfilesRejectContradictionsAndLogicalCIDRInjection/guest-only/implicit_host (0.00s)\n","OutputType":"frame"}
{"Time":"2026-09-08T09:31:42.537610507+03:00","Action":"pass","Package":"virmill.local/core/internal/backend/networkxml","Test":"TestProtectedProfilesRejectContradictionsAndLogicalCIDRInjection/guest-only/implicit_host","Elapsed":0}
{"Time":"2026-09-08T09:31:42.537618446+03:00","Action":"run","Package":"virmill.local/core/internal/backend/networkxml","Test":"TestProtectedProfilesRejectContradictionsAndLogicalCIDRInjection/guest-only/IPv6"}
{"Time":"2026-09-08T09:31:42.537620531+03:00","Action":"output","Package":"virmill.local/core/internal/backend/networkxml","Test":"TestProtectedProfilesRejectContradictionsAndLogicalCIDRInjection/guest-only/IPv6","Output":"=== RUN   TestProtectedProfilesRejectContradictionsAndLogicalCIDRInjection/guest-only/IPv6\n","OutputType":"frame"}
{"Time":"2026-09-08T09:31:42.537640079+03:00","Action":"output","Package":"virmill.local/core/internal/backend/networkxml","Test":"TestProtectedProfilesRejectContradictionsAndLogicalCIDRInjection/guest-only/IPv6","Output":"--- PASS: TestProtectedProfilesRejectContradictionsAndLogicalCIDRInjection/guest-only/IPv6 (0.00s)\n","OutputType":"frame"}
{"Time":"2026-09-08T09:31:42.537644628+03:00","Action":"pass","Package":"virmill.local/core/internal/backend/networkxml","Test":"TestProtectedProfilesRejectContradictionsAndLogicalCIDRInjection/guest-only/IPv6","Elapsed":0}
{"Time":"2026-09-08T09:31:42.537653022+03:00","Action":"run","Package":"virmill.local/core/internal/backend/networkxml","Test":"TestProtectedProfilesRejectContradictionsAndLogicalCIDRInjection/guest-only/DHCP"}
{"Time":"2026-09-08T09:31:42.537655015+03:00","Action":"output","Package":"virmill.local/core/internal/backend/networkxml","Test":"TestProtectedProfilesRejectContradictionsAndLogicalCIDRInjection/guest-only/DHCP","Output":"=== RUN   TestProtectedProfilesRejectContradictionsAndLogicalCIDRInjection/guest-only/DHCP\n","OutputType":"frame"}
{"Time":"2026-09-08T09:31:42.537678509+03:00","Action":"output","Package":"virmill.local/core/internal/backend/networkxml","Test":"TestProtectedProfilesRejectContradictionsAndLogicalCIDRInjection/guest-only/DHCP","Output":"--- PASS: TestProtectedProfilesRejectContradictionsAndLogicalCIDRInjection/guest-only/DHCP (0.00s)\n","OutputType":"frame"}
{"Time":"2026-09-08T09:31:42.537681613+03:00","Action":"pass","Package":"virmill.local/core/internal/backend/networkxml","Test":"TestProtectedProfilesRejectContradictionsAndLogicalCIDRInjection/guest-only/DHCP","Elapsed":0}
{"Time":"2026-09-08T09:31:42.537689019+03:00","Action":"run","Package":"virmill.local/core/internal/backend/networkxml","Test":"TestProtectedProfilesRejectContradictionsAndLogicalCIDRInjection/guest-only/default_route"}
{"Time":"2026-09-08T09:31:42.53769087+03:00","Action":"output","Package":"virmill.local/core/internal/backend/networkxml","Test":"TestProtectedProfilesRejectContradictionsAndLogicalCIDRInjection/guest-only/default_route","Output":"=== RUN   TestProtectedProfilesRejectContradictionsAndLogicalCIDRInjection/guest-only/default_route\n","OutputType":"frame"}
{"Time":"2026-09-08T09:31:42.53782574+03:00","Action":"output","Package":"virmill.local/core/internal/backend/networkxml","Test":"TestProtectedProfilesRejectContradictionsAndLogicalCIDRInjection/guest-only/default_route","Output":"--- PASS: TestProtectedProfilesRejectContradictionsAndLogicalCIDRInjection/guest-only/default_route (0.00s)\n","OutputType":"frame"}
{"Time":"2026-09-08T09:31:42.537828609+03:00","Action":"pass","Package":"virmill.local/core/internal/backend/networkxml","Test":"TestProtectedProfilesRejectContradictionsAndLogicalCIDRInjection/guest-only/default_route","Elapsed":0}
{"Time":"2026-09-08T09:31:42.537871989+03:00","Action":"output","Package":"virmill.local/core/internal/backend/networkxml","Test":"TestProtectedProfilesRejectContradictionsAndLogicalCIDRInjection","Output":"--- PASS: TestProtectedProfilesRejectContradictionsAndLogicalCIDRInjection (0.00s)\n","OutputType":"frame"}
{"Time":"2026-09-08T09:31:42.537880281+03:00","Action":"pass","Package":"virmill.local/core/internal/backend/networkxml","Test":"TestProtectedProfilesRejectContradictionsAndLogicalCIDRInjection","Elapsed":0}
{"Time":"2026-09-08T09:31:42.537889079+03:00","Action":"run","Package":"virmill.local/core/internal/backend/networkxml","Test":"TestProtectedMatchRejectsServiceAndNativePolicyDrift"}
{"Time":"2026-09-08T09:31:42.537891099+03:00","Action":"output","Package":"virmill.local/core/internal/backend/networkxml","Test":"TestProtectedMatchRejectsServiceAndNativePolicyDrift","Output":"=== RUN   TestProtectedMatchRejectsServiceAndNativePolicyDrift\n","OutputType":"frame"}
{"Time":"2026-09-08T09:31:42.537908069+03:00","Action":"run","Package":"virmill.local/core/internal/backend/networkxml","Test":"TestProtectedMatchRejectsServiceAndNativePolicyDrift/nat/dhcp=true"}
{"Time":"2026-09-08T09:31:42.537910045+03:00","Action":"output","Package":"virmill.local/core/internal/backend/networkxml","Test":"TestProtectedMatchRejectsServiceAndNativePolicyDrift/nat/dhcp=true","Output":"=== RUN   TestProtectedMatchRejectsServiceAndNativePolicyDrift/nat/dhcp=true\n","OutputType":"frame"}
{"Time":"2026-09-08T09:31:42.538005381+03:00","Action":"run","Package":"virmill.local/core/internal/backend/networkxml","Test":"TestProtectedMatchRejectsServiceAndNativePolicyDrift/nat/dhcp=true/hostdev_injection"}
{"Time":"2026-09-08T09:31:42.538007457+03:00","Action":"output","Package":"virmill.local/core/internal/backend/networkxml","Test":"TestProtectedMatchRejectsServiceAndNativePolicyDrift/nat/dhcp=true/hostdev_injection","Output":"=== RUN   TestProtectedMatchRejectsServiceAndNativePolicyDrift/nat/dhcp=true/hostdev_injection\n","OutputType":"frame"}
{"Time":"2026-09-08T09:31:42.538351739+03:00","Action":"output","Package":"virmill.local/core/internal/backend/networkxml","Test":"TestProtectedMatchRejectsServiceAndNativePolicyDrift/nat/dhcp=true/hostdev_injection","Output":"--- PASS: TestProtectedMatchRejectsServiceAndNativePolicyDrift/nat/dhcp=true/hostdev_injection (0.00s)\n","OutputType":"frame"}
{"Time":"2026-09-08T09:31:42.538354871+03:00","Action":"pass","Package":"virmill.local/core/internal/backend/networkxml","Test":"TestProtectedMatchRejectsServiceAndNativePolicyDrift/nat/dhcp=true/hostdev_injection","Elapsed":0}
{"Time":"2026-09-08T09:31:42.538367727+03:00","Action":"run","Package":"virmill.local/core/internal/backend/networkxml","Test":"TestProtectedMatchRejectsServiceAndNativePolicyDrift/nat/dhcp=true/v1_marker"}
{"Time":"2026-09-08T09:31:42.53836957+03:00","Action":"output","Package":"virmill.local/core/internal/backend/networkxml","Test":"TestProtectedMatchRejectsServiceAndNativePolicyDrift/nat/dhcp=true/v1_marker","Output":"=== RUN   TestProtectedMatchRejectsServiceAndNativePolicyDrift/nat/dhcp=true/v1_marker\n","OutputType":"frame"}
{"Time":"2026-09-08T09:31:42.538714778+03:00","Action":"output","Package":"virmill.local/core/internal/backend/networkxml","Test":"TestProtectedMatchRejectsServiceAndNativePolicyDrift/nat/dhcp=true/v1_marker","Output":"--- PASS: TestProtectedMatchRejectsServiceAndNativePolicyDrift/nat/dhcp=true/v1_marker (0.00s)\n","OutputType":"frame"}
{"Time":"2026-09-08T09:31:42.538717434+03:00","Action":"pass","Package":"virmill.local/core/internal/backend/networkxml","Test":"TestProtectedMatchRejectsServiceAndNativePolicyDrift/nat/dhcp=true/v1_marker","Elapsed":0}
{"Time":"2026-09-08T09:31:42.53873083+03:00","Action":"run","Package":"virmill.local/core/internal/backend/networkxml","Test":"TestProtectedMatchRejectsServiceAndNativePolicyDrift/nat/dhcp=true/missing_explicit_DNS"}
{"Time":"2026-09-08T09:31:42.538732692+03:00","Action":"output","Package":"virmill.local/core/internal/backend/networkxml","Test":"TestProtectedMatchRejectsServiceAndNativePolicyDrift/nat/dhcp=true/missing_explicit_DNS","Output":"=== RUN   TestProtectedMatchRejectsServiceAndNativePolicyDrift/nat/dhcp=true/missing_explicit_DNS\n","OutputType":"frame"}
{"Time":"2026-09-08T09:31:42.539077507+03:00","Action":"output","Package":"virmill.local/core/internal/backend/networkxml","Test":"TestProtectedMatchRejectsServiceAndNativePolicyDrift/nat/dhcp=true/missing_explicit_DNS","Output":"--- PASS: TestProtectedMatchRejectsServiceAndNativePolicyDrift/nat/dhcp=true/missing_explicit_DNS (0.00s)\n","OutputType":"frame"}
{"Time":"2026-09-08T09:31:42.539081958+03:00","Action":"pass","Package":"virmill.local/core/internal/backend/networkxml","Test":"TestProtectedMatchRejectsServiceAndNativePolicyDrift/nat/dhcp=true/missing_explicit_DNS","Elapsed":0}
{"Time":"2026-09-08T09:31:42.539091607+03:00","Action":"run","Package":"virmill.local/core/internal/backend/networkxml","Test":"TestProtectedMatchRejectsServiceAndNativePolicyDrift/nat/dhcp=true/implicit_DNS"}
{"Time":"2026-09-08T09:31:42.539093586+03:00","Action":"output","Package":"virmill.local/core/internal/backend/networkxml","Test":"TestProtectedMatchRejectsServiceAndNativePolicyDrift/nat/dhcp=true/implicit_DNS","Output":"=== RUN   TestProtectedMatchRejectsServiceAndNativePolicyDrift/nat/dhcp=true/implicit_DNS\n","OutputType":"frame"}
{"Time":"2026-09-08T09:31:42.53947147+03:00","Action":"output","Package":"virmill.local/core/internal/backend/networkxml","Test":"TestProtectedMatchRejectsServiceAndNativePolicyDrift/nat/dhcp=true/implicit_DNS","Output":"--- PASS: TestProtectedMatchRejectsServiceAndNativePolicyDrift/nat/dhcp=true/implicit_DNS (0.00s)\n","OutputType":"frame"}
{"Time":"2026-09-08T09:31:42.53947784+03:00","Action":"pass","Package":"virmill.local/core/internal/backend/networkxml","Test":"TestProtectedMatchRejectsServiceAndNativePolicyDrift/nat/dhcp=true/implicit_DNS","Elapsed":0}
{"Time":"2026-09-08T09:31:42.539490703+03:00","Action":"run","Package":"virmill.local/core/internal/backend/networkxml","Test":"TestProtectedMatchRejectsServiceAndNativePolicyDrift/nat/dhcp=true/duplicate_enable"}
{"Time":"2026-09-08T09:31:42.53949273+03:00","Action":"output","Package":"virmill.local/core/internal/backend/networkxml","Test":"TestProtectedMatchRejectsServiceAndNativePolicyDrift/nat/dhcp=true/duplicate_enable","Output":"=== RUN   TestProtectedMatchRejectsServiceAndNativePolicyDrift/nat/dhcp=true/duplicate_enable\n","OutputType":"frame"}
{"Time":"2026-09-08T09:31:42.539823012+03:00","Action":"output","Package":"virmill.local/core/internal/backend/networkxml","Test":"TestProtectedMatchRejectsServiceAndNativePolicyDrift/nat/dhcp=true/duplicate_enable","Output":"--- PASS: TestProtectedMatchRejectsServiceAndNativePolicyDrift/nat/dhcp=true/duplicate_enable (0.00s)\n","OutputType":"frame"}
{"Time":"2026-09-08T09:31:42.539830297+03:00","Action":"pass","Package":"virmill.local/core/internal/backend/networkxml","Test":"TestProtectedMatchRejectsServiceAndNativePolicyDrift/nat/dhcp=true/duplicate_enable","Elapsed":0}
{"Time":"2026-09-08T09:31:42.539841389+03:00","Action":"run","Package":"virmill.local/core/internal/backend/networkxml","Test":"TestProtectedMatchRejectsServiceAndNativePolicyDrift/nat/dhcp=true/DNS_attr"}
{"Time":"2026-09-08T09:31:42.539843221+03:00","Action":"output","Package":"virmill.local/core/internal/backend/networkxml","Test":"TestProtectedMatchRejectsServiceAndNativePolicyDrift/nat/dhcp=true/DNS_attr","Output":"=== RUN   TestProtectedMatchRejectsServiceAndNativePolicyDrift/nat/dhcp=true/DNS_attr\n","OutputType":"frame"}
{"Time":"2026-09-08T09:31:42.540220216+03:00","Action":"output","Package":"virmill.local/core/internal/backend/networkxml","Test":"TestProtectedMatchRejectsServiceAndNativePolicyDrift/nat/dhcp=true/DNS_attr","Output":"--- PASS: TestProtectedMatchRejectsServiceAndNativePolicyDrift/nat/dhcp=true/DNS_attr (0.00s)\n","OutputType":"frame"}
{"Time":"2026-09-08T09:31:42.540224558+03:00","Action":"pass","Package":"virmill.local/core/internal/backend/networkxml","Test":"TestProtectedMatchRejectsServiceAndNativePolicyDrift/nat/dhcp=true/DNS_attr","Elapsed":0}
{"Time":"2026-09-08T09:31:42.540235338+03:00","Action":"run","Package":"virmill.local/core/internal/backend/networkxml","Test":"TestProtectedMatchRejectsServiceAndNativePolicyDrift/nat/dhcp=true/duplicate_marker"}
{"Time":"2026-09-08T09:31:42.540237308+03:00","Action":"output","Package":"virmill.local/core/internal/backend/networkxml","Test":"TestProtectedMatchRejectsServiceAndNativePolicyDrift/nat/dhcp=true/duplicate_marker","Output":"=== RUN   TestProtectedMatchRejectsServiceAndNativePolicyDrift/nat/dhcp=true/duplicate_marker\n","OutputType":"frame"}
{"Time":"2026-09-08T09:31:42.540534951+03:00","Action":"output","Package":"virmill.local/core/internal/backend/networkxml","Test":"TestProtectedMatchRejectsServiceAndNativePolicyDrift/nat/dhcp=true/duplicate_marker","Output":"--- PASS: TestProtectedMatchRejectsServiceAndNativePolicyDrift/nat/dhcp=true/duplicate_marker (0.00s)\n","OutputType":"frame"}
{"Time":"2026-09-08T09:31:42.540538902+03:00","Action":"pass","Package":"virmill.local/core/internal/backend/networkxml","Test":"TestProtectedMatchRejectsServiceAndNativePolicyDrift/nat/dhcp=true/duplicate_marker","Elapsed":0}
{"Time":"2026-09-08T09:31:42.540553307+03:00","Action":"run","Package":"virmill.local/core/internal/backend/networkxml","Test":"TestProtectedMatchRejectsServiceAndNativePolicyDrift/nat/dhcp=true/service_toggle"}
{"Time":"2026-09-08T09:31:42.540554914+03:00","Action":"output","Package":"virmill.local/core/internal/backend/networkxml","Test":"TestProtectedMatchRejectsServiceAndNativePolicyDrift/nat/dhcp=true/service_toggle","Output":"=== RUN   TestProtectedMatchRejectsServiceAndNativePolicyDrift/nat/dhcp=true/service_toggle\n","OutputType":"frame"}
{"Time":"2026-09-08T09:31:42.540941565+03:00","Action":"output","Package":"virmill.local/core/internal/backend/networkxml","Test":"TestProtectedMatchRejectsServiceAndNativePolicyDrift/nat/dhcp=true/service_toggle","Output":"--- PASS: TestProtectedMatchRejectsServiceAndNativePolicyDrift/nat/dhcp=true/service_toggle (0.00s)\n","OutputType":"frame"}
{"Time":"2026-09-08T09:31:42.540958365+03:00","Action":"pass","Package":"virmill.local/core/internal/backend/networkxml","Test":"TestProtectedMatchRejectsServiceAndNativePolicyDrift/nat/dhcp=true/service_toggle","Elapsed":0}
{"Time":"2026-09-08T09:31:42.540966383+03:00","Action":"run","Package":"virmill.local/core/internal/backend/networkxml","Test":"TestProtectedMatchRejectsServiceAndNativePolicyDrift/nat/dhcp=true/namespaced_DNS"}
{"Time":"2026-09-08T09:31:42.540967858+03:00","Action":"output","Package":"virmill.local/core/internal/backend/networkxml","Test":"TestProtectedMatchRejectsServiceAndNativePolicyDrift/nat/dhcp=true/namespaced_DNS","Output":"=== RUN   TestProtectedMatchRejectsServiceAndNativePolicyDrift/nat/dhcp=true/namespaced_DNS\n","OutputType":"frame"}
{"Time":"2026-09-08T09:31:42.541347956+03:00","Action":"output","Package":"virmill.local/core/internal/backend/networkxml","Test":"TestProtectedMatchRejectsServiceAndNativePolicyDrift/nat/dhcp=true/namespaced_DNS","Output":"--- PASS: TestProtectedMatchRejectsServiceAndNativePolicyDrift/nat/dhcp=true/namespaced_DNS (0.00s)\n","OutputType":"frame"}
{"Time":"2026-09-08T09:31:42.54135265+03:00","Action":"pass","Package":"virmill.local/core/internal/backend/networkxml","Test":"TestProtectedMatchRejectsServiceAndNativePolicyDrift/nat/dhcp=true/namespaced_DNS","Elapsed":0}
{"Time":"2026-09-08T09:31:42.541364802+03:00","Action":"run","Package":"virmill.local/core/internal/backend/networkxml","Test":"TestProtectedMatchRejectsServiceAndNativePolicyDrift/nat/dhcp=true/host_IPv6_injection"}
{"Time":"2026-09-08T09:31:42.541367079+03:00","Action":"output","Package":"virmill.local/core/internal/backend/networkxml","Test":"TestProtectedMatchRejectsServiceAndNativePolicyDrift/nat/dhcp=true/host_IPv6_injection","Output":"=== RUN   TestProtectedMatchRejectsServiceAndNativePolicyDrift/nat/dhcp=true/host_IPv6_injection\n","OutputType":"frame"}
{"Time":"2026-09-08T09:31:42.541738093+03:00","Action":"output","Package":"virmill.local/core/internal/backend/networkxml","Test":"TestProtectedMatchRejectsServiceAndNativePolicyDrift/nat/dhcp=true/host_IPv6_injection","Output":"--- PASS: TestProtectedMatchRejectsServiceAndNativePolicyDrift/nat/dhcp=true/host_IPv6_injection (0.00s)\n","OutputType":"frame"}
{"Time":"2026-09-08T09:31:42.541742047+03:00","Action":"pass","Package":"virmill.local/core/internal/backend/networkxml","Test":"TestProtectedMatchRejectsServiceAndNativePolicyDrift/nat/dhcp=true/host_IPv6_injection","Elapsed":0}
{"Time":"2026-09-08T09:31:42.541755864+03:00","Action":"run","Package":"virmill.local/core/internal/backend/networkxml","Test":"TestProtectedMatchRejectsServiceAndNativePolicyDrift/nat/dhcp=true/forward_injection"}
{"Time":"2026-09-08T09:31:42.541757728+03:00","Action":"output","Package":"virmill.local/core/internal/backend/networkxml","Test":"TestProtectedMatchRejectsServiceAndNativePolicyDrift/nat/dhcp=true/forward_injection","Output":"=== RUN   TestProtectedMatchRejectsServiceAndNativePolicyDrift/nat/dhcp=true/forward_injection\n","OutputType":"frame"}
{"Time":"2026-09-08T09:31:42.542125691+03:00","Action":"output","Package":"virmill.local/core/internal/backend/networkxml","Test":"TestProtectedMatchRejectsServiceAndNativePolicyDrift/nat/dhcp=true/forward_injection","Output":"--- PASS: TestProtectedMatchRejectsServiceAndNativePolicyDrift/nat/dhcp=true/forward_injection (0.00s)\n","OutputType":"frame"}
{"Time":"2026-09-08T09:31:42.542133743+03:00","Action":"pass","Package":"virmill.local/core/internal/backend/networkxml","Test":"TestProtectedMatchRejectsServiceAndNativePolicyDrift/nat/dhcp=true/forward_injection","Elapsed":0}
{"Time":"2026-09-08T09:31:42.542143659+03:00","Action":"run","Package":"virmill.local/core/internal/backend/networkxml","Test":"TestProtectedMatchRejectsServiceAndNativePolicyDrift/nat/dhcp=true/route_injection"}
{"Time":"2026-09-08T09:31:42.542145215+03:00","Action":"output","Package":"virmill.local/core/internal/backend/networkxml","Test":"TestProtectedMatchRejectsServiceAndNativePolicyDrift/nat/dhcp=true/route_injection","Output":"=== RUN   TestProtectedMatchRejectsServiceAndNativePolicyDrift/nat/dhcp=true/route_injection\n","OutputType":"frame"}
{"Time":"2026-09-08T09:31:42.542554152+03:00","Action":"output","Package":"virmill.local/core/internal/backend/networkxml","Test":"TestProtectedMatchRejectsServiceAndNativePolicyDrift/nat/dhcp=true/route_injection","Output":"--- PASS: TestProtectedMatchRejectsServiceAndNativePolicyDrift/nat/dhcp=true/route_injection (0.00s)\n","OutputType":"frame"}
{"Time":"2026-09-08T09:31:42.542559524+03:00","Action":"pass","Package":"virmill.local/core/internal/backend/networkxml","Test":"TestProtectedMatchRejectsServiceAndNativePolicyDrift/nat/dhcp=true/route_injection","Elapsed":0}
{"Time":"2026-09-08T09:31:42.542573985+03:00","Action":"run","Package":"virmill.local/core/internal/backend/networkxml","Test":"TestProtectedMatchRejectsServiceAndNativePolicyDrift/nat/dhcp=true/duplicate_DNS"}
{"Time":"2026-09-08T09:31:42.542576409+03:00","Action":"output","Package":"virmill.local/core/internal/backend/networkxml","Test":"TestProtectedMatchRejectsServiceAndNativePolicyDrift/nat/dhcp=true/duplicate_DNS","Output":"=== RUN   TestProtectedMatchRejectsServiceAndNativePolicyDrift/nat/dhcp=true/duplicate_DNS\n","OutputType":"frame"}
{"Time":"2026-09-08T09:31:42.542925711+03:00","Action":"output","Package":"virmill.local/core/internal/backend/networkxml","Test":"TestProtectedMatchRejectsServiceAndNativePolicyDrift/nat/dhcp=true/duplicate_DNS","Output":"--- PASS: TestProtectedMatchRejectsServiceAndNativePolicyDrift/nat/dhcp=true/duplicate_DNS (0.00s)\n","OutputType":"frame"}
{"Time":"2026-09-08T09:31:42.542932194+03:00","Action":"pass","Package":"virmill.local/core/internal/backend/networkxml","Test":"TestProtectedMatchRejectsServiceAndNativePolicyDrift/nat/dhcp=true/duplicate_DNS","Elapsed":0}
{"Time":"2026-09-08T09:31:42.542950359+03:00","Action":"run","Package":"virmill.local/core/internal/backend/networkxml","Test":"TestProtectedMatchRejectsServiceAndNativePolicyDrift/nat/dhcp=true/DNS_child_even_disabled"}
{"Time":"2026-09-08T09:31:42.542953776+03:00","Action":"output","Package":"virmill.local/core/internal/backend/networkxml","Test":"TestProtectedMatchRejectsServiceAndNativePolicyDrift/nat/dhcp=true/DNS_child_even_disabled","Output":"=== RUN   TestProtectedMatchRejectsServiceAndNativePolicyDrift/nat/dhcp=true/DNS_child_even_disabled\n","OutputType":"frame"}
{"Time":"2026-09-08T09:31:42.543372681+03:00","Action":"output","Package":"virmill.local/core/internal/backend/networkxml","Test":"TestProtectedMatchRejectsServiceAndNativePolicyDrift/nat/dhcp=true/DNS_child_even_disabled","Output":"--- PASS: TestProtectedMatchRejectsServiceAndNativePolicyDrift/nat/dhcp=true/DNS_child_even_disabled (0.00s)\n","OutputType":"frame"}
{"Time":"2026-09-08T09:31:42.54337833+03:00","Action":"pass","Package":"virmill.local/core/internal/backend/networkxml","Test":"TestProtectedMatchRejectsServiceAndNativePolicyDrift/nat/dhcp=true/DNS_child_even_disabled","Elapsed":0}
{"Time":"2026-09-08T09:31:42.543389777+03:00","Action":"run","Package":"virmill.local/core/internal/backend/networkxml","Test":"TestProtectedMatchRejectsServiceAndNativePolicyDrift/nat/dhcp=true/dnsmasq_option"}
{"Time":"2026-09-08T09:31:42.54339138+03:00","Action":"output","Package":"virmill.local/core/internal/backend/networkxml","Test":"TestProtectedMatchRejectsServiceAndNativePolicyDrift/nat/dhcp=true/dnsmasq_option","Output":"=== RUN   TestProtectedMatchRejectsServiceAndNativePolicyDrift/nat/dhcp=true/dnsmasq_option\n","OutputType":"frame"}
{"Time":"2026-09-08T09:31:42.543796301+03:00","Action":"output","Package":"virmill.local/core/internal/backend/networkxml","Test":"TestProtectedMatchRejectsServiceAndNativePolicyDrift/nat/dhcp=true/dnsmasq_option","Output":"--- PASS: TestProtectedMatchRejectsServiceAndNativePolicyDrift/nat/dhcp=true/dnsmasq_option (0.00s)\n","OutputType":"frame"}
{"Time":"2026-09-08T09:31:42.543802835+03:00","Action":"pass","Package":"virmill.local/core/internal/backend/networkxml","Test":"TestProtectedMatchRejectsServiceAndNativePolicyDrift/nat/dhcp=true/dnsmasq_option","Elapsed":0}
{"Time":"2026-09-08T09:31:42.54381184+03:00","Action":"run","Package":"virmill.local/core/internal/backend/networkxml","Test":"TestProtectedMatchRejectsServiceAndNativePolicyDrift/nat/dhcp=true/host_IP_injection"}
{"Time":"2026-09-08T09:31:42.543814775+03:00","Action":"output","Package":"virmill.local/core/internal/backend/networkxml","Test":"TestProtectedMatchRejectsServiceAndNativePolicyDrift/nat/dhcp=true/host_IP_injection","Output":"=== RUN   TestProtectedMatchRejectsServiceAndNativePolicyDrift/nat/dhcp=true/host_IP_injection\n","OutputType":"frame"}
{"Time":"2026-09-08T09:31:42.544197644+03:00","Action":"output","Package":"virmill.local/core/internal/backend/networkxml","Test":"TestProtectedMatchRejectsServiceAndNativePolicyDrift/nat/dhcp=true/host_IP_injection","Output":"--- PASS: TestProtectedMatchRejectsServiceAndNativePolicyDrift/nat/dhcp=true/host_IP_injection (0.00s)\n","OutputType":"frame"}
{"Time":"2026-09-08T09:31:42.544201207+03:00","Action":"pass","Package":"virmill.local/core/internal/backend/networkxml","Test":"TestProtectedMatchRejectsServiceAndNativePolicyDrift/nat/dhcp=true/host_IP_injection","Elapsed":0}
{"Time":"2026-09-08T09:31:42.545702634+03:00","Action":"output","Package":"virmill.local/core/internal/backend/networkxml","Test":"TestProtectedMatchRejectsServiceAndNativePolicyDrift/nat/dhcp=true","Output":"--- PASS: TestProtectedMatchRejectsServiceAndNativePolicyDrift/nat/dhcp=true (0.01s)\n","OutputType":"frame"}
{"Time":"2026-09-08T09:31:42.545707431+03:00","Action":"pass","Package":"virmill.local/core/internal/backend/networkxml","Test":"TestProtectedMatchRejectsServiceAndNativePolicyDrift/nat/dhcp=true","Elapsed":0.01}
{"Time":"2026-09-08T09:31:42.545725812+03:00","Action":"run","Package":"virmill.local/core/internal/backend/networkxml","Test":"TestProtectedMatchRejectsServiceAndNativePolicyDrift/nat/dhcp=false"}
{"Time":"2026-09-08T09:31:42.545727958+03:00","Action":"output","Package":"virmill.local/core/internal/backend/networkxml","Test":"TestProtectedMatchRejectsServiceAndNativePolicyDrift/nat/dhcp=false","Output":"=== RUN   TestProtectedMatchRejectsServiceAndNativePolicyDrift/nat/dhcp=false\n","OutputType":"frame"}
{"Time":"2026-09-08T09:31:42.545828497+03:00","Action":"run","Package":"virmill.local/core/internal/backend/networkxml","Test":"TestProtectedMatchRejectsServiceAndNativePolicyDrift/nat/dhcp=false/implicit_DNS"}
{"Time":"2026-09-08T09:31:42.545831111+03:00","Action":"output","Package":"virmill.local/core/internal/backend/networkxml","Test":"TestProtectedMatchRejectsServiceAndNativePolicyDrift/nat/dhcp=false/implicit_DNS","Output":"=== RUN   TestProtectedMatchRejectsServiceAndNativePolicyDrift/nat/dhcp=false/implicit_DNS\n","OutputType":"frame"}
{"Time":"2026-09-08T09:31:42.546199975+03:00","Action":"output","Package":"virmill.local/core/internal/backend/networkxml","Test":"TestProtectedMatchRejectsServiceAndNativePolicyDrift/nat/dhcp=false/implicit_DNS","Output":"--- PASS: TestProtectedMatchRejectsServiceAndNativePolicyDrift/nat/dhcp=false/implicit_DNS (0.00s)\n","OutputType":"frame"}
{"Time":"2026-09-08T09:31:42.546211597+03:00","Action":"pass","Package":"virmill.local/core/internal/backend/networkxml","Test":"TestProtectedMatchRejectsServiceAndNativePolicyDrift/nat/dhcp=false/implicit_DNS","Elapsed":0}
{"Time":"2026-09-08T09:31:42.546219669+03:00","Action":"run","Package":"virmill.local/core/internal/backend/networkxml","Test":"TestProtectedMatchRejectsServiceAndNativePolicyDrift/nat/dhcp=false/duplicate_DNS"}
{"Time":"2026-09-08T09:31:42.546221865+03:00","Action":"output","Package":"virmill.local/core/internal/backend/networkxml","Test":"TestProtectedMatchRejectsServiceAndNativePolicyDrift/nat/dhcp=false/duplicate_DNS","Output":"=== RUN   TestProtectedMatchRejectsServiceAndNativePolicyDrift/nat/dhcp=false/duplicate_DNS\n","OutputType":"frame"}
{"Time":"2026-09-08T09:31:42.546561899+03:00","Action":"output","Package":"virmill.local/core/internal/backend/networkxml","Test":"TestProtectedMatchRejectsServiceAndNativePolicyDrift/nat/dhcp=false/duplicate_DNS","Output":"--- PASS: TestProtectedMatchRejectsServiceAndNativePolicyDrift/nat/dhcp=false/duplicate_DNS (0.00s)\n","OutputType":"frame"}
{"Time":"2026-09-08T09:31:42.546569882+03:00","Action":"pass","Package":"virmill.local/core/internal/backend/networkxml","Test":"TestProtectedMatchRejectsServiceAndNativePolicyDrift/nat/dhcp=false/duplicate_DNS","Elapsed":0}
{"Time":"2026-09-08T09:31:42.546584943+03:00","Action":"run","Package":"virmill.local/core/internal/backend/networkxml","Test":"TestProtectedMatchRejectsServiceAndNativePolicyDrift/nat/dhcp=false/hostdev_injection"}
{"Time":"2026-09-08T09:31:42.546587268+03:00","Action":"output","Package":"virmill.local/core/internal/backend/networkxml","Test":"TestProtectedMatchRejectsServiceAndNativePolicyDrift/nat/dhcp=false/hostdev_injection","Output":"=== RUN   TestProtectedMatchRejectsServiceAndNativePolicyDrift/nat/dhcp=false/hostdev_injection\n","OutputType":"frame"}
{"Time":"2026-09-08T09:31:42.546943656+03:00","Action":"output","Package":"virmill.local/core/internal/backend/networkxml","Test":"TestProtectedMatchRejectsServiceAndNativePolicyDrift/nat/dhcp=false/hostdev_injection","Output":"--- PASS: TestProtectedMatchRejectsServiceAndNativePolicyDrift/nat/dhcp=false/hostdev_injection (0.00s)\n","OutputType":"frame"}
{"Time":"2026-09-08T09:31:42.546948649+03:00","Action":"pass","Package":"virmill.local/core/internal/backend/networkxml","Test":"TestProtectedMatchRejectsServiceAndNativePolicyDrift/nat/dhcp=false/hostdev_injection","Elapsed":0}
{"Time":"2026-09-08T09:31:42.546984107+03:00","Action":"run","Package":"virmill.local/core/internal/backend/networkxml","Test":"TestProtectedMatchRejectsServiceAndNativePolicyDrift/nat/dhcp=false/missing_explicit_DNS"}
{"Time":"2026-09-08T09:31:42.546986432+03:00","Action":"output","Package":"virmill.local/core/internal/backend/networkxml","Test":"TestProtectedMatchRejectsServiceAndNativePolicyDrift/nat/dhcp=false/missing_explicit_DNS","Output":"=== RUN   TestProtectedMatchRejectsServiceAndNativePolicyDrift/nat/dhcp=false/missing_explicit_DNS\n","OutputType":"frame"}
{"Time":"2026-09-08T09:31:42.547342637+03:00","Action":"output","Package":"virmill.local/core/internal/backend/networkxml","Test":"TestProtectedMatchRejectsServiceAndNativePolicyDrift/nat/dhcp=false/missing_explicit_DNS","Output":"--- PASS: TestProtectedMatchRejectsServiceAndNativePolicyDrift/nat/dhcp=false/missing_explicit_DNS (0.00s)\n","OutputType":"frame"}
{"Time":"2026-09-08T09:31:42.547346154+03:00","Action":"pass","Package":"virmill.local/core/internal/backend/networkxml","Test":"TestProtectedMatchRejectsServiceAndNativePolicyDrift/nat/dhcp=false/missing_explicit_DNS","Elapsed":0}
{"Time":"2026-09-08T09:31:42.547361324+03:00","Action":"run","Package":"virmill.local/core/internal/backend/networkxml","Test":"TestProtectedMatchRejectsServiceAndNativePolicyDrift/nat/dhcp=false/service_toggle"}
{"Time":"2026-09-08T09:31:42.547363753+03:00","Action":"output","Package":"virmill.local/core/internal/backend/networkxml","Test":"TestProtectedMatchRejectsServiceAndNativePolicyDrift/nat/dhcp=false/service_toggle","Output":"=== RUN   TestProtectedMatchRejectsServiceAndNativePolicyDrift/nat/dhcp=false/service_toggle\n","OutputType":"frame"}
{"Time":"2026-09-08T09:31:42.547713744+03:00","Action":"output","Package":"virmill.local/core/internal/backend/networkxml","Test":"TestProtectedMatchRejectsServiceAndNativePolicyDrift/nat/dhcp=false/service_toggle","Output":"--- PASS: TestProtectedMatchRejectsServiceAndNativePolicyDrift/nat/dhcp=false/service_toggle (0.00s)\n","OutputType":"frame"}
{"Time":"2026-09-08T09:31:42.547722644+03:00","Action":"pass","Package":"virmill.local/core/internal/backend/networkxml","Test":"TestProtectedMatchRejectsServiceAndNativePolicyDrift/nat/dhcp=false/service_toggle","Elapsed":0}
{"Time":"2026-09-08T09:31:42.547735136+03:00","Action":"run","Package":"virmill.local/core/internal/backend/networkxml","Test":"TestProtectedMatchRejectsServiceAndNativePolicyDrift/nat/dhcp=false/namespaced_DNS"}
{"Time":"2026-09-08T09:31:42.547737423+03:00","Action":"output","Package":"virmill.local/core/internal/backend/networkxml","Test":"TestProtectedMatchRejectsServiceAndNativePolicyDrift/nat/dhcp=false/namespaced_DNS","Output":"=== RUN   TestProtectedMatchRejectsServiceAndNativePolicyDrift/nat/dhcp=false/namespaced_DNS\n","OutputType":"frame"}
{"Time":"2026-09-08T09:31:42.548084563+03:00","Action":"output","Package":"virmill.local/core/internal/backend/networkxml","Test":"TestProtectedMatchRejectsServiceAndNativePolicyDrift/nat/dhcp=false/namespaced_DNS","Output":"--- PASS: TestProtectedMatchRejectsServiceAndNativePolicyDrift/nat/dhcp=false/namespaced_DNS (0.00s)\n","OutputType":"frame"}
{"Time":"2026-09-08T09:31:42.548097673+03:00","Action":"pass","Package":"virmill.local/core/internal/backend/networkxml","Test":"TestProtectedMatchRejectsServiceAndNativePolicyDrift/nat/dhcp=false/namespaced_DNS","Elapsed":0}
{"Time":"2026-09-08T09:31:42.548105965+03:00","Action":"run","Package":"virmill.local/core/internal/backend/networkxml","Test":"TestProtectedMatchRejectsServiceAndNativePolicyDrift/nat/dhcp=false/DNS_child_even_disabled"}
{"Time":"2026-09-08T09:31:42.548108039+03:00","Action":"output","Package":"virmill.local/core/internal/backend/networkxml","Test":"TestProtectedMatchRejectsServiceAndNativePolicyDrift/nat/dhcp=false/DNS_child_even_disabled","Output":"=== RUN   TestProtectedMatchRejectsServiceAndNativePolicyDrift/nat/dhcp=false/DNS_child_even_disabled\n","OutputType":"frame"}
{"Time":"2026-09-08T09:31:42.548482442+03:00","Action":"output","Package":"virmill.local/core/internal/backend/networkxml","Test":"TestProtectedMatchRejectsServiceAndNativePolicyDrift/nat/dhcp=false/DNS_child_even_disabled","Output":"--- PASS: TestProtectedMatchRejectsServiceAndNativePolicyDrift/nat/dhcp=false/DNS_child_even_disabled (0.00s)\n","OutputType":"frame"}
{"Time":"2026-09-08T09:31:42.548490175+03:00","Action":"pass","Package":"virmill.local/core/internal/backend/networkxml","Test":"TestProtectedMatchRejectsServiceAndNativePolicyDrift/nat/dhcp=false/DNS_child_even_disabled","Elapsed":0}
{"Time":"2026-09-08T09:31:42.548502111+03:00","Action":"run","Package":"virmill.local/core/internal/backend/networkxml","Test":"TestProtectedMatchRejectsServiceAndNativePolicyDrift/nat/dhcp=false/DNS_attr"}
{"Time":"2026-09-08T09:31:42.548504704+03:00","Action":"output","Package":"virmill.local/core/internal/backend/networkxml","Test":"TestProtectedMatchRejectsServiceAndNativePolicyDrift/nat/dhcp=false/DNS_attr","Output":"=== RUN   TestProtectedMatchRejectsServiceAndNativePolicyDrift/nat/dhcp=false/DNS_attr\n","OutputType":"frame"}
{"Time":"2026-09-08T09:31:42.548874761+03:00","Action":"output","Package":"virmill.local/core/internal/backend/networkxml","Test":"TestProtectedMatchRejectsServiceAndNativePolicyDrift/nat/dhcp=false/DNS_attr","Output":"--- PASS: TestProtectedMatchRejectsServiceAndNativePolicyDrift/nat/dhcp=false/DNS_attr (0.00s)\n","OutputType":"frame"}
{"Time":"2026-09-08T09:31:42.548878608+03:00","Action":"pass","Package":"virmill.local/core/internal/backend/networkxml","Test":"TestProtectedMatchRejectsServiceAndNativePolicyDrift/nat/dhcp=false/DNS_attr","Elapsed":0}
{"Time":"2026-09-08T09:31:42.548893522+03:00","Action":"run","Package":"virmill.local/core/internal/backend/networkxml","Test":"TestProtectedMatchRejectsServiceAndNativePolicyDrift/nat/dhcp=false/dnsmasq_option"}
{"Time":"2026-09-08T09:31:42.548895787+03:00","Action":"output","Package":"virmill.local/core/internal/backend/networkxml","Test":"TestProtectedMatchRejectsServiceAndNativePolicyDrift/nat/dhcp=false/dnsmasq_option","Output":"=== RUN   TestProtectedMatchRejectsServiceAndNativePolicyDrift/nat/dhcp=false/dnsmasq_option\n","OutputType":"frame"}
{"Time":"2026-09-08T09:31:42.549257868+03:00","Action":"output","Package":"virmill.local/core/internal/backend/networkxml","Test":"TestProtectedMatchRejectsServiceAndNativePolicyDrift/nat/dhcp=false/dnsmasq_option","Output":"--- PASS: TestProtectedMatchRejectsServiceAndNativePolicyDrift/nat/dhcp=false/dnsmasq_option (0.00s)\n","OutputType":"frame"}
{"Time":"2026-09-08T09:31:42.549263249+03:00","Action":"pass","Package":"virmill.local/core/internal/backend/networkxml","Test":"TestProtectedMatchRejectsServiceAndNativePolicyDrift/nat/dhcp=false/dnsmasq_option","Elapsed":0}
{"Time":"2026-09-08T09:31:42.549265241+03:00","Action":"run","Package":"virmill.local/core/internal/backend/networkxml","Test":"TestProtectedMatchRejectsServiceAndNativePolicyDrift/nat/dhcp=false/host_IP_injection"}
{"Time":"2026-09-08T09:31:42.549266584+03:00","Action":"output","Package":"virmill.local/core/internal/backend/networkxml","Test":"TestProtectedMatchRejectsServiceAndNativePolicyDrift/nat/dhcp=false/host_IP_injection","Output":"=== RUN   TestProtectedMatchRejectsServiceAndNativePolicyDrift/nat/dhcp=false/host_IP_injection\n","OutputType":"frame"}
{"Time":"2026-09-08T09:31:42.549627155+03:00","Action":"output","Package":"virmill.local/core/internal/backend/networkxml","Test":"TestProtectedMatchRejectsServiceAndNativePolicyDrift/nat/dhcp=false/host_IP_injection","Output":"--- PASS: TestProtectedMatchRejectsServiceAndNativePolicyDrift/nat/dhcp=false/host_IP_injection (0.00s)\n","OutputType":"frame"}
{"Time":"2026-09-08T09:31:42.549636595+03:00","Action":"pass","Package":"virmill.local/core/internal/backend/networkxml","Test":"TestProtectedMatchRejectsServiceAndNativePolicyDrift/nat/dhcp=false/host_IP_injection","Elapsed":0}
{"Time":"2026-09-08T09:31:42.549648449+03:00","Action":"run","Package":"virmill.local/core/internal/backend/networkxml","Test":"TestProtectedMatchRejectsServiceAndNativePolicyDrift/nat/dhcp=false/host_IPv6_injection"}
{"Time":"2026-09-08T09:31:42.549650565+03:00","Action":"output","Package":"virmill.local/core/internal/backend/networkxml","Test":"TestProtectedMatchRejectsServiceAndNativePolicyDrift/nat/dhcp=false/host_IPv6_injection","Output":"=== RUN   TestProtectedMatchRejectsServiceAndNativePolicyDrift/nat/dhcp=false/host_IPv6_injection\n","OutputType":"frame"}
{"Time":"2026-09-08T09:31:42.550229048+03:00","Action":"output","Package":"virmill.local/core/internal/backend/networkxml","Test":"TestProtectedMatchRejectsServiceAndNativePolicyDrift/nat/dhcp=false/host_IPv6_injection","Output":"--- PASS: TestProtectedMatchRejectsServiceAndNativePolicyDrift/nat/dhcp=false/host_IPv6_injection (0.00s)\n","OutputType":"frame"}
{"Time":"2026-09-08T09:31:42.550243826+03:00","Action":"pass","Package":"virmill.local/core/internal/backend/networkxml","Test":"TestProtectedMatchRejectsServiceAndNativePolicyDrift/nat/dhcp=false/host_IPv6_injection","Elapsed":0}
{"Time":"2026-09-08T09:31:42.550424277+03:00","Action":"run","Package":"virmill.local/core/internal/backend/networkxml","Test":"TestProtectedMatchRejectsServiceAndNativePolicyDrift/nat/dhcp=false/forward_injection"}
{"Time":"2026-09-08T09:31:42.550427489+03:00","Action":"output","Package":"virmill.local/core/internal/backend/networkxml","Test":"TestProtectedMatchRejectsServiceAndNativePolicyDrift/nat/dhcp=false/forward_injection","Output":"=== RUN   TestProtectedMatchRejectsServiceAndNativePolicyDrift/nat/dhcp=false/forward_injection\n","OutputType":"frame"}
{"Time":"2026-09-08T09:31:42.550860399+03:00","Action":"output","Package":"virmill.local/core/internal/backend/networkxml","Test":"TestProtectedMatchRejectsServiceAndNativePolicyDrift/nat/dhcp=false/forward_injection","Output":"--- PASS: TestProtectedMatchRejectsServiceAndNativePolicyDrift/nat/dhcp=false/forward_injection (0.00s)\n","OutputType":"frame"}
{"Time":"2026-09-08T09:31:42.550878582+03:00","Action":"pass","Package":"virmill.local/core/internal/backend/networkxml","Test":"TestProtectedMatchRejectsServiceAndNativePolicyDrift/nat/dhcp=false/forward_injection","Elapsed":0}
{"Time":"2026-09-08T09:31:42.550887606+03:00","Action":"run","Package":"virmill.local/core/internal/backend/networkxml","Test":"TestProtectedMatchRejectsServiceAndNativePolicyDrift/nat/dhcp=false/route_injection"}
{"Time":"2026-09-08T09:31:42.550889297+03:00","Action":"output","Package":"virmill.local/core/internal/backend/networkxml","Test":"TestProtectedMatchRejectsServiceAndNativePolicyDrift/nat/dhcp=false/route_injection","Output":"=== RUN   TestProtectedMatchRejectsServiceAndNativePolicyDrift/nat/dhcp=false/route_injection\n","OutputType":"frame"}
{"Time":"2026-09-08T09:31:42.551277398+03:00","Action":"output","Package":"virmill.local/core/internal/backend/networkxml","Test":"TestProtectedMatchRejectsServiceAndNativePolicyDrift/nat/dhcp=false/route_injection","Output":"--- PASS: TestProtectedMatchRejectsServiceAndNativePolicyDrift/nat/dhcp=false/route_injection (0.00s)\n","OutputType":"frame"}
{"Time":"2026-09-08T09:31:42.551288845+03:00","Action":"pass","Package":"virmill.local/core/internal/backend/networkxml","Test":"TestProtectedMatchRejectsServiceAndNativePolicyDrift/nat/dhcp=false/route_injection","Elapsed":0}
{"Time":"2026-09-08T09:31:42.551297629+03:00","Action":"run","Package":"virmill.local/core/internal/backend/networkxml","Test":"TestProtectedMatchRejectsServiceAndNativePolicyDrift/nat/dhcp=false/v1_marker"}
{"Time":"2026-09-08T09:31:42.551300162+03:00","Action":"output","Package":"virmill.local/core/internal/backend/networkxml","Test":"TestProtectedMatchRejectsServiceAndNativePolicyDrift/nat/dhcp=false/v1_marker","Output":"=== RUN   TestProtectedMatchRejectsServiceAndNativePolicyDrift/nat/dhcp=false/v1_marker\n","OutputType":"frame"}
{"Time":"2026-09-08T09:31:42.551687248+03:00","Action":"output","Package":"virmill.local/core/internal/backend/networkxml","Test":"TestProtectedMatchRejectsServiceAndNativePolicyDrift/nat/dhcp=false/v1_marker","Output":"--- PASS: TestProtectedMatchRejectsServiceAndNativePolicyDrift/nat/dhcp=false/v1_marker (0.00s)\n","OutputType":"frame"}
{"Time":"2026-09-08T09:31:42.551692996+03:00","Action":"pass","Package":"virmill.local/core/internal/backend/networkxml","Test":"TestProtectedMatchRejectsServiceAndNativePolicyDrift/nat/dhcp=false/v1_marker","Elapsed":0}
{"Time":"2026-09-08T09:31:42.551708237+03:00","Action":"run","Package":"virmill.local/core/internal/backend/networkxml","Test":"TestProtectedMatchRejectsServiceAndNativePolicyDrift/nat/dhcp=false/duplicate_marker"}
{"Time":"2026-09-08T09:31:42.551710457+03:00","Action":"output","Package":"virmill.local/core/internal/backend/networkxml","Test":"TestProtectedMatchRejectsServiceAndNativePolicyDrift/nat/dhcp=false/duplicate_marker","Output":"=== RUN   TestProtectedMatchRejectsServiceAndNativePolicyDrift/nat/dhcp=false/duplicate_marker\n","OutputType":"frame"}
{"Time":"2026-09-08T09:31:42.552007094+03:00","Action":"output","Package":"virmill.local/core/internal/backend/networkxml","Test":"TestProtectedMatchRejectsServiceAndNativePolicyDrift/nat/dhcp=false/duplicate_marker","Output":"--- PASS: TestProtectedMatchRejectsServiceAndNativePolicyDrift/nat/dhcp=false/duplicate_marker (0.00s)\n","OutputType":"frame"}
{"Time":"2026-09-08T09:31:42.552012381+03:00","Action":"pass","Package":"virmill.local/core/internal/backend/networkxml","Test":"TestProtectedMatchRejectsServiceAndNativePolicyDrift/nat/dhcp=false/duplicate_marker","Elapsed":0}
{"Time":"2026-09-08T09:31:42.552028077+03:00","Action":"run","Package":"virmill.local/core/internal/backend/networkxml","Test":"TestProtectedMatchRejectsServiceAndNativePolicyDrift/nat/dhcp=false/duplicate_enable"}
{"Time":"2026-09-08T09:31:42.55203052+03:00","Action":"output","Package":"virmill.local/core/internal/backend/networkxml","Test":"TestProtectedMatchRejectsServiceAndNativePolicyDrift/nat/dhcp=false/duplicate_enable","Output":"=== RUN   TestProtectedMatchRejectsServiceAndNativePolicyDrift/nat/dhcp=false/duplicate_enable\n","OutputType":"frame"}
{"Time":"2026-09-08T09:31:42.552373552+03:00","Action":"output","Package":"virmill.local/core/internal/backend/networkxml","Test":"TestProtectedMatchRejectsServiceAndNativePolicyDrift/nat/dhcp=false/duplicate_enable","Output":"--- PASS: TestProtectedMatchRejectsServiceAndNativePolicyDrift/nat/dhcp=false/duplicate_enable (0.00s)\n","OutputType":"frame"}
{"Time":"2026-09-08T09:31:42.552383482+03:00","Action":"pass","Package":"virmill.local/core/internal/backend/networkxml","Test":"TestProtectedMatchRejectsServiceAndNativePolicyDrift/nat/dhcp=false/duplicate_enable","Elapsed":0}
{"Time":"2026-09-08T09:31:42.553750706+03:00","Action":"output","Package":"virmill.local/core/internal/backend/networkxml","Test":"TestProtectedMatchRejectsServiceAndNativePolicyDrift/nat/dhcp=false","Output":"--- PASS: TestProtectedMatchRejectsServiceAndNativePolicyDrift/nat/dhcp=false (0.01s)\n","OutputType":"frame"}
{"Time":"2026-09-08T09:31:42.553756017+03:00","Action":"pass","Package":"virmill.local/core/internal/backend/networkxml","Test":"TestProtectedMatchRejectsServiceAndNativePolicyDrift/nat/dhcp=false","Elapsed":0.01}
{"Time":"2026-09-08T09:31:42.553772985+03:00","Action":"run","Package":"virmill.local/core/internal/backend/networkxml","Test":"TestProtectedMatchRejectsServiceAndNativePolicyDrift/lab/dhcp=true"}
{"Time":"2026-09-08T09:31:42.553775368+03:00","Action":"output","Package":"virmill.local/core/internal/backend/networkxml","Test":"TestProtectedMatchRejectsServiceAndNativePolicyDrift/lab/dhcp=true","Output":"=== RUN   TestProtectedMatchRejectsServiceAndNativePolicyDrift/lab/dhcp=true\n","OutputType":"frame"}
{"Time":"2026-09-08T09:31:42.553884088+03:00","Action":"run","Package":"virmill.local/core/internal/backend/networkxml","Test":"TestProtectedMatchRejectsServiceAndNativePolicyDrift/lab/dhcp=true/namespaced_DNS"}
{"Time":"2026-09-08T09:31:42.55388622+03:00","Action":"output","Package":"virmill.local/core/internal/backend/networkxml","Test":"TestProtectedMatchRejectsServiceAndNativePolicyDrift/lab/dhcp=true/namespaced_DNS","Output":"=== RUN   TestProtectedMatchRejectsServiceAndNativePolicyDrift/lab/dhcp=true/namespaced_DNS\n","OutputType":"frame"}
{"Time":"2026-09-08T09:31:42.554239559+03:00","Action":"output","Package":"virmill.local/core/internal/backend/networkxml","Test":"TestProtectedMatchRejectsServiceAndNativePolicyDrift/lab/dhcp=true/namespaced_DNS","Output":"--- PASS: TestProtectedMatchRejectsServiceAndNativePolicyDrift/lab/dhcp=true/namespaced_DNS (0.00s)\n","OutputType":"frame"}
{"Time":"2026-09-08T09:31:42.554244182+03:00","Action":"pass","Package":"virmill.local/core/internal/backend/networkxml","Test":"TestProtectedMatchRejectsServiceAndNativePolicyDrift/lab/dhcp=true/namespaced_DNS","Elapsed":0}
{"Time":"2026-09-08T09:31:42.554261899+03:00","Action":"run","Package":"virmill.local/core/internal/backend/networkxml","Test":"TestProtectedMatchRejectsServiceAndNativePolicyDrift/lab/dhcp=true/DNS_attr"}
{"Time":"2026-09-08T09:31:42.554263961+03:00","Action":"output","Package":"virmill.local/core/internal/backend/networkxml","Test":"TestProtectedMatchRejectsServiceAndNativePolicyDrift/lab/dhcp=true/DNS_attr","Output":"=== RUN   TestProtectedMatchRejectsServiceAndNativePolicyDrift/lab/dhcp=true/DNS_attr\n","OutputType":"frame"}
{"Time":"2026-09-08T09:31:42.554645294+03:00","Action":"output","Package":"virmill.local/core/internal/backend/networkxml","Test":"TestProtectedMatchRejectsServiceAndNativePolicyDrift/lab/dhcp=true/DNS_attr","Output":"--- PASS: TestProtectedMatchRejectsServiceAndNativePolicyDrift/lab/dhcp=true/DNS_attr (0.00s)\n","OutputType":"frame"}
{"Time":"2026-09-08T09:31:42.554650351+03:00","Action":"pass","Package":"virmill.local/core/internal/backend/networkxml","Test":"TestProtectedMatchRejectsServiceAndNativePolicyDrift/lab/dhcp=true/DNS_attr","Elapsed":0}
{"Time":"2026-09-08T09:31:42.554665357+03:00","Action":"run","Package":"virmill.local/core/internal/backend/networkxml","Test":"TestProtectedMatchRejectsServiceAndNativePolicyDrift/lab/dhcp=true/host_IP_injection"}
{"Time":"2026-09-08T09:31:42.55466754+03:00","Action":"output","Package":"virmill.local/core/internal/backend/networkxml","Test":"TestProtectedMatchRejectsServiceAndNativePolicyDrift/lab/dhcp=true/host_IP_injection","Output":"=== RUN   TestProtectedMatchRejectsServiceAndNativePolicyDrift/lab/dhcp=true/host_IP_injection\n","OutputType":"frame"}
{"Time":"2026-09-08T09:31:42.555021212+03:00","Action":"output","Package":"virmill.local/core/internal/backend/networkxml","Test":"TestProtectedMatchRejectsServiceAndNativePolicyDrift/lab/dhcp=true/host_IP_injection","Output":"--- PASS: TestProtectedMatchRejectsServiceAndNativePolicyDrift/lab/dhcp=true/host_IP_injection (0.00s)\n","OutputType":"frame"}
{"Time":"2026-09-08T09:31:42.555031411+03:00","Action":"pass","Package":"virmill.local/core/internal/backend/networkxml","Test":"TestProtectedMatchRejectsServiceAndNativePolicyDrift/lab/dhcp=true/host_IP_injection","Elapsed":0}
{"Time":"2026-09-08T09:31:42.555045562+03:00","Action":"run","Package":"virmill.local/core/internal/backend/networkxml","Test":"TestProtectedMatchRejectsServiceAndNativePolicyDrift/lab/dhcp=true/implicit_DNS"}
{"Time":"2026-09-08T09:31:42.555047439+03:00","Action":"output","Package":"virmill.local/core/internal/backend/networkxml","Test":"TestProtectedMatchRejectsServiceAndNativePolicyDrift/lab/dhcp=true/implicit_DNS","Output":"=== RUN   TestProtectedMatchRejectsServiceAndNativePolicyDrift/lab/dhcp=true/implicit_DNS\n","OutputType":"frame"}
{"Time":"2026-09-08T09:31:42.555406143+03:00","Action":"output","Package":"virmill.local/core/internal/backend/networkxml","Test":"TestProtectedMatchRejectsServiceAndNativePolicyDrift/lab/dhcp=true/implicit_DNS","Output":"--- PASS: TestProtectedMatchRejectsServiceAndNativePolicyDrift/lab/dhcp=true/implicit_DNS (0.00s)\n","OutputType":"frame"}
{"Time":"2026-09-08T09:31:42.555409899+03:00","Action":"pass","Package":"virmill.local/core/internal/backend/networkxml","Test":"TestProtectedMatchRejectsServiceAndNativePolicyDrift/lab/dhcp=true/implicit_DNS","Elapsed":0}
{"Time":"2026-09-08T09:31:42.555423488+03:00","Action":"run","Package":"virmill.local/core/internal/backend/networkxml","Test":"TestProtectedMatchRejectsServiceAndNativePolicyDrift/lab/dhcp=true/duplicate_DNS"}
{"Time":"2026-09-08T09:31:42.555425319+03:00","Action":"output","Package":"virmill.local/core/internal/backend/networkxml","Test":"TestProtectedMatchRejectsServiceAndNativePolicyDrift/lab/dhcp=true/duplicate_DNS","Output":"=== RUN   TestProtectedMatchRejectsServiceAndNativePolicyDrift/lab/dhcp=true/duplicate_DNS\n","OutputType":"frame"}
{"Time":"2026-09-08T09:31:42.555740947+03:00","Action":"output","Package":"virmill.local/core/internal/backend/networkxml","Test":"TestProtectedMatchRejectsServiceAndNativePolicyDrift/lab/dhcp=true/duplicate_DNS","Output":"--- PASS: TestProtectedMatchRejectsServiceAndNativePolicyDrift/lab/dhcp=true/duplicate_DNS (0.00s)\n","OutputType":"frame"}
{"Time":"2026-09-08T09:31:42.555745352+03:00","Action":"pass","Package":"virmill.local/core/internal/backend/networkxml","Test":"TestProtectedMatchRejectsServiceAndNativePolicyDrift/lab/dhcp=true/duplicate_DNS","Elapsed":0}
{"Time":"2026-09-08T09:31:42.555758163+03:00","Action":"run","Package":"virmill.local/core/internal/backend/networkxml","Test":"TestProtectedMatchRejectsServiceAndNativePolicyDrift/lab/dhcp=true/DNS_child_even_disabled"}
{"Time":"2026-09-08T09:31:42.555760005+03:00","Action":"output","Package":"virmill.local/core/internal/backend/networkxml","Test":"TestProtectedMatchRejectsServiceAndNativePolicyDrift/lab/dhcp=true/DNS_child_even_disabled","Output":"=== RUN   TestProtectedMatchRejectsServiceAndNativePolicyDrift/lab/dhcp=true/DNS_child_even_disabled\n","OutputType":"frame"}
{"Time":"2026-09-08T09:31:42.556136598+03:00","Action":"output","Package":"virmill.local/core/internal/backend/networkxml","Test":"TestProtectedMatchRejectsServiceAndNativePolicyDrift/lab/dhcp=true/DNS_child_even_disabled","Output":"--- PASS: TestProtectedMatchRejectsServiceAndNativePolicyDrift/lab/dhcp=true/DNS_child_even_disabled (0.00s)\n","OutputType":"frame"}
{"Time":"2026-09-08T09:31:42.55614599+03:00","Action":"pass","Package":"virmill.local/core/internal/backend/networkxml","Test":"TestProtectedMatchRejectsServiceAndNativePolicyDrift/lab/dhcp=true/DNS_child_even_disabled","Elapsed":0}
{"Time":"2026-09-08T09:31:42.556157362+03:00","Action":"run","Package":"virmill.local/core/internal/backend/networkxml","Test":"TestProtectedMatchRejectsServiceAndNativePolicyDrift/lab/dhcp=true/host_IPv6_injection"}
{"Time":"2026-09-08T09:31:42.556159333+03:00","Action":"output","Package":"virmill.local/core/internal/backend/networkxml","Test":"TestProtectedMatchRejectsServiceAndNativePolicyDrift/lab/dhcp=true/host_IPv6_injection","Output":"=== RUN   TestProtectedMatchRejectsServiceAndNativePolicyDrift/lab/dhcp=true/host_IPv6_injection\n","OutputType":"frame"}
{"Time":"2026-09-08T09:31:42.556522214+03:00","Action":"output","Package":"virmill.local/core/internal/backend/networkxml","Test":"TestProtectedMatchRejectsServiceAndNativePolicyDrift/lab/dhcp=true/host_IPv6_injection","Output":"--- PASS: TestProtectedMatchRejectsServiceAndNativePolicyDrift/lab/dhcp=true/host_IPv6_injection (0.00s)\n","OutputType":"frame"}
{"Time":"2026-09-08T09:31:42.556531634+03:00","Action":"pass","Package":"virmill.local/core/internal/backend/networkxml","Test":"TestProtectedMatchRejectsServiceAndNativePolicyDrift/lab/dhcp=true/host_IPv6_injection","Elapsed":0}
{"Time":"2026-09-08T09:31:42.556543516+03:00","Action":"run","Package":"virmill.local/core/internal/backend/networkxml","Test":"TestProtectedMatchRejectsServiceAndNativePolicyDrift/lab/dhcp=true/forward_injection"}
{"Time":"2026-09-08T09:31:42.5565454+03:00","Action":"output","Package":"virmill.local/core/internal/backend/networkxml","Test":"TestProtectedMatchRejectsServiceAndNativePolicyDrift/lab/dhcp=true/forward_injection","Output":"=== RUN   TestProtectedMatchRejectsServiceAndNativePolicyDrift/lab/dhcp=true/forward_injection\n","OutputType":"frame"}
{"Time":"2026-09-08T09:31:42.556908758+03:00","Action":"output","Package":"virmill.local/core/internal/backend/networkxml","Test":"TestProtectedMatchRejectsServiceAndNativePolicyDrift/lab/dhcp=true/forward_injection","Output":"--- PASS: TestProtectedMatchRejectsServiceAndNativePolicyDrift/lab/dhcp=true/forward_injection (0.00s)\n","OutputType":"frame"}
{"Time":"2026-09-08T09:31:42.556915581+03:00","Action":"pass","Package":"virmill.local/core/internal/backend/networkxml","Test":"TestProtectedMatchRejectsServiceAndNativePolicyDrift/lab/dhcp=true/forward_injection","Elapsed":0}
{"Time":"2026-09-08T09:31:42.556931909+03:00","Action":"run","Package":"virmill.local/core/internal/backend/networkxml","Test":"TestProtectedMatchRejectsServiceAndNativePolicyDrift/lab/dhcp=true/route_injection"}
{"Time":"2026-09-08T09:31:42.556933742+03:00","Action":"output","Package":"virmill.local/core/internal/backend/networkxml","Test":"TestProtectedMatchRejectsServiceAndNativePolicyDrift/lab/dhcp=true/route_injection","Output":"=== RUN   TestProtectedMatchRejectsServiceAndNativePolicyDrift/lab/dhcp=true/route_injection\n","OutputType":"frame"}
{"Time":"2026-09-08T09:31:42.557327385+03:00","Action":"output","Package":"virmill.local/core/internal/backend/networkxml","Test":"TestProtectedMatchRejectsServiceAndNativePolicyDrift/lab/dhcp=true/route_injection","Output":"--- PASS: TestProtectedMatchRejectsServiceAndNativePolicyDrift/lab/dhcp=true/route_injection (0.00s)\n","OutputType":"frame"}
{"Time":"2026-09-08T09:31:42.557337005+03:00","Action":"pass","Package":"virmill.local/core/internal/backend/networkxml","Test":"TestProtectedMatchRejectsServiceAndNativePolicyDrift/lab/dhcp=true/route_injection","Elapsed":0}
{"Time":"2026-09-08T09:31:42.557339913+03:00","Action":"run","Package":"virmill.local/core/internal/backend/networkxml","Test":"TestProtectedMatchRejectsServiceAndNativePolicyDrift/lab/dhcp=true/v1_marker"}
{"Time":"2026-09-08T09:31:42.557343471+03:00","Action":"output","Package":"virmill.local/core/internal/backend/networkxml","Test":"TestProtectedMatchRejectsServiceAndNativePolicyDrift/lab/dhcp=true/v1_marker","Output":"=== RUN   TestProtectedMatchRejectsServiceAndNativePolicyDrift/lab/dhcp=true/v1_marker\n","OutputType":"frame"}
{"Time":"2026-09-08T09:31:42.557710973+03:00","Action":"output","Package":"virmill.local/core/internal/backend/networkxml","Test":"TestProtectedMatchRejectsServiceAndNativePolicyDrift/lab/dhcp=true/v1_marker","Output":"--- PASS: TestProtectedMatchRejectsServiceAndNativePolicyDrift/lab/dhcp=true/v1_marker (0.00s)\n","OutputType":"frame"}
{"Time":"2026-09-08T09:31:42.557718527+03:00","Action":"pass","Package":"virmill.local/core/internal/backend/networkxml","Test":"TestProtectedMatchRejectsServiceAndNativePolicyDrift/lab/dhcp=true/v1_marker","Elapsed":0}
{"Time":"2026-09-08T09:31:42.557730871+03:00","Action":"run","Package":"virmill.local/core/internal/backend/networkxml","Test":"TestProtectedMatchRejectsServiceAndNativePolicyDrift/lab/dhcp=true/service_toggle"}
{"Time":"2026-09-08T09:31:42.55773607+03:00","Action":"output","Package":"virmill.local/core/internal/backend/networkxml","Test":"TestProtectedMatchRejectsServiceAndNativePolicyDrift/lab/dhcp=true/service_toggle","Output":"=== RUN   TestProtectedMatchRejectsServiceAndNativePolicyDrift/lab/dhcp=true/service_toggle\n","OutputType":"frame"}
{"Time":"2026-09-08T09:31:42.55813256+03:00","Action":"output","Package":"virmill.local/core/internal/backend/networkxml","Test":"TestProtectedMatchRejectsServiceAndNativePolicyDrift/lab/dhcp=true/service_toggle","Output":"--- PASS: TestProtectedMatchRejectsServiceAndNativePolicyDrift/lab/dhcp=true/service_toggle (0.00s)\n","OutputType":"frame"}
{"Time":"2026-09-08T09:31:42.55813968+03:00","Action":"pass","Package":"virmill.local/core/internal/backend/networkxml","Test":"TestProtectedMatchRejectsServiceAndNativePolicyDrift/lab/dhcp=true/service_toggle","Elapsed":0}
{"Time":"2026-09-08T09:31:42.558150614+03:00","Action":"run","Package":"virmill.local/core/internal/backend/networkxml","Test":"TestProtectedMatchRejectsServiceAndNativePolicyDrift/lab/dhcp=true/duplicate_enable"}
{"Time":"2026-09-08T09:31:42.558152844+03:00","Action":"output","Package":"virmill.local/core/internal/backend/networkxml","Test":"TestProtectedMatchRejectsServiceAndNativePolicyDrift/lab/dhcp=true/duplicate_enable","Output":"=== RUN   TestProtectedMatchRejectsServiceAndNativePolicyDrift/lab/dhcp=true/duplicate_enable\n","OutputType":"frame"}
{"Time":"2026-09-08T09:31:42.558509005+03:00","Action":"output","Package":"virmill.local/core/internal/backend/networkxml","Test":"TestProtectedMatchRejectsServiceAndNativePolicyDrift/lab/dhcp=true/duplicate_enable","Output":"--- PASS: TestProtectedMatchRejectsServiceAndNativePolicyDrift/lab/dhcp=true/duplicate_enable (0.00s)\n","OutputType":"frame"}
{"Time":"2026-09-08T09:31:42.558520429+03:00","Action":"pass","Package":"virmill.local/core/internal/backend/networkxml","Test":"TestProtectedMatchRejectsServiceAndNativePolicyDrift/lab/dhcp=true/duplicate_enable","Elapsed":0}
{"Time":"2026-09-08T09:31:42.558524519+03:00","Action":"run","Package":"virmill.local/core/internal/backend/networkxml","Test":"TestProtectedMatchRejectsServiceAndNativePolicyDrift/lab/dhcp=true/dnsmasq_option"}
{"Time":"2026-09-08T09:31:42.558526991+03:00","Action":"output","Package":"virmill.local/core/internal/backend/networkxml","Test":"TestProtectedMatchRejectsServiceAndNativePolicyDrift/lab/dhcp=true/dnsmasq_option","Output":"=== RUN   TestProtectedMatchRejectsServiceAndNativePolicyDrift/lab/dhcp=true/dnsmasq_option\n","OutputType":"frame"}
{"Time":"2026-09-08T09:31:42.558924494+03:00","Action":"output","Package":"virmill.local/core/internal/backend/networkxml","Test":"TestProtectedMatchRejectsServiceAndNativePolicyDrift/lab/dhcp=true/dnsmasq_option","Output":"--- PASS: TestProtectedMatchRejectsServiceAndNativePolicyDrift/lab/dhcp=true/dnsmasq_option (0.00s)\n","OutputType":"frame"}
{"Time":"2026-09-08T09:31:42.558932787+03:00","Action":"pass","Package":"virmill.local/core/internal/backend/networkxml","Test":"TestProtectedMatchRejectsServiceAndNativePolicyDrift/lab/dhcp=true/dnsmasq_option","Elapsed":0}
{"Time":"2026-09-08T09:31:42.558937337+03:00","Action":"run","Package":"virmill.local/core/internal/backend/networkxml","Test":"TestProtectedMatchRejectsServiceAndNativePolicyDrift/lab/dhcp=true/hostdev_injection"}
{"Time":"2026-09-08T09:31:42.558939062+03:00","Action":"output","Package":"virmill.local/core/internal/backend/networkxml","Test":"TestProtectedMatchRejectsServiceAndNativePolicyDrift/lab/dhcp=true/hostdev_injection","Output":"=== RUN   TestProtectedMatchRejectsServiceAndNativePolicyDrift/lab/dhcp=true/hostdev_injection\n","OutputType":"frame"}
{"Time":"2026-09-08T09:31:42.559354134+03:00","Action":"output","Package":"virmill.local/core/internal/backend/networkxml","Test":"TestProtectedMatchRejectsServiceAndNativePolicyDrift/lab/dhcp=true/hostdev_injection","Output":"--- PASS: TestProtectedMatchRejectsServiceAndNativePolicyDrift/lab/dhcp=true/hostdev_injection (0.00s)\n","OutputType":"frame"}
{"Time":"2026-09-08T09:31:42.559364578+03:00","Action":"pass","Package":"virmill.local/core/internal/backend/networkxml","Test":"TestProtectedMatchRejectsServiceAndNativePolicyDrift/lab/dhcp=true/hostdev_injection","Elapsed":0}
{"Time":"2026-09-08T09:31:42.559378691+03:00","Action":"run","Package":"virmill.local/core/internal/backend/networkxml","Test":"TestProtectedMatchRejectsServiceAndNativePolicyDrift/lab/dhcp=true/duplicate_marker"}
{"Time":"2026-09-08T09:31:42.559381205+03:00","Action":"output","Package":"virmill.local/core/internal/backend/networkxml","Test":"TestProtectedMatchRejectsServiceAndNativePolicyDrift/lab/dhcp=true/duplicate_marker","Output":"=== RUN   TestProtectedMatchRejectsServiceAndNativePolicyDrift/lab/dhcp=true/duplicate_marker\n","OutputType":"frame"}
{"Time":"2026-09-08T09:31:42.559714281+03:00","Action":"output","Package":"virmill.local/core/internal/backend/networkxml","Test":"TestProtectedMatchRejectsServiceAndNativePolicyDrift/lab/dhcp=true/duplicate_marker","Output":"--- PASS: TestProtectedMatchRejectsServiceAndNativePolicyDrift/lab/dhcp=true/duplicate_marker (0.00s)\n","OutputType":"frame"}
{"Time":"2026-09-08T09:31:42.559725406+03:00","Action":"pass","Package":"virmill.local/core/internal/backend/networkxml","Test":"TestProtectedMatchRejectsServiceAndNativePolicyDrift/lab/dhcp=true/duplicate_marker","Elapsed":0}
{"Time":"2026-09-08T09:31:42.559743668+03:00","Action":"run","Package":"virmill.local/core/internal/backend/networkxml","Test":"TestProtectedMatchRejectsServiceAndNativePolicyDrift/lab/dhcp=true/missing_explicit_DNS"}
{"Time":"2026-09-08T09:31:42.55974601+03:00","Action":"output","Package":"virmill.local/core/internal/backend/networkxml","Test":"TestProtectedMatchRejectsServiceAndNativePolicyDrift/lab/dhcp=true/missing_explicit_DNS","Output":"=== RUN   TestProtectedMatchRejectsServiceAndNativePolicyDrift/lab/dhcp=true/missing_explicit_DNS\n","OutputType":"frame"}
{"Time":"2026-09-08T09:31:42.560131879+03:00","Action":"output","Package":"virmill.local/core/internal/backend/networkxml","Test":"TestProtectedMatchRejectsServiceAndNativePolicyDrift/lab/dhcp=true/missing_explicit_DNS","Output":"--- PASS: TestProtectedMatchRejectsServiceAndNativePolicyDrift/lab/dhcp=true/missing_explicit_DNS (0.00s)\n","OutputType":"frame"}
{"Time":"2026-09-08T09:31:42.560144013+03:00","Action":"pass","Package":"virmill.local/core/internal/backend/networkxml","Test":"TestProtectedMatchRejectsServiceAndNativePolicyDrift/lab/dhcp=true/missing_explicit_DNS","Elapsed":0}
{"Time":"2026-09-08T09:31:42.561596467+03:00","Action":"output","Package":"virmill.local/core/internal/backend/networkxml","Test":"TestProtectedMatchRejectsServiceAndNativePolicyDrift/lab/dhcp=true","Output":"--- PASS: TestProtectedMatchRejectsServiceAndNativePolicyDrift/lab/dhcp=true (0.01s)\n","OutputType":"frame"}
{"Time":"2026-09-08T09:31:42.561614263+03:00","Action":"pass","Package":"virmill.local/core/internal/backend/networkxml","Test":"TestProtectedMatchRejectsServiceAndNativePolicyDrift/lab/dhcp=true","Elapsed":0.01}
{"Time":"2026-09-08T09:31:42.561632524+03:00","Action":"run","Package":"virmill.local/core/internal/backend/networkxml","Test":"TestProtectedMatchRejectsServiceAndNativePolicyDrift/lab/dhcp=false"}
{"Time":"2026-09-08T09:31:42.561634943+03:00","Action":"output","Package":"virmill.local/core/internal/backend/networkxml","Test":"TestProtectedMatchRejectsServiceAndNativePolicyDrift/lab/dhcp=false","Output":"=== RUN   TestProtectedMatchRejectsServiceAndNativePolicyDrift/lab/dhcp=false\n","OutputType":"frame"}
{"Time":"2026-09-08T09:31:42.561746838+03:00","Action":"run","Package":"virmill.local/core/internal/backend/networkxml","Test":"TestProtectedMatchRejectsServiceAndNativePolicyDrift/lab/dhcp=false/missing_explicit_DNS"}
{"Time":"2026-09-08T09:31:42.561749146+03:00","Action":"output","Package":"virmill.local/core/internal/backend/networkxml","Test":"TestProtectedMatchRejectsServiceAndNativePolicyDrift/lab/dhcp=false/missing_explicit_DNS","Output":"=== RUN   TestProtectedMatchRejectsServiceAndNativePolicyDrift/lab/dhcp=false/missing_explicit_DNS\n","OutputType":"frame"}
{"Time":"2026-09-08T09:31:42.56209902+03:00","Action":"output","Package":"virmill.local/core/internal/backend/networkxml","Test":"TestProtectedMatchRejectsServiceAndNativePolicyDrift/lab/dhcp=false/missing_explicit_DNS","Output":"--- PASS: TestProtectedMatchRejectsServiceAndNativePolicyDrift/lab/dhcp=false/missing_explicit_DNS (0.00s)\n","OutputType":"frame"}
{"Time":"2026-09-08T09:31:42.562111568+03:00","Action":"pass","Package":"virmill.local/core/internal/backend/networkxml","Test":"TestProtectedMatchRejectsServiceAndNativePolicyDrift/lab/dhcp=false/missing_explicit_DNS","Elapsed":0}
{"Time":"2026-09-08T09:31:42.562126828+03:00","Action":"run","Package":"virmill.local/core/internal/backend/networkxml","Test":"TestProtectedMatchRejectsServiceAndNativePolicyDrift/lab/dhcp=false/namespaced_DNS"}
{"Time":"2026-09-08T09:31:42.562128822+03:00","Action":"output","Package":"virmill.local/core/internal/backend/networkxml","Test":"TestProtectedMatchRejectsServiceAndNativePolicyDrift/lab/dhcp=false/namespaced_DNS","Output":"=== RUN   TestProtectedMatchRejectsServiceAndNativePolicyDrift/lab/dhcp=false/namespaced_DNS\n","OutputType":"frame"}
{"Time":"2026-09-08T09:31:42.562474186+03:00","Action":"output","Package":"virmill.local/core/internal/backend/networkxml","Test":"TestProtectedMatchRejectsServiceAndNativePolicyDrift/lab/dhcp=false/namespaced_DNS","Output":"--- PASS: TestProtectedMatchRejectsServiceAndNativePolicyDrift/lab/dhcp=false/namespaced_DNS (0.00s)\n","OutputType":"frame"}
{"Time":"2026-09-08T09:31:42.562484497+03:00","Action":"pass","Package":"virmill.local/core/internal/backend/networkxml","Test":"TestProtectedMatchRejectsServiceAndNativePolicyDrift/lab/dhcp=false/namespaced_DNS","Elapsed":0}
{"Time":"2026-09-08T09:31:42.562496064+03:00","Action":"run","Package":"virmill.local/core/internal/backend/networkxml","Test":"TestProtectedMatchRejectsServiceAndNativePolicyDrift/lab/dhcp=false/dnsmasq_option"}
{"Time":"2026-09-08T09:31:42.562498183+03:00","Action":"output","Package":"virmill.local/core/internal/backend/networkxml","Test":"TestProtectedMatchRejectsServiceAndNativePolicyDrift/lab/dhcp=false/dnsmasq_option","Output":"=== RUN   TestProtectedMatchRejectsServiceAndNativePolicyDrift/lab/dhcp=false/dnsmasq_option\n","OutputType":"frame"}
{"Time":"2026-09-08T09:31:42.562825047+03:00","Action":"output","Package":"virmill.local/core/internal/backend/networkxml","Test":"TestProtectedMatchRejectsServiceAndNativePolicyDrift/lab/dhcp=false/dnsmasq_option","Output":"--- PASS: TestProtectedMatchRejectsServiceAndNativePolicyDrift/lab/dhcp=false/dnsmasq_option (0.00s)\n","OutputType":"frame"}
{"Time":"2026-09-08T09:31:42.562840099+03:00","Action":"pass","Package":"virmill.local/core/internal/backend/networkxml","Test":"TestProtectedMatchRejectsServiceAndNativePolicyDrift/lab/dhcp=false/dnsmasq_option","Elapsed":0}
{"Time":"2026-09-08T09:31:42.562854222+03:00","Action":"run","Package":"virmill.local/core/internal/backend/networkxml","Test":"TestProtectedMatchRejectsServiceAndNativePolicyDrift/lab/dhcp=false/host_IPv6_injection"}
{"Time":"2026-09-08T09:31:42.56285626+03:00","Action":"output","Package":"virmill.local/core/internal/backend/networkxml","Test":"TestProtectedMatchRejectsServiceAndNativePolicyDrift/lab/dhcp=false/host_IPv6_injection","Output":"=== RUN   TestProtectedMatchRejectsServiceAndNativePolicyDrift/lab/dhcp=false/host_IPv6_injection\n","OutputType":"frame"}
{"Time":"2026-09-08T09:31:42.563192621+03:00","Action":"output","Package":"virmill.local/core/internal/backend/networkxml","Test":"TestProtectedMatchRejectsServiceAndNativePolicyDrift/lab/dhcp=false/host_IPv6_injection","Output":"--- PASS: TestProtectedMatchRejectsServiceAndNativePolicyDrift/lab/dhcp=false/host_IPv6_injection (0.00s)\n","OutputType":"frame"}
{"Time":"2026-09-08T09:31:42.563203859+03:00","Action":"pass","Package":"virmill.local/core/internal/backend/networkxml","Test":"TestProtectedMatchRejectsServiceAndNativePolicyDrift/lab/dhcp=false/host_IPv6_injection","Elapsed":0}
{"Time":"2026-09-08T09:31:42.563215114+03:00","Action":"run","Package":"virmill.local/core/internal/backend/networkxml","Test":"TestProtectedMatchRejectsServiceAndNativePolicyDrift/lab/dhcp=false/forward_injection"}
{"Time":"2026-09-08T09:31:42.563217529+03:00","Action":"output","Package":"virmill.local/core/internal/backend/networkxml","Test":"TestProtectedMatchRejectsServiceAndNativePolicyDrift/lab/dhcp=false/forward_injection","Output":"=== RUN   TestProtectedMatchRejectsServiceAndNativePolicyDrift/lab/dhcp=false/forward_injection\n","OutputType":"frame"}
{"Time":"2026-09-08T09:31:42.563553326+03:00","Action":"output","Package":"virmill.local/core/internal/backend/networkxml","Test":"TestProtectedMatchRejectsServiceAndNativePolicyDrift/lab/dhcp=false/forward_injection","Output":"--- PASS: TestProtectedMatchRejectsServiceAndNativePolicyDrift/lab/dhcp=false/forward_injection (0.00s)\n","OutputType":"frame"}
{"Time":"2026-09-08T09:31:42.56356753+03:00","Action":"pass","Package":"virmill.local/core/internal/backend/networkxml","Test":"TestProtectedMatchRejectsServiceAndNativePolicyDrift/lab/dhcp=false/forward_injection","Elapsed":0}
{"Time":"2026-09-08T09:31:42.56357657+03:00","Action":"run","Package":"virmill.local/core/internal/backend/networkxml","Test":"TestProtectedMatchRejectsServiceAndNativePolicyDrift/lab/dhcp=false/service_toggle"}
{"Time":"2026-09-08T09:31:42.563580058+03:00","Action":"output","Package":"virmill.local/core/internal/backend/networkxml","Test":"TestProtectedMatchRejectsServiceAndNativePolicyDrift/lab/dhcp=false/service_toggle","Output":"=== RUN   TestProtectedMatchRejectsServiceAndNativePolicyDrift/lab/dhcp=false/service_toggle\n","OutputType":"frame"}
{"Time":"2026-09-08T09:31:42.563911324+03:00","Action":"output","Package":"virmill.local/core/internal/backend/networkxml","Test":"TestProtectedMatchRejectsServiceAndNativePolicyDrift/lab/dhcp=false/service_toggle","Output":"--- PASS: TestProtectedMatchRejectsServiceAndNativePolicyDrift/lab/dhcp=false/service_toggle (0.00s)\n","OutputType":"frame"}
{"Time":"2026-09-08T09:31:42.563923751+03:00","Action":"pass","Package":"virmill.local/core/internal/backend/networkxml","Test":"TestProtectedMatchRejectsServiceAndNativePolicyDrift/lab/dhcp=false/service_toggle","Elapsed":0}
{"Time":"2026-09-08T09:31:42.563931872+03:00","Action":"run","Package":"virmill.local/core/internal/backend/networkxml","Test":"TestProtectedMatchRejectsServiceAndNativePolicyDrift/lab/dhcp=false/host_IP_injection"}
{"Time":"2026-09-08T09:31:42.563933938+03:00","Action":"output","Package":"virmill.local/core/internal/backend/networkxml","Test":"TestProtectedMatchRejectsServiceAndNativePolicyDrift/lab/dhcp=false/host_IP_injection","Output":"=== RUN   TestProtectedMatchRejectsServiceAndNativePolicyDrift/lab/dhcp=false/host_IP_injection\n","OutputType":"frame"}
{"Time":"2026-09-08T09:31:42.56425381+03:00","Action":"output","Package":"virmill.local/core/internal/backend/networkxml","Test":"TestProtectedMatchRejectsServiceAndNativePolicyDrift/lab/dhcp=false/host_IP_injection","Output":"--- PASS: TestProtectedMatchRejectsServiceAndNativePolicyDrift/lab/dhcp=false/host_IP_injection (0.00s)\n","OutputType":"frame"}
{"Time":"2026-09-08T09:31:42.5642651+03:00","Action":"pass","Package":"virmill.local/core/internal/backend/networkxml","Test":"TestProtectedMatchRejectsServiceAndNativePolicyDrift/lab/dhcp=false/host_IP_injection","Elapsed":0}
{"Time":"2026-09-08T09:31:42.564278268+03:00","Action":"run","Package":"virmill.local/core/internal/backend/networkxml","Test":"TestProtectedMatchRejectsServiceAndNativePolicyDrift/lab/dhcp=false/v1_marker"}
{"Time":"2026-09-08T09:31:42.56428048+03:00","Action":"output","Package":"virmill.local/core/internal/backend/networkxml","Test":"TestProtectedMatchRejectsServiceAndNativePolicyDrift/lab/dhcp=false/v1_marker","Output":"=== RUN   TestProtectedMatchRejectsServiceAndNativePolicyDrift/lab/dhcp=false/v1_marker\n","OutputType":"frame"}
{"Time":"2026-09-08T09:31:42.564608571+03:00","Action":"output","Package":"virmill.local/core/internal/backend/networkxml","Test":"TestProtectedMatchRejectsServiceAndNativePolicyDrift/lab/dhcp=false/v1_marker","Output":"--- PASS: TestProtectedMatchRejectsServiceAndNativePolicyDrift/lab/dhcp=false/v1_marker (0.00s)\n","OutputType":"frame"}
{"Time":"2026-09-08T09:31:42.56462337+03:00","Action":"pass","Package":"virmill.local/core/internal/backend/networkxml","Test":"TestProtectedMatchRejectsServiceAndNativePolicyDrift/lab/dhcp=false/v1_marker","Elapsed":0}
{"Time":"2026-09-08T09:31:42.564631438+03:00","Action":"run","Package":"virmill.local/core/internal/backend/networkxml","Test":"TestProtectedMatchRejectsServiceAndNativePolicyDrift/lab/dhcp=false/duplicate_DNS"}
{"Time":"2026-09-08T09:31:42.564633321+03:00","Action":"output","Package":"virmill.local/core/internal/backend/networkxml","Test":"TestProtectedMatchRejectsServiceAndNativePolicyDrift/lab/dhcp=false/duplicate_DNS","Output":"=== RUN   TestProtectedMatchRejectsServiceAndNativePolicyDrift/lab/dhcp=false/duplicate_DNS\n","OutputType":"frame"}
{"Time":"2026-09-08T09:31:42.564932223+03:00","Action":"output","Package":"virmill.local/core/internal/backend/networkxml","Test":"TestProtectedMatchRejectsServiceAndNativePolicyDrift/lab/dhcp=false/duplicate_DNS","Output":"--- PASS: TestProtectedMatchRejectsServiceAndNativePolicyDrift/lab/dhcp=false/duplicate_DNS (0.00s)\n","OutputType":"frame"}
{"Time":"2026-09-08T09:31:42.564943901+03:00","Action":"pass","Package":"virmill.local/core/internal/backend/networkxml","Test":"TestProtectedMatchRejectsServiceAndNativePolicyDrift/lab/dhcp=false/duplicate_DNS","Elapsed":0}
{"Time":"2026-09-08T09:31:42.564955066+03:00","Action":"run","Package":"virmill.local/core/internal/backend/networkxml","Test":"TestProtectedMatchRejectsServiceAndNativePolicyDrift/lab/dhcp=false/DNS_child_even_disabled"}
{"Time":"2026-09-08T09:31:42.564957119+03:00","Action":"output","Package":"virmill.local/core/internal/backend/networkxml","Test":"TestProtectedMatchRejectsServiceAndNativePolicyDrift/lab/dhcp=false/DNS_child_even_disabled","Output":"=== RUN   TestProtectedMatchRejectsServiceAndNativePolicyDrift/lab/dhcp=false/DNS_child_even_disabled\n","OutputType":"frame"}
{"Time":"2026-09-08T09:31:42.565303244+03:00","Action":"output","Package":"virmill.local/core/internal/backend/networkxml","Test":"TestProtectedMatchRejectsServiceAndNativePolicyDrift/lab/dhcp=false/DNS_child_even_disabled","Output":"--- PASS: TestProtectedMatchRejectsServiceAndNativePolicyDrift/lab/dhcp=false/DNS_child_even_disabled (0.00s)\n","OutputType":"frame"}
{"Time":"2026-09-08T09:31:42.565316828+03:00","Action":"pass","Package":"virmill.local/core/internal/backend/networkxml","Test":"TestProtectedMatchRejectsServiceAndNativePolicyDrift/lab/dhcp=false/DNS_child_even_disabled","Elapsed":0}
{"Time":"2026-09-08T09:31:42.565335204+03:00","Action":"run","Package":"virmill.local/core/internal/backend/networkxml","Test":"TestProtectedMatchRejectsServiceAndNativePolicyDrift/lab/dhcp=false/DNS_attr"}
{"Time":"2026-09-08T09:31:42.565338536+03:00","Action":"output","Package":"virmill.local/core/internal/backend/networkxml","Test":"TestProtectedMatchRejectsServiceAndNativePolicyDrift/lab/dhcp=false/DNS_attr","Output":"=== RUN   TestProtectedMatchRejectsServiceAndNativePolicyDrift/lab/dhcp=false/DNS_attr\n","OutputType":"frame"}
{"Time":"2026-09-08T09:31:42.565723702+03:00","Action":"output","Package":"virmill.local/core/internal/backend/networkxml","Test":"TestProtectedMatchRejectsServiceAndNativePolicyDrift/lab/dhcp=false/DNS_attr","Output":"--- PASS: TestProtectedMatchRejectsServiceAndNativePolicyDrift/lab/dhcp=false/DNS_attr (0.00s)\n","OutputType":"frame"}
{"Time":"2026-09-08T09:31:42.565731591+03:00","Action":"pass","Package":"virmill.local/core/internal/backend/networkxml","Test":"TestProtectedMatchRejectsServiceAndNativePolicyDrift/lab/dhcp=false/DNS_attr","Elapsed":0}
{"Time":"2026-09-08T09:31:42.565748125+03:00","Action":"run","Package":"virmill.local/core/internal/backend/networkxml","Test":"TestProtectedMatchRejectsServiceAndNativePolicyDrift/lab/dhcp=false/duplicate_marker"}
{"Time":"2026-09-08T09:31:42.565750135+03:00","Action":"output","Package":"virmill.local/core/internal/backend/networkxml","Test":"TestProtectedMatchRejectsServiceAndNativePolicyDrift/lab/dhcp=false/duplicate_marker","Output":"=== RUN   TestProtectedMatchRejectsServiceAndNativePolicyDrift/lab/dhcp=false/duplicate_marker\n","OutputType":"frame"}
{"Time":"2026-09-08T09:31:42.566055452+03:00","Action":"output","Package":"virmill.local/core/internal/backend/networkxml","Test":"TestProtectedMatchRejectsServiceAndNativePolicyDrift/lab/dhcp=false/duplicate_marker","Output":"--- PASS: TestProtectedMatchRejectsServiceAndNativePolicyDrift/lab/dhcp=false/duplicate_marker (0.00s)\n","OutputType":"frame"}
{"Time":"2026-09-08T09:31:42.566063806+03:00","Action":"pass","Package":"virmill.local/core/internal/backend/networkxml","Test":"TestProtectedMatchRejectsServiceAndNativePolicyDrift/lab/dhcp=false/duplicate_marker","Elapsed":0}
{"Time":"2026-09-08T09:31:42.566074422+03:00","Action":"run","Package":"virmill.local/core/internal/backend/networkxml","Test":"TestProtectedMatchRejectsServiceAndNativePolicyDrift/lab/dhcp=false/implicit_DNS"}
{"Time":"2026-09-08T09:31:42.566076413+03:00","Action":"output","Package":"virmill.local/core/internal/backend/networkxml","Test":"TestProtectedMatchRejectsServiceAndNativePolicyDrift/lab/dhcp=false/implicit_DNS","Output":"=== RUN   TestProtectedMatchRejectsServiceAndNativePolicyDrift/lab/dhcp=false/implicit_DNS\n","OutputType":"frame"}
{"Time":"2026-09-08T09:31:42.566392211+03:00","Action":"output","Package":"virmill.local/core/internal/backend/networkxml","Test":"TestProtectedMatchRejectsServiceAndNativePolicyDrift/lab/dhcp=false/implicit_DNS","Output":"--- PASS: TestProtectedMatchRejectsServiceAndNativePolicyDrift/lab/dhcp=false/implicit_DNS (0.00s)\n","OutputType":"frame"}
{"Time":"2026-09-08T09:31:42.566404788+03:00","Action":"pass","Package":"virmill.local/core/internal/backend/networkxml","Test":"TestProtectedMatchRejectsServiceAndNativePolicyDrift/lab/dhcp=false/implicit_DNS","Elapsed":0}
{"Time":"2026-09-08T09:31:42.566411743+03:00","Action":"run","Package":"virmill.local/core/internal/backend/networkxml","Test":"TestProtectedMatchRejectsServiceAndNativePolicyDrift/lab/dhcp=false/duplicate_enable"}
{"Time":"2026-09-08T09:31:42.566414164+03:00","Action":"output","Package":"virmill.local/core/internal/backend/networkxml","Test":"TestProtectedMatchRejectsServiceAndNativePolicyDrift/lab/dhcp=false/duplicate_enable","Output":"=== RUN   TestProtectedMatchRejectsServiceAndNativePolicyDrift/lab/dhcp=false/duplicate_enable\n","OutputType":"frame"}
{"Time":"2026-09-08T09:31:42.56669099+03:00","Action":"output","Package":"virmill.local/core/internal/backend/networkxml","Test":"TestProtectedMatchRejectsServiceAndNativePolicyDrift/lab/dhcp=false/duplicate_enable","Output":"--- PASS: TestProtectedMatchRejectsServiceAndNativePolicyDrift/lab/dhcp=false/duplicate_enable (0.00s)\n","OutputType":"frame"}
{"Time":"2026-09-08T09:31:42.566696965+03:00","Action":"pass","Package":"virmill.local/core/internal/backend/networkxml","Test":"TestProtectedMatchRejectsServiceAndNativePolicyDrift/lab/dhcp=false/duplicate_enable","Elapsed":0}
{"Time":"2026-09-08T09:31:42.566709874+03:00","Action":"run","Package":"virmill.local/core/internal/backend/networkxml","Test":"TestProtectedMatchRejectsServiceAndNativePolicyDrift/lab/dhcp=false/hostdev_injection"}
{"Time":"2026-09-08T09:31:42.566712372+03:00","Action":"output","Package":"virmill.local/core/internal/backend/networkxml","Test":"TestProtectedMatchRejectsServiceAndNativePolicyDrift/lab/dhcp=false/hostdev_injection","Output":"=== RUN   TestProtectedMatchRejectsServiceAndNativePolicyDrift/lab/dhcp=false/hostdev_injection\n","OutputType":"frame"}
{"Time":"2026-09-08T09:31:42.567027229+03:00","Action":"output","Package":"virmill.local/core/internal/backend/networkxml","Test":"TestProtectedMatchRejectsServiceAndNativePolicyDrift/lab/dhcp=false/hostdev_injection","Output":"--- PASS: TestProtectedMatchRejectsServiceAndNativePolicyDrift/lab/dhcp=false/hostdev_injection (0.00s)\n","OutputType":"frame"}
{"Time":"2026-09-08T09:31:42.56703149+03:00","Action":"pass","Package":"virmill.local/core/internal/backend/networkxml","Test":"TestProtectedMatchRejectsServiceAndNativePolicyDrift/lab/dhcp=false/hostdev_injection","Elapsed":0}
{"Time":"2026-09-08T09:31:42.567045051+03:00","Action":"run","Package":"virmill.local/core/internal/backend/networkxml","Test":"TestProtectedMatchRejectsServiceAndNativePolicyDrift/lab/dhcp=false/route_injection"}
{"Time":"2026-09-08T09:31:42.567047012+03:00","Action":"output","Package":"virmill.local/core/internal/backend/networkxml","Test":"TestProtectedMatchRejectsServiceAndNativePolicyDrift/lab/dhcp=false/route_injection","Output":"=== RUN   TestProtectedMatchRejectsServiceAndNativePolicyDrift/lab/dhcp=false/route_injection\n","OutputType":"frame"}
{"Time":"2026-09-08T09:31:42.567376649+03:00","Action":"output","Package":"virmill.local/core/internal/backend/networkxml","Test":"TestProtectedMatchRejectsServiceAndNativePolicyDrift/lab/dhcp=false/route_injection","Output":"--- PASS: TestProtectedMatchRejectsServiceAndNativePolicyDrift/lab/dhcp=false/route_injection (0.00s)\n","OutputType":"frame"}
{"Time":"2026-09-08T09:31:42.56738021+03:00","Action":"pass","Package":"virmill.local/core/internal/backend/networkxml","Test":"TestProtectedMatchRejectsServiceAndNativePolicyDrift/lab/dhcp=false/route_injection","Elapsed":0}
{"Time":"2026-09-08T09:31:42.568588249+03:00","Action":"output","Package":"virmill.local/core/internal/backend/networkxml","Test":"TestProtectedMatchRejectsServiceAndNativePolicyDrift/lab/dhcp=false","Output":"--- PASS: TestProtectedMatchRejectsServiceAndNativePolicyDrift/lab/dhcp=false (0.01s)\n","OutputType":"frame"}
{"Time":"2026-09-08T09:31:42.568592283+03:00","Action":"pass","Package":"virmill.local/core/internal/backend/networkxml","Test":"TestProtectedMatchRejectsServiceAndNativePolicyDrift/lab/dhcp=false","Elapsed":0.01}
{"Time":"2026-09-08T09:31:42.568611661+03:00","Action":"run","Package":"virmill.local/core/internal/backend/networkxml","Test":"TestProtectedMatchRejectsServiceAndNativePolicyDrift/guest-only/dhcp=false"}
{"Time":"2026-09-08T09:31:42.568613671+03:00","Action":"output","Package":"virmill.local/core/internal/backend/networkxml","Test":"TestProtectedMatchRejectsServiceAndNativePolicyDrift/guest-only/dhcp=false","Output":"=== RUN   TestProtectedMatchRejectsServiceAndNativePolicyDrift/guest-only/dhcp=false\n","OutputType":"frame"}
{"Time":"2026-09-08T09:31:42.568714337+03:00","Action":"run","Package":"virmill.local/core/internal/backend/networkxml","Test":"TestProtectedMatchRejectsServiceAndNativePolicyDrift/guest-only/dhcp=false/service_toggle"}
{"Time":"2026-09-08T09:31:42.568716491+03:00","Action":"output","Package":"virmill.local/core/internal/backend/networkxml","Test":"TestProtectedMatchRejectsServiceAndNativePolicyDrift/guest-only/dhcp=false/service_toggle","Output":"=== RUN   TestProtectedMatchRejectsServiceAndNativePolicyDrift/guest-only/dhcp=false/service_toggle\n","OutputType":"frame"}
{"Time":"2026-09-08T09:31:42.569007334+03:00","Action":"output","Package":"virmill.local/core/internal/backend/networkxml","Test":"TestProtectedMatchRejectsServiceAndNativePolicyDrift/guest-only/dhcp=false/service_toggle","Output":"--- PASS: TestProtectedMatchRejectsServiceAndNativePolicyDrift/guest-only/dhcp=false/service_toggle (0.00s)\n","OutputType":"frame"}
{"Time":"2026-09-08T09:31:42.569017635+03:00","Action":"pass","Package":"virmill.local/core/internal/backend/networkxml","Test":"TestProtectedMatchRejectsServiceAndNativePolicyDrift/guest-only/dhcp=false/service_toggle","Elapsed":0}
{"Time":"2026-09-08T09:31:42.569031423+03:00","Action":"run","Package":"virmill.local/core/internal/backend/networkxml","Test":"TestProtectedMatchRejectsServiceAndNativePolicyDrift/guest-only/dhcp=false/duplicate_enable"}
{"Time":"2026-09-08T09:31:42.569033421+03:00","Action":"output","Package":"virmill.local/core/internal/backend/networkxml","Test":"TestProtectedMatchRejectsServiceAndNativePolicyDrift/guest-only/dhcp=false/duplicate_enable","Output":"=== RUN   TestProtectedMatchRejectsServiceAndNativePolicyDrift/guest-only/dhcp=false/duplicate_enable\n","OutputType":"frame"}
{"Time":"2026-09-08T09:31:42.569301422+03:00","Action":"output","Package":"virmill.local/core/internal/backend/networkxml","Test":"TestProtectedMatchRejectsServiceAndNativePolicyDrift/guest-only/dhcp=false/duplicate_enable","Output":"--- PASS: TestProtectedMatchRejectsServiceAndNativePolicyDrift/guest-only/dhcp=false/duplicate_enable (0.00s)\n","OutputType":"frame"}
{"Time":"2026-09-08T09:31:42.569309087+03:00","Action":"pass","Package":"virmill.local/core/internal/backend/networkxml","Test":"TestProtectedMatchRejectsServiceAndNativePolicyDrift/guest-only/dhcp=false/duplicate_enable","Elapsed":0}
{"Time":"2026-09-08T09:31:42.569323041+03:00","Action":"run","Package":"virmill.local/core/internal/backend/networkxml","Test":"TestProtectedMatchRejectsServiceAndNativePolicyDrift/guest-only/dhcp=false/host_IP_injection"}
{"Time":"2026-09-08T09:31:42.569325944+03:00","Action":"output","Package":"virmill.local/core/internal/backend/networkxml","Test":"TestProtectedMatchRejectsServiceAndNativePolicyDrift/guest-only/dhcp=false/host_IP_injection","Output":"=== RUN   TestProtectedMatchRejectsServiceAndNativePolicyDrift/guest-only/dhcp=false/host_IP_injection\n","OutputType":"frame"}
{"Time":"2026-09-08T09:31:42.569612932+03:00","Action":"output","Package":"virmill.local/core/internal/backend/networkxml","Test":"TestProtectedMatchRejectsServiceAndNativePolicyDrift/guest-only/dhcp=false/host_IP_injection","Output":"--- PASS: TestProtectedMatchRejectsServiceAndNativePolicyDrift/guest-only/dhcp=false/host_IP_injection (0.00s)\n","OutputType":"frame"}
{"Time":"2026-09-08T09:31:42.569626763+03:00","Action":"pass","Package":"virmill.local/core/internal/backend/networkxml","Test":"TestProtectedMatchRejectsServiceAndNativePolicyDrift/guest-only/dhcp=false/host_IP_injection","Elapsed":0}
{"Time":"2026-09-08T09:31:42.569636034+03:00","Action":"run","Package":"virmill.local/core/internal/backend/networkxml","Test":"TestProtectedMatchRejectsServiceAndNativePolicyDrift/guest-only/dhcp=false/duplicate_DNS"}
{"Time":"2026-09-08T09:31:42.569637967+03:00","Action":"output","Package":"virmill.local/core/internal/backend/networkxml","Test":"TestProtectedMatchRejectsServiceAndNativePolicyDrift/guest-only/dhcp=false/duplicate_DNS","Output":"=== RUN   TestProtectedMatchRejectsServiceAndNativePolicyDrift/guest-only/dhcp=false/duplicate_DNS\n","OutputType":"frame"}
{"Time":"2026-09-08T09:31:42.569898775+03:00","Action":"output","Package":"virmill.local/core/internal/backend/networkxml","Test":"TestProtectedMatchRejectsServiceAndNativePolicyDrift/guest-only/dhcp=false/duplicate_DNS","Output":"--- PASS: TestProtectedMatchRejectsServiceAndNativePolicyDrift/guest-only/dhcp=false/duplicate_DNS (0.00s)\n","OutputType":"frame"}
{"Time":"2026-09-08T09:31:42.569909147+03:00","Action":"pass","Package":"virmill.local/core/internal/backend/networkxml","Test":"TestProtectedMatchRejectsServiceAndNativePolicyDrift/guest-only/dhcp=false/duplicate_DNS","Elapsed":0}
{"Time":"2026-09-08T09:31:42.569918737+03:00","Action":"run","Package":"virmill.local/core/internal/backend/networkxml","Test":"TestProtectedMatchRejectsServiceAndNativePolicyDrift/guest-only/dhcp=false/namespaced_DNS"}
{"Time":"2026-09-08T09:31:42.569920734+03:00","Action":"output","Package":"virmill.local/core/internal/backend/networkxml","Test":"TestProtectedMatchRejectsServiceAndNativePolicyDrift/guest-only/dhcp=false/namespaced_DNS","Output":"=== RUN   TestProtectedMatchRejectsServiceAndNativePolicyDrift/guest-only/dhcp=false/namespaced_DNS\n","OutputType":"frame"}
{"Time":"2026-09-08T09:31:42.570194942+03:00","Action":"output","Package":"virmill.local/core/internal/backend/networkxml","Test":"TestProtectedMatchRejectsServiceAndNativePolicyDrift/guest-only/dhcp=false/namespaced_DNS","Output":"--- PASS: TestProtectedMatchRejectsServiceAndNativePolicyDrift/guest-only/dhcp=false/namespaced_DNS (0.00s)\n","OutputType":"frame"}
{"Time":"2026-09-08T09:31:42.570203477+03:00","Action":"pass","Package":"virmill.local/core/internal/backend/networkxml","Test":"TestProtectedMatchRejectsServiceAndNativePolicyDrift/guest-only/dhcp=false/namespaced_DNS","Elapsed":0}
{"Time":"2026-09-08T09:31:42.570214438+03:00","Action":"run","Package":"virmill.local/core/internal/backend/networkxml","Test":"TestProtectedMatchRejectsServiceAndNativePolicyDrift/guest-only/dhcp=false/DNS_child_even_disabled"}
{"Time":"2026-09-08T09:31:42.570216183+03:00","Action":"output","Package":"virmill.local/core/internal/backend/networkxml","Test":"TestProtectedMatchRejectsServiceAndNativePolicyDrift/guest-only/dhcp=false/DNS_child_even_disabled","Output":"=== RUN   TestProtectedMatchRejectsServiceAndNativePolicyDrift/guest-only/dhcp=false/DNS_child_even_disabled\n","OutputType":"frame"}
{"Time":"2026-09-08T09:31:42.570525306+03:00","Action":"output","Package":"virmill.local/core/internal/backend/networkxml","Test":"TestProtectedMatchRejectsServiceAndNativePolicyDrift/guest-only/dhcp=false/DNS_child_even_disabled","Output":"--- PASS: TestProtectedMatchRejectsServiceAndNativePolicyDrift/guest-only/dhcp=false/DNS_child_even_disabled (0.00s)\n","OutputType":"frame"}
{"Time":"2026-09-08T09:31:42.570539555+03:00","Action":"pass","Package":"virmill.local/core/internal/backend/networkxml","Test":"TestProtectedMatchRejectsServiceAndNativePolicyDrift/guest-only/dhcp=false/DNS_child_even_disabled","Elapsed":0}
{"Time":"2026-09-08T09:31:42.570546321+03:00","Action":"run","Package":"virmill.local/core/internal/backend/networkxml","Test":"TestProtectedMatchRejectsServiceAndNativePolicyDrift/guest-only/dhcp=false/DNS_attr"}
{"Time":"2026-09-08T09:31:42.570548402+03:00","Action":"output","Package":"virmill.local/core/internal/backend/networkxml","Test":"TestProtectedMatchRejectsServiceAndNativePolicyDrift/guest-only/dhcp=false/DNS_attr","Output":"=== RUN   TestProtectedMatchRejectsServiceAndNativePolicyDrift/guest-only/dhcp=false/DNS_attr\n","OutputType":"frame"}
{"Time":"2026-09-08T09:31:42.570838264+03:00","Action":"output","Package":"virmill.local/core/internal/backend/networkxml","Test":"TestProtectedMatchRejectsServiceAndNativePolicyDrift/guest-only/dhcp=false/DNS_attr","Output":"--- PASS: TestProtectedMatchRejectsServiceAndNativePolicyDrift/guest-only/dhcp=false/DNS_attr (0.00s)\n","OutputType":"frame"}
{"Time":"2026-09-08T09:31:42.570847639+03:00","Action":"pass","Package":"virmill.local/core/internal/backend/networkxml","Test":"TestProtectedMatchRejectsServiceAndNativePolicyDrift/guest-only/dhcp=false/DNS_attr","Elapsed":0}
{"Time":"2026-09-08T09:31:42.570863301+03:00","Action":"run","Package":"virmill.local/core/internal/backend/networkxml","Test":"TestProtectedMatchRejectsServiceAndNativePolicyDrift/guest-only/dhcp=false/host_IPv6_injection"}
{"Time":"2026-09-08T09:31:42.570865369+03:00","Action":"output","Package":"virmill.local/core/internal/backend/networkxml","Test":"TestProtectedMatchRejectsServiceAndNativePolicyDrift/guest-only/dhcp=false/host_IPv6_injection","Output":"=== RUN   TestProtectedMatchRejectsServiceAndNativePolicyDrift/guest-only/dhcp=false/host_IPv6_injection\n","OutputType":"frame"}
{"Time":"2026-09-08T09:31:42.571162679+03:00","Action":"output","Package":"virmill.local/core/internal/backend/networkxml","Test":"TestProtectedMatchRejectsServiceAndNativePolicyDrift/guest-only/dhcp=false/host_IPv6_injection","Output":"--- PASS: TestProtectedMatchRejectsServiceAndNativePolicyDrift/guest-only/dhcp=false/host_IPv6_injection (0.00s)\n","OutputType":"frame"}
{"Time":"2026-09-08T09:31:42.571171562+03:00","Action":"pass","Package":"virmill.local/core/internal/backend/networkxml","Test":"TestProtectedMatchRejectsServiceAndNativePolicyDrift/guest-only/dhcp=false/host_IPv6_injection","Elapsed":0}
{"Time":"2026-09-08T09:31:42.571184009+03:00","Action":"run","Package":"virmill.local/core/internal/backend/networkxml","Test":"TestProtectedMatchRejectsServiceAndNativePolicyDrift/guest-only/dhcp=false/hostdev_injection"}
{"Time":"2026-09-08T09:31:42.571186147+03:00","Action":"output","Package":"virmill.local/core/internal/backend/networkxml","Test":"TestProtectedMatchRejectsServiceAndNativePolicyDrift/guest-only/dhcp=false/hostdev_injection","Output":"=== RUN   TestProtectedMatchRejectsServiceAndNativePolicyDrift/guest-only/dhcp=false/hostdev_injection\n","OutputType":"frame"}
{"Time":"2026-09-08T09:31:42.571486318+03:00","Action":"output","Package":"virmill.local/core/internal/backend/networkxml","Test":"TestProtectedMatchRejectsServiceAndNativePolicyDrift/guest-only/dhcp=false/hostdev_injection","Output":"--- PASS: TestProtectedMatchRejectsServiceAndNativePolicyDrift/guest-only/dhcp=false/hostdev_injection (0.00s)\n","OutputType":"frame"}
{"Time":"2026-09-08T09:31:42.571508751+03:00","Action":"pass","Package":"virmill.local/core/internal/backend/networkxml","Test":"TestProtectedMatchRejectsServiceAndNativePolicyDrift/guest-only/dhcp=false/hostdev_injection","Elapsed":0}
{"Time":"2026-09-08T09:31:42.571511383+03:00","Action":"run","Package":"virmill.local/core/internal/backend/networkxml","Test":"TestProtectedMatchRejectsServiceAndNativePolicyDrift/guest-only/dhcp=false/duplicate_marker"}
{"Time":"2026-09-08T09:31:42.571512544+03:00","Action":"output","Package":"virmill.local/core/internal/backend/networkxml","Test":"TestProtectedMatchRejectsServiceAndNativePolicyDrift/guest-only/dhcp=false/duplicate_marker","Output":"=== RUN   TestProtectedMatchRejectsServiceAndNativePolicyDrift/guest-only/dhcp=false/duplicate_marker\n","OutputType":"frame"}
{"Time":"2026-09-08T09:31:42.571768758+03:00","Action":"output","Package":"virmill.local/core/internal/backend/networkxml","Test":"TestProtectedMatchRejectsServiceAndNativePolicyDrift/guest-only/dhcp=false/duplicate_marker","Output":"--- PASS: TestProtectedMatchRejectsServiceAndNativePolicyDrift/guest-only/dhcp=false/duplicate_marker (0.00s)\n","OutputType":"frame"}
{"Time":"2026-09-08T09:31:42.571779561+03:00","Action":"pass","Package":"virmill.local/core/internal/backend/networkxml","Test":"TestProtectedMatchRejectsServiceAndNativePolicyDrift/guest-only/dhcp=false/duplicate_marker","Elapsed":0}
{"Time":"2026-09-08T09:31:42.571791241+03:00","Action":"run","Package":"virmill.local/core/internal/backend/networkxml","Test":"TestProtectedMatchRejectsServiceAndNativePolicyDrift/guest-only/dhcp=false/implicit_DNS"}
{"Time":"2026-09-08T09:31:42.571793198+03:00","Action":"output","Package":"virmill.local/core/internal/backend/networkxml","Test":"TestProtectedMatchRejectsServiceAndNativePolicyDrift/guest-only/dhcp=false/implicit_DNS","Output":"=== RUN   TestProtectedMatchRejectsServiceAndNativePolicyDrift/guest-only/dhcp=false/implicit_DNS\n","OutputType":"frame"}
{"Time":"2026-09-08T09:31:42.572078121+03:00","Action":"output","Package":"virmill.local/core/internal/backend/networkxml","Test":"TestProtectedMatchRejectsServiceAndNativePolicyDrift/guest-only/dhcp=false/implicit_DNS","Output":"--- PASS: TestProtectedMatchRejectsServiceAndNativePolicyDrift/guest-only/dhcp=false/implicit_DNS (0.00s)\n","OutputType":"frame"}
{"Time":"2026-09-08T09:31:42.572086949+03:00","Action":"pass","Package":"virmill.local/core/internal/backend/networkxml","Test":"TestProtectedMatchRejectsServiceAndNativePolicyDrift/guest-only/dhcp=false/implicit_DNS","Elapsed":0}
{"Time":"2026-09-08T09:31:42.572099352+03:00","Action":"run","Package":"virmill.local/core/internal/backend/networkxml","Test":"TestProtectedMatchRejectsServiceAndNativePolicyDrift/guest-only/dhcp=false/dnsmasq_option"}
{"Time":"2026-09-08T09:31:42.572101358+03:00","Action":"output","Package":"virmill.local/core/internal/backend/networkxml","Test":"TestProtectedMatchRejectsServiceAndNativePolicyDrift/guest-only/dhcp=false/dnsmasq_option","Output":"=== RUN   TestProtectedMatchRejectsServiceAndNativePolicyDrift/guest-only/dhcp=false/dnsmasq_option\n","OutputType":"frame"}
{"Time":"2026-09-08T09:31:42.572400372+03:00","Action":"output","Package":"virmill.local/core/internal/backend/networkxml","Test":"TestProtectedMatchRejectsServiceAndNativePolicyDrift/guest-only/dhcp=false/dnsmasq_option","Output":"--- PASS: TestProtectedMatchRejectsServiceAndNativePolicyDrift/guest-only/dhcp=false/dnsmasq_option (0.00s)\n","OutputType":"frame"}
{"Time":"2026-09-08T09:31:42.572408216+03:00","Action":"pass","Package":"virmill.local/core/internal/backend/networkxml","Test":"TestProtectedMatchRejectsServiceAndNativePolicyDrift/guest-only/dhcp=false/dnsmasq_option","Elapsed":0}
{"Time":"2026-09-08T09:31:42.57242353+03:00","Action":"run","Package":"virmill.local/core/internal/backend/networkxml","Test":"TestProtectedMatchRejectsServiceAndNativePolicyDrift/guest-only/dhcp=false/forward_injection"}
{"Time":"2026-09-08T09:31:42.57242538+03:00","Action":"output","Package":"virmill.local/core/internal/backend/networkxml","Test":"TestProtectedMatchRejectsServiceAndNativePolicyDrift/guest-only/dhcp=false/forward_injection","Output":"=== RUN   TestProtectedMatchRejectsServiceAndNativePolicyDrift/guest-only/dhcp=false/forward_injection\n","OutputType":"frame"}
{"Time":"2026-09-08T09:31:42.572710619+03:00","Action":"output","Package":"virmill.local/core/internal/backend/networkxml","Test":"TestProtectedMatchRejectsServiceAndNativePolicyDrift/guest-only/dhcp=false/forward_injection","Output":"--- PASS: TestProtectedMatchRejectsServiceAndNativePolicyDrift/guest-only/dhcp=false/forward_injection (0.00s)\n","OutputType":"frame"}
{"Time":"2026-09-08T09:31:42.572720147+03:00","Action":"pass","Package":"virmill.local/core/internal/backend/networkxml","Test":"TestProtectedMatchRejectsServiceAndNativePolicyDrift/guest-only/dhcp=false/forward_injection","Elapsed":0}
{"Time":"2026-09-08T09:31:42.572731473+03:00","Action":"run","Package":"virmill.local/core/internal/backend/networkxml","Test":"TestProtectedMatchRejectsServiceAndNativePolicyDrift/guest-only/dhcp=false/missing_explicit_DNS"}
{"Time":"2026-09-08T09:31:42.572733488+03:00","Action":"output","Package":"virmill.local/core/internal/backend/networkxml","Test":"TestProtectedMatchRejectsServiceAndNativePolicyDrift/guest-only/dhcp=false/missing_explicit_DNS","Output":"=== RUN   TestProtectedMatchRejectsServiceAndNativePolicyDrift/guest-only/dhcp=false/missing_explicit_DNS\n","OutputType":"frame"}
{"Time":"2026-09-08T09:31:42.573010684+03:00","Action":"output","Package":"virmill.local/core/internal/backend/networkxml","Test":"TestProtectedMatchRejectsServiceAndNativePolicyDrift/guest-only/dhcp=false/missing_explicit_DNS","Output":"--- PASS: TestProtectedMatchRejectsServiceAndNativePolicyDrift/guest-only/dhcp=false/missing_explicit_DNS (0.00s)\n","OutputType":"frame"}
{"Time":"2026-09-08T09:31:42.573020345+03:00","Action":"pass","Package":"virmill.local/core/internal/backend/networkxml","Test":"TestProtectedMatchRejectsServiceAndNativePolicyDrift/guest-only/dhcp=false/missing_explicit_DNS","Elapsed":0}
{"Time":"2026-09-08T09:31:42.573028417+03:00","Action":"run","Package":"virmill.local/core/internal/backend/networkxml","Test":"TestProtectedMatchRejectsServiceAndNativePolicyDrift/guest-only/dhcp=false/route_injection"}
{"Time":"2026-09-08T09:31:42.573030146+03:00","Action":"output","Package":"virmill.local/core/internal/backend/networkxml","Test":"TestProtectedMatchRejectsServiceAndNativePolicyDrift/guest-only/dhcp=false/route_injection","Output":"=== RUN   TestProtectedMatchRejectsServiceAndNativePolicyDrift/guest-only/dhcp=false/route_injection\n","OutputType":"frame"}
{"Time":"2026-09-08T09:31:42.573328434+03:00","Action":"output","Package":"virmill.local/core/internal/backend/networkxml","Test":"TestProtectedMatchRejectsServiceAndNativePolicyDrift/guest-only/dhcp=false/route_injection","Output":"--- PASS: TestProtectedMatchRejectsServiceAndNativePolicyDrift/guest-only/dhcp=false/route_injection (0.00s)\n","OutputType":"frame"}
{"Time":"2026-09-08T09:31:42.573339403+03:00","Action":"pass","Package":"virmill.local/core/internal/backend/networkxml","Test":"TestProtectedMatchRejectsServiceAndNativePolicyDrift/guest-only/dhcp=false/route_injection","Elapsed":0}
{"Time":"2026-09-08T09:31:42.573351754+03:00","Action":"run","Package":"virmill.local/core/internal/backend/networkxml","Test":"TestProtectedMatchRejectsServiceAndNativePolicyDrift/guest-only/dhcp=false/v1_marker"}
{"Time":"2026-09-08T09:31:42.573353777+03:00","Action":"output","Package":"virmill.local/core/internal/backend/networkxml","Test":"TestProtectedMatchRejectsServiceAndNativePolicyDrift/guest-only/dhcp=false/v1_marker","Output":"=== RUN   TestProtectedMatchRejectsServiceAndNativePolicyDrift/guest-only/dhcp=false/v1_marker\n","OutputType":"frame"}
{"Time":"2026-09-08T09:31:42.573633406+03:00","Action":"output","Package":"virmill.local/core/internal/backend/networkxml","Test":"TestProtectedMatchRejectsServiceAndNativePolicyDrift/guest-only/dhcp=false/v1_marker","Output":"--- PASS: TestProtectedMatchRejectsServiceAndNativePolicyDrift/guest-only/dhcp=false/v1_marker (0.00s)\n","OutputType":"frame"}
{"Time":"2026-09-08T09:31:42.573644889+03:00","Action":"pass","Package":"virmill.local/core/internal/backend/networkxml","Test":"TestProtectedMatchRejectsServiceAndNativePolicyDrift/guest-only/dhcp=false/v1_marker","Elapsed":0}
{"Time":"2026-09-08T09:31:42.574682007+03:00","Action":"output","Package":"virmill.local/core/internal/backend/networkxml","Test":"TestProtectedMatchRejectsServiceAndNativePolicyDrift/guest-only/dhcp=false","Output":"--- PASS: TestProtectedMatchRejectsServiceAndNativePolicyDrift/guest-only/dhcp=false (0.01s)\n","OutputType":"frame"}
{"Time":"2026-09-08T09:31:42.574692745+03:00","Action":"pass","Package":"virmill.local/core/internal/backend/networkxml","Test":"TestProtectedMatchRejectsServiceAndNativePolicyDrift/guest-only/dhcp=false","Elapsed":0.01}
{"Time":"2026-09-08T09:31:42.574711897+03:00","Action":"output","Package":"virmill.local/core/internal/backend/networkxml","Test":"TestProtectedMatchRejectsServiceAndNativePolicyDrift","Output":"--- PASS: TestProtectedMatchRejectsServiceAndNativePolicyDrift (0.04s)\n","OutputType":"frame"}
{"Time":"2026-09-08T09:31:42.5747243+03:00","Action":"pass","Package":"virmill.local/core/internal/backend/networkxml","Test":"TestProtectedMatchRejectsServiceAndNativePolicyDrift","Elapsed":0.04}
{"Time":"2026-09-08T09:31:42.574763357+03:00","Action":"run","Package":"virmill.local/core/internal/backend/networkxml","Test":"FuzzMatch"}
{"Time":"2026-09-08T09:31:42.574766442+03:00","Action":"output","Package":"virmill.local/core/internal/backend/networkxml","Test":"FuzzMatch","Output":"=== RUN   FuzzMatch\n","OutputType":"frame"}
{"Time":"2026-09-08T09:31:42.575001336+03:00","Action":"run","Package":"virmill.local/core/internal/backend/networkxml","Test":"FuzzMatch/seed#0"}
{"Time":"2026-09-08T09:31:42.575005518+03:00","Action":"output","Package":"virmill.local/core/internal/backend/networkxml","Test":"FuzzMatch/seed#0","Output":"=== RUN   FuzzMatch/seed#0\n","OutputType":"frame"}
{"Time":"2026-09-08T09:31:42.576701456+03:00","Action":"output","Package":"virmill.local/core/internal/backend/networkxml","Test":"FuzzMatch/seed#0","Output":"--- PASS: FuzzMatch/seed#0 (0.00s)\n","OutputType":"frame"}
{"Time":"2026-09-08T09:31:42.576716614+03:00","Action":"pass","Package":"virmill.local/core/internal/backend/networkxml","Test":"FuzzMatch/seed#0","Elapsed":0}
{"Time":"2026-09-08T09:31:42.57672004+03:00","Action":"run","Package":"virmill.local/core/internal/backend/networkxml","Test":"FuzzMatch/seed#1"}
{"Time":"2026-09-08T09:31:42.576721462+03:00","Action":"output","Package":"virmill.local/core/internal/backend/networkxml","Test":"FuzzMatch/seed#1","Output":"=== RUN   FuzzMatch/seed#1\n","OutputType":"frame"}
{"Time":"2026-09-08T09:31:42.578062162+03:00","Action":"output","Package":"virmill.local/core/internal/backend/networkxml","Test":"FuzzMatch/seed#1","Output":"--- PASS: FuzzMatch/seed#1 (0.00s)\n","OutputType":"frame"}
{"Time":"2026-09-08T09:31:42.578072576+03:00","Action":"pass","Package":"virmill.local/core/internal/backend/networkxml","Test":"FuzzMatch/seed#1","Elapsed":0}
{"Time":"2026-09-08T09:31:42.578090537+03:00","Action":"run","Package":"virmill.local/core/internal/backend/networkxml","Test":"FuzzMatch/seed#2"}
{"Time":"2026-09-08T09:31:42.578092603+03:00","Action":"output","Package":"virmill.local/core/internal/backend/networkxml","Test":"FuzzMatch/seed#2","Output":"=== RUN   FuzzMatch/seed#2\n","OutputType":"frame"}
{"Time":"2026-09-08T09:31:42.578980935+03:00","Action":"output","Package":"virmill.local/core/internal/backend/networkxml","Test":"FuzzMatch/seed#2","Output":"--- PASS: FuzzMatch/seed#2 (0.00s)\n","OutputType":"frame"}
{"Time":"2026-09-08T09:31:42.578988704+03:00","Action":"pass","Package":"virmill.local/core/internal/backend/networkxml","Test":"FuzzMatch/seed#2","Elapsed":0}
{"Time":"2026-09-08T09:31:42.579006316+03:00","Action":"run","Package":"virmill.local/core/internal/backend/networkxml","Test":"FuzzMatch/seed#3"}
{"Time":"2026-09-08T09:31:42.579008562+03:00","Action":"output","Package":"virmill.local/core/internal/backend/networkxml","Test":"FuzzMatch/seed#3","Output":"=== RUN   FuzzMatch/seed#3\n","OutputType":"frame"}
{"Time":"2026-09-08T09:31:42.579811849+03:00","Action":"output","Package":"virmill.local/core/internal/backend/networkxml","Test":"FuzzMatch/seed#3","Output":"--- PASS: FuzzMatch/seed#3 (0.00s)\n","OutputType":"frame"}
{"Time":"2026-09-08T09:31:42.579822453+03:00","Action":"pass","Package":"virmill.local/core/internal/backend/networkxml","Test":"FuzzMatch/seed#3","Elapsed":0}
{"Time":"2026-09-08T09:31:42.579834301+03:00","Action":"run","Package":"virmill.local/core/internal/backend/networkxml","Test":"FuzzMatch/seed#4"}
{"Time":"2026-09-08T09:31:42.579836309+03:00","Action":"output","Package":"virmill.local/core/internal/backend/networkxml","Test":"FuzzMatch/seed#4","Output":"=== RUN   FuzzMatch/seed#4\n","OutputType":"frame"}
{"Time":"2026-09-08T09:31:42.580631741+03:00","Action":"output","Package":"virmill.local/core/internal/backend/networkxml","Test":"FuzzMatch/seed#4","Output":"--- PASS: FuzzMatch/seed#4 (0.00s)\n","OutputType":"frame"}
{"Time":"2026-09-08T09:31:42.580641618+03:00","Action":"pass","Package":"virmill.local/core/internal/backend/networkxml","Test":"FuzzMatch/seed#4","Elapsed":0}
{"Time":"2026-09-08T09:31:42.58066166+03:00","Action":"output","Package":"virmill.local/core/internal/backend/networkxml","Test":"FuzzMatch","Output":"--- PASS: FuzzMatch (0.01s)\n","OutputType":"frame"}
{"Time":"2026-09-08T09:31:42.580678088+03:00","Action":"pass","Package":"virmill.local/core/internal/backend/networkxml","Test":"FuzzMatch","Elapsed":0.01}
{"Time":"2026-09-08T09:31:42.580681595+03:00","Action":"run","Package":"virmill.local/core/internal/backend/networkxml","Test":"FuzzProtectedMatch"}
{"Time":"2026-09-08T09:31:42.580682834+03:00","Action":"output","Package":"virmill.local/core/internal/backend/networkxml","Test":"FuzzProtectedMatch","Output":"=== RUN   FuzzProtectedMatch\n","OutputType":"frame"}
{"Time":"2026-09-08T09:31:42.580998909+03:00","Action":"run","Package":"virmill.local/core/internal/backend/networkxml","Test":"FuzzProtectedMatch/seed#0"}
{"Time":"2026-09-08T09:31:42.581000867+03:00","Action":"output","Package":"virmill.local/core/internal/backend/networkxml","Test":"FuzzProtectedMatch/seed#0","Output":"=== RUN   FuzzProtectedMatch/seed#0\n","OutputType":"frame"}
{"Time":"2026-09-08T09:31:42.584389556+03:00","Action":"output","Package":"virmill.local/core/internal/backend/networkxml","Test":"FuzzProtectedMatch/seed#0","Output":"--- PASS: FuzzProtectedMatch/seed#0 (0.00s)\n","OutputType":"frame"}
{"Time":"2026-09-08T09:31:42.584397249+03:00","Action":"pass","Package":"virmill.local/core/internal/backend/networkxml","Test":"FuzzProtectedMatch/seed#0","Elapsed":0}
{"Time":"2026-09-08T09:31:42.584415249+03:00","Action":"run","Package":"virmill.local/core/internal/backend/networkxml","Test":"FuzzProtectedMatch/seed#1"}
{"Time":"2026-09-08T09:31:42.584417276+03:00","Action":"output","Package":"virmill.local/core/internal/backend/networkxml","Test":"FuzzProtectedMatch/seed#1","Output":"=== RUN   FuzzProtectedMatch/seed#1\n","OutputType":"frame"}
{"Time":"2026-09-08T09:31:42.587603753+03:00","Action":"output","Package":"virmill.local/core/internal/backend/networkxml","Test":"FuzzProtectedMatch/seed#1","Output":"--- PASS: FuzzProtectedMatch/seed#1 (0.00s)\n","OutputType":"frame"}
{"Time":"2026-09-08T09:31:42.587611479+03:00","Action":"pass","Package":"virmill.local/core/internal/backend/networkxml","Test":"FuzzProtectedMatch/seed#1","Elapsed":0}
{"Time":"2026-09-08T09:31:42.587631121+03:00","Action":"run","Package":"virmill.local/core/internal/backend/networkxml","Test":"FuzzProtectedMatch/seed#2"}
{"Time":"2026-09-08T09:31:42.587633023+03:00","Action":"output","Package":"virmill.local/core/internal/backend/networkxml","Test":"FuzzProtectedMatch/seed#2","Output":"=== RUN   FuzzProtectedMatch/seed#2\n","OutputType":"frame"}
{"Time":"2026-09-08T09:31:42.590862559+03:00","Action":"output","Package":"virmill.local/core/internal/backend/networkxml","Test":"FuzzProtectedMatch/seed#2","Output":"--- PASS: FuzzProtectedMatch/seed#2 (0.00s)\n","OutputType":"frame"}
{"Time":"2026-09-08T09:31:42.590868044+03:00","Action":"pass","Package":"virmill.local/core/internal/backend/networkxml","Test":"FuzzProtectedMatch/seed#2","Elapsed":0}
{"Time":"2026-09-08T09:31:42.590890115+03:00","Action":"run","Package":"virmill.local/core/internal/backend/networkxml","Test":"FuzzProtectedMatch/seed#3"}
{"Time":"2026-09-08T09:31:42.59089146+03:00","Action":"output","Package":"virmill.local/core/internal/backend/networkxml","Test":"FuzzProtectedMatch/seed#3","Output":"=== RUN   FuzzProtectedMatch/seed#3\n","OutputType":"frame"}
{"Time":"2026-09-08T09:31:42.594045786+03:00","Action":"output","Package":"virmill.local/core/internal/backend/networkxml","Test":"FuzzProtectedMatch/seed#3","Output":"--- PASS: FuzzProtectedMatch/seed#3 (0.00s)\n","OutputType":"frame"}
{"Time":"2026-09-08T09:31:42.594058302+03:00","Action":"pass","Package":"virmill.local/core/internal/backend/networkxml","Test":"FuzzProtectedMatch/seed#3","Elapsed":0}
{"Time":"2026-09-08T09:31:42.594063122+03:00","Action":"run","Package":"virmill.local/core/internal/backend/networkxml","Test":"FuzzProtectedMatch/seed#4"}
{"Time":"2026-09-08T09:31:42.594064636+03:00","Action":"output","Package":"virmill.local/core/internal/backend/networkxml","Test":"FuzzProtectedMatch/seed#4","Output":"=== RUN   FuzzProtectedMatch/seed#4\n","OutputType":"frame"}
{"Time":"2026-09-08T09:31:42.598097343+03:00","Action":"output","Package":"virmill.local/core/internal/backend/networkxml","Test":"FuzzProtectedMatch/seed#4","Output":"--- PASS: FuzzProtectedMatch/seed#4 (0.00s)\n","OutputType":"frame"}
{"Time":"2026-09-08T09:31:42.598109823+03:00","Action":"pass","Package":"virmill.local/core/internal/backend/networkxml","Test":"FuzzProtectedMatch/seed#4","Elapsed":0}
{"Time":"2026-09-08T09:31:42.598113971+03:00","Action":"run","Package":"virmill.local/core/internal/backend/networkxml","Test":"FuzzProtectedMatch/seed#5"}
{"Time":"2026-09-08T09:31:42.598116144+03:00","Action":"output","Package":"virmill.local/core/internal/backend/networkxml","Test":"FuzzProtectedMatch/seed#5","Output":"=== RUN   FuzzProtectedMatch/seed#5\n","OutputType":"frame"}
{"Time":"2026-09-08T09:31:42.600040695+03:00","Action":"output","Package":"virmill.local/core/internal/backend/networkxml","Test":"FuzzProtectedMatch/seed#5","Output":"--- PASS: FuzzProtectedMatch/seed#5 (0.00s)\n","OutputType":"frame"}
{"Time":"2026-09-08T09:31:42.600056856+03:00","Action":"pass","Package":"virmill.local/core/internal/backend/networkxml","Test":"FuzzProtectedMatch/seed#5","Elapsed":0}
{"Time":"2026-09-08T09:31:42.600577229+03:00","Action":"output","Package":"virmill.local/core/internal/backend/networkxml","Test":"FuzzProtectedMatch","Output":"--- PASS: FuzzProtectedMatch (0.02s)\n","OutputType":"frame"}
{"Time":"2026-09-08T09:31:42.600589055+03:00","Action":"pass","Package":"virmill.local/core/internal/backend/networkxml","Test":"FuzzProtectedMatch","Elapsed":0.02}
{"Time":"2026-09-08T09:31:42.600593476+03:00","Action":"output","Package":"virmill.local/core/internal/backend/networkxml","Output":"PASS\n","OutputType":"frame"}
{"Time":"2026-09-08T09:31:43.603468649+03:00","Action":"output","Package":"virmill.local/core/internal/backend/networkxml","Output":"ok  \tvirmill.local/core/internal/backend/networkxml\t1.146s\n"}
{"Time":"2026-09-08T09:31:43.603508718+03:00","Action":"pass","Package":"virmill.local/core/internal/backend/networkxml","Elapsed":1.146}
