{"Time":"2026-09-08T17:57:35.785761864+03:00","Action":"start","Package":"virmill.local/core/internal/ui/tui"}
{"Time":"2026-09-08T17:57:35.798204544+03:00","Action":"start","Package":"virmill.local/core/internal/ui/cli"}
{"Time":"2026-09-08T17:57:35.818915718+03:00","Action":"run","Package":"virmill.local/core/internal/ui/tui","Test":"TestActionFormParameterReaderRefusesSpecialLinksAndDirectory"}
{"Time":"2026-09-08T17:57:35.818979899+03:00","Action":"output","Package":"virmill.local/core/internal/ui/tui","Test":"TestActionFormParameterReaderRefusesSpecialLinksAndDirectory","Output":"=== RUN   TestActionFormParameterReaderRefusesSpecialLinksAndDirectory\n","OutputType":"frame"}
{"Time":"2026-09-08T17:57:35.819475467+03:00","Action":"output","Package":"virmill.local/core/internal/ui/tui","Test":"TestActionFormParameterReaderRefusesSpecialLinksAndDirectory","Output":"--- PASS: TestActionFormParameterReaderRefusesSpecialLinksAndDirectory (0.00s)\n","OutputType":"frame"}
{"Time":"2026-09-08T17:57:35.819493749+03:00","Action":"pass","Package":"virmill.local/core/internal/ui/tui","Test":"TestActionFormParameterReaderRefusesSpecialLinksAndDirectory","Elapsed":0}
{"Time":"2026-09-08T17:57:35.819503191+03:00","Action":"run","Package":"virmill.local/core/internal/ui/tui","Test":"TestActionFormEveryRegisteredActionMapsExactRequest"}
{"Time":"2026-09-08T17:57:35.819504869+03:00","Action":"output","Package":"virmill.local/core/internal/ui/tui","Test":"TestActionFormEveryRegisteredActionMapsExactRequest","Output":"=== RUN   TestActionFormEveryRegisteredActionMapsExactRequest\n","OutputType":"frame"}
{"Time":"2026-09-08T17:57:35.819544856+03:00","Action":"run","Package":"virmill.local/core/internal/ui/tui","Test":"TestActionFormEveryRegisteredActionMapsExactRequest/plugin_call"}
{"Time":"2026-09-08T17:57:35.819546978+03:00","Action":"output","Package":"virmill.local/core/internal/ui/tui","Test":"TestActionFormEveryRegisteredActionMapsExactRequest/plugin_call","Output":"=== RUN   TestActionFormEveryRegisteredActionMapsExactRequest/plugin_call\n","OutputType":"frame"}
{"Time":"2026-09-08T17:57:35.820462727+03:00","Action":"output","Package":"virmill.local/core/internal/ui/tui","Test":"TestActionFormEveryRegisteredActionMapsExactRequest/plugin_call","Output":"--- PASS: TestActionFormEveryRegisteredActionMapsExactRequest/plugin_call (0.00s)\n","OutputType":"frame"}
{"Time":"2026-09-08T17:57:35.820473032+03:00","Action":"pass","Package":"virmill.local/core/internal/ui/tui","Test":"TestActionFormEveryRegisteredActionMapsExactRequest/plugin_call","Elapsed":0}
{"Time":"2026-09-08T17:57:35.820486935+03:00","Action":"run","Package":"virmill.local/core/internal/ui/tui","Test":"TestActionFormEveryRegisteredActionMapsExactRequest/plugin_result"}
{"Time":"2026-09-08T17:57:35.820488817+03:00","Action":"output","Package":"virmill.local/core/internal/ui/tui","Test":"TestActionFormEveryRegisteredActionMapsExactRequest/plugin_result","Output":"=== RUN   TestActionFormEveryRegisteredActionMapsExactRequest/plugin_result\n","OutputType":"frame"}
{"Time":"2026-09-08T17:57:35.82067389+03:00","Action":"output","Package":"virmill.local/core/internal/ui/tui","Test":"TestActionFormEveryRegisteredActionMapsExactRequest/plugin_result","Output":"--- PASS: TestActionFormEveryRegisteredActionMapsExactRequest/plugin_result (0.00s)\n","OutputType":"frame"}
{"Time":"2026-09-08T17:57:35.820683489+03:00","Action":"pass","Package":"virmill.local/core/internal/ui/tui","Test":"TestActionFormEveryRegisteredActionMapsExactRequest/plugin_result","Elapsed":0}
{"Time":"2026-09-08T17:57:35.820696451+03:00","Action":"run","Package":"virmill.local/core/internal/ui/tui","Test":"TestActionFormEveryRegisteredActionMapsExactRequest/plugin_new"}
{"Time":"2026-09-08T17:57:35.820699806+03:00","Action":"output","Package":"virmill.local/core/internal/ui/tui","Test":"TestActionFormEveryRegisteredActionMapsExactRequest/plugin_new","Output":"=== RUN   TestActionFormEveryRegisteredActionMapsExactRequest/plugin_new\n","OutputType":"frame"}
{"Time":"2026-09-08T17:57:35.821580369+03:00","Action":"output","Package":"virmill.local/core/internal/ui/tui","Test":"TestActionFormEveryRegisteredActionMapsExactRequest/plugin_new","Output":"--- PASS: TestActionFormEveryRegisteredActionMapsExactRequest/plugin_new (0.00s)\n","OutputType":"frame"}
{"Time":"2026-09-08T17:57:35.821596256+03:00","Action":"pass","Package":"virmill.local/core/internal/ui/tui","Test":"TestActionFormEveryRegisteredActionMapsExactRequest/plugin_new","Elapsed":0}
{"Time":"2026-09-08T17:57:35.821614103+03:00","Action":"run","Package":"virmill.local/core/internal/ui/tui","Test":"TestActionFormEveryRegisteredActionMapsExactRequest/plugin_pack"}
{"Time":"2026-09-08T17:57:35.821616305+03:00","Action":"output","Package":"virmill.local/core/internal/ui/tui","Test":"TestActionFormEveryRegisteredActionMapsExactRequest/plugin_pack","Output":"=== RUN   TestActionFormEveryRegisteredActionMapsExactRequest/plugin_pack\n","OutputType":"frame"}
{"Time":"2026-09-08T17:57:35.822413059+03:00","Action":"output","Package":"virmill.local/core/internal/ui/tui","Test":"TestActionFormEveryRegisteredActionMapsExactRequest/plugin_pack","Output":"--- PASS: TestActionFormEveryRegisteredActionMapsExactRequest/plugin_pack (0.00s)\n","OutputType":"frame"}
{"Time":"2026-09-08T17:57:35.822423226+03:00","Action":"pass","Package":"virmill.local/core/internal/ui/tui","Test":"TestActionFormEveryRegisteredActionMapsExactRequest/plugin_pack","Elapsed":0}
{"Time":"2026-09-08T17:57:35.822434281+03:00","Action":"run","Package":"virmill.local/core/internal/ui/tui","Test":"TestActionFormEveryRegisteredActionMapsExactRequest/plugin_list"}
{"Time":"2026-09-08T17:57:35.822436666+03:00","Action":"output","Package":"virmill.local/core/internal/ui/tui","Test":"TestActionFormEveryRegisteredActionMapsExactRequest/plugin_list","Output":"=== RUN   TestActionFormEveryRegisteredActionMapsExactRequest/plugin_list\n","OutputType":"frame"}
{"Time":"2026-09-08T17:57:35.822590997+03:00","Action":"output","Package":"virmill.local/core/internal/ui/tui","Test":"TestActionFormEveryRegisteredActionMapsExactRequest/plugin_list","Output":"--- PASS: TestActionFormEveryRegisteredActionMapsExactRequest/plugin_list (0.00s)\n","OutputType":"frame"}
{"Time":"2026-09-08T17:57:35.822605007+03:00","Action":"pass","Package":"virmill.local/core/internal/ui/tui","Test":"TestActionFormEveryRegisteredActionMapsExactRequest/plugin_list","Elapsed":0}
{"Time":"2026-09-08T17:57:35.822614449+03:00","Action":"run","Package":"virmill.local/core/internal/ui/tui","Test":"TestActionFormEveryRegisteredActionMapsExactRequest/plugin_show"}
{"Time":"2026-09-08T17:57:35.822616497+03:00","Action":"output","Package":"virmill.local/core/internal/ui/tui","Test":"TestActionFormEveryRegisteredActionMapsExactRequest/plugin_show","Output":"=== RUN   TestActionFormEveryRegisteredActionMapsExactRequest/plugin_show\n","OutputType":"frame"}
{"Time":"2026-09-08T17:57:35.822791751+03:00","Action":"output","Package":"virmill.local/core/internal/ui/tui","Test":"TestActionFormEveryRegisteredActionMapsExactRequest/plugin_show","Output":"--- PASS: TestActionFormEveryRegisteredActionMapsExactRequest/plugin_show (0.00s)\n","OutputType":"frame"}
{"Time":"2026-09-08T17:57:35.822800774+03:00","Action":"pass","Package":"virmill.local/core/internal/ui/tui","Test":"TestActionFormEveryRegisteredActionMapsExactRequest/plugin_show","Elapsed":0}
{"Time":"2026-09-08T17:57:35.822811091+03:00","Action":"run","Package":"virmill.local/core/internal/ui/tui","Test":"TestActionFormEveryRegisteredActionMapsExactRequest/plugin_install"}
{"Time":"2026-09-08T17:57:35.822813382+03:00","Action":"output","Package":"virmill.local/core/internal/ui/tui","Test":"TestActionFormEveryRegisteredActionMapsExactRequest/plugin_install","Output":"=== RUN   TestActionFormEveryRegisteredActionMapsExactRequest/plugin_install\n","OutputType":"frame"}
{"Time":"2026-09-08T17:57:35.823634476+03:00","Action":"output","Package":"virmill.local/core/internal/ui/tui","Test":"TestActionFormEveryRegisteredActionMapsExactRequest/plugin_install","Output":"--- PASS: TestActionFormEveryRegisteredActionMapsExactRequest/plugin_install (0.00s)\n","OutputType":"frame"}
{"Time":"2026-09-08T17:57:35.823644657+03:00","Action":"pass","Package":"virmill.local/core/internal/ui/tui","Test":"TestActionFormEveryRegisteredActionMapsExactRequest/plugin_install","Elapsed":0}
{"Time":"2026-09-08T17:57:35.823660367+03:00","Action":"run","Package":"virmill.local/core/internal/ui/tui","Test":"TestActionFormEveryRegisteredActionMapsExactRequest/plugin_update"}
{"Time":"2026-09-08T17:57:35.823662251+03:00","Action":"output","Package":"virmill.local/core/internal/ui/tui","Test":"TestActionFormEveryRegisteredActionMapsExactRequest/plugin_update","Output":"=== RUN   TestActionFormEveryRegisteredActionMapsExactRequest/plugin_update\n","OutputType":"frame"}
{"Time":"2026-09-08T17:57:35.824475594+03:00","Action":"output","Package":"virmill.local/core/internal/ui/tui","Test":"TestActionFormEveryRegisteredActionMapsExactRequest/plugin_update","Output":"--- PASS: TestActionFormEveryRegisteredActionMapsExactRequest/plugin_update (0.00s)\n","OutputType":"frame"}
{"Time":"2026-09-08T17:57:35.824482951+03:00","Action":"pass","Package":"virmill.local/core/internal/ui/tui","Test":"TestActionFormEveryRegisteredActionMapsExactRequest/plugin_update","Elapsed":0}
{"Time":"2026-09-08T17:57:35.824497534+03:00","Action":"run","Package":"virmill.local/core/internal/ui/tui","Test":"TestActionFormEveryRegisteredActionMapsExactRequest/plugin_enable"}
{"Time":"2026-09-08T17:57:35.824499887+03:00","Action":"output","Package":"virmill.local/core/internal/ui/tui","Test":"TestActionFormEveryRegisteredActionMapsExactRequest/plugin_enable","Output":"=== RUN   TestActionFormEveryRegisteredActionMapsExactRequest/plugin_enable\n","OutputType":"frame"}
{"Time":"2026-09-08T17:57:35.825208862+03:00","Action":"output","Package":"virmill.local/core/internal/ui/tui","Test":"TestActionFormEveryRegisteredActionMapsExactRequest/plugin_enable","Output":"--- PASS: TestActionFormEveryRegisteredActionMapsExactRequest/plugin_enable (0.00s)\n","OutputType":"frame"}
{"Time":"2026-09-08T17:57:35.825229887+03:00","Action":"pass","Package":"virmill.local/core/internal/ui/tui","Test":"TestActionFormEveryRegisteredActionMapsExactRequest/plugin_enable","Elapsed":0}
{"Time":"2026-09-08T17:57:35.825240442+03:00","Action":"run","Package":"virmill.local/core/internal/ui/tui","Test":"TestActionFormEveryRegisteredActionMapsExactRequest/plugin_disable"}
{"Time":"2026-09-08T17:57:35.825242361+03:00","Action":"output","Package":"virmill.local/core/internal/ui/tui","Test":"TestActionFormEveryRegisteredActionMapsExactRequest/plugin_disable","Output":"=== RUN   TestActionFormEveryRegisteredActionMapsExactRequest/plugin_disable\n","OutputType":"frame"}
{"Time":"2026-09-08T17:57:35.826038457+03:00","Action":"output","Package":"virmill.local/core/internal/ui/tui","Test":"TestActionFormEveryRegisteredActionMapsExactRequest/plugin_disable","Output":"--- PASS: TestActionFormEveryRegisteredActionMapsExactRequest/plugin_disable (0.00s)\n","OutputType":"frame"}
{"Time":"2026-09-08T17:57:35.826049671+03:00","Action":"pass","Package":"virmill.local/core/internal/ui/tui","Test":"TestActionFormEveryRegisteredActionMapsExactRequest/plugin_disable","Elapsed":0}
{"Time":"2026-09-08T17:57:35.826064897+03:00","Action":"run","Package":"virmill.local/core/internal/ui/tui","Test":"TestActionFormEveryRegisteredActionMapsExactRequest/plugin_remove"}
{"Time":"2026-09-08T17:57:35.826066418+03:00","Action":"output","Package":"virmill.local/core/internal/ui/tui","Test":"TestActionFormEveryRegisteredActionMapsExactRequest/plugin_remove","Output":"=== RUN   TestActionFormEveryRegisteredActionMapsExactRequest/plugin_remove\n","OutputType":"frame"}
{"Time":"2026-09-08T17:57:35.826840236+03:00","Action":"output","Package":"virmill.local/core/internal/ui/tui","Test":"TestActionFormEveryRegisteredActionMapsExactRequest/plugin_remove","Output":"--- PASS: TestActionFormEveryRegisteredActionMapsExactRequest/plugin_remove (0.00s)\n","OutputType":"frame"}
{"Time":"2026-09-08T17:57:35.826851881+03:00","Action":"pass","Package":"virmill.local/core/internal/ui/tui","Test":"TestActionFormEveryRegisteredActionMapsExactRequest/plugin_remove","Elapsed":0}
{"Time":"2026-09-08T17:57:35.826865419+03:00","Action":"run","Package":"virmill.local/core/internal/ui/tui","Test":"TestActionFormEveryRegisteredActionMapsExactRequest/plugin_rollback"}
{"Time":"2026-09-08T17:57:35.826866893+03:00","Action":"output","Package":"virmill.local/core/internal/ui/tui","Test":"TestActionFormEveryRegisteredActionMapsExactRequest/plugin_rollback","Output":"=== RUN   TestActionFormEveryRegisteredActionMapsExactRequest/plugin_rollback\n","OutputType":"frame"}
{"Time":"2026-09-08T17:57:35.827899691+03:00","Action":"output","Package":"virmill.local/core/internal/ui/tui","Test":"TestActionFormEveryRegisteredActionMapsExactRequest/plugin_rollback","Output":"--- PASS: TestActionFormEveryRegisteredActionMapsExactRequest/plugin_rollback (0.00s)\n","OutputType":"frame"}
{"Time":"2026-09-08T17:57:35.827919466+03:00","Action":"pass","Package":"virmill.local/core/internal/ui/tui","Test":"TestActionFormEveryRegisteredActionMapsExactRequest/plugin_rollback","Elapsed":0}
{"Time":"2026-09-08T17:57:35.827944274+03:00","Action":"run","Package":"virmill.local/core/internal/ui/tui","Test":"TestActionFormEveryRegisteredActionMapsExactRequest/plugin_permissions_show"}
{"Time":"2026-09-08T17:57:35.827948132+03:00","Action":"output","Package":"virmill.local/core/internal/ui/tui","Test":"TestActionFormEveryRegisteredActionMapsExactRequest/plugin_permissions_show","Output":"=== RUN   TestActionFormEveryRegisteredActionMapsExactRequest/plugin_permissions_show\n","OutputType":"frame"}
{"Time":"2026-09-08T17:57:35.828191231+03:00","Action":"output","Package":"virmill.local/core/internal/ui/tui","Test":"TestActionFormEveryRegisteredActionMapsExactRequest/plugin_permissions_show","Output":"--- PASS: TestActionFormEveryRegisteredActionMapsExactRequest/plugin_permissions_show (0.00s)\n","OutputType":"frame"}
{"Time":"2026-09-08T17:57:35.828201863+03:00","Action":"pass","Package":"virmill.local/core/internal/ui/tui","Test":"TestActionFormEveryRegisteredActionMapsExactRequest/plugin_permissions_show","Elapsed":0}
{"Time":"2026-09-08T17:57:35.82823161+03:00","Action":"run","Package":"virmill.local/core/internal/ui/tui","Test":"TestActionFormEveryRegisteredActionMapsExactRequest/plugin_permissions_grant"}
{"Time":"2026-09-08T17:57:35.828235256+03:00","Action":"output","Package":"virmill.local/core/internal/ui/tui","Test":"TestActionFormEveryRegisteredActionMapsExactRequest/plugin_permissions_grant","Output":"=== RUN   TestActionFormEveryRegisteredActionMapsExactRequest/plugin_permissions_grant\n","OutputType":"frame"}
{"Time":"2026-09-08T17:57:35.829441794+03:00","Action":"output","Package":"virmill.local/core/internal/ui/tui","Test":"TestActionFormEveryRegisteredActionMapsExactRequest/plugin_permissions_grant","Output":"--- PASS: TestActionFormEveryRegisteredActionMapsExactRequest/plugin_permissions_grant (0.00s)\n","OutputType":"frame"}
{"Time":"2026-09-08T17:57:35.82945306+03:00","Action":"pass","Package":"virmill.local/core/internal/ui/tui","Test":"TestActionFormEveryRegisteredActionMapsExactRequest/plugin_permissions_grant","Elapsed":0}
{"Time":"2026-09-08T17:57:35.829482632+03:00","Action":"run","Package":"virmill.local/core/internal/ui/tui","Test":"TestActionFormEveryRegisteredActionMapsExactRequest/plugin_permissions_revoke"}
{"Time":"2026-09-08T17:57:35.82948626+03:00","Action":"output","Package":"virmill.local/core/internal/ui/tui","Test":"TestActionFormEveryRegisteredActionMapsExactRequest/plugin_permissions_revoke","Output":"=== RUN   TestActionFormEveryRegisteredActionMapsExactRequest/plugin_permissions_revoke\n","OutputType":"frame"}
{"Time":"2026-09-08T17:57:35.829651477+03:00","Action":"run","Package":"virmill.local/core/internal/ui/cli","Test":"TestAuxiliaryCLIMachineOutputPreservesSharedReadOnlyObservation"}
{"Time":"2026-09-08T17:57:35.829670273+03:00","Action":"output","Package":"virmill.local/core/internal/ui/cli","Test":"TestAuxiliaryCLIMachineOutputPreservesSharedReadOnlyObservation","Output":"=== RUN   TestAuxiliaryCLIMachineOutputPreservesSharedReadOnlyObservation\n","OutputType":"frame"}
{"Time":"2026-09-08T17:57:35.830155184+03:00","Action":"run","Package":"virmill.local/core/internal/ui/cli","Test":"TestAuxiliaryCLIMachineOutputPreservesSharedReadOnlyObservation/json"}
{"Time":"2026-09-08T17:57:35.830157456+03:00","Action":"output","Package":"virmill.local/core/internal/ui/cli","Test":"TestAuxiliaryCLIMachineOutputPreservesSharedReadOnlyObservation/json","Output":"=== RUN   TestAuxiliaryCLIMachineOutputPreservesSharedReadOnlyObservation/json\n","OutputType":"frame"}
{"Time":"2026-09-08T17:57:35.830555507+03:00","Action":"output","Package":"virmill.local/core/internal/ui/tui","Test":"TestActionFormEveryRegisteredActionMapsExactRequest/plugin_permissions_revoke","Output":"--- PASS: TestActionFormEveryRegisteredActionMapsExactRequest/plugin_permissions_revoke (0.00s)\n","OutputType":"frame"}
{"Time":"2026-09-08T17:57:35.830573285+03:00","Action":"pass","Package":"virmill.local/core/internal/ui/tui","Test":"TestActionFormEveryRegisteredActionMapsExactRequest/plugin_permissions_revoke","Elapsed":0}
{"Time":"2026-09-08T17:57:35.830604355+03:00","Action":"run","Package":"virmill.local/core/internal/ui/tui","Test":"TestActionFormEveryRegisteredActionMapsExactRequest/plugin_validate"}
{"Time":"2026-09-08T17:57:35.830608006+03:00","Action":"output","Package":"virmill.local/core/internal/ui/tui","Test":"TestActionFormEveryRegisteredActionMapsExactRequest/plugin_validate","Output":"=== RUN   TestActionFormEveryRegisteredActionMapsExactRequest/plugin_validate\n","OutputType":"frame"}
{"Time":"2026-09-08T17:57:35.830873939+03:00","Action":"output","Package":"virmill.local/core/internal/ui/tui","Test":"TestActionFormEveryRegisteredActionMapsExactRequest/plugin_validate","Output":"--- PASS: TestActionFormEveryRegisteredActionMapsExactRequest/plugin_validate (0.00s)\n","OutputType":"frame"}
{"Time":"2026-09-08T17:57:35.830888606+03:00","Action":"pass","Package":"virmill.local/core/internal/ui/tui","Test":"TestActionFormEveryRegisteredActionMapsExactRequest/plugin_validate","Elapsed":0}
{"Time":"2026-09-08T17:57:35.830908526+03:00","Action":"run","Package":"virmill.local/core/internal/ui/tui","Test":"TestActionFormEveryRegisteredActionMapsExactRequest/plugin_test"}
{"Time":"2026-09-08T17:57:35.830911961+03:00","Action":"output","Package":"virmill.local/core/internal/ui/tui","Test":"TestActionFormEveryRegisteredActionMapsExactRequest/plugin_test","Output":"=== RUN   TestActionFormEveryRegisteredActionMapsExactRequest/plugin_test\n","OutputType":"frame"}
{"Time":"2026-09-08T17:57:35.83115323+03:00","Action":"output","Package":"virmill.local/core/internal/ui/tui","Test":"TestActionFormEveryRegisteredActionMapsExactRequest/plugin_test","Output":"--- PASS: TestActionFormEveryRegisteredActionMapsExactRequest/plugin_test (0.00s)\n","OutputType":"frame"}
{"Time":"2026-09-08T17:57:35.83116648+03:00","Action":"pass","Package":"virmill.local/core/internal/ui/tui","Test":"TestActionFormEveryRegisteredActionMapsExactRequest/plugin_test","Elapsed":0}
{"Time":"2026-09-08T17:57:35.831184078+03:00","Action":"run","Package":"virmill.local/core/internal/ui/tui","Test":"TestActionFormEveryRegisteredActionMapsExactRequest/host_inspect"}
{"Time":"2026-09-08T17:57:35.831187606+03:00","Action":"output","Package":"virmill.local/core/internal/ui/tui","Test":"TestActionFormEveryRegisteredActionMapsExactRequest/host_inspect","Output":"=== RUN   TestActionFormEveryRegisteredActionMapsExactRequest/host_inspect\n","OutputType":"frame"}
{"Time":"2026-09-08T17:57:35.831393383+03:00","Action":"output","Package":"virmill.local/core/internal/ui/tui","Test":"TestActionFormEveryRegisteredActionMapsExactRequest/host_inspect","Output":"--- PASS: TestActionFormEveryRegisteredActionMapsExactRequest/host_inspect (0.00s)\n","OutputType":"frame"}
{"Time":"2026-09-08T17:57:35.831408191+03:00","Action":"pass","Package":"virmill.local/core/internal/ui/tui","Test":"TestActionFormEveryRegisteredActionMapsExactRequest/host_inspect","Elapsed":0}
{"Time":"2026-09-08T17:57:35.831426649+03:00","Action":"run","Package":"virmill.local/core/internal/ui/tui","Test":"TestActionFormEveryRegisteredActionMapsExactRequest/host_capabilities"}
{"Time":"2026-09-08T17:57:35.831430301+03:00","Action":"output","Package":"virmill.local/core/internal/ui/tui","Test":"TestActionFormEveryRegisteredActionMapsExactRequest/host_capabilities","Output":"=== RUN   TestActionFormEveryRegisteredActionMapsExactRequest/host_capabilities\n","OutputType":"frame"}
{"Time":"2026-09-08T17:57:35.831622424+03:00","Action":"output","Package":"virmill.local/core/internal/ui/tui","Test":"TestActionFormEveryRegisteredActionMapsExactRequest/host_capabilities","Output":"--- PASS: TestActionFormEveryRegisteredActionMapsExactRequest/host_capabilities (0.00s)\n","OutputType":"frame"}
{"Time":"2026-09-08T17:57:35.831635834+03:00","Action":"pass","Package":"virmill.local/core/internal/ui/tui","Test":"TestActionFormEveryRegisteredActionMapsExactRequest/host_capabilities","Elapsed":0}
{"Time":"2026-09-08T17:57:35.831653053+03:00","Action":"run","Package":"virmill.local/core/internal/ui/tui","Test":"TestActionFormEveryRegisteredActionMapsExactRequest/storage_pool_list"}
{"Time":"2026-09-08T17:57:35.831656484+03:00","Action":"output","Package":"virmill.local/core/internal/ui/tui","Test":"TestActionFormEveryRegisteredActionMapsExactRequest/storage_pool_list","Output":"=== RUN   TestActionFormEveryRegisteredActionMapsExactRequest/storage_pool_list\n","OutputType":"frame"}
{"Time":"2026-09-08T17:57:35.831830768+03:00","Action":"output","Package":"virmill.local/core/internal/ui/tui","Test":"TestActionFormEveryRegisteredActionMapsExactRequest/storage_pool_list","Output":"--- PASS: TestActionFormEveryRegisteredActionMapsExactRequest/storage_pool_list (0.00s)\n","OutputType":"frame"}
{"Time":"2026-09-08T17:57:35.831846177+03:00","Action":"pass","Package":"virmill.local/core/internal/ui/tui","Test":"TestActionFormEveryRegisteredActionMapsExactRequest/storage_pool_list","Elapsed":0}
{"Time":"2026-09-08T17:57:35.831866648+03:00","Action":"run","Package":"virmill.local/core/internal/ui/tui","Test":"TestActionFormEveryRegisteredActionMapsExactRequest/storage_pool_show"}
{"Time":"2026-09-08T17:57:35.831870275+03:00","Action":"output","Package":"virmill.local/core/internal/ui/tui","Test":"TestActionFormEveryRegisteredActionMapsExactRequest/storage_pool_show","Output":"=== RUN   TestActionFormEveryRegisteredActionMapsExactRequest/storage_pool_show\n","OutputType":"frame"}
{"Time":"2026-09-08T17:57:35.832078596+03:00","Action":"output","Package":"virmill.local/core/internal/ui/tui","Test":"TestActionFormEveryRegisteredActionMapsExactRequest/storage_pool_show","Output":"--- PASS: TestActionFormEveryRegisteredActionMapsExactRequest/storage_pool_show (0.00s)\n","OutputType":"frame"}
{"Time":"2026-09-08T17:57:35.832090782+03:00","Action":"pass","Package":"virmill.local/core/internal/ui/tui","Test":"TestActionFormEveryRegisteredActionMapsExactRequest/storage_pool_show","Elapsed":0}
{"Time":"2026-09-08T17:57:35.832107724+03:00","Action":"run","Package":"virmill.local/core/internal/ui/tui","Test":"TestActionFormEveryRegisteredActionMapsExactRequest/storage_access_grant"}
{"Time":"2026-09-08T17:57:35.83211138+03:00","Action":"output","Package":"virmill.local/core/internal/ui/tui","Test":"TestActionFormEveryRegisteredActionMapsExactRequest/storage_access_grant","Output":"=== RUN   TestActionFormEveryRegisteredActionMapsExactRequest/storage_access_grant\n","OutputType":"frame"}
{"Time":"2026-09-08T17:57:35.833198442+03:00","Action":"output","Package":"virmill.local/core/internal/ui/tui","Test":"TestActionFormEveryRegisteredActionMapsExactRequest/storage_access_grant","Output":"--- PASS: TestActionFormEveryRegisteredActionMapsExactRequest/storage_access_grant (0.00s)\n","OutputType":"frame"}
{"Time":"2026-09-08T17:57:35.833216353+03:00","Action":"pass","Package":"virmill.local/core/internal/ui/tui","Test":"TestActionFormEveryRegisteredActionMapsExactRequest/storage_access_grant","Elapsed":0}
{"Time":"2026-09-08T17:57:35.83325416+03:00","Action":"run","Package":"virmill.local/core/internal/ui/tui","Test":"TestActionFormEveryRegisteredActionMapsExactRequest/storage_access_revoke"}
{"Time":"2026-09-08T17:57:35.833257639+03:00","Action":"output","Package":"virmill.local/core/internal/ui/tui","Test":"TestActionFormEveryRegisteredActionMapsExactRequest/storage_access_revoke","Output":"=== RUN   TestActionFormEveryRegisteredActionMapsExactRequest/storage_access_revoke\n","OutputType":"frame"}
{"Time":"2026-09-08T17:57:35.833491906+03:00","Action":"output","Package":"virmill.local/core/internal/ui/tui","Test":"TestActionFormEveryRegisteredActionMapsExactRequest/storage_access_revoke","Output":"--- PASS: TestActionFormEveryRegisteredActionMapsExactRequest/storage_access_revoke (0.00s)\n","OutputType":"frame"}
{"Time":"2026-09-08T17:57:35.83351379+03:00","Action":"pass","Package":"virmill.local/core/internal/ui/tui","Test":"TestActionFormEveryRegisteredActionMapsExactRequest/storage_access_revoke","Elapsed":0}
{"Time":"2026-09-08T17:57:35.833535911+03:00","Action":"run","Package":"virmill.local/core/internal/ui/tui","Test":"TestActionFormEveryRegisteredActionMapsExactRequest/storage_access_result"}
{"Time":"2026-09-08T17:57:35.833539448+03:00","Action":"output","Package":"virmill.local/core/internal/ui/tui","Test":"TestActionFormEveryRegisteredActionMapsExactRequest/storage_access_result","Output":"=== RUN   TestActionFormEveryRegisteredActionMapsExactRequest/storage_access_result\n","OutputType":"frame"}
{"Time":"2026-09-08T17:57:35.833753604+03:00","Action":"output","Package":"virmill.local/core/internal/ui/tui","Test":"TestActionFormEveryRegisteredActionMapsExactRequest/storage_access_result","Output":"--- PASS: TestActionFormEveryRegisteredActionMapsExactRequest/storage_access_result (0.00s)\n","OutputType":"frame"}
{"Time":"2026-09-08T17:57:35.83376436+03:00","Action":"pass","Package":"virmill.local/core/internal/ui/tui","Test":"TestActionFormEveryRegisteredActionMapsExactRequest/storage_access_result","Elapsed":0}
{"Time":"2026-09-08T17:57:35.833790648+03:00","Action":"run","Package":"virmill.local/core/internal/ui/tui","Test":"TestActionFormEveryRegisteredActionMapsExactRequest/host_helper_identity"}
{"Time":"2026-09-08T17:57:35.833794257+03:00","Action":"output","Package":"virmill.local/core/internal/ui/tui","Test":"TestActionFormEveryRegisteredActionMapsExactRequest/host_helper_identity","Output":"=== RUN   TestActionFormEveryRegisteredActionMapsExactRequest/host_helper_identity\n","OutputType":"frame"}
{"Time":"2026-09-08T17:57:35.833999164+03:00","Action":"output","Package":"virmill.local/core/internal/ui/tui","Test":"TestActionFormEveryRegisteredActionMapsExactRequest/host_helper_identity","Output":"--- PASS: TestActionFormEveryRegisteredActionMapsExactRequest/host_helper_identity (0.00s)\n","OutputType":"frame"}
{"Time":"2026-09-08T17:57:35.834012512+03:00","Action":"pass","Package":"virmill.local/core/internal/ui/tui","Test":"TestActionFormEveryRegisteredActionMapsExactRequest/host_helper_identity","Elapsed":0}
{"Time":"2026-09-08T17:57:35.834033787+03:00","Action":"run","Package":"virmill.local/core/internal/ui/tui","Test":"TestActionFormEveryRegisteredActionMapsExactRequest/network_list"}
{"Time":"2026-09-08T17:57:35.834037352+03:00","Action":"output","Package":"virmill.local/core/internal/ui/tui","Test":"TestActionFormEveryRegisteredActionMapsExactRequest/network_list","Output":"=== RUN   TestActionFormEveryRegisteredActionMapsExactRequest/network_list\n","OutputType":"frame"}
{"Time":"2026-09-08T17:57:35.834221267+03:00","Action":"output","Package":"virmill.local/core/internal/ui/tui","Test":"TestActionFormEveryRegisteredActionMapsExactRequest/network_list","Output":"--- PASS: TestActionFormEveryRegisteredActionMapsExactRequest/network_list (0.00s)\n","OutputType":"frame"}
{"Time":"2026-09-08T17:57:35.834233609+03:00","Action":"pass","Package":"virmill.local/core/internal/ui/tui","Test":"TestActionFormEveryRegisteredActionMapsExactRequest/network_list","Elapsed":0}
{"Time":"2026-09-08T17:57:35.834250783+03:00","Action":"run","Package":"virmill.local/core/internal/ui/tui","Test":"TestActionFormEveryRegisteredActionMapsExactRequest/network_create"}
{"Time":"2026-09-08T17:57:35.834254257+03:00","Action":"output","Package":"virmill.local/core/internal/ui/tui","Test":"TestActionFormEveryRegisteredActionMapsExactRequest/network_create","Output":"=== RUN   TestActionFormEveryRegisteredActionMapsExactRequest/network_create\n","OutputType":"frame"}
{"Time":"2026-09-08T17:57:35.834500271+03:00","Action":"output","Package":"virmill.local/core/internal/ui/tui","Test":"TestActionFormEveryRegisteredActionMapsExactRequest/network_create","Output":"--- PASS: TestActionFormEveryRegisteredActionMapsExactRequest/network_create (0.00s)\n","OutputType":"frame"}
{"Time":"2026-09-08T17:57:35.834512877+03:00","Action":"pass","Package":"virmill.local/core/internal/ui/tui","Test":"TestActionFormEveryRegisteredActionMapsExactRequest/network_create","Elapsed":0}
{"Time":"2026-09-08T17:57:35.834532277+03:00","Action":"run","Package":"virmill.local/core/internal/ui/tui","Test":"TestActionFormEveryRegisteredActionMapsExactRequest/network_creation_result"}
{"Time":"2026-09-08T17:57:35.834535678+03:00","Action":"output","Package":"virmill.local/core/internal/ui/tui","Test":"TestActionFormEveryRegisteredActionMapsExactRequest/network_creation_result","Output":"=== RUN   TestActionFormEveryRegisteredActionMapsExactRequest/network_creation_result\n","OutputType":"frame"}
{"Time":"2026-09-08T17:57:35.834747692+03:00","Action":"output","Package":"virmill.local/core/internal/ui/tui","Test":"TestActionFormEveryRegisteredActionMapsExactRequest/network_creation_result","Output":"--- PASS: TestActionFormEveryRegisteredActionMapsExactRequest/network_creation_result (0.00s)\n","OutputType":"frame"}
{"Time":"2026-09-08T17:57:35.834761015+03:00","Action":"pass","Package":"virmill.local/core/internal/ui/tui","Test":"TestActionFormEveryRegisteredActionMapsExactRequest/network_creation_result","Elapsed":0}
{"Time":"2026-09-08T17:57:35.834779537+03:00","Action":"run","Package":"virmill.local/core/internal/ui/tui","Test":"TestActionFormEveryRegisteredActionMapsExactRequest/network_creation_resume"}
{"Time":"2026-09-08T17:57:35.834783166+03:00","Action":"output","Package":"virmill.local/core/internal/ui/tui","Test":"TestActionFormEveryRegisteredActionMapsExactRequest/network_creation_resume","Output":"=== RUN   TestActionFormEveryRegisteredActionMapsExactRequest/network_creation_resume\n","OutputType":"frame"}
{"Time":"2026-09-08T17:57:35.834998654+03:00","Action":"output","Package":"virmill.local/core/internal/ui/tui","Test":"TestActionFormEveryRegisteredActionMapsExactRequest/network_creation_resume","Output":"--- PASS: TestActionFormEveryRegisteredActionMapsExactRequest/network_creation_resume (0.00s)\n","OutputType":"frame"}
{"Time":"2026-09-08T17:57:35.835011746+03:00","Action":"pass","Package":"virmill.local/core/internal/ui/tui","Test":"TestActionFormEveryRegisteredActionMapsExactRequest/network_creation_resume","Elapsed":0}
{"Time":"2026-09-08T17:57:35.835025153+03:00","Action":"run","Package":"virmill.local/core/internal/ui/tui","Test":"TestActionFormEveryRegisteredActionMapsExactRequest/network_cidr_check"}
{"Time":"2026-09-08T17:57:35.835028688+03:00","Action":"output","Package":"virmill.local/core/internal/ui/tui","Test":"TestActionFormEveryRegisteredActionMapsExactRequest/network_cidr_check","Output":"=== RUN   TestActionFormEveryRegisteredActionMapsExactRequest/network_cidr_check\n","OutputType":"frame"}
{"Time":"2026-09-08T17:57:35.836038816+03:00","Action":"output","Package":"virmill.local/core/internal/ui/tui","Test":"TestActionFormEveryRegisteredActionMapsExactRequest/network_cidr_check","Output":"--- PASS: TestActionFormEveryRegisteredActionMapsExactRequest/network_cidr_check (0.00s)\n","OutputType":"frame"}
{"Time":"2026-09-08T17:57:35.83605503+03:00","Action":"pass","Package":"virmill.local/core/internal/ui/tui","Test":"TestActionFormEveryRegisteredActionMapsExactRequest/network_cidr_check","Elapsed":0}
{"Time":"2026-09-08T17:57:35.836073944+03:00","Action":"run","Package":"virmill.local/core/internal/ui/tui","Test":"TestActionFormEveryRegisteredActionMapsExactRequest/host_pci_list"}
{"Time":"2026-09-08T17:57:35.836077339+03:00","Action":"output","Package":"virmill.local/core/internal/ui/tui","Test":"TestActionFormEveryRegisteredActionMapsExactRequest/host_pci_list","Output":"=== RUN   TestActionFormEveryRegisteredActionMapsExactRequest/host_pci_list\n","OutputType":"frame"}
{"Time":"2026-09-08T17:57:35.836297344+03:00","Action":"output","Package":"virmill.local/core/internal/ui/tui","Test":"TestActionFormEveryRegisteredActionMapsExactRequest/host_pci_list","Output":"--- PASS: TestActionFormEveryRegisteredActionMapsExactRequest/host_pci_list (0.00s)\n","OutputType":"frame"}
{"Time":"2026-09-08T17:57:35.83631049+03:00","Action":"pass","Package":"virmill.local/core/internal/ui/tui","Test":"TestActionFormEveryRegisteredActionMapsExactRequest/host_pci_list","Elapsed":0}
{"Time":"2026-09-08T17:57:35.836335917+03:00","Action":"run","Package":"virmill.local/core/internal/ui/tui","Test":"TestActionFormEveryRegisteredActionMapsExactRequest/device_usb_list"}
{"Time":"2026-09-08T17:57:35.83633957+03:00","Action":"output","Package":"virmill.local/core/internal/ui/tui","Test":"TestActionFormEveryRegisteredActionMapsExactRequest/device_usb_list","Output":"=== RUN   TestActionFormEveryRegisteredActionMapsExactRequest/device_usb_list\n","OutputType":"frame"}
{"Time":"2026-09-08T17:57:35.83653791+03:00","Action":"output","Package":"virmill.local/core/internal/ui/tui","Test":"TestActionFormEveryRegisteredActionMapsExactRequest/device_usb_list","Output":"--- PASS: TestActionFormEveryRegisteredActionMapsExactRequest/device_usb_list (0.00s)\n","OutputType":"frame"}
{"Time":"2026-09-08T17:57:35.836551893+03:00","Action":"pass","Package":"virmill.local/core/internal/ui/tui","Test":"TestActionFormEveryRegisteredActionMapsExactRequest/device_usb_list","Elapsed":0}
{"Time":"2026-09-08T17:57:35.836565191+03:00","Action":"run","Package":"virmill.local/core/internal/ui/tui","Test":"TestActionFormEveryRegisteredActionMapsExactRequest/network_show"}
{"Time":"2026-09-08T17:57:35.83656991+03:00","Action":"output","Package":"virmill.local/core/internal/ui/tui","Test":"TestActionFormEveryRegisteredActionMapsExactRequest/network_show","Output":"=== RUN   TestActionFormEveryRegisteredActionMapsExactRequest/network_show\n","OutputType":"frame"}
{"Time":"2026-09-08T17:57:35.836773796+03:00","Action":"output","Package":"virmill.local/core/internal/ui/tui","Test":"TestActionFormEveryRegisteredActionMapsExactRequest/network_show","Output":"--- PASS: TestActionFormEveryRegisteredActionMapsExactRequest/network_show (0.00s)\n","OutputType":"frame"}
{"Time":"2026-09-08T17:57:35.836786858+03:00","Action":"pass","Package":"virmill.local/core/internal/ui/tui","Test":"TestActionFormEveryRegisteredActionMapsExactRequest/network_show","Elapsed":0}
{"Time":"2026-09-08T17:57:35.836806793+03:00","Action":"run","Package":"virmill.local/core/internal/ui/tui","Test":"TestActionFormEveryRegisteredActionMapsExactRequest/vm_list"}
{"Time":"2026-09-08T17:57:35.836810788+03:00","Action":"output","Package":"virmill.local/core/internal/ui/tui","Test":"TestActionFormEveryRegisteredActionMapsExactRequest/vm_list","Output":"=== RUN   TestActionFormEveryRegisteredActionMapsExactRequest/vm_list\n","OutputType":"frame"}
{"Time":"2026-09-08T17:57:35.836991235+03:00","Action":"output","Package":"virmill.local/core/internal/ui/tui","Test":"TestActionFormEveryRegisteredActionMapsExactRequest/vm_list","Output":"--- PASS: TestActionFormEveryRegisteredActionMapsExactRequest/vm_list (0.00s)\n","OutputType":"frame"}
{"Time":"2026-09-08T17:57:35.837005348+03:00","Action":"pass","Package":"virmill.local/core/internal/ui/tui","Test":"TestActionFormEveryRegisteredActionMapsExactRequest/vm_list","Elapsed":0}
{"Time":"2026-09-08T17:57:35.837018746+03:00","Action":"run","Package":"virmill.local/core/internal/ui/tui","Test":"TestActionFormEveryRegisteredActionMapsExactRequest/vm_show"}
{"Time":"2026-09-08T17:57:35.837022071+03:00","Action":"output","Package":"virmill.local/core/internal/ui/tui","Test":"TestActionFormEveryRegisteredActionMapsExactRequest/vm_show","Output":"=== RUN   TestActionFormEveryRegisteredActionMapsExactRequest/vm_show\n","OutputType":"frame"}
{"Time":"2026-09-08T17:57:35.837382822+03:00","Action":"output","Package":"virmill.local/core/internal/ui/tui","Test":"TestActionFormEveryRegisteredActionMapsExactRequest/vm_show","Output":"--- PASS: TestActionFormEveryRegisteredActionMapsExactRequest/vm_show (0.00s)\n","OutputType":"frame"}
{"Time":"2026-09-08T17:57:35.837397962+03:00","Action":"pass","Package":"virmill.local/core/internal/ui/tui","Test":"TestActionFormEveryRegisteredActionMapsExactRequest/vm_show","Elapsed":0}
{"Time":"2026-09-08T17:57:35.83741304+03:00","Action":"run","Package":"virmill.local/core/internal/ui/tui","Test":"TestActionFormEveryRegisteredActionMapsExactRequest/vm_recovery_inspect"}
{"Time":"2026-09-08T17:57:35.837416504+03:00","Action":"output","Package":"virmill.local/core/internal/ui/tui","Test":"TestActionFormEveryRegisteredActionMapsExactRequest/vm_recovery_inspect","Output":"=== RUN   TestActionFormEveryRegisteredActionMapsExactRequest/vm_recovery_inspect\n","OutputType":"frame"}
{"Time":"2026-09-08T17:57:35.837626176+03:00","Action":"output","Package":"virmill.local/core/internal/ui/tui","Test":"TestActionFormEveryRegisteredActionMapsExactRequest/vm_recovery_inspect","Output":"--- PASS: TestActionFormEveryRegisteredActionMapsExactRequest/vm_recovery_inspect (0.00s)\n","OutputType":"frame"}
{"Time":"2026-09-08T17:57:35.837638514+03:00","Action":"pass","Package":"virmill.local/core/internal/ui/tui","Test":"TestActionFormEveryRegisteredActionMapsExactRequest/vm_recovery_inspect","Elapsed":0}
{"Time":"2026-09-08T17:57:35.837654617+03:00","Action":"run","Package":"virmill.local/core/internal/ui/tui","Test":"TestActionFormEveryRegisteredActionMapsExactRequest/vm_recovery_auxiliary_inspect"}
{"Time":"2026-09-08T17:57:35.837658179+03:00","Action":"output","Package":"virmill.local/core/internal/ui/tui","Test":"TestActionFormEveryRegisteredActionMapsExactRequest/vm_recovery_auxiliary_inspect","Output":"=== RUN   TestActionFormEveryRegisteredActionMapsExactRequest/vm_recovery_auxiliary_inspect\n","OutputType":"frame"}
{"Time":"2026-09-08T17:57:35.838689947+03:00","Action":"output","Package":"virmill.local/core/internal/ui/tui","Test":"TestActionFormEveryRegisteredActionMapsExactRequest/vm_recovery_auxiliary_inspect","Output":"--- PASS: TestActionFormEveryRegisteredActionMapsExactRequest/vm_recovery_auxiliary_inspect (0.00s)\n","OutputType":"frame"}
{"Time":"2026-09-08T17:57:35.838709918+03:00","Action":"pass","Package":"virmill.local/core/internal/ui/tui","Test":"TestActionFormEveryRegisteredActionMapsExactRequest/vm_recovery_auxiliary_inspect","Elapsed":0}
{"Time":"2026-09-08T17:57:35.838727035+03:00","Action":"run","Package":"virmill.local/core/internal/ui/tui","Test":"TestActionFormEveryRegisteredActionMapsExactRequest/snapshot_create"}
{"Time":"2026-09-08T17:57:35.838728969+03:00","Action":"output","Package":"virmill.local/core/internal/ui/tui","Test":"TestActionFormEveryRegisteredActionMapsExactRequest/snapshot_create","Output":"=== RUN   TestActionFormEveryRegisteredActionMapsExactRequest/snapshot_create\n","OutputType":"frame"}
{"Time":"2026-09-08T17:57:35.839587542+03:00","Action":"output","Package":"virmill.local/core/internal/ui/tui","Test":"TestActionFormEveryRegisteredActionMapsExactRequest/snapshot_create","Output":"--- PASS: TestActionFormEveryRegisteredActionMapsExactRequest/snapshot_create (0.00s)\n","OutputType":"frame"}
{"Time":"2026-09-08T17:57:35.839602193+03:00","Action":"pass","Package":"virmill.local/core/internal/ui/tui","Test":"TestActionFormEveryRegisteredActionMapsExactRequest/snapshot_create","Elapsed":0}
{"Time":"2026-09-08T17:57:35.839621065+03:00","Action":"run","Package":"virmill.local/core/internal/ui/tui","Test":"TestActionFormEveryRegisteredActionMapsExactRequest/snapshot_list"}
{"Time":"2026-09-08T17:57:35.839622924+03:00","Action":"output","Package":"virmill.local/core/internal/ui/tui","Test":"TestActionFormEveryRegisteredActionMapsExactRequest/snapshot_list","Output":"=== RUN   TestActionFormEveryRegisteredActionMapsExactRequest/snapshot_list\n","OutputType":"frame"}
{"Time":"2026-09-08T17:57:35.839836944+03:00","Action":"output","Package":"virmill.local/core/internal/ui/tui","Test":"TestActionFormEveryRegisteredActionMapsExactRequest/snapshot_list","Output":"--- PASS: TestActionFormEveryRegisteredActionMapsExactRequest/snapshot_list (0.00s)\n","OutputType":"frame"}
{"Time":"2026-09-08T17:57:35.839853529+03:00","Action":"pass","Package":"virmill.local/core/internal/ui/tui","Test":"TestActionFormEveryRegisteredActionMapsExactRequest/snapshot_list","Elapsed":0}
{"Time":"2026-09-08T17:57:35.839865191+03:00","Action":"run","Package":"virmill.local/core/internal/ui/tui","Test":"TestActionFormEveryRegisteredActionMapsExactRequest/snapshot_show"}
{"Time":"2026-09-08T17:57:35.839867183+03:00","Action":"output","Package":"virmill.local/core/internal/ui/tui","Test":"TestActionFormEveryRegisteredActionMapsExactRequest/snapshot_show","Output":"=== RUN   TestActionFormEveryRegisteredActionMapsExactRequest/snapshot_show\n","OutputType":"frame"}
{"Time":"2026-09-08T17:57:35.840094678+03:00","Action":"output","Package":"virmill.local/core/internal/ui/tui","Test":"TestActionFormEveryRegisteredActionMapsExactRequest/snapshot_show","Output":"--- PASS: TestActionFormEveryRegisteredActionMapsExactRequest/snapshot_show (0.00s)\n","OutputType":"frame"}
{"Time":"2026-09-08T17:57:35.840105991+03:00","Action":"pass","Package":"virmill.local/core/internal/ui/tui","Test":"TestActionFormEveryRegisteredActionMapsExactRequest/snapshot_show","Elapsed":0}
{"Time":"2026-09-08T17:57:35.840121368+03:00","Action":"run","Package":"virmill.local/core/internal/ui/tui","Test":"TestActionFormEveryRegisteredActionMapsExactRequest/snapshot_restore"}
{"Time":"2026-09-08T17:57:35.840125363+03:00","Action":"output","Package":"virmill.local/core/internal/ui/tui","Test":"TestActionFormEveryRegisteredActionMapsExactRequest/snapshot_restore","Output":"=== RUN   TestActionFormEveryRegisteredActionMapsExactRequest/snapshot_restore\n","OutputType":"frame"}
{"Time":"2026-09-08T17:57:35.841144185+03:00","Action":"output","Package":"virmill.local/core/internal/ui/tui","Test":"TestActionFormEveryRegisteredActionMapsExactRequest/snapshot_restore","Output":"--- PASS: TestActionFormEveryRegisteredActionMapsExactRequest/snapshot_restore (0.00s)\n","OutputType":"frame"}
{"Time":"2026-09-08T17:57:35.84116006+03:00","Action":"pass","Package":"virmill.local/core/internal/ui/tui","Test":"TestActionFormEveryRegisteredActionMapsExactRequest/snapshot_restore","Elapsed":0}
{"Time":"2026-09-08T17:57:35.841177826+03:00","Action":"run","Package":"virmill.local/core/internal/ui/tui","Test":"TestActionFormEveryRegisteredActionMapsExactRequest/vm_boot_show"}
{"Time":"2026-09-08T17:57:35.841180904+03:00","Action":"output","Package":"virmill.local/core/internal/ui/tui","Test":"TestActionFormEveryRegisteredActionMapsExactRequest/vm_boot_show","Output":"=== RUN   TestActionFormEveryRegisteredActionMapsExactRequest/vm_boot_show\n","OutputType":"frame"}
{"Time":"2026-09-08T17:57:35.841414943+03:00","Action":"output","Package":"virmill.local/core/internal/ui/tui","Test":"TestActionFormEveryRegisteredActionMapsExactRequest/vm_boot_show","Output":"--- PASS: TestActionFormEveryRegisteredActionMapsExactRequest/vm_boot_show (0.00s)\n","OutputType":"frame"}
{"Time":"2026-09-08T17:57:35.841429311+03:00","Action":"pass","Package":"virmill.local/core/internal/ui/tui","Test":"TestActionFormEveryRegisteredActionMapsExactRequest/vm_boot_show","Elapsed":0}
{"Time":"2026-09-08T17:57:35.841446765+03:00","Action":"run","Package":"virmill.local/core/internal/ui/tui","Test":"TestActionFormEveryRegisteredActionMapsExactRequest/vm_readiness_show"}
{"Time":"2026-09-08T17:57:35.84144875+03:00","Action":"output","Package":"virmill.local/core/internal/ui/tui","Test":"TestActionFormEveryRegisteredActionMapsExactRequest/vm_readiness_show","Output":"=== RUN   TestActionFormEveryRegisteredActionMapsExactRequest/vm_readiness_show\n","OutputType":"frame"}
{"Time":"2026-09-08T17:57:35.841663235+03:00","Action":"output","Package":"virmill.local/core/internal/ui/tui","Test":"TestActionFormEveryRegisteredActionMapsExactRequest/vm_readiness_show","Output":"--- PASS: TestActionFormEveryRegisteredActionMapsExactRequest/vm_readiness_show (0.00s)\n","OutputType":"frame"}
{"Time":"2026-09-08T17:57:35.841671319+03:00","Action":"pass","Package":"virmill.local/core/internal/ui/tui","Test":"TestActionFormEveryRegisteredActionMapsExactRequest/vm_readiness_show","Elapsed":0}
{"Time":"2026-09-08T17:57:35.841695378+03:00","Action":"run","Package":"virmill.local/core/internal/ui/tui","Test":"TestActionFormEveryRegisteredActionMapsExactRequest/guest_recipe_run"}
{"Time":"2026-09-08T17:57:35.841697338+03:00","Action":"output","Package":"virmill.local/core/internal/ui/tui","Test":"TestActionFormEveryRegisteredActionMapsExactRequest/guest_recipe_run","Output":"=== RUN   TestActionFormEveryRegisteredActionMapsExactRequest/guest_recipe_run\n","OutputType":"frame"}
{"Time":"2026-09-08T17:57:35.842791103+03:00","Action":"output","Package":"virmill.local/core/internal/ui/tui","Test":"TestActionFormEveryRegisteredActionMapsExactRequest/guest_recipe_run","Output":"--- PASS: TestActionFormEveryRegisteredActionMapsExactRequest/guest_recipe_run (0.00s)\n","OutputType":"frame"}
{"Time":"2026-09-08T17:57:35.842797642+03:00","Action":"pass","Package":"virmill.local/core/internal/ui/tui","Test":"TestActionFormEveryRegisteredActionMapsExactRequest/guest_recipe_run","Elapsed":0}
{"Time":"2026-09-08T17:57:35.842818042+03:00","Action":"run","Package":"virmill.local/core/internal/ui/tui","Test":"TestActionFormEveryRegisteredActionMapsExactRequest/guest_recipe_result"}
{"Time":"2026-09-08T17:57:35.842820362+03:00","Action":"output","Package":"virmill.local/core/internal/ui/tui","Test":"TestActionFormEveryRegisteredActionMapsExactRequest/guest_recipe_result","Output":"=== RUN   TestActionFormEveryRegisteredActionMapsExactRequest/guest_recipe_result\n","OutputType":"frame"}
{"Time":"2026-09-08T17:57:35.843100602+03:00","Action":"output","Package":"virmill.local/core/internal/ui/tui","Test":"TestActionFormEveryRegisteredActionMapsExactRequest/guest_recipe_result","Output":"--- PASS: TestActionFormEveryRegisteredActionMapsExactRequest/guest_recipe_result (0.00s)\n","OutputType":"frame"}
{"Time":"2026-09-08T17:57:35.843109602+03:00","Action":"pass","Package":"virmill.local/core/internal/ui/tui","Test":"TestActionFormEveryRegisteredActionMapsExactRequest/guest_recipe_result","Elapsed":0}
{"Time":"2026-09-08T17:57:35.843134277+03:00","Action":"run","Package":"virmill.local/core/internal/ui/tui","Test":"TestActionFormEveryRegisteredActionMapsExactRequest/vm_create"}
{"Time":"2026-09-08T17:57:35.843136578+03:00","Action":"output","Package":"virmill.local/core/internal/ui/tui","Test":"TestActionFormEveryRegisteredActionMapsExactRequest/vm_create","Output":"=== RUN   TestActionFormEveryRegisteredActionMapsExactRequest/vm_create\n","OutputType":"frame"}
{"Time":"2026-09-08T17:57:35.844155202+03:00","Action":"output","Package":"virmill.local/core/internal/ui/tui","Test":"TestActionFormEveryRegisteredActionMapsExactRequest/vm_create","Output":"--- PASS: TestActionFormEveryRegisteredActionMapsExactRequest/vm_create (0.00s)\n","OutputType":"frame"}
{"Time":"2026-09-08T17:57:35.84416461+03:00","Action":"pass","Package":"virmill.local/core/internal/ui/tui","Test":"TestActionFormEveryRegisteredActionMapsExactRequest/vm_create","Elapsed":0}
{"Time":"2026-09-08T17:57:35.844192438+03:00","Action":"run","Package":"virmill.local/core/internal/ui/tui","Test":"TestActionFormEveryRegisteredActionMapsExactRequest/vm_creation_result"}
{"Time":"2026-09-08T17:57:35.84419605+03:00","Action":"output","Package":"virmill.local/core/internal/ui/tui","Test":"TestActionFormEveryRegisteredActionMapsExactRequest/vm_creation_result","Output":"=== RUN   TestActionFormEveryRegisteredActionMapsExactRequest/vm_creation_result\n","OutputType":"frame"}
{"Time":"2026-09-08T17:57:35.844453058+03:00","Action":"output","Package":"virmill.local/core/internal/ui/tui","Test":"TestActionFormEveryRegisteredActionMapsExactRequest/vm_creation_result","Output":"--- PASS: TestActionFormEveryRegisteredActionMapsExactRequest/vm_creation_result (0.00s)\n","OutputType":"frame"}
{"Time":"2026-09-08T17:57:35.844458662+03:00","Action":"pass","Package":"virmill.local/core/internal/ui/tui","Test":"TestActionFormEveryRegisteredActionMapsExactRequest/vm_creation_result","Elapsed":0}
{"Time":"2026-09-08T17:57:35.844479398+03:00","Action":"run","Package":"virmill.local/core/internal/ui/tui","Test":"TestActionFormEveryRegisteredActionMapsExactRequest/vm_creation_resume"}
{"Time":"2026-09-08T17:57:35.844481341+03:00","Action":"output","Package":"virmill.local/core/internal/ui/tui","Test":"TestActionFormEveryRegisteredActionMapsExactRequest/vm_creation_resume","Output":"=== RUN   TestActionFormEveryRegisteredActionMapsExactRequest/vm_creation_resume\n","OutputType":"frame"}
{"Time":"2026-09-08T17:57:35.844708246+03:00","Action":"output","Package":"virmill.local/core/internal/ui/tui","Test":"TestActionFormEveryRegisteredActionMapsExactRequest/vm_creation_resume","Output":"--- PASS: TestActionFormEveryRegisteredActionMapsExactRequest/vm_creation_resume (0.00s)\n","OutputType":"frame"}
{"Time":"2026-09-08T17:57:35.84472422+03:00","Action":"pass","Package":"virmill.local/core/internal/ui/tui","Test":"TestActionFormEveryRegisteredActionMapsExactRequest/vm_creation_resume","Elapsed":0}
{"Time":"2026-09-08T17:57:35.844737367+03:00","Action":"run","Package":"virmill.local/core/internal/ui/tui","Test":"TestActionFormEveryRegisteredActionMapsExactRequest/vm_creation_cleanup"}
{"Time":"2026-09-08T17:57:35.844739437+03:00","Action":"output","Package":"virmill.local/core/internal/ui/tui","Test":"TestActionFormEveryRegisteredActionMapsExactRequest/vm_creation_cleanup","Output":"=== RUN   TestActionFormEveryRegisteredActionMapsExactRequest/vm_creation_cleanup\n","OutputType":"frame"}
{"Time":"2026-09-08T17:57:35.845754454+03:00","Action":"output","Package":"virmill.local/core/internal/ui/tui","Test":"TestActionFormEveryRegisteredActionMapsExactRequest/vm_creation_cleanup","Output":"--- PASS: TestActionFormEveryRegisteredActionMapsExactRequest/vm_creation_cleanup (0.00s)\n","OutputType":"frame"}
{"Time":"2026-09-08T17:57:35.845762389+03:00","Action":"pass","Package":"virmill.local/core/internal/ui/tui","Test":"TestActionFormEveryRegisteredActionMapsExactRequest/vm_creation_cleanup","Elapsed":0}
{"Time":"2026-09-08T17:57:35.845792012+03:00","Action":"run","Package":"virmill.local/core/internal/ui/tui","Test":"TestActionFormEveryRegisteredActionMapsExactRequest/vm_creation_accept"}
{"Time":"2026-09-08T17:57:35.845794451+03:00","Action":"output","Package":"virmill.local/core/internal/ui/tui","Test":"TestActionFormEveryRegisteredActionMapsExactRequest/vm_creation_accept","Output":"=== RUN   TestActionFormEveryRegisteredActionMapsExactRequest/vm_creation_accept\n","OutputType":"frame"}
{"Time":"2026-09-08T17:57:35.846720457+03:00","Action":"output","Package":"virmill.local/core/internal/ui/tui","Test":"TestActionFormEveryRegisteredActionMapsExactRequest/vm_creation_accept","Output":"--- PASS: TestActionFormEveryRegisteredActionMapsExactRequest/vm_creation_accept (0.00s)\n","OutputType":"frame"}
{"Time":"2026-09-08T17:57:35.846738485+03:00","Action":"pass","Package":"virmill.local/core/internal/ui/tui","Test":"TestActionFormEveryRegisteredActionMapsExactRequest/vm_creation_accept","Elapsed":0}
{"Time":"2026-09-08T17:57:35.846756866+03:00","Action":"run","Package":"virmill.local/core/internal/ui/tui","Test":"TestActionFormEveryRegisteredActionMapsExactRequest/vm_start"}
{"Time":"2026-09-08T17:57:35.846760475+03:00","Action":"output","Package":"virmill.local/core/internal/ui/tui","Test":"TestActionFormEveryRegisteredActionMapsExactRequest/vm_start","Output":"=== RUN   TestActionFormEveryRegisteredActionMapsExactRequest/vm_start\n","OutputType":"frame"}
{"Time":"2026-09-08T17:57:35.846965337+03:00","Action":"output","Package":"virmill.local/core/internal/ui/tui","Test":"TestActionFormEveryRegisteredActionMapsExactRequest/vm_start","Output":"--- PASS: TestActionFormEveryRegisteredActionMapsExactRequest/vm_start (0.00s)\n","OutputType":"frame"}
{"Time":"2026-09-08T17:57:35.84698038+03:00","Action":"pass","Package":"virmill.local/core/internal/ui/tui","Test":"TestActionFormEveryRegisteredActionMapsExactRequest/vm_start","Elapsed":0}
{"Time":"2026-09-08T17:57:35.846993399+03:00","Action":"run","Package":"virmill.local/core/internal/ui/tui","Test":"TestActionFormEveryRegisteredActionMapsExactRequest/vm_stop"}
{"Time":"2026-09-08T17:57:35.846995811+03:00","Action":"output","Package":"virmill.local/core/internal/ui/tui","Test":"TestActionFormEveryRegisteredActionMapsExactRequest/vm_stop","Output":"=== RUN   TestActionFormEveryRegisteredActionMapsExactRequest/vm_stop\n","OutputType":"frame"}
{"Time":"2026-09-08T17:57:35.847190298+03:00","Action":"output","Package":"virmill.local/core/internal/ui/tui","Test":"TestActionFormEveryRegisteredActionMapsExactRequest/vm_stop","Output":"--- PASS: TestActionFormEveryRegisteredActionMapsExactRequest/vm_stop (0.00s)\n","OutputType":"frame"}
{"Time":"2026-09-08T17:57:35.847200687+03:00","Action":"pass","Package":"virmill.local/core/internal/ui/tui","Test":"TestActionFormEveryRegisteredActionMapsExactRequest/vm_stop","Elapsed":0}
{"Time":"2026-09-08T17:57:35.847213916+03:00","Action":"run","Package":"virmill.local/core/internal/ui/tui","Test":"TestActionFormEveryRegisteredActionMapsExactRequest/vm_reboot"}
{"Time":"2026-09-08T17:57:35.84721632+03:00","Action":"output","Package":"virmill.local/core/internal/ui/tui","Test":"TestActionFormEveryRegisteredActionMapsExactRequest/vm_reboot","Output":"=== RUN   TestActionFormEveryRegisteredActionMapsExactRequest/vm_reboot\n","OutputType":"frame"}
{"Time":"2026-09-08T17:57:35.847423381+03:00","Action":"output","Package":"virmill.local/core/internal/ui/tui","Test":"TestActionFormEveryRegisteredActionMapsExactRequest/vm_reboot","Output":"--- PASS: TestActionFormEveryRegisteredActionMapsExactRequest/vm_reboot (0.00s)\n","OutputType":"frame"}
{"Time":"2026-09-08T17:57:35.847433568+03:00","Action":"pass","Package":"virmill.local/core/internal/ui/tui","Test":"TestActionFormEveryRegisteredActionMapsExactRequest/vm_reboot","Elapsed":0}
{"Time":"2026-09-08T17:57:35.847449677+03:00","Action":"run","Package":"virmill.local/core/internal/ui/tui","Test":"TestActionFormEveryRegisteredActionMapsExactRequest/vm_pause"}
{"Time":"2026-09-08T17:57:35.847451696+03:00","Action":"output","Package":"virmill.local/core/internal/ui/tui","Test":"TestActionFormEveryRegisteredActionMapsExactRequest/vm_pause","Output":"=== RUN   TestActionFormEveryRegisteredActionMapsExactRequest/vm_pause\n","OutputType":"frame"}
{"Time":"2026-09-08T17:57:35.847642603+03:00","Action":"output","Package":"virmill.local/core/internal/ui/tui","Test":"TestActionFormEveryRegisteredActionMapsExactRequest/vm_pause","Output":"--- PASS: TestActionFormEveryRegisteredActionMapsExactRequest/vm_pause (0.00s)\n","OutputType":"frame"}
{"Time":"2026-09-08T17:57:35.847651539+03:00","Action":"pass","Package":"virmill.local/core/internal/ui/tui","Test":"TestActionFormEveryRegisteredActionMapsExactRequest/vm_pause","Elapsed":0}
{"Time":"2026-09-08T17:57:35.847664575+03:00","Action":"run","Package":"virmill.local/core/internal/ui/tui","Test":"TestActionFormEveryRegisteredActionMapsExactRequest/vm_resume"}
{"Time":"2026-09-08T17:57:35.847667321+03:00","Action":"output","Package":"virmill.local/core/internal/ui/tui","Test":"TestActionFormEveryRegisteredActionMapsExactRequest/vm_resume","Output":"=== RUN   TestActionFormEveryRegisteredActionMapsExactRequest/vm_resume\n","OutputType":"frame"}
{"Time":"2026-09-08T17:57:35.847868194+03:00","Action":"output","Package":"virmill.local/core/internal/ui/tui","Test":"TestActionFormEveryRegisteredActionMapsExactRequest/vm_resume","Output":"--- PASS: TestActionFormEveryRegisteredActionMapsExactRequest/vm_resume (0.00s)\n","OutputType":"frame"}
{"Time":"2026-09-08T17:57:35.847877845+03:00","Action":"pass","Package":"virmill.local/core/internal/ui/tui","Test":"TestActionFormEveryRegisteredActionMapsExactRequest/vm_resume","Elapsed":0}
{"Time":"2026-09-08T17:57:35.847895515+03:00","Action":"run","Package":"virmill.local/core/internal/ui/tui","Test":"TestActionFormEveryRegisteredActionMapsExactRequest/vm_save"}
{"Time":"2026-09-08T17:57:35.847897432+03:00","Action":"output","Package":"virmill.local/core/internal/ui/tui","Test":"TestActionFormEveryRegisteredActionMapsExactRequest/vm_save","Output":"=== RUN   TestActionFormEveryRegisteredActionMapsExactRequest/vm_save\n","OutputType":"frame"}
{"Time":"2026-09-08T17:57:35.848087704+03:00","Action":"output","Package":"virmill.local/core/internal/ui/tui","Test":"TestActionFormEveryRegisteredActionMapsExactRequest/vm_save","Output":"--- PASS: TestActionFormEveryRegisteredActionMapsExactRequest/vm_save (0.00s)\n","OutputType":"frame"}
{"Time":"2026-09-08T17:57:35.848092754+03:00","Action":"pass","Package":"virmill.local/core/internal/ui/tui","Test":"TestActionFormEveryRegisteredActionMapsExactRequest/vm_save","Elapsed":0}
{"Time":"2026-09-08T17:57:35.848120038+03:00","Action":"run","Package":"virmill.local/core/internal/ui/tui","Test":"TestActionFormEveryRegisteredActionMapsExactRequest/vm_restore-saved"}
{"Time":"2026-09-08T17:57:35.848121991+03:00","Action":"output","Package":"virmill.local/core/internal/ui/tui","Test":"TestActionFormEveryRegisteredActionMapsExactRequest/vm_restore-saved","Output":"=== RUN   TestActionFormEveryRegisteredActionMapsExactRequest/vm_restore-saved\n","OutputType":"frame"}
{"Time":"2026-09-08T17:57:35.848331142+03:00","Action":"output","Package":"virmill.local/core/internal/ui/tui","Test":"TestActionFormEveryRegisteredActionMapsExactRequest/vm_restore-saved","Output":"--- PASS: TestActionFormEveryRegisteredActionMapsExactRequest/vm_restore-saved (0.00s)\n","OutputType":"frame"}
{"Time":"2026-09-08T17:57:35.848343544+03:00","Action":"pass","Package":"virmill.local/core/internal/ui/tui","Test":"TestActionFormEveryRegisteredActionMapsExactRequest/vm_restore-saved","Elapsed":0}
{"Time":"2026-09-08T17:57:35.848365711+03:00","Action":"run","Package":"virmill.local/core/internal/ui/tui","Test":"TestActionFormEveryRegisteredActionMapsExactRequest/vm_autostart"}
{"Time":"2026-09-08T17:57:35.848379951+03:00","Action":"output","Package":"virmill.local/core/internal/ui/tui","Test":"TestActionFormEveryRegisteredActionMapsExactRequest/vm_autostart","Output":"=== RUN   TestActionFormEveryRegisteredActionMapsExactRequest/vm_autostart\n","OutputType":"frame"}
{"Time":"2026-09-08T17:57:35.84928398+03:00","Action":"output","Package":"virmill.local/core/internal/ui/tui","Test":"TestActionFormEveryRegisteredActionMapsExactRequest/vm_autostart","Output":"--- PASS: TestActionFormEveryRegisteredActionMapsExactRequest/vm_autostart (0.00s)\n","OutputType":"frame"}
{"Time":"2026-09-08T17:57:35.84929887+03:00","Action":"pass","Package":"virmill.local/core/internal/ui/tui","Test":"TestActionFormEveryRegisteredActionMapsExactRequest/vm_autostart","Elapsed":0}
{"Time":"2026-09-08T17:57:35.849315944+03:00","Action":"run","Package":"virmill.local/core/internal/ui/tui","Test":"TestActionFormEveryRegisteredActionMapsExactRequest/vm_set"}
{"Time":"2026-09-08T17:57:35.849324511+03:00","Action":"output","Package":"virmill.local/core/internal/ui/tui","Test":"TestActionFormEveryRegisteredActionMapsExactRequest/vm_set","Output":"=== RUN   TestActionFormEveryRegisteredActionMapsExactRequest/vm_set\n","OutputType":"frame"}
{"Time":"2026-09-08T17:57:35.850198268+03:00","Action":"output","Package":"virmill.local/core/internal/ui/tui","Test":"TestActionFormEveryRegisteredActionMapsExactRequest/vm_set","Output":"--- PASS: TestActionFormEveryRegisteredActionMapsExactRequest/vm_set (0.00s)\n","OutputType":"frame"}
{"Time":"2026-09-08T17:57:35.850213304+03:00","Action":"pass","Package":"virmill.local/core/internal/ui/tui","Test":"TestActionFormEveryRegisteredActionMapsExactRequest/vm_set","Elapsed":0}
{"Time":"2026-09-08T17:57:35.850226952+03:00","Action":"run","Package":"virmill.local/core/internal/ui/tui","Test":"TestActionFormEveryRegisteredActionMapsExactRequest/import_inspect"}
{"Time":"2026-09-08T17:57:35.850228904+03:00","Action":"output","Package":"virmill.local/core/internal/ui/tui","Test":"TestActionFormEveryRegisteredActionMapsExactRequest/import_inspect","Output":"=== RUN   TestActionFormEveryRegisteredActionMapsExactRequest/import_inspect\n","OutputType":"frame"}
{"Time":"2026-09-08T17:57:35.850478944+03:00","Action":"output","Package":"virmill.local/core/internal/ui/tui","Test":"TestActionFormEveryRegisteredActionMapsExactRequest/import_inspect","Output":"--- PASS: TestActionFormEveryRegisteredActionMapsExactRequest/import_inspect (0.00s)\n","OutputType":"frame"}
{"Time":"2026-09-08T17:57:35.850489372+03:00","Action":"pass","Package":"virmill.local/core/internal/ui/tui","Test":"TestActionFormEveryRegisteredActionMapsExactRequest/import_inspect","Elapsed":0}
{"Time":"2026-09-08T17:57:35.85049325+03:00","Action":"run","Package":"virmill.local/core/internal/ui/tui","Test":"TestActionFormEveryRegisteredActionMapsExactRequest/import_prepare"}
{"Time":"2026-09-08T17:57:35.850495822+03:00","Action":"output","Package":"virmill.local/core/internal/ui/tui","Test":"TestActionFormEveryRegisteredActionMapsExactRequest/import_prepare","Output":"=== RUN   TestActionFormEveryRegisteredActionMapsExactRequest/import_prepare\n","OutputType":"frame"}
{"Time":"2026-09-08T17:57:35.851461399+03:00","Action":"output","Package":"virmill.local/core/internal/ui/tui","Test":"TestActionFormEveryRegisteredActionMapsExactRequest/import_prepare","Output":"--- PASS: TestActionFormEveryRegisteredActionMapsExactRequest/import_prepare (0.00s)\n","OutputType":"frame"}
{"Time":"2026-09-08T17:57:35.851478324+03:00","Action":"pass","Package":"virmill.local/core/internal/ui/tui","Test":"TestActionFormEveryRegisteredActionMapsExactRequest/import_prepare","Elapsed":0}
{"Time":"2026-09-08T17:57:35.851493854+03:00","Action":"run","Package":"virmill.local/core/internal/ui/tui","Test":"TestActionFormEveryRegisteredActionMapsExactRequest/import_prepare-disks"}
{"Time":"2026-09-08T17:57:35.851496309+03:00","Action":"output","Package":"virmill.local/core/internal/ui/tui","Test":"TestActionFormEveryRegisteredActionMapsExactRequest/import_prepare-disks","Output":"=== RUN   TestActionFormEveryRegisteredActionMapsExactRequest/import_prepare-disks\n","OutputType":"frame"}
{"Time":"2026-09-08T17:57:35.852377595+03:00","Action":"output","Package":"virmill.local/core/internal/ui/tui","Test":"TestActionFormEveryRegisteredActionMapsExactRequest/import_prepare-disks","Output":"--- PASS: TestActionFormEveryRegisteredActionMapsExactRequest/import_prepare-disks (0.00s)\n","OutputType":"frame"}
{"Time":"2026-09-08T17:57:35.852390529+03:00","Action":"pass","Package":"virmill.local/core/internal/ui/tui","Test":"TestActionFormEveryRegisteredActionMapsExactRequest/import_prepare-disks","Elapsed":0}
{"Time":"2026-09-08T17:57:35.852415202+03:00","Action":"run","Package":"virmill.local/core/internal/ui/tui","Test":"TestActionFormEveryRegisteredActionMapsExactRequest/import_prepare-install"}
{"Time":"2026-09-08T17:57:35.85241775+03:00","Action":"output","Package":"virmill.local/core/internal/ui/tui","Test":"TestActionFormEveryRegisteredActionMapsExactRequest/import_prepare-install","Output":"=== RUN   TestActionFormEveryRegisteredActionMapsExactRequest/import_prepare-install\n","OutputType":"frame"}
{"Time":"2026-09-08T17:57:35.853407134+03:00","Action":"output","Package":"virmill.local/core/internal/ui/tui","Test":"TestActionFormEveryRegisteredActionMapsExactRequest/import_prepare-install","Output":"--- PASS: TestActionFormEveryRegisteredActionMapsExactRequest/import_prepare-install (0.00s)\n","OutputType":"frame"}
{"Time":"2026-09-08T17:57:35.85341956+03:00","Action":"pass","Package":"virmill.local/core/internal/ui/tui","Test":"TestActionFormEveryRegisteredActionMapsExactRequest/import_prepare-install","Elapsed":0}
{"Time":"2026-09-08T17:57:35.853439124+03:00","Action":"run","Package":"virmill.local/core/internal/ui/tui","Test":"TestActionFormEveryRegisteredActionMapsExactRequest/import_result"}
{"Time":"2026-09-08T17:57:35.853441494+03:00","Action":"output","Package":"virmill.local/core/internal/ui/tui","Test":"TestActionFormEveryRegisteredActionMapsExactRequest/import_result","Output":"=== RUN   TestActionFormEveryRegisteredActionMapsExactRequest/import_result\n","OutputType":"frame"}
{"Time":"2026-09-08T17:57:35.853649632+03:00","Action":"output","Package":"virmill.local/core/internal/ui/tui","Test":"TestActionFormEveryRegisteredActionMapsExactRequest/import_result","Output":"--- PASS: TestActionFormEveryRegisteredActionMapsExactRequest/import_result (0.00s)\n","OutputType":"frame"}
{"Time":"2026-09-08T17:57:35.853664848+03:00","Action":"pass","Package":"virmill.local/core/internal/ui/tui","Test":"TestActionFormEveryRegisteredActionMapsExactRequest/import_result","Elapsed":0}
{"Time":"2026-09-08T17:57:35.853675484+03:00","Action":"run","Package":"virmill.local/core/internal/ui/tui","Test":"TestActionFormEveryRegisteredActionMapsExactRequest/import_verify"}
{"Time":"2026-09-08T17:57:35.853677788+03:00","Action":"output","Package":"virmill.local/core/internal/ui/tui","Test":"TestActionFormEveryRegisteredActionMapsExactRequest/import_verify","Output":"=== RUN   TestActionFormEveryRegisteredActionMapsExactRequest/import_verify\n","OutputType":"frame"}
{"Time":"2026-09-08T17:57:35.85389359+03:00","Action":"output","Package":"virmill.local/core/internal/ui/tui","Test":"TestActionFormEveryRegisteredActionMapsExactRequest/import_verify","Output":"--- PASS: TestActionFormEveryRegisteredActionMapsExactRequest/import_verify (0.00s)\n","OutputType":"frame"}
{"Time":"2026-09-08T17:57:35.853905038+03:00","Action":"pass","Package":"virmill.local/core/internal/ui/tui","Test":"TestActionFormEveryRegisteredActionMapsExactRequest/import_verify","Elapsed":0}
{"Time":"2026-09-08T17:57:35.853916879+03:00","Action":"run","Package":"virmill.local/core/internal/ui/tui","Test":"TestActionFormEveryRegisteredActionMapsExactRequest/lab_validate"}
{"Time":"2026-09-08T17:57:35.853919596+03:00","Action":"output","Package":"virmill.local/core/internal/ui/tui","Test":"TestActionFormEveryRegisteredActionMapsExactRequest/lab_validate","Output":"=== RUN   TestActionFormEveryRegisteredActionMapsExactRequest/lab_validate\n","OutputType":"frame"}
{"Time":"2026-09-08T17:57:35.854143512+03:00","Action":"output","Package":"virmill.local/core/internal/ui/tui","Test":"TestActionFormEveryRegisteredActionMapsExactRequest/lab_validate","Output":"--- PASS: TestActionFormEveryRegisteredActionMapsExactRequest/lab_validate (0.00s)\n","OutputType":"frame"}
{"Time":"2026-09-08T17:57:35.854152861+03:00","Action":"pass","Package":"virmill.local/core/internal/ui/tui","Test":"TestActionFormEveryRegisteredActionMapsExactRequest/lab_validate","Elapsed":0}
{"Time":"2026-09-08T17:57:35.854165889+03:00","Action":"run","Package":"virmill.local/core/internal/ui/tui","Test":"TestActionFormEveryRegisteredActionMapsExactRequest/config_validate"}
{"Time":"2026-09-08T17:57:35.854167999+03:00","Action":"output","Package":"virmill.local/core/internal/ui/tui","Test":"TestActionFormEveryRegisteredActionMapsExactRequest/config_validate","Output":"=== RUN   TestActionFormEveryRegisteredActionMapsExactRequest/config_validate\n","OutputType":"frame"}
{"Time":"2026-09-08T17:57:35.854392046+03:00","Action":"output","Package":"virmill.local/core/internal/ui/tui","Test":"TestActionFormEveryRegisteredActionMapsExactRequest/config_validate","Output":"--- PASS: TestActionFormEveryRegisteredActionMapsExactRequest/config_validate (0.00s)\n","OutputType":"frame"}
{"Time":"2026-09-08T17:57:35.854401783+03:00","Action":"pass","Package":"virmill.local/core/internal/ui/tui","Test":"TestActionFormEveryRegisteredActionMapsExactRequest/config_validate","Elapsed":0}
{"Time":"2026-09-08T17:57:35.854418341+03:00","Action":"run","Package":"virmill.local/core/internal/ui/tui","Test":"TestActionFormEveryRegisteredActionMapsExactRequest/backup_policy_validate"}
{"Time":"2026-09-08T17:57:35.854420436+03:00","Action":"output","Package":"virmill.local/core/internal/ui/tui","Test":"TestActionFormEveryRegisteredActionMapsExactRequest/backup_policy_validate","Output":"=== RUN   TestActionFormEveryRegisteredActionMapsExactRequest/backup_policy_validate\n","OutputType":"frame"}
{"Time":"2026-09-08T17:57:35.85464529+03:00","Action":"output","Package":"virmill.local/core/internal/ui/tui","Test":"TestActionFormEveryRegisteredActionMapsExactRequest/backup_policy_validate","Output":"--- PASS: TestActionFormEveryRegisteredActionMapsExactRequest/backup_policy_validate (0.00s)\n","OutputType":"frame"}
{"Time":"2026-09-08T17:57:35.854655769+03:00","Action":"pass","Package":"virmill.local/core/internal/ui/tui","Test":"TestActionFormEveryRegisteredActionMapsExactRequest/backup_policy_validate","Elapsed":0}
{"Time":"2026-09-08T17:57:35.854670297+03:00","Action":"run","Package":"virmill.local/core/internal/ui/tui","Test":"TestActionFormEveryRegisteredActionMapsExactRequest/backup_repository_init"}
{"Time":"2026-09-08T17:57:35.854672485+03:00","Action":"output","Package":"virmill.local/core/internal/ui/tui","Test":"TestActionFormEveryRegisteredActionMapsExactRequest/backup_repository_init","Output":"=== RUN   TestActionFormEveryRegisteredActionMapsExactRequest/backup_repository_init\n","OutputType":"frame"}
{"Time":"2026-09-08T17:57:35.855603855+03:00","Action":"output","Package":"virmill.local/core/internal/ui/tui","Test":"TestActionFormEveryRegisteredActionMapsExactRequest/backup_repository_init","Output":"--- PASS: TestActionFormEveryRegisteredActionMapsExactRequest/backup_repository_init (0.00s)\n","OutputType":"frame"}
{"Time":"2026-09-08T17:57:35.855611816+03:00","Action":"pass","Package":"virmill.local/core/internal/ui/tui","Test":"TestActionFormEveryRegisteredActionMapsExactRequest/backup_repository_init","Elapsed":0}
{"Time":"2026-09-08T17:57:35.855629852+03:00","Action":"run","Package":"virmill.local/core/internal/ui/tui","Test":"TestActionFormEveryRegisteredActionMapsExactRequest/backup_repository_check"}
{"Time":"2026-09-08T17:57:35.85563217+03:00","Action":"output","Package":"virmill.local/core/internal/ui/tui","Test":"TestActionFormEveryRegisteredActionMapsExactRequest/backup_repository_check","Output":"=== RUN   TestActionFormEveryRegisteredActionMapsExactRequest/backup_repository_check\n","OutputType":"frame"}
{"Time":"2026-09-08T17:57:35.856522464+03:00","Action":"output","Package":"virmill.local/core/internal/ui/tui","Test":"TestActionFormEveryRegisteredActionMapsExactRequest/backup_repository_check","Output":"--- PASS: TestActionFormEveryRegisteredActionMapsExactRequest/backup_repository_check (0.00s)\n","OutputType":"frame"}
{"Time":"2026-09-08T17:57:35.856529797+03:00","Action":"pass","Package":"virmill.local/core/internal/ui/tui","Test":"TestActionFormEveryRegisteredActionMapsExactRequest/backup_repository_check","Elapsed":0}
{"Time":"2026-09-08T17:57:35.85654736+03:00","Action":"run","Package":"virmill.local/core/internal/ui/tui","Test":"TestActionFormEveryRegisteredActionMapsExactRequest/backup_create"}
{"Time":"2026-09-08T17:57:35.856549506+03:00","Action":"output","Package":"virmill.local/core/internal/ui/tui","Test":"TestActionFormEveryRegisteredActionMapsExactRequest/backup_create","Output":"=== RUN   TestActionFormEveryRegisteredActionMapsExactRequest/backup_create\n","OutputType":"frame"}
{"Time":"2026-09-08T17:57:35.857415505+03:00","Action":"output","Package":"virmill.local/core/internal/ui/tui","Test":"TestActionFormEveryRegisteredActionMapsExactRequest/backup_create","Output":"--- PASS: TestActionFormEveryRegisteredActionMapsExactRequest/backup_create (0.00s)\n","OutputType":"frame"}
{"Time":"2026-09-08T17:57:35.85742638+03:00","Action":"pass","Package":"virmill.local/core/internal/ui/tui","Test":"TestActionFormEveryRegisteredActionMapsExactRequest/backup_create","Elapsed":0}
{"Time":"2026-09-08T17:57:35.857447263+03:00","Action":"run","Package":"virmill.local/core/internal/ui/tui","Test":"TestActionFormEveryRegisteredActionMapsExactRequest/backup_restore"}
{"Time":"2026-09-08T17:57:35.857449464+03:00","Action":"output","Package":"virmill.local/core/internal/ui/tui","Test":"TestActionFormEveryRegisteredActionMapsExactRequest/backup_restore","Output":"=== RUN   TestActionFormEveryRegisteredActionMapsExactRequest/backup_restore\n","OutputType":"frame"}
{"Time":"2026-09-08T17:57:35.858369511+03:00","Action":"output","Package":"virmill.local/core/internal/ui/tui","Test":"TestActionFormEveryRegisteredActionMapsExactRequest/backup_restore","Output":"--- PASS: TestActionFormEveryRegisteredActionMapsExactRequest/backup_restore (0.00s)\n","OutputType":"frame"}
{"Time":"2026-09-08T17:57:35.858381414+03:00","Action":"pass","Package":"virmill.local/core/internal/ui/tui","Test":"TestActionFormEveryRegisteredActionMapsExactRequest/backup_restore","Elapsed":0}
{"Time":"2026-09-08T17:57:35.858394411+03:00","Action":"run","Package":"virmill.local/core/internal/ui/tui","Test":"TestActionFormEveryRegisteredActionMapsExactRequest/backup_result"}
{"Time":"2026-09-08T17:57:35.858396454+03:00","Action":"output","Package":"virmill.local/core/internal/ui/tui","Test":"TestActionFormEveryRegisteredActionMapsExactRequest/backup_result","Output":"=== RUN   TestActionFormEveryRegisteredActionMapsExactRequest/backup_result\n","OutputType":"frame"}
{"Time":"2026-09-08T17:57:35.858626562+03:00","Action":"output","Package":"virmill.local/core/internal/ui/tui","Test":"TestActionFormEveryRegisteredActionMapsExactRequest/backup_result","Output":"--- PASS: TestActionFormEveryRegisteredActionMapsExactRequest/backup_result (0.00s)\n","OutputType":"frame"}
{"Time":"2026-09-08T17:57:35.858641036+03:00","Action":"pass","Package":"virmill.local/core/internal/ui/tui","Test":"TestActionFormEveryRegisteredActionMapsExactRequest/backup_result","Elapsed":0}
{"Time":"2026-09-08T17:57:35.858647984+03:00","Action":"run","Package":"virmill.local/core/internal/ui/tui","Test":"TestActionFormEveryRegisteredActionMapsExactRequest/backup_policy_preview"}
{"Time":"2026-09-08T17:57:35.858649455+03:00","Action":"output","Package":"virmill.local/core/internal/ui/tui","Test":"TestActionFormEveryRegisteredActionMapsExactRequest/backup_policy_preview","Output":"=== RUN   TestActionFormEveryRegisteredActionMapsExactRequest/backup_policy_preview\n","OutputType":"frame"}
{"Time":"2026-09-08T17:57:35.859567367+03:00","Action":"output","Package":"virmill.local/core/internal/ui/tui","Test":"TestActionFormEveryRegisteredActionMapsExactRequest/backup_policy_preview","Output":"--- PASS: TestActionFormEveryRegisteredActionMapsExactRequest/backup_policy_preview (0.00s)\n","OutputType":"frame"}
{"Time":"2026-09-08T17:57:35.859583071+03:00","Action":"pass","Package":"virmill.local/core/internal/ui/tui","Test":"TestActionFormEveryRegisteredActionMapsExactRequest/backup_policy_preview","Elapsed":0}
{"Time":"2026-09-08T17:57:35.859606619+03:00","Action":"run","Package":"virmill.local/core/internal/ui/tui","Test":"TestActionFormEveryRegisteredActionMapsExactRequest/backup_verify-manifest"}
{"Time":"2026-09-08T17:57:35.859609192+03:00","Action":"output","Package":"virmill.local/core/internal/ui/tui","Test":"TestActionFormEveryRegisteredActionMapsExactRequest/backup_verify-manifest","Output":"=== RUN   TestActionFormEveryRegisteredActionMapsExactRequest/backup_verify-manifest\n","OutputType":"frame"}
{"Time":"2026-09-08T17:57:35.860564512+03:00","Action":"output","Package":"virmill.local/core/internal/ui/tui","Test":"TestActionFormEveryRegisteredActionMapsExactRequest/backup_verify-manifest","Output":"--- PASS: TestActionFormEveryRegisteredActionMapsExactRequest/backup_verify-manifest (0.00s)\n","OutputType":"frame"}
{"Time":"2026-09-08T17:57:35.860577702+03:00","Action":"pass","Package":"virmill.local/core/internal/ui/tui","Test":"TestActionFormEveryRegisteredActionMapsExactRequest/backup_verify-manifest","Elapsed":0}
{"Time":"2026-09-08T17:57:35.860597991+03:00","Action":"run","Package":"virmill.local/core/internal/ui/tui","Test":"TestActionFormEveryRegisteredActionMapsExactRequest/operation_list"}
{"Time":"2026-09-08T17:57:35.860599902+03:00","Action":"output","Package":"virmill.local/core/internal/ui/tui","Test":"TestActionFormEveryRegisteredActionMapsExactRequest/operation_list","Output":"=== RUN   TestActionFormEveryRegisteredActionMapsExactRequest/operation_list\n","OutputType":"frame"}
{"Time":"2026-09-08T17:57:35.860798137+03:00","Action":"output","Package":"virmill.local/core/internal/ui/tui","Test":"TestActionFormEveryRegisteredActionMapsExactRequest/operation_list","Output":"--- PASS: TestActionFormEveryRegisteredActionMapsExactRequest/operation_list (0.00s)\n","OutputType":"frame"}
{"Time":"2026-09-08T17:57:35.860803163+03:00","Action":"pass","Package":"virmill.local/core/internal/ui/tui","Test":"TestActionFormEveryRegisteredActionMapsExactRequest/operation_list","Elapsed":0}
{"Time":"2026-09-08T17:57:35.860817675+03:00","Action":"run","Package":"virmill.local/core/internal/ui/tui","Test":"TestActionFormEveryRegisteredActionMapsExactRequest/operation_show"}
{"Time":"2026-09-08T17:57:35.860819655+03:00","Action":"output","Package":"virmill.local/core/internal/ui/tui","Test":"TestActionFormEveryRegisteredActionMapsExactRequest/operation_show","Output":"=== RUN   TestActionFormEveryRegisteredActionMapsExactRequest/operation_show\n","OutputType":"frame"}
{"Time":"2026-09-08T17:57:35.861026564+03:00","Action":"output","Package":"virmill.local/core/internal/ui/tui","Test":"TestActionFormEveryRegisteredActionMapsExactRequest/operation_show","Output":"--- PASS: TestActionFormEveryRegisteredActionMapsExactRequest/operation_show (0.00s)\n","OutputType":"frame"}
{"Time":"2026-09-08T17:57:35.861030519+03:00","Action":"pass","Package":"virmill.local/core/internal/ui/tui","Test":"TestActionFormEveryRegisteredActionMapsExactRequest/operation_show","Elapsed":0}
{"Time":"2026-09-08T17:57:35.861050443+03:00","Action":"run","Package":"virmill.local/core/internal/ui/tui","Test":"TestActionFormEveryRegisteredActionMapsExactRequest/operation_watch"}
{"Time":"2026-09-08T17:57:35.861054865+03:00","Action":"output","Package":"virmill.local/core/internal/ui/tui","Test":"TestActionFormEveryRegisteredActionMapsExactRequest/operation_watch","Output":"=== RUN   TestActionFormEveryRegisteredActionMapsExactRequest/operation_watch\n","OutputType":"frame"}
{"Time":"2026-09-08T17:57:35.86127461+03:00","Action":"output","Package":"virmill.local/core/internal/ui/tui","Test":"TestActionFormEveryRegisteredActionMapsExactRequest/operation_watch","Output":"--- PASS: TestActionFormEveryRegisteredActionMapsExactRequest/operation_watch (0.00s)\n","OutputType":"frame"}
{"Time":"2026-09-08T17:57:35.861284688+03:00","Action":"pass","Package":"virmill.local/core/internal/ui/tui","Test":"TestActionFormEveryRegisteredActionMapsExactRequest/operation_watch","Elapsed":0}
{"Time":"2026-09-08T17:57:35.861298912+03:00","Action":"run","Package":"virmill.local/core/internal/ui/tui","Test":"TestActionFormEveryRegisteredActionMapsExactRequest/operation_cancel"}
{"Time":"2026-09-08T17:57:35.861300798+03:00","Action":"output","Package":"virmill.local/core/internal/ui/tui","Test":"TestActionFormEveryRegisteredActionMapsExactRequest/operation_cancel","Output":"=== RUN   TestActionFormEveryRegisteredActionMapsExactRequest/operation_cancel\n","OutputType":"frame"}
{"Time":"2026-09-08T17:57:35.861503261+03:00","Action":"output","Package":"virmill.local/core/internal/ui/tui","Test":"TestActionFormEveryRegisteredActionMapsExactRequest/operation_cancel","Output":"--- PASS: TestActionFormEveryRegisteredActionMapsExactRequest/operation_cancel (0.00s)\n","OutputType":"frame"}
{"Time":"2026-09-08T17:57:35.861506654+03:00","Action":"pass","Package":"virmill.local/core/internal/ui/tui","Test":"TestActionFormEveryRegisteredActionMapsExactRequest/operation_cancel","Elapsed":0}
{"Time":"2026-09-08T17:57:35.861524066+03:00","Action":"run","Package":"virmill.local/core/internal/ui/tui","Test":"TestActionFormEveryRegisteredActionMapsExactRequest/operation_reconcile"}
{"Time":"2026-09-08T17:57:35.861526329+03:00","Action":"output","Package":"virmill.local/core/internal/ui/tui","Test":"TestActionFormEveryRegisteredActionMapsExactRequest/operation_reconcile","Output":"=== RUN   TestActionFormEveryRegisteredActionMapsExactRequest/operation_reconcile\n","OutputType":"frame"}
{"Time":"2026-09-08T17:57:35.861722537+03:00","Action":"output","Package":"virmill.local/core/internal/ui/tui","Test":"TestActionFormEveryRegisteredActionMapsExactRequest/operation_reconcile","Output":"--- PASS: TestActionFormEveryRegisteredActionMapsExactRequest/operation_reconcile (0.00s)\n","OutputType":"frame"}
{"Time":"2026-09-08T17:57:35.861727503+03:00","Action":"pass","Package":"virmill.local/core/internal/ui/tui","Test":"TestActionFormEveryRegisteredActionMapsExactRequest/operation_reconcile","Elapsed":0}
{"Time":"2026-09-08T17:57:35.861741227+03:00","Action":"run","Package":"virmill.local/core/internal/ui/tui","Test":"TestActionFormEveryRegisteredActionMapsExactRequest/plan_show"}
{"Time":"2026-09-08T17:57:35.861743221+03:00","Action":"output","Package":"virmill.local/core/internal/ui/tui","Test":"TestActionFormEveryRegisteredActionMapsExactRequest/plan_show","Output":"=== RUN   TestActionFormEveryRegisteredActionMapsExactRequest/plan_show\n","OutputType":"frame"}
{"Time":"2026-09-08T17:57:35.86192897+03:00","Action":"output","Package":"virmill.local/core/internal/ui/tui","Test":"TestActionFormEveryRegisteredActionMapsExactRequest/plan_show","Output":"--- PASS: TestActionFormEveryRegisteredActionMapsExactRequest/plan_show (0.00s)\n","OutputType":"frame"}
{"Time":"2026-09-08T17:57:35.861939347+03:00","Action":"pass","Package":"virmill.local/core/internal/ui/tui","Test":"TestActionFormEveryRegisteredActionMapsExactRequest/plan_show","Elapsed":0}
{"Time":"2026-09-08T17:57:35.861966338+03:00","Action":"output","Package":"virmill.local/core/internal/ui/tui","Test":"TestActionFormEveryRegisteredActionMapsExactRequest","Output":"--- PASS: TestActionFormEveryRegisteredActionMapsExactRequest (0.04s)\n","OutputType":"frame"}
{"Time":"2026-09-08T17:57:35.86198109+03:00","Action":"pass","Package":"virmill.local/core/internal/ui/tui","Test":"TestActionFormEveryRegisteredActionMapsExactRequest","Elapsed":0.04}
{"Time":"2026-09-08T17:57:35.86199735+03:00","Action":"run","Package":"virmill.local/core/internal/ui/tui","Test":"TestActionFormPrimaryIDNeverPrefillsPathOrParameters"}
{"Time":"2026-09-08T17:57:35.861999605+03:00","Action":"output","Package":"virmill.local/core/internal/ui/tui","Test":"TestActionFormPrimaryIDNeverPrefillsPathOrParameters","Output":"=== RUN   TestActionFormPrimaryIDNeverPrefillsPathOrParameters\n","OutputType":"frame"}
{"Time":"2026-09-08T17:57:35.862082937+03:00","Action":"output","Package":"virmill.local/core/internal/ui/tui","Test":"TestActionFormPrimaryIDNeverPrefillsPathOrParameters","Output":"--- PASS: TestActionFormPrimaryIDNeverPrefillsPathOrParameters (0.00s)\n","OutputType":"frame"}
{"Time":"2026-09-08T17:57:35.862086033+03:00","Action":"pass","Package":"virmill.local/core/internal/ui/tui","Test":"TestActionFormPrimaryIDNeverPrefillsPathOrParameters","Elapsed":0}
{"Time":"2026-09-08T17:57:35.862096582+03:00","Action":"run","Package":"virmill.local/core/internal/ui/tui","Test":"TestActionFormOptionalParametersAndExplicitCompoundArguments"}
{"Time":"2026-09-08T17:57:35.86209884+03:00","Action":"output","Package":"virmill.local/core/internal/ui/tui","Test":"TestActionFormOptionalParametersAndExplicitCompoundArguments","Output":"=== RUN   TestActionFormOptionalParametersAndExplicitCompoundArguments\n","OutputType":"frame"}
{"Time":"2026-09-08T17:57:35.862246842+03:00","Action":"output","Package":"virmill.local/core/internal/ui/tui","Test":"TestActionFormOptionalParametersAndExplicitCompoundArguments","Output":"--- PASS: TestActionFormOptionalParametersAndExplicitCompoundArguments (0.00s)\n","OutputType":"frame"}
{"Time":"2026-09-08T17:57:35.862255994+03:00","Action":"pass","Package":"virmill.local/core/internal/ui/tui","Test":"TestActionFormOptionalParametersAndExplicitCompoundArguments","Elapsed":0}
{"Time":"2026-09-08T17:57:35.862267707+03:00","Action":"run","Package":"virmill.local/core/internal/ui/tui","Test":"TestActionFormBadParametersRefusedWithoutSuccessfulRequest"}
{"Time":"2026-09-08T17:57:35.862269763+03:00","Action":"output","Package":"virmill.local/core/internal/ui/tui","Test":"TestActionFormBadParametersRefusedWithoutSuccessfulRequest","Output":"=== RUN   TestActionFormBadParametersRefusedWithoutSuccessfulRequest\n","OutputType":"frame"}
{"Time":"2026-09-08T17:57:35.87167014+03:00","Action":"output","Package":"virmill.local/core/internal/ui/tui","Test":"TestActionFormBadParametersRefusedWithoutSuccessfulRequest","Output":"--- PASS: TestActionFormBadParametersRefusedWithoutSuccessfulRequest (0.01s)\n","OutputType":"frame"}
{"Time":"2026-09-08T17:57:35.871700526+03:00","Action":"pass","Package":"virmill.local/core/internal/ui/tui","Test":"TestActionFormBadParametersRefusedWithoutSuccessfulRequest","Elapsed":0.01}
{"Time":"2026-09-08T17:57:35.871708787+03:00","Action":"run","Package":"virmill.local/core/internal/ui/tui","Test":"TestActionFormMissingBadFieldsAndCancel"}
{"Time":"2026-09-08T17:57:35.871710805+03:00","Action":"output","Package":"virmill.local/core/internal/ui/tui","Test":"TestActionFormMissingBadFieldsAndCancel","Output":"=== RUN   TestActionFormMissingBadFieldsAndCancel\n","OutputType":"frame"}
{"Time":"2026-09-08T17:57:35.871722071+03:00","Action":"run","Package":"virmill.local/core/internal/ui/tui","Test":"TestActionFormMissingBadFieldsAndCancel/vm_show/id/"}
{"Time":"2026-09-08T17:57:35.871725184+03:00","Action":"output","Package":"virmill.local/core/internal/ui/tui","Test":"TestActionFormMissingBadFieldsAndCancel/vm_show/id/","Output":"=== RUN   TestActionFormMissingBadFieldsAndCancel/vm_show/id/\n","OutputType":"frame"}
{"Time":"2026-09-08T17:57:35.871817671+03:00","Action":"output","Package":"virmill.local/core/internal/ui/tui","Test":"TestActionFormMissingBadFieldsAndCancel/vm_show/id/","Output":"--- PASS: TestActionFormMissingBadFieldsAndCancel/vm_show/id/ (0.00s)\n","OutputType":"frame"}
{"Time":"2026-09-08T17:57:35.871825214+03:00","Action":"pass","Package":"virmill.local/core/internal/ui/tui","Test":"TestActionFormMissingBadFieldsAndCancel/vm_show/id/","Elapsed":0}
{"Time":"2026-09-08T17:57:35.871843697+03:00","Action":"run","Package":"virmill.local/core/internal/ui/tui","Test":"TestActionFormMissingBadFieldsAndCancel/vm_show/id/_padded_"}
{"Time":"2026-09-08T17:57:35.871847759+03:00","Action":"output","Package":"virmill.local/core/internal/ui/tui","Test":"TestActionFormMissingBadFieldsAndCancel/vm_show/id/_padded_","Output":"=== RUN   TestActionFormMissingBadFieldsAndCancel/vm_show/id/_padded_\n","OutputType":"frame"}
{"Time":"2026-09-08T17:57:35.87191437+03:00","Action":"output","Package":"virmill.local/core/internal/ui/tui","Test":"TestActionFormMissingBadFieldsAndCancel/vm_show/id/_padded_","Output":"--- PASS: TestActionFormMissingBadFieldsAndCancel/vm_show/id/_padded_ (0.00s)\n","OutputType":"frame"}
{"Time":"2026-09-08T17:57:35.87192207+03:00","Action":"pass","Package":"virmill.local/core/internal/ui/tui","Test":"TestActionFormMissingBadFieldsAndCancel/vm_show/id/_padded_","Elapsed":0}
{"Time":"2026-09-08T17:57:35.871939912+03:00","Action":"run","Package":"virmill.local/core/internal/ui/tui","Test":"TestActionFormMissingBadFieldsAndCancel/network_create/path/"}
{"Time":"2026-09-08T17:57:35.871943801+03:00","Action":"output","Package":"virmill.local/core/internal/ui/tui","Test":"TestActionFormMissingBadFieldsAndCancel/network_create/path/","Output":"=== RUN   TestActionFormMissingBadFieldsAndCancel/network_create/path/\n","OutputType":"frame"}
{"Time":"2026-09-08T17:57:35.872001991+03:00","Action":"output","Package":"virmill.local/core/internal/ui/tui","Test":"TestActionFormMissingBadFieldsAndCancel/network_create/path/","Output":"--- PASS: TestActionFormMissingBadFieldsAndCancel/network_create/path/ (0.00s)\n","OutputType":"frame"}
{"Time":"2026-09-08T17:57:35.872010475+03:00","Action":"pass","Package":"virmill.local/core/internal/ui/tui","Test":"TestActionFormMissingBadFieldsAndCancel/network_create/path/","Elapsed":0}
{"Time":"2026-09-08T17:57:35.872030975+03:00","Action":"run","Package":"virmill.local/core/internal/ui/tui","Test":"TestActionFormMissingBadFieldsAndCancel/network_create/path/relative.yaml"}
{"Time":"2026-09-08T17:57:35.872034664+03:00","Action":"output","Package":"virmill.local/core/internal/ui/tui","Test":"TestActionFormMissingBadFieldsAndCancel/network_create/path/relative.yaml","Output":"=== RUN   TestActionFormMissingBadFieldsAndCancel/network_create/path/relative.yaml\n","OutputType":"frame"}
{"Time":"2026-09-08T17:57:35.872095877+03:00","Action":"output","Package":"virmill.local/core/internal/ui/tui","Test":"TestActionFormMissingBadFieldsAndCancel/network_create/path/relative.yaml","Output":"--- PASS: TestActionFormMissingBadFieldsAndCancel/network_create/path/relative.yaml (0.00s)\n","OutputType":"frame"}
{"Time":"2026-09-08T17:57:35.872105906+03:00","Action":"pass","Package":"virmill.local/core/internal/ui/tui","Test":"TestActionFormMissingBadFieldsAndCancel/network_create/path/relative.yaml","Elapsed":0}
{"Time":"2026-09-08T17:57:35.872123135+03:00","Action":"run","Package":"virmill.local/core/internal/ui/tui","Test":"TestActionFormMissingBadFieldsAndCancel/network_create/path//private/../network.yaml"}
{"Time":"2026-09-08T17:57:35.872127058+03:00","Action":"output","Package":"virmill.local/core/internal/ui/tui","Test":"TestActionFormMissingBadFieldsAndCancel/network_create/path//private/../network.yaml","Output":"=== RUN   TestActionFormMissingBadFieldsAndCancel/network_create/path//private/../network.yaml\n","OutputType":"frame"}
{"Time":"2026-09-08T17:57:35.872193472+03:00","Action":"output","Package":"virmill.local/core/internal/ui/tui","Test":"TestActionFormMissingBadFieldsAndCancel/network_create/path//private/../network.yaml","Output":"--- PASS: TestActionFormMissingBadFieldsAndCancel/network_create/path//private/../network.yaml (0.00s)\n","OutputType":"frame"}
{"Time":"2026-09-08T17:57:35.872200485+03:00","Action":"pass","Package":"virmill.local/core/internal/ui/tui","Test":"TestActionFormMissingBadFieldsAndCancel/network_create/path//private/../network.yaml","Elapsed":0}
{"Time":"2026-09-08T17:57:35.872217425+03:00","Action":"run","Package":"virmill.local/core/internal/ui/tui","Test":"TestActionFormMissingBadFieldsAndCancel/guest_recipe_run/path/"}
{"Time":"2026-09-08T17:57:35.872221125+03:00","Action":"output","Package":"virmill.local/core/internal/ui/tui","Test":"TestActionFormMissingBadFieldsAndCancel/guest_recipe_run/path/","Output":"=== RUN   TestActionFormMissingBadFieldsAndCancel/guest_recipe_run/path/\n","OutputType":"frame"}
{"Time":"2026-09-08T17:57:35.872288381+03:00","Action":"output","Package":"virmill.local/core/internal/ui/tui","Test":"TestActionFormMissingBadFieldsAndCancel/guest_recipe_run/path/","Output":"--- PASS: TestActionFormMissingBadFieldsAndCancel/guest_recipe_run/path/ (0.00s)\n","OutputType":"frame"}
{"Time":"2026-09-08T17:57:35.872293944+03:00","Action":"pass","Package":"virmill.local/core/internal/ui/tui","Test":"TestActionFormMissingBadFieldsAndCancel/guest_recipe_run/path/","Elapsed":0}
{"Time":"2026-09-08T17:57:35.872323499+03:00","Action":"run","Package":"virmill.local/core/internal/ui/tui","Test":"TestActionFormMissingBadFieldsAndCancel/plugin_call/pluginAction/"}
{"Time":"2026-09-08T17:57:35.872327491+03:00","Action":"output","Package":"virmill.local/core/internal/ui/tui","Test":"TestActionFormMissingBadFieldsAndCancel/plugin_call/pluginAction/","Output":"=== RUN   TestActionFormMissingBadFieldsAndCancel/plugin_call/pluginAction/\n","OutputType":"frame"}
{"Time":"2026-09-08T17:57:35.872378941+03:00","Action":"output","Package":"virmill.local/core/internal/ui/tui","Test":"TestActionFormMissingBadFieldsAndCancel/plugin_call/pluginAction/","Output":"--- PASS: TestActionFormMissingBadFieldsAndCancel/plugin_call/pluginAction/ (0.00s)\n","OutputType":"frame"}
{"Time":"2026-09-08T17:57:35.872387998+03:00","Action":"pass","Package":"virmill.local/core/internal/ui/tui","Test":"TestActionFormMissingBadFieldsAndCancel/plugin_call/pluginAction/","Elapsed":0}
{"Time":"2026-09-08T17:57:35.872406789+03:00","Action":"run","Package":"virmill.local/core/internal/ui/tui","Test":"TestActionFormMissingBadFieldsAndCancel/operation_watch/after/-1"}
{"Time":"2026-09-08T17:57:35.872410644+03:00","Action":"output","Package":"virmill.local/core/internal/ui/tui","Test":"TestActionFormMissingBadFieldsAndCancel/operation_watch/after/-1","Output":"=== RUN   TestActionFormMissingBadFieldsAndCancel/operation_watch/after/-1\n","OutputType":"frame"}
{"Time":"2026-09-08T17:57:35.872533528+03:00","Action":"output","Package":"virmill.local/core/internal/ui/tui","Test":"TestActionFormMissingBadFieldsAndCancel/operation_watch/after/-1","Output":"--- PASS: TestActionFormMissingBadFieldsAndCancel/operation_watch/after/-1 (0.00s)\n","OutputType":"frame"}
{"Time":"2026-09-08T17:57:35.872556865+03:00","Action":"pass","Package":"virmill.local/core/internal/ui/tui","Test":"TestActionFormMissingBadFieldsAndCancel/operation_watch/after/-1","Elapsed":0}
{"Time":"2026-09-08T17:57:35.872562535+03:00","Action":"run","Package":"virmill.local/core/internal/ui/tui","Test":"TestActionFormMissingBadFieldsAndCancel/operation_watch/after/01"}
{"Time":"2026-09-08T17:57:35.87256501+03:00","Action":"output","Package":"virmill.local/core/internal/ui/tui","Test":"TestActionFormMissingBadFieldsAndCancel/operation_watch/after/01","Output":"=== RUN   TestActionFormMissingBadFieldsAndCancel/operation_watch/after/01\n","OutputType":"frame"}
{"Time":"2026-09-08T17:57:35.872674541+03:00","Action":"output","Package":"virmill.local/core/internal/ui/tui","Test":"TestActionFormMissingBadFieldsAndCancel/operation_watch/after/01","Output":"--- PASS: TestActionFormMissingBadFieldsAndCancel/operation_watch/after/01 (0.00s)\n","OutputType":"frame"}
{"Time":"2026-09-08T17:57:35.872699443+03:00","Action":"pass","Package":"virmill.local/core/internal/ui/tui","Test":"TestActionFormMissingBadFieldsAndCancel/operation_watch/after/01","Elapsed":0}
{"Time":"2026-09-08T17:57:35.872722139+03:00","Action":"run","Package":"virmill.local/core/internal/ui/tui","Test":"TestActionFormMissingBadFieldsAndCancel/operation_watch/after/9223372036854775808"}
{"Time":"2026-09-08T17:57:35.872724586+03:00","Action":"output","Package":"virmill.local/core/internal/ui/tui","Test":"TestActionFormMissingBadFieldsAndCancel/operation_watch/after/9223372036854775808","Output":"=== RUN   TestActionFormMissingBadFieldsAndCancel/operation_watch/after/9223372036854775808\n","OutputType":"frame"}
{"Time":"2026-09-08T17:57:35.872820583+03:00","Action":"output","Package":"virmill.local/core/internal/ui/tui","Test":"TestActionFormMissingBadFieldsAndCancel/operation_watch/after/9223372036854775808","Output":"--- PASS: TestActionFormMissingBadFieldsAndCancel/operation_watch/after/9223372036854775808 (0.00s)\n","OutputType":"frame"}
{"Time":"2026-09-08T17:57:35.872828839+03:00","Action":"pass","Package":"virmill.local/core/internal/ui/tui","Test":"TestActionFormMissingBadFieldsAndCancel/operation_watch/after/9223372036854775808","Elapsed":0}
{"Time":"2026-09-08T17:57:35.87284839+03:00","Action":"run","Package":"virmill.local/core/internal/ui/tui","Test":"TestActionFormMissingBadFieldsAndCancel/network_cidr_check/parametersFile//missing/explicit-file.json"}
{"Time":"2026-09-08T17:57:35.872850849+03:00","Action":"output","Package":"virmill.local/core/internal/ui/tui","Test":"TestActionFormMissingBadFieldsAndCancel/network_cidr_check/parametersFile//missing/explicit-file.json","Output":"=== RUN   TestActionFormMissingBadFieldsAndCancel/network_cidr_check/parametersFile//missing/explicit-file.json\n","OutputType":"frame"}
{"Time":"2026-09-08T17:57:35.872913891+03:00","Action":"output","Package":"virmill.local/core/internal/ui/tui","Test":"TestActionFormMissingBadFieldsAndCancel/network_cidr_check/parametersFile//missing/explicit-file.json","Output":"--- PASS: TestActionFormMissingBadFieldsAndCancel/network_cidr_check/parametersFile//missing/explicit-file.json (0.00s)\n","OutputType":"frame"}
{"Time":"2026-09-08T17:57:35.872925889+03:00","Action":"pass","Package":"virmill.local/core/internal/ui/tui","Test":"TestActionFormMissingBadFieldsAndCancel/network_cidr_check/parametersFile//missing/explicit-file.json","Elapsed":0}
{"Time":"2026-09-08T17:57:35.87293142+03:00","Action":"run","Package":"virmill.local/core/internal/ui/tui","Test":"TestActionFormMissingBadFieldsAndCancel/network_cidr_check/parametersFile/relative.json"}
{"Time":"2026-09-08T17:57:35.872933445+03:00","Action":"output","Package":"virmill.local/core/internal/ui/tui","Test":"TestActionFormMissingBadFieldsAndCancel/network_cidr_check/parametersFile/relative.json","Output":"=== RUN   TestActionFormMissingBadFieldsAndCancel/network_cidr_check/parametersFile/relative.json\n","OutputType":"frame"}
{"Time":"2026-09-08T17:57:35.872995959+03:00","Action":"output","Package":"virmill.local/core/internal/ui/tui","Test":"TestActionFormMissingBadFieldsAndCancel/network_cidr_check/parametersFile/relative.json","Output":"--- PASS: TestActionFormMissingBadFieldsAndCancel/network_cidr_check/parametersFile/relative.json (0.00s)\n","OutputType":"frame"}
{"Time":"2026-09-08T17:57:35.873008614+03:00","Action":"pass","Package":"virmill.local/core/internal/ui/tui","Test":"TestActionFormMissingBadFieldsAndCancel/network_cidr_check/parametersFile/relative.json","Elapsed":0}
{"Time":"2026-09-08T17:57:35.873030546+03:00","Action":"output","Package":"virmill.local/core/internal/ui/tui","Test":"TestActionFormMissingBadFieldsAndCancel","Output":"--- PASS: TestActionFormMissingBadFieldsAndCancel (0.00s)\n","OutputType":"frame"}
{"Time":"2026-09-08T17:57:35.873043731+03:00","Action":"pass","Package":"virmill.local/core/internal/ui/tui","Test":"TestActionFormMissingBadFieldsAndCancel","Elapsed":0}
{"Time":"2026-09-08T17:57:35.873063274+03:00","Action":"run","Package":"virmill.local/core/internal/ui/tui","Test":"TestActionFormFocusLiteralEditingAndDisplayBounds"}
{"Time":"2026-09-08T17:57:35.873065381+03:00","Action":"output","Package":"virmill.local/core/internal/ui/tui","Test":"TestActionFormFocusLiteralEditingAndDisplayBounds","Output":"=== RUN   TestActionFormFocusLiteralEditingAndDisplayBounds\n","OutputType":"frame"}
{"Time":"2026-09-08T17:57:35.873883093+03:00","Action":"output","Package":"virmill.local/core/internal/ui/tui","Test":"TestActionFormFocusLiteralEditingAndDisplayBounds","Output":"--- PASS: TestActionFormFocusLiteralEditingAndDisplayBounds (0.00s)\n","OutputType":"frame"}
{"Time":"2026-09-08T17:57:35.873892593+03:00","Action":"pass","Package":"virmill.local/core/internal/ui/tui","Test":"TestActionFormFocusLiteralEditingAndDisplayBounds","Elapsed":0}
{"Time":"2026-09-08T17:57:35.873907046+03:00","Action":"run","Package":"virmill.local/core/internal/ui/tui","Test":"TestActionFormRejectsInventedMethodsAndCorruptForm"}
{"Time":"2026-09-08T17:57:35.873909197+03:00","Action":"output","Package":"virmill.local/core/internal/ui/tui","Test":"TestActionFormRejectsInventedMethodsAndCorruptForm","Output":"=== RUN   TestActionFormRejectsInventedMethodsAndCorruptForm\n","OutputType":"frame"}
{"Time":"2026-09-08T17:57:35.873992651+03:00","Action":"output","Package":"virmill.local/core/internal/ui/tui","Test":"TestActionFormRejectsInventedMethodsAndCorruptForm","Output":"--- PASS: TestActionFormRejectsInventedMethodsAndCorruptForm (0.00s)\n","OutputType":"frame"}
{"Time":"2026-09-08T17:57:35.87399642+03:00","Action":"pass","Package":"virmill.local/core/internal/ui/tui","Test":"TestActionFormRejectsInventedMethodsAndCorruptForm","Elapsed":0}
{"Time":"2026-09-08T17:57:35.874005476+03:00","Action":"run","Package":"virmill.local/core/internal/ui/tui","Test":"TestActionLanguageCoversRegistry"}
{"Time":"2026-09-08T17:57:35.874007598+03:00","Action":"output","Package":"virmill.local/core/internal/ui/tui","Test":"TestActionLanguageCoversRegistry","Output":"=== RUN   TestActionLanguageCoversRegistry\n","OutputType":"frame"}
{"Time":"2026-09-08T17:57:35.874020706+03:00","Action":"run","Package":"virmill.local/core/internal/ui/tui","Test":"TestActionLanguageCoversRegistry/plugin_call"}
{"Time":"2026-09-08T17:57:35.8740226+03:00","Action":"output","Package":"virmill.local/core/internal/ui/tui","Test":"TestActionLanguageCoversRegistry/plugin_call","Output":"=== RUN   TestActionLanguageCoversRegistry/plugin_call\n","OutputType":"frame"}
{"Time":"2026-09-08T17:57:35.874062497+03:00","Action":"output","Package":"virmill.local/core/internal/ui/tui","Test":"TestActionLanguageCoversRegistry/plugin_call","Output":"--- PASS: TestActionLanguageCoversRegistry/plugin_call (0.00s)\n","OutputType":"frame"}
{"Time":"2026-09-08T17:57:35.874067084+03:00","Action":"pass","Package":"virmill.local/core/internal/ui/tui","Test":"TestActionLanguageCoversRegistry/plugin_call","Elapsed":0}
{"Time":"2026-09-08T17:57:35.874087712+03:00","Action":"run","Package":"virmill.local/core/internal/ui/tui","Test":"TestActionLanguageCoversRegistry/plugin_result"}
{"Time":"2026-09-08T17:57:35.874089605+03:00","Action":"output","Package":"virmill.local/core/internal/ui/tui","Test":"TestActionLanguageCoversRegistry/plugin_result","Output":"=== RUN   TestActionLanguageCoversRegistry/plugin_result\n","OutputType":"frame"}
{"Time":"2026-09-08T17:57:35.87411063+03:00","Action":"output","Package":"virmill.local/core/internal/ui/tui","Test":"TestActionLanguageCoversRegistry/plugin_result","Output":"--- PASS: TestActionLanguageCoversRegistry/plugin_result (0.00s)\n","OutputType":"frame"}
{"Time":"2026-09-08T17:57:35.87411992+03:00","Action":"pass","Package":"virmill.local/core/internal/ui/tui","Test":"TestActionLanguageCoversRegistry/plugin_result","Elapsed":0}
{"Time":"2026-09-08T17:57:35.874124382+03:00","Action":"run","Package":"virmill.local/core/internal/ui/tui","Test":"TestActionLanguageCoversRegistry/plugin_new"}
{"Time":"2026-09-08T17:57:35.874125585+03:00","Action":"output","Package":"virmill.local/core/internal/ui/tui","Test":"TestActionLanguageCoversRegistry/plugin_new","Output":"=== RUN   TestActionLanguageCoversRegistry/plugin_new\n","OutputType":"frame"}
{"Time":"2026-09-08T17:57:35.874155814+03:00","Action":"output","Package":"virmill.local/core/internal/ui/tui","Test":"TestActionLanguageCoversRegistry/plugin_new","Output":"--- PASS: TestActionLanguageCoversRegistry/plugin_new (0.00s)\n","OutputType":"frame"}
{"Time":"2026-09-08T17:57:35.874158684+03:00","Action":"pass","Package":"virmill.local/core/internal/ui/tui","Test":"TestActionLanguageCoversRegistry/plugin_new","Elapsed":0}
{"Time":"2026-09-08T17:57:35.874170425+03:00","Action":"run","Package":"virmill.local/core/internal/ui/tui","Test":"TestActionLanguageCoversRegistry/plugin_pack"}
{"Time":"2026-09-08T17:57:35.874172485+03:00","Action":"output","Package":"virmill.local/core/internal/ui/tui","Test":"TestActionLanguageCoversRegistry/plugin_pack","Output":"=== RUN   TestActionLanguageCoversRegistry/plugin_pack\n","OutputType":"frame"}
{"Time":"2026-09-08T17:57:35.874194238+03:00","Action":"output","Package":"virmill.local/core/internal/ui/tui","Test":"TestActionLanguageCoversRegistry/plugin_pack","Output":"--- PASS: TestActionLanguageCoversRegistry/plugin_pack (0.00s)\n","OutputType":"frame"}
{"Time":"2026-09-08T17:57:35.874197275+03:00","Action":"pass","Package":"virmill.local/core/internal/ui/tui","Test":"TestActionLanguageCoversRegistry/plugin_pack","Elapsed":0}
{"Time":"2026-09-08T17:57:35.874211004+03:00","Action":"run","Package":"virmill.local/core/internal/ui/tui","Test":"TestActionLanguageCoversRegistry/plugin_list"}
{"Time":"2026-09-08T17:57:35.874213318+03:00","Action":"output","Package":"virmill.local/core/internal/ui/tui","Test":"TestActionLanguageCoversRegistry/plugin_list","Output":"=== RUN   TestActionLanguageCoversRegistry/plugin_list\n","OutputType":"frame"}
{"Time":"2026-09-08T17:57:35.874227722+03:00","Action":"output","Package":"virmill.local/core/internal/ui/tui","Test":"TestActionLanguageCoversRegistry/plugin_list","Output":"--- PASS: TestActionLanguageCoversRegistry/plugin_list (0.00s)\n","OutputType":"frame"}
{"Time":"2026-09-08T17:57:35.874236171+03:00","Action":"pass","Package":"virmill.local/core/internal/ui/tui","Test":"TestActionLanguageCoversRegistry/plugin_list","Elapsed":0}
{"Time":"2026-09-08T17:57:35.87424531+03:00","Action":"run","Package":"virmill.local/core/internal/ui/tui","Test":"TestActionLanguageCoversRegistry/plugin_show"}
{"Time":"2026-09-08T17:57:35.874247403+03:00","Action":"output","Package":"virmill.local/core/internal/ui/tui","Test":"TestActionLanguageCoversRegistry/plugin_show","Output":"=== RUN   TestActionLanguageCoversRegistry/plugin_show\n","OutputType":"frame"}
{"Time":"2026-09-08T17:57:35.874261919+03:00","Action":"output","Package":"virmill.local/core/internal/ui/tui","Test":"TestActionLanguageCoversRegistry/plugin_show","Output":"--- PASS: TestActionLanguageCoversRegistry/plugin_show (0.00s)\n","OutputType":"frame"}
{"Time":"2026-09-08T17:57:35.874268722+03:00","Action":"pass","Package":"virmill.local/core/internal/ui/tui","Test":"TestActionLanguageCoversRegistry/plugin_show","Elapsed":0}
{"Time":"2026-09-08T17:57:35.874276677+03:00","Action":"run","Package":"virmill.local/core/internal/ui/tui","Test":"TestActionLanguageCoversRegistry/plugin_install"}
{"Time":"2026-09-08T17:57:35.874278628+03:00","Action":"output","Package":"virmill.local/core/internal/ui/tui","Test":"TestActionLanguageCoversRegistry/plugin_install","Output":"=== RUN   TestActionLanguageCoversRegistry/plugin_install\n","OutputType":"frame"}
{"Time":"2026-09-08T17:57:35.874295273+03:00","Action":"output","Package":"virmill.local/core/internal/ui/tui","Test":"TestActionLanguageCoversRegistry/plugin_install","Output":"--- PASS: TestActionLanguageCoversRegistry/plugin_install (0.00s)\n","OutputType":"frame"}
{"Time":"2026-09-08T17:57:35.874303932+03:00","Action":"pass","Package":"virmill.local/core/internal/ui/tui","Test":"TestActionLanguageCoversRegistry/plugin_install","Elapsed":0}
{"Time":"2026-09-08T17:57:35.874313352+03:00","Action":"run","Package":"virmill.local/core/internal/ui/tui","Test":"TestActionLanguageCoversRegistry/plugin_update"}
{"Time":"2026-09-08T17:57:35.874315146+03:00","Action":"output","Package":"virmill.local/core/internal/ui/tui","Test":"TestActionLanguageCoversRegistry/plugin_update","Output":"=== RUN   TestActionLanguageCoversRegistry/plugin_update\n","OutputType":"frame"}
{"Time":"2026-09-08T17:57:35.87434488+03:00","Action":"output","Package":"virmill.local/core/internal/ui/tui","Test":"TestActionLanguageCoversRegistry/plugin_update","Output":"--- PASS: TestActionLanguageCoversRegistry/plugin_update (0.00s)\n","OutputType":"frame"}
{"Time":"2026-09-08T17:57:35.874347565+03:00","Action":"pass","Package":"virmill.local/core/internal/ui/tui","Test":"TestActionLanguageCoversRegistry/plugin_update","Elapsed":0}
{"Time":"2026-09-08T17:57:35.874359271+03:00","Action":"run","Package":"virmill.local/core/internal/ui/tui","Test":"TestActionLanguageCoversRegistry/plugin_enable"}
{"Time":"2026-09-08T17:57:35.874361056+03:00","Action":"output","Package":"virmill.local/core/internal/ui/tui","Test":"TestActionLanguageCoversRegistry/plugin_enable","Output":"=== RUN   TestActionLanguageCoversRegistry/plugin_enable\n","OutputType":"frame"}
{"Time":"2026-09-08T17:57:35.874382528+03:00","Action":"output","Package":"virmill.local/core/internal/ui/tui","Test":"TestActionLanguageCoversRegistry/plugin_enable","Output":"--- PASS: TestActionLanguageCoversRegistry/plugin_enable (0.00s)\n","OutputType":"frame"}
{"Time":"2026-09-08T17:57:35.874385966+03:00","Action":"pass","Package":"virmill.local/core/internal/ui/tui","Test":"TestActionLanguageCoversRegistry/plugin_enable","Elapsed":0}
{"Time":"2026-09-08T17:57:35.874393666+03:00","Action":"run","Package":"virmill.local/core/internal/ui/tui","Test":"TestActionLanguageCoversRegistry/plugin_disable"}
{"Time":"2026-09-08T17:57:35.874395647+03:00","Action":"output","Package":"virmill.local/core/internal/ui/tui","Test":"TestActionLanguageCoversRegistry/plugin_disable","Output":"=== RUN   TestActionLanguageCoversRegistry/plugin_disable\n","OutputType":"frame"}
{"Time":"2026-09-08T17:57:35.87441145+03:00","Action":"output","Package":"virmill.local/core/internal/ui/tui","Test":"TestActionLanguageCoversRegistry/plugin_disable","Output":"--- PASS: TestActionLanguageCoversRegistry/plugin_disable (0.00s)\n","OutputType":"frame"}
{"Time":"2026-09-08T17:57:35.874419788+03:00","Action":"pass","Package":"virmill.local/core/internal/ui/tui","Test":"TestActionLanguageCoversRegistry/plugin_disable","Elapsed":0}
{"Time":"2026-09-08T17:57:35.874427574+03:00","Action":"run","Package":"virmill.local/core/internal/ui/tui","Test":"TestActionLanguageCoversRegistry/plugin_remove"}
{"Time":"2026-09-08T17:57:35.874429611+03:00","Action":"output","Package":"virmill.local/core/internal/ui/tui","Test":"TestActionLanguageCoversRegistry/plugin_remove","Output":"=== RUN   TestActionLanguageCoversRegistry/plugin_remove\n","OutputType":"frame"}
{"Time":"2026-09-08T17:57:35.874448034+03:00","Action":"output","Package":"virmill.local/core/internal/ui/tui","Test":"TestActionLanguageCoversRegistry/plugin_remove","Output":"--- PASS: TestActionLanguageCoversRegistry/plugin_remove (0.00s)\n","OutputType":"frame"}
{"Time":"2026-09-08T17:57:35.874450844+03:00","Action":"pass","Package":"virmill.local/core/internal/ui/tui","Test":"TestActionLanguageCoversRegistry/plugin_remove","Elapsed":0}
{"Time":"2026-09-08T17:57:35.874459841+03:00","Action":"run","Package":"virmill.local/core/internal/ui/tui","Test":"TestActionLanguageCoversRegistry/plugin_rollback"}
{"Time":"2026-09-08T17:57:35.874461924+03:00","Action":"output","Package":"virmill.local/core/internal/ui/tui","Test":"TestActionLanguageCoversRegistry/plugin_rollback","Output":"=== RUN   TestActionLanguageCoversRegistry/plugin_rollback\n","OutputType":"frame"}
{"Time":"2026-09-08T17:57:35.874489207+03:00","Action":"output","Package":"virmill.local/core/internal/ui/tui","Test":"TestActionLanguageCoversRegistry/plugin_rollback","Output":"--- PASS: TestActionLanguageCoversRegistry/plugin_rollback (0.00s)\n","OutputType":"frame"}
{"Time":"2026-09-08T17:57:35.87449187+03:00","Action":"pass","Package":"virmill.local/core/internal/ui/tui","Test":"TestActionLanguageCoversRegistry/plugin_rollback","Elapsed":0}
{"Time":"2026-09-08T17:57:35.874493193+03:00","Action":"run","Package":"virmill.local/core/internal/ui/tui","Test":"TestActionLanguageCoversRegistry/plugin_permissions_show"}
{"Time":"2026-09-08T17:57:35.874494361+03:00","Action":"output","Package":"virmill.local/core/internal/ui/tui","Test":"TestActionLanguageCoversRegistry/plugin_permissions_show","Output":"=== RUN   TestActionLanguageCoversRegistry/plugin_permissions_show\n","OutputType":"frame"}
{"Time":"2026-09-08T17:57:35.874514562+03:00","Action":"output","Package":"virmill.local/core/internal/ui/tui","Test":"TestActionLanguageCoversRegistry/plugin_permissions_show","Output":"--- PASS: TestActionLanguageCoversRegistry/plugin_permissions_show (0.00s)\n","OutputType":"frame"}
{"Time":"2026-09-08T17:57:35.874517421+03:00","Action":"pass","Package":"virmill.local/core/internal/ui/tui","Test":"TestActionLanguageCoversRegistry/plugin_permissions_show","Elapsed":0}
{"Time":"2026-09-08T17:57:35.874528756+03:00","Action":"run","Package":"virmill.local/core/internal/ui/tui","Test":"TestActionLanguageCoversRegistry/plugin_permissions_grant"}
{"Time":"2026-09-08T17:57:35.874530553+03:00","Action":"output","Package":"virmill.local/core/internal/ui/tui","Test":"TestActionLanguageCoversRegistry/plugin_permissions_grant","Output":"=== RUN   TestActionLanguageCoversRegistry/plugin_permissions_grant\n","OutputType":"frame"}
{"Time":"2026-09-08T17:57:35.874546751+03:00","Action":"output","Package":"virmill.local/core/internal/ui/tui","Test":"TestActionLanguageCoversRegistry/plugin_permissions_grant","Output":"--- PASS: TestActionLanguageCoversRegistry/plugin_permissions_grant (0.00s)\n","OutputType":"frame"}
{"Time":"2026-09-08T17:57:35.874549981+03:00","Action":"pass","Package":"virmill.local/core/internal/ui/tui","Test":"TestActionLanguageCoversRegistry/plugin_permissions_grant","Elapsed":0}
{"Time":"2026-09-08T17:57:35.874564662+03:00","Action":"run","Package":"virmill.local/core/internal/ui/tui","Test":"TestActionLanguageCoversRegistry/plugin_permissions_revoke"}
{"Time":"2026-09-08T17:57:35.874566901+03:00","Action":"output","Package":"virmill.local/core/internal/ui/tui","Test":"TestActionLanguageCoversRegistry/plugin_permissions_revoke","Output":"=== RUN   TestActionLanguageCoversRegistry/plugin_permissions_revoke\n","OutputType":"frame"}
{"Time":"2026-09-08T17:57:35.874593076+03:00","Action":"output","Package":"virmill.local/core/internal/ui/tui","Test":"TestActionLanguageCoversRegistry/plugin_permissions_revoke","Output":"--- PASS: TestActionLanguageCoversRegistry/plugin_permissions_revoke (0.00s)\n","OutputType":"frame"}
{"Time":"2026-09-08T17:57:35.874595678+03:00","Action":"pass","Package":"virmill.local/core/internal/ui/tui","Test":"TestActionLanguageCoversRegistry/plugin_permissions_revoke","Elapsed":0}
{"Time":"2026-09-08T17:57:35.874604882+03:00","Action":"run","Package":"virmill.local/core/internal/ui/tui","Test":"TestActionLanguageCoversRegistry/plugin_validate"}
{"Time":"2026-09-08T17:57:35.874606862+03:00","Action":"output","Package":"virmill.local/core/internal/ui/tui","Test":"TestActionLanguageCoversRegistry/plugin_validate","Output":"=== RUN   TestActionLanguageCoversRegistry/plugin_validate\n","OutputType":"frame"}
{"Time":"2026-09-08T17:57:35.874625204+03:00","Action":"output","Package":"virmill.local/core/internal/ui/tui","Test":"TestActionLanguageCoversRegistry/plugin_validate","Output":"--- PASS: TestActionLanguageCoversRegistry/plugin_validate (0.00s)\n","OutputType":"frame"}
{"Time":"2026-09-08T17:57:35.874628207+03:00","Action":"pass","Package":"virmill.local/core/internal/ui/tui","Test":"TestActionLanguageCoversRegistry/plugin_validate","Elapsed":0}
{"Time":"2026-09-08T17:57:35.874638852+03:00","Action":"run","Package":"virmill.local/core/internal/ui/tui","Test":"TestActionLanguageCoversRegistry/plugin_test"}
{"Time":"2026-09-08T17:57:35.874640894+03:00","Action":"output","Package":"virmill.local/core/internal/ui/tui","Test":"TestActionLanguageCoversRegistry/plugin_test","Output":"=== RUN   TestActionLanguageCoversRegistry/plugin_test\n","OutputType":"frame"}
{"Time":"2026-09-08T17:57:35.874656958+03:00","Action":"output","Package":"virmill.local/core/internal/ui/tui","Test":"TestActionLanguageCoversRegistry/plugin_test","Output":"--- PASS: TestActionLanguageCoversRegistry/plugin_test (0.00s)\n","OutputType":"frame"}
{"Time":"2026-09-08T17:57:35.874659553+03:00","Action":"pass","Package":"virmill.local/core/internal/ui/tui","Test":"TestActionLanguageCoversRegistry/plugin_test","Elapsed":0}
{"Time":"2026-09-08T17:57:35.874670047+03:00","Action":"run","Package":"virmill.local/core/internal/ui/tui","Test":"TestActionLanguageCoversRegistry/host_inspect"}
{"Time":"2026-09-08T17:57:35.874671881+03:00","Action":"output","Package":"virmill.local/core/internal/ui/tui","Test":"TestActionLanguageCoversRegistry/host_inspect","Output":"=== RUN   TestActionLanguageCoversRegistry/host_inspect\n","OutputType":"frame"}
{"Time":"2026-09-08T17:57:35.874688796+03:00","Action":"output","Package":"virmill.local/core/internal/ui/tui","Test":"TestActionLanguageCoversRegistry/host_inspect","Output":"--- PASS: TestActionLanguageCoversRegistry/host_inspect (0.00s)\n","OutputType":"frame"}
{"Time":"2026-09-08T17:57:35.874691907+03:00","Action":"pass","Package":"virmill.local/core/internal/ui/tui","Test":"TestActionLanguageCoversRegistry/host_inspect","Elapsed":0}
{"Time":"2026-09-08T17:57:35.874703911+03:00","Action":"run","Package":"virmill.local/core/internal/ui/tui","Test":"TestActionLanguageCoversRegistry/host_capabilities"}
{"Time":"2026-09-08T17:57:35.874706097+03:00","Action":"output","Package":"virmill.local/core/internal/ui/tui","Test":"TestActionLanguageCoversRegistry/host_capabilities","Output":"=== RUN   TestActionLanguageCoversRegistry/host_capabilities\n","OutputType":"frame"}
{"Time":"2026-09-08T17:57:35.87471978+03:00","Action":"output","Package":"virmill.local/core/internal/ui/tui","Test":"TestActionLanguageCoversRegistry/host_capabilities","Output":"--- PASS: TestActionLanguageCoversRegistry/host_capabilities (0.00s)\n","OutputType":"frame"}
{"Time":"2026-09-08T17:57:35.874728234+03:00","Action":"pass","Package":"virmill.local/core/internal/ui/tui","Test":"TestActionLanguageCoversRegistry/host_capabilities","Elapsed":0}
{"Time":"2026-09-08T17:57:35.874755484+03:00","Action":"run","Package":"virmill.local/core/internal/ui/tui","Test":"TestActionLanguageCoversRegistry/storage_pool_list"}
{"Time":"2026-09-08T17:57:35.874757371+03:00","Action":"output","Package":"virmill.local/core/internal/ui/tui","Test":"TestActionLanguageCoversRegistry/storage_pool_list","Output":"=== RUN   TestActionLanguageCoversRegistry/storage_pool_list\n","OutputType":"frame"}
{"Time":"2026-09-08T17:57:35.874773365+03:00","Action":"output","Package":"virmill.local/core/internal/ui/tui","Test":"TestActionLanguageCoversRegistry/storage_pool_list","Output":"--- PASS: TestActionLanguageCoversRegistry/storage_pool_list (0.00s)\n","OutputType":"frame"}
{"Time":"2026-09-08T17:57:35.874781121+03:00","Action":"pass","Package":"virmill.local/core/internal/ui/tui","Test":"TestActionLanguageCoversRegistry/storage_pool_list","Elapsed":0}
{"Time":"2026-09-08T17:57:35.8747894+03:00","Action":"run","Package":"virmill.local/core/internal/ui/tui","Test":"TestActionLanguageCoversRegistry/storage_pool_show"}
{"Time":"2026-09-08T17:57:35.874791438+03:00","Action":"output","Package":"virmill.local/core/internal/ui/tui","Test":"TestActionLanguageCoversRegistry/storage_pool_show","Output":"=== RUN   TestActionLanguageCoversRegistry/storage_pool_show\n","OutputType":"frame"}
{"Time":"2026-09-08T17:57:35.874814074+03:00","Action":"output","Package":"virmill.local/core/internal/ui/tui","Test":"TestActionLanguageCoversRegistry/storage_pool_show","Output":"--- PASS: TestActionLanguageCoversRegistry/storage_pool_show (0.00s)\n","OutputType":"frame"}
{"Time":"2026-09-08T17:57:35.874822387+03:00","Action":"pass","Package":"virmill.local/core/internal/ui/tui","Test":"TestActionLanguageCoversRegistry/storage_pool_show","Elapsed":0}
{"Time":"2026-09-08T17:57:35.874830361+03:00","Action":"run","Package":"virmill.local/core/internal/ui/tui","Test":"TestActionLanguageCoversRegistry/storage_access_grant"}
{"Time":"2026-09-08T17:57:35.874832435+03:00","Action":"output","Package":"virmill.local/core/internal/ui/tui","Test":"TestActionLanguageCoversRegistry/storage_access_grant","Output":"=== RUN   TestActionLanguageCoversRegistry/storage_access_grant\n","OutputType":"frame"}
{"Time":"2026-09-08T17:57:35.874851012+03:00","Action":"output","Package":"virmill.local/core/internal/ui/tui","Test":"TestActionLanguageCoversRegistry/storage_access_grant","Output":"--- PASS: TestActionLanguageCoversRegistry/storage_access_grant (0.00s)\n","OutputType":"frame"}
{"Time":"2026-09-08T17:57:35.874853811+03:00","Action":"pass","Package":"virmill.local/core/internal/ui/tui","Test":"TestActionLanguageCoversRegistry/storage_access_grant","Elapsed":0}
{"Time":"2026-09-08T17:57:35.874862186+03:00","Action":"run","Package":"virmill.local/core/internal/ui/tui","Test":"TestActionLanguageCoversRegistry/storage_access_revoke"}
{"Time":"2026-09-08T17:57:35.874864269+03:00","Action":"output","Package":"virmill.local/core/internal/ui/tui","Test":"TestActionLanguageCoversRegistry/storage_access_revoke","Output":"=== RUN   TestActionLanguageCoversRegistry/storage_access_revoke\n","OutputType":"frame"}
{"Time":"2026-09-08T17:57:35.874883375+03:00","Action":"output","Package":"virmill.local/core/internal/ui/tui","Test":"TestActionLanguageCoversRegistry/storage_access_revoke","Output":"--- PASS: TestActionLanguageCoversRegistry/storage_access_revoke (0.00s)\n","OutputType":"frame"}
{"Time":"2026-09-08T17:57:35.874890341+03:00","Action":"pass","Package":"virmill.local/core/internal/ui/tui","Test":"TestActionLanguageCoversRegistry/storage_access_revoke","Elapsed":0}
{"Time":"2026-09-08T17:57:35.874898366+03:00","Action":"run","Package":"virmill.local/core/internal/ui/tui","Test":"TestActionLanguageCoversRegistry/storage_access_result"}
{"Time":"2026-09-08T17:57:35.874903452+03:00","Action":"output","Package":"virmill.local/core/internal/ui/tui","Test":"TestActionLanguageCoversRegistry/storage_access_result","Output":"=== RUN   TestActionLanguageCoversRegistry/storage_access_result\n","OutputType":"frame"}
{"Time":"2026-09-08T17:57:35.874919936+03:00","Action":"output","Package":"virmill.local/core/internal/ui/tui","Test":"TestActionLanguageCoversRegistry/storage_access_result","Output":"--- PASS: TestActionLanguageCoversRegistry/storage_access_result (0.00s)\n","OutputType":"frame"}
{"Time":"2026-09-08T17:57:35.874922835+03:00","Action":"pass","Package":"virmill.local/core/internal/ui/tui","Test":"TestActionLanguageCoversRegistry/storage_access_result","Elapsed":0}
{"Time":"2026-09-08T17:57:35.874931627+03:00","Action":"run","Package":"virmill.local/core/internal/ui/tui","Test":"TestActionLanguageCoversRegistry/host_helper_identity"}
{"Time":"2026-09-08T17:57:35.874933655+03:00","Action":"output","Package":"virmill.local/core/internal/ui/tui","Test":"TestActionLanguageCoversRegistry/host_helper_identity","Output":"=== RUN   TestActionLanguageCoversRegistry/host_helper_identity\n","OutputType":"frame"}
{"Time":"2026-09-08T17:57:35.874950888+03:00","Action":"output","Package":"virmill.local/core/internal/ui/tui","Test":"TestActionLanguageCoversRegistry/host_helper_identity","Output":"--- PASS: TestActionLanguageCoversRegistry/host_helper_identity (0.00s)\n","OutputType":"frame"}
{"Time":"2026-09-08T17:57:35.874953778+03:00","Action":"pass","Package":"virmill.local/core/internal/ui/tui","Test":"TestActionLanguageCoversRegistry/host_helper_identity","Elapsed":0}
{"Time":"2026-09-08T17:57:35.874962494+03:00","Action":"run","Package":"virmill.local/core/internal/ui/tui","Test":"TestActionLanguageCoversRegistry/network_list"}
{"Time":"2026-09-08T17:57:35.874964484+03:00","Action":"output","Package":"virmill.local/core/internal/ui/tui","Test":"TestActionLanguageCoversRegistry/network_list","Output":"=== RUN   TestActionLanguageCoversRegistry/network_list\n","OutputType":"frame"}
{"Time":"2026-09-08T17:57:35.874982869+03:00","Action":"output","Package":"virmill.local/core/internal/ui/tui","Test":"TestActionLanguageCoversRegistry/network_list","Output":"--- PASS: TestActionLanguageCoversRegistry/network_list (0.00s)\n","OutputType":"frame"}
{"Time":"2026-09-08T17:57:35.874985704+03:00","Action":"pass","Package":"virmill.local/core/internal/ui/tui","Test":"TestActionLanguageCoversRegistry/network_list","Elapsed":0}
{"Time":"2026-09-08T17:57:35.874994122+03:00","Action":"run","Package":"virmill.local/core/internal/ui/tui","Test":"TestActionLanguageCoversRegistry/network_create"}
{"Time":"2026-09-08T17:57:35.874996136+03:00","Action":"output","Package":"virmill.local/core/internal/ui/tui","Test":"TestActionLanguageCoversRegistry/network_create","Output":"=== RUN   TestActionLanguageCoversRegistry/network_create\n","OutputType":"frame"}
{"Time":"2026-09-08T17:57:35.875012742+03:00","Action":"output","Package":"virmill.local/core/internal/ui/tui","Test":"TestActionLanguageCoversRegistry/network_create","Output":"--- PASS: TestActionLanguageCoversRegistry/network_create (0.00s)\n","OutputType":"frame"}
{"Time":"2026-09-08T17:57:35.87501712+03:00","Action":"pass","Package":"virmill.local/core/internal/ui/tui","Test":"TestActionLanguageCoversRegistry/network_create","Elapsed":0}
{"Time":"2026-09-08T17:57:35.875028899+03:00","Action":"run","Package":"virmill.local/core/internal/ui/tui","Test":"TestActionLanguageCoversRegistry/network_creation_result"}
{"Time":"2026-09-08T17:57:35.875030783+03:00","Action":"output","Package":"virmill.local/core/internal/ui/tui","Test":"TestActionLanguageCoversRegistry/network_creation_result","Output":"=== RUN   TestActionLanguageCoversRegistry/network_creation_result\n","OutputType":"frame"}
{"Time":"2026-09-08T17:57:35.875046456+03:00","Action":"output","Package":"virmill.local/core/internal/ui/tui","Test":"TestActionLanguageCoversRegistry/network_creation_result","Output":"--- PASS: TestActionLanguageCoversRegistry/network_creation_result (0.00s)\n","OutputType":"frame"}
{"Time":"2026-09-08T17:57:35.875053309+03:00","Action":"pass","Package":"virmill.local/core/internal/ui/tui","Test":"TestActionLanguageCoversRegistry/network_creation_result","Elapsed":0}
{"Time":"2026-09-08T17:57:35.875061428+03:00","Action":"run","Package":"virmill.local/core/internal/ui/tui","Test":"TestActionLanguageCoversRegistry/network_creation_resume"}
{"Time":"2026-09-08T17:57:35.875063506+03:00","Action":"output","Package":"virmill.local/core/internal/ui/tui","Test":"TestActionLanguageCoversRegistry/network_creation_resume","Output":"=== RUN   TestActionLanguageCoversRegistry/network_creation_resume\n","OutputType":"frame"}
{"Time":"2026-09-08T17:57:35.875083661+03:00","Action":"output","Package":"virmill.local/core/internal/ui/tui","Test":"TestActionLanguageCoversRegistry/network_creation_resume","Output":"--- PASS: TestActionLanguageCoversRegistry/network_creation_resume (0.00s)\n","OutputType":"frame"}
{"Time":"2026-09-08T17:57:35.8750883+03:00","Action":"pass","Package":"virmill.local/core/internal/ui/tui","Test":"TestActionLanguageCoversRegistry/network_creation_resume","Elapsed":0}
{"Time":"2026-09-08T17:57:35.875100087+03:00","Action":"run","Package":"virmill.local/core/internal/ui/tui","Test":"TestActionLanguageCoversRegistry/network_cidr_check"}
{"Time":"2026-09-08T17:57:35.875102187+03:00","Action":"output","Package":"virmill.local/core/internal/ui/tui","Test":"TestActionLanguageCoversRegistry/network_cidr_check","Output":"=== RUN   TestActionLanguageCoversRegistry/network_cidr_check\n","OutputType":"frame"}
{"Time":"2026-09-08T17:57:35.875117404+03:00","Action":"output","Package":"virmill.local/core/internal/ui/tui","Test":"TestActionLanguageCoversRegistry/network_cidr_check","Output":"--- PASS: TestActionLanguageCoversRegistry/network_cidr_check (0.00s)\n","OutputType":"frame"}
{"Time":"2026-09-08T17:57:35.875119997+03:00","Action":"pass","Package":"virmill.local/core/internal/ui/tui","Test":"TestActionLanguageCoversRegistry/network_cidr_check","Elapsed":0}
{"Time":"2026-09-08T17:57:35.875128895+03:00","Action":"run","Package":"virmill.local/core/internal/ui/tui","Test":"TestActionLanguageCoversRegistry/host_pci_list"}
{"Time":"2026-09-08T17:57:35.875130938+03:00","Action":"output","Package":"virmill.local/core/internal/ui/tui","Test":"TestActionLanguageCoversRegistry/host_pci_list","Output":"=== RUN   TestActionLanguageCoversRegistry/host_pci_list\n","OutputType":"frame"}
{"Time":"2026-09-08T17:57:35.875146966+03:00","Action":"output","Package":"virmill.local/core/internal/ui/tui","Test":"TestActionLanguageCoversRegistry/host_pci_list","Output":"--- PASS: TestActionLanguageCoversRegistry/host_pci_list (0.00s)\n","OutputType":"frame"}
{"Time":"2026-09-08T17:57:35.87515823+03:00","Action":"pass","Package":"virmill.local/core/internal/ui/tui","Test":"TestActionLanguageCoversRegistry/host_pci_list","Elapsed":0}
{"Time":"2026-09-08T17:57:35.875163527+03:00","Action":"run","Package":"virmill.local/core/internal/ui/tui","Test":"TestActionLanguageCoversRegistry/device_usb_list"}
{"Time":"2026-09-08T17:57:35.875165427+03:00","Action":"output","Package":"virmill.local/core/internal/ui/tui","Test":"TestActionLanguageCoversRegistry/device_usb_list","Output":"=== RUN   TestActionLanguageCoversRegistry/device_usb_list\n","OutputType":"frame"}
{"Time":"2026-09-08T17:57:35.87518177+03:00","Action":"output","Package":"virmill.local/core/internal/ui/tui","Test":"TestActionLanguageCoversRegistry/device_usb_list","Output":"--- PASS: TestActionLanguageCoversRegistry/device_usb_list (0.00s)\n","OutputType":"frame"}
{"Time":"2026-09-08T17:57:35.875188882+03:00","Action":"pass","Package":"virmill.local/core/internal/ui/tui","Test":"TestActionLanguageCoversRegistry/device_usb_list","Elapsed":0}
{"Time":"2026-09-08T17:57:35.875196819+03:00","Action":"run","Package":"virmill.local/core/internal/ui/tui","Test":"TestActionLanguageCoversRegistry/network_show"}
{"Time":"2026-09-08T17:57:35.875198814+03:00","Action":"output","Package":"virmill.local/core/internal/ui/tui","Test":"TestActionLanguageCoversRegistry/network_show","Output":"=== RUN   TestActionLanguageCoversRegistry/network_show\n","OutputType":"frame"}
{"Time":"2026-09-08T17:57:35.875215714+03:00","Action":"output","Package":"virmill.local/core/internal/ui/tui","Test":"TestActionLanguageCoversRegistry/network_show","Output":"--- PASS: TestActionLanguageCoversRegistry/network_show (0.00s)\n","OutputType":"frame"}
{"Time":"2026-09-08T17:57:35.87522044+03:00","Action":"pass","Package":"virmill.local/core/internal/ui/tui","Test":"TestActionLanguageCoversRegistry/network_show","Elapsed":0}
{"Time":"2026-09-08T17:57:35.875237867+03:00","Action":"run","Package":"virmill.local/core/internal/ui/tui","Test":"TestActionLanguageCoversRegistry/vm_list"}
{"Time":"2026-09-08T17:57:35.875239911+03:00","Action":"output","Package":"virmill.local/core/internal/ui/tui","Test":"TestActionLanguageCoversRegistry/vm_list","Output":"=== RUN   TestActionLanguageCoversRegistry/vm_list\n","OutputType":"frame"}
{"Time":"2026-09-08T17:57:35.875251114+03:00","Action":"output","Package":"virmill.local/core/internal/ui/tui","Test":"TestActionLanguageCoversRegistry/vm_list","Output":"--- PASS: TestActionLanguageCoversRegistry/vm_list (0.00s)\n","OutputType":"frame"}
{"Time":"2026-09-08T17:57:35.875253981+03:00","Action":"pass","Package":"virmill.local/core/internal/ui/tui","Test":"TestActionLanguageCoversRegistry/vm_list","Elapsed":0}
{"Time":"2026-09-08T17:57:35.875262342+03:00","Action":"run","Package":"virmill.local/core/internal/ui/tui","Test":"TestActionLanguageCoversRegistry/vm_show"}
{"Time":"2026-09-08T17:57:35.875264369+03:00","Action":"output","Package":"virmill.local/core/internal/ui/tui","Test":"TestActionLanguageCoversRegistry/vm_show","Output":"=== RUN   TestActionLanguageCoversRegistry/vm_show\n","OutputType":"frame"}
{"Time":"2026-09-08T17:57:35.875285471+03:00","Action":"output","Package":"virmill.local/core/internal/ui/tui","Test":"TestActionLanguageCoversRegistry/vm_show","Output":"--- PASS: TestActionLanguageCoversRegistry/vm_show (0.00s)\n","OutputType":"frame"}
{"Time":"2026-09-08T17:57:35.875292194+03:00","Action":"pass","Package":"virmill.local/core/internal/ui/tui","Test":"TestActionLanguageCoversRegistry/vm_show","Elapsed":0}
{"Time":"2026-09-08T17:57:35.875304967+03:00","Action":"run","Package":"virmill.local/core/internal/ui/tui","Test":"TestActionLanguageCoversRegistry/vm_recovery_inspect"}
{"Time":"2026-09-08T17:57:35.875307212+03:00","Action":"output","Package":"virmill.local/core/internal/ui/tui","Test":"TestActionLanguageCoversRegistry/vm_recovery_inspect","Output":"=== RUN   TestActionLanguageCoversRegistry/vm_recovery_inspect\n","OutputType":"frame"}
{"Time":"2026-09-08T17:57:35.875323822+03:00","Action":"output","Package":"virmill.local/core/internal/ui/tui","Test":"TestActionLanguageCoversRegistry/vm_recovery_inspect","Output":"--- PASS: TestActionLanguageCoversRegistry/vm_recovery_inspect (0.00s)\n","OutputType":"frame"}
{"Time":"2026-09-08T17:57:35.87532846+03:00","Action":"pass","Package":"virmill.local/core/internal/ui/tui","Test":"TestActionLanguageCoversRegistry/vm_recovery_inspect","Elapsed":0}
{"Time":"2026-09-08T17:57:35.875343082+03:00","Action":"run","Package":"virmill.local/core/internal/ui/tui","Test":"TestActionLanguageCoversRegistry/vm_recovery_auxiliary_inspect"}
{"Time":"2026-09-08T17:57:35.875345151+03:00","Action":"output","Package":"virmill.local/core/internal/ui/tui","Test":"TestActionLanguageCoversRegistry/vm_recovery_auxiliary_inspect","Output":"=== RUN   TestActionLanguageCoversRegistry/vm_recovery_auxiliary_inspect\n","OutputType":"frame"}
{"Time":"2026-09-08T17:57:35.875363943+03:00","Action":"output","Package":"virmill.local/core/internal/ui/tui","Test":"TestActionLanguageCoversRegistry/vm_recovery_auxiliary_inspect","Output":"--- PASS: TestActionLanguageCoversRegistry/vm_recovery_auxiliary_inspect (0.00s)\n","OutputType":"frame"}
{"Time":"2026-09-08T17:57:35.875366733+03:00","Action":"pass","Package":"virmill.local/core/internal/ui/tui","Test":"TestActionLanguageCoversRegistry/vm_recovery_auxiliary_inspect","Elapsed":0}
{"Time":"2026-09-08T17:57:35.875377724+03:00","Action":"run","Package":"virmill.local/core/internal/ui/tui","Test":"TestActionLanguageCoversRegistry/snapshot_create"}
{"Time":"2026-09-08T17:57:35.875379813+03:00","Action":"output","Package":"virmill.local/core/internal/ui/tui","Test":"TestActionLanguageCoversRegistry/snapshot_create","Output":"=== RUN   TestActionLanguageCoversRegistry/snapshot_create\n","OutputType":"frame"}
{"Time":"2026-09-08T17:57:35.875395472+03:00","Action":"output","Package":"virmill.local/core/internal/ui/tui","Test":"TestActionLanguageCoversRegistry/snapshot_create","Output":"--- PASS: TestActionLanguageCoversRegistry/snapshot_create (0.00s)\n","OutputType":"frame"}
{"Time":"2026-09-08T17:57:35.875399723+03:00","Action":"pass","Package":"virmill.local/core/internal/ui/tui","Test":"TestActionLanguageCoversRegistry/snapshot_create","Elapsed":0}
{"Time":"2026-09-08T17:57:35.875413095+03:00","Action":"run","Package":"virmill.local/core/internal/ui/tui","Test":"TestActionLanguageCoversRegistry/snapshot_list"}
{"Time":"2026-09-08T17:57:35.875414935+03:00","Action":"output","Package":"virmill.local/core/internal/ui/tui","Test":"TestActionLanguageCoversRegistry/snapshot_list","Output":"=== RUN   TestActionLanguageCoversRegistry/snapshot_list\n","OutputType":"frame"}
{"Time":"2026-09-08T17:57:35.875431374+03:00","Action":"output","Package":"virmill.local/core/internal/ui/tui","Test":"TestActionLanguageCoversRegistry/snapshot_list","Output":"--- PASS: TestActionLanguageCoversRegistry/snapshot_list (0.00s)\n","OutputType":"frame"}
{"Time":"2026-09-08T17:57:35.875434195+03:00","Action":"pass","Package":"virmill.local/core/internal/ui/tui","Test":"TestActionLanguageCoversRegistry/snapshot_list","Elapsed":0}
{"Time":"2026-09-08T17:57:35.87544236+03:00","Action":"run","Package":"virmill.local/core/internal/ui/tui","Test":"TestActionLanguageCoversRegistry/snapshot_show"}
{"Time":"2026-09-08T17:57:35.875444388+03:00","Action":"output","Package":"virmill.local/core/internal/ui/tui","Test":"TestActionLanguageCoversRegistry/snapshot_show","Output":"=== RUN   TestActionLanguageCoversRegistry/snapshot_show\n","OutputType":"frame"}
{"Time":"2026-09-08T17:57:35.875466264+03:00","Action":"output","Package":"virmill.local/core/internal/ui/tui","Test":"TestActionLanguageCoversRegistry/snapshot_show","Output":"--- PASS: TestActionLanguageCoversRegistry/snapshot_show (0.00s)\n","OutputType":"frame"}
{"Time":"2026-09-08T17:57:35.875469063+03:00","Action":"pass","Package":"virmill.local/core/internal/ui/tui","Test":"TestActionLanguageCoversRegistry/snapshot_show","Elapsed":0}
{"Time":"2026-09-08T17:57:35.875477692+03:00","Action":"run","Package":"virmill.local/core/internal/ui/tui","Test":"TestActionLanguageCoversRegistry/snapshot_restore"}
{"Time":"2026-09-08T17:57:35.875479744+03:00","Action":"output","Package":"virmill.local/core/internal/ui/tui","Test":"TestActionLanguageCoversRegistry/snapshot_restore","Output":"=== RUN   TestActionLanguageCoversRegistry/snapshot_restore\n","OutputType":"frame"}
{"Time":"2026-09-08T17:57:35.875496761+03:00","Action":"output","Package":"virmill.local/core/internal/ui/tui","Test":"TestActionLanguageCoversRegistry/snapshot_restore","Output":"--- PASS: TestActionLanguageCoversRegistry/snapshot_restore (0.00s)\n","OutputType":"frame"}
{"Time":"2026-09-08T17:57:35.875499604+03:00","Action":"pass","Package":"virmill.local/core/internal/ui/tui","Test":"TestActionLanguageCoversRegistry/snapshot_restore","Elapsed":0}
{"Time":"2026-09-08T17:57:35.875511075+03:00","Action":"run","Package":"virmill.local/core/internal/ui/tui","Test":"TestActionLanguageCoversRegistry/vm_boot_show"}
{"Time":"2026-09-08T17:57:35.875512883+03:00","Action":"output","Package":"virmill.local/core/internal/ui/tui","Test":"TestActionLanguageCoversRegistry/vm_boot_show","Output":"=== RUN   TestActionLanguageCoversRegistry/vm_boot_show\n","OutputType":"frame"}
{"Time":"2026-09-08T17:57:35.875529039+03:00","Action":"output","Package":"virmill.local/core/internal/ui/tui","Test":"TestActionLanguageCoversRegistry/vm_boot_show","Output":"--- PASS: TestActionLanguageCoversRegistry/vm_boot_show (0.00s)\n","OutputType":"frame"}
{"Time":"2026-09-08T17:57:35.875531855+03:00","Action":"pass","Package":"virmill.local/core/internal/ui/tui","Test":"TestActionLanguageCoversRegistry/vm_boot_show","Elapsed":0}
{"Time":"2026-09-08T17:57:35.875542532+03:00","Action":"run","Package":"virmill.local/core/internal/ui/tui","Test":"TestActionLanguageCoversRegistry/vm_readiness_show"}
{"Time":"2026-09-08T17:57:35.87554479+03:00","Action":"output","Package":"virmill.local/core/internal/ui/tui","Test":"TestActionLanguageCoversRegistry/vm_readiness_show","Output":"=== RUN   TestActionLanguageCoversRegistry/vm_readiness_show\n","OutputType":"frame"}
{"Time":"2026-09-08T17:57:35.875560968+03:00","Action":"output","Package":"virmill.local/core/internal/ui/tui","Test":"TestActionLanguageCoversRegistry/vm_readiness_show","Output":"--- PASS: TestActionLanguageCoversRegistry/vm_readiness_show (0.00s)\n","OutputType":"frame"}
{"Time":"2026-09-08T17:57:35.875564186+03:00","Action":"pass","Package":"virmill.local/core/internal/ui/tui","Test":"TestActionLanguageCoversRegistry/vm_readiness_show","Elapsed":0}
{"Time":"2026-09-08T17:57:35.875571967+03:00","Action":"run","Package":"virmill.local/core/internal/ui/tui","Test":"TestActionLanguageCoversRegistry/guest_recipe_run"}
{"Time":"2026-09-08T17:57:35.87557407+03:00","Action":"output","Package":"virmill.local/core/internal/ui/tui","Test":"TestActionLanguageCoversRegistry/guest_recipe_run","Output":"=== RUN   TestActionLanguageCoversRegistry/guest_recipe_run\n","OutputType":"frame"}
{"Time":"2026-09-08T17:57:35.875592536+03:00","Action":"output","Package":"virmill.local/core/internal/ui/tui","Test":"TestActionLanguageCoversRegistry/guest_recipe_run","Output":"--- PASS: TestActionLanguageCoversRegistry/guest_recipe_run (0.00s)\n","OutputType":"frame"}
{"Time":"2026-09-08T17:57:35.875595131+03:00","Action":"pass","Package":"virmill.local/core/internal/ui/tui","Test":"TestActionLanguageCoversRegistry/guest_recipe_run","Elapsed":0}
{"Time":"2026-09-08T17:57:35.875603258+03:00","Action":"run","Package":"virmill.local/core/internal/ui/tui","Test":"TestActionLanguageCoversRegistry/guest_recipe_result"}
{"Time":"2026-09-08T17:57:35.875605094+03:00","Action":"output","Package":"virmill.local/core/internal/ui/tui","Test":"TestActionLanguageCoversRegistry/guest_recipe_result","Output":"=== RUN   TestActionLanguageCoversRegistry/guest_recipe_result\n","OutputType":"frame"}
{"Time":"2026-09-08T17:57:35.875623213+03:00","Action":"output","Package":"virmill.local/core/internal/ui/tui","Test":"TestActionLanguageCoversRegistry/guest_recipe_result","Output":"--- PASS: TestActionLanguageCoversRegistry/guest_recipe_result (0.00s)\n","OutputType":"frame"}
{"Time":"2026-09-08T17:57:35.875625995+03:00","Action":"pass","Package":"virmill.local/core/internal/ui/tui","Test":"TestActionLanguageCoversRegistry/guest_recipe_result","Elapsed":0}
{"Time":"2026-09-08T17:57:35.875634523+03:00","Action":"run","Package":"virmill.local/core/internal/ui/tui","Test":"TestActionLanguageCoversRegistry/vm_create"}
{"Time":"2026-09-08T17:57:35.875636575+03:00","Action":"output","Package":"virmill.local/core/internal/ui/tui","Test":"TestActionLanguageCoversRegistry/vm_create","Output":"=== RUN   TestActionLanguageCoversRegistry/vm_create\n","OutputType":"frame"}
{"Time":"2026-09-08T17:57:35.875655342+03:00","Action":"output","Package":"virmill.local/core/internal/ui/tui","Test":"TestActionLanguageCoversRegistry/vm_create","Output":"--- PASS: TestActionLanguageCoversRegistry/vm_create (0.00s)\n","OutputType":"frame"}
{"Time":"2026-09-08T17:57:35.87565814+03:00","Action":"pass","Package":"virmill.local/core/internal/ui/tui","Test":"TestActionLanguageCoversRegistry/vm_create","Elapsed":0}
{"Time":"2026-09-08T17:57:35.875665509+03:00","Action":"run","Package":"virmill.local/core/internal/ui/tui","Test":"TestActionLanguageCoversRegistry/vm_creation_result"}
{"Time":"2026-09-08T17:57:35.875667557+03:00","Action":"output","Package":"virmill.local/core/internal/ui/tui","Test":"TestActionLanguageCoversRegistry/vm_creation_result","Output":"=== RUN   TestActionLanguageCoversRegistry/vm_creation_result\n","OutputType":"frame"}
{"Time":"2026-09-08T17:57:35.875692972+03:00","Action":"output","Package":"virmill.local/core/internal/ui/tui","Test":"TestActionLanguageCoversRegistry/vm_creation_result","Output":"--- PASS: TestActionLanguageCoversRegistry/vm_creation_result (0.00s)\n","OutputType":"frame"}
{"Time":"2026-09-08T17:57:35.875695842+03:00","Action":"pass","Package":"virmill.local/core/internal/ui/tui","Test":"TestActionLanguageCoversRegistry/vm_creation_result","Elapsed":0}
{"Time":"2026-09-08T17:57:35.875705217+03:00","Action":"run","Package":"virmill.local/core/internal/ui/tui","Test":"TestActionLanguageCoversRegistry/vm_creation_resume"}
{"Time":"2026-09-08T17:57:35.875707062+03:00","Action":"output","Package":"virmill.local/core/internal/ui/tui","Test":"TestActionLanguageCoversRegistry/vm_creation_resume","Output":"=== RUN   TestActionLanguageCoversRegistry/vm_creation_resume\n","OutputType":"frame"}
{"Time":"2026-09-08T17:57:35.875725929+03:00","Action":"output","Package":"virmill.local/core/internal/ui/tui","Test":"TestActionLanguageCoversRegistry/vm_creation_resume","Output":"--- PASS: TestActionLanguageCoversRegistry/vm_creation_resume (0.00s)\n","OutputType":"frame"}
{"Time":"2026-09-08T17:57:35.875728811+03:00","Action":"pass","Package":"virmill.local/core/internal/ui/tui","Test":"TestActionLanguageCoversRegistry/vm_creation_resume","Elapsed":0}
{"Time":"2026-09-08T17:57:35.875738588+03:00","Action":"run","Package":"virmill.local/core/internal/ui/tui","Test":"TestActionLanguageCoversRegistry/vm_creation_cleanup"}
{"Time":"2026-09-08T17:57:35.875741705+03:00","Action":"output","Package":"virmill.local/core/internal/ui/tui","Test":"TestActionLanguageCoversRegistry/vm_creation_cleanup","Output":"=== RUN   TestActionLanguageCoversRegistry/vm_creation_cleanup\n","OutputType":"frame"}
{"Time":"2026-09-08T17:57:35.875762546+03:00","Action":"output","Package":"virmill.local/core/internal/ui/tui","Test":"TestActionLanguageCoversRegistry/vm_creation_cleanup","Output":"--- PASS: TestActionLanguageCoversRegistry/vm_creation_cleanup (0.00s)\n","OutputType":"frame"}
{"Time":"2026-09-08T17:57:35.875770927+03:00","Action":"pass","Package":"virmill.local/core/internal/ui/tui","Test":"TestActionLanguageCoversRegistry/vm_creation_cleanup","Elapsed":0}
{"Time":"2026-09-08T17:57:35.875779198+03:00","Action":"run","Package":"virmill.local/core/internal/ui/tui","Test":"TestActionLanguageCoversRegistry/vm_creation_accept"}
{"Time":"2026-09-08T17:57:35.875781039+03:00","Action":"output","Package":"virmill.local/core/internal/ui/tui","Test":"TestActionLanguageCoversRegistry/vm_creation_accept","Output":"=== RUN   TestActionLanguageCoversRegistry/vm_creation_accept\n","OutputType":"frame"}
{"Time":"2026-09-08T17:57:35.875796779+03:00","Action":"output","Package":"virmill.local/core/internal/ui/tui","Test":"TestActionLanguageCoversRegistry/vm_creation_accept","Output":"--- PASS: TestActionLanguageCoversRegistry/vm_creation_accept (0.00s)\n","OutputType":"frame"}
{"Time":"2026-09-08T17:57:35.875803185+03:00","Action":"pass","Package":"virmill.local/core/internal/ui/tui","Test":"TestActionLanguageCoversRegistry/vm_creation_accept","Elapsed":0}
{"Time":"2026-09-08T17:57:35.87581653+03:00","Action":"run","Package":"virmill.local/core/internal/ui/tui","Test":"TestActionLanguageCoversRegistry/vm_start"}
{"Time":"2026-09-08T17:57:35.875818349+03:00","Action":"output","Package":"virmill.local/core/internal/ui/tui","Test":"TestActionLanguageCoversRegistry/vm_start","Output":"=== RUN   TestActionLanguageCoversRegistry/vm_start\n","OutputType":"frame"}
{"Time":"2026-09-08T17:57:35.875837299+03:00","Action":"output","Package":"virmill.local/core/internal/ui/tui","Test":"TestActionLanguageCoversRegistry/vm_start","Output":"--- PASS: TestActionLanguageCoversRegistry/vm_start (0.00s)\n","OutputType":"frame"}
{"Time":"2026-09-08T17:57:35.87584175+03:00","Action":"pass","Package":"virmill.local/core/internal/ui/tui","Test":"TestActionLanguageCoversRegistry/vm_start","Elapsed":0}
{"Time":"2026-09-08T17:57:35.875847528+03:00","Action":"run","Package":"virmill.local/core/internal/ui/tui","Test":"TestActionLanguageCoversRegistry/vm_stop"}
{"Time":"2026-09-08T17:57:35.875849363+03:00","Action":"output","Package":"virmill.local/core/internal/ui/tui","Test":"TestActionLanguageCoversRegistry/vm_stop","Output":"=== RUN   TestActionLanguageCoversRegistry/vm_stop\n","OutputType":"frame"}
{"Time":"2026-09-08T17:57:35.875868319+03:00","Action":"output","Package":"virmill.local/core/internal/ui/tui","Test":"TestActionLanguageCoversRegistry/vm_stop","Output":"--- PASS: TestActionLanguageCoversRegistry/vm_stop (0.00s)\n","OutputType":"frame"}
{"Time":"2026-09-08T17:57:35.875871123+03:00","Action":"pass","Package":"virmill.local/core/internal/ui/tui","Test":"TestActionLanguageCoversRegistry/vm_stop","Elapsed":0}
{"Time":"2026-09-08T17:57:35.875885656+03:00","Action":"run","Package":"virmill.local/core/internal/ui/tui","Test":"TestActionLanguageCoversRegistry/vm_reboot"}
{"Time":"2026-09-08T17:57:35.875887855+03:00","Action":"output","Package":"virmill.local/core/internal/ui/tui","Test":"TestActionLanguageCoversRegistry/vm_reboot","Output":"=== RUN   TestActionLanguageCoversRegistry/vm_reboot\n","OutputType":"frame"}
{"Time":"2026-09-08T17:57:35.875905547+03:00","Action":"output","Package":"virmill.local/core/internal/ui/tui","Test":"TestActionLanguageCoversRegistry/vm_reboot","Output":"--- PASS: TestActionLanguageCoversRegistry/vm_reboot (0.00s)\n","OutputType":"frame"}
{"Time":"2026-09-08T17:57:35.875908175+03:00","Action":"pass","Package":"virmill.local/core/internal/ui/tui","Test":"TestActionLanguageCoversRegistry/vm_reboot","Elapsed":0}
{"Time":"2026-09-08T17:57:35.875916765+03:00","Action":"run","Package":"virmill.local/core/internal/ui/tui","Test":"TestActionLanguageCoversRegistry/vm_pause"}
{"Time":"2026-09-08T17:57:35.875918547+03:00","Action":"output","Package":"virmill.local/core/internal/ui/tui","Test":"TestActionLanguageCoversRegistry/vm_pause","Output":"=== RUN   TestActionLanguageCoversRegistry/vm_pause\n","OutputType":"frame"}
{"Time":"2026-09-08T17:57:35.875935487+03:00","Action":"output","Package":"virmill.local/core/internal/ui/tui","Test":"TestActionLanguageCoversRegistry/vm_pause","Output":"--- PASS: TestActionLanguageCoversRegistry/vm_pause (0.00s)\n","OutputType":"frame"}
{"Time":"2026-09-08T17:57:35.875944054+03:00","Action":"pass","Package":"virmill.local/core/internal/ui/tui","Test":"TestActionLanguageCoversRegistry/vm_pause","Elapsed":0}
{"Time":"2026-09-08T17:57:35.875948094+03:00","Action":"run","Package":"virmill.local/core/internal/ui/tui","Test":"TestActionLanguageCoversRegistry/vm_resume"}
{"Time":"2026-09-08T17:57:35.875949784+03:00","Action":"output","Package":"virmill.local/core/internal/ui/tui","Test":"TestActionLanguageCoversRegistry/vm_resume","Output":"=== RUN   TestActionLanguageCoversRegistry/vm_resume\n","OutputType":"frame"}
{"Time":"2026-09-08T17:57:35.87596839+03:00","Action":"output","Package":"virmill.local/core/internal/ui/tui","Test":"TestActionLanguageCoversRegistry/vm_resume","Output":"--- PASS: TestActionLanguageCoversRegistry/vm_resume (0.00s)\n","OutputType":"frame"}
{"Time":"2026-09-08T17:57:35.875971718+03:00","Action":"pass","Package":"virmill.local/core/internal/ui/tui","Test":"TestActionLanguageCoversRegistry/vm_resume","Elapsed":0}
{"Time":"2026-09-08T17:57:35.875982761+03:00","Action":"run","Package":"virmill.local/core/internal/ui/tui","Test":"TestActionLanguageCoversRegistry/vm_save"}
{"Time":"2026-09-08T17:57:35.875984748+03:00","Action":"output","Package":"virmill.local/core/internal/ui/tui","Test":"TestActionLanguageCoversRegistry/vm_save","Output":"=== RUN   TestActionLanguageCoversRegistry/vm_save\n","OutputType":"frame"}
{"Time":"2026-09-08T17:57:35.875998812+03:00","Action":"output","Package":"virmill.local/core/internal/ui/tui","Test":"TestActionLanguageCoversRegistry/vm_save","Output":"--- PASS: TestActionLanguageCoversRegistry/vm_save (0.00s)\n","OutputType":"frame"}
{"Time":"2026-09-08T17:57:35.876005559+03:00","Action":"pass","Package":"virmill.local/core/internal/ui/tui","Test":"TestActionLanguageCoversRegistry/vm_save","Elapsed":0}
{"Time":"2026-09-08T17:57:35.876013438+03:00","Action":"run","Package":"virmill.local/core/internal/ui/tui","Test":"TestActionLanguageCoversRegistry/vm_restore-saved"}
{"Time":"2026-09-08T17:57:35.876015373+03:00","Action":"output","Package":"virmill.local/core/internal/ui/tui","Test":"TestActionLanguageCoversRegistry/vm_restore-saved","Output":"=== RUN   TestActionLanguageCoversRegistry/vm_restore-saved\n","OutputType":"frame"}
{"Time":"2026-09-08T17:57:35.876041443+03:00","Action":"output","Package":"virmill.local/core/internal/ui/tui","Test":"TestActionLanguageCoversRegistry/vm_restore-saved","Output":"--- PASS: TestActionLanguageCoversRegistry/vm_restore-saved (0.00s)\n","OutputType":"frame"}
{"Time":"2026-09-08T17:57:35.876052417+03:00","Action":"pass","Package":"virmill.local/core/internal/ui/tui","Test":"TestActionLanguageCoversRegistry/vm_restore-saved","Elapsed":0}
{"Time":"2026-09-08T17:57:35.876060832+03:00","Action":"run","Package":"virmill.local/core/internal/ui/tui","Test":"TestActionLanguageCoversRegistry/vm_autostart"}
{"Time":"2026-09-08T17:57:35.876062823+03:00","Action":"output","Package":"virmill.local/core/internal/ui/tui","Test":"TestActionLanguageCoversRegistry/vm_autostart","Output":"=== RUN   TestActionLanguageCoversRegistry/vm_autostart\n","OutputType":"frame"}
{"Time":"2026-09-08T17:57:35.876081798+03:00","Action":"output","Package":"virmill.local/core/internal/ui/tui","Test":"TestActionLanguageCoversRegistry/vm_autostart","Output":"--- PASS: TestActionLanguageCoversRegistry/vm_autostart (0.00s)\n","OutputType":"frame"}
{"Time":"2026-09-08T17:57:35.87608464+03:00","Action":"pass","Package":"virmill.local/core/internal/ui/tui","Test":"TestActionLanguageCoversRegistry/vm_autostart","Elapsed":0}
{"Time":"2026-09-08T17:57:35.876094957+03:00","Action":"run","Package":"virmill.local/core/internal/ui/tui","Test":"TestActionLanguageCoversRegistry/vm_set"}
{"Time":"2026-09-08T17:57:35.876096772+03:00","Action":"output","Package":"virmill.local/core/internal/ui/tui","Test":"TestActionLanguageCoversRegistry/vm_set","Output":"=== RUN   TestActionLanguageCoversRegistry/vm_set\n","OutputType":"frame"}
{"Time":"2026-09-08T17:57:35.876112795+03:00","Action":"output","Package":"virmill.local/core/internal/ui/tui","Test":"TestActionLanguageCoversRegistry/vm_set","Output":"--- PASS: TestActionLanguageCoversRegistry/vm_set (0.00s)\n","OutputType":"frame"}
{"Time":"2026-09-08T17:57:35.876115514+03:00","Action":"pass","Package":"virmill.local/core/internal/ui/tui","Test":"TestActionLanguageCoversRegistry/vm_set","Elapsed":0}
{"Time":"2026-09-08T17:57:35.876124303+03:00","Action":"run","Package":"virmill.local/core/internal/ui/tui","Test":"TestActionLanguageCoversRegistry/import_inspect"}
{"Time":"2026-09-08T17:57:35.87612615+03:00","Action":"output","Package":"virmill.local/core/internal/ui/tui","Test":"TestActionLanguageCoversRegistry/import_inspect","Output":"=== RUN   TestActionLanguageCoversRegistry/import_inspect\n","OutputType":"frame"}
{"Time":"2026-09-08T17:57:35.876149248+03:00","Action":"output","Package":"virmill.local/core/internal/ui/tui","Test":"TestActionLanguageCoversRegistry/import_inspect","Output":"--- PASS: TestActionLanguageCoversRegistry/import_inspect (0.00s)\n","OutputType":"frame"}
{"Time":"2026-09-08T17:57:35.876152011+03:00","Action":"pass","Package":"virmill.local/core/internal/ui/tui","Test":"TestActionLanguageCoversRegistry/import_inspect","Elapsed":0}
{"Time":"2026-09-08T17:57:35.876164282+03:00","Action":"run","Package":"virmill.local/core/internal/ui/tui","Test":"TestActionLanguageCoversRegistry/import_prepare"}
{"Time":"2026-09-08T17:57:35.8761663+03:00","Action":"output","Package":"virmill.local/core/internal/ui/tui","Test":"TestActionLanguageCoversRegistry/import_prepare","Output":"=== RUN   TestActionLanguageCoversRegistry/import_prepare\n","OutputType":"frame"}
{"Time":"2026-09-08T17:57:35.876182459+03:00","Action":"output","Package":"virmill.local/core/internal/ui/tui","Test":"TestActionLanguageCoversRegistry/import_prepare","Output":"--- PASS: TestActionLanguageCoversRegistry/import_prepare (0.00s)\n","OutputType":"frame"}
{"Time":"2026-09-08T17:57:35.876185302+03:00","Action":"pass","Package":"virmill.local/core/internal/ui/tui","Test":"TestActionLanguageCoversRegistry/import_prepare","Elapsed":0}
{"Time":"2026-09-08T17:57:35.876197614+03:00","Action":"run","Package":"virmill.local/core/internal/ui/tui","Test":"TestActionLanguageCoversRegistry/import_prepare-disks"}
{"Time":"2026-09-08T17:57:35.876199738+03:00","Action":"output","Package":"virmill.local/core/internal/ui/tui","Test":"TestActionLanguageCoversRegistry/import_prepare-disks","Output":"=== RUN   TestActionLanguageCoversRegistry/import_prepare-disks\n","OutputType":"frame"}
{"Time":"2026-09-08T17:57:35.876213075+03:00","Action":"output","Package":"virmill.local/core/internal/ui/tui","Test":"TestActionLanguageCoversRegistry/import_prepare-disks","Output":"--- PASS: TestActionLanguageCoversRegistry/import_prepare-disks (0.00s)\n","OutputType":"frame"}
{"Time":"2026-09-08T17:57:35.876221328+03:00","Action":"pass","Package":"virmill.local/core/internal/ui/tui","Test":"TestActionLanguageCoversRegistry/import_prepare-disks","Elapsed":0}
{"Time":"2026-09-08T17:57:35.876229948+03:00","Action":"run","Package":"virmill.local/core/internal/ui/tui","Test":"TestActionLanguageCoversRegistry/import_prepare-install"}
{"Time":"2026-09-08T17:57:35.87623203+03:00","Action":"output","Package":"virmill.local/core/internal/ui/tui","Test":"TestActionLanguageCoversRegistry/import_prepare-install","Output":"=== RUN   TestActionLanguageCoversRegistry/import_prepare-install\n","OutputType":"frame"}
{"Time":"2026-09-08T17:57:35.876251635+03:00","Action":"output","Package":"virmill.local/core/internal/ui/tui","Test":"TestActionLanguageCoversRegistry/import_prepare-install","Output":"--- PASS: TestActionLanguageCoversRegistry/import_prepare-install (0.00s)\n","OutputType":"frame"}
{"Time":"2026-09-08T17:57:35.876254506+03:00","Action":"pass","Package":"virmill.local/core/internal/ui/tui","Test":"TestActionLanguageCoversRegistry/import_prepare-install","Elapsed":0}
{"Time":"2026-09-08T17:57:35.876265101+03:00","Action":"run","Package":"virmill.local/core/internal/ui/tui","Test":"TestActionLanguageCoversRegistry/import_result"}
{"Time":"2026-09-08T17:57:35.876267114+03:00","Action":"output","Package":"virmill.local/core/internal/ui/tui","Test":"TestActionLanguageCoversRegistry/import_result","Output":"=== RUN   TestActionLanguageCoversRegistry/import_result\n","OutputType":"frame"}
{"Time":"2026-09-08T17:57:35.876285148+03:00","Action":"output","Package":"virmill.local/core/internal/ui/tui","Test":"TestActionLanguageCoversRegistry/import_result","Output":"--- PASS: TestActionLanguageCoversRegistry/import_result (0.00s)\n","OutputType":"frame"}
{"Time":"2026-09-08T17:57:35.876288186+03:00","Action":"pass","Package":"virmill.local/core/internal/ui/tui","Test":"TestActionLanguageCoversRegistry/import_result","Elapsed":0}
{"Time":"2026-09-08T17:57:35.876295822+03:00","Action":"run","Package":"virmill.local/core/internal/ui/tui","Test":"TestActionLanguageCoversRegistry/import_verify"}
{"Time":"2026-09-08T17:57:35.876298209+03:00","Action":"output","Package":"virmill.local/core/internal/ui/tui","Test":"TestActionLanguageCoversRegistry/import_verify","Output":"=== RUN   TestActionLanguageCoversRegistry/import_verify\n","OutputType":"frame"}
{"Time":"2026-09-08T17:57:35.876316449+03:00","Action":"output","Package":"virmill.local/core/internal/ui/tui","Test":"TestActionLanguageCoversRegistry/import_verify","Output":"--- PASS: TestActionLanguageCoversRegistry/import_verify (0.00s)\n","OutputType":"frame"}
{"Time":"2026-09-08T17:57:35.876321677+03:00","Action":"pass","Package":"virmill.local/core/internal/ui/tui","Test":"TestActionLanguageCoversRegistry/import_verify","Elapsed":0}
{"Time":"2026-09-08T17:57:35.876337915+03:00","Action":"run","Package":"virmill.local/core/internal/ui/tui","Test":"TestActionLanguageCoversRegistry/lab_validate"}
{"Time":"2026-09-08T17:57:35.876340719+03:00","Action":"output","Package":"virmill.local/core/internal/ui/tui","Test":"TestActionLanguageCoversRegistry/lab_validate","Output":"=== RUN   TestActionLanguageCoversRegistry/lab_validate\n","OutputType":"frame"}
{"Time":"2026-09-08T17:57:35.876361318+03:00","Action":"output","Package":"virmill.local/core/internal/ui/tui","Test":"TestActionLanguageCoversRegistry/lab_validate","Output":"--- PASS: TestActionLanguageCoversRegistry/lab_validate (0.00s)\n","OutputType":"frame"}
{"Time":"2026-09-08T17:57:35.876364089+03:00","Action":"pass","Package":"virmill.local/core/internal/ui/tui","Test":"TestActionLanguageCoversRegistry/lab_validate","Elapsed":0}
{"Time":"2026-09-08T17:57:35.876373515+03:00","Action":"run","Package":"virmill.local/core/internal/ui/tui","Test":"TestActionLanguageCoversRegistry/config_validate"}
{"Time":"2026-09-08T17:57:35.876375555+03:00","Action":"output","Package":"virmill.local/core/internal/ui/tui","Test":"TestActionLanguageCoversRegistry/config_validate","Output":"=== RUN   TestActionLanguageCoversRegistry/config_validate\n","OutputType":"frame"}
{"Time":"2026-09-08T17:57:35.876393659+03:00","Action":"output","Package":"virmill.local/core/internal/ui/tui","Test":"TestActionLanguageCoversRegistry/config_validate","Output":"--- PASS: TestActionLanguageCoversRegistry/config_validate (0.00s)\n","OutputType":"frame"}
{"Time":"2026-09-08T17:57:35.876396575+03:00","Action":"pass","Package":"virmill.local/core/internal/ui/tui","Test":"TestActionLanguageCoversRegistry/config_validate","Elapsed":0}
{"Time":"2026-09-08T17:57:35.876408605+03:00","Action":"run","Package":"virmill.local/core/internal/ui/tui","Test":"TestActionLanguageCoversRegistry/backup_policy_validate"}
{"Time":"2026-09-08T17:57:35.876410725+03:00","Action":"output","Package":"virmill.local/core/internal/ui/tui","Test":"TestActionLanguageCoversRegistry/backup_policy_validate","Output":"=== RUN   TestActionLanguageCoversRegistry/backup_policy_validate\n","OutputType":"frame"}
{"Time":"2026-09-08T17:57:35.876432008+03:00","Action":"output","Package":"virmill.local/core/internal/ui/tui","Test":"TestActionLanguageCoversRegistry/backup_policy_validate","Output":"--- PASS: TestActionLanguageCoversRegistry/backup_policy_validate (0.00s)\n","OutputType":"frame"}
{"Time":"2026-09-08T17:57:35.876441475+03:00","Action":"pass","Package":"virmill.local/core/internal/ui/tui","Test":"TestActionLanguageCoversRegistry/backup_policy_validate","Elapsed":0}
{"Time":"2026-09-08T17:57:35.876450537+03:00","Action":"run","Package":"virmill.local/core/internal/ui/tui","Test":"TestActionLanguageCoversRegistry/backup_repository_init"}
{"Time":"2026-09-08T17:57:35.876452717+03:00","Action":"output","Package":"virmill.local/core/internal/ui/tui","Test":"TestActionLanguageCoversRegistry/backup_repository_init","Output":"=== RUN   TestActionLanguageCoversRegistry/backup_repository_init\n","OutputType":"frame"}
{"Time":"2026-09-08T17:57:35.876472224+03:00","Action":"output","Package":"virmill.local/core/internal/ui/tui","Test":"TestActionLanguageCoversRegistry/backup_repository_init","Output":"--- PASS: TestActionLanguageCoversRegistry/backup_repository_init (0.00s)\n","OutputType":"frame"}
{"Time":"2026-09-08T17:57:35.876481545+03:00","Action":"pass","Package":"virmill.local/core/internal/ui/tui","Test":"TestActionLanguageCoversRegistry/backup_repository_init","Elapsed":0}
{"Time":"2026-09-08T17:57:35.876490962+03:00","Action":"run","Package":"virmill.local/core/internal/ui/tui","Test":"TestActionLanguageCoversRegistry/backup_repository_check"}
{"Time":"2026-09-08T17:57:35.876493004+03:00","Action":"output","Package":"virmill.local/core/internal/ui/tui","Test":"TestActionLanguageCoversRegistry/backup_repository_check","Output":"=== RUN   TestActionLanguageCoversRegistry/backup_repository_check\n","OutputType":"frame"}
{"Time":"2026-09-08T17:57:35.87651436+03:00","Action":"output","Package":"virmill.local/core/internal/ui/tui","Test":"TestActionLanguageCoversRegistry/backup_repository_check","Output":"--- PASS: TestActionLanguageCoversRegistry/backup_repository_check (0.00s)\n","OutputType":"frame"}
{"Time":"2026-09-08T17:57:35.876518175+03:00","Action":"pass","Package":"virmill.local/core/internal/ui/tui","Test":"TestActionLanguageCoversRegistry/backup_repository_check","Elapsed":0}
{"Time":"2026-09-08T17:57:35.876524945+03:00","Action":"run","Package":"virmill.local/core/internal/ui/tui","Test":"TestActionLanguageCoversRegistry/backup_create"}
{"Time":"2026-09-08T17:57:35.876526655+03:00","Action":"output","Package":"virmill.local/core/internal/ui/tui","Test":"TestActionLanguageCoversRegistry/backup_create","Output":"=== RUN   TestActionLanguageCoversRegistry/backup_create\n","OutputType":"frame"}
{"Time":"2026-09-08T17:57:35.876547807+03:00","Action":"output","Package":"virmill.local/core/internal/ui/tui","Test":"TestActionLanguageCoversRegistry/backup_create","Output":"--- PASS: TestActionLanguageCoversRegistry/backup_create (0.00s)\n","OutputType":"frame"}
{"Time":"2026-09-08T17:57:35.87655282+03:00","Action":"pass","Package":"virmill.local/core/internal/ui/tui","Test":"TestActionLanguageCoversRegistry/backup_create","Elapsed":0}
{"Time":"2026-09-08T17:57:35.87656217+03:00","Action":"run","Package":"virmill.local/core/internal/ui/tui","Test":"TestActionLanguageCoversRegistry/backup_restore"}
{"Time":"2026-09-08T17:57:35.876564235+03:00","Action":"output","Package":"virmill.local/core/internal/ui/tui","Test":"TestActionLanguageCoversRegistry/backup_restore","Output":"=== RUN   TestActionLanguageCoversRegistry/backup_restore\n","OutputType":"frame"}
{"Time":"2026-09-08T17:57:35.876584978+03:00","Action":"output","Package":"virmill.local/core/internal/ui/tui","Test":"TestActionLanguageCoversRegistry/backup_restore","Output":"--- PASS: TestActionLanguageCoversRegistry/backup_restore (0.00s)\n","OutputType":"frame"}
{"Time":"2026-09-08T17:57:35.876591185+03:00","Action":"pass","Package":"virmill.local/core/internal/ui/tui","Test":"TestActionLanguageCoversRegistry/backup_restore","Elapsed":0}
{"Time":"2026-09-08T17:57:35.87660247+03:00","Action":"run","Package":"virmill.local/core/internal/ui/tui","Test":"TestActionLanguageCoversRegistry/backup_result"}
{"Time":"2026-09-08T17:57:35.876604615+03:00","Action":"output","Package":"virmill.local/core/internal/ui/tui","Test":"TestActionLanguageCoversRegistry/backup_result","Output":"=== RUN   TestActionLanguageCoversRegistry/backup_result\n","OutputType":"frame"}
{"Time":"2026-09-08T17:57:35.87662418+03:00","Action":"output","Package":"virmill.local/core/internal/ui/tui","Test":"TestActionLanguageCoversRegistry/backup_result","Output":"--- PASS: TestActionLanguageCoversRegistry/backup_result (0.00s)\n","OutputType":"frame"}
{"Time":"2026-09-08T17:57:35.876631675+03:00","Action":"pass","Package":"virmill.local/core/internal/ui/tui","Test":"TestActionLanguageCoversRegistry/backup_result","Elapsed":0}
{"Time":"2026-09-08T17:57:35.87664017+03:00","Action":"run","Package":"virmill.local/core/internal/ui/tui","Test":"TestActionLanguageCoversRegistry/backup_policy_preview"}
{"Time":"2026-09-08T17:57:35.876642173+03:00","Action":"output","Package":"virmill.local/core/internal/ui/tui","Test":"TestActionLanguageCoversRegistry/backup_policy_preview","Output":"=== RUN   TestActionLanguageCoversRegistry/backup_policy_preview\n","OutputType":"frame"}
{"Time":"2026-09-08T17:57:35.876666174+03:00","Action":"output","Package":"virmill.local/core/internal/ui/tui","Test":"TestActionLanguageCoversRegistry/backup_policy_preview","Output":"--- PASS: TestActionLanguageCoversRegistry/backup_policy_preview (0.00s)\n","OutputType":"frame"}
{"Time":"2026-09-08T17:57:35.876671204+03:00","Action":"pass","Package":"virmill.local/core/internal/ui/tui","Test":"TestActionLanguageCoversRegistry/backup_policy_preview","Elapsed":0}
{"Time":"2026-09-08T17:57:35.876681047+03:00","Action":"run","Package":"virmill.local/core/internal/ui/tui","Test":"TestActionLanguageCoversRegistry/backup_verify-manifest"}
{"Time":"2026-09-08T17:57:35.876683339+03:00","Action":"output","Package":"virmill.local/core/internal/ui/tui","Test":"TestActionLanguageCoversRegistry/backup_verify-manifest","Output":"=== RUN   TestActionLanguageCoversRegistry/backup_verify-manifest\n","OutputType":"frame"}
{"Time":"2026-09-08T17:57:35.876702445+03:00","Action":"output","Package":"virmill.local/core/internal/ui/tui","Test":"TestActionLanguageCoversRegistry/backup_verify-manifest","Output":"--- PASS: TestActionLanguageCoversRegistry/backup_verify-manifest (0.00s)\n","OutputType":"frame"}
{"Time":"2026-09-08T17:57:35.876707112+03:00","Action":"pass","Package":"virmill.local/core/internal/ui/tui","Test":"TestActionLanguageCoversRegistry/backup_verify-manifest","Elapsed":0}
{"Time":"2026-09-08T17:57:35.876716429+03:00","Action":"run","Package":"virmill.local/core/internal/ui/tui","Test":"TestActionLanguageCoversRegistry/operation_list"}
{"Time":"2026-09-08T17:57:35.876718428+03:00","Action":"output","Package":"virmill.local/core/internal/ui/tui","Test":"TestActionLanguageCoversRegistry/operation_list","Output":"=== RUN   TestActionLanguageCoversRegistry/operation_list\n","OutputType":"frame"}
{"Time":"2026-09-08T17:57:35.876735479+03:00","Action":"output","Package":"virmill.local/core/internal/ui/tui","Test":"TestActionLanguageCoversRegistry/operation_list","Output":"--- PASS: TestActionLanguageCoversRegistry/operation_list (0.00s)\n","OutputType":"frame"}
{"Time":"2026-09-08T17:57:35.876745371+03:00","Action":"pass","Package":"virmill.local/core/internal/ui/tui","Test":"TestActionLanguageCoversRegistry/operation_list","Elapsed":0}
{"Time":"2026-09-08T17:57:35.876754589+03:00","Action":"run","Package":"virmill.local/core/internal/ui/tui","Test":"TestActionLanguageCoversRegistry/operation_show"}
{"Time":"2026-09-08T17:57:35.876756584+03:00","Action":"output","Package":"virmill.local/core/internal/ui/tui","Test":"TestActionLanguageCoversRegistry/operation_show","Output":"=== RUN   TestActionLanguageCoversRegistry/operation_show\n","OutputType":"frame"}
{"Time":"2026-09-08T17:57:35.876781022+03:00","Action":"output","Package":"virmill.local/core/internal/ui/tui","Test":"TestActionLanguageCoversRegistry/operation_show","Output":"--- PASS: TestActionLanguageCoversRegistry/operation_show (0.00s)\n","OutputType":"frame"}
{"Time":"2026-09-08T17:57:35.876784308+03:00","Action":"pass","Package":"virmill.local/core/internal/ui/tui","Test":"TestActionLanguageCoversRegistry/operation_show","Elapsed":0}
{"Time":"2026-09-08T17:57:35.876796841+03:00","Action":"run","Package":"virmill.local/core/internal/ui/tui","Test":"TestActionLanguageCoversRegistry/operation_watch"}
{"Time":"2026-09-08T17:57:35.876798979+03:00","Action":"output","Package":"virmill.local/core/internal/ui/tui","Test":"TestActionLanguageCoversRegistry/operation_watch","Output":"=== RUN   TestActionLanguageCoversRegistry/operation_watch\n","OutputType":"frame"}
{"Time":"2026-09-08T17:57:35.8768188+03:00","Action":"output","Package":"virmill.local/core/internal/ui/tui","Test":"TestActionLanguageCoversRegistry/operation_watch","Output":"--- PASS: TestActionLanguageCoversRegistry/operation_watch (0.00s)\n","OutputType":"frame"}
{"Time":"2026-09-08T17:57:35.876827661+03:00","Action":"pass","Package":"virmill.local/core/internal/ui/tui","Test":"TestActionLanguageCoversRegistry/operation_watch","Elapsed":0}
{"Time":"2026-09-08T17:57:35.876837173+03:00","Action":"run","Package":"virmill.local/core/internal/ui/tui","Test":"TestActionLanguageCoversRegistry/operation_cancel"}
{"Time":"2026-09-08T17:57:35.876839338+03:00","Action":"output","Package":"virmill.local/core/internal/ui/tui","Test":"TestActionLanguageCoversRegistry/operation_cancel","Output":"=== RUN   TestActionLanguageCoversRegistry/operation_cancel\n","OutputType":"frame"}
{"Time":"2026-09-08T17:57:35.876856807+03:00","Action":"output","Package":"virmill.local/core/internal/ui/tui","Test":"TestActionLanguageCoversRegistry/operation_cancel","Output":"--- PASS: TestActionLanguageCoversRegistry/operation_cancel (0.00s)\n","OutputType":"frame"}
{"Time":"2026-09-08T17:57:35.876860225+03:00","Action":"pass","Package":"virmill.local/core/internal/ui/tui","Test":"TestActionLanguageCoversRegistry/operation_cancel","Elapsed":0}
{"Time":"2026-09-08T17:57:35.876869272+03:00","Action":"run","Package":"virmill.local/core/internal/ui/tui","Test":"TestActionLanguageCoversRegistry/operation_reconcile"}
{"Time":"2026-09-08T17:57:35.876871222+03:00","Action":"output","Package":"virmill.local/core/internal/ui/tui","Test":"TestActionLanguageCoversRegistry/operation_reconcile","Output":"=== RUN   TestActionLanguageCoversRegistry/operation_reconcile\n","OutputType":"frame"}
{"Time":"2026-09-08T17:57:35.8768916+03:00","Action":"output","Package":"virmill.local/core/internal/ui/tui","Test":"TestActionLanguageCoversRegistry/operation_reconcile","Output":"--- PASS: TestActionLanguageCoversRegistry/operation_reconcile (0.00s)\n","OutputType":"frame"}
{"Time":"2026-09-08T17:57:35.876894658+03:00","Action":"pass","Package":"virmill.local/core/internal/ui/tui","Test":"TestActionLanguageCoversRegistry/operation_reconcile","Elapsed":0}
{"Time":"2026-09-08T17:57:35.876908504+03:00","Action":"run","Package":"virmill.local/core/internal/ui/tui","Test":"TestActionLanguageCoversRegistry/plan_show"}
{"Time":"2026-09-08T17:57:35.876910951+03:00","Action":"output","Package":"virmill.local/core/internal/ui/tui","Test":"TestActionLanguageCoversRegistry/plan_show","Output":"=== RUN   TestActionLanguageCoversRegistry/plan_show\n","OutputType":"frame"}
{"Time":"2026-09-08T17:57:35.876929139+03:00","Action":"output","Package":"virmill.local/core/internal/ui/tui","Test":"TestActionLanguageCoversRegistry/plan_show","Output":"--- PASS: TestActionLanguageCoversRegistry/plan_show (0.00s)\n","OutputType":"frame"}
{"Time":"2026-09-08T17:57:35.876938095+03:00","Action":"pass","Package":"virmill.local/core/internal/ui/tui","Test":"TestActionLanguageCoversRegistry/plan_show","Elapsed":0}
{"Time":"2026-09-08T17:57:35.876957549+03:00","Action":"output","Package":"virmill.local/core/internal/ui/tui","Test":"TestActionLanguageCoversRegistry","Output":"--- PASS: TestActionLanguageCoversRegistry (0.00s)\n","OutputType":"frame"}
{"Time":"2026-09-08T17:57:35.876965184+03:00","Action":"pass","Package":"virmill.local/core/internal/ui/tui","Test":"TestActionLanguageCoversRegistry","Elapsed":0}
{"Time":"2026-09-08T17:57:35.876979264+03:00","Action":"run","Package":"virmill.local/core/internal/ui/tui","Test":"TestActionLanguageExplainsDisruptionAndRecovery"}
{"Time":"2026-09-08T17:57:35.876980879+03:00","Action":"output","Package":"virmill.local/core/internal/ui/tui","Test":"TestActionLanguageExplainsDisruptionAndRecovery","Output":"=== RUN   TestActionLanguageExplainsDisruptionAndRecovery\n","OutputType":"frame"}
{"Time":"2026-09-08T17:57:35.877003406+03:00","Action":"output","Package":"virmill.local/core/internal/ui/tui","Test":"TestActionLanguageExplainsDisruptionAndRecovery","Output":"--- PASS: TestActionLanguageExplainsDisruptionAndRecovery (0.00s)\n","OutputType":"frame"}
{"Time":"2026-09-08T17:57:35.87700706+03:00","Action":"pass","Package":"virmill.local/core/internal/ui/tui","Test":"TestActionLanguageExplainsDisruptionAndRecovery","Elapsed":0}
{"Time":"2026-09-08T17:57:35.877016363+03:00","Action":"run","Package":"virmill.local/core/internal/ui/tui","Test":"TestUnknownActionLanguageDoesNotExposeUntrustedCommand"}
{"Time":"2026-09-08T17:57:35.877018801+03:00","Action":"output","Package":"virmill.local/core/internal/ui/tui","Test":"TestUnknownActionLanguageDoesNotExposeUntrustedCommand","Output":"=== RUN   TestUnknownActionLanguageDoesNotExposeUntrustedCommand\n","OutputType":"frame"}
{"Time":"2026-09-08T17:57:35.877042859+03:00","Action":"output","Package":"virmill.local/core/internal/ui/tui","Test":"TestUnknownActionLanguageDoesNotExposeUntrustedCommand","Output":"--- PASS: TestUnknownActionLanguageDoesNotExposeUntrustedCommand (0.00s)\n","OutputType":"frame"}
{"Time":"2026-09-08T17:57:35.877048119+03:00","Action":"pass","Package":"virmill.local/core/internal/ui/tui","Test":"TestUnknownActionLanguageDoesNotExposeUntrustedCommand","Elapsed":0}
{"Time":"2026-09-08T17:57:35.877060667+03:00","Action":"run","Package":"virmill.local/core/internal/ui/tui","Test":"TestTaskMenuGroupsAndSearchByPlainLanguage"}
{"Time":"2026-09-08T17:57:35.877062679+03:00","Action":"output","Package":"virmill.local/core/internal/ui/tui","Test":"TestTaskMenuGroupsAndSearchByPlainLanguage","Output":"=== RUN   TestTaskMenuGroupsAndSearchByPlainLanguage\n","OutputType":"frame"}
{"Time":"2026-09-08T17:57:35.878029834+03:00","Action":"output","Package":"virmill.local/core/internal/ui/tui","Test":"TestTaskMenuGroupsAndSearchByPlainLanguage","Output":"--- PASS: TestTaskMenuGroupsAndSearchByPlainLanguage (0.00s)\n","OutputType":"frame"}
{"Time":"2026-09-08T17:57:35.878036637+03:00","Action":"pass","Package":"virmill.local/core/internal/ui/tui","Test":"TestTaskMenuGroupsAndSearchByPlainLanguage","Elapsed":0}
{"Time":"2026-09-08T17:57:35.878052152+03:00","Action":"run","Package":"virmill.local/core/internal/ui/tui","Test":"TestPowerTaskUsesSelectedVMWithoutAnotherIDForm"}
{"Time":"2026-09-08T17:57:35.878054733+03:00","Action":"output","Package":"virmill.local/core/internal/ui/tui","Test":"TestPowerTaskUsesSelectedVMWithoutAnotherIDForm","Output":"=== RUN   TestPowerTaskUsesSelectedVMWithoutAnotherIDForm\n","OutputType":"frame"}
{"Time":"2026-09-08T17:57:35.878869138+03:00","Action":"output","Package":"virmill.local/core/internal/ui/tui","Test":"TestPowerTaskUsesSelectedVMWithoutAnotherIDForm","Output":"--- PASS: TestPowerTaskUsesSelectedVMWithoutAnotherIDForm (0.00s)\n","OutputType":"frame"}
{"Time":"2026-09-08T17:57:35.878875318+03:00","Action":"pass","Package":"virmill.local/core/internal/ui/tui","Test":"TestPowerTaskUsesSelectedVMWithoutAnotherIDForm","Elapsed":0}
{"Time":"2026-09-08T17:57:35.878886031+03:00","Action":"run","Package":"virmill.local/core/internal/ui/tui","Test":"TestTaskMenuEveryRowAndFocusedButtonVisibleWhenNarrow"}
{"Time":"2026-09-08T17:57:35.8788882+03:00","Action":"output","Package":"virmill.local/core/internal/ui/tui","Test":"TestTaskMenuEveryRowAndFocusedButtonVisibleWhenNarrow","Output":"=== RUN   TestTaskMenuEveryRowAndFocusedButtonVisibleWhenNarrow\n","OutputType":"frame"}
{"Time":"2026-09-08T17:57:35.894499342+03:00","Action":"output","Package":"virmill.local/core/internal/ui/cli","Test":"TestAuxiliaryCLIMachineOutputPreservesSharedReadOnlyObservation/json","Output":"--- PASS: TestAuxiliaryCLIMachineOutputPreservesSharedReadOnlyObservation/json (0.06s)\n","OutputType":"frame"}
{"Time":"2026-09-08T17:57:35.894526917+03:00","Action":"pass","Package":"virmill.local/core/internal/ui/cli","Test":"TestAuxiliaryCLIMachineOutputPreservesSharedReadOnlyObservation/json","Elapsed":0.06}
{"Time":"2026-09-08T17:57:35.894532576+03:00","Action":"run","Package":"virmill.local/core/internal/ui/cli","Test":"TestAuxiliaryCLIMachineOutputPreservesSharedReadOnlyObservation/ndjson"}
{"Time":"2026-09-08T17:57:35.894534436+03:00","Action":"output","Package":"virmill.local/core/internal/ui/cli","Test":"TestAuxiliaryCLIMachineOutputPreservesSharedReadOnlyObservation/ndjson","Output":"=== RUN   TestAuxiliaryCLIMachineOutputPreservesSharedReadOnlyObservation/ndjson\n","OutputType":"frame"}
{"Time":"2026-09-08T17:57:35.896784828+03:00","Action":"output","Package":"virmill.local/core/internal/ui/cli","Test":"TestAuxiliaryCLIMachineOutputPreservesSharedReadOnlyObservation/ndjson","Output":"--- PASS: TestAuxiliaryCLIMachineOutputPreservesSharedReadOnlyObservation/ndjson (0.00s)\n","OutputType":"frame"}
{"Time":"2026-09-08T17:57:35.896798641+03:00","Action":"pass","Package":"virmill.local/core/internal/ui/cli","Test":"TestAuxiliaryCLIMachineOutputPreservesSharedReadOnlyObservation/ndjson","Elapsed":0}
{"Time":"2026-09-08T17:57:35.897302867+03:00","Action":"output","Package":"virmill.local/core/internal/ui/cli","Test":"TestAuxiliaryCLIMachineOutputPreservesSharedReadOnlyObservation","Output":"--- PASS: TestAuxiliaryCLIMachineOutputPreservesSharedReadOnlyObservation (0.07s)\n","OutputType":"frame"}
{"Time":"2026-09-08T17:57:35.897306935+03:00","Action":"pass","Package":"virmill.local/core/internal/ui/cli","Test":"TestAuxiliaryCLIMachineOutputPreservesSharedReadOnlyObservation","Elapsed":0.07}
{"Time":"2026-09-08T17:57:35.897332516+03:00","Action":"run","Package":"virmill.local/core/internal/ui/cli","Test":"TestAuxiliaryCLIErrorsAndCancellationDoNotReturnMetadata"}
{"Time":"2026-09-08T17:57:35.897334982+03:00","Action":"output","Package":"virmill.local/core/internal/ui/cli","Test":"TestAuxiliaryCLIErrorsAndCancellationDoNotReturnMetadata","Output":"=== RUN   TestAuxiliaryCLIErrorsAndCancellationDoNotReturnMetadata\n","OutputType":"frame"}
{"Time":"2026-09-08T17:57:35.897358158+03:00","Action":"run","Package":"virmill.local/core/internal/ui/cli","Test":"TestAuxiliaryCLIErrorsAndCancellationDoNotReturnMetadata/json/unknown-input"}
{"Time":"2026-09-08T17:57:35.897360162+03:00","Action":"output","Package":"virmill.local/core/internal/ui/cli","Test":"TestAuxiliaryCLIErrorsAndCancellationDoNotReturnMetadata/json/unknown-input","Output":"=== RUN   TestAuxiliaryCLIErrorsAndCancellationDoNotReturnMetadata/json/unknown-input\n","OutputType":"frame"}
{"Time":"2026-09-08T17:57:35.898627205+03:00","Action":"output","Package":"virmill.local/core/internal/ui/cli","Test":"TestAuxiliaryCLIErrorsAndCancellationDoNotReturnMetadata/json/unknown-input","Output":"--- PASS: TestAuxiliaryCLIErrorsAndCancellationDoNotReturnMetadata/json/unknown-input (0.00s)\n","OutputType":"frame"}
{"Time":"2026-09-08T17:57:35.898645065+03:00","Action":"pass","Package":"virmill.local/core/internal/ui/cli","Test":"TestAuxiliaryCLIErrorsAndCancellationDoNotReturnMetadata/json/unknown-input","Elapsed":0}
{"Time":"2026-09-08T17:57:35.898658958+03:00","Action":"run","Package":"virmill.local/core/internal/ui/cli","Test":"TestAuxiliaryCLIErrorsAndCancellationDoNotReturnMetadata/json/missing-root"}
{"Time":"2026-09-08T17:57:35.898661566+03:00","Action":"output","Package":"virmill.local/core/internal/ui/cli","Test":"TestAuxiliaryCLIErrorsAndCancellationDoNotReturnMetadata/json/missing-root","Output":"=== RUN   TestAuxiliaryCLIErrorsAndCancellationDoNotReturnMetadata/json/missing-root\n","OutputType":"frame"}
{"Time":"2026-09-08T17:57:35.899800304+03:00","Action":"output","Package":"virmill.local/core/internal/ui/cli","Test":"TestAuxiliaryCLIErrorsAndCancellationDoNotReturnMetadata/json/missing-root","Output":"--- PASS: TestAuxiliaryCLIErrorsAndCancellationDoNotReturnMetadata/json/missing-root (0.00s)\n","OutputType":"frame"}
{"Time":"2026-09-08T17:57:35.899806745+03:00","Action":"pass","Package":"virmill.local/core/internal/ui/cli","Test":"TestAuxiliaryCLIErrorsAndCancellationDoNotReturnMetadata/json/missing-root","Elapsed":0}
{"Time":"2026-09-08T17:57:35.899823512+03:00","Action":"run","Package":"virmill.local/core/internal/ui/cli","Test":"TestAuxiliaryCLIErrorsAndCancellationDoNotReturnMetadata/json/unapproved-root"}
{"Time":"2026-09-08T17:57:35.899825577+03:00","Action":"output","Package":"virmill.local/core/internal/ui/cli","Test":"TestAuxiliaryCLIErrorsAndCancellationDoNotReturnMetadata/json/unapproved-root","Output":"=== RUN   TestAuxiliaryCLIErrorsAndCancellationDoNotReturnMetadata/json/unapproved-root\n","OutputType":"frame"}
{"Time":"2026-09-08T17:57:35.900989021+03:00","Action":"output","Package":"virmill.local/core/internal/ui/cli","Test":"TestAuxiliaryCLIErrorsAndCancellationDoNotReturnMetadata/json/unapproved-root","Output":"--- PASS: TestAuxiliaryCLIErrorsAndCancellationDoNotReturnMetadata/json/unapproved-root (0.00s)\n","OutputType":"frame"}
{"Time":"2026-09-08T17:57:35.901002291+03:00","Action":"pass","Package":"virmill.local/core/internal/ui/cli","Test":"TestAuxiliaryCLIErrorsAndCancellationDoNotReturnMetadata/json/unapproved-root","Elapsed":0}
{"Time":"2026-09-08T17:57:35.901016039+03:00","Action":"run","Package":"virmill.local/core/internal/ui/cli","Test":"TestAuxiliaryCLIErrorsAndCancellationDoNotReturnMetadata/json/session"}
{"Time":"2026-09-08T17:57:35.901018094+03:00","Action":"output","Package":"virmill.local/core/internal/ui/cli","Test":"TestAuxiliaryCLIErrorsAndCancellationDoNotReturnMetadata/json/session","Output":"=== RUN   TestAuxiliaryCLIErrorsAndCancellationDoNotReturnMetadata/json/session\n","OutputType":"frame"}
{"Time":"2026-09-08T17:57:35.901978567+03:00","Action":"output","Package":"virmill.local/core/internal/ui/cli","Test":"TestAuxiliaryCLIErrorsAndCancellationDoNotReturnMetadata/json/session","Output":"--- PASS: TestAuxiliaryCLIErrorsAndCancellationDoNotReturnMetadata/json/session (0.00s)\n","OutputType":"frame"}
{"Time":"2026-09-08T17:57:35.901988062+03:00","Action":"pass","Package":"virmill.local/core/internal/ui/cli","Test":"TestAuxiliaryCLIErrorsAndCancellationDoNotReturnMetadata/json/session","Elapsed":0}
{"Time":"2026-09-08T17:57:35.902003357+03:00","Action":"run","Package":"virmill.local/core/internal/ui/cli","Test":"TestAuxiliaryCLIErrorsAndCancellationDoNotReturnMetadata/json/root-actor"}
{"Time":"2026-09-08T17:57:35.902005497+03:00","Action":"output","Package":"virmill.local/core/internal/ui/cli","Test":"TestAuxiliaryCLIErrorsAndCancellationDoNotReturnMetadata/json/root-actor","Output":"=== RUN   TestAuxiliaryCLIErrorsAndCancellationDoNotReturnMetadata/json/root-actor\n","OutputType":"frame"}
{"Time":"2026-09-08T17:57:35.90367077+03:00","Action":"output","Package":"virmill.local/core/internal/ui/cli","Test":"TestAuxiliaryCLIErrorsAndCancellationDoNotReturnMetadata/json/root-actor","Output":"--- PASS: TestAuxiliaryCLIErrorsAndCancellationDoNotReturnMetadata/json/root-actor (0.00s)\n","OutputType":"frame"}
{"Time":"2026-09-08T17:57:35.903690399+03:00","Action":"pass","Package":"virmill.local/core/internal/ui/cli","Test":"TestAuxiliaryCLIErrorsAndCancellationDoNotReturnMetadata/json/root-actor","Elapsed":0}
{"Time":"2026-09-08T17:57:35.903696973+03:00","Action":"run","Package":"virmill.local/core/internal/ui/cli","Test":"TestAuxiliaryCLIErrorsAndCancellationDoNotReturnMetadata/json/native-error"}
{"Time":"2026-09-08T17:57:35.903703859+03:00","Action":"output","Package":"virmill.local/core/internal/ui/cli","Test":"TestAuxiliaryCLIErrorsAndCancellationDoNotReturnMetadata/json/native-error","Output":"=== RUN   TestAuxiliaryCLIErrorsAndCancellationDoNotReturnMetadata/json/native-error\n","OutputType":"frame"}
{"Time":"2026-09-08T17:57:35.905355785+03:00","Action":"output","Package":"virmill.local/core/internal/ui/cli","Test":"TestAuxiliaryCLIErrorsAndCancellationDoNotReturnMetadata/json/native-error","Output":"--- PASS: TestAuxiliaryCLIErrorsAndCancellationDoNotReturnMetadata/json/native-error (0.00s)\n","OutputType":"frame"}
{"Time":"2026-09-08T17:57:35.90537109+03:00","Action":"pass","Package":"virmill.local/core/internal/ui/cli","Test":"TestAuxiliaryCLIErrorsAndCancellationDoNotReturnMetadata/json/native-error","Elapsed":0}
{"Time":"2026-09-08T17:57:35.905385061+03:00","Action":"run","Package":"virmill.local/core/internal/ui/cli","Test":"TestAuxiliaryCLIErrorsAndCancellationDoNotReturnMetadata/json/helper-denied"}
{"Time":"2026-09-08T17:57:35.905388482+03:00","Action":"output","Package":"virmill.local/core/internal/ui/cli","Test":"TestAuxiliaryCLIErrorsAndCancellationDoNotReturnMetadata/json/helper-denied","Output":"=== RUN   TestAuxiliaryCLIErrorsAndCancellationDoNotReturnMetadata/json/helper-denied\n","OutputType":"frame"}
{"Time":"2026-09-08T17:57:35.907427301+03:00","Action":"output","Package":"virmill.local/core/internal/ui/cli","Test":"TestAuxiliaryCLIErrorsAndCancellationDoNotReturnMetadata/json/helper-denied","Output":"--- PASS: TestAuxiliaryCLIErrorsAndCancellationDoNotReturnMetadata/json/helper-denied (0.00s)\n","OutputType":"frame"}
{"Time":"2026-09-08T17:57:35.907445758+03:00","Action":"pass","Package":"virmill.local/core/internal/ui/cli","Test":"TestAuxiliaryCLIErrorsAndCancellationDoNotReturnMetadata/json/helper-denied","Elapsed":0}
{"Time":"2026-09-08T17:57:35.907467962+03:00","Action":"run","Package":"virmill.local/core/internal/ui/cli","Test":"TestAuxiliaryCLIErrorsAndCancellationDoNotReturnMetadata/json/source-change"}
{"Time":"2026-09-08T17:57:35.907471682+03:00","Action":"output","Package":"virmill.local/core/internal/ui/cli","Test":"TestAuxiliaryCLIErrorsAndCancellationDoNotReturnMetadata/json/source-change","Output":"=== RUN   TestAuxiliaryCLIErrorsAndCancellationDoNotReturnMetadata/json/source-change\n","OutputType":"frame"}
{"Time":"2026-09-08T17:57:35.909923636+03:00","Action":"output","Package":"virmill.local/core/internal/ui/cli","Test":"TestAuxiliaryCLIErrorsAndCancellationDoNotReturnMetadata/json/source-change","Output":"--- PASS: TestAuxiliaryCLIErrorsAndCancellationDoNotReturnMetadata/json/source-change (0.00s)\n","OutputType":"frame"}
{"Time":"2026-09-08T17:57:35.909936933+03:00","Action":"pass","Package":"virmill.local/core/internal/ui/cli","Test":"TestAuxiliaryCLIErrorsAndCancellationDoNotReturnMetadata/json/source-change","Elapsed":0}
{"Time":"2026-09-08T17:57:35.909960464+03:00","Action":"run","Package":"virmill.local/core/internal/ui/cli","Test":"TestAuxiliaryCLIErrorsAndCancellationDoNotReturnMetadata/json/pre-cancel"}
{"Time":"2026-09-08T17:57:35.909964132+03:00","Action":"output","Package":"virmill.local/core/internal/ui/cli","Test":"TestAuxiliaryCLIErrorsAndCancellationDoNotReturnMetadata/json/pre-cancel","Output":"=== RUN   TestAuxiliaryCLIErrorsAndCancellationDoNotReturnMetadata/json/pre-cancel\n","OutputType":"frame"}
{"Time":"2026-09-08T17:57:35.91117735+03:00","Action":"output","Package":"virmill.local/core/internal/ui/cli","Test":"TestAuxiliaryCLIErrorsAndCancellationDoNotReturnMetadata/json/pre-cancel","Output":"--- PASS: TestAuxiliaryCLIErrorsAndCancellationDoNotReturnMetadata/json/pre-cancel (0.00s)\n","OutputType":"frame"}
{"Time":"2026-09-08T17:57:35.911191845+03:00","Action":"pass","Package":"virmill.local/core/internal/ui/cli","Test":"TestAuxiliaryCLIErrorsAndCancellationDoNotReturnMetadata/json/pre-cancel","Elapsed":0}
{"Time":"2026-09-08T17:57:35.911216683+03:00","Action":"run","Package":"virmill.local/core/internal/ui/cli","Test":"TestAuxiliaryCLIErrorsAndCancellationDoNotReturnMetadata/json/post-cancel"}
{"Time":"2026-09-08T17:57:35.911221487+03:00","Action":"output","Package":"virmill.local/core/internal/ui/cli","Test":"TestAuxiliaryCLIErrorsAndCancellationDoNotReturnMetadata/json/post-cancel","Output":"=== RUN   TestAuxiliaryCLIErrorsAndCancellationDoNotReturnMetadata/json/post-cancel\n","OutputType":"frame"}
{"Time":"2026-09-08T17:57:35.913314438+03:00","Action":"output","Package":"virmill.local/core/internal/ui/cli","Test":"TestAuxiliaryCLIErrorsAndCancellationDoNotReturnMetadata/json/post-cancel","Output":"--- PASS: TestAuxiliaryCLIErrorsAndCancellationDoNotReturnMetadata/json/post-cancel (0.00s)\n","OutputType":"frame"}
{"Time":"2026-09-08T17:57:35.913676459+03:00","Action":"pass","Package":"virmill.local/core/internal/ui/cli","Test":"TestAuxiliaryCLIErrorsAndCancellationDoNotReturnMetadata/json/post-cancel","Elapsed":0}
{"Time":"2026-09-08T17:57:35.913688873+03:00","Action":"run","Package":"virmill.local/core/internal/ui/cli","Test":"TestAuxiliaryCLIErrorsAndCancellationDoNotReturnMetadata/json/transport"}
{"Time":"2026-09-08T17:57:35.913692751+03:00","Action":"output","Package":"virmill.local/core/internal/ui/cli","Test":"TestAuxiliaryCLIErrorsAndCancellationDoNotReturnMetadata/json/transport","Output":"=== RUN   TestAuxiliaryCLIErrorsAndCancellationDoNotReturnMetadata/json/transport\n","OutputType":"frame"}
{"Time":"2026-09-08T17:57:35.914298175+03:00","Action":"output","Package":"virmill.local/core/internal/ui/tui","Test":"TestTaskMenuEveryRowAndFocusedButtonVisibleWhenNarrow","Output":"--- PASS: TestTaskMenuEveryRowAndFocusedButtonVisibleWhenNarrow (0.04s)\n","OutputType":"frame"}
{"Time":"2026-09-08T17:57:35.914317969+03:00","Action":"pass","Package":"virmill.local/core/internal/ui/tui","Test":"TestTaskMenuEveryRowAndFocusedButtonVisibleWhenNarrow","Elapsed":0.04}
{"Time":"2026-09-08T17:57:35.914341834+03:00","Action":"run","Package":"virmill.local/core/internal/ui/tui","Test":"TestAllToolsCategoriesAndImportSources"}
{"Time":"2026-09-08T17:57:35.91434823+03:00","Action":"output","Package":"virmill.local/core/internal/ui/tui","Test":"TestAllToolsCategoriesAndImportSources","Output":"=== RUN   TestAllToolsCategoriesAndImportSources\n","OutputType":"frame"}
{"Time":"2026-09-08T17:57:35.914759435+03:00","Action":"output","Package":"virmill.local/core/internal/ui/cli","Test":"TestAuxiliaryCLIErrorsAndCancellationDoNotReturnMetadata/json/transport","Output":"--- PASS: TestAuxiliaryCLIErrorsAndCancellationDoNotReturnMetadata/json/transport (0.00s)\n","OutputType":"frame"}
{"Time":"2026-09-08T17:57:35.914768774+03:00","Action":"pass","Package":"virmill.local/core/internal/ui/cli","Test":"TestAuxiliaryCLIErrorsAndCancellationDoNotReturnMetadata/json/transport","Elapsed":0}
{"Time":"2026-09-08T17:57:35.915005923+03:00","Action":"run","Package":"virmill.local/core/internal/ui/cli","Test":"TestAuxiliaryCLIErrorsAndCancellationDoNotReturnMetadata/ndjson/unknown-input"}
{"Time":"2026-09-08T17:57:35.915021364+03:00","Action":"output","Package":"virmill.local/core/internal/ui/cli","Test":"TestAuxiliaryCLIErrorsAndCancellationDoNotReturnMetadata/ndjson/unknown-input","Output":"=== RUN   TestAuxiliaryCLIErrorsAndCancellationDoNotReturnMetadata/ndjson/unknown-input\n","OutputType":"frame"}
{"Time":"2026-09-08T17:57:35.915340781+03:00","Action":"output","Package":"virmill.local/core/internal/ui/tui","Test":"TestAllToolsCategoriesAndImportSources","Output":"--- PASS: TestAllToolsCategoriesAndImportSources (0.00s)\n","OutputType":"frame"}
{"Time":"2026-09-08T17:57:35.915347577+03:00","Action":"pass","Package":"virmill.local/core/internal/ui/tui","Test":"TestAllToolsCategoriesAndImportSources","Elapsed":0}
{"Time":"2026-09-08T17:57:35.915362536+03:00","Action":"run","Package":"virmill.local/core/internal/ui/tui","Test":"TestCancelReadOnlyTaskIgnoresLateDetail"}
{"Time":"2026-09-08T17:57:35.915364933+03:00","Action":"output","Package":"virmill.local/core/internal/ui/tui","Test":"TestCancelReadOnlyTaskIgnoresLateDetail","Output":"=== RUN   TestCancelReadOnlyTaskIgnoresLateDetail\n","OutputType":"frame"}
{"Time":"2026-09-08T17:57:35.915726408+03:00","Action":"output","Package":"virmill.local/core/internal/ui/tui","Test":"TestCancelReadOnlyTaskIgnoresLateDetail","Output":"--- PASS: TestCancelReadOnlyTaskIgnoresLateDetail (0.00s)\n","OutputType":"frame"}
{"Time":"2026-09-08T17:57:35.915734226+03:00","Action":"pass","Package":"virmill.local/core/internal/ui/tui","Test":"TestCancelReadOnlyTaskIgnoresLateDetail","Elapsed":0}
{"Time":"2026-09-08T17:57:35.915744063+03:00","Action":"run","Package":"virmill.local/core/internal/ui/tui","Test":"TestAuxiliaryTUIJSONFormAndCurrentPagedSharedObservation"}
{"Time":"2026-09-08T17:57:35.915746109+03:00","Action":"output","Package":"virmill.local/core/internal/ui/tui","Test":"TestAuxiliaryTUIJSONFormAndCurrentPagedSharedObservation","Output":"=== RUN   TestAuxiliaryTUIJSONFormAndCurrentPagedSharedObservation\n","OutputType":"frame"}
{"Time":"2026-09-08T17:57:35.916279106+03:00","Action":"output","Package":"virmill.local/core/internal/ui/cli","Test":"TestAuxiliaryCLIErrorsAndCancellationDoNotReturnMetadata/ndjson/unknown-input","Output":"--- PASS: TestAuxiliaryCLIErrorsAndCancellationDoNotReturnMetadata/ndjson/unknown-input (0.00s)\n","OutputType":"frame"}
{"Time":"2026-09-08T17:57:35.916290301+03:00","Action":"pass","Package":"virmill.local/core/internal/ui/cli","Test":"TestAuxiliaryCLIErrorsAndCancellationDoNotReturnMetadata/ndjson/unknown-input","Elapsed":0}
{"Time":"2026-09-08T17:57:35.916306532+03:00","Action":"run","Package":"virmill.local/core/internal/ui/cli","Test":"TestAuxiliaryCLIErrorsAndCancellationDoNotReturnMetadata/ndjson/missing-root"}
{"Time":"2026-09-08T17:57:35.916308525+03:00","Action":"output","Package":"virmill.local/core/internal/ui/cli","Test":"TestAuxiliaryCLIErrorsAndCancellationDoNotReturnMetadata/ndjson/missing-root","Output":"=== RUN   TestAuxiliaryCLIErrorsAndCancellationDoNotReturnMetadata/ndjson/missing-root\n","OutputType":"frame"}
{"Time":"2026-09-08T17:57:35.917106533+03:00","Action":"output","Package":"virmill.local/core/internal/ui/cli","Test":"TestAuxiliaryCLIErrorsAndCancellationDoNotReturnMetadata/ndjson/missing-root","Output":"--- PASS: TestAuxiliaryCLIErrorsAndCancellationDoNotReturnMetadata/ndjson/missing-root (0.00s)\n","OutputType":"frame"}
{"Time":"2026-09-08T17:57:35.917118987+03:00","Action":"pass","Package":"virmill.local/core/internal/ui/cli","Test":"TestAuxiliaryCLIErrorsAndCancellationDoNotReturnMetadata/ndjson/missing-root","Elapsed":0}
{"Time":"2026-09-08T17:57:35.917137027+03:00","Action":"run","Package":"virmill.local/core/internal/ui/cli","Test":"TestAuxiliaryCLIErrorsAndCancellationDoNotReturnMetadata/ndjson/unapproved-root"}
{"Time":"2026-09-08T17:57:35.917139191+03:00","Action":"output","Package":"virmill.local/core/internal/ui/cli","Test":"TestAuxiliaryCLIErrorsAndCancellationDoNotReturnMetadata/ndjson/unapproved-root","Output":"=== RUN   TestAuxiliaryCLIErrorsAndCancellationDoNotReturnMetadata/ndjson/unapproved-root\n","OutputType":"frame"}
{"Time":"2026-09-08T17:57:35.918033351+03:00","Action":"output","Package":"virmill.local/core/internal/ui/cli","Test":"TestAuxiliaryCLIErrorsAndCancellationDoNotReturnMetadata/ndjson/unapproved-root","Output":"--- PASS: TestAuxiliaryCLIErrorsAndCancellationDoNotReturnMetadata/ndjson/unapproved-root (0.00s)\n","OutputType":"frame"}
{"Time":"2026-09-08T17:57:35.918045953+03:00","Action":"pass","Package":"virmill.local/core/internal/ui/cli","Test":"TestAuxiliaryCLIErrorsAndCancellationDoNotReturnMetadata/ndjson/unapproved-root","Elapsed":0}
{"Time":"2026-09-08T17:57:35.918060538+03:00","Action":"run","Package":"virmill.local/core/internal/ui/cli","Test":"TestAuxiliaryCLIErrorsAndCancellationDoNotReturnMetadata/ndjson/session"}
{"Time":"2026-09-08T17:57:35.918062491+03:00","Action":"output","Package":"virmill.local/core/internal/ui/cli","Test":"TestAuxiliaryCLIErrorsAndCancellationDoNotReturnMetadata/ndjson/session","Output":"=== RUN   TestAuxiliaryCLIErrorsAndCancellationDoNotReturnMetadata/ndjson/session\n","OutputType":"frame"}
{"Time":"2026-09-08T17:57:35.918816022+03:00","Action":"output","Package":"virmill.local/core/internal/ui/cli","Test":"TestAuxiliaryCLIErrorsAndCancellationDoNotReturnMetadata/ndjson/session","Output":"--- PASS: TestAuxiliaryCLIErrorsAndCancellationDoNotReturnMetadata/ndjson/session (0.00s)\n","OutputType":"frame"}
{"Time":"2026-09-08T17:57:35.918827754+03:00","Action":"pass","Package":"virmill.local/core/internal/ui/cli","Test":"TestAuxiliaryCLIErrorsAndCancellationDoNotReturnMetadata/ndjson/session","Elapsed":0}
{"Time":"2026-09-08T17:57:35.918841589+03:00","Action":"run","Package":"virmill.local/core/internal/ui/cli","Test":"TestAuxiliaryCLIErrorsAndCancellationDoNotReturnMetadata/ndjson/root-actor"}
{"Time":"2026-09-08T17:57:35.918845806+03:00","Action":"output","Package":"virmill.local/core/internal/ui/cli","Test":"TestAuxiliaryCLIErrorsAndCancellationDoNotReturnMetadata/ndjson/root-actor","Output":"=== RUN   TestAuxiliaryCLIErrorsAndCancellationDoNotReturnMetadata/ndjson/root-actor\n","OutputType":"frame"}
{"Time":"2026-09-08T17:57:35.919572894+03:00","Action":"output","Package":"virmill.local/core/internal/ui/cli","Test":"TestAuxiliaryCLIErrorsAndCancellationDoNotReturnMetadata/ndjson/root-actor","Output":"--- PASS: TestAuxiliaryCLIErrorsAndCancellationDoNotReturnMetadata/ndjson/root-actor (0.00s)\n","OutputType":"frame"}
{"Time":"2026-09-08T17:57:35.919584206+03:00","Action":"pass","Package":"virmill.local/core/internal/ui/cli","Test":"TestAuxiliaryCLIErrorsAndCancellationDoNotReturnMetadata/ndjson/root-actor","Elapsed":0}
{"Time":"2026-09-08T17:57:35.91959928+03:00","Action":"run","Package":"virmill.local/core/internal/ui/cli","Test":"TestAuxiliaryCLIErrorsAndCancellationDoNotReturnMetadata/ndjson/native-error"}
{"Time":"2026-09-08T17:57:35.919601316+03:00","Action":"output","Package":"virmill.local/core/internal/ui/cli","Test":"TestAuxiliaryCLIErrorsAndCancellationDoNotReturnMetadata/ndjson/native-error","Output":"=== RUN   TestAuxiliaryCLIErrorsAndCancellationDoNotReturnMetadata/ndjson/native-error\n","OutputType":"frame"}
{"Time":"2026-09-08T17:57:35.920518657+03:00","Action":"output","Package":"virmill.local/core/internal/ui/cli","Test":"TestAuxiliaryCLIErrorsAndCancellationDoNotReturnMetadata/ndjson/native-error","Output":"--- PASS: TestAuxiliaryCLIErrorsAndCancellationDoNotReturnMetadata/ndjson/native-error (0.00s)\n","OutputType":"frame"}
{"Time":"2026-09-08T17:57:35.920528781+03:00","Action":"pass","Package":"virmill.local/core/internal/ui/cli","Test":"TestAuxiliaryCLIErrorsAndCancellationDoNotReturnMetadata/ndjson/native-error","Elapsed":0}
{"Time":"2026-09-08T17:57:35.920546706+03:00","Action":"run","Package":"virmill.local/core/internal/ui/cli","Test":"TestAuxiliaryCLIErrorsAndCancellationDoNotReturnMetadata/ndjson/helper-denied"}
{"Time":"2026-09-08T17:57:35.920548837+03:00","Action":"output","Package":"virmill.local/core/internal/ui/cli","Test":"TestAuxiliaryCLIErrorsAndCancellationDoNotReturnMetadata/ndjson/helper-denied","Output":"=== RUN   TestAuxiliaryCLIErrorsAndCancellationDoNotReturnMetadata/ndjson/helper-denied\n","OutputType":"frame"}
{"Time":"2026-09-08T17:57:35.922495004+03:00","Action":"output","Package":"virmill.local/core/internal/ui/cli","Test":"TestAuxiliaryCLIErrorsAndCancellationDoNotReturnMetadata/ndjson/helper-denied","Output":"--- PASS: TestAuxiliaryCLIErrorsAndCancellationDoNotReturnMetadata/ndjson/helper-denied (0.00s)\n","OutputType":"frame"}
{"Time":"2026-09-08T17:57:35.922521242+03:00","Action":"pass","Package":"virmill.local/core/internal/ui/cli","Test":"TestAuxiliaryCLIErrorsAndCancellationDoNotReturnMetadata/ndjson/helper-denied","Elapsed":0}
{"Time":"2026-09-08T17:57:35.922530458+03:00","Action":"run","Package":"virmill.local/core/internal/ui/cli","Test":"TestAuxiliaryCLIErrorsAndCancellationDoNotReturnMetadata/ndjson/source-change"}
{"Time":"2026-09-08T17:57:35.922533467+03:00","Action":"output","Package":"virmill.local/core/internal/ui/cli","Test":"TestAuxiliaryCLIErrorsAndCancellationDoNotReturnMetadata/ndjson/source-change","Output":"=== RUN   TestAuxiliaryCLIErrorsAndCancellationDoNotReturnMetadata/ndjson/source-change\n","OutputType":"frame"}
{"Time":"2026-09-08T17:57:35.923915085+03:00","Action":"output","Package":"virmill.local/core/internal/ui/cli","Test":"TestAuxiliaryCLIErrorsAndCancellationDoNotReturnMetadata/ndjson/source-change","Output":"--- PASS: TestAuxiliaryCLIErrorsAndCancellationDoNotReturnMetadata/ndjson/source-change (0.00s)\n","OutputType":"frame"}
{"Time":"2026-09-08T17:57:35.923929042+03:00","Action":"pass","Package":"virmill.local/core/internal/ui/cli","Test":"TestAuxiliaryCLIErrorsAndCancellationDoNotReturnMetadata/ndjson/source-change","Elapsed":0}
{"Time":"2026-09-08T17:57:35.923932198+03:00","Action":"run","Package":"virmill.local/core/internal/ui/cli","Test":"TestAuxiliaryCLIErrorsAndCancellationDoNotReturnMetadata/ndjson/pre-cancel"}
{"Time":"2026-09-08T17:57:35.92393392+03:00","Action":"output","Package":"virmill.local/core/internal/ui/cli","Test":"TestAuxiliaryCLIErrorsAndCancellationDoNotReturnMetadata/ndjson/pre-cancel","Output":"=== RUN   TestAuxiliaryCLIErrorsAndCancellationDoNotReturnMetadata/ndjson/pre-cancel\n","OutputType":"frame"}
{"Time":"2026-09-08T17:57:35.924626414+03:00","Action":"output","Package":"virmill.local/core/internal/ui/cli","Test":"TestAuxiliaryCLIErrorsAndCancellationDoNotReturnMetadata/ndjson/pre-cancel","Output":"--- PASS: TestAuxiliaryCLIErrorsAndCancellationDoNotReturnMetadata/ndjson/pre-cancel (0.00s)\n","OutputType":"frame"}
{"Time":"2026-09-08T17:57:35.924637701+03:00","Action":"pass","Package":"virmill.local/core/internal/ui/cli","Test":"TestAuxiliaryCLIErrorsAndCancellationDoNotReturnMetadata/ndjson/pre-cancel","Elapsed":0}
{"Time":"2026-09-08T17:57:35.924647773+03:00","Action":"run","Package":"virmill.local/core/internal/ui/cli","Test":"TestAuxiliaryCLIErrorsAndCancellationDoNotReturnMetadata/ndjson/post-cancel"}
{"Time":"2026-09-08T17:57:35.924649178+03:00","Action":"output","Package":"virmill.local/core/internal/ui/cli","Test":"TestAuxiliaryCLIErrorsAndCancellationDoNotReturnMetadata/ndjson/post-cancel","Output":"=== RUN   TestAuxiliaryCLIErrorsAndCancellationDoNotReturnMetadata/ndjson/post-cancel\n","OutputType":"frame"}
{"Time":"2026-09-08T17:57:35.926037119+03:00","Action":"output","Package":"virmill.local/core/internal/ui/cli","Test":"TestAuxiliaryCLIErrorsAndCancellationDoNotReturnMetadata/ndjson/post-cancel","Output":"--- PASS: TestAuxiliaryCLIErrorsAndCancellationDoNotReturnMetadata/ndjson/post-cancel (0.00s)\n","OutputType":"frame"}
{"Time":"2026-09-08T17:57:35.926050707+03:00","Action":"pass","Package":"virmill.local/core/internal/ui/cli","Test":"TestAuxiliaryCLIErrorsAndCancellationDoNotReturnMetadata/ndjson/post-cancel","Elapsed":0}
{"Time":"2026-09-08T17:57:35.926056298+03:00","Action":"run","Package":"virmill.local/core/internal/ui/cli","Test":"TestAuxiliaryCLIErrorsAndCancellationDoNotReturnMetadata/ndjson/transport"}
{"Time":"2026-09-08T17:57:35.926059127+03:00","Action":"output","Package":"virmill.local/core/internal/ui/cli","Test":"TestAuxiliaryCLIErrorsAndCancellationDoNotReturnMetadata/ndjson/transport","Output":"=== RUN   TestAuxiliaryCLIErrorsAndCancellationDoNotReturnMetadata/ndjson/transport\n","OutputType":"frame"}
{"Time":"2026-09-08T17:57:35.926770029+03:00","Action":"output","Package":"virmill.local/core/internal/ui/cli","Test":"TestAuxiliaryCLIErrorsAndCancellationDoNotReturnMetadata/ndjson/transport","Output":"--- PASS: TestAuxiliaryCLIErrorsAndCancellationDoNotReturnMetadata/ndjson/transport (0.00s)\n","OutputType":"frame"}
{"Time":"2026-09-08T17:57:35.926792517+03:00","Action":"pass","Package":"virmill.local/core/internal/ui/cli","Test":"TestAuxiliaryCLIErrorsAndCancellationDoNotReturnMetadata/ndjson/transport","Elapsed":0}
{"Time":"2026-09-08T17:57:35.926800228+03:00","Action":"output","Package":"virmill.local/core/internal/ui/cli","Test":"TestAuxiliaryCLIErrorsAndCancellationDoNotReturnMetadata","Output":"--- PASS: TestAuxiliaryCLIErrorsAndCancellationDoNotReturnMetadata (0.03s)\n","OutputType":"frame"}
{"Time":"2026-09-08T17:57:35.926802611+03:00","Action":"pass","Package":"virmill.local/core/internal/ui/cli","Test":"TestAuxiliaryCLIErrorsAndCancellationDoNotReturnMetadata","Elapsed":0.03}
{"Time":"2026-09-08T17:57:35.926809101+03:00","Action":"run","Package":"virmill.local/core/internal/ui/cli","Test":"TestAuxiliaryCLIStrictJSONRefusesBeforeDispatch"}
{"Time":"2026-09-08T17:57:35.926811331+03:00","Action":"output","Package":"virmill.local/core/internal/ui/cli","Test":"TestAuxiliaryCLIStrictJSONRefusesBeforeDispatch","Output":"=== RUN   TestAuxiliaryCLIStrictJSONRefusesBeforeDispatch\n","OutputType":"frame"}
{"Time":"2026-09-08T17:57:35.926835109+03:00","Action":"run","Package":"virmill.local/core/internal/ui/cli","Test":"TestAuxiliaryCLIStrictJSONRefusesBeforeDispatch/{\"rootID\":\"state\",\"rootID\":\"other\"}"}
{"Time":"2026-09-08T17:57:35.926838951+03:00","Action":"output","Package":"virmill.local/core/internal/ui/cli","Test":"TestAuxiliaryCLIStrictJSONRefusesBeforeDispatch/{\"rootID\":\"state\",\"rootID\":\"other\"}","Output":"=== RUN   TestAuxiliaryCLIStrictJSONRefusesBeforeDispatch/{\"rootID\":\"state\",\"rootID\":\"other\"}\n","OutputType":"frame"}
{"Time":"2026-09-08T17:57:35.927272123+03:00","Action":"output","Package":"virmill.local/core/internal/ui/cli","Test":"TestAuxiliaryCLIStrictJSONRefusesBeforeDispatch/{\"rootID\":\"state\",\"rootID\":\"other\"}","Output":"--- PASS: TestAuxiliaryCLIStrictJSONRefusesBeforeDispatch/{\"rootID\":\"state\",\"rootID\":\"other\"} (0.00s)\n","OutputType":"frame"}
{"Time":"2026-09-08T17:57:35.927279368+03:00","Action":"pass","Package":"virmill.local/core/internal/ui/cli","Test":"TestAuxiliaryCLIStrictJSONRefusesBeforeDispatch/{\"rootID\":\"state\",\"rootID\":\"other\"}","Elapsed":0}
{"Time":"2026-09-08T17:57:35.927283412+03:00","Action":"run","Package":"virmill.local/core/internal/ui/cli","Test":"TestAuxiliaryCLIStrictJSONRefusesBeforeDispatch/{\"rootID\":"}
{"Time":"2026-09-08T17:57:35.927284784+03:00","Action":"output","Package":"virmill.local/core/internal/ui/cli","Test":"TestAuxiliaryCLIStrictJSONRefusesBeforeDispatch/{\"rootID\":","Output":"=== RUN   TestAuxiliaryCLIStrictJSONRefusesBeforeDispatch/{\"rootID\":\n","OutputType":"frame"}
{"Time":"2026-09-08T17:57:35.927715994+03:00","Action":"output","Package":"virmill.local/core/internal/ui/cli","Test":"TestAuxiliaryCLIStrictJSONRefusesBeforeDispatch/{\"rootID\":","Output":"--- PASS: TestAuxiliaryCLIStrictJSONRefusesBeforeDispatch/{\"rootID\": (0.00s)\n","OutputType":"frame"}
{"Time":"2026-09-08T17:57:35.927721997+03:00","Action":"pass","Package":"virmill.local/core/internal/ui/cli","Test":"TestAuxiliaryCLIStrictJSONRefusesBeforeDispatch/{\"rootID\":","Elapsed":0}
{"Time":"2026-09-08T17:57:35.927734285+03:00","Action":"run","Package":"virmill.local/core/internal/ui/cli","Test":"TestAuxiliaryCLIStrictJSONRefusesBeforeDispatch/[]"}
{"Time":"2026-09-08T17:57:35.927735996+03:00","Action":"output","Package":"virmill.local/core/internal/ui/cli","Test":"TestAuxiliaryCLIStrictJSONRefusesBeforeDispatch/[]","Output":"=== RUN   TestAuxiliaryCLIStrictJSONRefusesBeforeDispatch/[]\n","OutputType":"frame"}
{"Time":"2026-09-08T17:57:35.929360459+03:00","Action":"output","Package":"virmill.local/core/internal/ui/cli","Test":"TestAuxiliaryCLIStrictJSONRefusesBeforeDispatch/[]","Output":"--- PASS: TestAuxiliaryCLIStrictJSONRefusesBeforeDispatch/[] (0.00s)\n","OutputType":"frame"}
{"Time":"2026-09-08T17:57:35.929373726+03:00","Action":"pass","Package":"virmill.local/core/internal/ui/cli","Test":"TestAuxiliaryCLIStrictJSONRefusesBeforeDispatch/[]","Elapsed":0}
{"Time":"2026-09-08T17:57:35.929395284+03:00","Action":"run","Package":"virmill.local/core/internal/ui/cli","Test":"TestAuxiliaryCLIStrictJSONRefusesBeforeDispatch/{\"rootID\":\"state\"}_{}"}
{"Time":"2026-09-08T17:57:35.929399435+03:00","Action":"output","Package":"virmill.local/core/internal/ui/cli","Test":"TestAuxiliaryCLIStrictJSONRefusesBeforeDispatch/{\"rootID\":\"state\"}_{}","Output":"=== RUN   TestAuxiliaryCLIStrictJSONRefusesBeforeDispatch/{\"rootID\":\"state\"}_{}\n","OutputType":"frame"}
{"Time":"2026-09-08T17:57:35.930377549+03:00","Action":"output","Package":"virmill.local/core/internal/ui/cli","Test":"TestAuxiliaryCLIStrictJSONRefusesBeforeDispatch/{\"rootID\":\"state\"}_{}","Output":"--- PASS: TestAuxiliaryCLIStrictJSONRefusesBeforeDispatch/{\"rootID\":\"state\"}_{} (0.00s)\n","OutputType":"frame"}
{"Time":"2026-09-08T17:57:35.930388697+03:00","Action":"pass","Package":"virmill.local/core/internal/ui/cli","Test":"TestAuxiliaryCLIStrictJSONRefusesBeforeDispatch/{\"rootID\":\"state\"}_{}","Elapsed":0}
{"Time":"2026-09-08T17:57:35.930435776+03:00","Action":"output","Package":"virmill.local/core/internal/ui/cli","Test":"TestAuxiliaryCLIStrictJSONRefusesBeforeDispatch","Output":"--- PASS: TestAuxiliaryCLIStrictJSONRefusesBeforeDispatch (0.00s)\n","OutputType":"frame"}
{"Time":"2026-09-08T17:57:35.930448464+03:00","Action":"pass","Package":"virmill.local/core/internal/ui/cli","Test":"TestAuxiliaryCLIStrictJSONRefusesBeforeDispatch","Elapsed":0}
{"Time":"2026-09-08T17:57:35.930470136+03:00","Action":"run","Package":"virmill.local/core/internal/ui/cli","Test":"TestVersionedCaptureCLIDeclarationAndTamperedAuxiliaryMember"}
{"Time":"2026-09-08T17:57:35.930480048+03:00","Action":"output","Package":"virmill.local/core/internal/ui/cli","Test":"TestVersionedCaptureCLIDeclarationAndTamperedAuxiliaryMember","Output":"=== RUN   TestVersionedCaptureCLIDeclarationAndTamperedAuxiliaryMember\n","OutputType":"frame"}
{"Time":"2026-09-08T17:57:35.945868917+03:00","Action":"output","Package":"virmill.local/core/internal/ui/cli","Test":"TestVersionedCaptureCLIDeclarationAndTamperedAuxiliaryMember","Output":"--- PASS: TestVersionedCaptureCLIDeclarationAndTamperedAuxiliaryMember (0.02s)\n","OutputType":"frame"}
{"Time":"2026-09-08T17:57:35.945903693+03:00","Action":"pass","Package":"virmill.local/core/internal/ui/cli","Test":"TestVersionedCaptureCLIDeclarationAndTamperedAuxiliaryMember","Elapsed":0.02}
{"Time":"2026-09-08T17:57:35.945913777+03:00","Action":"run","Package":"virmill.local/core/internal/ui/cli","Test":"TestColdRecoveryCLIExactPreviewAndExplicitApply"}
{"Time":"2026-09-08T17:57:35.945917162+03:00","Action":"output","Package":"virmill.local/core/internal/ui/cli","Test":"TestColdRecoveryCLIExactPreviewAndExplicitApply","Output":"=== RUN   TestColdRecoveryCLIExactPreviewAndExplicitApply\n","OutputType":"frame"}
{"Time":"2026-09-08T17:57:35.945957741+03:00","Action":"run","Package":"virmill.local/core/internal/ui/cli","Test":"TestColdRecoveryCLIExactPreviewAndExplicitApply/json/create"}
{"Time":"2026-09-08T17:57:35.945962367+03:00","Action":"output","Package":"virmill.local/core/internal/ui/cli","Test":"TestColdRecoveryCLIExactPreviewAndExplicitApply/json/create","Output":"=== RUN   TestColdRecoveryCLIExactPreviewAndExplicitApply/json/create\n","OutputType":"frame"}
{"Time":"2026-09-08T17:57:35.951349508+03:00","Action":"output","Package":"virmill.local/core/internal/ui/cli","Test":"TestColdRecoveryCLIExactPreviewAndExplicitApply/json/create","Output":"--- PASS: TestColdRecoveryCLIExactPreviewAndExplicitApply/json/create (0.01s)\n","OutputType":"frame"}
{"Time":"2026-09-08T17:57:35.951380872+03:00","Action":"pass","Package":"virmill.local/core/internal/ui/cli","Test":"TestColdRecoveryCLIExactPreviewAndExplicitApply/json/create","Elapsed":0.01}
{"Time":"2026-09-08T17:57:35.951389081+03:00","Action":"run","Package":"virmill.local/core/internal/ui/cli","Test":"TestColdRecoveryCLIExactPreviewAndExplicitApply/json/restore"}
{"Time":"2026-09-08T17:57:35.951392152+03:00","Action":"output","Package":"virmill.local/core/internal/ui/cli","Test":"TestColdRecoveryCLIExactPreviewAndExplicitApply/json/restore","Output":"=== RUN   TestColdRecoveryCLIExactPreviewAndExplicitApply/json/restore\n","OutputType":"frame"}
{"Time":"2026-09-08T17:57:35.954953634+03:00","Action":"output","Package":"virmill.local/core/internal/ui/cli","Test":"TestColdRecoveryCLIExactPreviewAndExplicitApply/json/restore","Output":"--- PASS: TestColdRecoveryCLIExactPreviewAndExplicitApply/json/restore (0.00s)\n","OutputType":"frame"}
{"Time":"2026-09-08T17:57:35.954960182+03:00","Action":"pass","Package":"virmill.local/core/internal/ui/cli","Test":"TestColdRecoveryCLIExactPreviewAndExplicitApply/json/restore","Elapsed":0}
{"Time":"2026-09-08T17:57:35.954976539+03:00","Action":"run","Package":"virmill.local/core/internal/ui/cli","Test":"TestColdRecoveryCLIExactPreviewAndExplicitApply/ndjson/create"}
{"Time":"2026-09-08T17:57:35.954980049+03:00","Action":"output","Package":"virmill.local/core/internal/ui/cli","Test":"TestColdRecoveryCLIExactPreviewAndExplicitApply/ndjson/create","Output":"=== RUN   TestColdRecoveryCLIExactPreviewAndExplicitApply/ndjson/create\n","OutputType":"frame"}
{"Time":"2026-09-08T17:57:35.959272321+03:00","Action":"output","Package":"virmill.local/core/internal/ui/cli","Test":"TestColdRecoveryCLIExactPreviewAndExplicitApply/ndjson/create","Output":"--- PASS: TestColdRecoveryCLIExactPreviewAndExplicitApply/ndjson/create (0.00s)\n","OutputType":"frame"}
{"Time":"2026-09-08T17:57:35.959297241+03:00","Action":"pass","Package":"virmill.local/core/internal/ui/cli","Test":"TestColdRecoveryCLIExactPreviewAndExplicitApply/ndjson/create","Elapsed":0}
{"Time":"2026-09-08T17:57:35.95930571+03:00","Action":"run","Package":"virmill.local/core/internal/ui/cli","Test":"TestColdRecoveryCLIExactPreviewAndExplicitApply/ndjson/restore"}
{"Time":"2026-09-08T17:57:35.959309213+03:00","Action":"output","Package":"virmill.local/core/internal/ui/cli","Test":"TestColdRecoveryCLIExactPreviewAndExplicitApply/ndjson/restore","Output":"=== RUN   TestColdRecoveryCLIExactPreviewAndExplicitApply/ndjson/restore\n","OutputType":"frame"}
{"Time":"2026-09-08T17:57:35.963854559+03:00","Action":"output","Package":"virmill.local/core/internal/ui/cli","Test":"TestColdRecoveryCLIExactPreviewAndExplicitApply/ndjson/restore","Output":"--- PASS: TestColdRecoveryCLIExactPreviewAndExplicitApply/ndjson/restore (0.00s)\n","OutputType":"frame"}
{"Time":"2026-09-08T17:57:35.963880697+03:00","Action":"pass","Package":"virmill.local/core/internal/ui/cli","Test":"TestColdRecoveryCLIExactPreviewAndExplicitApply/ndjson/restore","Elapsed":0}
{"Time":"2026-09-08T17:57:35.963889311+03:00","Action":"output","Package":"virmill.local/core/internal/ui/cli","Test":"TestColdRecoveryCLIExactPreviewAndExplicitApply","Output":"--- PASS: TestColdRecoveryCLIExactPreviewAndExplicitApply (0.02s)\n","OutputType":"frame"}
{"Time":"2026-09-08T17:57:35.963894086+03:00","Action":"pass","Package":"virmill.local/core/internal/ui/cli","Test":"TestColdRecoveryCLIExactPreviewAndExplicitApply","Elapsed":0.02}
{"Time":"2026-09-08T17:57:35.963915666+03:00","Action":"run","Package":"virmill.local/core/internal/ui/cli","Test":"TestColdRecoveryCLIReadOnlyMappingsAndFailures"}
{"Time":"2026-09-08T17:57:35.963920052+03:00","Action":"output","Package":"virmill.local/core/internal/ui/cli","Test":"TestColdRecoveryCLIReadOnlyMappingsAndFailures","Output":"=== RUN   TestColdRecoveryCLIReadOnlyMappingsAndFailures\n","OutputType":"frame"}
{"Time":"2026-09-08T17:57:35.963946061+03:00","Action":"run","Package":"virmill.local/core/internal/ui/cli","Test":"TestColdRecoveryCLIReadOnlyMappingsAndFailures/list"}
{"Time":"2026-09-08T17:57:35.963949794+03:00","Action":"output","Package":"virmill.local/core/internal/ui/cli","Test":"TestColdRecoveryCLIReadOnlyMappingsAndFailures/list","Output":"=== RUN   TestColdRecoveryCLIReadOnlyMappingsAndFailures/list\n","OutputType":"frame"}
{"Time":"2026-09-08T17:57:35.964881766+03:00","Action":"output","Package":"virmill.local/core/internal/ui/cli","Test":"TestColdRecoveryCLIReadOnlyMappingsAndFailures/list","Output":"--- PASS: TestColdRecoveryCLIReadOnlyMappingsAndFailures/list (0.00s)\n","OutputType":"frame"}
{"Time":"2026-09-08T17:57:35.964892063+03:00","Action":"pass","Package":"virmill.local/core/internal/ui/cli","Test":"TestColdRecoveryCLIReadOnlyMappingsAndFailures/list","Elapsed":0}
{"Time":"2026-09-08T17:57:35.964896214+03:00","Action":"run","Package":"virmill.local/core/internal/ui/cli","Test":"TestColdRecoveryCLIReadOnlyMappingsAndFailures/show"}
{"Time":"2026-09-08T17:57:35.964899066+03:00","Action":"output","Package":"virmill.local/core/internal/ui/cli","Test":"TestColdRecoveryCLIReadOnlyMappingsAndFailures/show","Output":"=== RUN   TestColdRecoveryCLIReadOnlyMappingsAndFailures/show\n","OutputType":"frame"}
{"Time":"2026-09-08T17:57:35.965440513+03:00","Action":"output","Package":"virmill.local/core/internal/ui/cli","Test":"TestColdRecoveryCLIReadOnlyMappingsAndFailures/show","Output":"--- PASS: TestColdRecoveryCLIReadOnlyMappingsAndFailures/show (0.00s)\n","OutputType":"frame"}
{"Time":"2026-09-08T17:57:35.965446559+03:00","Action":"pass","Package":"virmill.local/core/internal/ui/cli","Test":"TestColdRecoveryCLIReadOnlyMappingsAndFailures/show","Elapsed":0}
{"Time":"2026-09-08T17:57:35.96546148+03:00","Action":"run","Package":"virmill.local/core/internal/ui/cli","Test":"TestColdRecoveryCLIReadOnlyMappingsAndFailures/canceled"}
{"Time":"2026-09-08T17:57:35.965465396+03:00","Action":"output","Package":"virmill.local/core/internal/ui/cli","Test":"TestColdRecoveryCLIReadOnlyMappingsAndFailures/canceled","Output":"=== RUN   TestColdRecoveryCLIReadOnlyMappingsAndFailures/canceled\n","OutputType":"frame"}
{"Time":"2026-09-08T17:57:35.966001785+03:00","Action":"output","Package":"virmill.local/core/internal/ui/cli","Test":"TestColdRecoveryCLIReadOnlyMappingsAndFailures/canceled","Output":"--- PASS: TestColdRecoveryCLIReadOnlyMappingsAndFailures/canceled (0.00s)\n","OutputType":"frame"}
{"Time":"2026-09-08T17:57:35.966008422+03:00","Action":"pass","Package":"virmill.local/core/internal/ui/cli","Test":"TestColdRecoveryCLIReadOnlyMappingsAndFailures/canceled","Elapsed":0}
{"Time":"2026-09-08T17:57:35.966027755+03:00","Action":"run","Package":"virmill.local/core/internal/ui/cli","Test":"TestColdRecoveryCLIReadOnlyMappingsAndFailures/disconnected"}
{"Time":"2026-09-08T17:57:35.966030914+03:00","Action":"output","Package":"virmill.local/core/internal/ui/cli","Test":"TestColdRecoveryCLIReadOnlyMappingsAndFailures/disconnected","Output":"=== RUN   TestColdRecoveryCLIReadOnlyMappingsAndFailures/disconnected\n","OutputType":"frame"}
{"Time":"2026-09-08T17:57:35.967225619+03:00","Action":"output","Package":"virmill.local/core/internal/ui/cli","Test":"TestColdRecoveryCLIReadOnlyMappingsAndFailures/disconnected","Output":"--- PASS: TestColdRecoveryCLIReadOnlyMappingsAndFailures/disconnected (0.00s)\n","OutputType":"frame"}
{"Time":"2026-09-08T17:57:35.967246429+03:00","Action":"pass","Package":"virmill.local/core/internal/ui/cli","Test":"TestColdRecoveryCLIReadOnlyMappingsAndFailures/disconnected","Elapsed":0}
{"Time":"2026-09-08T17:57:35.967251556+03:00","Action":"run","Package":"virmill.local/core/internal/ui/cli","Test":"TestColdRecoveryCLIReadOnlyMappingsAndFailures/incomplete"}
{"Time":"2026-09-08T17:57:35.967254666+03:00","Action":"output","Package":"virmill.local/core/internal/ui/cli","Test":"TestColdRecoveryCLIReadOnlyMappingsAndFailures/incomplete","Output":"=== RUN   TestColdRecoveryCLIReadOnlyMappingsAndFailures/incomplete\n","OutputType":"frame"}
{"Time":"2026-09-08T17:57:35.968017074+03:00","Action":"output","Package":"virmill.local/core/internal/ui/cli","Test":"TestColdRecoveryCLIReadOnlyMappingsAndFailures/incomplete","Output":"--- PASS: TestColdRecoveryCLIReadOnlyMappingsAndFailures/incomplete (0.00s)\n","OutputType":"frame"}
{"Time":"2026-09-08T17:57:35.968029131+03:00","Action":"pass","Package":"virmill.local/core/internal/ui/cli","Test":"TestColdRecoveryCLIReadOnlyMappingsAndFailures/incomplete","Elapsed":0}
{"Time":"2026-09-08T17:57:35.968068253+03:00","Action":"output","Package":"virmill.local/core/internal/ui/cli","Test":"TestColdRecoveryCLIReadOnlyMappingsAndFailures","Output":"--- PASS: TestColdRecoveryCLIReadOnlyMappingsAndFailures (0.00s)\n","OutputType":"frame"}
{"Time":"2026-09-08T17:57:35.968080152+03:00","Action":"pass","Package":"virmill.local/core/internal/ui/cli","Test":"TestColdRecoveryCLIReadOnlyMappingsAndFailures","Elapsed":0}
{"Time":"2026-09-08T17:57:35.96809982+03:00","Action":"run","Package":"virmill.local/core/internal/ui/cli","Test":"TestColdRecoveryCLIRefusesImplicitApplyAndMalformedInput"}
{"Time":"2026-09-08T17:57:35.968103063+03:00","Action":"output","Package":"virmill.local/core/internal/ui/cli","Test":"TestColdRecoveryCLIRefusesImplicitApplyAndMalformedInput","Output":"=== RUN   TestColdRecoveryCLIRefusesImplicitApplyAndMalformedInput\n","OutputType":"frame"}
{"Time":"2026-09-08T17:57:35.968129631+03:00","Action":"run","Package":"virmill.local/core/internal/ui/cli","Test":"TestColdRecoveryCLIRefusesImplicitApplyAndMalformedInput/create--plan=false"}
{"Time":"2026-09-08T17:57:35.968133231+03:00","Action":"output","Package":"virmill.local/core/internal/ui/cli","Test":"TestColdRecoveryCLIRefusesImplicitApplyAndMalformedInput/create--plan=false","Output":"=== RUN   TestColdRecoveryCLIRefusesImplicitApplyAndMalformedInput/create--plan=false\n","OutputType":"frame"}
{"Time":"2026-09-08T17:57:35.968725444+03:00","Action":"output","Package":"virmill.local/core/internal/ui/cli","Test":"TestColdRecoveryCLIRefusesImplicitApplyAndMalformedInput/create--plan=false","Output":"--- PASS: TestColdRecoveryCLIRefusesImplicitApplyAndMalformedInput/create--plan=false (0.00s)\n","OutputType":"frame"}
{"Time":"2026-09-08T17:57:35.96873675+03:00","Action":"pass","Package":"virmill.local/core/internal/ui/cli","Test":"TestColdRecoveryCLIRefusesImplicitApplyAndMalformedInput/create--plan=false","Elapsed":0}
{"Time":"2026-09-08T17:57:35.968765822+03:00","Action":"run","Package":"virmill.local/core/internal/ui/cli","Test":"TestColdRecoveryCLIRefusesImplicitApplyAndMalformedInput/create--input_{\"sourceRoot\":\"/a\",\"sourceRoot\":\"/b\"}"}
{"Time":"2026-09-08T17:57:35.96877063+03:00","Action":"output","Package":"virmill.local/core/internal/ui/cli","Test":"TestColdRecoveryCLIRefusesImplicitApplyAndMalformedInput/create--input_{\"sourceRoot\":\"/a\",\"sourceRoot\":\"/b\"}","Output":"=== RUN   TestColdRecoveryCLIRefusesImplicitApplyAndMalformedInput/create--input_{\"sourceRoot\":\"/a\",\"sourceRoot\":\"/b\"}\n","OutputType":"frame"}
{"Time":"2026-09-08T17:57:35.969324688+03:00","Action":"output","Package":"virmill.local/core/internal/ui/cli","Test":"TestColdRecoveryCLIRefusesImplicitApplyAndMalformedInput/create--input_{\"sourceRoot\":\"/a\",\"sourceRoot\":\"/b\"}","Output":"--- PASS: TestColdRecoveryCLIRefusesImplicitApplyAndMalformedInput/create--input_{\"sourceRoot\":\"/a\",\"sourceRoot\":\"/b\"} (0.00s)\n","OutputType":"frame"}
{"Time":"2026-09-08T17:57:35.969341157+03:00","Action":"pass","Package":"virmill.local/core/internal/ui/cli","Test":"TestColdRecoveryCLIRefusesImplicitApplyAndMalformedInput/create--input_{\"sourceRoot\":\"/a\",\"sourceRoot\":\"/b\"}","Elapsed":0}
{"Time":"2026-09-08T17:57:35.969379272+03:00","Action":"run","Package":"virmill.local/core/internal/ui/cli","Test":"TestColdRecoveryCLIRefusesImplicitApplyAndMalformedInput/create--input_[]"}
{"Time":"2026-09-08T17:57:35.969382872+03:00","Action":"output","Package":"virmill.local/core/internal/ui/cli","Test":"TestColdRecoveryCLIRefusesImplicitApplyAndMalformedInput/create--input_[]","Output":"=== RUN   TestColdRecoveryCLIRefusesImplicitApplyAndMalformedInput/create--input_[]\n","OutputType":"frame"}
{"Time":"2026-09-08T17:57:35.970004599+03:00","Action":"output","Package":"virmill.local/core/internal/ui/cli","Test":"TestColdRecoveryCLIRefusesImplicitApplyAndMalformedInput/create--input_[]","Output":"--- PASS: TestColdRecoveryCLIRefusesImplicitApplyAndMalformedInput/create--input_[] (0.00s)\n","OutputType":"frame"}
{"Time":"2026-09-08T17:57:35.970015469+03:00","Action":"pass","Package":"virmill.local/core/internal/ui/cli","Test":"TestColdRecoveryCLIRefusesImplicitApplyAndMalformedInput/create--input_[]","Elapsed":0}
{"Time":"2026-09-08T17:57:35.970040901+03:00","Action":"run","Package":"virmill.local/core/internal/ui/cli","Test":"TestColdRecoveryCLIRefusesImplicitApplyAndMalformedInput/restore--plan=false"}
{"Time":"2026-09-08T17:57:35.97004478+03:00","Action":"output","Package":"virmill.local/core/internal/ui/cli","Test":"TestColdRecoveryCLIRefusesImplicitApplyAndMalformedInput/restore--plan=false","Output":"=== RUN   TestColdRecoveryCLIRefusesImplicitApplyAndMalformedInput/restore--plan=false\n","OutputType":"frame"}
{"Time":"2026-09-08T17:57:35.970630915+03:00","Action":"output","Package":"virmill.local/core/internal/ui/cli","Test":"TestColdRecoveryCLIRefusesImplicitApplyAndMalformedInput/restore--plan=false","Output":"--- PASS: TestColdRecoveryCLIRefusesImplicitApplyAndMalformedInput/restore--plan=false (0.00s)\n","OutputType":"frame"}
{"Time":"2026-09-08T17:57:35.970639873+03:00","Action":"pass","Package":"virmill.local/core/internal/ui/cli","Test":"TestColdRecoveryCLIRefusesImplicitApplyAndMalformedInput/restore--plan=false","Elapsed":0}
{"Time":"2026-09-08T17:57:35.97066428+03:00","Action":"run","Package":"virmill.local/core/internal/ui/cli","Test":"TestColdRecoveryCLIRefusesImplicitApplyAndMalformedInput/restore--input_{\"sourceRoot\":\"/a\",\"sourceRoot\":\"/b\"}"}
{"Time":"2026-09-08T17:57:35.970668361+03:00","Action":"output","Package":"virmill.local/core/internal/ui/cli","Test":"TestColdRecoveryCLIRefusesImplicitApplyAndMalformedInput/restore--input_{\"sourceRoot\":\"/a\",\"sourceRoot\":\"/b\"}","Output":"=== RUN   TestColdRecoveryCLIRefusesImplicitApplyAndMalformedInput/restore--input_{\"sourceRoot\":\"/a\",\"sourceRoot\":\"/b\"}\n","OutputType":"frame"}
{"Time":"2026-09-08T17:57:35.97122+03:00","Action":"output","Package":"virmill.local/core/internal/ui/cli","Test":"TestColdRecoveryCLIRefusesImplicitApplyAndMalformedInput/restore--input_{\"sourceRoot\":\"/a\",\"sourceRoot\":\"/b\"}","Output":"--- PASS: TestColdRecoveryCLIRefusesImplicitApplyAndMalformedInput/restore--input_{\"sourceRoot\":\"/a\",\"sourceRoot\":\"/b\"} (0.00s)\n","OutputType":"frame"}
{"Time":"2026-09-08T17:57:35.971234719+03:00","Action":"pass","Package":"virmill.local/core/internal/ui/cli","Test":"TestColdRecoveryCLIRefusesImplicitApplyAndMalformedInput/restore--input_{\"sourceRoot\":\"/a\",\"sourceRoot\":\"/b\"}","Elapsed":0}
{"Time":"2026-09-08T17:57:35.971253222+03:00","Action":"run","Package":"virmill.local/core/internal/ui/cli","Test":"TestColdRecoveryCLIRefusesImplicitApplyAndMalformedInput/restore--input_[]"}
{"Time":"2026-09-08T17:57:35.971257855+03:00","Action":"output","Package":"virmill.local/core/internal/ui/cli","Test":"TestColdRecoveryCLIRefusesImplicitApplyAndMalformedInput/restore--input_[]","Output":"=== RUN   TestColdRecoveryCLIRefusesImplicitApplyAndMalformedInput/restore--input_[]\n","OutputType":"frame"}
{"Time":"2026-09-08T17:57:35.972260197+03:00","Action":"output","Package":"virmill.local/core/internal/ui/cli","Test":"TestColdRecoveryCLIRefusesImplicitApplyAndMalformedInput/restore--input_[]","Output":"--- PASS: TestColdRecoveryCLIRefusesImplicitApplyAndMalformedInput/restore--input_[] (0.00s)\n","OutputType":"frame"}
{"Time":"2026-09-08T17:57:35.972273127+03:00","Action":"pass","Package":"virmill.local/core/internal/ui/cli","Test":"TestColdRecoveryCLIRefusesImplicitApplyAndMalformedInput/restore--input_[]","Elapsed":0}
{"Time":"2026-09-08T17:57:35.972309555+03:00","Action":"output","Package":"virmill.local/core/internal/ui/cli","Test":"TestColdRecoveryCLIRefusesImplicitApplyAndMalformedInput","Output":"--- PASS: TestColdRecoveryCLIRefusesImplicitApplyAndMalformedInput (0.00s)\n","OutputType":"frame"}
{"Time":"2026-09-08T17:57:35.972325232+03:00","Action":"pass","Package":"virmill.local/core/internal/ui/cli","Test":"TestColdRecoveryCLIRefusesImplicitApplyAndMalformedInput","Elapsed":0}
{"Time":"2026-09-08T17:57:35.972340211+03:00","Action":"run","Package":"virmill.local/core/internal/ui/cli","Test":"TestCreationEstimateCLIShowsAndReusesPersistedReview"}
{"Time":"2026-09-08T17:57:35.972342538+03:00","Action":"output","Package":"virmill.local/core/internal/ui/cli","Test":"TestCreationEstimateCLIShowsAndReusesPersistedReview","Output":"=== RUN   TestCreationEstimateCLIShowsAndReusesPersistedReview\n","OutputType":"frame"}
{"Time":"2026-09-08T17:57:35.972357626+03:00","Action":"run","Package":"virmill.local/core/internal/ui/cli","Test":"TestCreationEstimateCLIShowsAndReusesPersistedReview/table"}
{"Time":"2026-09-08T17:57:35.972359833+03:00","Action":"output","Package":"virmill.local/core/internal/ui/cli","Test":"TestCreationEstimateCLIShowsAndReusesPersistedReview/table","Output":"=== RUN   TestCreationEstimateCLIShowsAndReusesPersistedReview/table\n","OutputType":"frame"}
{"Time":"2026-09-08T17:57:36.003467569+03:00","Action":"output","Package":"virmill.local/core/internal/ui/cli","Test":"TestCreationEstimateCLIShowsAndReusesPersistedReview/table","Output":"--- PASS: TestCreationEstimateCLIShowsAndReusesPersistedReview/table (0.03s)\n","OutputType":"frame"}
{"Time":"2026-09-08T17:57:36.003493183+03:00","Action":"pass","Package":"virmill.local/core/internal/ui/cli","Test":"TestCreationEstimateCLIShowsAndReusesPersistedReview/table","Elapsed":0.03}
{"Time":"2026-09-08T17:57:36.003500665+03:00","Action":"run","Package":"virmill.local/core/internal/ui/cli","Test":"TestCreationEstimateCLIShowsAndReusesPersistedReview/json"}
{"Time":"2026-09-08T17:57:36.003502653+03:00","Action":"output","Package":"virmill.local/core/internal/ui/cli","Test":"TestCreationEstimateCLIShowsAndReusesPersistedReview/json","Output":"=== RUN   TestCreationEstimateCLIShowsAndReusesPersistedReview/json\n","OutputType":"frame"}
{"Time":"2026-09-08T17:57:36.004394213+03:00","Action":"output","Package":"virmill.local/core/internal/ui/tui","Test":"TestAuxiliaryTUIJSONFormAndCurrentPagedSharedObservation","Output":"--- PASS: TestAuxiliaryTUIJSONFormAndCurrentPagedSharedObservation (0.09s)\n","OutputType":"frame"}
{"Time":"2026-09-08T17:57:36.004416495+03:00","Action":"pass","Package":"virmill.local/core/internal/ui/tui","Test":"TestAuxiliaryTUIJSONFormAndCurrentPagedSharedObservation","Elapsed":0.09}
{"Time":"2026-09-08T17:57:36.004446191+03:00","Action":"run","Package":"virmill.local/core/internal/ui/tui","Test":"TestAuxiliaryTUIFailuresClearStaleMetadataAndApproval"}
{"Time":"2026-09-08T17:57:36.004448371+03:00","Action":"output","Package":"virmill.local/core/internal/ui/tui","Test":"TestAuxiliaryTUIFailuresClearStaleMetadataAndApproval","Output":"=== RUN   TestAuxiliaryTUIFailuresClearStaleMetadataAndApproval\n","OutputType":"frame"}
{"Time":"2026-09-08T17:57:36.004487633+03:00","Action":"run","Package":"virmill.local/core/internal/ui/tui","Test":"TestAuxiliaryTUIFailuresClearStaleMetadataAndApproval/unknown-input"}
{"Time":"2026-09-08T17:57:36.004489858+03:00","Action":"output","Package":"virmill.local/core/internal/ui/tui","Test":"TestAuxiliaryTUIFailuresClearStaleMetadataAndApproval/unknown-input","Output":"=== RUN   TestAuxiliaryTUIFailuresClearStaleMetadataAndApproval/unknown-input\n","OutputType":"frame"}
{"Time":"2026-09-08T17:57:36.008900033+03:00","Action":"output","Package":"virmill.local/core/internal/ui/tui","Test":"TestAuxiliaryTUIFailuresClearStaleMetadataAndApproval/unknown-input","Output":"--- PASS: TestAuxiliaryTUIFailuresClearStaleMetadataAndApproval/unknown-input (0.00s)\n","OutputType":"frame"}
{"Time":"2026-09-08T17:57:36.008921868+03:00","Action":"pass","Package":"virmill.local/core/internal/ui/tui","Test":"TestAuxiliaryTUIFailuresClearStaleMetadataAndApproval/unknown-input","Elapsed":0}
{"Time":"2026-09-08T17:57:36.008938782+03:00","Action":"run","Package":"virmill.local/core/internal/ui/tui","Test":"TestAuxiliaryTUIFailuresClearStaleMetadataAndApproval/missing-root"}
{"Time":"2026-09-08T17:57:36.008940619+03:00","Action":"output","Package":"virmill.local/core/internal/ui/tui","Test":"TestAuxiliaryTUIFailuresClearStaleMetadataAndApproval/missing-root","Output":"=== RUN   TestAuxiliaryTUIFailuresClearStaleMetadataAndApproval/missing-root\n","OutputType":"frame"}
{"Time":"2026-09-08T17:57:36.013072198+03:00","Action":"output","Package":"virmill.local/core/internal/ui/tui","Test":"TestAuxiliaryTUIFailuresClearStaleMetadataAndApproval/missing-root","Output":"--- PASS: TestAuxiliaryTUIFailuresClearStaleMetadataAndApproval/missing-root (0.00s)\n","OutputType":"frame"}
{"Time":"2026-09-08T17:57:36.013091391+03:00","Action":"pass","Package":"virmill.local/core/internal/ui/tui","Test":"TestAuxiliaryTUIFailuresClearStaleMetadataAndApproval/missing-root","Elapsed":0}
{"Time":"2026-09-08T17:57:36.013111352+03:00","Action":"run","Package":"virmill.local/core/internal/ui/tui","Test":"TestAuxiliaryTUIFailuresClearStaleMetadataAndApproval/unapproved-root"}
{"Time":"2026-09-08T17:57:36.013112966+03:00","Action":"output","Package":"virmill.local/core/internal/ui/tui","Test":"TestAuxiliaryTUIFailuresClearStaleMetadataAndApproval/unapproved-root","Output":"=== RUN   TestAuxiliaryTUIFailuresClearStaleMetadataAndApproval/unapproved-root\n","OutputType":"frame"}
{"Time":"2026-09-08T17:57:36.017350686+03:00","Action":"output","Package":"virmill.local/core/internal/ui/tui","Test":"TestAuxiliaryTUIFailuresClearStaleMetadataAndApproval/unapproved-root","Output":"--- PASS: TestAuxiliaryTUIFailuresClearStaleMetadataAndApproval/unapproved-root (0.00s)\n","OutputType":"frame"}
{"Time":"2026-09-08T17:57:36.017375053+03:00","Action":"pass","Package":"virmill.local/core/internal/ui/tui","Test":"TestAuxiliaryTUIFailuresClearStaleMetadataAndApproval/unapproved-root","Elapsed":0}
{"Time":"2026-09-08T17:57:36.017387114+03:00","Action":"run","Package":"virmill.local/core/internal/ui/tui","Test":"TestAuxiliaryTUIFailuresClearStaleMetadataAndApproval/session"}
{"Time":"2026-09-08T17:57:36.017388998+03:00","Action":"output","Package":"virmill.local/core/internal/ui/tui","Test":"TestAuxiliaryTUIFailuresClearStaleMetadataAndApproval/session","Output":"=== RUN   TestAuxiliaryTUIFailuresClearStaleMetadataAndApproval/session\n","OutputType":"frame"}
{"Time":"2026-09-08T17:57:36.021558157+03:00","Action":"output","Package":"virmill.local/core/internal/ui/tui","Test":"TestAuxiliaryTUIFailuresClearStaleMetadataAndApproval/session","Output":"--- PASS: TestAuxiliaryTUIFailuresClearStaleMetadataAndApproval/session (0.00s)\n","OutputType":"frame"}
{"Time":"2026-09-08T17:57:36.021575994+03:00","Action":"pass","Package":"virmill.local/core/internal/ui/tui","Test":"TestAuxiliaryTUIFailuresClearStaleMetadataAndApproval/session","Elapsed":0}
{"Time":"2026-09-08T17:57:36.021593234+03:00","Action":"run","Package":"virmill.local/core/internal/ui/tui","Test":"TestAuxiliaryTUIFailuresClearStaleMetadataAndApproval/root-actor"}
{"Time":"2026-09-08T17:57:36.021595232+03:00","Action":"output","Package":"virmill.local/core/internal/ui/tui","Test":"TestAuxiliaryTUIFailuresClearStaleMetadataAndApproval/root-actor","Output":"=== RUN   TestAuxiliaryTUIFailuresClearStaleMetadataAndApproval/root-actor\n","OutputType":"frame"}
{"Time":"2026-09-08T17:57:36.02559715+03:00","Action":"output","Package":"virmill.local/core/internal/ui/tui","Test":"TestAuxiliaryTUIFailuresClearStaleMetadataAndApproval/root-actor","Output":"--- PASS: TestAuxiliaryTUIFailuresClearStaleMetadataAndApproval/root-actor (0.00s)\n","OutputType":"frame"}
{"Time":"2026-09-08T17:57:36.025614573+03:00","Action":"pass","Package":"virmill.local/core/internal/ui/tui","Test":"TestAuxiliaryTUIFailuresClearStaleMetadataAndApproval/root-actor","Elapsed":0}
{"Time":"2026-09-08T17:57:36.02563028+03:00","Action":"run","Package":"virmill.local/core/internal/ui/tui","Test":"TestAuxiliaryTUIFailuresClearStaleMetadataAndApproval/native-error"}
{"Time":"2026-09-08T17:57:36.025632309+03:00","Action":"output","Package":"virmill.local/core/internal/ui/tui","Test":"TestAuxiliaryTUIFailuresClearStaleMetadataAndApproval/native-error","Output":"=== RUN   TestAuxiliaryTUIFailuresClearStaleMetadataAndApproval/native-error\n","OutputType":"frame"}
{"Time":"2026-09-08T17:57:36.030143233+03:00","Action":"output","Package":"virmill.local/core/internal/ui/tui","Test":"TestAuxiliaryTUIFailuresClearStaleMetadataAndApproval/native-error","Output":"--- PASS: TestAuxiliaryTUIFailuresClearStaleMetadataAndApproval/native-error (0.00s)\n","OutputType":"frame"}
{"Time":"2026-09-08T17:57:36.030158644+03:00","Action":"pass","Package":"virmill.local/core/internal/ui/tui","Test":"TestAuxiliaryTUIFailuresClearStaleMetadataAndApproval/native-error","Elapsed":0}
{"Time":"2026-09-08T17:57:36.030161837+03:00","Action":"run","Package":"virmill.local/core/internal/ui/tui","Test":"TestAuxiliaryTUIFailuresClearStaleMetadataAndApproval/helper-denied"}
{"Time":"2026-09-08T17:57:36.030166634+03:00","Action":"output","Package":"virmill.local/core/internal/ui/tui","Test":"TestAuxiliaryTUIFailuresClearStaleMetadataAndApproval/helper-denied","Output":"=== RUN   TestAuxiliaryTUIFailuresClearStaleMetadataAndApproval/helper-denied\n","OutputType":"frame"}
{"Time":"2026-09-08T17:57:36.033578728+03:00","Action":"output","Package":"virmill.local/core/internal/ui/tui","Test":"TestAuxiliaryTUIFailuresClearStaleMetadataAndApproval/helper-denied","Output":"--- PASS: TestAuxiliaryTUIFailuresClearStaleMetadataAndApproval/helper-denied (0.00s)\n","OutputType":"frame"}
{"Time":"2026-09-08T17:57:36.033593015+03:00","Action":"pass","Package":"virmill.local/core/internal/ui/tui","Test":"TestAuxiliaryTUIFailuresClearStaleMetadataAndApproval/helper-denied","Elapsed":0}
{"Time":"2026-09-08T17:57:36.033608203+03:00","Action":"run","Package":"virmill.local/core/internal/ui/tui","Test":"TestAuxiliaryTUIFailuresClearStaleMetadataAndApproval/source-change"}
{"Time":"2026-09-08T17:57:36.033610222+03:00","Action":"output","Package":"virmill.local/core/internal/ui/tui","Test":"TestAuxiliaryTUIFailuresClearStaleMetadataAndApproval/source-change","Output":"=== RUN   TestAuxiliaryTUIFailuresClearStaleMetadataAndApproval/source-change\n","OutputType":"frame"}
{"Time":"2026-09-08T17:57:36.035627414+03:00","Action":"output","Package":"virmill.local/core/internal/ui/cli","Test":"TestCreationEstimateCLIShowsAndReusesPersistedReview/json","Output":"--- PASS: TestCreationEstimateCLIShowsAndReusesPersistedReview/json (0.03s)\n","OutputType":"frame"}
{"Time":"2026-09-08T17:57:36.035648441+03:00","Action":"pass","Package":"virmill.local/core/internal/ui/cli","Test":"TestCreationEstimateCLIShowsAndReusesPersistedReview/json","Elapsed":0.03}
{"Time":"2026-09-08T17:57:36.035654077+03:00","Action":"run","Package":"virmill.local/core/internal/ui/cli","Test":"TestCreationEstimateCLIShowsAndReusesPersistedReview/ndjson"}
{"Time":"2026-09-08T17:57:36.035656582+03:00","Action":"output","Package":"virmill.local/core/internal/ui/cli","Test":"TestCreationEstimateCLIShowsAndReusesPersistedReview/ndjson","Output":"=== RUN   TestCreationEstimateCLIShowsAndReusesPersistedReview/ndjson\n","OutputType":"frame"}
{"Time":"2026-09-08T17:57:36.037458473+03:00","Action":"output","Package":"virmill.local/core/internal/ui/tui","Test":"TestAuxiliaryTUIFailuresClearStaleMetadataAndApproval/source-change","Output":"--- PASS: TestAuxiliaryTUIFailuresClearStaleMetadataAndApproval/source-change (0.00s)\n","OutputType":"frame"}
{"Time":"2026-09-08T17:57:36.037467961+03:00","Action":"pass","Package":"virmill.local/core/internal/ui/tui","Test":"TestAuxiliaryTUIFailuresClearStaleMetadataAndApproval/source-change","Elapsed":0}
{"Time":"2026-09-08T17:57:36.037477458+03:00","Action":"run","Package":"virmill.local/core/internal/ui/tui","Test":"TestAuxiliaryTUIFailuresClearStaleMetadataAndApproval/pre-cancel"}
{"Time":"2026-09-08T17:57:36.037479562+03:00","Action":"output","Package":"virmill.local/core/internal/ui/tui","Test":"TestAuxiliaryTUIFailuresClearStaleMetadataAndApproval/pre-cancel","Output":"=== RUN   TestAuxiliaryTUIFailuresClearStaleMetadataAndApproval/pre-cancel\n","OutputType":"frame"}
{"Time":"2026-09-08T17:57:36.040737291+03:00","Action":"output","Package":"virmill.local/core/internal/ui/tui","Test":"TestAuxiliaryTUIFailuresClearStaleMetadataAndApproval/pre-cancel","Output":"--- PASS: TestAuxiliaryTUIFailuresClearStaleMetadataAndApproval/pre-cancel (0.00s)\n","OutputType":"frame"}
{"Time":"2026-09-08T17:57:36.040746585+03:00","Action":"pass","Package":"virmill.local/core/internal/ui/tui","Test":"TestAuxiliaryTUIFailuresClearStaleMetadataAndApproval/pre-cancel","Elapsed":0}
{"Time":"2026-09-08T17:57:36.04076155+03:00","Action":"run","Package":"virmill.local/core/internal/ui/tui","Test":"TestAuxiliaryTUIFailuresClearStaleMetadataAndApproval/post-cancel"}
{"Time":"2026-09-08T17:57:36.040764031+03:00","Action":"output","Package":"virmill.local/core/internal/ui/tui","Test":"TestAuxiliaryTUIFailuresClearStaleMetadataAndApproval/post-cancel","Output":"=== RUN   TestAuxiliaryTUIFailuresClearStaleMetadataAndApproval/post-cancel\n","OutputType":"frame"}
{"Time":"2026-09-08T17:57:36.045233175+03:00","Action":"output","Package":"virmill.local/core/internal/ui/tui","Test":"TestAuxiliaryTUIFailuresClearStaleMetadataAndApproval/post-cancel","Output":"--- PASS: TestAuxiliaryTUIFailuresClearStaleMetadataAndApproval/post-cancel (0.00s)\n","OutputType":"frame"}
{"Time":"2026-09-08T17:57:36.045246087+03:00","Action":"pass","Package":"virmill.local/core/internal/ui/tui","Test":"TestAuxiliaryTUIFailuresClearStaleMetadataAndApproval/post-cancel","Elapsed":0}
{"Time":"2026-09-08T17:57:36.045258776+03:00","Action":"run","Package":"virmill.local/core/internal/ui/tui","Test":"TestAuxiliaryTUIFailuresClearStaleMetadataAndApproval/transport"}
{"Time":"2026-09-08T17:57:36.045260478+03:00","Action":"output","Package":"virmill.local/core/internal/ui/tui","Test":"TestAuxiliaryTUIFailuresClearStaleMetadataAndApproval/transport","Output":"=== RUN   TestAuxiliaryTUIFailuresClearStaleMetadataAndApproval/transport\n","OutputType":"frame"}
{"Time":"2026-09-08T17:57:36.048290662+03:00","Action":"output","Package":"virmill.local/core/internal/ui/tui","Test":"TestAuxiliaryTUIFailuresClearStaleMetadataAndApproval/transport","Output":"--- PASS: TestAuxiliaryTUIFailuresClearStaleMetadataAndApproval/transport (0.00s)\n","OutputType":"frame"}
{"Time":"2026-09-08T17:57:36.048312165+03:00","Action":"pass","Package":"virmill.local/core/internal/ui/tui","Test":"TestAuxiliaryTUIFailuresClearStaleMetadataAndApproval/transport","Elapsed":0}
{"Time":"2026-09-08T17:57:36.048345775+03:00","Action":"output","Package":"virmill.local/core/internal/ui/tui","Test":"TestAuxiliaryTUIFailuresClearStaleMetadataAndApproval","Output":"--- PASS: TestAuxiliaryTUIFailuresClearStaleMetadataAndApproval (0.04s)\n","OutputType":"frame"}
{"Time":"2026-09-08T17:57:36.048355617+03:00","Action":"pass","Package":"virmill.local/core/internal/ui/tui","Test":"TestAuxiliaryTUIFailuresClearStaleMetadataAndApproval","Elapsed":0.04}
{"Time":"2026-09-08T17:57:36.048371504+03:00","Action":"run","Package":"virmill.local/core/internal/ui/tui","Test":"TestAuxiliaryTUIStrictJSONAndEscapeNeverDispatch"}
{"Time":"2026-09-08T17:57:36.048373895+03:00","Action":"output","Package":"virmill.local/core/internal/ui/tui","Test":"TestAuxiliaryTUIStrictJSONAndEscapeNeverDispatch","Output":"=== RUN   TestAuxiliaryTUIStrictJSONAndEscapeNeverDispatch\n","OutputType":"frame"}
{"Time":"2026-09-08T17:57:36.04839708+03:00","Action":"run","Package":"virmill.local/core/internal/ui/tui","Test":"TestAuxiliaryTUIStrictJSONAndEscapeNeverDispatch/12345678-1234-4234-8234-123456789abc"}
{"Time":"2026-09-08T17:57:36.048399091+03:00","Action":"output","Package":"virmill.local/core/internal/ui/tui","Test":"TestAuxiliaryTUIStrictJSONAndEscapeNeverDispatch/12345678-1234-4234-8234-123456789abc","Output":"=== RUN   TestAuxiliaryTUIStrictJSONAndEscapeNeverDispatch/12345678-1234-4234-8234-123456789abc\n","OutputType":"frame"}
{"Time":"2026-09-08T17:57:36.050272206+03:00","Action":"output","Package":"virmill.local/core/internal/ui/tui","Test":"TestAuxiliaryTUIStrictJSONAndEscapeNeverDispatch/12345678-1234-4234-8234-123456789abc","Output":"--- PASS: TestAuxiliaryTUIStrictJSONAndEscapeNeverDispatch/12345678-1234-4234-8234-123456789abc (0.00s)\n","OutputType":"frame"}
{"Time":"2026-09-08T17:57:36.050279899+03:00","Action":"pass","Package":"virmill.local/core/internal/ui/tui","Test":"TestAuxiliaryTUIStrictJSONAndEscapeNeverDispatch/12345678-1234-4234-8234-123456789abc","Elapsed":0}
{"Time":"2026-09-08T17:57:36.050300185+03:00","Action":"run","Package":"virmill.local/core/internal/ui/tui","Test":"TestAuxiliaryTUIStrictJSONAndEscapeNeverDispatch/{\"id\":\"12345678-1234-4234-8234-123456789abc\",\"id\":\"other\",\"input\":{\"rootID\":\"state\"}}"}
{"Time":"2026-09-08T17:57:36.050302822+03:00","Action":"output","Package":"virmill.local/core/internal/ui/tui","Test":"TestAuxiliaryTUIStrictJSONAndEscapeNeverDispatch/{\"id\":\"12345678-1234-4234-8234-123456789abc\",\"id\":\"other\",\"input\":{\"rootID\":\"state\"}}","Output":"=== RUN   TestAuxiliaryTUIStrictJSONAndEscapeNeverDispatch/{\"id\":\"12345678-1234-4234-8234-123456789abc\",\"id\":\"other\",\"input\":{\"rootID\":\"state\"}}\n","OutputType":"frame"}
{"Time":"2026-09-08T17:57:36.052236559+03:00","Action":"output","Package":"virmill.local/core/internal/ui/tui","Test":"TestAuxiliaryTUIStrictJSONAndEscapeNeverDispatch/{\"id\":\"12345678-1234-4234-8234-123456789abc\",\"id\":\"other\",\"input\":{\"rootID\":\"state\"}}","Output":"--- PASS: TestAuxiliaryTUIStrictJSONAndEscapeNeverDispatch/{\"id\":\"12345678-1234-4234-8234-123456789abc\",\"id\":\"other\",\"input\":{\"rootID\":\"state\"}} (0.00s)\n","OutputType":"frame"}
{"Time":"2026-09-08T17:57:36.052249332+03:00","Action":"pass","Package":"virmill.local/core/internal/ui/tui","Test":"TestAuxiliaryTUIStrictJSONAndEscapeNeverDispatch/{\"id\":\"12345678-1234-4234-8234-123456789abc\",\"id\":\"other\",\"input\":{\"rootID\":\"state\"}}","Elapsed":0}
{"Time":"2026-09-08T17:57:36.052269979+03:00","Action":"run","Package":"virmill.local/core/internal/ui/tui","Test":"TestAuxiliaryTUIStrictJSONAndEscapeNeverDispatch/{\"id\":\"12345678-1234-4234-8234-123456789abc\",\"input\":{\"rootID\":\"state\",\"rootID\":\"other\"}}"}
{"Time":"2026-09-08T17:57:36.052272463+03:00","Action":"output","Package":"virmill.local/core/internal/ui/tui","Test":"TestAuxiliaryTUIStrictJSONAndEscapeNeverDispatch/{\"id\":\"12345678-1234-4234-8234-123456789abc\",\"input\":{\"rootID\":\"state\",\"rootID\":\"other\"}}","Output":"=== RUN   TestAuxiliaryTUIStrictJSONAndEscapeNeverDispatch/{\"id\":\"12345678-1234-4234-8234-123456789abc\",\"input\":{\"rootID\":\"state\",\"rootID\":\"other\"}}\n","OutputType":"frame"}
{"Time":"2026-09-08T17:57:36.054219583+03:00","Action":"output","Package":"virmill.local/core/internal/ui/tui","Test":"TestAuxiliaryTUIStrictJSONAndEscapeNeverDispatch/{\"id\":\"12345678-1234-4234-8234-123456789abc\",\"input\":{\"rootID\":\"state\",\"rootID\":\"other\"}}","Output":"--- PASS: TestAuxiliaryTUIStrictJSONAndEscapeNeverDispatch/{\"id\":\"12345678-1234-4234-8234-123456789abc\",\"input\":{\"rootID\":\"state\",\"rootID\":\"other\"}} (0.00s)\n","OutputType":"frame"}
{"Time":"2026-09-08T17:57:36.054223919+03:00","Action":"pass","Package":"virmill.local/core/internal/ui/tui","Test":"TestAuxiliaryTUIStrictJSONAndEscapeNeverDispatch/{\"id\":\"12345678-1234-4234-8234-123456789abc\",\"input\":{\"rootID\":\"state\",\"rootID\":\"other\"}}","Elapsed":0}
{"Time":"2026-09-08T17:57:36.05424681+03:00","Action":"run","Package":"virmill.local/core/internal/ui/tui","Test":"TestAuxiliaryTUIStrictJSONAndEscapeNeverDispatch/{\"id\":\"12345678-1234-4234-8234-123456789abc\",\"input\":{\"rootID\":\"state\"},\"apply\":{}}"}
{"Time":"2026-09-08T17:57:36.05424932+03:00","Action":"output","Package":"virmill.local/core/internal/ui/tui","Test":"TestAuxiliaryTUIStrictJSONAndEscapeNeverDispatch/{\"id\":\"12345678-1234-4234-8234-123456789abc\",\"input\":{\"rootID\":\"state\"},\"apply\":{}}","Output":"=== RUN   TestAuxiliaryTUIStrictJSONAndEscapeNeverDispatch/{\"id\":\"12345678-1234-4234-8234-123456789abc\",\"input\":{\"rootID\":\"state\"},\"apply\":{}}\n","OutputType":"frame"}
{"Time":"2026-09-08T17:57:36.056240196+03:00","Action":"output","Package":"virmill.local/core/internal/ui/tui","Test":"TestAuxiliaryTUIStrictJSONAndEscapeNeverDispatch/{\"id\":\"12345678-1234-4234-8234-123456789abc\",\"input\":{\"rootID\":\"state\"},\"apply\":{}}","Output":"--- PASS: TestAuxiliaryTUIStrictJSONAndEscapeNeverDispatch/{\"id\":\"12345678-1234-4234-8234-123456789abc\",\"input\":{\"rootID\":\"state\"},\"apply\":{}} (0.00s)\n","OutputType":"frame"}
{"Time":"2026-09-08T17:57:36.056255007+03:00","Action":"pass","Package":"virmill.local/core/internal/ui/tui","Test":"TestAuxiliaryTUIStrictJSONAndEscapeNeverDispatch/{\"id\":\"12345678-1234-4234-8234-123456789abc\",\"input\":{\"rootID\":\"state\"},\"apply\":{}}","Elapsed":0}
{"Time":"2026-09-08T17:57:36.056271312+03:00","Action":"run","Package":"virmill.local/core/internal/ui/tui","Test":"TestAuxiliaryTUIStrictJSONAndEscapeNeverDispatch/{\"id\":"}
{"Time":"2026-09-08T17:57:36.056274262+03:00","Action":"output","Package":"virmill.local/core/internal/ui/tui","Test":"TestAuxiliaryTUIStrictJSONAndEscapeNeverDispatch/{\"id\":","Output":"=== RUN   TestAuxiliaryTUIStrictJSONAndEscapeNeverDispatch/{\"id\":\n","OutputType":"frame"}
{"Time":"2026-09-08T17:57:36.058113335+03:00","Action":"output","Package":"virmill.local/core/internal/ui/tui","Test":"TestAuxiliaryTUIStrictJSONAndEscapeNeverDispatch/{\"id\":","Output":"--- PASS: TestAuxiliaryTUIStrictJSONAndEscapeNeverDispatch/{\"id\": (0.00s)\n","OutputType":"frame"}
{"Time":"2026-09-08T17:57:36.05812452+03:00","Action":"pass","Package":"virmill.local/core/internal/ui/tui","Test":"TestAuxiliaryTUIStrictJSONAndEscapeNeverDispatch/{\"id\":","Elapsed":0}
{"Time":"2026-09-08T17:57:36.058819091+03:00","Action":"output","Package":"virmill.local/core/internal/ui/tui","Test":"TestAuxiliaryTUIStrictJSONAndEscapeNeverDispatch","Output":"--- PASS: TestAuxiliaryTUIStrictJSONAndEscapeNeverDispatch (0.01s)\n","OutputType":"frame"}
{"Time":"2026-09-08T17:57:36.05883036+03:00","Action":"pass","Package":"virmill.local/core/internal/ui/tui","Test":"TestAuxiliaryTUIStrictJSONAndEscapeNeverDispatch","Elapsed":0.01}
{"Time":"2026-09-08T17:57:36.0588414+03:00","Action":"run","Package":"virmill.local/core/internal/ui/tui","Test":"TestVersionedCaptureTUIIncludesAuxiliaryVerificationAndClearsSuccess"}
{"Time":"2026-09-08T17:57:36.058843383+03:00","Action":"output","Package":"virmill.local/core/internal/ui/tui","Test":"TestVersionedCaptureTUIIncludesAuxiliaryVerificationAndClearsSuccess","Output":"=== RUN   TestVersionedCaptureTUIIncludesAuxiliaryVerificationAndClearsSuccess\n","OutputType":"frame"}
{"Time":"2026-09-08T17:57:36.063423417+03:00","Action":"output","Package":"virmill.local/core/internal/ui/cli","Test":"TestCreationEstimateCLIShowsAndReusesPersistedReview/ndjson","Output":"--- PASS: TestCreationEstimateCLIShowsAndReusesPersistedReview/ndjson (0.03s)\n","OutputType":"frame"}
{"Time":"2026-09-08T17:57:36.06343958+03:00","Action":"pass","Package":"virmill.local/core/internal/ui/cli","Test":"TestCreationEstimateCLIShowsAndReusesPersistedReview/ndjson","Elapsed":0.03}
{"Time":"2026-09-08T17:57:36.063459146+03:00","Action":"output","Package":"virmill.local/core/internal/ui/cli","Test":"TestCreationEstimateCLIShowsAndReusesPersistedReview","Output":"--- PASS: TestCreationEstimateCLIShowsAndReusesPersistedReview (0.09s)\n","OutputType":"frame"}
{"Time":"2026-09-08T17:57:36.063470092+03:00","Action":"pass","Package":"virmill.local/core/internal/ui/cli","Test":"TestCreationEstimateCLIShowsAndReusesPersistedReview","Elapsed":0.09}
{"Time":"2026-09-08T17:57:36.063484658+03:00","Action":"run","Package":"virmill.local/core/internal/ui/cli","Test":"TestCreationEstimateCLIFailuresDoNotPrintSuccessfulEstimate"}
{"Time":"2026-09-08T17:57:36.063486211+03:00","Action":"output","Package":"virmill.local/core/internal/ui/cli","Test":"TestCreationEstimateCLIFailuresDoNotPrintSuccessfulEstimate","Output":"=== RUN   TestCreationEstimateCLIFailuresDoNotPrintSuccessfulEstimate\n","OutputType":"frame"}
{"Time":"2026-09-08T17:57:36.063513389+03:00","Action":"run","Package":"virmill.local/core/internal/ui/cli","Test":"TestCreationEstimateCLIFailuresDoNotPrintSuccessfulEstimate/preflight-error"}
{"Time":"2026-09-08T17:57:36.063515734+03:00","Action":"output","Package":"virmill.local/core/internal/ui/cli","Test":"TestCreationEstimateCLIFailuresDoNotPrintSuccessfulEstimate/preflight-error","Output":"=== RUN   TestCreationEstimateCLIFailuresDoNotPrintSuccessfulEstimate/preflight-error\n","OutputType":"frame"}
{"Time":"2026-09-08T17:57:36.072628966+03:00","Action":"output","Package":"virmill.local/core/internal/ui/tui","Test":"TestVersionedCaptureTUIIncludesAuxiliaryVerificationAndClearsSuccess","Output":"--- PASS: TestVersionedCaptureTUIIncludesAuxiliaryVerificationAndClearsSuccess (0.01s)\n","OutputType":"frame"}
{"Time":"2026-09-08T17:57:36.072641629+03:00","Action":"pass","Package":"virmill.local/core/internal/ui/tui","Test":"TestVersionedCaptureTUIIncludesAuxiliaryVerificationAndClearsSuccess","Elapsed":0.01}
{"Time":"2026-09-08T17:57:36.072656025+03:00","Action":"run","Package":"virmill.local/core/internal/ui/tui","Test":"TestColdRecoveryTUIExactFormsPreviewAndApproval"}
{"Time":"2026-09-08T17:57:36.072657501+03:00","Action":"output","Package":"virmill.local/core/internal/ui/tui","Test":"TestColdRecoveryTUIExactFormsPreviewAndApproval","Output":"=== RUN   TestColdRecoveryTUIExactFormsPreviewAndApproval\n","OutputType":"frame"}
{"Time":"2026-09-08T17:57:36.072681446+03:00","Action":"run","Package":"virmill.local/core/internal/ui/tui","Test":"TestColdRecoveryTUIExactFormsPreviewAndApproval/create"}
{"Time":"2026-09-08T17:57:36.072684919+03:00","Action":"output","Package":"virmill.local/core/internal/ui/tui","Test":"TestColdRecoveryTUIExactFormsPreviewAndApproval/create","Output":"=== RUN   TestColdRecoveryTUIExactFormsPreviewAndApproval/create\n","OutputType":"frame"}
{"Time":"2026-09-08T17:57:36.079177324+03:00","Action":"output","Package":"virmill.local/core/internal/ui/cli","Test":"TestCreationEstimateCLIFailuresDoNotPrintSuccessfulEstimate/preflight-error","Output":"--- PASS: TestCreationEstimateCLIFailuresDoNotPrintSuccessfulEstimate/preflight-error (0.02s)\n","OutputType":"frame"}
{"Time":"2026-09-08T17:57:36.079279699+03:00","Action":"pass","Package":"virmill.local/core/internal/ui/cli","Test":"TestCreationEstimateCLIFailuresDoNotPrintSuccessfulEstimate/preflight-error","Elapsed":0.02}
{"Time":"2026-09-08T17:57:36.079295647+03:00","Action":"run","Package":"virmill.local/core/internal/ui/cli","Test":"TestCreationEstimateCLIFailuresDoNotPrintSuccessfulEstimate/canceled-creation"}
{"Time":"2026-09-08T17:57:36.079299499+03:00","Action":"output","Package":"virmill.local/core/internal/ui/cli","Test":"TestCreationEstimateCLIFailuresDoNotPrintSuccessfulEstimate/canceled-creation","Output":"=== RUN   TestCreationEstimateCLIFailuresDoNotPrintSuccessfulEstimate/canceled-creation\n","OutputType":"frame"}
{"Time":"2026-09-08T17:57:36.101380655+03:00","Action":"output","Package":"virmill.local/core/internal/ui/cli","Test":"TestCreationEstimateCLIFailuresDoNotPrintSuccessfulEstimate/canceled-creation","Output":"--- PASS: TestCreationEstimateCLIFailuresDoNotPrintSuccessfulEstimate/canceled-creation (0.02s)\n","OutputType":"frame"}
{"Time":"2026-09-08T17:57:36.101400593+03:00","Action":"pass","Package":"virmill.local/core/internal/ui/cli","Test":"TestCreationEstimateCLIFailuresDoNotPrintSuccessfulEstimate/canceled-creation","Elapsed":0.02}
{"Time":"2026-09-08T17:57:36.101407272+03:00","Action":"run","Package":"virmill.local/core/internal/ui/cli","Test":"TestCreationEstimateCLIFailuresDoNotPrintSuccessfulEstimate/canceled-plan-show"}
{"Time":"2026-09-08T17:57:36.101409082+03:00","Action":"output","Package":"virmill.local/core/internal/ui/cli","Test":"TestCreationEstimateCLIFailuresDoNotPrintSuccessfulEstimate/canceled-plan-show","Output":"=== RUN   TestCreationEstimateCLIFailuresDoNotPrintSuccessfulEstimate/canceled-plan-show\n","OutputType":"frame"}
{"Time":"2026-09-08T17:57:36.115665365+03:00","Action":"output","Package":"virmill.local/core/internal/ui/cli","Test":"TestCreationEstimateCLIFailuresDoNotPrintSuccessfulEstimate/canceled-plan-show","Output":"--- PASS: TestCreationEstimateCLIFailuresDoNotPrintSuccessfulEstimate/canceled-plan-show (0.01s)\n","OutputType":"frame"}
{"Time":"2026-09-08T17:57:36.115697245+03:00","Action":"pass","Package":"virmill.local/core/internal/ui/cli","Test":"TestCreationEstimateCLIFailuresDoNotPrintSuccessfulEstimate/canceled-plan-show","Elapsed":0.01}
{"Time":"2026-09-08T17:57:36.115705504+03:00","Action":"run","Package":"virmill.local/core/internal/ui/cli","Test":"TestCreationEstimateCLIFailuresDoNotPrintSuccessfulEstimate/transport-error"}
{"Time":"2026-09-08T17:57:36.11570876+03:00","Action":"output","Package":"virmill.local/core/internal/ui/cli","Test":"TestCreationEstimateCLIFailuresDoNotPrintSuccessfulEstimate/transport-error","Output":"=== RUN   TestCreationEstimateCLIFailuresDoNotPrintSuccessfulEstimate/transport-error\n","OutputType":"frame"}
{"Time":"2026-09-08T17:57:36.131905465+03:00","Action":"output","Package":"virmill.local/core/internal/ui/cli","Test":"TestCreationEstimateCLIFailuresDoNotPrintSuccessfulEstimate/transport-error","Output":"--- PASS: TestCreationEstimateCLIFailuresDoNotPrintSuccessfulEstimate/transport-error (0.02s)\n","OutputType":"frame"}
{"Time":"2026-09-08T17:57:36.131932477+03:00","Action":"pass","Package":"virmill.local/core/internal/ui/cli","Test":"TestCreationEstimateCLIFailuresDoNotPrintSuccessfulEstimate/transport-error","Elapsed":0.02}
{"Time":"2026-09-08T17:57:36.131939154+03:00","Action":"run","Package":"virmill.local/core/internal/ui/cli","Test":"TestCreationEstimateCLIFailuresDoNotPrintSuccessfulEstimate/missing-plan"}
{"Time":"2026-09-08T17:57:36.131940601+03:00","Action":"output","Package":"virmill.local/core/internal/ui/cli","Test":"TestCreationEstimateCLIFailuresDoNotPrintSuccessfulEstimate/missing-plan","Output":"=== RUN   TestCreationEstimateCLIFailuresDoNotPrintSuccessfulEstimate/missing-plan\n","OutputType":"frame"}
{"Time":"2026-09-08T17:57:36.150188069+03:00","Action":"output","Package":"virmill.local/core/internal/ui/cli","Test":"TestCreationEstimateCLIFailuresDoNotPrintSuccessfulEstimate/missing-plan","Output":"--- PASS: TestCreationEstimateCLIFailuresDoNotPrintSuccessfulEstimate/missing-plan (0.02s)\n","OutputType":"frame"}
{"Time":"2026-09-08T17:57:36.150216708+03:00","Action":"pass","Package":"virmill.local/core/internal/ui/cli","Test":"TestCreationEstimateCLIFailuresDoNotPrintSuccessfulEstimate/missing-plan","Elapsed":0.02}
{"Time":"2026-09-08T17:57:36.150222465+03:00","Action":"output","Package":"virmill.local/core/internal/ui/cli","Test":"TestCreationEstimateCLIFailuresDoNotPrintSuccessfulEstimate","Output":"--- PASS: TestCreationEstimateCLIFailuresDoNotPrintSuccessfulEstimate (0.09s)\n","OutputType":"frame"}
{"Time":"2026-09-08T17:57:36.150232927+03:00","Action":"pass","Package":"virmill.local/core/internal/ui/cli","Test":"TestCreationEstimateCLIFailuresDoNotPrintSuccessfulEstimate","Elapsed":0.09}
{"Time":"2026-09-08T17:57:36.150246538+03:00","Action":"run","Package":"virmill.local/core/internal/ui/cli","Test":"TestCreationNVRAMCLIReviewAndAuthorization"}
{"Time":"2026-09-08T17:57:36.15024946+03:00","Action":"output","Package":"virmill.local/core/internal/ui/cli","Test":"TestCreationNVRAMCLIReviewAndAuthorization","Output":"=== RUN   TestCreationNVRAMCLIReviewAndAuthorization\n","OutputType":"frame"}
{"Time":"2026-09-08T17:57:36.150274406+03:00","Action":"run","Package":"virmill.local/core/internal/ui/cli","Test":"TestCreationNVRAMCLIReviewAndAuthorization/table"}
{"Time":"2026-09-08T17:57:36.150276988+03:00","Action":"output","Package":"virmill.local/core/internal/ui/cli","Test":"TestCreationNVRAMCLIReviewAndAuthorization/table","Output":"=== RUN   TestCreationNVRAMCLIReviewAndAuthorization/table\n","OutputType":"frame"}
{"Time":"2026-09-08T17:57:36.16874524+03:00","Action":"output","Package":"virmill.local/core/internal/ui/tui","Test":"TestColdRecoveryTUIExactFormsPreviewAndApproval/create","Output":"--- PASS: TestColdRecoveryTUIExactFormsPreviewAndApproval/create (0.10s)\n","OutputType":"frame"}
{"Time":"2026-09-08T17:57:36.168773252+03:00","Action":"pass","Package":"virmill.local/core/internal/ui/tui","Test":"TestColdRecoveryTUIExactFormsPreviewAndApproval/create","Elapsed":0.1}
{"Time":"2026-09-08T17:57:36.168778196+03:00","Action":"run","Package":"virmill.local/core/internal/ui/tui","Test":"TestColdRecoveryTUIExactFormsPreviewAndApproval/restore"}
{"Time":"2026-09-08T17:57:36.168779951+03:00","Action":"output","Package":"virmill.local/core/internal/ui/tui","Test":"TestColdRecoveryTUIExactFormsPreviewAndApproval/restore","Output":"=== RUN   TestColdRecoveryTUIExactFormsPreviewAndApproval/restore\n","OutputType":"frame"}
{"Time":"2026-09-08T17:57:36.192729798+03:00","Action":"output","Package":"virmill.local/core/internal/ui/cli","Test":"TestCreationNVRAMCLIReviewAndAuthorization/table","Output":"--- PASS: TestCreationNVRAMCLIReviewAndAuthorization/table (0.04s)\n","OutputType":"frame"}
{"Time":"2026-09-08T17:57:36.192754391+03:00","Action":"pass","Package":"virmill.local/core/internal/ui/cli","Test":"TestCreationNVRAMCLIReviewAndAuthorization/table","Elapsed":0.04}
{"Time":"2026-09-08T17:57:36.19275882+03:00","Action":"run","Package":"virmill.local/core/internal/ui/cli","Test":"TestCreationNVRAMCLIReviewAndAuthorization/json"}
{"Time":"2026-09-08T17:57:36.192760451+03:00","Action":"output","Package":"virmill.local/core/internal/ui/cli","Test":"TestCreationNVRAMCLIReviewAndAuthorization/json","Output":"=== RUN   TestCreationNVRAMCLIReviewAndAuthorization/json\n","OutputType":"frame"}
{"Time":"2026-09-08T17:57:36.245204518+03:00","Action":"output","Package":"virmill.local/core/internal/ui/cli","Test":"TestCreationNVRAMCLIReviewAndAuthorization/json","Output":"--- PASS: TestCreationNVRAMCLIReviewAndAuthorization/json (0.05s)\n","OutputType":"frame"}
{"Time":"2026-09-08T17:57:36.245234571+03:00","Action":"pass","Package":"virmill.local/core/internal/ui/cli","Test":"TestCreationNVRAMCLIReviewAndAuthorization/json","Elapsed":0.05}
{"Time":"2026-09-08T17:57:36.245239485+03:00","Action":"run","Package":"virmill.local/core/internal/ui/cli","Test":"TestCreationNVRAMCLIReviewAndAuthorization/ndjson"}
{"Time":"2026-09-08T17:57:36.245241068+03:00","Action":"output","Package":"virmill.local/core/internal/ui/cli","Test":"TestCreationNVRAMCLIReviewAndAuthorization/ndjson","Output":"=== RUN   TestCreationNVRAMCLIReviewAndAuthorization/ndjson\n","OutputType":"frame"}
{"Time":"2026-09-08T17:57:36.270252719+03:00","Action":"output","Package":"virmill.local/core/internal/ui/tui","Test":"TestColdRecoveryTUIExactFormsPreviewAndApproval/restore","Output":"--- PASS: TestColdRecoveryTUIExactFormsPreviewAndApproval/restore (0.10s)\n","OutputType":"frame"}
{"Time":"2026-09-08T17:57:36.270280042+03:00","Action":"pass","Package":"virmill.local/core/internal/ui/tui","Test":"TestColdRecoveryTUIExactFormsPreviewAndApproval/restore","Elapsed":0.1}
{"Time":"2026-09-08T17:57:36.270300336+03:00","Action":"output","Package":"virmill.local/core/internal/ui/tui","Test":"TestColdRecoveryTUIExactFormsPreviewAndApproval","Output":"--- PASS: TestColdRecoveryTUIExactFormsPreviewAndApproval (0.20s)\n","OutputType":"frame"}
{"Time":"2026-09-08T17:57:36.270317735+03:00","Action":"pass","Package":"virmill.local/core/internal/ui/tui","Test":"TestColdRecoveryTUIExactFormsPreviewAndApproval","Elapsed":0.2}
{"Time":"2026-09-08T17:57:36.270342294+03:00","Action":"run","Package":"virmill.local/core/internal/ui/tui","Test":"TestColdRecoveryTUIReadOnlyMappingsAndErrorClearsApproval"}
{"Time":"2026-09-08T17:57:36.270344961+03:00","Action":"output","Package":"virmill.local/core/internal/ui/tui","Test":"TestColdRecoveryTUIReadOnlyMappingsAndErrorClearsApproval","Output":"=== RUN   TestColdRecoveryTUIReadOnlyMappingsAndErrorClearsApproval\n","OutputType":"frame"}
{"Time":"2026-09-08T17:57:36.270379999+03:00","Action":"run","Package":"virmill.local/core/internal/ui/tui","Test":"TestColdRecoveryTUIReadOnlyMappingsAndErrorClearsApproval/list"}
{"Time":"2026-09-08T17:57:36.270382124+03:00","Action":"output","Package":"virmill.local/core/internal/ui/tui","Test":"TestColdRecoveryTUIReadOnlyMappingsAndErrorClearsApproval/list","Output":"=== RUN   TestColdRecoveryTUIReadOnlyMappingsAndErrorClearsApproval/list\n","OutputType":"frame"}
{"Time":"2026-09-08T17:57:36.271204698+03:00","Action":"output","Package":"virmill.local/core/internal/ui/tui","Test":"TestColdRecoveryTUIReadOnlyMappingsAndErrorClearsApproval/list","Output":"--- PASS: TestColdRecoveryTUIReadOnlyMappingsAndErrorClearsApproval/list (0.00s)\n","OutputType":"frame"}
{"Time":"2026-09-08T17:57:36.271223915+03:00","Action":"pass","Package":"virmill.local/core/internal/ui/tui","Test":"TestColdRecoveryTUIReadOnlyMappingsAndErrorClearsApproval/list","Elapsed":0}
{"Time":"2026-09-08T17:57:36.271236002+03:00","Action":"run","Package":"virmill.local/core/internal/ui/tui","Test":"TestColdRecoveryTUIReadOnlyMappingsAndErrorClearsApproval/show"}
{"Time":"2026-09-08T17:57:36.271237857+03:00","Action":"output","Package":"virmill.local/core/internal/ui/tui","Test":"TestColdRecoveryTUIReadOnlyMappingsAndErrorClearsApproval/show","Output":"=== RUN   TestColdRecoveryTUIReadOnlyMappingsAndErrorClearsApproval/show\n","OutputType":"frame"}
{"Time":"2026-09-08T17:57:36.277728674+03:00","Action":"output","Package":"virmill.local/core/internal/ui/tui","Test":"TestColdRecoveryTUIReadOnlyMappingsAndErrorClearsApproval/show","Output":"--- PASS: TestColdRecoveryTUIReadOnlyMappingsAndErrorClearsApproval/show (0.01s)\n","OutputType":"frame"}
{"Time":"2026-09-08T17:57:36.277749206+03:00","Action":"pass","Package":"virmill.local/core/internal/ui/tui","Test":"TestColdRecoveryTUIReadOnlyMappingsAndErrorClearsApproval/show","Elapsed":0.01}
{"Time":"2026-09-08T17:57:36.277770677+03:00","Action":"run","Package":"virmill.local/core/internal/ui/tui","Test":"TestColdRecoveryTUIReadOnlyMappingsAndErrorClearsApproval/canceled"}
{"Time":"2026-09-08T17:57:36.277774003+03:00","Action":"output","Package":"virmill.local/core/internal/ui/tui","Test":"TestColdRecoveryTUIReadOnlyMappingsAndErrorClearsApproval/canceled","Output":"=== RUN   TestColdRecoveryTUIReadOnlyMappingsAndErrorClearsApproval/canceled\n","OutputType":"frame"}
{"Time":"2026-09-08T17:57:36.284695603+03:00","Action":"output","Package":"virmill.local/core/internal/ui/tui","Test":"TestColdRecoveryTUIReadOnlyMappingsAndErrorClearsApproval/canceled","Output":"--- PASS: TestColdRecoveryTUIReadOnlyMappingsAndErrorClearsApproval/canceled (0.01s)\n","OutputType":"frame"}
{"Time":"2026-09-08T17:57:36.284720604+03:00","Action":"pass","Package":"virmill.local/core/internal/ui/tui","Test":"TestColdRecoveryTUIReadOnlyMappingsAndErrorClearsApproval/canceled","Elapsed":0.01}
{"Time":"2026-09-08T17:57:36.284736889+03:00","Action":"run","Package":"virmill.local/core/internal/ui/tui","Test":"TestColdRecoveryTUIReadOnlyMappingsAndErrorClearsApproval/transport"}
{"Time":"2026-09-08T17:57:36.284738798+03:00","Action":"output","Package":"virmill.local/core/internal/ui/tui","Test":"TestColdRecoveryTUIReadOnlyMappingsAndErrorClearsApproval/transport","Output":"=== RUN   TestColdRecoveryTUIReadOnlyMappingsAndErrorClearsApproval/transport\n","OutputType":"frame"}
{"Time":"2026-09-08T17:57:36.289935635+03:00","Action":"output","Package":"virmill.local/core/internal/ui/cli","Test":"TestCreationNVRAMCLIReviewAndAuthorization/ndjson","Output":"--- PASS: TestCreationNVRAMCLIReviewAndAuthorization/ndjson (0.04s)\n","OutputType":"frame"}
{"Time":"2026-09-08T17:57:36.289955188+03:00","Action":"pass","Package":"virmill.local/core/internal/ui/cli","Test":"TestCreationNVRAMCLIReviewAndAuthorization/ndjson","Elapsed":0.04}
{"Time":"2026-09-08T17:57:36.290000674+03:00","Action":"output","Package":"virmill.local/core/internal/ui/cli","Test":"TestCreationNVRAMCLIReviewAndAuthorization","Output":"--- PASS: TestCreationNVRAMCLIReviewAndAuthorization (0.14s)\n","OutputType":"frame"}
{"Time":"2026-09-08T17:57:36.290012925+03:00","Action":"pass","Package":"virmill.local/core/internal/ui/cli","Test":"TestCreationNVRAMCLIReviewAndAuthorization","Elapsed":0.14}
{"Time":"2026-09-08T17:57:36.290037+03:00","Action":"run","Package":"virmill.local/core/internal/ui/cli","Test":"TestCreationNVRAMCLIResultStages"}
{"Time":"2026-09-08T17:57:36.290039147+03:00","Action":"output","Package":"virmill.local/core/internal/ui/cli","Test":"TestCreationNVRAMCLIResultStages","Output":"=== RUN   TestCreationNVRAMCLIResultStages\n","OutputType":"frame"}
{"Time":"2026-09-08T17:57:36.290067845+03:00","Action":"run","Package":"virmill.local/core/internal/ui/cli","Test":"TestCreationNVRAMCLIResultStages/table/bound"}
{"Time":"2026-09-08T17:57:36.290069805+03:00","Action":"output","Package":"virmill.local/core/internal/ui/cli","Test":"TestCreationNVRAMCLIResultStages/table/bound","Output":"=== RUN   TestCreationNVRAMCLIResultStages/table/bound\n","OutputType":"frame"}
{"Time":"2026-09-08T17:57:36.291939892+03:00","Action":"output","Package":"virmill.local/core/internal/ui/tui","Test":"TestColdRecoveryTUIReadOnlyMappingsAndErrorClearsApproval/transport","Output":"--- PASS: TestColdRecoveryTUIReadOnlyMappingsAndErrorClearsApproval/transport (0.01s)\n","OutputType":"frame"}
{"Time":"2026-09-08T17:57:36.291948282+03:00","Action":"pass","Package":"virmill.local/core/internal/ui/tui","Test":"TestColdRecoveryTUIReadOnlyMappingsAndErrorClearsApproval/transport","Elapsed":0.01}
{"Time":"2026-09-08T17:57:36.291970656+03:00","Action":"run","Package":"virmill.local/core/internal/ui/tui","Test":"TestColdRecoveryTUIReadOnlyMappingsAndErrorClearsApproval/incomplete"}
{"Time":"2026-09-08T17:57:36.291972264+03:00","Action":"output","Package":"virmill.local/core/internal/ui/tui","Test":"TestColdRecoveryTUIReadOnlyMappingsAndErrorClearsApproval/incomplete","Output":"=== RUN   TestColdRecoveryTUIReadOnlyMappingsAndErrorClearsApproval/incomplete\n","OutputType":"frame"}
{"Time":"2026-09-08T17:57:36.297829078+03:00","Action":"output","Package":"virmill.local/core/internal/ui/tui","Test":"TestColdRecoveryTUIReadOnlyMappingsAndErrorClearsApproval/incomplete","Output":"--- PASS: TestColdRecoveryTUIReadOnlyMappingsAndErrorClearsApproval/incomplete (0.01s)\n","OutputType":"frame"}
{"Time":"2026-09-08T17:57:36.297839863+03:00","Action":"pass","Package":"virmill.local/core/internal/ui/tui","Test":"TestColdRecoveryTUIReadOnlyMappingsAndErrorClearsApproval/incomplete","Elapsed":0.01}
{"Time":"2026-09-08T17:57:36.297867079+03:00","Action":"output","Package":"virmill.local/core/internal/ui/tui","Test":"TestColdRecoveryTUIReadOnlyMappingsAndErrorClearsApproval","Output":"--- PASS: TestColdRecoveryTUIReadOnlyMappingsAndErrorClearsApproval (0.03s)\n","OutputType":"frame"}
{"Time":"2026-09-08T17:57:36.297876107+03:00","Action":"pass","Package":"virmill.local/core/internal/ui/tui","Test":"TestColdRecoveryTUIReadOnlyMappingsAndErrorClearsApproval","Elapsed":0.03}
{"Time":"2026-09-08T17:57:36.297891673+03:00","Action":"run","Package":"virmill.local/core/internal/ui/tui","Test":"TestColdRecoveryTUIMalformedFormsNeverDispatch"}
{"Time":"2026-09-08T17:57:36.29789408+03:00","Action":"output","Package":"virmill.local/core/internal/ui/tui","Test":"TestColdRecoveryTUIMalformedFormsNeverDispatch","Output":"=== RUN   TestColdRecoveryTUIMalformedFormsNeverDispatch\n","OutputType":"frame"}
{"Time":"2026-09-08T17:57:36.297917839+03:00","Action":"run","Package":"virmill.local/core/internal/ui/tui","Test":"TestColdRecoveryTUIMalformedFormsNeverDispatch/create/not-json"}
{"Time":"2026-09-08T17:57:36.297920181+03:00","Action":"output","Package":"virmill.local/core/internal/ui/tui","Test":"TestColdRecoveryTUIMalformedFormsNeverDispatch/create/not-json","Output":"=== RUN   TestColdRecoveryTUIMalformedFormsNeverDispatch/create/not-json\n","OutputType":"frame"}
{"Time":"2026-09-08T17:57:36.299549674+03:00","Action":"output","Package":"virmill.local/core/internal/ui/tui","Test":"TestColdRecoveryTUIMalformedFormsNeverDispatch/create/not-json","Output":"--- PASS: TestColdRecoveryTUIMalformedFormsNeverDispatch/create/not-json (0.00s)\n","OutputType":"frame"}
{"Time":"2026-09-08T17:57:36.299560095+03:00","Action":"pass","Package":"virmill.local/core/internal/ui/tui","Test":"TestColdRecoveryTUIMalformedFormsNeverDispatch/create/not-json","Elapsed":0}
{"Time":"2026-09-08T17:57:36.299572386+03:00","Action":"run","Package":"virmill.local/core/internal/ui/tui","Test":"TestColdRecoveryTUIMalformedFormsNeverDispatch/create/{\"id\":\"one\",\"id\":\"two\",\"input\":{}}"}
{"Time":"2026-09-08T17:57:36.299574944+03:00","Action":"output","Package":"virmill.local/core/internal/ui/tui","Test":"TestColdRecoveryTUIMalformedFormsNeverDispatch/create/{\"id\":\"one\",\"id\":\"two\",\"input\":{}}","Output":"=== RUN   TestColdRecoveryTUIMalformedFormsNeverDispatch/create/{\"id\":\"one\",\"id\":\"two\",\"input\":{}}\n","OutputType":"frame"}
{"Time":"2026-09-08T17:57:36.304423855+03:00","Action":"output","Package":"virmill.local/core/internal/ui/tui","Test":"TestColdRecoveryTUIMalformedFormsNeverDispatch/create/{\"id\":\"one\",\"id\":\"two\",\"input\":{}}","Output":"--- PASS: TestColdRecoveryTUIMalformedFormsNeverDispatch/create/{\"id\":\"one\",\"id\":\"two\",\"input\":{}} (0.00s)\n","OutputType":"frame"}
{"Time":"2026-09-08T17:57:36.304437736+03:00","Action":"pass","Package":"virmill.local/core/internal/ui/tui","Test":"TestColdRecoveryTUIMalformedFormsNeverDispatch/create/{\"id\":\"one\",\"id\":\"two\",\"input\":{}}","Elapsed":0}
{"Time":"2026-09-08T17:57:36.304450098+03:00","Action":"run","Package":"virmill.local/core/internal/ui/tui","Test":"TestColdRecoveryTUIMalformedFormsNeverDispatch/create/{\"id\":\"one\",\"input\":{\"name\":\"first\",\"name\":\"second\"}}"}
{"Time":"2026-09-08T17:57:36.304452495+03:00","Action":"output","Package":"virmill.local/core/internal/ui/tui","Test":"TestColdRecoveryTUIMalformedFormsNeverDispatch/create/{\"id\":\"one\",\"input\":{\"name\":\"first\",\"name\":\"second\"}}","Output":"=== RUN   TestColdRecoveryTUIMalformedFormsNeverDispatch/create/{\"id\":\"one\",\"input\":{\"name\":\"first\",\"name\":\"second\"}}\n","OutputType":"frame"}
{"Time":"2026-09-08T17:57:36.312012313+03:00","Action":"output","Package":"virmill.local/core/internal/ui/tui","Test":"TestColdRecoveryTUIMalformedFormsNeverDispatch/create/{\"id\":\"one\",\"input\":{\"name\":\"first\",\"name\":\"second\"}}","Output":"--- PASS: TestColdRecoveryTUIMalformedFormsNeverDispatch/create/{\"id\":\"one\",\"input\":{\"name\":\"first\",\"name\":\"second\"}} (0.01s)\n","OutputType":"frame"}
{"Time":"2026-09-08T17:57:36.31202338+03:00","Action":"pass","Package":"virmill.local/core/internal/ui/tui","Test":"TestColdRecoveryTUIMalformedFormsNeverDispatch/create/{\"id\":\"one\",\"input\":{\"name\":\"first\",\"name\":\"second\"}}","Elapsed":0.01}
{"Time":"2026-09-08T17:57:36.312046394+03:00","Action":"run","Package":"virmill.local/core/internal/ui/tui","Test":"TestColdRecoveryTUIMalformedFormsNeverDispatch/create/{\"id\":\"one\",\"apply\":{\"planID\":\"hidden\"}}"}
{"Time":"2026-09-08T17:57:36.312048594+03:00","Action":"output","Package":"virmill.local/core/internal/ui/tui","Test":"TestColdRecoveryTUIMalformedFormsNeverDispatch/create/{\"id\":\"one\",\"apply\":{\"planID\":\"hidden\"}}","Output":"=== RUN   TestColdRecoveryTUIMalformedFormsNeverDispatch/create/{\"id\":\"one\",\"apply\":{\"planID\":\"hidden\"}}\n","OutputType":"frame"}
{"Time":"2026-09-08T17:57:36.31808631+03:00","Action":"output","Package":"virmill.local/core/internal/ui/tui","Test":"TestColdRecoveryTUIMalformedFormsNeverDispatch/create/{\"id\":\"one\",\"apply\":{\"planID\":\"hidden\"}}","Output":"--- PASS: TestColdRecoveryTUIMalformedFormsNeverDispatch/create/{\"id\":\"one\",\"apply\":{\"planID\":\"hidden\"}} (0.01s)\n","OutputType":"frame"}
{"Time":"2026-09-08T17:57:36.318101639+03:00","Action":"pass","Package":"virmill.local/core/internal/ui/tui","Test":"TestColdRecoveryTUIMalformedFormsNeverDispatch/create/{\"id\":\"one\",\"apply\":{\"planID\":\"hidden\"}}","Elapsed":0.01}
{"Time":"2026-09-08T17:57:36.318116275+03:00","Action":"run","Package":"virmill.local/core/internal/ui/tui","Test":"TestColdRecoveryTUIMalformedFormsNeverDispatch/restore/not-json"}
{"Time":"2026-09-08T17:57:36.318118365+03:00","Action":"output","Package":"virmill.local/core/internal/ui/tui","Test":"TestColdRecoveryTUIMalformedFormsNeverDispatch/restore/not-json","Output":"=== RUN   TestColdRecoveryTUIMalformedFormsNeverDispatch/restore/not-json\n","OutputType":"frame"}
{"Time":"2026-09-08T17:57:36.319918441+03:00","Action":"output","Package":"virmill.local/core/internal/ui/tui","Test":"TestColdRecoveryTUIMalformedFormsNeverDispatch/restore/not-json","Output":"--- PASS: TestColdRecoveryTUIMalformedFormsNeverDispatch/restore/not-json (0.00s)\n","OutputType":"frame"}
{"Time":"2026-09-08T17:57:36.31993247+03:00","Action":"pass","Package":"virmill.local/core/internal/ui/tui","Test":"TestColdRecoveryTUIMalformedFormsNeverDispatch/restore/not-json","Elapsed":0}
{"Time":"2026-09-08T17:57:36.319948255+03:00","Action":"run","Package":"virmill.local/core/internal/ui/tui","Test":"TestColdRecoveryTUIMalformedFormsNeverDispatch/restore/{\"id\":\"one\",\"id\":\"two\",\"input\":{}}"}
{"Time":"2026-09-08T17:57:36.31995029+03:00","Action":"output","Package":"virmill.local/core/internal/ui/tui","Test":"TestColdRecoveryTUIMalformedFormsNeverDispatch/restore/{\"id\":\"one\",\"id\":\"two\",\"input\":{}}","Output":"=== RUN   TestColdRecoveryTUIMalformedFormsNeverDispatch/restore/{\"id\":\"one\",\"id\":\"two\",\"input\":{}}\n","OutputType":"frame"}
{"Time":"2026-09-08T17:57:36.323433197+03:00","Action":"output","Package":"virmill.local/core/internal/ui/cli","Test":"TestCreationNVRAMCLIResultStages/table/bound","Output":"--- PASS: TestCreationNVRAMCLIResultStages/table/bound (0.03s)\n","OutputType":"frame"}
{"Time":"2026-09-08T17:57:36.323453735+03:00","Action":"pass","Package":"virmill.local/core/internal/ui/cli","Test":"TestCreationNVRAMCLIResultStages/table/bound","Elapsed":0.03}
{"Time":"2026-09-08T17:57:36.323475972+03:00","Action":"run","Package":"virmill.local/core/internal/ui/cli","Test":"TestCreationNVRAMCLIResultStages/table/bound-running"}
{"Time":"2026-09-08T17:57:36.323477844+03:00","Action":"output","Package":"virmill.local/core/internal/ui/cli","Test":"TestCreationNVRAMCLIResultStages/table/bound-running","Output":"=== RUN   TestCreationNVRAMCLIResultStages/table/bound-running\n","OutputType":"frame"}
{"Time":"2026-09-08T17:57:36.325391462+03:00","Action":"output","Package":"virmill.local/core/internal/ui/tui","Test":"TestColdRecoveryTUIMalformedFormsNeverDispatch/restore/{\"id\":\"one\",\"id\":\"two\",\"input\":{}}","Output":"--- PASS: TestColdRecoveryTUIMalformedFormsNeverDispatch/restore/{\"id\":\"one\",\"id\":\"two\",\"input\":{}} (0.01s)\n","OutputType":"frame"}
{"Time":"2026-09-08T17:57:36.325411964+03:00","Action":"pass","Package":"virmill.local/core/internal/ui/tui","Test":"TestColdRecoveryTUIMalformedFormsNeverDispatch/restore/{\"id\":\"one\",\"id\":\"two\",\"input\":{}}","Elapsed":0.01}
{"Time":"2026-09-08T17:57:36.325454497+03:00","Action":"run","Package":"virmill.local/core/internal/ui/tui","Test":"TestColdRecoveryTUIMalformedFormsNeverDispatch/restore/{\"id\":\"one\",\"input\":{\"name\":\"first\",\"name\":\"second\"}}"}
{"Time":"2026-09-08T17:57:36.32545723+03:00","Action":"output","Package":"virmill.local/core/internal/ui/tui","Test":"TestColdRecoveryTUIMalformedFormsNeverDispatch/restore/{\"id\":\"one\",\"input\":{\"name\":\"first\",\"name\":\"second\"}}","Output":"=== RUN   TestColdRecoveryTUIMalformedFormsNeverDispatch/restore/{\"id\":\"one\",\"input\":{\"name\":\"first\",\"name\":\"second\"}}\n","OutputType":"frame"}
{"Time":"2026-09-08T17:57:36.334275475+03:00","Action":"output","Package":"virmill.local/core/internal/ui/tui","Test":"TestColdRecoveryTUIMalformedFormsNeverDispatch/restore/{\"id\":\"one\",\"input\":{\"name\":\"first\",\"name\":\"second\"}}","Output":"--- PASS: TestColdRecoveryTUIMalformedFormsNeverDispatch/restore/{\"id\":\"one\",\"input\":{\"name\":\"first\",\"name\":\"second\"}} (0.01s)\n","OutputType":"frame"}
{"Time":"2026-09-08T17:57:36.334287245+03:00","Action":"pass","Package":"virmill.local/core/internal/ui/tui","Test":"TestColdRecoveryTUIMalformedFormsNeverDispatch/restore/{\"id\":\"one\",\"input\":{\"name\":\"first\",\"name\":\"second\"}}","Elapsed":0.01}
{"Time":"2026-09-08T17:57:36.33430259+03:00","Action":"run","Package":"virmill.local/core/internal/ui/tui","Test":"TestColdRecoveryTUIMalformedFormsNeverDispatch/restore/{\"id\":\"one\",\"apply\":{\"planID\":\"hidden\"}}"}
{"Time":"2026-09-08T17:57:36.334304283+03:00","Action":"output","Package":"virmill.local/core/internal/ui/tui","Test":"TestColdRecoveryTUIMalformedFormsNeverDispatch/restore/{\"id\":\"one\",\"apply\":{\"planID\":\"hidden\"}}","Output":"=== RUN   TestColdRecoveryTUIMalformedFormsNeverDispatch/restore/{\"id\":\"one\",\"apply\":{\"planID\":\"hidden\"}}\n","OutputType":"frame"}
{"Time":"2026-09-08T17:57:36.340019352+03:00","Action":"output","Package":"virmill.local/core/internal/ui/tui","Test":"TestColdRecoveryTUIMalformedFormsNeverDispatch/restore/{\"id\":\"one\",\"apply\":{\"planID\":\"hidden\"}}","Output":"--- PASS: TestColdRecoveryTUIMalformedFormsNeverDispatch/restore/{\"id\":\"one\",\"apply\":{\"planID\":\"hidden\"}} (0.01s)\n","OutputType":"frame"}
{"Time":"2026-09-08T17:57:36.340035973+03:00","Action":"pass","Package":"virmill.local/core/internal/ui/tui","Test":"TestColdRecoveryTUIMalformedFormsNeverDispatch/restore/{\"id\":\"one\",\"apply\":{\"planID\":\"hidden\"}}","Elapsed":0.01}
{"Time":"2026-09-08T17:57:36.340052632+03:00","Action":"output","Package":"virmill.local/core/internal/ui/tui","Test":"TestColdRecoveryTUIMalformedFormsNeverDispatch","Output":"--- PASS: TestColdRecoveryTUIMalformedFormsNeverDispatch (0.04s)\n","OutputType":"frame"}
{"Time":"2026-09-08T17:57:36.340065726+03:00","Action":"pass","Package":"virmill.local/core/internal/ui/tui","Test":"TestColdRecoveryTUIMalformedFormsNeverDispatch","Elapsed":0.04}
{"Time":"2026-09-08T17:57:36.340080494+03:00","Action":"run","Package":"virmill.local/core/internal/ui/tui","Test":"TestCreationEstimateTUIShowsPagedSharedReviewAndReusesDigest"}
{"Time":"2026-09-08T17:57:36.340082427+03:00","Action":"output","Package":"virmill.local/core/internal/ui/tui","Test":"TestCreationEstimateTUIShowsPagedSharedReviewAndReusesDigest","Output":"=== RUN   TestCreationEstimateTUIShowsPagedSharedReviewAndReusesDigest\n","OutputType":"frame"}
{"Time":"2026-09-08T17:57:36.359807219+03:00","Action":"output","Package":"virmill.local/core/internal/ui/cli","Test":"TestCreationNVRAMCLIResultStages/table/bound-running","Output":"--- PASS: TestCreationNVRAMCLIResultStages/table/bound-running (0.04s)\n","OutputType":"frame"}
{"Time":"2026-09-08T17:57:36.359844243+03:00","Action":"pass","Package":"virmill.local/core/internal/ui/cli","Test":"TestCreationNVRAMCLIResultStages/table/bound-running","Elapsed":0.04}
{"Time":"2026-09-08T17:57:36.359850399+03:00","Action":"run","Package":"virmill.local/core/internal/ui/cli","Test":"TestCreationNVRAMCLIResultStages/table/pending"}
{"Time":"2026-09-08T17:57:36.35985202+03:00","Action":"output","Package":"virmill.local/core/internal/ui/cli","Test":"TestCreationNVRAMCLIResultStages/table/pending","Output":"=== RUN   TestCreationNVRAMCLIResultStages/table/pending\n","OutputType":"frame"}
{"Time":"2026-09-08T17:57:36.392726143+03:00","Action":"output","Package":"virmill.local/core/internal/ui/cli","Test":"TestCreationNVRAMCLIResultStages/table/pending","Output":"--- PASS: TestCreationNVRAMCLIResultStages/table/pending (0.03s)\n","OutputType":"frame"}
{"Time":"2026-09-08T17:57:36.392778273+03:00","Action":"pass","Package":"virmill.local/core/internal/ui/cli","Test":"TestCreationNVRAMCLIResultStages/table/pending","Elapsed":0.03}
{"Time":"2026-09-08T17:57:36.392789625+03:00","Action":"run","Package":"virmill.local/core/internal/ui/cli","Test":"TestCreationNVRAMCLIResultStages/table/pending-partial"}
{"Time":"2026-09-08T17:57:36.39279389+03:00","Action":"output","Package":"virmill.local/core/internal/ui/cli","Test":"TestCreationNVRAMCLIResultStages/table/pending-partial","Output":"=== RUN   TestCreationNVRAMCLIResultStages/table/pending-partial\n","OutputType":"frame"}
{"Time":"2026-09-08T17:57:36.419535162+03:00","Action":"output","Package":"virmill.local/core/internal/ui/cli","Test":"TestCreationNVRAMCLIResultStages/table/pending-partial","Output":"--- PASS: TestCreationNVRAMCLIResultStages/table/pending-partial (0.03s)\n","OutputType":"frame"}
{"Time":"2026-09-08T17:57:36.419565244+03:00","Action":"pass","Package":"virmill.local/core/internal/ui/cli","Test":"TestCreationNVRAMCLIResultStages/table/pending-partial","Elapsed":0.03}
{"Time":"2026-09-08T17:57:36.419572422+03:00","Action":"run","Package":"virmill.local/core/internal/ui/cli","Test":"TestCreationNVRAMCLIResultStages/table/legacy-succeeded"}
{"Time":"2026-09-08T17:57:36.41957437+03:00","Action":"output","Package":"virmill.local/core/internal/ui/cli","Test":"TestCreationNVRAMCLIResultStages/table/legacy-succeeded","Output":"=== RUN   TestCreationNVRAMCLIResultStages/table/legacy-succeeded\n","OutputType":"frame"}
{"Time":"2026-09-08T17:57:36.441804004+03:00","Action":"output","Package":"virmill.local/core/internal/ui/tui","Test":"TestCreationEstimateTUIShowsPagedSharedReviewAndReusesDigest","Output":"--- PASS: TestCreationEstimateTUIShowsPagedSharedReviewAndReusesDigest (0.10s)\n","OutputType":"frame"}
{"Time":"2026-09-08T17:57:36.441834648+03:00","Action":"pass","Package":"virmill.local/core/internal/ui/tui","Test":"TestCreationEstimateTUIShowsPagedSharedReviewAndReusesDigest","Elapsed":0.1}
{"Time":"2026-09-08T17:57:36.441844314+03:00","Action":"run","Package":"virmill.local/core/internal/ui/tui","Test":"TestCreationEstimateTUIFailuresClearStaleBudgetAndApproval"}
{"Time":"2026-09-08T17:57:36.441848364+03:00","Action":"output","Package":"virmill.local/core/internal/ui/tui","Test":"TestCreationEstimateTUIFailuresClearStaleBudgetAndApproval","Output":"=== RUN   TestCreationEstimateTUIFailuresClearStaleBudgetAndApproval\n","OutputType":"frame"}
{"Time":"2026-09-08T17:57:36.441850989+03:00","Action":"run","Package":"virmill.local/core/internal/ui/tui","Test":"TestCreationEstimateTUIFailuresClearStaleBudgetAndApproval/preflight-error"}
{"Time":"2026-09-08T17:57:36.441852929+03:00","Action":"output","Package":"virmill.local/core/internal/ui/tui","Test":"TestCreationEstimateTUIFailuresClearStaleBudgetAndApproval/preflight-error","Output":"=== RUN   TestCreationEstimateTUIFailuresClearStaleBudgetAndApproval/preflight-error\n","OutputType":"frame"}
{"Time":"2026-09-08T17:57:36.4609205+03:00","Action":"output","Package":"virmill.local/core/internal/ui/tui","Test":"TestCreationEstimateTUIFailuresClearStaleBudgetAndApproval/preflight-error","Output":"--- PASS: TestCreationEstimateTUIFailuresClearStaleBudgetAndApproval/preflight-error (0.02s)\n","OutputType":"frame"}
{"Time":"2026-09-08T17:57:36.460952073+03:00","Action":"pass","Package":"virmill.local/core/internal/ui/tui","Test":"TestCreationEstimateTUIFailuresClearStaleBudgetAndApproval/preflight-error","Elapsed":0.02}
{"Time":"2026-09-08T17:57:36.460960772+03:00","Action":"run","Package":"virmill.local/core/internal/ui/tui","Test":"TestCreationEstimateTUIFailuresClearStaleBudgetAndApproval/canceled-creation"}
{"Time":"2026-09-08T17:57:36.460962335+03:00","Action":"output","Package":"virmill.local/core/internal/ui/tui","Test":"TestCreationEstimateTUIFailuresClearStaleBudgetAndApproval/canceled-creation","Output":"=== RUN   TestCreationEstimateTUIFailuresClearStaleBudgetAndApproval/canceled-creation\n","OutputType":"frame"}
{"Time":"2026-09-08T17:57:36.463443504+03:00","Action":"output","Package":"virmill.local/core/internal/ui/cli","Test":"TestCreationNVRAMCLIResultStages/table/legacy-succeeded","Output":"--- PASS: TestCreationNVRAMCLIResultStages/table/legacy-succeeded (0.04s)\n","OutputType":"frame"}
{"Time":"2026-09-08T17:57:36.463479668+03:00","Action":"pass","Package":"virmill.local/core/internal/ui/cli","Test":"TestCreationNVRAMCLIResultStages/table/legacy-succeeded","Elapsed":0.04}
{"Time":"2026-09-08T17:57:36.463510916+03:00","Action":"run","Package":"virmill.local/core/internal/ui/cli","Test":"TestCreationNVRAMCLIResultStages/table/legacy-pending"}
{"Time":"2026-09-08T17:57:36.463513359+03:00","Action":"output","Package":"virmill.local/core/internal/ui/cli","Test":"TestCreationNVRAMCLIResultStages/table/legacy-pending","Output":"=== RUN   TestCreationNVRAMCLIResultStages/table/legacy-pending\n","OutputType":"frame"}
{"Time":"2026-09-08T17:57:36.481340804+03:00","Action":"output","Package":"virmill.local/core/internal/ui/tui","Test":"TestCreationEstimateTUIFailuresClearStaleBudgetAndApproval/canceled-creation","Output":"--- PASS: TestCreationEstimateTUIFailuresClearStaleBudgetAndApproval/canceled-creation (0.02s)\n","OutputType":"frame"}
{"Time":"2026-09-08T17:57:36.481369571+03:00","Action":"pass","Package":"virmill.local/core/internal/ui/tui","Test":"TestCreationEstimateTUIFailuresClearStaleBudgetAndApproval/canceled-creation","Elapsed":0.02}
{"Time":"2026-09-08T17:57:36.481377698+03:00","Action":"run","Package":"virmill.local/core/internal/ui/tui","Test":"TestCreationEstimateTUIFailuresClearStaleBudgetAndApproval/canceled-plan-show"}
{"Time":"2026-09-08T17:57:36.481379746+03:00","Action":"output","Package":"virmill.local/core/internal/ui/tui","Test":"TestCreationEstimateTUIFailuresClearStaleBudgetAndApproval/canceled-plan-show","Output":"=== RUN   TestCreationEstimateTUIFailuresClearStaleBudgetAndApproval/canceled-plan-show\n","OutputType":"frame"}
{"Time":"2026-09-08T17:57:36.502683163+03:00","Action":"output","Package":"virmill.local/core/internal/ui/tui","Test":"TestCreationEstimateTUIFailuresClearStaleBudgetAndApproval/canceled-plan-show","Output":"--- PASS: TestCreationEstimateTUIFailuresClearStaleBudgetAndApproval/canceled-plan-show (0.02s)\n","OutputType":"frame"}
{"Time":"2026-09-08T17:57:36.502719673+03:00","Action":"pass","Package":"virmill.local/core/internal/ui/tui","Test":"TestCreationEstimateTUIFailuresClearStaleBudgetAndApproval/canceled-plan-show","Elapsed":0.02}
{"Time":"2026-09-08T17:57:36.502729462+03:00","Action":"run","Package":"virmill.local/core/internal/ui/tui","Test":"TestCreationEstimateTUIFailuresClearStaleBudgetAndApproval/transport-error"}
{"Time":"2026-09-08T17:57:36.50273254+03:00","Action":"output","Package":"virmill.local/core/internal/ui/tui","Test":"TestCreationEstimateTUIFailuresClearStaleBudgetAndApproval/transport-error","Output":"=== RUN   TestCreationEstimateTUIFailuresClearStaleBudgetAndApproval/transport-error\n","OutputType":"frame"}
{"Time":"2026-09-08T17:57:36.508009046+03:00","Action":"output","Package":"virmill.local/core/internal/ui/cli","Test":"TestCreationNVRAMCLIResultStages/table/legacy-pending","Output":"--- PASS: TestCreationNVRAMCLIResultStages/table/legacy-pending (0.04s)\n","OutputType":"frame"}
{"Time":"2026-09-08T17:57:36.508023102+03:00","Action":"pass","Package":"virmill.local/core/internal/ui/cli","Test":"TestCreationNVRAMCLIResultStages/table/legacy-pending","Elapsed":0.04}
{"Time":"2026-09-08T17:57:36.508028347+03:00","Action":"run","Package":"virmill.local/core/internal/ui/cli","Test":"TestCreationNVRAMCLIResultStages/table/missing-binding"}
{"Time":"2026-09-08T17:57:36.508030461+03:00","Action":"output","Package":"virmill.local/core/internal/ui/cli","Test":"TestCreationNVRAMCLIResultStages/table/missing-binding","Output":"=== RUN   TestCreationNVRAMCLIResultStages/table/missing-binding\n","OutputType":"frame"}
{"Time":"2026-09-08T17:57:36.525199014+03:00","Action":"output","Package":"virmill.local/core/internal/ui/tui","Test":"TestCreationEstimateTUIFailuresClearStaleBudgetAndApproval/transport-error","Output":"--- PASS: TestCreationEstimateTUIFailuresClearStaleBudgetAndApproval/transport-error (0.02s)\n","OutputType":"frame"}
{"Time":"2026-09-08T17:57:36.525225568+03:00","Action":"pass","Package":"virmill.local/core/internal/ui/tui","Test":"TestCreationEstimateTUIFailuresClearStaleBudgetAndApproval/transport-error","Elapsed":0.02}
{"Time":"2026-09-08T17:57:36.525231268+03:00","Action":"run","Package":"virmill.local/core/internal/ui/tui","Test":"TestCreationEstimateTUIFailuresClearStaleBudgetAndApproval/missing-plan"}
{"Time":"2026-09-08T17:57:36.525233065+03:00","Action":"output","Package":"virmill.local/core/internal/ui/tui","Test":"TestCreationEstimateTUIFailuresClearStaleBudgetAndApproval/missing-plan","Output":"=== RUN   TestCreationEstimateTUIFailuresClearStaleBudgetAndApproval/missing-plan\n","OutputType":"frame"}
{"Time":"2026-09-08T17:57:36.536819727+03:00","Action":"output","Package":"virmill.local/core/internal/ui/cli","Test":"TestCreationNVRAMCLIResultStages/table/missing-binding","Output":"--- PASS: TestCreationNVRAMCLIResultStages/table/missing-binding (0.03s)\n","OutputType":"frame"}
{"Time":"2026-09-08T17:57:36.536845069+03:00","Action":"pass","Package":"virmill.local/core/internal/ui/cli","Test":"TestCreationNVRAMCLIResultStages/table/missing-binding","Elapsed":0.03}
{"Time":"2026-09-08T17:57:36.536850955+03:00","Action":"run","Package":"virmill.local/core/internal/ui/cli","Test":"TestCreationNVRAMCLIResultStages/table/conflicting-binding"}
{"Time":"2026-09-08T17:57:36.536853561+03:00","Action":"output","Package":"virmill.local/core/internal/ui/cli","Test":"TestCreationNVRAMCLIResultStages/table/conflicting-binding","Output":"=== RUN   TestCreationNVRAMCLIResultStages/table/conflicting-binding\n","OutputType":"frame"}
{"Time":"2026-09-08T17:57:36.543743773+03:00","Action":"output","Package":"virmill.local/core/internal/ui/tui","Test":"TestCreationEstimateTUIFailuresClearStaleBudgetAndApproval/missing-plan","Output":"--- PASS: TestCreationEstimateTUIFailuresClearStaleBudgetAndApproval/missing-plan (0.02s)\n","OutputType":"frame"}
{"Time":"2026-09-08T17:57:36.543768383+03:00","Action":"pass","Package":"virmill.local/core/internal/ui/tui","Test":"TestCreationEstimateTUIFailuresClearStaleBudgetAndApproval/missing-plan","Elapsed":0.02}
{"Time":"2026-09-08T17:57:36.543823202+03:00","Action":"output","Package":"virmill.local/core/internal/ui/tui","Test":"TestCreationEstimateTUIFailuresClearStaleBudgetAndApproval","Output":"--- PASS: TestCreationEstimateTUIFailuresClearStaleBudgetAndApproval (0.10s)\n","OutputType":"frame"}
{"Time":"2026-09-08T17:57:36.54384527+03:00","Action":"pass","Package":"virmill.local/core/internal/ui/tui","Test":"TestCreationEstimateTUIFailuresClearStaleBudgetAndApproval","Elapsed":0.1}
{"Time":"2026-09-08T17:57:36.543872383+03:00","Action":"run","Package":"virmill.local/core/internal/ui/tui","Test":"TestCreationEstimateTUIEscapeCancelsAuthorizationWithoutSubmission"}
{"Time":"2026-09-08T17:57:36.543876513+03:00","Action":"output","Package":"virmill.local/core/internal/ui/tui","Test":"TestCreationEstimateTUIEscapeCancelsAuthorizationWithoutSubmission","Output":"=== RUN   TestCreationEstimateTUIEscapeCancelsAuthorizationWithoutSubmission\n","OutputType":"frame"}
{"Time":"2026-09-08T17:57:36.565358626+03:00","Action":"output","Package":"virmill.local/core/internal/ui/tui","Test":"TestCreationEstimateTUIEscapeCancelsAuthorizationWithoutSubmission","Output":"--- PASS: TestCreationEstimateTUIEscapeCancelsAuthorizationWithoutSubmission (0.02s)\n","OutputType":"frame"}
{"Time":"2026-09-08T17:57:36.565396989+03:00","Action":"pass","Package":"virmill.local/core/internal/ui/tui","Test":"TestCreationEstimateTUIEscapeCancelsAuthorizationWithoutSubmission","Elapsed":0.02}
{"Time":"2026-09-08T17:57:36.565412769+03:00","Action":"run","Package":"virmill.local/core/internal/ui/tui","Test":"TestCreationNVRAMTUIReviewAndAuthorization"}
{"Time":"2026-09-08T17:57:36.565416356+03:00","Action":"output","Package":"virmill.local/core/internal/ui/tui","Test":"TestCreationNVRAMTUIReviewAndAuthorization","Output":"=== RUN   TestCreationNVRAMTUIReviewAndAuthorization\n","OutputType":"frame"}
{"Time":"2026-09-08T17:57:36.566816882+03:00","Action":"output","Package":"virmill.local/core/internal/ui/cli","Test":"TestCreationNVRAMCLIResultStages/table/conflicting-binding","Output":"--- PASS: TestCreationNVRAMCLIResultStages/table/conflicting-binding (0.03s)\n","OutputType":"frame"}
{"Time":"2026-09-08T17:57:36.566837858+03:00","Action":"pass","Package":"virmill.local/core/internal/ui/cli","Test":"TestCreationNVRAMCLIResultStages/table/conflicting-binding","Elapsed":0.03}
{"Time":"2026-09-08T17:57:36.566844705+03:00","Action":"run","Package":"virmill.local/core/internal/ui/cli","Test":"TestCreationNVRAMCLIResultStages/table/failed-bound"}
{"Time":"2026-09-08T17:57:36.566846682+03:00","Action":"output","Package":"virmill.local/core/internal/ui/cli","Test":"TestCreationNVRAMCLIResultStages/table/failed-bound","Output":"=== RUN   TestCreationNVRAMCLIResultStages/table/failed-bound\n","OutputType":"frame"}
{"Time":"2026-09-08T17:57:36.597732586+03:00","Action":"output","Package":"virmill.local/core/internal/ui/cli","Test":"TestCreationNVRAMCLIResultStages/table/failed-bound","Output":"--- PASS: TestCreationNVRAMCLIResultStages/table/failed-bound (0.03s)\n","OutputType":"frame"}
{"Time":"2026-09-08T17:57:36.597767368+03:00","Action":"pass","Package":"virmill.local/core/internal/ui/cli","Test":"TestCreationNVRAMCLIResultStages/table/failed-bound","Elapsed":0.03}
{"Time":"2026-09-08T17:57:36.59777311+03:00","Action":"run","Package":"virmill.local/core/internal/ui/cli","Test":"TestCreationNVRAMCLIResultStages/json/bound"}
{"Time":"2026-09-08T17:57:36.597774889+03:00","Action":"output","Package":"virmill.local/core/internal/ui/cli","Test":"TestCreationNVRAMCLIResultStages/json/bound","Output":"=== RUN   TestCreationNVRAMCLIResultStages/json/bound\n","OutputType":"frame"}
{"Time":"2026-09-08T17:57:36.627334389+03:00","Action":"output","Package":"virmill.local/core/internal/ui/cli","Test":"TestCreationNVRAMCLIResultStages/json/bound","Output":"--- PASS: TestCreationNVRAMCLIResultStages/json/bound (0.03s)\n","OutputType":"frame"}
{"Time":"2026-09-08T17:57:36.62736438+03:00","Action":"pass","Package":"virmill.local/core/internal/ui/cli","Test":"TestCreationNVRAMCLIResultStages/json/bound","Elapsed":0.03}
{"Time":"2026-09-08T17:57:36.627370315+03:00","Action":"run","Package":"virmill.local/core/internal/ui/cli","Test":"TestCreationNVRAMCLIResultStages/json/bound-running"}
{"Time":"2026-09-08T17:57:36.62737184+03:00","Action":"output","Package":"virmill.local/core/internal/ui/cli","Test":"TestCreationNVRAMCLIResultStages/json/bound-running","Output":"=== RUN   TestCreationNVRAMCLIResultStages/json/bound-running\n","OutputType":"frame"}
{"Time":"2026-09-08T17:57:36.65437547+03:00","Action":"output","Package":"virmill.local/core/internal/ui/cli","Test":"TestCreationNVRAMCLIResultStages/json/bound-running","Output":"--- PASS: TestCreationNVRAMCLIResultStages/json/bound-running (0.03s)\n","OutputType":"frame"}
{"Time":"2026-09-08T17:57:36.654403054+03:00","Action":"pass","Package":"virmill.local/core/internal/ui/cli","Test":"TestCreationNVRAMCLIResultStages/json/bound-running","Elapsed":0.03}
{"Time":"2026-09-08T17:57:36.654408125+03:00","Action":"run","Package":"virmill.local/core/internal/ui/cli","Test":"TestCreationNVRAMCLIResultStages/json/pending"}
{"Time":"2026-09-08T17:57:36.654409794+03:00","Action":"output","Package":"virmill.local/core/internal/ui/cli","Test":"TestCreationNVRAMCLIResultStages/json/pending","Output":"=== RUN   TestCreationNVRAMCLIResultStages/json/pending\n","OutputType":"frame"}
{"Time":"2026-09-08T17:57:36.68119143+03:00","Action":"output","Package":"virmill.local/core/internal/ui/cli","Test":"TestCreationNVRAMCLIResultStages/json/pending","Output":"--- PASS: TestCreationNVRAMCLIResultStages/json/pending (0.03s)\n","OutputType":"frame"}
{"Time":"2026-09-08T17:57:36.681219982+03:00","Action":"pass","Package":"virmill.local/core/internal/ui/cli","Test":"TestCreationNVRAMCLIResultStages/json/pending","Elapsed":0.03}
{"Time":"2026-09-08T17:57:36.681227403+03:00","Action":"run","Package":"virmill.local/core/internal/ui/cli","Test":"TestCreationNVRAMCLIResultStages/json/pending-partial"}
{"Time":"2026-09-08T17:57:36.681229242+03:00","Action":"output","Package":"virmill.local/core/internal/ui/cli","Test":"TestCreationNVRAMCLIResultStages/json/pending-partial","Output":"=== RUN   TestCreationNVRAMCLIResultStages/json/pending-partial\n","OutputType":"frame"}
{"Time":"2026-09-08T17:57:36.681455146+03:00","Action":"output","Package":"virmill.local/core/internal/ui/tui","Test":"TestCreationNVRAMTUIReviewAndAuthorization","Output":"--- PASS: TestCreationNVRAMTUIReviewAndAuthorization (0.12s)\n","OutputType":"frame"}
{"Time":"2026-09-08T17:57:36.68147106+03:00","Action":"pass","Package":"virmill.local/core/internal/ui/tui","Test":"TestCreationNVRAMTUIReviewAndAuthorization","Elapsed":0.12}
{"Time":"2026-09-08T17:57:36.681487734+03:00","Action":"run","Package":"virmill.local/core/internal/ui/tui","Test":"TestCreationNVRAMTUIResultStages"}
{"Time":"2026-09-08T17:57:36.681490193+03:00","Action":"output","Package":"virmill.local/core/internal/ui/tui","Test":"TestCreationNVRAMTUIResultStages","Output":"=== RUN   TestCreationNVRAMTUIResultStages\n","OutputType":"frame"}
{"Time":"2026-09-08T17:57:36.681522546+03:00","Action":"run","Package":"virmill.local/core/internal/ui/tui","Test":"TestCreationNVRAMTUIResultStages/bound"}
{"Time":"2026-09-08T17:57:36.681524967+03:00","Action":"output","Package":"virmill.local/core/internal/ui/tui","Test":"TestCreationNVRAMTUIResultStages/bound","Output":"=== RUN   TestCreationNVRAMTUIResultStages/bound\n","OutputType":"frame"}
{"Time":"2026-09-08T17:57:36.706391538+03:00","Action":"output","Package":"virmill.local/core/internal/ui/cli","Test":"TestCreationNVRAMCLIResultStages/json/pending-partial","Output":"--- PASS: TestCreationNVRAMCLIResultStages/json/pending-partial (0.03s)\n","OutputType":"frame"}
{"Time":"2026-09-08T17:57:36.706401984+03:00","Action":"pass","Package":"virmill.local/core/internal/ui/cli","Test":"TestCreationNVRAMCLIResultStages/json/pending-partial","Elapsed":0.03}
{"Time":"2026-09-08T17:57:36.706429103+03:00","Action":"run","Package":"virmill.local/core/internal/ui/cli","Test":"TestCreationNVRAMCLIResultStages/json/legacy-succeeded"}
{"Time":"2026-09-08T17:57:36.706430681+03:00","Action":"output","Package":"virmill.local/core/internal/ui/cli","Test":"TestCreationNVRAMCLIResultStages/json/legacy-succeeded","Output":"=== RUN   TestCreationNVRAMCLIResultStages/json/legacy-succeeded\n","OutputType":"frame"}
{"Time":"2026-09-08T17:57:36.73541957+03:00","Action":"output","Package":"virmill.local/core/internal/ui/tui","Test":"TestCreationNVRAMTUIResultStages/bound","Output":"--- PASS: TestCreationNVRAMTUIResultStages/bound (0.05s)\n","OutputType":"frame"}
{"Time":"2026-09-08T17:57:36.73545534+03:00","Action":"pass","Package":"virmill.local/core/internal/ui/tui","Test":"TestCreationNVRAMTUIResultStages/bound","Elapsed":0.05}
{"Time":"2026-09-08T17:57:36.735508287+03:00","Action":"run","Package":"virmill.local/core/internal/ui/tui","Test":"TestCreationNVRAMTUIResultStages/bound-running"}
{"Time":"2026-09-08T17:57:36.73552275+03:00","Action":"output","Package":"virmill.local/core/internal/ui/tui","Test":"TestCreationNVRAMTUIResultStages/bound-running","Output":"=== RUN   TestCreationNVRAMTUIResultStages/bound-running\n","OutputType":"frame"}
{"Time":"2026-09-08T17:57:36.741694146+03:00","Action":"output","Package":"virmill.local/core/internal/ui/cli","Test":"TestCreationNVRAMCLIResultStages/json/legacy-succeeded","Output":"--- PASS: TestCreationNVRAMCLIResultStages/json/legacy-succeeded (0.04s)\n","OutputType":"frame"}
{"Time":"2026-09-08T17:57:36.741707938+03:00","Action":"pass","Package":"virmill.local/core/internal/ui/cli","Test":"TestCreationNVRAMCLIResultStages/json/legacy-succeeded","Elapsed":0.04}
{"Time":"2026-09-08T17:57:36.741713786+03:00","Action":"run","Package":"virmill.local/core/internal/ui/cli","Test":"TestCreationNVRAMCLIResultStages/json/legacy-pending"}
{"Time":"2026-09-08T17:57:36.741715233+03:00","Action":"output","Package":"virmill.local/core/internal/ui/cli","Test":"TestCreationNVRAMCLIResultStages/json/legacy-pending","Output":"=== RUN   TestCreationNVRAMCLIResultStages/json/legacy-pending\n","OutputType":"frame"}
{"Time":"2026-09-08T17:57:36.777161807+03:00","Action":"output","Package":"virmill.local/core/internal/ui/cli","Test":"TestCreationNVRAMCLIResultStages/json/legacy-pending","Output":"--- PASS: TestCreationNVRAMCLIResultStages/json/legacy-pending (0.04s)\n","OutputType":"frame"}
{"Time":"2026-09-08T17:57:36.777195113+03:00","Action":"pass","Package":"virmill.local/core/internal/ui/cli","Test":"TestCreationNVRAMCLIResultStages/json/legacy-pending","Elapsed":0.04}
{"Time":"2026-09-08T17:57:36.777200831+03:00","Action":"run","Package":"virmill.local/core/internal/ui/cli","Test":"TestCreationNVRAMCLIResultStages/json/missing-binding"}
{"Time":"2026-09-08T17:57:36.777202839+03:00","Action":"output","Package":"virmill.local/core/internal/ui/cli","Test":"TestCreationNVRAMCLIResultStages/json/missing-binding","Output":"=== RUN   TestCreationNVRAMCLIResultStages/json/missing-binding\n","OutputType":"frame"}
{"Time":"2026-09-08T17:57:36.784802057+03:00","Action":"output","Package":"virmill.local/core/internal/ui/tui","Test":"TestCreationNVRAMTUIResultStages/bound-running","Output":"--- PASS: TestCreationNVRAMTUIResultStages/bound-running (0.05s)\n","OutputType":"frame"}
{"Time":"2026-09-08T17:57:36.784820311+03:00","Action":"pass","Package":"virmill.local/core/internal/ui/tui","Test":"TestCreationNVRAMTUIResultStages/bound-running","Elapsed":0.05}
{"Time":"2026-09-08T17:57:36.784825233+03:00","Action":"run","Package":"virmill.local/core/internal/ui/tui","Test":"TestCreationNVRAMTUIResultStages/pending"}
{"Time":"2026-09-08T17:57:36.784826987+03:00","Action":"output","Package":"virmill.local/core/internal/ui/tui","Test":"TestCreationNVRAMTUIResultStages/pending","Output":"=== RUN   TestCreationNVRAMTUIResultStages/pending\n","OutputType":"frame"}
{"Time":"2026-09-08T17:57:36.803070589+03:00","Action":"output","Package":"virmill.local/core/internal/ui/cli","Test":"TestCreationNVRAMCLIResultStages/json/missing-binding","Output":"--- PASS: TestCreationNVRAMCLIResultStages/json/missing-binding (0.03s)\n","OutputType":"frame"}
{"Time":"2026-09-08T17:57:36.80309529+03:00","Action":"pass","Package":"virmill.local/core/internal/ui/cli","Test":"TestCreationNVRAMCLIResultStages/json/missing-binding","Elapsed":0.03}
{"Time":"2026-09-08T17:57:36.803101991+03:00","Action":"run","Package":"virmill.local/core/internal/ui/cli","Test":"TestCreationNVRAMCLIResultStages/json/conflicting-binding"}
{"Time":"2026-09-08T17:57:36.80310348+03:00","Action":"output","Package":"virmill.local/core/internal/ui/cli","Test":"TestCreationNVRAMCLIResultStages/json/conflicting-binding","Output":"=== RUN   TestCreationNVRAMCLIResultStages/json/conflicting-binding\n","OutputType":"frame"}
{"Time":"2026-09-08T17:57:36.816916239+03:00","Action":"output","Package":"virmill.local/core/internal/ui/tui","Test":"TestCreationNVRAMTUIResultStages/pending","Output":"--- PASS: TestCreationNVRAMTUIResultStages/pending (0.03s)\n","OutputType":"frame"}
{"Time":"2026-09-08T17:57:36.81694526+03:00","Action":"pass","Package":"virmill.local/core/internal/ui/tui","Test":"TestCreationNVRAMTUIResultStages/pending","Elapsed":0.03}
{"Time":"2026-09-08T17:57:36.816980469+03:00","Action":"run","Package":"virmill.local/core/internal/ui/tui","Test":"TestCreationNVRAMTUIResultStages/pending-partial"}
{"Time":"2026-09-08T17:57:36.816995334+03:00","Action":"output","Package":"virmill.local/core/internal/ui/tui","Test":"TestCreationNVRAMTUIResultStages/pending-partial","Output":"=== RUN   TestCreationNVRAMTUIResultStages/pending-partial\n","OutputType":"frame"}
{"Time":"2026-09-08T17:57:36.830001785+03:00","Action":"output","Package":"virmill.local/core/internal/ui/cli","Test":"TestCreationNVRAMCLIResultStages/json/conflicting-binding","Output":"--- PASS: TestCreationNVRAMCLIResultStages/json/conflicting-binding (0.03s)\n","OutputType":"frame"}
{"Time":"2026-09-08T17:57:36.830034812+03:00","Action":"pass","Package":"virmill.local/core/internal/ui/cli","Test":"TestCreationNVRAMCLIResultStages/json/conflicting-binding","Elapsed":0.03}
{"Time":"2026-09-08T17:57:36.830040894+03:00","Action":"run","Package":"virmill.local/core/internal/ui/cli","Test":"TestCreationNVRAMCLIResultStages/json/failed-bound"}
{"Time":"2026-09-08T17:57:36.830042696+03:00","Action":"output","Package":"virmill.local/core/internal/ui/cli","Test":"TestCreationNVRAMCLIResultStages/json/failed-bound","Output":"=== RUN   TestCreationNVRAMCLIResultStages/json/failed-bound\n","OutputType":"frame"}
{"Time":"2026-09-08T17:57:36.854279914+03:00","Action":"output","Package":"virmill.local/core/internal/ui/tui","Test":"TestCreationNVRAMTUIResultStages/pending-partial","Output":"--- PASS: TestCreationNVRAMTUIResultStages/pending-partial (0.04s)\n","OutputType":"frame"}
{"Time":"2026-09-08T17:57:36.854308064+03:00","Action":"pass","Package":"virmill.local/core/internal/ui/tui","Test":"TestCreationNVRAMTUIResultStages/pending-partial","Elapsed":0.04}
{"Time":"2026-09-08T17:57:36.854313322+03:00","Action":"run","Package":"virmill.local/core/internal/ui/tui","Test":"TestCreationNVRAMTUIResultStages/legacy-succeeded"}
{"Time":"2026-09-08T17:57:36.854314865+03:00","Action":"output","Package":"virmill.local/core/internal/ui/tui","Test":"TestCreationNVRAMTUIResultStages/legacy-succeeded","Output":"=== RUN   TestCreationNVRAMTUIResultStages/legacy-succeeded\n","OutputType":"frame"}
{"Time":"2026-09-08T17:57:36.858333658+03:00","Action":"output","Package":"virmill.local/core/internal/ui/cli","Test":"TestCreationNVRAMCLIResultStages/json/failed-bound","Output":"--- PASS: TestCreationNVRAMCLIResultStages/json/failed-bound (0.03s)\n","OutputType":"frame"}
{"Time":"2026-09-08T17:57:36.858352214+03:00","Action":"pass","Package":"virmill.local/core/internal/ui/cli","Test":"TestCreationNVRAMCLIResultStages/json/failed-bound","Elapsed":0.03}
{"Time":"2026-09-08T17:57:36.85835677+03:00","Action":"run","Package":"virmill.local/core/internal/ui/cli","Test":"TestCreationNVRAMCLIResultStages/ndjson/bound"}
{"Time":"2026-09-08T17:57:36.85835827+03:00","Action":"output","Package":"virmill.local/core/internal/ui/cli","Test":"TestCreationNVRAMCLIResultStages/ndjson/bound","Output":"=== RUN   TestCreationNVRAMCLIResultStages/ndjson/bound\n","OutputType":"frame"}
{"Time":"2026-09-08T17:57:36.886100626+03:00","Action":"output","Package":"virmill.local/core/internal/ui/cli","Test":"TestCreationNVRAMCLIResultStages/ndjson/bound","Output":"--- PASS: TestCreationNVRAMCLIResultStages/ndjson/bound (0.03s)\n","OutputType":"frame"}
{"Time":"2026-09-08T17:57:36.886130063+03:00","Action":"pass","Package":"virmill.local/core/internal/ui/cli","Test":"TestCreationNVRAMCLIResultStages/ndjson/bound","Elapsed":0.03}
{"Time":"2026-09-08T17:57:36.886138211+03:00","Action":"run","Package":"virmill.local/core/internal/ui/cli","Test":"TestCreationNVRAMCLIResultStages/ndjson/bound-running"}
{"Time":"2026-09-08T17:57:36.886140759+03:00","Action":"output","Package":"virmill.local/core/internal/ui/cli","Test":"TestCreationNVRAMCLIResultStages/ndjson/bound-running","Output":"=== RUN   TestCreationNVRAMCLIResultStages/ndjson/bound-running\n","OutputType":"frame"}
{"Time":"2026-09-08T17:57:36.897550047+03:00","Action":"output","Package":"virmill.local/core/internal/ui/tui","Test":"TestCreationNVRAMTUIResultStages/legacy-succeeded","Output":"--- PASS: TestCreationNVRAMTUIResultStages/legacy-succeeded (0.04s)\n","OutputType":"frame"}
{"Time":"2026-09-08T17:57:36.897585357+03:00","Action":"pass","Package":"virmill.local/core/internal/ui/tui","Test":"TestCreationNVRAMTUIResultStages/legacy-succeeded","Elapsed":0.04}
{"Time":"2026-09-08T17:57:36.897592981+03:00","Action":"run","Package":"virmill.local/core/internal/ui/tui","Test":"TestCreationNVRAMTUIResultStages/legacy-pending"}
{"Time":"2026-09-08T17:57:36.897595629+03:00","Action":"output","Package":"virmill.local/core/internal/ui/tui","Test":"TestCreationNVRAMTUIResultStages/legacy-pending","Output":"=== RUN   TestCreationNVRAMTUIResultStages/legacy-pending\n","OutputType":"frame"}
{"Time":"2026-09-08T17:57:36.916826844+03:00","Action":"output","Package":"virmill.local/core/internal/ui/cli","Test":"TestCreationNVRAMCLIResultStages/ndjson/bound-running","Output":"--- PASS: TestCreationNVRAMCLIResultStages/ndjson/bound-running (0.03s)\n","OutputType":"frame"}
{"Time":"2026-09-08T17:57:36.916857143+03:00","Action":"pass","Package":"virmill.local/core/internal/ui/cli","Test":"TestCreationNVRAMCLIResultStages/ndjson/bound-running","Elapsed":0.03}
{"Time":"2026-09-08T17:57:36.916863348+03:00","Action":"run","Package":"virmill.local/core/internal/ui/cli","Test":"TestCreationNVRAMCLIResultStages/ndjson/pending"}
{"Time":"2026-09-08T17:57:36.916870996+03:00","Action":"output","Package":"virmill.local/core/internal/ui/cli","Test":"TestCreationNVRAMCLIResultStages/ndjson/pending","Output":"=== RUN   TestCreationNVRAMCLIResultStages/ndjson/pending\n","OutputType":"frame"}
{"Time":"2026-09-08T17:57:36.941862413+03:00","Action":"output","Package":"virmill.local/core/internal/ui/cli","Test":"TestCreationNVRAMCLIResultStages/ndjson/pending","Output":"--- PASS: TestCreationNVRAMCLIResultStages/ndjson/pending (0.03s)\n","OutputType":"frame"}
{"Time":"2026-09-08T17:57:36.941895955+03:00","Action":"pass","Package":"virmill.local/core/internal/ui/cli","Test":"TestCreationNVRAMCLIResultStages/ndjson/pending","Elapsed":0.03}
{"Time":"2026-09-08T17:57:36.941905158+03:00","Action":"run","Package":"virmill.local/core/internal/ui/cli","Test":"TestCreationNVRAMCLIResultStages/ndjson/pending-partial"}
{"Time":"2026-09-08T17:57:36.941907933+03:00","Action":"output","Package":"virmill.local/core/internal/ui/cli","Test":"TestCreationNVRAMCLIResultStages/ndjson/pending-partial","Output":"=== RUN   TestCreationNVRAMCLIResultStages/ndjson/pending-partial\n","OutputType":"frame"}
{"Time":"2026-09-08T17:57:36.944988378+03:00","Action":"output","Package":"virmill.local/core/internal/ui/tui","Test":"TestCreationNVRAMTUIResultStages/legacy-pending","Output":"--- PASS: TestCreationNVRAMTUIResultStages/legacy-pending (0.05s)\n","OutputType":"frame"}
{"Time":"2026-09-08T17:57:36.945034883+03:00","Action":"pass","Package":"virmill.local/core/internal/ui/tui","Test":"TestCreationNVRAMTUIResultStages/legacy-pending","Elapsed":0.05}
{"Time":"2026-09-08T17:57:36.945448415+03:00","Action":"run","Package":"virmill.local/core/internal/ui/tui","Test":"TestCreationNVRAMTUIResultStages/missing-binding"}
{"Time":"2026-09-08T17:57:36.945462564+03:00","Action":"output","Package":"virmill.local/core/internal/ui/tui","Test":"TestCreationNVRAMTUIResultStages/missing-binding","Output":"=== RUN   TestCreationNVRAMTUIResultStages/missing-binding\n","OutputType":"frame"}
{"Time":"2026-09-08T17:57:36.968411237+03:00","Action":"output","Package":"virmill.local/core/internal/ui/cli","Test":"TestCreationNVRAMCLIResultStages/ndjson/pending-partial","Output":"--- PASS: TestCreationNVRAMCLIResultStages/ndjson/pending-partial (0.03s)\n","OutputType":"frame"}
{"Time":"2026-09-08T17:57:36.968444455+03:00","Action":"pass","Package":"virmill.local/core/internal/ui/cli","Test":"TestCreationNVRAMCLIResultStages/ndjson/pending-partial","Elapsed":0.03}
{"Time":"2026-09-08T17:57:36.968452676+03:00","Action":"run","Package":"virmill.local/core/internal/ui/cli","Test":"TestCreationNVRAMCLIResultStages/ndjson/legacy-succeeded"}
{"Time":"2026-09-08T17:57:36.968455927+03:00","Action":"output","Package":"virmill.local/core/internal/ui/cli","Test":"TestCreationNVRAMCLIResultStages/ndjson/legacy-succeeded","Output":"=== RUN   TestCreationNVRAMCLIResultStages/ndjson/legacy-succeeded\n","OutputType":"frame"}
{"Time":"2026-09-08T17:57:36.985959068+03:00","Action":"output","Package":"virmill.local/core/internal/ui/tui","Test":"TestCreationNVRAMTUIResultStages/missing-binding","Output":"--- PASS: TestCreationNVRAMTUIResultStages/missing-binding (0.04s)\n","OutputType":"frame"}
{"Time":"2026-09-08T17:57:36.985986458+03:00","Action":"pass","Package":"virmill.local/core/internal/ui/tui","Test":"TestCreationNVRAMTUIResultStages/missing-binding","Elapsed":0.04}
{"Time":"2026-09-08T17:57:36.985991214+03:00","Action":"run","Package":"virmill.local/core/internal/ui/tui","Test":"TestCreationNVRAMTUIResultStages/conflicting-binding"}
{"Time":"2026-09-08T17:57:36.985992961+03:00","Action":"output","Package":"virmill.local/core/internal/ui/tui","Test":"TestCreationNVRAMTUIResultStages/conflicting-binding","Output":"=== RUN   TestCreationNVRAMTUIResultStages/conflicting-binding\n","OutputType":"frame"}
{"Time":"2026-09-08T17:57:37.002399554+03:00","Action":"output","Package":"virmill.local/core/internal/ui/cli","Test":"TestCreationNVRAMCLIResultStages/ndjson/legacy-succeeded","Output":"--- PASS: TestCreationNVRAMCLIResultStages/ndjson/legacy-succeeded (0.03s)\n","OutputType":"frame"}
{"Time":"2026-09-08T17:57:37.002422439+03:00","Action":"pass","Package":"virmill.local/core/internal/ui/cli","Test":"TestCreationNVRAMCLIResultStages/ndjson/legacy-succeeded","Elapsed":0.03}
{"Time":"2026-09-08T17:57:37.002428838+03:00","Action":"run","Package":"virmill.local/core/internal/ui/cli","Test":"TestCreationNVRAMCLIResultStages/ndjson/legacy-pending"}
{"Time":"2026-09-08T17:57:37.0024306+03:00","Action":"output","Package":"virmill.local/core/internal/ui/cli","Test":"TestCreationNVRAMCLIResultStages/ndjson/legacy-pending","Output":"=== RUN   TestCreationNVRAMCLIResultStages/ndjson/legacy-pending\n","OutputType":"frame"}
{"Time":"2026-09-08T17:57:37.027998852+03:00","Action":"output","Package":"virmill.local/core/internal/ui/tui","Test":"TestCreationNVRAMTUIResultStages/conflicting-binding","Output":"--- PASS: TestCreationNVRAMTUIResultStages/conflicting-binding (0.04s)\n","OutputType":"frame"}
{"Time":"2026-09-08T17:57:37.028027594+03:00","Action":"pass","Package":"virmill.local/core/internal/ui/tui","Test":"TestCreationNVRAMTUIResultStages/conflicting-binding","Elapsed":0.04}
{"Time":"2026-09-08T17:57:37.028033051+03:00","Action":"run","Package":"virmill.local/core/internal/ui/tui","Test":"TestCreationNVRAMTUIResultStages/failed-bound"}
{"Time":"2026-09-08T17:57:37.028034685+03:00","Action":"output","Package":"virmill.local/core/internal/ui/tui","Test":"TestCreationNVRAMTUIResultStages/failed-bound","Output":"=== RUN   TestCreationNVRAMTUIResultStages/failed-bound\n","OutputType":"frame"}
{"Time":"2026-09-08T17:57:37.036024758+03:00","Action":"output","Package":"virmill.local/core/internal/ui/cli","Test":"TestCreationNVRAMCLIResultStages/ndjson/legacy-pending","Output":"--- PASS: TestCreationNVRAMCLIResultStages/ndjson/legacy-pending (0.03s)\n","OutputType":"frame"}
{"Time":"2026-09-08T17:57:37.036065359+03:00","Action":"pass","Package":"virmill.local/core/internal/ui/cli","Test":"TestCreationNVRAMCLIResultStages/ndjson/legacy-pending","Elapsed":0.03}
{"Time":"2026-09-08T17:57:37.036071389+03:00","Action":"run","Package":"virmill.local/core/internal/ui/cli","Test":"TestCreationNVRAMCLIResultStages/ndjson/missing-binding"}
{"Time":"2026-09-08T17:57:37.036073295+03:00","Action":"output","Package":"virmill.local/core/internal/ui/cli","Test":"TestCreationNVRAMCLIResultStages/ndjson/missing-binding","Output":"=== RUN   TestCreationNVRAMCLIResultStages/ndjson/missing-binding\n","OutputType":"frame"}
{"Time":"2026-09-08T17:57:37.062654873+03:00","Action":"output","Package":"virmill.local/core/internal/ui/cli","Test":"TestCreationNVRAMCLIResultStages/ndjson/missing-binding","Output":"--- PASS: TestCreationNVRAMCLIResultStages/ndjson/missing-binding (0.03s)\n","OutputType":"frame"}
{"Time":"2026-09-08T17:57:37.062691009+03:00","Action":"pass","Package":"virmill.local/core/internal/ui/cli","Test":"TestCreationNVRAMCLIResultStages/ndjson/missing-binding","Elapsed":0.03}
{"Time":"2026-09-08T17:57:37.062700444+03:00","Action":"run","Package":"virmill.local/core/internal/ui/cli","Test":"TestCreationNVRAMCLIResultStages/ndjson/conflicting-binding"}
{"Time":"2026-09-08T17:57:37.062702824+03:00","Action":"output","Package":"virmill.local/core/internal/ui/cli","Test":"TestCreationNVRAMCLIResultStages/ndjson/conflicting-binding","Output":"=== RUN   TestCreationNVRAMCLIResultStages/ndjson/conflicting-binding\n","OutputType":"frame"}
{"Time":"2026-09-08T17:57:37.080246387+03:00","Action":"output","Package":"virmill.local/core/internal/ui/tui","Test":"TestCreationNVRAMTUIResultStages/failed-bound","Output":"--- PASS: TestCreationNVRAMTUIResultStages/failed-bound (0.05s)\n","OutputType":"frame"}
{"Time":"2026-09-08T17:57:37.080288257+03:00","Action":"pass","Package":"virmill.local/core/internal/ui/tui","Test":"TestCreationNVRAMTUIResultStages/failed-bound","Elapsed":0.05}
{"Time":"2026-09-08T17:57:37.080299502+03:00","Action":"output","Package":"virmill.local/core/internal/ui/tui","Test":"TestCreationNVRAMTUIResultStages","Output":"--- PASS: TestCreationNVRAMTUIResultStages (0.40s)\n","OutputType":"frame"}
{"Time":"2026-09-08T17:57:37.080303306+03:00","Action":"pass","Package":"virmill.local/core/internal/ui/tui","Test":"TestCreationNVRAMTUIResultStages","Elapsed":0.4}
{"Time":"2026-09-08T17:57:37.080306471+03:00","Action":"run","Package":"virmill.local/core/internal/ui/tui","Test":"TestCreationNVRAMTUIFailedObservationDiscardsPriorSuccess"}
{"Time":"2026-09-08T17:57:37.080308889+03:00","Action":"output","Package":"virmill.local/core/internal/ui/tui","Test":"TestCreationNVRAMTUIFailedObservationDiscardsPriorSuccess","Output":"=== RUN   TestCreationNVRAMTUIFailedObservationDiscardsPriorSuccess\n","OutputType":"frame"}
{"Time":"2026-09-08T17:57:37.08033885+03:00","Action":"run","Package":"virmill.local/core/internal/ui/tui","Test":"TestCreationNVRAMTUIFailedObservationDiscardsPriorSuccess/cancellation"}
{"Time":"2026-09-08T17:57:37.080343225+03:00","Action":"output","Package":"virmill.local/core/internal/ui/tui","Test":"TestCreationNVRAMTUIFailedObservationDiscardsPriorSuccess/cancellation","Output":"=== RUN   TestCreationNVRAMTUIFailedObservationDiscardsPriorSuccess/cancellation\n","OutputType":"frame"}
{"Time":"2026-09-08T17:57:37.088818719+03:00","Action":"output","Package":"virmill.local/core/internal/ui/cli","Test":"TestCreationNVRAMCLIResultStages/ndjson/conflicting-binding","Output":"--- PASS: TestCreationNVRAMCLIResultStages/ndjson/conflicting-binding (0.03s)\n","OutputType":"frame"}
{"Time":"2026-09-08T17:57:37.08884604+03:00","Action":"pass","Package":"virmill.local/core/internal/ui/cli","Test":"TestCreationNVRAMCLIResultStages/ndjson/conflicting-binding","Elapsed":0.03}
{"Time":"2026-09-08T17:57:37.088857319+03:00","Action":"run","Package":"virmill.local/core/internal/ui/cli","Test":"TestCreationNVRAMCLIResultStages/ndjson/failed-bound"}
{"Time":"2026-09-08T17:57:37.088859139+03:00","Action":"output","Package":"virmill.local/core/internal/ui/cli","Test":"TestCreationNVRAMCLIResultStages/ndjson/failed-bound","Output":"=== RUN   TestCreationNVRAMCLIResultStages/ndjson/failed-bound\n","OutputType":"frame"}
{"Time":"2026-09-08T17:57:37.10921157+03:00","Action":"output","Package":"virmill.local/core/internal/ui/tui","Test":"TestCreationNVRAMTUIFailedObservationDiscardsPriorSuccess/cancellation","Output":"--- PASS: TestCreationNVRAMTUIFailedObservationDiscardsPriorSuccess/cancellation (0.03s)\n","OutputType":"frame"}
{"Time":"2026-09-08T17:57:37.109243446+03:00","Action":"pass","Package":"virmill.local/core/internal/ui/tui","Test":"TestCreationNVRAMTUIFailedObservationDiscardsPriorSuccess/cancellation","Elapsed":0.03}
{"Time":"2026-09-08T17:57:37.109253924+03:00","Action":"run","Package":"virmill.local/core/internal/ui/tui","Test":"TestCreationNVRAMTUIFailedObservationDiscardsPriorSuccess/transport"}
{"Time":"2026-09-08T17:57:37.109256191+03:00","Action":"output","Package":"virmill.local/core/internal/ui/tui","Test":"TestCreationNVRAMTUIFailedObservationDiscardsPriorSuccess/transport","Output":"=== RUN   TestCreationNVRAMTUIFailedObservationDiscardsPriorSuccess/transport\n","OutputType":"frame"}
{"Time":"2026-09-08T17:57:37.117660576+03:00","Action":"output","Package":"virmill.local/core/internal/ui/cli","Test":"TestCreationNVRAMCLIResultStages/ndjson/failed-bound","Output":"--- PASS: TestCreationNVRAMCLIResultStages/ndjson/failed-bound (0.03s)\n","OutputType":"frame"}
{"Time":"2026-09-08T17:57:37.117671204+03:00","Action":"pass","Package":"virmill.local/core/internal/ui/cli","Test":"TestCreationNVRAMCLIResultStages/ndjson/failed-bound","Elapsed":0.03}
{"Time":"2026-09-08T17:57:37.117686889+03:00","Action":"output","Package":"virmill.local/core/internal/ui/cli","Test":"TestCreationNVRAMCLIResultStages","Output":"--- PASS: TestCreationNVRAMCLIResultStages (0.83s)\n","OutputType":"frame"}
{"Time":"2026-09-08T17:57:37.117697161+03:00","Action":"pass","Package":"virmill.local/core/internal/ui/cli","Test":"TestCreationNVRAMCLIResultStages","Elapsed":0.83}
{"Time":"2026-09-08T17:57:37.117711866+03:00","Action":"run","Package":"virmill.local/core/internal/ui/cli","Test":"TestCreationNVRAMCLIFailedObservationDiscardsPriorSuccess"}
{"Time":"2026-09-08T17:57:37.1177136+03:00","Action":"output","Package":"virmill.local/core/internal/ui/cli","Test":"TestCreationNVRAMCLIFailedObservationDiscardsPriorSuccess","Output":"=== RUN   TestCreationNVRAMCLIFailedObservationDiscardsPriorSuccess\n","OutputType":"frame"}
{"Time":"2026-09-08T17:57:37.117735742+03:00","Action":"run","Package":"virmill.local/core/internal/ui/cli","Test":"TestCreationNVRAMCLIFailedObservationDiscardsPriorSuccess/cancellation"}
{"Time":"2026-09-08T17:57:37.117737707+03:00","Action":"output","Package":"virmill.local/core/internal/ui/cli","Test":"TestCreationNVRAMCLIFailedObservationDiscardsPriorSuccess/cancellation","Output":"=== RUN   TestCreationNVRAMCLIFailedObservationDiscardsPriorSuccess/cancellation\n","OutputType":"frame"}
{"Time":"2026-09-08T17:57:37.140194324+03:00","Action":"output","Package":"virmill.local/core/internal/ui/tui","Test":"TestCreationNVRAMTUIFailedObservationDiscardsPriorSuccess/transport","Output":"--- PASS: TestCreationNVRAMTUIFailedObservationDiscardsPriorSuccess/transport (0.03s)\n","OutputType":"frame"}
{"Time":"2026-09-08T17:57:37.14021521+03:00","Action":"pass","Package":"virmill.local/core/internal/ui/tui","Test":"TestCreationNVRAMTUIFailedObservationDiscardsPriorSuccess/transport","Elapsed":0.03}
{"Time":"2026-09-08T17:57:37.140219751+03:00","Action":"run","Package":"virmill.local/core/internal/ui/tui","Test":"TestCreationNVRAMTUIFailedObservationDiscardsPriorSuccess/missing-job"}
{"Time":"2026-09-08T17:57:37.140225452+03:00","Action":"output","Package":"virmill.local/core/internal/ui/tui","Test":"TestCreationNVRAMTUIFailedObservationDiscardsPriorSuccess/missing-job","Output":"=== RUN   TestCreationNVRAMTUIFailedObservationDiscardsPriorSuccess/missing-job\n","OutputType":"frame"}
{"Time":"2026-09-08T17:57:37.14881042+03:00","Action":"output","Package":"virmill.local/core/internal/ui/cli","Test":"TestCreationNVRAMCLIFailedObservationDiscardsPriorSuccess/cancellation","Output":"--- PASS: TestCreationNVRAMCLIFailedObservationDiscardsPriorSuccess/cancellation (0.03s)\n","OutputType":"frame"}
{"Time":"2026-09-08T17:57:37.148826615+03:00","Action":"pass","Package":"virmill.local/core/internal/ui/cli","Test":"TestCreationNVRAMCLIFailedObservationDiscardsPriorSuccess/cancellation","Elapsed":0.03}
{"Time":"2026-09-08T17:57:37.14883011+03:00","Action":"run","Package":"virmill.local/core/internal/ui/cli","Test":"TestCreationNVRAMCLIFailedObservationDiscardsPriorSuccess/transport"}
{"Time":"2026-09-08T17:57:37.148831407+03:00","Action":"output","Package":"virmill.local/core/internal/ui/cli","Test":"TestCreationNVRAMCLIFailedObservationDiscardsPriorSuccess/transport","Output":"=== RUN   TestCreationNVRAMCLIFailedObservationDiscardsPriorSuccess/transport\n","OutputType":"frame"}
{"Time":"2026-09-08T17:57:37.175327028+03:00","Action":"output","Package":"virmill.local/core/internal/ui/cli","Test":"TestCreationNVRAMCLIFailedObservationDiscardsPriorSuccess/transport","Output":"--- PASS: TestCreationNVRAMCLIFailedObservationDiscardsPriorSuccess/transport (0.03s)\n","OutputType":"frame"}
{"Time":"2026-09-08T17:57:37.175389246+03:00","Action":"pass","Package":"virmill.local/core/internal/ui/cli","Test":"TestCreationNVRAMCLIFailedObservationDiscardsPriorSuccess/transport","Elapsed":0.03}
{"Time":"2026-09-08T17:57:37.175397575+03:00","Action":"run","Package":"virmill.local/core/internal/ui/cli","Test":"TestCreationNVRAMCLIFailedObservationDiscardsPriorSuccess/missing-job"}
{"Time":"2026-09-08T17:57:37.175399342+03:00","Action":"output","Package":"virmill.local/core/internal/ui/cli","Test":"TestCreationNVRAMCLIFailedObservationDiscardsPriorSuccess/missing-job","Output":"=== RUN   TestCreationNVRAMCLIFailedObservationDiscardsPriorSuccess/missing-job\n","OutputType":"frame"}
{"Time":"2026-09-08T17:57:37.176283578+03:00","Action":"output","Package":"virmill.local/core/internal/ui/tui","Test":"TestCreationNVRAMTUIFailedObservationDiscardsPriorSuccess/missing-job","Output":"--- PASS: TestCreationNVRAMTUIFailedObservationDiscardsPriorSuccess/missing-job (0.04s)\n","OutputType":"frame"}
{"Time":"2026-09-08T17:57:37.176308509+03:00","Action":"pass","Package":"virmill.local/core/internal/ui/tui","Test":"TestCreationNVRAMTUIFailedObservationDiscardsPriorSuccess/missing-job","Elapsed":0.04}
{"Time":"2026-09-08T17:57:37.176350746+03:00","Action":"output","Package":"virmill.local/core/internal/ui/tui","Test":"TestCreationNVRAMTUIFailedObservationDiscardsPriorSuccess","Output":"--- PASS: TestCreationNVRAMTUIFailedObservationDiscardsPriorSuccess (0.10s)\n","OutputType":"frame"}
{"Time":"2026-09-08T17:57:37.176364477+03:00","Action":"pass","Package":"virmill.local/core/internal/ui/tui","Test":"TestCreationNVRAMTUIFailedObservationDiscardsPriorSuccess","Elapsed":0.1}
{"Time":"2026-09-08T17:57:37.176377653+03:00","Action":"run","Package":"virmill.local/core/internal/ui/tui","Test":"TestCreationNVRAMTUINewUEFIRequiresInspectionCapability"}
{"Time":"2026-09-08T17:57:37.176379561+03:00","Action":"output","Package":"virmill.local/core/internal/ui/tui","Test":"TestCreationNVRAMTUINewUEFIRequiresInspectionCapability","Output":"=== RUN   TestCreationNVRAMTUINewUEFIRequiresInspectionCapability\n","OutputType":"frame"}
{"Time":"2026-09-08T17:57:37.180219921+03:00","Action":"output","Package":"virmill.local/core/internal/ui/tui","Test":"TestCreationNVRAMTUINewUEFIRequiresInspectionCapability","Output":"--- PASS: TestCreationNVRAMTUINewUEFIRequiresInspectionCapability (0.00s)\n","OutputType":"frame"}
{"Time":"2026-09-08T17:57:37.180228992+03:00","Action":"pass","Package":"virmill.local/core/internal/ui/tui","Test":"TestCreationNVRAMTUINewUEFIRequiresInspectionCapability","Elapsed":0}
{"Time":"2026-09-08T17:57:37.180241565+03:00","Action":"run","Package":"virmill.local/core/internal/ui/tui","Test":"TestGuestReadinessTUIExactObservationAndNoApplicationClaim"}
{"Time":"2026-09-08T17:57:37.1802488+03:00","Action":"output","Package":"virmill.local/core/internal/ui/tui","Test":"TestGuestReadinessTUIExactObservationAndNoApplicationClaim","Output":"=== RUN   TestGuestReadinessTUIExactObservationAndNoApplicationClaim\n","OutputType":"frame"}
{"Time":"2026-09-08T17:57:37.180262602+03:00","Action":"run","Package":"virmill.local/core/internal/ui/tui","Test":"TestGuestReadinessTUIExactObservationAndNoApplicationClaim/qemu:///session/responsive"}
{"Time":"2026-09-08T17:57:37.180264174+03:00","Action":"output","Package":"virmill.local/core/internal/ui/tui","Test":"TestGuestReadinessTUIExactObservationAndNoApplicationClaim/qemu:///session/responsive","Output":"=== RUN   TestGuestReadinessTUIExactObservationAndNoApplicationClaim/qemu:///session/responsive\n","OutputType":"frame"}
{"Time":"2026-09-08T17:57:37.200176055+03:00","Action":"output","Package":"virmill.local/core/internal/ui/tui","Test":"TestGuestReadinessTUIExactObservationAndNoApplicationClaim/qemu:///session/responsive","Output":"--- PASS: TestGuestReadinessTUIExactObservationAndNoApplicationClaim/qemu:///session/responsive (0.02s)\n","OutputType":"frame"}
{"Time":"2026-09-08T17:57:37.200194715+03:00","Action":"pass","Package":"virmill.local/core/internal/ui/tui","Test":"TestGuestReadinessTUIExactObservationAndNoApplicationClaim/qemu:///session/responsive","Elapsed":0.02}
{"Time":"2026-09-08T17:57:37.200199045+03:00","Action":"run","Package":"virmill.local/core/internal/ui/tui","Test":"TestGuestReadinessTUIExactObservationAndNoApplicationClaim/qemu:///session/unresponsive"}
{"Time":"2026-09-08T17:57:37.200200376+03:00","Action":"output","Package":"virmill.local/core/internal/ui/tui","Test":"TestGuestReadinessTUIExactObservationAndNoApplicationClaim/qemu:///session/unresponsive","Output":"=== RUN   TestGuestReadinessTUIExactObservationAndNoApplicationClaim/qemu:///session/unresponsive\n","OutputType":"frame"}
{"Time":"2026-09-08T17:57:37.203121365+03:00","Action":"output","Package":"virmill.local/core/internal/ui/cli","Test":"TestCreationNVRAMCLIFailedObservationDiscardsPriorSuccess/missing-job","Output":"--- PASS: TestCreationNVRAMCLIFailedObservationDiscardsPriorSuccess/missing-job (0.03s)\n","OutputType":"frame"}
{"Time":"2026-09-08T17:57:37.203136589+03:00","Action":"pass","Package":"virmill.local/core/internal/ui/cli","Test":"TestCreationNVRAMCLIFailedObservationDiscardsPriorSuccess/missing-job","Elapsed":0.03}
{"Time":"2026-09-08T17:57:37.20317256+03:00","Action":"output","Package":"virmill.local/core/internal/ui/cli","Test":"TestCreationNVRAMCLIFailedObservationDiscardsPriorSuccess","Output":"--- PASS: TestCreationNVRAMCLIFailedObservationDiscardsPriorSuccess (0.09s)\n","OutputType":"frame"}
{"Time":"2026-09-08T17:57:37.203183058+03:00","Action":"pass","Package":"virmill.local/core/internal/ui/cli","Test":"TestCreationNVRAMCLIFailedObservationDiscardsPriorSuccess","Elapsed":0.09}
{"Time":"2026-09-08T17:57:37.20320194+03:00","Action":"run","Package":"virmill.local/core/internal/ui/cli","Test":"TestCreationNVRAMCLINewUEFIRequiresInspectionCapability"}
{"Time":"2026-09-08T17:57:37.203205482+03:00","Action":"output","Package":"virmill.local/core/internal/ui/cli","Test":"TestCreationNVRAMCLINewUEFIRequiresInspectionCapability","Output":"=== RUN   TestCreationNVRAMCLINewUEFIRequiresInspectionCapability\n","OutputType":"frame"}
{"Time":"2026-09-08T17:57:37.206914592+03:00","Action":"output","Package":"virmill.local/core/internal/ui/cli","Test":"TestCreationNVRAMCLINewUEFIRequiresInspectionCapability","Output":"--- PASS: TestCreationNVRAMCLINewUEFIRequiresInspectionCapability (0.00s)\n","OutputType":"frame"}
{"Time":"2026-09-08T17:57:37.206924806+03:00","Action":"pass","Package":"virmill.local/core/internal/ui/cli","Test":"TestCreationNVRAMCLINewUEFIRequiresInspectionCapability","Elapsed":0}
{"Time":"2026-09-08T17:57:37.206938664+03:00","Action":"run","Package":"virmill.local/core/internal/ui/cli","Test":"TestNDJSONFollowDrainsTerminalEventAndPreservesResumeCursor"}
{"Time":"2026-09-08T17:57:37.206940312+03:00","Action":"output","Package":"virmill.local/core/internal/ui/cli","Test":"TestNDJSONFollowDrainsTerminalEventAndPreservesResumeCursor","Output":"=== RUN   TestNDJSONFollowDrainsTerminalEventAndPreservesResumeCursor\n","OutputType":"frame"}
{"Time":"2026-09-08T17:57:37.209818596+03:00","Action":"output","Package":"virmill.local/core/internal/ui/cli","Test":"TestNDJSONFollowDrainsTerminalEventAndPreservesResumeCursor","Output":"--- PASS: TestNDJSONFollowDrainsTerminalEventAndPreservesResumeCursor (0.00s)\n","OutputType":"frame"}
{"Time":"2026-09-08T17:57:37.20982863+03:00","Action":"pass","Package":"virmill.local/core/internal/ui/cli","Test":"TestNDJSONFollowDrainsTerminalEventAndPreservesResumeCursor","Elapsed":0}
{"Time":"2026-09-08T17:57:37.209834956+03:00","Action":"run","Package":"virmill.local/core/internal/ui/cli","Test":"TestNDJSONFollowDrainsFullBoundedBatches"}
{"Time":"2026-09-08T17:57:37.209838062+03:00","Action":"output","Package":"virmill.local/core/internal/ui/cli","Test":"TestNDJSONFollowDrainsFullBoundedBatches","Output":"=== RUN   TestNDJSONFollowDrainsFullBoundedBatches\n","OutputType":"frame"}
{"Time":"2026-09-08T17:57:37.22477541+03:00","Action":"output","Package":"virmill.local/core/internal/ui/tui","Test":"TestGuestReadinessTUIExactObservationAndNoApplicationClaim/qemu:///session/unresponsive","Output":"--- PASS: TestGuestReadinessTUIExactObservationAndNoApplicationClaim/qemu:///session/unresponsive (0.02s)\n","OutputType":"frame"}
{"Time":"2026-09-08T17:57:37.224801991+03:00","Action":"pass","Package":"virmill.local/core/internal/ui/tui","Test":"TestGuestReadinessTUIExactObservationAndNoApplicationClaim/qemu:///session/unresponsive","Elapsed":0.02}
{"Time":"2026-09-08T17:57:37.224856513+03:00","Action":"run","Package":"virmill.local/core/internal/ui/tui","Test":"TestGuestReadinessTUIExactObservationAndNoApplicationClaim/qemu:///session/disconnected"}
{"Time":"2026-09-08T17:57:37.224859812+03:00","Action":"output","Package":"virmill.local/core/internal/ui/tui","Test":"TestGuestReadinessTUIExactObservationAndNoApplicationClaim/qemu:///session/disconnected","Output":"=== RUN   TestGuestReadinessTUIExactObservationAndNoApplicationClaim/qemu:///session/disconnected\n","OutputType":"frame"}
{"Time":"2026-09-08T17:57:37.250688818+03:00","Action":"output","Package":"virmill.local/core/internal/ui/tui","Test":"TestGuestReadinessTUIExactObservationAndNoApplicationClaim/qemu:///session/disconnected","Output":"--- PASS: TestGuestReadinessTUIExactObservationAndNoApplicationClaim/qemu:///session/disconnected (0.03s)\n","OutputType":"frame"}
{"Time":"2026-09-08T17:57:37.250709244+03:00","Action":"pass","Package":"virmill.local/core/internal/ui/tui","Test":"TestGuestReadinessTUIExactObservationAndNoApplicationClaim/qemu:///session/disconnected","Elapsed":0.03}
{"Time":"2026-09-08T17:57:37.25071366+03:00","Action":"run","Package":"virmill.local/core/internal/ui/tui","Test":"TestGuestReadinessTUIExactObservationAndNoApplicationClaim/qemu:///session/absent"}
{"Time":"2026-09-08T17:57:37.250715267+03:00","Action":"output","Package":"virmill.local/core/internal/ui/tui","Test":"TestGuestReadinessTUIExactObservationAndNoApplicationClaim/qemu:///session/absent","Output":"=== RUN   TestGuestReadinessTUIExactObservationAndNoApplicationClaim/qemu:///session/absent\n","OutputType":"frame"}
{"Time":"2026-09-08T17:57:37.271648338+03:00","Action":"output","Package":"virmill.local/core/internal/ui/tui","Test":"TestGuestReadinessTUIExactObservationAndNoApplicationClaim/qemu:///session/absent","Output":"--- PASS: TestGuestReadinessTUIExactObservationAndNoApplicationClaim/qemu:///session/absent (0.02s)\n","OutputType":"frame"}
{"Time":"2026-09-08T17:57:37.271673902+03:00","Action":"pass","Package":"virmill.local/core/internal/ui/tui","Test":"TestGuestReadinessTUIExactObservationAndNoApplicationClaim/qemu:///session/absent","Elapsed":0.02}
{"Time":"2026-09-08T17:57:37.271678372+03:00","Action":"run","Package":"virmill.local/core/internal/ui/tui","Test":"TestGuestReadinessTUIExactObservationAndNoApplicationClaim/qemu:///session/unknown"}
{"Time":"2026-09-08T17:57:37.271680077+03:00","Action":"output","Package":"virmill.local/core/internal/ui/tui","Test":"TestGuestReadinessTUIExactObservationAndNoApplicationClaim/qemu:///session/unknown","Output":"=== RUN   TestGuestReadinessTUIExactObservationAndNoApplicationClaim/qemu:///session/unknown\n","OutputType":"frame"}
{"Time":"2026-09-08T17:57:37.293056929+03:00","Action":"output","Package":"virmill.local/core/internal/ui/tui","Test":"TestGuestReadinessTUIExactObservationAndNoApplicationClaim/qemu:///session/unknown","Output":"--- PASS: TestGuestReadinessTUIExactObservationAndNoApplicationClaim/qemu:///session/unknown (0.02s)\n","OutputType":"frame"}
{"Time":"2026-09-08T17:57:37.293075246+03:00","Action":"pass","Package":"virmill.local/core/internal/ui/tui","Test":"TestGuestReadinessTUIExactObservationAndNoApplicationClaim/qemu:///session/unknown","Elapsed":0.02}
{"Time":"2026-09-08T17:57:37.293082572+03:00","Action":"run","Package":"virmill.local/core/internal/ui/tui","Test":"TestGuestReadinessTUIExactObservationAndNoApplicationClaim/qemu:///system/responsive"}
{"Time":"2026-09-08T17:57:37.293084594+03:00","Action":"output","Package":"virmill.local/core/internal/ui/tui","Test":"TestGuestReadinessTUIExactObservationAndNoApplicationClaim/qemu:///system/responsive","Output":"=== RUN   TestGuestReadinessTUIExactObservationAndNoApplicationClaim/qemu:///system/responsive\n","OutputType":"frame"}
{"Time":"2026-09-08T17:57:37.313142924+03:00","Action":"output","Package":"virmill.local/core/internal/ui/tui","Test":"TestGuestReadinessTUIExactObservationAndNoApplicationClaim/qemu:///system/responsive","Output":"--- PASS: TestGuestReadinessTUIExactObservationAndNoApplicationClaim/qemu:///system/responsive (0.02s)\n","OutputType":"frame"}
{"Time":"2026-09-08T17:57:37.31316507+03:00","Action":"pass","Package":"virmill.local/core/internal/ui/tui","Test":"TestGuestReadinessTUIExactObservationAndNoApplicationClaim/qemu:///system/responsive","Elapsed":0.02}
{"Time":"2026-09-08T17:57:37.313175013+03:00","Action":"run","Package":"virmill.local/core/internal/ui/tui","Test":"TestGuestReadinessTUIExactObservationAndNoApplicationClaim/qemu:///system/unresponsive"}
{"Time":"2026-09-08T17:57:37.313176903+03:00","Action":"output","Package":"virmill.local/core/internal/ui/tui","Test":"TestGuestReadinessTUIExactObservationAndNoApplicationClaim/qemu:///system/unresponsive","Output":"=== RUN   TestGuestReadinessTUIExactObservationAndNoApplicationClaim/qemu:///system/unresponsive\n","OutputType":"frame"}
{"Time":"2026-09-08T17:57:37.326497591+03:00","Action":"output","Package":"virmill.local/core/internal/ui/cli","Test":"TestNDJSONFollowDrainsFullBoundedBatches","Output":"--- PASS: TestNDJSONFollowDrainsFullBoundedBatches (0.12s)\n","OutputType":"frame"}
{"Time":"2026-09-08T17:57:37.326510698+03:00","Action":"pass","Package":"virmill.local/core/internal/ui/cli","Test":"TestNDJSONFollowDrainsFullBoundedBatches","Elapsed":0.12}
{"Time":"2026-09-08T17:57:37.326537493+03:00","Action":"run","Package":"virmill.local/core/internal/ui/cli","Test":"TestNDJSONFollowRefusesEntireAmbiguousBatch"}
{"Time":"2026-09-08T17:57:37.326539156+03:00","Action":"output","Package":"virmill.local/core/internal/ui/cli","Test":"TestNDJSONFollowRefusesEntireAmbiguousBatch","Output":"=== RUN   TestNDJSONFollowRefusesEntireAmbiguousBatch\n","OutputType":"frame"}
{"Time":"2026-09-08T17:57:37.337256544+03:00","Action":"output","Package":"virmill.local/core/internal/ui/tui","Test":"TestGuestReadinessTUIExactObservationAndNoApplicationClaim/qemu:///system/unresponsive","Output":"--- PASS: TestGuestReadinessTUIExactObservationAndNoApplicationClaim/qemu:///system/unresponsive (0.02s)\n","OutputType":"frame"}
{"Time":"2026-09-08T17:57:37.337288139+03:00","Action":"pass","Package":"virmill.local/core/internal/ui/tui","Test":"TestGuestReadinessTUIExactObservationAndNoApplicationClaim/qemu:///system/unresponsive","Elapsed":0.02}
{"Time":"2026-09-08T17:57:37.337296136+03:00","Action":"run","Package":"virmill.local/core/internal/ui/tui","Test":"TestGuestReadinessTUIExactObservationAndNoApplicationClaim/qemu:///system/disconnected"}
{"Time":"2026-09-08T17:57:37.337299155+03:00","Action":"output","Package":"virmill.local/core/internal/ui/tui","Test":"TestGuestReadinessTUIExactObservationAndNoApplicationClaim/qemu:///system/disconnected","Output":"=== RUN   TestGuestReadinessTUIExactObservationAndNoApplicationClaim/qemu:///system/disconnected\n","OutputType":"frame"}
{"Time":"2026-09-08T17:57:37.339934644+03:00","Action":"run","Package":"virmill.local/core/internal/ui/cli","Test":"TestNDJSONFollowRefusesEntireAmbiguousBatch/foreign-job"}
{"Time":"2026-09-08T17:57:37.339948302+03:00","Action":"output","Package":"virmill.local/core/internal/ui/cli","Test":"TestNDJSONFollowRefusesEntireAmbiguousBatch/foreign-job","Output":"=== RUN   TestNDJSONFollowRefusesEntireAmbiguousBatch/foreign-job\n","OutputType":"frame"}
{"Time":"2026-09-08T17:57:37.341423281+03:00","Action":"output","Package":"virmill.local/core/internal/ui/cli","Test":"TestNDJSONFollowRefusesEntireAmbiguousBatch/foreign-job","Output":"--- PASS: TestNDJSONFollowRefusesEntireAmbiguousBatch/foreign-job (0.00s)\n","OutputType":"frame"}
{"Time":"2026-09-08T17:57:37.341437613+03:00","Action":"pass","Package":"virmill.local/core/internal/ui/cli","Test":"TestNDJSONFollowRefusesEntireAmbiguousBatch/foreign-job","Elapsed":0}
{"Time":"2026-09-08T17:57:37.341455702+03:00","Action":"run","Package":"virmill.local/core/internal/ui/cli","Test":"TestNDJSONFollowRefusesEntireAmbiguousBatch/duplicate"}
{"Time":"2026-09-08T17:57:37.341457201+03:00","Action":"output","Package":"virmill.local/core/internal/ui/cli","Test":"TestNDJSONFollowRefusesEntireAmbiguousBatch/duplicate","Output":"=== RUN   TestNDJSONFollowRefusesEntireAmbiguousBatch/duplicate\n","OutputType":"frame"}
{"Time":"2026-09-08T17:57:37.342708876+03:00","Action":"output","Package":"virmill.local/core/internal/ui/cli","Test":"TestNDJSONFollowRefusesEntireAmbiguousBatch/duplicate","Output":"--- PASS: TestNDJSONFollowRefusesEntireAmbiguousBatch/duplicate (0.00s)\n","OutputType":"frame"}
{"Time":"2026-09-08T17:57:37.342721882+03:00","Action":"pass","Package":"virmill.local/core/internal/ui/cli","Test":"TestNDJSONFollowRefusesEntireAmbiguousBatch/duplicate","Elapsed":0}
{"Time":"2026-09-08T17:57:37.342724652+03:00","Action":"run","Package":"virmill.local/core/internal/ui/cli","Test":"TestNDJSONFollowRefusesEntireAmbiguousBatch/object"}
{"Time":"2026-09-08T17:57:37.342730341+03:00","Action":"output","Package":"virmill.local/core/internal/ui/cli","Test":"TestNDJSONFollowRefusesEntireAmbiguousBatch/object","Output":"=== RUN   TestNDJSONFollowRefusesEntireAmbiguousBatch/object\n","OutputType":"frame"}
{"Time":"2026-09-08T17:57:37.344160689+03:00","Action":"output","Package":"virmill.local/core/internal/ui/cli","Test":"TestNDJSONFollowRefusesEntireAmbiguousBatch/object","Output":"--- PASS: TestNDJSONFollowRefusesEntireAmbiguousBatch/object (0.00s)\n","OutputType":"frame"}
{"Time":"2026-09-08T17:57:37.344172977+03:00","Action":"pass","Package":"virmill.local/core/internal/ui/cli","Test":"TestNDJSONFollowRefusesEntireAmbiguousBatch/object","Elapsed":0}
{"Time":"2026-09-08T17:57:37.34419153+03:00","Action":"run","Package":"virmill.local/core/internal/ui/cli","Test":"TestNDJSONFollowRefusesEntireAmbiguousBatch/foreign-version"}
{"Time":"2026-09-08T17:57:37.344194675+03:00","Action":"output","Package":"virmill.local/core/internal/ui/cli","Test":"TestNDJSONFollowRefusesEntireAmbiguousBatch/foreign-version","Output":"=== RUN   TestNDJSONFollowRefusesEntireAmbiguousBatch/foreign-version\n","OutputType":"frame"}
{"Time":"2026-09-08T17:57:37.345502887+03:00","Action":"output","Package":"virmill.local/core/internal/ui/cli","Test":"TestNDJSONFollowRefusesEntireAmbiguousBatch/foreign-version","Output":"--- PASS: TestNDJSONFollowRefusesEntireAmbiguousBatch/foreign-version (0.00s)\n","OutputType":"frame"}
{"Time":"2026-09-08T17:57:37.345514541+03:00","Action":"pass","Package":"virmill.local/core/internal/ui/cli","Test":"TestNDJSONFollowRefusesEntireAmbiguousBatch/foreign-version","Elapsed":0}
{"Time":"2026-09-08T17:57:37.345530103+03:00","Action":"run","Package":"virmill.local/core/internal/ui/cli","Test":"TestNDJSONFollowRefusesEntireAmbiguousBatch/missing-time"}
{"Time":"2026-09-08T17:57:37.345532144+03:00","Action":"output","Package":"virmill.local/core/internal/ui/cli","Test":"TestNDJSONFollowRefusesEntireAmbiguousBatch/missing-time","Output":"=== RUN   TestNDJSONFollowRefusesEntireAmbiguousBatch/missing-time\n","OutputType":"frame"}
{"Time":"2026-09-08T17:57:37.346643642+03:00","Action":"output","Package":"virmill.local/core/internal/ui/cli","Test":"TestNDJSONFollowRefusesEntireAmbiguousBatch/missing-time","Output":"--- PASS: TestNDJSONFollowRefusesEntireAmbiguousBatch/missing-time (0.00s)\n","OutputType":"frame"}
{"Time":"2026-09-08T17:57:37.346655512+03:00","Action":"pass","Package":"virmill.local/core/internal/ui/cli","Test":"TestNDJSONFollowRefusesEntireAmbiguousBatch/missing-time","Elapsed":0}
{"Time":"2026-09-08T17:57:37.346672679+03:00","Action":"run","Package":"virmill.local/core/internal/ui/cli","Test":"TestNDJSONFollowRefusesEntireAmbiguousBatch/over-limit"}
{"Time":"2026-09-08T17:57:37.346674374+03:00","Action":"output","Package":"virmill.local/core/internal/ui/cli","Test":"TestNDJSONFollowRefusesEntireAmbiguousBatch/over-limit","Output":"=== RUN   TestNDJSONFollowRefusesEntireAmbiguousBatch/over-limit\n","OutputType":"frame"}
{"Time":"2026-09-08T17:57:37.356702401+03:00","Action":"output","Package":"virmill.local/core/internal/ui/tui","Test":"TestGuestReadinessTUIExactObservationAndNoApplicationClaim/qemu:///system/disconnected","Output":"--- PASS: TestGuestReadinessTUIExactObservationAndNoApplicationClaim/qemu:///system/disconnected (0.02s)\n","OutputType":"frame"}
{"Time":"2026-09-08T17:57:37.356719583+03:00","Action":"pass","Package":"virmill.local/core/internal/ui/tui","Test":"TestGuestReadinessTUIExactObservationAndNoApplicationClaim/qemu:///system/disconnected","Elapsed":0.02}
{"Time":"2026-09-08T17:57:37.356724212+03:00","Action":"run","Package":"virmill.local/core/internal/ui/tui","Test":"TestGuestReadinessTUIExactObservationAndNoApplicationClaim/qemu:///system/absent"}
{"Time":"2026-09-08T17:57:37.356725762+03:00","Action":"output","Package":"virmill.local/core/internal/ui/tui","Test":"TestGuestReadinessTUIExactObservationAndNoApplicationClaim/qemu:///system/absent","Output":"=== RUN   TestGuestReadinessTUIExactObservationAndNoApplicationClaim/qemu:///system/absent\n","OutputType":"frame"}
{"Time":"2026-09-08T17:57:37.374606259+03:00","Action":"output","Package":"virmill.local/core/internal/ui/tui","Test":"TestGuestReadinessTUIExactObservationAndNoApplicationClaim/qemu:///system/absent","Output":"--- PASS: TestGuestReadinessTUIExactObservationAndNoApplicationClaim/qemu:///system/absent (0.02s)\n","OutputType":"frame"}
{"Time":"2026-09-08T17:57:37.374629277+03:00","Action":"pass","Package":"virmill.local/core/internal/ui/tui","Test":"TestGuestReadinessTUIExactObservationAndNoApplicationClaim/qemu:///system/absent","Elapsed":0.02}
{"Time":"2026-09-08T17:57:37.374633712+03:00","Action":"run","Package":"virmill.local/core/internal/ui/tui","Test":"TestGuestReadinessTUIExactObservationAndNoApplicationClaim/qemu:///system/unknown"}
{"Time":"2026-09-08T17:57:37.374635246+03:00","Action":"output","Package":"virmill.local/core/internal/ui/tui","Test":"TestGuestReadinessTUIExactObservationAndNoApplicationClaim/qemu:///system/unknown","Output":"=== RUN   TestGuestReadinessTUIExactObservationAndNoApplicationClaim/qemu:///system/unknown\n","OutputType":"frame"}
{"Time":"2026-09-08T17:57:37.3946951+03:00","Action":"output","Package":"virmill.local/core/internal/ui/tui","Test":"TestGuestReadinessTUIExactObservationAndNoApplicationClaim/qemu:///system/unknown","Output":"--- PASS: TestGuestReadinessTUIExactObservationAndNoApplicationClaim/qemu:///system/unknown (0.02s)\n","OutputType":"frame"}
{"Time":"2026-09-08T17:57:37.394720251+03:00","Action":"pass","Package":"virmill.local/core/internal/ui/tui","Test":"TestGuestReadinessTUIExactObservationAndNoApplicationClaim/qemu:///system/unknown","Elapsed":0.02}
{"Time":"2026-09-08T17:57:37.394725271+03:00","Action":"output","Package":"virmill.local/core/internal/ui/tui","Test":"TestGuestReadinessTUIExactObservationAndNoApplicationClaim","Output":"--- PASS: TestGuestReadinessTUIExactObservationAndNoApplicationClaim (0.21s)\n","OutputType":"frame"}
{"Time":"2026-09-08T17:57:37.394727916+03:00","Action":"pass","Package":"virmill.local/core/internal/ui/tui","Test":"TestGuestReadinessTUIExactObservationAndNoApplicationClaim","Elapsed":0.21}
{"Time":"2026-09-08T17:57:37.394748146+03:00","Action":"run","Package":"virmill.local/core/internal/ui/tui","Test":"TestGuestReadinessTUIErrorsClearObservationAndApproval"}
{"Time":"2026-09-08T17:57:37.394750019+03:00","Action":"output","Package":"virmill.local/core/internal/ui/tui","Test":"TestGuestReadinessTUIErrorsClearObservationAndApproval","Output":"=== RUN   TestGuestReadinessTUIErrorsClearObservationAndApproval\n","OutputType":"frame"}
{"Time":"2026-09-08T17:57:37.39477668+03:00","Action":"run","Package":"virmill.local/core/internal/ui/tui","Test":"TestGuestReadinessTUIErrorsClearObservationAndApproval/native"}
{"Time":"2026-09-08T17:57:37.394778438+03:00","Action":"output","Package":"virmill.local/core/internal/ui/tui","Test":"TestGuestReadinessTUIErrorsClearObservationAndApproval/native","Output":"=== RUN   TestGuestReadinessTUIErrorsClearObservationAndApproval/native\n","OutputType":"frame"}
{"Time":"2026-09-08T17:57:37.40443354+03:00","Action":"output","Package":"virmill.local/core/internal/ui/tui","Test":"TestGuestReadinessTUIErrorsClearObservationAndApproval/native","Output":"--- PASS: TestGuestReadinessTUIErrorsClearObservationAndApproval/native (0.01s)\n","OutputType":"frame"}
{"Time":"2026-09-08T17:57:37.404447656+03:00","Action":"pass","Package":"virmill.local/core/internal/ui/tui","Test":"TestGuestReadinessTUIErrorsClearObservationAndApproval/native","Elapsed":0.01}
{"Time":"2026-09-08T17:57:37.404465846+03:00","Action":"run","Package":"virmill.local/core/internal/ui/tui","Test":"TestGuestReadinessTUIErrorsClearObservationAndApproval/canceled"}
{"Time":"2026-09-08T17:57:37.404467424+03:00","Action":"output","Package":"virmill.local/core/internal/ui/tui","Test":"TestGuestReadinessTUIErrorsClearObservationAndApproval/canceled","Output":"=== RUN   TestGuestReadinessTUIErrorsClearObservationAndApproval/canceled\n","OutputType":"frame"}
{"Time":"2026-09-08T17:57:37.414986405+03:00","Action":"output","Package":"virmill.local/core/internal/ui/tui","Test":"TestGuestReadinessTUIErrorsClearObservationAndApproval/canceled","Output":"--- PASS: TestGuestReadinessTUIErrorsClearObservationAndApproval/canceled (0.01s)\n","OutputType":"frame"}
{"Time":"2026-09-08T17:57:37.415007835+03:00","Action":"pass","Package":"virmill.local/core/internal/ui/tui","Test":"TestGuestReadinessTUIErrorsClearObservationAndApproval/canceled","Elapsed":0.01}
{"Time":"2026-09-08T17:57:37.415012014+03:00","Action":"run","Package":"virmill.local/core/internal/ui/tui","Test":"TestGuestReadinessTUIErrorsClearObservationAndApproval/transport"}
{"Time":"2026-09-08T17:57:37.415013511+03:00","Action":"output","Package":"virmill.local/core/internal/ui/tui","Test":"TestGuestReadinessTUIErrorsClearObservationAndApproval/transport","Output":"=== RUN   TestGuestReadinessTUIErrorsClearObservationAndApproval/transport\n","OutputType":"frame"}
{"Time":"2026-09-08T17:57:37.416403704+03:00","Action":"output","Package":"virmill.local/core/internal/ui/cli","Test":"TestNDJSONFollowRefusesEntireAmbiguousBatch/over-limit","Output":"--- PASS: TestNDJSONFollowRefusesEntireAmbiguousBatch/over-limit (0.07s)\n","OutputType":"frame"}
{"Time":"2026-09-08T17:57:37.416422612+03:00","Action":"pass","Package":"virmill.local/core/internal/ui/cli","Test":"TestNDJSONFollowRefusesEntireAmbiguousBatch/over-limit","Elapsed":0.07}
{"Time":"2026-09-08T17:57:37.416449972+03:00","Action":"run","Package":"virmill.local/core/internal/ui/cli","Test":"TestNDJSONFollowRefusesEntireAmbiguousBatch/null"}
{"Time":"2026-09-08T17:57:37.416451811+03:00","Action":"output","Package":"virmill.local/core/internal/ui/cli","Test":"TestNDJSONFollowRefusesEntireAmbiguousBatch/null","Output":"=== RUN   TestNDJSONFollowRefusesEntireAmbiguousBatch/null\n","OutputType":"frame"}
{"Time":"2026-09-08T17:57:37.418778346+03:00","Action":"output","Package":"virmill.local/core/internal/ui/cli","Test":"TestNDJSONFollowRefusesEntireAmbiguousBatch/null","Output":"--- PASS: TestNDJSONFollowRefusesEntireAmbiguousBatch/null (0.00s)\n","OutputType":"frame"}
{"Time":"2026-09-08T17:57:37.418794611+03:00","Action":"pass","Package":"virmill.local/core/internal/ui/cli","Test":"TestNDJSONFollowRefusesEntireAmbiguousBatch/null","Elapsed":0}
{"Time":"2026-09-08T17:57:37.418800021+03:00","Action":"run","Package":"virmill.local/core/internal/ui/cli","Test":"TestNDJSONFollowRefusesEntireAmbiguousBatch/reordered"}
{"Time":"2026-09-08T17:57:37.41880248+03:00","Action":"output","Package":"virmill.local/core/internal/ui/cli","Test":"TestNDJSONFollowRefusesEntireAmbiguousBatch/reordered","Output":"=== RUN   TestNDJSONFollowRefusesEntireAmbiguousBatch/reordered\n","OutputType":"frame"}
{"Time":"2026-09-08T17:57:37.420224703+03:00","Action":"output","Package":"virmill.local/core/internal/ui/cli","Test":"TestNDJSONFollowRefusesEntireAmbiguousBatch/reordered","Output":"--- PASS: TestNDJSONFollowRefusesEntireAmbiguousBatch/reordered (0.00s)\n","OutputType":"frame"}
{"Time":"2026-09-08T17:57:37.420233179+03:00","Action":"pass","Package":"virmill.local/core/internal/ui/cli","Test":"TestNDJSONFollowRefusesEntireAmbiguousBatch/reordered","Elapsed":0}
{"Time":"2026-09-08T17:57:37.420250138+03:00","Action":"run","Package":"virmill.local/core/internal/ui/cli","Test":"TestNDJSONFollowRefusesEntireAmbiguousBatch/gap"}
{"Time":"2026-09-08T17:57:37.420252905+03:00","Action":"output","Package":"virmill.local/core/internal/ui/cli","Test":"TestNDJSONFollowRefusesEntireAmbiguousBatch/gap","Output":"=== RUN   TestNDJSONFollowRefusesEntireAmbiguousBatch/gap\n","OutputType":"frame"}
{"Time":"2026-09-08T17:57:37.421721193+03:00","Action":"output","Package":"virmill.local/core/internal/ui/cli","Test":"TestNDJSONFollowRefusesEntireAmbiguousBatch/gap","Output":"--- PASS: TestNDJSONFollowRefusesEntireAmbiguousBatch/gap (0.00s)\n","OutputType":"frame"}
{"Time":"2026-09-08T17:57:37.4217332+03:00","Action":"pass","Package":"virmill.local/core/internal/ui/cli","Test":"TestNDJSONFollowRefusesEntireAmbiguousBatch/gap","Elapsed":0}
{"Time":"2026-09-08T17:57:37.421750658+03:00","Action":"run","Package":"virmill.local/core/internal/ui/cli","Test":"TestNDJSONFollowRefusesEntireAmbiguousBatch/unknown-field"}
{"Time":"2026-09-08T17:57:37.421752086+03:00","Action":"output","Package":"virmill.local/core/internal/ui/cli","Test":"TestNDJSONFollowRefusesEntireAmbiguousBatch/unknown-field","Output":"=== RUN   TestNDJSONFollowRefusesEntireAmbiguousBatch/unknown-field\n","OutputType":"frame"}
{"Time":"2026-09-08T17:57:37.423142335+03:00","Action":"output","Package":"virmill.local/core/internal/ui/cli","Test":"TestNDJSONFollowRefusesEntireAmbiguousBatch/unknown-field","Output":"--- PASS: TestNDJSONFollowRefusesEntireAmbiguousBatch/unknown-field (0.00s)\n","OutputType":"frame"}
{"Time":"2026-09-08T17:57:37.42315112+03:00","Action":"pass","Package":"virmill.local/core/internal/ui/cli","Test":"TestNDJSONFollowRefusesEntireAmbiguousBatch/unknown-field","Elapsed":0}
{"Time":"2026-09-08T17:57:37.423168905+03:00","Action":"run","Package":"virmill.local/core/internal/ui/cli","Test":"TestNDJSONFollowRefusesEntireAmbiguousBatch/encoded-byte-limit"}
{"Time":"2026-09-08T17:57:37.423171542+03:00","Action":"output","Package":"virmill.local/core/internal/ui/cli","Test":"TestNDJSONFollowRefusesEntireAmbiguousBatch/encoded-byte-limit","Output":"=== RUN   TestNDJSONFollowRefusesEntireAmbiguousBatch/encoded-byte-limit\n","OutputType":"frame"}
{"Time":"2026-09-08T17:57:37.424531675+03:00","Action":"output","Package":"virmill.local/core/internal/ui/tui","Test":"TestGuestReadinessTUIErrorsClearObservationAndApproval/transport","Output":"--- PASS: TestGuestReadinessTUIErrorsClearObservationAndApproval/transport (0.01s)\n","OutputType":"frame"}
{"Time":"2026-09-08T17:57:37.424545661+03:00","Action":"pass","Package":"virmill.local/core/internal/ui/tui","Test":"TestGuestReadinessTUIErrorsClearObservationAndApproval/transport","Elapsed":0.01}
{"Time":"2026-09-08T17:57:37.424583834+03:00","Action":"output","Package":"virmill.local/core/internal/ui/tui","Test":"TestGuestReadinessTUIErrorsClearObservationAndApproval","Output":"--- PASS: TestGuestReadinessTUIErrorsClearObservationAndApproval (0.03s)\n","OutputType":"frame"}
{"Time":"2026-09-08T17:57:37.424589431+03:00","Action":"pass","Package":"virmill.local/core/internal/ui/tui","Test":"TestGuestReadinessTUIErrorsClearObservationAndApproval","Elapsed":0.03}
{"Time":"2026-09-08T17:57:37.42494111+03:00","Action":"run","Package":"virmill.local/core/internal/ui/tui","Test":"TestGuestRecipeTUIExactFormReviewedPlanAndCancel"}
{"Time":"2026-09-08T17:57:37.424948781+03:00","Action":"output","Package":"virmill.local/core/internal/ui/tui","Test":"TestGuestRecipeTUIExactFormReviewedPlanAndCancel","Output":"=== RUN   TestGuestRecipeTUIExactFormReviewedPlanAndCancel\n","OutputType":"frame"}
{"Time":"2026-09-08T17:57:37.42666355+03:00","Action":"run","Package":"virmill.local/core/internal/ui/tui","Test":"TestGuestRecipeTUIExactFormReviewedPlanAndCancel/qemu:///system"}
{"Time":"2026-09-08T17:57:37.426672082+03:00","Action":"output","Package":"virmill.local/core/internal/ui/tui","Test":"TestGuestRecipeTUIExactFormReviewedPlanAndCancel/qemu:///system","Output":"=== RUN   TestGuestRecipeTUIExactFormReviewedPlanAndCancel/qemu:///system\n","OutputType":"frame"}
{"Time":"2026-09-08T17:57:37.59884041+03:00","Action":"output","Package":"virmill.local/core/internal/ui/cli","Test":"TestNDJSONFollowRefusesEntireAmbiguousBatch/encoded-byte-limit","Output":"--- PASS: TestNDJSONFollowRefusesEntireAmbiguousBatch/encoded-byte-limit (0.18s)\n","OutputType":"frame"}
{"Time":"2026-09-08T17:57:37.598869308+03:00","Action":"pass","Package":"virmill.local/core/internal/ui/cli","Test":"TestNDJSONFollowRefusesEntireAmbiguousBatch/encoded-byte-limit","Elapsed":0.18}
{"Time":"2026-09-08T17:57:37.59887686+03:00","Action":"output","Package":"virmill.local/core/internal/ui/cli","Test":"TestNDJSONFollowRefusesEntireAmbiguousBatch","Output":"--- PASS: TestNDJSONFollowRefusesEntireAmbiguousBatch (0.27s)\n","OutputType":"frame"}
{"Time":"2026-09-08T17:57:37.598878771+03:00","Action":"pass","Package":"virmill.local/core/internal/ui/cli","Test":"TestNDJSONFollowRefusesEntireAmbiguousBatch","Elapsed":0.27}
{"Time":"2026-09-08T17:57:37.598884485+03:00","Action":"run","Package":"virmill.local/core/internal/ui/cli","Test":"TestNDJSONFollowRejectsWrongJobBeforeReadingEvents"}
{"Time":"2026-09-08T17:57:37.598885912+03:00","Action":"output","Package":"virmill.local/core/internal/ui/cli","Test":"TestNDJSONFollowRejectsWrongJobBeforeReadingEvents","Output":"=== RUN   TestNDJSONFollowRejectsWrongJobBeforeReadingEvents\n","OutputType":"frame"}
{"Time":"2026-09-08T17:57:37.598934625+03:00","Action":"run","Package":"virmill.local/core/internal/ui/cli","Test":"TestNDJSONFollowRejectsWrongJobBeforeReadingEvents/foreign"}
{"Time":"2026-09-08T17:57:37.598937406+03:00","Action":"output","Package":"virmill.local/core/internal/ui/cli","Test":"TestNDJSONFollowRejectsWrongJobBeforeReadingEvents/foreign","Output":"=== RUN   TestNDJSONFollowRejectsWrongJobBeforeReadingEvents/foreign\n","OutputType":"frame"}
{"Time":"2026-09-08T17:57:37.599996833+03:00","Action":"output","Package":"virmill.local/core/internal/ui/cli","Test":"TestNDJSONFollowRejectsWrongJobBeforeReadingEvents/foreign","Output":"--- PASS: TestNDJSONFollowRejectsWrongJobBeforeReadingEvents/foreign (0.00s)\n","OutputType":"frame"}
{"Time":"2026-09-08T17:57:37.600004912+03:00","Action":"pass","Package":"virmill.local/core/internal/ui/cli","Test":"TestNDJSONFollowRejectsWrongJobBeforeReadingEvents/foreign","Elapsed":0}
{"Time":"2026-09-08T17:57:37.600019361+03:00","Action":"run","Package":"virmill.local/core/internal/ui/cli","Test":"TestNDJSONFollowRejectsWrongJobBeforeReadingEvents/unknown-state"}
{"Time":"2026-09-08T17:57:37.600021418+03:00","Action":"output","Package":"virmill.local/core/internal/ui/cli","Test":"TestNDJSONFollowRejectsWrongJobBeforeReadingEvents/unknown-state","Output":"=== RUN   TestNDJSONFollowRejectsWrongJobBeforeReadingEvents/unknown-state\n","OutputType":"frame"}
{"Time":"2026-09-08T17:57:37.600750963+03:00","Action":"output","Package":"virmill.local/core/internal/ui/cli","Test":"TestNDJSONFollowRejectsWrongJobBeforeReadingEvents/unknown-state","Output":"--- PASS: TestNDJSONFollowRejectsWrongJobBeforeReadingEvents/unknown-state (0.00s)\n","OutputType":"frame"}
{"Time":"2026-09-08T17:57:37.600772031+03:00","Action":"pass","Package":"virmill.local/core/internal/ui/cli","Test":"TestNDJSONFollowRejectsWrongJobBeforeReadingEvents/unknown-state","Elapsed":0}
{"Time":"2026-09-08T17:57:37.600779389+03:00","Action":"run","Package":"virmill.local/core/internal/ui/cli","Test":"TestNDJSONFollowRejectsWrongJobBeforeReadingEvents/empty"}
{"Time":"2026-09-08T17:57:37.600782402+03:00","Action":"output","Package":"virmill.local/core/internal/ui/cli","Test":"TestNDJSONFollowRejectsWrongJobBeforeReadingEvents/empty","Output":"=== RUN   TestNDJSONFollowRejectsWrongJobBeforeReadingEvents/empty\n","OutputType":"frame"}
{"Time":"2026-09-08T17:57:37.601474707+03:00","Action":"output","Package":"virmill.local/core/internal/ui/cli","Test":"TestNDJSONFollowRejectsWrongJobBeforeReadingEvents/empty","Output":"--- PASS: TestNDJSONFollowRejectsWrongJobBeforeReadingEvents/empty (0.00s)\n","OutputType":"frame"}
{"Time":"2026-09-08T17:57:37.601487764+03:00","Action":"pass","Package":"virmill.local/core/internal/ui/cli","Test":"TestNDJSONFollowRejectsWrongJobBeforeReadingEvents/empty","Elapsed":0}
{"Time":"2026-09-08T17:57:37.601491735+03:00","Action":"output","Package":"virmill.local/core/internal/ui/cli","Test":"TestNDJSONFollowRejectsWrongJobBeforeReadingEvents","Output":"--- PASS: TestNDJSONFollowRejectsWrongJobBeforeReadingEvents (0.00s)\n","OutputType":"frame"}
{"Time":"2026-09-08T17:57:37.601503687+03:00","Action":"pass","Package":"virmill.local/core/internal/ui/cli","Test":"TestNDJSONFollowRejectsWrongJobBeforeReadingEvents","Elapsed":0}
{"Time":"2026-09-08T17:57:37.601518861+03:00","Action":"run","Package":"virmill.local/core/internal/ui/cli","Test":"TestNDJSONFollowDetachRetainsCursorAndNeverCancels"}
{"Time":"2026-09-08T17:57:37.60152121+03:00","Action":"output","Package":"virmill.local/core/internal/ui/cli","Test":"TestNDJSONFollowDetachRetainsCursorAndNeverCancels","Output":"=== RUN   TestNDJSONFollowDetachRetainsCursorAndNeverCancels\n","OutputType":"frame"}
{"Time":"2026-09-08T17:57:37.601538899+03:00","Action":"run","Package":"virmill.local/core/internal/ui/cli","Test":"TestNDJSONFollowDetachRetainsCursorAndNeverCancels/transport"}
{"Time":"2026-09-08T17:57:37.601541598+03:00","Action":"output","Package":"virmill.local/core/internal/ui/cli","Test":"TestNDJSONFollowDetachRetainsCursorAndNeverCancels/transport","Output":"=== RUN   TestNDJSONFollowDetachRetainsCursorAndNeverCancels/transport\n","OutputType":"frame"}
{"Time":"2026-09-08T17:57:37.602589532+03:00","Action":"output","Package":"virmill.local/core/internal/ui/cli","Test":"TestNDJSONFollowDetachRetainsCursorAndNeverCancels/transport","Output":"--- PASS: TestNDJSONFollowDetachRetainsCursorAndNeverCancels/transport (0.00s)\n","OutputType":"frame"}
{"Time":"2026-09-08T17:57:37.60259752+03:00","Action":"pass","Package":"virmill.local/core/internal/ui/cli","Test":"TestNDJSONFollowDetachRetainsCursorAndNeverCancels/transport","Elapsed":0}
{"Time":"2026-09-08T17:57:37.602612967+03:00","Action":"run","Package":"virmill.local/core/internal/ui/cli","Test":"TestNDJSONFollowDetachRetainsCursorAndNeverCancels/timeout"}
{"Time":"2026-09-08T17:57:37.602615722+03:00","Action":"output","Package":"virmill.local/core/internal/ui/cli","Test":"TestNDJSONFollowDetachRetainsCursorAndNeverCancels/timeout","Output":"=== RUN   TestNDJSONFollowDetachRetainsCursorAndNeverCancels/timeout\n","OutputType":"frame"}
{"Time":"2026-09-08T17:57:37.617256253+03:00","Action":"output","Package":"virmill.local/core/internal/ui/tui","Test":"TestGuestRecipeTUIExactFormReviewedPlanAndCancel/qemu:///system","Output":"--- PASS: TestGuestRecipeTUIExactFormReviewedPlanAndCancel/qemu:///system (0.19s)\n","OutputType":"frame"}
{"Time":"2026-09-08T17:57:37.617274037+03:00","Action":"pass","Package":"virmill.local/core/internal/ui/tui","Test":"TestGuestRecipeTUIExactFormReviewedPlanAndCancel/qemu:///system","Elapsed":0.19}
{"Time":"2026-09-08T17:57:37.61727988+03:00","Action":"run","Package":"virmill.local/core/internal/ui/tui","Test":"TestGuestRecipeTUIExactFormReviewedPlanAndCancel/qemu:///session"}
{"Time":"2026-09-08T17:57:37.6172829+03:00","Action":"output","Package":"virmill.local/core/internal/ui/tui","Test":"TestGuestRecipeTUIExactFormReviewedPlanAndCancel/qemu:///session","Output":"=== RUN   TestGuestRecipeTUIExactFormReviewedPlanAndCancel/qemu:///session\n","OutputType":"frame"}
{"Time":"2026-09-08T17:57:37.704382607+03:00","Action":"output","Package":"virmill.local/core/internal/ui/cli","Test":"TestNDJSONFollowDetachRetainsCursorAndNeverCancels/timeout","Output":"--- PASS: TestNDJSONFollowDetachRetainsCursorAndNeverCancels/timeout (0.10s)\n","OutputType":"frame"}
{"Time":"2026-09-08T17:57:37.704413808+03:00","Action":"pass","Package":"virmill.local/core/internal/ui/cli","Test":"TestNDJSONFollowDetachRetainsCursorAndNeverCancels/timeout","Elapsed":0.1}
{"Time":"2026-09-08T17:57:37.704426412+03:00","Action":"run","Package":"virmill.local/core/internal/ui/cli","Test":"TestNDJSONFollowDetachRetainsCursorAndNeverCancels/interrupt"}
{"Time":"2026-09-08T17:57:37.704428168+03:00","Action":"output","Package":"virmill.local/core/internal/ui/cli","Test":"TestNDJSONFollowDetachRetainsCursorAndNeverCancels/interrupt","Output":"=== RUN   TestNDJSONFollowDetachRetainsCursorAndNeverCancels/interrupt\n","OutputType":"frame"}
{"Time":"2026-09-08T17:57:37.707109454+03:00","Action":"output","Package":"virmill.local/core/internal/ui/cli","Test":"TestNDJSONFollowDetachRetainsCursorAndNeverCancels/interrupt","Output":"--- PASS: TestNDJSONFollowDetachRetainsCursorAndNeverCancels/interrupt (0.00s)\n","OutputType":"frame"}
{"Time":"2026-09-08T17:57:37.707135939+03:00","Action":"pass","Package":"virmill.local/core/internal/ui/cli","Test":"TestNDJSONFollowDetachRetainsCursorAndNeverCancels/interrupt","Elapsed":0}
{"Time":"2026-09-08T17:57:37.707161551+03:00","Action":"output","Package":"virmill.local/core/internal/ui/cli","Test":"TestNDJSONFollowDetachRetainsCursorAndNeverCancels","Output":"--- PASS: TestNDJSONFollowDetachRetainsCursorAndNeverCancels (0.11s)\n","OutputType":"frame"}
{"Time":"2026-09-08T17:57:37.707179716+03:00","Action":"pass","Package":"virmill.local/core/internal/ui/cli","Test":"TestNDJSONFollowDetachRetainsCursorAndNeverCancels","Elapsed":0.11}
{"Time":"2026-09-08T17:57:37.707203905+03:00","Action":"run","Package":"virmill.local/core/internal/ui/cli","Test":"TestNDJSONFollowCancellationWhileIdleAndBeforeCall"}
{"Time":"2026-09-08T17:57:37.707208132+03:00","Action":"output","Package":"virmill.local/core/internal/ui/cli","Test":"TestNDJSONFollowCancellationWhileIdleAndBeforeCall","Output":"=== RUN   TestNDJSONFollowCancellationWhileIdleAndBeforeCall\n","OutputType":"frame"}
{"Time":"2026-09-08T17:57:37.707241234+03:00","Action":"run","Package":"virmill.local/core/internal/ui/cli","Test":"TestNDJSONFollowCancellationWhileIdleAndBeforeCall/false"}
{"Time":"2026-09-08T17:57:37.707245393+03:00","Action":"output","Package":"virmill.local/core/internal/ui/cli","Test":"TestNDJSONFollowCancellationWhileIdleAndBeforeCall/false","Output":"=== RUN   TestNDJSONFollowCancellationWhileIdleAndBeforeCall/false\n","OutputType":"frame"}
{"Time":"2026-09-08T17:57:37.708658086+03:00","Action":"output","Package":"virmill.local/core/internal/ui/cli","Test":"TestNDJSONFollowCancellationWhileIdleAndBeforeCall/false","Output":"--- PASS: TestNDJSONFollowCancellationWhileIdleAndBeforeCall/false (0.00s)\n","OutputType":"frame"}
{"Time":"2026-09-08T17:57:37.708680068+03:00","Action":"pass","Package":"virmill.local/core/internal/ui/cli","Test":"TestNDJSONFollowCancellationWhileIdleAndBeforeCall/false","Elapsed":0}
{"Time":"2026-09-08T17:57:37.708700701+03:00","Action":"run","Package":"virmill.local/core/internal/ui/cli","Test":"TestNDJSONFollowCancellationWhileIdleAndBeforeCall/true"}
{"Time":"2026-09-08T17:57:37.708704896+03:00","Action":"output","Package":"virmill.local/core/internal/ui/cli","Test":"TestNDJSONFollowCancellationWhileIdleAndBeforeCall/true","Output":"=== RUN   TestNDJSONFollowCancellationWhileIdleAndBeforeCall/true\n","OutputType":"frame"}
{"Time":"2026-09-08T17:57:37.709796036+03:00","Action":"output","Package":"virmill.local/core/internal/ui/cli","Test":"TestNDJSONFollowCancellationWhileIdleAndBeforeCall/true","Output":"--- PASS: TestNDJSONFollowCancellationWhileIdleAndBeforeCall/true (0.00s)\n","OutputType":"frame"}
{"Time":"2026-09-08T17:57:37.709808479+03:00","Action":"pass","Package":"virmill.local/core/internal/ui/cli","Test":"TestNDJSONFollowCancellationWhileIdleAndBeforeCall/true","Elapsed":0}
{"Time":"2026-09-08T17:57:37.709850772+03:00","Action":"output","Package":"virmill.local/core/internal/ui/cli","Test":"TestNDJSONFollowCancellationWhileIdleAndBeforeCall","Output":"--- PASS: TestNDJSONFollowCancellationWhileIdleAndBeforeCall (0.00s)\n","OutputType":"frame"}
{"Time":"2026-09-08T17:57:37.709863996+03:00","Action":"pass","Package":"virmill.local/core/internal/ui/cli","Test":"TestNDJSONFollowCancellationWhileIdleAndBeforeCall","Elapsed":0}
{"Time":"2026-09-08T17:57:37.709870912+03:00","Action":"run","Package":"virmill.local/core/internal/ui/cli","Test":"TestNDJSONFollowTerminalFailuresAreNonzero"}
{"Time":"2026-09-08T17:57:37.709874206+03:00","Action":"output","Package":"virmill.local/core/internal/ui/cli","Test":"TestNDJSONFollowTerminalFailuresAreNonzero","Output":"=== RUN   TestNDJSONFollowTerminalFailuresAreNonzero\n","OutputType":"frame"}
{"Time":"2026-09-08T17:57:37.709884373+03:00","Action":"run","Package":"virmill.local/core/internal/ui/cli","Test":"TestNDJSONFollowTerminalFailuresAreNonzero/failed"}
{"Time":"2026-09-08T17:57:37.709889646+03:00","Action":"output","Package":"virmill.local/core/internal/ui/cli","Test":"TestNDJSONFollowTerminalFailuresAreNonzero/failed","Output":"=== RUN   TestNDJSONFollowTerminalFailuresAreNonzero/failed\n","OutputType":"frame"}
{"Time":"2026-09-08T17:57:37.710886061+03:00","Action":"output","Package":"virmill.local/core/internal/ui/cli","Test":"TestNDJSONFollowTerminalFailuresAreNonzero/failed","Output":"--- PASS: TestNDJSONFollowTerminalFailuresAreNonzero/failed (0.00s)\n","OutputType":"frame"}
{"Time":"2026-09-08T17:57:37.710896962+03:00","Action":"pass","Package":"virmill.local/core/internal/ui/cli","Test":"TestNDJSONFollowTerminalFailuresAreNonzero/failed","Elapsed":0}
{"Time":"2026-09-08T17:57:37.710900193+03:00","Action":"run","Package":"virmill.local/core/internal/ui/cli","Test":"TestNDJSONFollowTerminalFailuresAreNonzero/canceled"}
{"Time":"2026-09-08T17:57:37.710901973+03:00","Action":"output","Package":"virmill.local/core/internal/ui/cli","Test":"TestNDJSONFollowTerminalFailuresAreNonzero/canceled","Output":"=== RUN   TestNDJSONFollowTerminalFailuresAreNonzero/canceled\n","OutputType":"frame"}
{"Time":"2026-09-08T17:57:37.711932241+03:00","Action":"output","Package":"virmill.local/core/internal/ui/cli","Test":"TestNDJSONFollowTerminalFailuresAreNonzero/canceled","Output":"--- PASS: TestNDJSONFollowTerminalFailuresAreNonzero/canceled (0.00s)\n","OutputType":"frame"}
{"Time":"2026-09-08T17:57:37.711953029+03:00","Action":"pass","Package":"virmill.local/core/internal/ui/cli","Test":"TestNDJSONFollowTerminalFailuresAreNonzero/canceled","Elapsed":0}
{"Time":"2026-09-08T17:57:37.711965221+03:00","Action":"run","Package":"virmill.local/core/internal/ui/cli","Test":"TestNDJSONFollowTerminalFailuresAreNonzero/partial"}
{"Time":"2026-09-08T17:57:37.711968297+03:00","Action":"output","Package":"virmill.local/core/internal/ui/cli","Test":"TestNDJSONFollowTerminalFailuresAreNonzero/partial","Output":"=== RUN   TestNDJSONFollowTerminalFailuresAreNonzero/partial\n","OutputType":"frame"}
{"Time":"2026-09-08T17:57:37.712885087+03:00","Action":"output","Package":"virmill.local/core/internal/ui/cli","Test":"TestNDJSONFollowTerminalFailuresAreNonzero/partial","Output":"--- PASS: TestNDJSONFollowTerminalFailuresAreNonzero/partial (0.00s)\n","OutputType":"frame"}
{"Time":"2026-09-08T17:57:37.712896107+03:00","Action":"pass","Package":"virmill.local/core/internal/ui/cli","Test":"TestNDJSONFollowTerminalFailuresAreNonzero/partial","Elapsed":0}
{"Time":"2026-09-08T17:57:37.712906876+03:00","Action":"run","Package":"virmill.local/core/internal/ui/cli","Test":"TestNDJSONFollowTerminalFailuresAreNonzero/recovery-required"}
{"Time":"2026-09-08T17:57:37.712908988+03:00","Action":"output","Package":"virmill.local/core/internal/ui/cli","Test":"TestNDJSONFollowTerminalFailuresAreNonzero/recovery-required","Output":"=== RUN   TestNDJSONFollowTerminalFailuresAreNonzero/recovery-required\n","OutputType":"frame"}
{"Time":"2026-09-08T17:57:37.713987321+03:00","Action":"output","Package":"virmill.local/core/internal/ui/cli","Test":"TestNDJSONFollowTerminalFailuresAreNonzero/recovery-required","Output":"--- PASS: TestNDJSONFollowTerminalFailuresAreNonzero/recovery-required (0.00s)\n","OutputType":"frame"}
{"Time":"2026-09-08T17:57:37.714002222+03:00","Action":"pass","Package":"virmill.local/core/internal/ui/cli","Test":"TestNDJSONFollowTerminalFailuresAreNonzero/recovery-required","Elapsed":0}
{"Time":"2026-09-08T17:57:37.714362122+03:00","Action":"output","Package":"virmill.local/core/internal/ui/cli","Test":"TestNDJSONFollowTerminalFailuresAreNonzero","Output":"--- PASS: TestNDJSONFollowTerminalFailuresAreNonzero (0.00s)\n","OutputType":"frame"}
{"Time":"2026-09-08T17:57:37.7143792+03:00","Action":"pass","Package":"virmill.local/core/internal/ui/cli","Test":"TestNDJSONFollowTerminalFailuresAreNonzero","Elapsed":0}
{"Time":"2026-09-08T17:57:37.714400326+03:00","Action":"run","Package":"virmill.local/core/internal/ui/cli","Test":"TestNDJSONFollowOutputFailureNeverRetriesOrAppends"}
{"Time":"2026-09-08T17:57:37.714407961+03:00","Action":"output","Package":"virmill.local/core/internal/ui/cli","Test":"TestNDJSONFollowOutputFailureNeverRetriesOrAppends","Output":"=== RUN   TestNDJSONFollowOutputFailureNeverRetriesOrAppends\n","OutputType":"frame"}
{"Time":"2026-09-08T17:57:37.714435577+03:00","Action":"run","Package":"virmill.local/core/internal/ui/cli","Test":"TestNDJSONFollowOutputFailureNeverRetriesOrAppends/\u003cnil\u003e"}
{"Time":"2026-09-08T17:57:37.714439697+03:00","Action":"output","Package":"virmill.local/core/internal/ui/cli","Test":"TestNDJSONFollowOutputFailureNeverRetriesOrAppends/\u003cnil\u003e","Output":"=== RUN   TestNDJSONFollowOutputFailureNeverRetriesOrAppends/\u003cnil\u003e\n","OutputType":"frame"}
{"Time":"2026-09-08T17:57:37.715563201+03:00","Action":"output","Package":"virmill.local/core/internal/ui/cli","Test":"TestNDJSONFollowOutputFailureNeverRetriesOrAppends/\u003cnil\u003e","Output":"--- PASS: TestNDJSONFollowOutputFailureNeverRetriesOrAppends/\u003cnil\u003e (0.00s)\n","OutputType":"frame"}
{"Time":"2026-09-08T17:57:37.715574239+03:00","Action":"pass","Package":"virmill.local/core/internal/ui/cli","Test":"TestNDJSONFollowOutputFailureNeverRetriesOrAppends/\u003cnil\u003e","Elapsed":0}
{"Time":"2026-09-08T17:57:37.715619726+03:00","Action":"run","Package":"virmill.local/core/internal/ui/cli","Test":"TestNDJSONFollowOutputFailureNeverRetriesOrAppends/fixture_broken_pipe"}
{"Time":"2026-09-08T17:57:37.71562338+03:00","Action":"output","Package":"virmill.local/core/internal/ui/cli","Test":"TestNDJSONFollowOutputFailureNeverRetriesOrAppends/fixture_broken_pipe","Output":"=== RUN   TestNDJSONFollowOutputFailureNeverRetriesOrAppends/fixture_broken_pipe\n","OutputType":"frame"}
{"Time":"2026-09-08T17:57:37.716692037+03:00","Action":"output","Package":"virmill.local/core/internal/ui/cli","Test":"TestNDJSONFollowOutputFailureNeverRetriesOrAppends/fixture_broken_pipe","Output":"--- PASS: TestNDJSONFollowOutputFailureNeverRetriesOrAppends/fixture_broken_pipe (0.00s)\n","OutputType":"frame"}
{"Time":"2026-09-08T17:57:37.716697687+03:00","Action":"pass","Package":"virmill.local/core/internal/ui/cli","Test":"TestNDJSONFollowOutputFailureNeverRetriesOrAppends/fixture_broken_pipe","Elapsed":0}
{"Time":"2026-09-08T17:57:37.716716597+03:00","Action":"output","Package":"virmill.local/core/internal/ui/cli","Test":"TestNDJSONFollowOutputFailureNeverRetriesOrAppends","Output":"--- PASS: TestNDJSONFollowOutputFailureNeverRetriesOrAppends (0.00s)\n","OutputType":"frame"}
{"Time":"2026-09-08T17:57:37.716725443+03:00","Action":"pass","Package":"virmill.local/core/internal/ui/cli","Test":"TestNDJSONFollowOutputFailureNeverRetriesOrAppends","Elapsed":0}
{"Time":"2026-09-08T17:57:37.716736741+03:00","Action":"run","Package":"virmill.local/core/internal/ui/cli","Test":"TestNDJSONFollowRejectsHiddenInputsAndKeepsSnapshotCompatibility"}
{"Time":"2026-09-08T17:57:37.716739541+03:00","Action":"output","Package":"virmill.local/core/internal/ui/cli","Test":"TestNDJSONFollowRejectsHiddenInputsAndKeepsSnapshotCompatibility","Output":"=== RUN   TestNDJSONFollowRejectsHiddenInputsAndKeepsSnapshotCompatibility\n","OutputType":"frame"}
{"Time":"2026-09-08T17:57:37.716763946+03:00","Action":"run","Package":"virmill.local/core/internal/ui/cli","Test":"TestNDJSONFollowRejectsHiddenInputsAndKeepsSnapshotCompatibility/operation_watch_stream-job_--follow_--output_json"}
{"Time":"2026-09-08T17:57:37.716766392+03:00","Action":"output","Package":"virmill.local/core/internal/ui/cli","Test":"TestNDJSONFollowRejectsHiddenInputsAndKeepsSnapshotCompatibility/operation_watch_stream-job_--follow_--output_json","Output":"=== RUN   TestNDJSONFollowRejectsHiddenInputsAndKeepsSnapshotCompatibility/operation_watch_stream-job_--follow_--output_json\n","OutputType":"frame"}
{"Time":"2026-09-08T17:57:37.717180253+03:00","Action":"output","Package":"virmill.local/core/internal/ui/cli","Test":"TestNDJSONFollowRejectsHiddenInputsAndKeepsSnapshotCompatibility/operation_watch_stream-job_--follow_--output_json","Output":"--- PASS: TestNDJSONFollowRejectsHiddenInputsAndKeepsSnapshotCompatibility/operation_watch_stream-job_--follow_--output_json (0.00s)\n","OutputType":"frame"}
{"Time":"2026-09-08T17:57:37.717189853+03:00","Action":"pass","Package":"virmill.local/core/internal/ui/cli","Test":"TestNDJSONFollowRejectsHiddenInputsAndKeepsSnapshotCompatibility/operation_watch_stream-job_--follow_--output_json","Elapsed":0}
{"Time":"2026-09-08T17:57:37.717205493+03:00","Action":"run","Package":"virmill.local/core/internal/ui/cli","Test":"TestNDJSONFollowRejectsHiddenInputsAndKeepsSnapshotCompatibility/operation_watch_stream-job_--follow_--output_ndjson_--after_-1"}
{"Time":"2026-09-08T17:57:37.717208018+03:00","Action":"output","Package":"virmill.local/core/internal/ui/cli","Test":"TestNDJSONFollowRejectsHiddenInputsAndKeepsSnapshotCompatibility/operation_watch_stream-job_--follow_--output_ndjson_--after_-1","Output":"=== RUN   TestNDJSONFollowRejectsHiddenInputsAndKeepsSnapshotCompatibility/operation_watch_stream-job_--follow_--output_ndjson_--after_-1\n","OutputType":"frame"}
{"Time":"2026-09-08T17:57:37.717731509+03:00","Action":"output","Package":"virmill.local/core/internal/ui/cli","Test":"TestNDJSONFollowRejectsHiddenInputsAndKeepsSnapshotCompatibility/operation_watch_stream-job_--follow_--output_ndjson_--after_-1","Output":"--- PASS: TestNDJSONFollowRejectsHiddenInputsAndKeepsSnapshotCompatibility/operation_watch_stream-job_--follow_--output_ndjson_--after_-1 (0.00s)\n","OutputType":"frame"}
{"Time":"2026-09-08T17:57:37.717741533+03:00","Action":"pass","Package":"virmill.local/core/internal/ui/cli","Test":"TestNDJSONFollowRejectsHiddenInputsAndKeepsSnapshotCompatibility/operation_watch_stream-job_--follow_--output_ndjson_--after_-1","Elapsed":0}
{"Time":"2026-09-08T17:57:37.717784158+03:00","Action":"run","Package":"virmill.local/core/internal/ui/cli","Test":"TestNDJSONFollowRejectsHiddenInputsAndKeepsSnapshotCompatibility/operation_watch_stream-job_--follow_--output_ndjson_--input_{\"cancel\":true}"}
{"Time":"2026-09-08T17:57:37.71779671+03:00","Action":"output","Package":"virmill.local/core/internal/ui/cli","Test":"TestNDJSONFollowRejectsHiddenInputsAndKeepsSnapshotCompatibility/operation_watch_stream-job_--follow_--output_ndjson_--input_{\"cancel\":true}","Output":"=== RUN   TestNDJSONFollowRejectsHiddenInputsAndKeepsSnapshotCompatibility/operation_watch_stream-job_--follow_--output_ndjson_--input_{\"cancel\":true}\n","OutputType":"frame"}
{"Time":"2026-09-08T17:57:37.718413761+03:00","Action":"output","Package":"virmill.local/core/internal/ui/cli","Test":"TestNDJSONFollowRejectsHiddenInputsAndKeepsSnapshotCompatibility/operation_watch_stream-job_--follow_--output_ndjson_--input_{\"cancel\":true}","Output":"--- PASS: TestNDJSONFollowRejectsHiddenInputsAndKeepsSnapshotCompatibility/operation_watch_stream-job_--follow_--output_ndjson_--input_{\"cancel\":true} (0.00s)\n","OutputType":"frame"}
{"Time":"2026-09-08T17:57:37.718427613+03:00","Action":"pass","Package":"virmill.local/core/internal/ui/cli","Test":"TestNDJSONFollowRejectsHiddenInputsAndKeepsSnapshotCompatibility/operation_watch_stream-job_--follow_--output_ndjson_--input_{\"cancel\":true}","Elapsed":0}
{"Time":"2026-09-08T17:57:37.718473827+03:00","Action":"run","Package":"virmill.local/core/internal/ui/cli","Test":"TestNDJSONFollowRejectsHiddenInputsAndKeepsSnapshotCompatibility/operation_watch_bad/id_--follow_--output_ndjson"}
{"Time":"2026-09-08T17:57:37.718478191+03:00","Action":"output","Package":"virmill.local/core/internal/ui/cli","Test":"TestNDJSONFollowRejectsHiddenInputsAndKeepsSnapshotCompatibility/operation_watch_bad/id_--follow_--output_ndjson","Output":"=== RUN   TestNDJSONFollowRejectsHiddenInputsAndKeepsSnapshotCompatibility/operation_watch_bad/id_--follow_--output_ndjson\n","OutputType":"frame"}
{"Time":"2026-09-08T17:57:37.7194664+03:00","Action":"output","Package":"virmill.local/core/internal/ui/cli","Test":"TestNDJSONFollowRejectsHiddenInputsAndKeepsSnapshotCompatibility/operation_watch_bad/id_--follow_--output_ndjson","Output":"--- PASS: TestNDJSONFollowRejectsHiddenInputsAndKeepsSnapshotCompatibility/operation_watch_bad/id_--follow_--output_ndjson (0.00s)\n","OutputType":"frame"}
{"Time":"2026-09-08T17:57:37.719482294+03:00","Action":"pass","Package":"virmill.local/core/internal/ui/cli","Test":"TestNDJSONFollowRejectsHiddenInputsAndKeepsSnapshotCompatibility/operation_watch_bad/id_--follow_--output_ndjson","Elapsed":0}
{"Time":"2026-09-08T17:57:37.71952877+03:00","Action":"run","Package":"virmill.local/core/internal/ui/cli","Test":"TestNDJSONFollowRejectsHiddenInputsAndKeepsSnapshotCompatibility/snapshot-json"}
{"Time":"2026-09-08T17:57:37.719534296+03:00","Action":"output","Package":"virmill.local/core/internal/ui/cli","Test":"TestNDJSONFollowRejectsHiddenInputsAndKeepsSnapshotCompatibility/snapshot-json","Output":"=== RUN   TestNDJSONFollowRejectsHiddenInputsAndKeepsSnapshotCompatibility/snapshot-json\n","OutputType":"frame"}
{"Time":"2026-09-08T17:57:37.720426022+03:00","Action":"output","Package":"virmill.local/core/internal/ui/cli","Test":"TestNDJSONFollowRejectsHiddenInputsAndKeepsSnapshotCompatibility/snapshot-json","Output":"--- PASS: TestNDJSONFollowRejectsHiddenInputsAndKeepsSnapshotCompatibility/snapshot-json (0.00s)\n","OutputType":"frame"}
{"Time":"2026-09-08T17:57:37.720440947+03:00","Action":"pass","Package":"virmill.local/core/internal/ui/cli","Test":"TestNDJSONFollowRejectsHiddenInputsAndKeepsSnapshotCompatibility/snapshot-json","Elapsed":0}
{"Time":"2026-09-08T17:57:37.720447235+03:00","Action":"run","Package":"virmill.local/core/internal/ui/cli","Test":"TestNDJSONFollowRejectsHiddenInputsAndKeepsSnapshotCompatibility/snapshot-ndjson"}
{"Time":"2026-09-08T17:57:37.72045031+03:00","Action":"output","Package":"virmill.local/core/internal/ui/cli","Test":"TestNDJSONFollowRejectsHiddenInputsAndKeepsSnapshotCompatibility/snapshot-ndjson","Output":"=== RUN   TestNDJSONFollowRejectsHiddenInputsAndKeepsSnapshotCompatibility/snapshot-ndjson\n","OutputType":"frame"}
{"Time":"2026-09-08T17:57:37.721024175+03:00","Action":"output","Package":"virmill.local/core/internal/ui/cli","Test":"TestNDJSONFollowRejectsHiddenInputsAndKeepsSnapshotCompatibility/snapshot-ndjson","Output":"--- PASS: TestNDJSONFollowRejectsHiddenInputsAndKeepsSnapshotCompatibility/snapshot-ndjson (0.00s)\n","OutputType":"frame"}
{"Time":"2026-09-08T17:57:37.72103121+03:00","Action":"pass","Package":"virmill.local/core/internal/ui/cli","Test":"TestNDJSONFollowRejectsHiddenInputsAndKeepsSnapshotCompatibility/snapshot-ndjson","Elapsed":0}
{"Time":"2026-09-08T17:57:37.721049419+03:00","Action":"output","Package":"virmill.local/core/internal/ui/cli","Test":"TestNDJSONFollowRejectsHiddenInputsAndKeepsSnapshotCompatibility","Output":"--- PASS: TestNDJSONFollowRejectsHiddenInputsAndKeepsSnapshotCompatibility (0.00s)\n","OutputType":"frame"}
{"Time":"2026-09-08T17:57:37.721056815+03:00","Action":"pass","Package":"virmill.local/core/internal/ui/cli","Test":"TestNDJSONFollowRejectsHiddenInputsAndKeepsSnapshotCompatibility","Elapsed":0}
{"Time":"2026-09-08T17:57:37.721075804+03:00","Action":"run","Package":"virmill.local/core/internal/ui/cli","Test":"TestPlanApplyWaitNDJSONUsesOneBoundSubmissionAndSharedFollow"}
{"Time":"2026-09-08T17:57:37.721079805+03:00","Action":"output","Package":"virmill.local/core/internal/ui/cli","Test":"TestPlanApplyWaitNDJSONUsesOneBoundSubmissionAndSharedFollow","Output":"=== RUN   TestPlanApplyWaitNDJSONUsesOneBoundSubmissionAndSharedFollow\n","OutputType":"frame"}
{"Time":"2026-09-08T17:57:37.721091681+03:00","Action":"run","Package":"virmill.local/core/internal/ui/cli","Test":"TestPlanApplyWaitNDJSONUsesOneBoundSubmissionAndSharedFollow/json"}
{"Time":"2026-09-08T17:57:37.72109551+03:00","Action":"output","Package":"virmill.local/core/internal/ui/cli","Test":"TestPlanApplyWaitNDJSONUsesOneBoundSubmissionAndSharedFollow/json","Output":"=== RUN   TestPlanApplyWaitNDJSONUsesOneBoundSubmissionAndSharedFollow/json\n","OutputType":"frame"}
{"Time":"2026-09-08T17:57:37.722232682+03:00","Action":"output","Package":"virmill.local/core/internal/ui/cli","Test":"TestPlanApplyWaitNDJSONUsesOneBoundSubmissionAndSharedFollow/json","Output":"--- PASS: TestPlanApplyWaitNDJSONUsesOneBoundSubmissionAndSharedFollow/json (0.00s)\n","OutputType":"frame"}
{"Time":"2026-09-08T17:57:37.722239335+03:00","Action":"pass","Package":"virmill.local/core/internal/ui/cli","Test":"TestPlanApplyWaitNDJSONUsesOneBoundSubmissionAndSharedFollow/json","Elapsed":0}
{"Time":"2026-09-08T17:57:37.722255248+03:00","Action":"run","Package":"virmill.local/core/internal/ui/cli","Test":"TestPlanApplyWaitNDJSONUsesOneBoundSubmissionAndSharedFollow/ndjson"}
{"Time":"2026-09-08T17:57:37.722258947+03:00","Action":"output","Package":"virmill.local/core/internal/ui/cli","Test":"TestPlanApplyWaitNDJSONUsesOneBoundSubmissionAndSharedFollow/ndjson","Output":"=== RUN   TestPlanApplyWaitNDJSONUsesOneBoundSubmissionAndSharedFollow/ndjson\n","OutputType":"frame"}
{"Time":"2026-09-08T17:57:37.72396389+03:00","Action":"output","Package":"virmill.local/core/internal/ui/cli","Test":"TestPlanApplyWaitNDJSONUsesOneBoundSubmissionAndSharedFollow/ndjson","Output":"--- PASS: TestPlanApplyWaitNDJSONUsesOneBoundSubmissionAndSharedFollow/ndjson (0.00s)\n","OutputType":"frame"}
{"Time":"2026-09-08T17:57:37.723979027+03:00","Action":"pass","Package":"virmill.local/core/internal/ui/cli","Test":"TestPlanApplyWaitNDJSONUsesOneBoundSubmissionAndSharedFollow/ndjson","Elapsed":0}
{"Time":"2026-09-08T17:57:37.724005484+03:00","Action":"output","Package":"virmill.local/core/internal/ui/cli","Test":"TestPlanApplyWaitNDJSONUsesOneBoundSubmissionAndSharedFollow","Output":"--- PASS: TestPlanApplyWaitNDJSONUsesOneBoundSubmissionAndSharedFollow (0.00s)\n","OutputType":"frame"}
{"Time":"2026-09-08T17:57:37.724013144+03:00","Action":"pass","Package":"virmill.local/core/internal/ui/cli","Test":"TestPlanApplyWaitNDJSONUsesOneBoundSubmissionAndSharedFollow","Elapsed":0}
{"Time":"2026-09-08T17:57:37.724027638+03:00","Action":"run","Package":"virmill.local/core/internal/ui/cli","Test":"TestPlanApplyWaitTransportFailureDoesNotResubmit"}
{"Time":"2026-09-08T17:57:37.724031376+03:00","Action":"output","Package":"virmill.local/core/internal/ui/cli","Test":"TestPlanApplyWaitTransportFailureDoesNotResubmit","Output":"=== RUN   TestPlanApplyWaitTransportFailureDoesNotResubmit\n","OutputType":"frame"}
{"Time":"2026-09-08T17:57:37.724050368+03:00","Action":"run","Package":"virmill.local/core/internal/ui/cli","Test":"TestPlanApplyWaitTransportFailureDoesNotResubmit/false"}
{"Time":"2026-09-08T17:57:37.724054134+03:00","Action":"output","Package":"virmill.local/core/internal/ui/cli","Test":"TestPlanApplyWaitTransportFailureDoesNotResubmit/false","Output":"=== RUN   TestPlanApplyWaitTransportFailureDoesNotResubmit/false\n","OutputType":"frame"}
{"Time":"2026-09-08T17:57:37.724892262+03:00","Action":"output","Package":"virmill.local/core/internal/ui/cli","Test":"TestPlanApplyWaitTransportFailureDoesNotResubmit/false","Output":"--- PASS: TestPlanApplyWaitTransportFailureDoesNotResubmit/false (0.00s)\n","OutputType":"frame"}
{"Time":"2026-09-08T17:57:37.724908402+03:00","Action":"pass","Package":"virmill.local/core/internal/ui/cli","Test":"TestPlanApplyWaitTransportFailureDoesNotResubmit/false","Elapsed":0}
{"Time":"2026-09-08T17:57:37.724931734+03:00","Action":"run","Package":"virmill.local/core/internal/ui/cli","Test":"TestPlanApplyWaitTransportFailureDoesNotResubmit/true"}
{"Time":"2026-09-08T17:57:37.724935567+03:00","Action":"output","Package":"virmill.local/core/internal/ui/cli","Test":"TestPlanApplyWaitTransportFailureDoesNotResubmit/true","Output":"=== RUN   TestPlanApplyWaitTransportFailureDoesNotResubmit/true\n","OutputType":"frame"}
{"Time":"2026-09-08T17:57:37.726328175+03:00","Action":"output","Package":"virmill.local/core/internal/ui/cli","Test":"TestPlanApplyWaitTransportFailureDoesNotResubmit/true","Output":"--- PASS: TestPlanApplyWaitTransportFailureDoesNotResubmit/true (0.00s)\n","OutputType":"frame"}
{"Time":"2026-09-08T17:57:37.726359121+03:00","Action":"pass","Package":"virmill.local/core/internal/ui/cli","Test":"TestPlanApplyWaitTransportFailureDoesNotResubmit/true","Elapsed":0}
{"Time":"2026-09-08T17:57:37.72641487+03:00","Action":"output","Package":"virmill.local/core/internal/ui/cli","Test":"TestPlanApplyWaitTransportFailureDoesNotResubmit","Output":"--- PASS: TestPlanApplyWaitTransportFailureDoesNotResubmit (0.00s)\n","OutputType":"frame"}
{"Time":"2026-09-08T17:57:37.72642626+03:00","Action":"pass","Package":"virmill.local/core/internal/ui/cli","Test":"TestPlanApplyWaitTransportFailureDoesNotResubmit","Elapsed":0}
{"Time":"2026-09-08T17:57:37.726429102+03:00","Action":"run","Package":"virmill.local/core/internal/ui/cli","Test":"TestNDJSONFollowReadsRealSharedJournalWithoutChangingIt"}
{"Time":"2026-09-08T17:57:37.726430611+03:00","Action":"output","Package":"virmill.local/core/internal/ui/cli","Test":"TestNDJSONFollowReadsRealSharedJournalWithoutChangingIt","Output":"=== RUN   TestNDJSONFollowReadsRealSharedJournalWithoutChangingIt\n","OutputType":"frame"}
{"Time":"2026-09-08T17:57:37.730677855+03:00","Action":"output","Package":"virmill.local/core/internal/ui/cli","Test":"TestNDJSONFollowReadsRealSharedJournalWithoutChangingIt","Output":"--- PASS: TestNDJSONFollowReadsRealSharedJournalWithoutChangingIt (0.00s)\n","OutputType":"frame"}
{"Time":"2026-09-08T17:57:37.730687504+03:00","Action":"pass","Package":"virmill.local/core/internal/ui/cli","Test":"TestNDJSONFollowReadsRealSharedJournalWithoutChangingIt","Elapsed":0}
{"Time":"2026-09-08T17:57:37.730707008+03:00","Action":"run","Package":"virmill.local/core/internal/ui/cli","Test":"TestPlanApplyWaitRejectsForeignAcceptanceAndPreCanceledContext"}
{"Time":"2026-09-08T17:57:37.730710255+03:00","Action":"output","Package":"virmill.local/core/internal/ui/cli","Test":"TestPlanApplyWaitRejectsForeignAcceptanceAndPreCanceledContext","Output":"=== RUN   TestPlanApplyWaitRejectsForeignAcceptanceAndPreCanceledContext\n","OutputType":"frame"}
{"Time":"2026-09-08T17:57:37.730738815+03:00","Action":"run","Package":"virmill.local/core/internal/ui/cli","Test":"TestPlanApplyWaitRejectsForeignAcceptanceAndPreCanceledContext/foreign-plan"}
{"Time":"2026-09-08T17:57:37.730742577+03:00","Action":"output","Package":"virmill.local/core/internal/ui/cli","Test":"TestPlanApplyWaitRejectsForeignAcceptanceAndPreCanceledContext/foreign-plan","Output":"=== RUN   TestPlanApplyWaitRejectsForeignAcceptanceAndPreCanceledContext/foreign-plan\n","OutputType":"frame"}
{"Time":"2026-09-08T17:57:37.731951978+03:00","Action":"output","Package":"virmill.local/core/internal/ui/cli","Test":"TestPlanApplyWaitRejectsForeignAcceptanceAndPreCanceledContext/foreign-plan","Output":"--- PASS: TestPlanApplyWaitRejectsForeignAcceptanceAndPreCanceledContext/foreign-plan (0.00s)\n","OutputType":"frame"}
{"Time":"2026-09-08T17:57:37.73196855+03:00","Action":"pass","Package":"virmill.local/core/internal/ui/cli","Test":"TestPlanApplyWaitRejectsForeignAcceptanceAndPreCanceledContext/foreign-plan","Elapsed":0}
{"Time":"2026-09-08T17:57:37.731993641+03:00","Action":"run","Package":"virmill.local/core/internal/ui/cli","Test":"TestPlanApplyWaitRejectsForeignAcceptanceAndPreCanceledContext/pre-canceled"}
{"Time":"2026-09-08T17:57:37.73200148+03:00","Action":"output","Package":"virmill.local/core/internal/ui/cli","Test":"TestPlanApplyWaitRejectsForeignAcceptanceAndPreCanceledContext/pre-canceled","Output":"=== RUN   TestPlanApplyWaitRejectsForeignAcceptanceAndPreCanceledContext/pre-canceled\n","OutputType":"frame"}
{"Time":"2026-09-08T17:57:37.733054613+03:00","Action":"output","Package":"virmill.local/core/internal/ui/cli","Test":"TestPlanApplyWaitRejectsForeignAcceptanceAndPreCanceledContext/pre-canceled","Output":"--- PASS: TestPlanApplyWaitRejectsForeignAcceptanceAndPreCanceledContext/pre-canceled (0.00s)\n","OutputType":"frame"}
{"Time":"2026-09-08T17:57:37.733071565+03:00","Action":"pass","Package":"virmill.local/core/internal/ui/cli","Test":"TestPlanApplyWaitRejectsForeignAcceptanceAndPreCanceledContext/pre-canceled","Elapsed":0}
{"Time":"2026-09-08T17:57:37.733090865+03:00","Action":"run","Package":"virmill.local/core/internal/ui/cli","Test":"TestPlanApplyWaitRejectsForeignAcceptanceAndPreCanceledContext/canceled-error-envelope"}
{"Time":"2026-09-08T17:57:37.73309443+03:00","Action":"output","Package":"virmill.local/core/internal/ui/cli","Test":"TestPlanApplyWaitRejectsForeignAcceptanceAndPreCanceledContext/canceled-error-envelope","Output":"=== RUN   TestPlanApplyWaitRejectsForeignAcceptanceAndPreCanceledContext/canceled-error-envelope\n","OutputType":"frame"}
{"Time":"2026-09-08T17:57:37.734152094+03:00","Action":"output","Package":"virmill.local/core/internal/ui/cli","Test":"TestPlanApplyWaitRejectsForeignAcceptanceAndPreCanceledContext/canceled-error-envelope","Output":"--- PASS: TestPlanApplyWaitRejectsForeignAcceptanceAndPreCanceledContext/canceled-error-envelope (0.00s)\n","OutputType":"frame"}
{"Time":"2026-09-08T17:57:37.734169159+03:00","Action":"pass","Package":"virmill.local/core/internal/ui/cli","Test":"TestPlanApplyWaitRejectsForeignAcceptanceAndPreCanceledContext/canceled-error-envelope","Elapsed":0}
{"Time":"2026-09-08T17:57:37.734203696+03:00","Action":"output","Package":"virmill.local/core/internal/ui/cli","Test":"TestPlanApplyWaitRejectsForeignAcceptanceAndPreCanceledContext","Output":"--- PASS: TestPlanApplyWaitRejectsForeignAcceptanceAndPreCanceledContext (0.00s)\n","OutputType":"frame"}
{"Time":"2026-09-08T17:57:37.73421908+03:00","Action":"pass","Package":"virmill.local/core/internal/ui/cli","Test":"TestPlanApplyWaitRejectsForeignAcceptanceAndPreCanceledContext","Elapsed":0}
{"Time":"2026-09-08T17:57:37.734237083+03:00","Action":"run","Package":"virmill.local/core/internal/ui/cli","Test":"TestNDJSONFollowRejectsChangedImmutableJobBinding"}
{"Time":"2026-09-08T17:57:37.734240598+03:00","Action":"output","Package":"virmill.local/core/internal/ui/cli","Test":"TestNDJSONFollowRejectsChangedImmutableJobBinding","Output":"=== RUN   TestNDJSONFollowRejectsChangedImmutableJobBinding\n","OutputType":"frame"}
{"Time":"2026-09-08T17:57:37.734262096+03:00","Action":"run","Package":"virmill.local/core/internal/ui/cli","Test":"TestNDJSONFollowRejectsChangedImmutableJobBinding/plan"}
{"Time":"2026-09-08T17:57:37.73426553+03:00","Action":"output","Package":"virmill.local/core/internal/ui/cli","Test":"TestNDJSONFollowRejectsChangedImmutableJobBinding/plan","Output":"=== RUN   TestNDJSONFollowRejectsChangedImmutableJobBinding/plan\n","OutputType":"frame"}
{"Time":"2026-09-08T17:57:37.735648263+03:00","Action":"output","Package":"virmill.local/core/internal/ui/cli","Test":"TestNDJSONFollowRejectsChangedImmutableJobBinding/plan","Output":"--- PASS: TestNDJSONFollowRejectsChangedImmutableJobBinding/plan (0.00s)\n","OutputType":"frame"}
{"Time":"2026-09-08T17:57:37.73566681+03:00","Action":"pass","Package":"virmill.local/core/internal/ui/cli","Test":"TestNDJSONFollowRejectsChangedImmutableJobBinding/plan","Elapsed":0}
{"Time":"2026-09-08T17:57:37.735686935+03:00","Action":"run","Package":"virmill.local/core/internal/ui/cli","Test":"TestNDJSONFollowRejectsChangedImmutableJobBinding/created-at"}
{"Time":"2026-09-08T17:57:37.735690445+03:00","Action":"output","Package":"virmill.local/core/internal/ui/cli","Test":"TestNDJSONFollowRejectsChangedImmutableJobBinding/created-at","Output":"=== RUN   TestNDJSONFollowRejectsChangedImmutableJobBinding/created-at\n","OutputType":"frame"}
{"Time":"2026-09-08T17:57:37.737139792+03:00","Action":"output","Package":"virmill.local/core/internal/ui/cli","Test":"TestNDJSONFollowRejectsChangedImmutableJobBinding/created-at","Output":"--- PASS: TestNDJSONFollowRejectsChangedImmutableJobBinding/created-at (0.00s)\n","OutputType":"frame"}
{"Time":"2026-09-08T17:57:37.737148782+03:00","Action":"pass","Package":"virmill.local/core/internal/ui/cli","Test":"TestNDJSONFollowRejectsChangedImmutableJobBinding/created-at","Elapsed":0}
{"Time":"2026-09-08T17:57:37.737164945+03:00","Action":"run","Package":"virmill.local/core/internal/ui/cli","Test":"TestNDJSONFollowRejectsChangedImmutableJobBinding/recovery-parent"}
{"Time":"2026-09-08T17:57:37.737168466+03:00","Action":"output","Package":"virmill.local/core/internal/ui/cli","Test":"TestNDJSONFollowRejectsChangedImmutableJobBinding/recovery-parent","Output":"=== RUN   TestNDJSONFollowRejectsChangedImmutableJobBinding/recovery-parent\n","OutputType":"frame"}
{"Time":"2026-09-08T17:57:37.738435304+03:00","Action":"output","Package":"virmill.local/core/internal/ui/cli","Test":"TestNDJSONFollowRejectsChangedImmutableJobBinding/recovery-parent","Output":"--- PASS: TestNDJSONFollowRejectsChangedImmutableJobBinding/recovery-parent (0.00s)\n","OutputType":"frame"}
{"Time":"2026-09-08T17:57:37.738447698+03:00","Action":"pass","Package":"virmill.local/core/internal/ui/cli","Test":"TestNDJSONFollowRejectsChangedImmutableJobBinding/recovery-parent","Elapsed":0}
{"Time":"2026-09-08T17:57:37.738516343+03:00","Action":"output","Package":"virmill.local/core/internal/ui/cli","Test":"TestNDJSONFollowRejectsChangedImmutableJobBinding","Output":"--- PASS: TestNDJSONFollowRejectsChangedImmutableJobBinding (0.00s)\n","OutputType":"frame"}
{"Time":"2026-09-08T17:57:37.738523765+03:00","Action":"pass","Package":"virmill.local/core/internal/ui/cli","Test":"TestNDJSONFollowRejectsChangedImmutableJobBinding","Elapsed":0}
{"Time":"2026-09-08T17:57:37.738532433+03:00","Action":"run","Package":"virmill.local/core/internal/ui/cli","Test":"TestPlanApplyDetachedPreservesSingleResponse"}
{"Time":"2026-09-08T17:57:37.738535964+03:00","Action":"output","Package":"virmill.local/core/internal/ui/cli","Test":"TestPlanApplyDetachedPreservesSingleResponse","Output":"=== RUN   TestPlanApplyDetachedPreservesSingleResponse\n","OutputType":"frame"}
{"Time":"2026-09-08T17:57:37.73856128+03:00","Action":"run","Package":"virmill.local/core/internal/ui/cli","Test":"TestPlanApplyDetachedPreservesSingleResponse/json"}
{"Time":"2026-09-08T17:57:37.738568075+03:00","Action":"output","Package":"virmill.local/core/internal/ui/cli","Test":"TestPlanApplyDetachedPreservesSingleResponse/json","Output":"=== RUN   TestPlanApplyDetachedPreservesSingleResponse/json\n","OutputType":"frame"}
{"Time":"2026-09-08T17:57:37.73907509+03:00","Action":"output","Package":"virmill.local/core/internal/ui/cli","Test":"TestPlanApplyDetachedPreservesSingleResponse/json","Output":"--- PASS: TestPlanApplyDetachedPreservesSingleResponse/json (0.00s)\n","OutputType":"frame"}
{"Time":"2026-09-08T17:57:37.739080896+03:00","Action":"pass","Package":"virmill.local/core/internal/ui/cli","Test":"TestPlanApplyDetachedPreservesSingleResponse/json","Elapsed":0}
{"Time":"2026-09-08T17:57:37.739096266+03:00","Action":"run","Package":"virmill.local/core/internal/ui/cli","Test":"TestPlanApplyDetachedPreservesSingleResponse/ndjson"}
{"Time":"2026-09-08T17:57:37.73909971+03:00","Action":"output","Package":"virmill.local/core/internal/ui/cli","Test":"TestPlanApplyDetachedPreservesSingleResponse/ndjson","Output":"=== RUN   TestPlanApplyDetachedPreservesSingleResponse/ndjson\n","OutputType":"frame"}
{"Time":"2026-09-08T17:57:37.739603588+03:00","Action":"output","Package":"virmill.local/core/internal/ui/cli","Test":"TestPlanApplyDetachedPreservesSingleResponse/ndjson","Output":"--- PASS: TestPlanApplyDetachedPreservesSingleResponse/ndjson (0.00s)\n","OutputType":"frame"}
{"Time":"2026-09-08T17:57:37.739609268+03:00","Action":"pass","Package":"virmill.local/core/internal/ui/cli","Test":"TestPlanApplyDetachedPreservesSingleResponse/ndjson","Elapsed":0}
{"Time":"2026-09-08T17:57:37.739636779+03:00","Action":"output","Package":"virmill.local/core/internal/ui/cli","Test":"TestPlanApplyDetachedPreservesSingleResponse","Output":"--- PASS: TestPlanApplyDetachedPreservesSingleResponse (0.00s)\n","OutputType":"frame"}
{"Time":"2026-09-08T17:57:37.739645099+03:00","Action":"pass","Package":"virmill.local/core/internal/ui/cli","Test":"TestPlanApplyDetachedPreservesSingleResponse","Elapsed":0}
{"Time":"2026-09-08T17:57:37.739656326+03:00","Action":"run","Package":"virmill.local/core/internal/ui/cli","Test":"TestNDJSONFollowStoredPartialErrorsRetainCauseAndExitSix"}
{"Time":"2026-09-08T17:57:37.739659595+03:00","Action":"output","Package":"virmill.local/core/internal/ui/cli","Test":"TestNDJSONFollowStoredPartialErrorsRetainCauseAndExitSix","Output":"=== RUN   TestNDJSONFollowStoredPartialErrorsRetainCauseAndExitSix\n","OutputType":"frame"}
{"Time":"2026-09-08T17:57:37.739677818+03:00","Action":"run","Package":"virmill.local/core/internal/ui/cli","Test":"TestNDJSONFollowStoredPartialErrorsRetainCauseAndExitSix/partial"}
{"Time":"2026-09-08T17:57:37.739681426+03:00","Action":"output","Package":"virmill.local/core/internal/ui/cli","Test":"TestNDJSONFollowStoredPartialErrorsRetainCauseAndExitSix/partial","Output":"=== RUN   TestNDJSONFollowStoredPartialErrorsRetainCauseAndExitSix/partial\n","OutputType":"frame"}
{"Time":"2026-09-08T17:57:37.743821524+03:00","Action":"output","Package":"virmill.local/core/internal/ui/cli","Test":"TestNDJSONFollowStoredPartialErrorsRetainCauseAndExitSix/partial","Output":"--- PASS: TestNDJSONFollowStoredPartialErrorsRetainCauseAndExitSix/partial (0.00s)\n","OutputType":"frame"}
{"Time":"2026-09-08T17:57:37.743833792+03:00","Action":"pass","Package":"virmill.local/core/internal/ui/cli","Test":"TestNDJSONFollowStoredPartialErrorsRetainCauseAndExitSix/partial","Elapsed":0}
{"Time":"2026-09-08T17:57:37.743856197+03:00","Action":"run","Package":"virmill.local/core/internal/ui/cli","Test":"TestNDJSONFollowStoredPartialErrorsRetainCauseAndExitSix/recovery-required"}
{"Time":"2026-09-08T17:57:37.743861771+03:00","Action":"output","Package":"virmill.local/core/internal/ui/cli","Test":"TestNDJSONFollowStoredPartialErrorsRetainCauseAndExitSix/recovery-required","Output":"=== RUN   TestNDJSONFollowStoredPartialErrorsRetainCauseAndExitSix/recovery-required\n","OutputType":"frame"}
{"Time":"2026-09-08T17:57:37.747156859+03:00","Action":"output","Package":"virmill.local/core/internal/ui/cli","Test":"TestNDJSONFollowStoredPartialErrorsRetainCauseAndExitSix/recovery-required","Output":"--- PASS: TestNDJSONFollowStoredPartialErrorsRetainCauseAndExitSix/recovery-required (0.00s)\n","OutputType":"frame"}
{"Time":"2026-09-08T17:57:37.747167793+03:00","Action":"pass","Package":"virmill.local/core/internal/ui/cli","Test":"TestNDJSONFollowStoredPartialErrorsRetainCauseAndExitSix/recovery-required","Elapsed":0}
{"Time":"2026-09-08T17:57:37.747182966+03:00","Action":"output","Package":"virmill.local/core/internal/ui/cli","Test":"TestNDJSONFollowStoredPartialErrorsRetainCauseAndExitSix","Output":"--- PASS: TestNDJSONFollowStoredPartialErrorsRetainCauseAndExitSix (0.01s)\n","OutputType":"frame"}
{"Time":"2026-09-08T17:57:37.747185788+03:00","Action":"pass","Package":"virmill.local/core/internal/ui/cli","Test":"TestNDJSONFollowStoredPartialErrorsRetainCauseAndExitSix","Elapsed":0.01}
{"Time":"2026-09-08T17:57:37.74719812+03:00","Action":"run","Package":"virmill.local/core/internal/ui/cli","Test":"TestGuestReadinessCLIExactObservationAndNoApplicationClaim"}
{"Time":"2026-09-08T17:57:37.747200387+03:00","Action":"output","Package":"virmill.local/core/internal/ui/cli","Test":"TestGuestReadinessCLIExactObservationAndNoApplicationClaim","Output":"=== RUN   TestGuestReadinessCLIExactObservationAndNoApplicationClaim\n","OutputType":"frame"}
{"Time":"2026-09-08T17:57:37.74721625+03:00","Action":"run","Package":"virmill.local/core/internal/ui/cli","Test":"TestGuestReadinessCLIExactObservationAndNoApplicationClaim/qemu:///session/responsive"}
{"Time":"2026-09-08T17:57:37.747218226+03:00","Action":"output","Package":"virmill.local/core/internal/ui/cli","Test":"TestGuestReadinessCLIExactObservationAndNoApplicationClaim/qemu:///session/responsive","Output":"=== RUN   TestGuestReadinessCLIExactObservationAndNoApplicationClaim/qemu:///session/responsive\n","OutputType":"frame"}
{"Time":"2026-09-08T17:57:37.748260127+03:00","Action":"output","Package":"virmill.local/core/internal/ui/cli","Test":"TestGuestReadinessCLIExactObservationAndNoApplicationClaim/qemu:///session/responsive","Output":"--- PASS: TestGuestReadinessCLIExactObservationAndNoApplicationClaim/qemu:///session/responsive (0.00s)\n","OutputType":"frame"}
{"Time":"2026-09-08T17:57:37.748274617+03:00","Action":"pass","Package":"virmill.local/core/internal/ui/cli","Test":"TestGuestReadinessCLIExactObservationAndNoApplicationClaim/qemu:///session/responsive","Elapsed":0}
{"Time":"2026-09-08T17:57:37.748285564+03:00","Action":"run","Package":"virmill.local/core/internal/ui/cli","Test":"TestGuestReadinessCLIExactObservationAndNoApplicationClaim/qemu:///session/unresponsive"}
{"Time":"2026-09-08T17:57:37.748287522+03:00","Action":"output","Package":"virmill.local/core/internal/ui/cli","Test":"TestGuestReadinessCLIExactObservationAndNoApplicationClaim/qemu:///session/unresponsive","Output":"=== RUN   TestGuestReadinessCLIExactObservationAndNoApplicationClaim/qemu:///session/unresponsive\n","OutputType":"frame"}
{"Time":"2026-09-08T17:57:37.751404694+03:00","Action":"output","Package":"virmill.local/core/internal/ui/cli","Test":"TestGuestReadinessCLIExactObservationAndNoApplicationClaim/qemu:///session/unresponsive","Output":"--- PASS: TestGuestReadinessCLIExactObservationAndNoApplicationClaim/qemu:///session/unresponsive (0.00s)\n","OutputType":"frame"}
{"Time":"2026-09-08T17:57:37.751418482+03:00","Action":"pass","Package":"virmill.local/core/internal/ui/cli","Test":"TestGuestReadinessCLIExactObservationAndNoApplicationClaim/qemu:///session/unresponsive","Elapsed":0}
{"Time":"2026-09-08T17:57:37.751439937+03:00","Action":"run","Package":"virmill.local/core/internal/ui/cli","Test":"TestGuestReadinessCLIExactObservationAndNoApplicationClaim/qemu:///session/disconnected"}
{"Time":"2026-09-08T17:57:37.751443728+03:00","Action":"output","Package":"virmill.local/core/internal/ui/cli","Test":"TestGuestReadinessCLIExactObservationAndNoApplicationClaim/qemu:///session/disconnected","Output":"=== RUN   TestGuestReadinessCLIExactObservationAndNoApplicationClaim/qemu:///session/disconnected\n","OutputType":"frame"}
{"Time":"2026-09-08T17:57:37.752698729+03:00","Action":"output","Package":"virmill.local/core/internal/ui/cli","Test":"TestGuestReadinessCLIExactObservationAndNoApplicationClaim/qemu:///session/disconnected","Output":"--- PASS: TestGuestReadinessCLIExactObservationAndNoApplicationClaim/qemu:///session/disconnected (0.00s)\n","OutputType":"frame"}
{"Time":"2026-09-08T17:57:37.752712185+03:00","Action":"pass","Package":"virmill.local/core/internal/ui/cli","Test":"TestGuestReadinessCLIExactObservationAndNoApplicationClaim/qemu:///session/disconnected","Elapsed":0}
{"Time":"2026-09-08T17:57:37.75271618+03:00","Action":"run","Package":"virmill.local/core/internal/ui/cli","Test":"TestGuestReadinessCLIExactObservationAndNoApplicationClaim/qemu:///session/absent"}
{"Time":"2026-09-08T17:57:37.752718699+03:00","Action":"output","Package":"virmill.local/core/internal/ui/cli","Test":"TestGuestReadinessCLIExactObservationAndNoApplicationClaim/qemu:///session/absent","Output":"=== RUN   TestGuestReadinessCLIExactObservationAndNoApplicationClaim/qemu:///session/absent\n","OutputType":"frame"}
{"Time":"2026-09-08T17:57:37.753886757+03:00","Action":"output","Package":"virmill.local/core/internal/ui/cli","Test":"TestGuestReadinessCLIExactObservationAndNoApplicationClaim/qemu:///session/absent","Output":"--- PASS: TestGuestReadinessCLIExactObservationAndNoApplicationClaim/qemu:///session/absent (0.00s)\n","OutputType":"frame"}
{"Time":"2026-09-08T17:57:37.753910295+03:00","Action":"pass","Package":"virmill.local/core/internal/ui/cli","Test":"TestGuestReadinessCLIExactObservationAndNoApplicationClaim/qemu:///session/absent","Elapsed":0}
{"Time":"2026-09-08T17:57:37.753926951+03:00","Action":"run","Package":"virmill.local/core/internal/ui/cli","Test":"TestGuestReadinessCLIExactObservationAndNoApplicationClaim/qemu:///session/unknown"}
{"Time":"2026-09-08T17:57:37.753929217+03:00","Action":"output","Package":"virmill.local/core/internal/ui/cli","Test":"TestGuestReadinessCLIExactObservationAndNoApplicationClaim/qemu:///session/unknown","Output":"=== RUN   TestGuestReadinessCLIExactObservationAndNoApplicationClaim/qemu:///session/unknown\n","OutputType":"frame"}
{"Time":"2026-09-08T17:57:37.755116294+03:00","Action":"output","Package":"virmill.local/core/internal/ui/cli","Test":"TestGuestReadinessCLIExactObservationAndNoApplicationClaim/qemu:///session/unknown","Output":"--- PASS: TestGuestReadinessCLIExactObservationAndNoApplicationClaim/qemu:///session/unknown (0.00s)\n","OutputType":"frame"}
{"Time":"2026-09-08T17:57:37.755133255+03:00","Action":"pass","Package":"virmill.local/core/internal/ui/cli","Test":"TestGuestReadinessCLIExactObservationAndNoApplicationClaim/qemu:///session/unknown","Elapsed":0}
{"Time":"2026-09-08T17:57:37.755144988+03:00","Action":"run","Package":"virmill.local/core/internal/ui/cli","Test":"TestGuestReadinessCLIExactObservationAndNoApplicationClaim/qemu:///system/responsive"}
{"Time":"2026-09-08T17:57:37.755147296+03:00","Action":"output","Package":"virmill.local/core/internal/ui/cli","Test":"TestGuestReadinessCLIExactObservationAndNoApplicationClaim/qemu:///system/responsive","Output":"=== RUN   TestGuestReadinessCLIExactObservationAndNoApplicationClaim/qemu:///system/responsive\n","OutputType":"frame"}
{"Time":"2026-09-08T17:57:37.756322942+03:00","Action":"output","Package":"virmill.local/core/internal/ui/cli","Test":"TestGuestReadinessCLIExactObservationAndNoApplicationClaim/qemu:///system/responsive","Output":"--- PASS: TestGuestReadinessCLIExactObservationAndNoApplicationClaim/qemu:///system/responsive (0.00s)\n","OutputType":"frame"}
{"Time":"2026-09-08T17:57:37.756342339+03:00","Action":"pass","Package":"virmill.local/core/internal/ui/cli","Test":"TestGuestReadinessCLIExactObservationAndNoApplicationClaim/qemu:///system/responsive","Elapsed":0}
{"Time":"2026-09-08T17:57:37.756353922+03:00","Action":"run","Package":"virmill.local/core/internal/ui/cli","Test":"TestGuestReadinessCLIExactObservationAndNoApplicationClaim/qemu:///system/unresponsive"}
{"Time":"2026-09-08T17:57:37.756356052+03:00","Action":"output","Package":"virmill.local/core/internal/ui/cli","Test":"TestGuestReadinessCLIExactObservationAndNoApplicationClaim/qemu:///system/unresponsive","Output":"=== RUN   TestGuestReadinessCLIExactObservationAndNoApplicationClaim/qemu:///system/unresponsive\n","OutputType":"frame"}
{"Time":"2026-09-08T17:57:37.759185296+03:00","Action":"output","Package":"virmill.local/core/internal/ui/cli","Test":"TestGuestReadinessCLIExactObservationAndNoApplicationClaim/qemu:///system/unresponsive","Output":"--- PASS: TestGuestReadinessCLIExactObservationAndNoApplicationClaim/qemu:///system/unresponsive (0.00s)\n","OutputType":"frame"}
{"Time":"2026-09-08T17:57:37.759196285+03:00","Action":"pass","Package":"virmill.local/core/internal/ui/cli","Test":"TestGuestReadinessCLIExactObservationAndNoApplicationClaim/qemu:///system/unresponsive","Elapsed":0}
{"Time":"2026-09-08T17:57:37.759216787+03:00","Action":"run","Package":"virmill.local/core/internal/ui/cli","Test":"TestGuestReadinessCLIExactObservationAndNoApplicationClaim/qemu:///system/disconnected"}
{"Time":"2026-09-08T17:57:37.759219108+03:00","Action":"output","Package":"virmill.local/core/internal/ui/cli","Test":"TestGuestReadinessCLIExactObservationAndNoApplicationClaim/qemu:///system/disconnected","Output":"=== RUN   TestGuestReadinessCLIExactObservationAndNoApplicationClaim/qemu:///system/disconnected\n","OutputType":"frame"}
{"Time":"2026-09-08T17:57:37.760916984+03:00","Action":"output","Package":"virmill.local/core/internal/ui/cli","Test":"TestGuestReadinessCLIExactObservationAndNoApplicationClaim/qemu:///system/disconnected","Output":"--- PASS: TestGuestReadinessCLIExactObservationAndNoApplicationClaim/qemu:///system/disconnected (0.00s)\n","OutputType":"frame"}
{"Time":"2026-09-08T17:57:37.760926369+03:00","Action":"pass","Package":"virmill.local/core/internal/ui/cli","Test":"TestGuestReadinessCLIExactObservationAndNoApplicationClaim/qemu:///system/disconnected","Elapsed":0}
{"Time":"2026-09-08T17:57:37.760943348+03:00","Action":"run","Package":"virmill.local/core/internal/ui/cli","Test":"TestGuestReadinessCLIExactObservationAndNoApplicationClaim/qemu:///system/absent"}
{"Time":"2026-09-08T17:57:37.760945867+03:00","Action":"output","Package":"virmill.local/core/internal/ui/cli","Test":"TestGuestReadinessCLIExactObservationAndNoApplicationClaim/qemu:///system/absent","Output":"=== RUN   TestGuestReadinessCLIExactObservationAndNoApplicationClaim/qemu:///system/absent\n","OutputType":"frame"}
{"Time":"2026-09-08T17:57:37.762123836+03:00","Action":"output","Package":"virmill.local/core/internal/ui/cli","Test":"TestGuestReadinessCLIExactObservationAndNoApplicationClaim/qemu:///system/absent","Output":"--- PASS: TestGuestReadinessCLIExactObservationAndNoApplicationClaim/qemu:///system/absent (0.00s)\n","OutputType":"frame"}
{"Time":"2026-09-08T17:57:37.762130524+03:00","Action":"pass","Package":"virmill.local/core/internal/ui/cli","Test":"TestGuestReadinessCLIExactObservationAndNoApplicationClaim/qemu:///system/absent","Elapsed":0}
{"Time":"2026-09-08T17:57:37.762146788+03:00","Action":"run","Package":"virmill.local/core/internal/ui/cli","Test":"TestGuestReadinessCLIExactObservationAndNoApplicationClaim/qemu:///system/unknown"}
{"Time":"2026-09-08T17:57:37.762149008+03:00","Action":"output","Package":"virmill.local/core/internal/ui/cli","Test":"TestGuestReadinessCLIExactObservationAndNoApplicationClaim/qemu:///system/unknown","Output":"=== RUN   TestGuestReadinessCLIExactObservationAndNoApplicationClaim/qemu:///system/unknown\n","OutputType":"frame"}
{"Time":"2026-09-08T17:57:37.763942919+03:00","Action":"output","Package":"virmill.local/core/internal/ui/cli","Test":"TestGuestReadinessCLIExactObservationAndNoApplicationClaim/qemu:///system/unknown","Output":"--- PASS: TestGuestReadinessCLIExactObservationAndNoApplicationClaim/qemu:///system/unknown (0.00s)\n","OutputType":"frame"}
{"Time":"2026-09-08T17:57:37.76395304+03:00","Action":"pass","Package":"virmill.local/core/internal/ui/cli","Test":"TestGuestReadinessCLIExactObservationAndNoApplicationClaim/qemu:///system/unknown","Elapsed":0}
{"Time":"2026-09-08T17:57:37.763960802+03:00","Action":"output","Package":"virmill.local/core/internal/ui/cli","Test":"TestGuestReadinessCLIExactObservationAndNoApplicationClaim","Output":"--- PASS: TestGuestReadinessCLIExactObservationAndNoApplicationClaim (0.02s)\n","OutputType":"frame"}
{"Time":"2026-09-08T17:57:37.76397134+03:00","Action":"pass","Package":"virmill.local/core/internal/ui/cli","Test":"TestGuestReadinessCLIExactObservationAndNoApplicationClaim","Elapsed":0.02}
{"Time":"2026-09-08T17:57:37.763983865+03:00","Action":"run","Package":"virmill.local/core/internal/ui/cli","Test":"TestGuestReadinessCLIErrorsHaveNoObservationOrAuthority"}
{"Time":"2026-09-08T17:57:37.763985824+03:00","Action":"output","Package":"virmill.local/core/internal/ui/cli","Test":"TestGuestReadinessCLIErrorsHaveNoObservationOrAuthority","Output":"=== RUN   TestGuestReadinessCLIErrorsHaveNoObservationOrAuthority\n","OutputType":"frame"}
{"Time":"2026-09-08T17:57:37.764002513+03:00","Action":"run","Package":"virmill.local/core/internal/ui/cli","Test":"TestGuestReadinessCLIErrorsHaveNoObservationOrAuthority/native"}
{"Time":"2026-09-08T17:57:37.764004414+03:00","Action":"output","Package":"virmill.local/core/internal/ui/cli","Test":"TestGuestReadinessCLIErrorsHaveNoObservationOrAuthority/native","Output":"=== RUN   TestGuestReadinessCLIErrorsHaveNoObservationOrAuthority/native\n","OutputType":"frame"}
{"Time":"2026-09-08T17:57:37.764754175+03:00","Action":"output","Package":"virmill.local/core/internal/ui/cli","Test":"TestGuestReadinessCLIErrorsHaveNoObservationOrAuthority/native","Output":"--- PASS: TestGuestReadinessCLIErrorsHaveNoObservationOrAuthority/native (0.00s)\n","OutputType":"frame"}
{"Time":"2026-09-08T17:57:37.764760274+03:00","Action":"pass","Package":"virmill.local/core/internal/ui/cli","Test":"TestGuestReadinessCLIErrorsHaveNoObservationOrAuthority/native","Elapsed":0}
{"Time":"2026-09-08T17:57:37.764770832+03:00","Action":"run","Package":"virmill.local/core/internal/ui/cli","Test":"TestGuestReadinessCLIErrorsHaveNoObservationOrAuthority/canceled"}
{"Time":"2026-09-08T17:57:37.764772787+03:00","Action":"output","Package":"virmill.local/core/internal/ui/cli","Test":"TestGuestReadinessCLIErrorsHaveNoObservationOrAuthority/canceled","Output":"=== RUN   TestGuestReadinessCLIErrorsHaveNoObservationOrAuthority/canceled\n","OutputType":"frame"}
{"Time":"2026-09-08T17:57:37.765509082+03:00","Action":"output","Package":"virmill.local/core/internal/ui/cli","Test":"TestGuestReadinessCLIErrorsHaveNoObservationOrAuthority/canceled","Output":"--- PASS: TestGuestReadinessCLIErrorsHaveNoObservationOrAuthority/canceled (0.00s)\n","OutputType":"frame"}
{"Time":"2026-09-08T17:57:37.765513931+03:00","Action":"pass","Package":"virmill.local/core/internal/ui/cli","Test":"TestGuestReadinessCLIErrorsHaveNoObservationOrAuthority/canceled","Elapsed":0}
{"Time":"2026-09-08T17:57:37.765528747+03:00","Action":"run","Package":"virmill.local/core/internal/ui/cli","Test":"TestGuestReadinessCLIErrorsHaveNoObservationOrAuthority/transport"}
{"Time":"2026-09-08T17:57:37.765531151+03:00","Action":"output","Package":"virmill.local/core/internal/ui/cli","Test":"TestGuestReadinessCLIErrorsHaveNoObservationOrAuthority/transport","Output":"=== RUN   TestGuestReadinessCLIErrorsHaveNoObservationOrAuthority/transport\n","OutputType":"frame"}
{"Time":"2026-09-08T17:57:37.766026263+03:00","Action":"output","Package":"virmill.local/core/internal/ui/cli","Test":"TestGuestReadinessCLIErrorsHaveNoObservationOrAuthority/transport","Output":"--- PASS: TestGuestReadinessCLIErrorsHaveNoObservationOrAuthority/transport (0.00s)\n","OutputType":"frame"}
{"Time":"2026-09-08T17:57:37.766037375+03:00","Action":"pass","Package":"virmill.local/core/internal/ui/cli","Test":"TestGuestReadinessCLIErrorsHaveNoObservationOrAuthority/transport","Elapsed":0}
{"Time":"2026-09-08T17:57:37.766060216+03:00","Action":"output","Package":"virmill.local/core/internal/ui/cli","Test":"TestGuestReadinessCLIErrorsHaveNoObservationOrAuthority","Output":"--- PASS: TestGuestReadinessCLIErrorsHaveNoObservationOrAuthority (0.00s)\n","OutputType":"frame"}
{"Time":"2026-09-08T17:57:37.766068788+03:00","Action":"pass","Package":"virmill.local/core/internal/ui/cli","Test":"TestGuestReadinessCLIErrorsHaveNoObservationOrAuthority","Elapsed":0}
{"Time":"2026-09-08T17:57:37.766080899+03:00","Action":"run","Package":"virmill.local/core/internal/ui/cli","Test":"TestGuestRecipeCLIReviewedPlanAndLiteralInput"}
{"Time":"2026-09-08T17:57:37.766082794+03:00","Action":"output","Package":"virmill.local/core/internal/ui/cli","Test":"TestGuestRecipeCLIReviewedPlanAndLiteralInput","Output":"=== RUN   TestGuestRecipeCLIReviewedPlanAndLiteralInput\n","OutputType":"frame"}
{"Time":"2026-09-08T17:57:37.767309798+03:00","Action":"run","Package":"virmill.local/core/internal/ui/cli","Test":"TestGuestRecipeCLIReviewedPlanAndLiteralInput/json/default-plan"}
{"Time":"2026-09-08T17:57:37.767328621+03:00","Action":"output","Package":"virmill.local/core/internal/ui/cli","Test":"TestGuestRecipeCLIReviewedPlanAndLiteralInput/json/default-plan","Output":"=== RUN   TestGuestRecipeCLIReviewedPlanAndLiteralInput/json/default-plan\n","OutputType":"frame"}
{"Time":"2026-09-08T17:57:37.769210613+03:00","Action":"output","Package":"virmill.local/core/internal/ui/cli","Test":"TestGuestRecipeCLIReviewedPlanAndLiteralInput/json/default-plan","Output":"--- PASS: TestGuestRecipeCLIReviewedPlanAndLiteralInput/json/default-plan (0.00s)\n","OutputType":"frame"}
{"Time":"2026-09-08T17:57:37.76922702+03:00","Action":"pass","Package":"virmill.local/core/internal/ui/cli","Test":"TestGuestRecipeCLIReviewedPlanAndLiteralInput/json/default-plan","Elapsed":0}
{"Time":"2026-09-08T17:57:37.769244406+03:00","Action":"run","Package":"virmill.local/core/internal/ui/cli","Test":"TestGuestRecipeCLIReviewedPlanAndLiteralInput/json/explicit-plan"}
{"Time":"2026-09-08T17:57:37.769246487+03:00","Action":"output","Package":"virmill.local/core/internal/ui/cli","Test":"TestGuestRecipeCLIReviewedPlanAndLiteralInput/json/explicit-plan","Output":"=== RUN   TestGuestRecipeCLIReviewedPlanAndLiteralInput/json/explicit-plan\n","OutputType":"frame"}
{"Time":"2026-09-08T17:57:37.771599969+03:00","Action":"output","Package":"virmill.local/core/internal/ui/cli","Test":"TestGuestRecipeCLIReviewedPlanAndLiteralInput/json/explicit-plan","Output":"--- PASS: TestGuestRecipeCLIReviewedPlanAndLiteralInput/json/explicit-plan (0.00s)\n","OutputType":"frame"}
{"Time":"2026-09-08T17:57:37.771780141+03:00","Action":"pass","Package":"virmill.local/core/internal/ui/cli","Test":"TestGuestRecipeCLIReviewedPlanAndLiteralInput/json/explicit-plan","Elapsed":0}
{"Time":"2026-09-08T17:57:37.77179941+03:00","Action":"run","Package":"virmill.local/core/internal/ui/cli","Test":"TestGuestRecipeCLIReviewedPlanAndLiteralInput/ndjson/default-plan"}
{"Time":"2026-09-08T17:57:37.771804216+03:00","Action":"output","Package":"virmill.local/core/internal/ui/cli","Test":"TestGuestRecipeCLIReviewedPlanAndLiteralInput/ndjson/default-plan","Output":"=== RUN   TestGuestRecipeCLIReviewedPlanAndLiteralInput/ndjson/default-plan\n","OutputType":"frame"}
{"Time":"2026-09-08T17:57:37.773924983+03:00","Action":"output","Package":"virmill.local/core/internal/ui/cli","Test":"TestGuestRecipeCLIReviewedPlanAndLiteralInput/ndjson/default-plan","Output":"--- PASS: TestGuestRecipeCLIReviewedPlanAndLiteralInput/ndjson/default-plan (0.00s)\n","OutputType":"frame"}
{"Time":"2026-09-08T17:57:37.77394304+03:00","Action":"pass","Package":"virmill.local/core/internal/ui/cli","Test":"TestGuestRecipeCLIReviewedPlanAndLiteralInput/ndjson/default-plan","Elapsed":0}
{"Time":"2026-09-08T17:57:37.773956964+03:00","Action":"run","Package":"virmill.local/core/internal/ui/cli","Test":"TestGuestRecipeCLIReviewedPlanAndLiteralInput/ndjson/explicit-plan"}
{"Time":"2026-09-08T17:57:37.773959321+03:00","Action":"output","Package":"virmill.local/core/internal/ui/cli","Test":"TestGuestRecipeCLIReviewedPlanAndLiteralInput/ndjson/explicit-plan","Output":"=== RUN   TestGuestRecipeCLIReviewedPlanAndLiteralInput/ndjson/explicit-plan\n","OutputType":"frame"}
{"Time":"2026-09-08T17:57:37.775733755+03:00","Action":"output","Package":"virmill.local/core/internal/ui/cli","Test":"TestGuestRecipeCLIReviewedPlanAndLiteralInput/ndjson/explicit-plan","Output":"--- PASS: TestGuestRecipeCLIReviewedPlanAndLiteralInput/ndjson/explicit-plan (0.00s)\n","OutputType":"frame"}
{"Time":"2026-09-08T17:57:37.775746788+03:00","Action":"pass","Package":"virmill.local/core/internal/ui/cli","Test":"TestGuestRecipeCLIReviewedPlanAndLiteralInput/ndjson/explicit-plan","Elapsed":0}
{"Time":"2026-09-08T17:57:37.775767859+03:00","Action":"output","Package":"virmill.local/core/internal/ui/cli","Test":"TestGuestRecipeCLIReviewedPlanAndLiteralInput","Output":"--- PASS: TestGuestRecipeCLIReviewedPlanAndLiteralInput (0.01s)\n","OutputType":"frame"}
{"Time":"2026-09-08T17:57:37.775775378+03:00","Action":"pass","Package":"virmill.local/core/internal/ui/cli","Test":"TestGuestRecipeCLIReviewedPlanAndLiteralInput","Elapsed":0.01}
{"Time":"2026-09-08T17:57:37.775792223+03:00","Action":"run","Package":"virmill.local/core/internal/ui/cli","Test":"TestGuestRecipeCLIRejectsMissingPathImplicitApplyAndMalformedInput"}
{"Time":"2026-09-08T17:57:37.775794611+03:00","Action":"output","Package":"virmill.local/core/internal/ui/cli","Test":"TestGuestRecipeCLIRejectsMissingPathImplicitApplyAndMalformedInput","Output":"=== RUN   TestGuestRecipeCLIRejectsMissingPathImplicitApplyAndMalformedInput\n","OutputType":"frame"}
{"Time":"2026-09-08T17:57:37.775813769+03:00","Action":"run","Package":"virmill.local/core/internal/ui/cli","Test":"TestGuestRecipeCLIRejectsMissingPathImplicitApplyAndMalformedInput/missing-vm-and-path"}
{"Time":"2026-09-08T17:57:37.775815973+03:00","Action":"output","Package":"virmill.local/core/internal/ui/cli","Test":"TestGuestRecipeCLIRejectsMissingPathImplicitApplyAndMalformedInput/missing-vm-and-path","Output":"=== RUN   TestGuestRecipeCLIRejectsMissingPathImplicitApplyAndMalformedInput/missing-vm-and-path\n","OutputType":"frame"}
{"Time":"2026-09-08T17:57:37.7762491+03:00","Action":"output","Package":"virmill.local/core/internal/ui/cli","Test":"TestGuestRecipeCLIRejectsMissingPathImplicitApplyAndMalformedInput/missing-vm-and-path","Output":"--- PASS: TestGuestRecipeCLIRejectsMissingPathImplicitApplyAndMalformedInput/missing-vm-and-path (0.00s)\n","OutputType":"frame"}
{"Time":"2026-09-08T17:57:37.776261776+03:00","Action":"pass","Package":"virmill.local/core/internal/ui/cli","Test":"TestGuestRecipeCLIRejectsMissingPathImplicitApplyAndMalformedInput/missing-vm-and-path","Elapsed":0}
{"Time":"2026-09-08T17:57:37.776285321+03:00","Action":"run","Package":"virmill.local/core/internal/ui/cli","Test":"TestGuestRecipeCLIRejectsMissingPathImplicitApplyAndMalformedInput/missing-path"}
{"Time":"2026-09-08T17:57:37.776287293+03:00","Action":"output","Package":"virmill.local/core/internal/ui/cli","Test":"TestGuestRecipeCLIRejectsMissingPathImplicitApplyAndMalformedInput/missing-path","Output":"=== RUN   TestGuestRecipeCLIRejectsMissingPathImplicitApplyAndMalformedInput/missing-path\n","OutputType":"frame"}
{"Time":"2026-09-08T17:57:37.776683458+03:00","Action":"output","Package":"virmill.local/core/internal/ui/cli","Test":"TestGuestRecipeCLIRejectsMissingPathImplicitApplyAndMalformedInput/missing-path","Output":"--- PASS: TestGuestRecipeCLIRejectsMissingPathImplicitApplyAndMalformedInput/missing-path (0.00s)\n","OutputType":"frame"}
{"Time":"2026-09-08T17:57:37.776697918+03:00","Action":"pass","Package":"virmill.local/core/internal/ui/cli","Test":"TestGuestRecipeCLIRejectsMissingPathImplicitApplyAndMalformedInput/missing-path","Elapsed":0}
{"Time":"2026-09-08T17:57:37.776707818+03:00","Action":"run","Package":"virmill.local/core/internal/ui/cli","Test":"TestGuestRecipeCLIRejectsMissingPathImplicitApplyAndMalformedInput/extra-path"}
{"Time":"2026-09-08T17:57:37.776710048+03:00","Action":"output","Package":"virmill.local/core/internal/ui/cli","Test":"TestGuestRecipeCLIRejectsMissingPathImplicitApplyAndMalformedInput/extra-path","Output":"=== RUN   TestGuestRecipeCLIRejectsMissingPathImplicitApplyAndMalformedInput/extra-path\n","OutputType":"frame"}
{"Time":"2026-09-08T17:57:37.777114729+03:00","Action":"output","Package":"virmill.local/core/internal/ui/cli","Test":"TestGuestRecipeCLIRejectsMissingPathImplicitApplyAndMalformedInput/extra-path","Output":"--- PASS: TestGuestRecipeCLIRejectsMissingPathImplicitApplyAndMalformedInput/extra-path (0.00s)\n","OutputType":"frame"}
{"Time":"2026-09-08T17:57:37.77712496+03:00","Action":"pass","Package":"virmill.local/core/internal/ui/cli","Test":"TestGuestRecipeCLIRejectsMissingPathImplicitApplyAndMalformedInput/extra-path","Elapsed":0}
{"Time":"2026-09-08T17:57:37.7771379+03:00","Action":"run","Package":"virmill.local/core/internal/ui/cli","Test":"TestGuestRecipeCLIRejectsMissingPathImplicitApplyAndMalformedInput/implicit-apply"}
{"Time":"2026-09-08T17:57:37.777140242+03:00","Action":"output","Package":"virmill.local/core/internal/ui/cli","Test":"TestGuestRecipeCLIRejectsMissingPathImplicitApplyAndMalformedInput/implicit-apply","Output":"=== RUN   TestGuestRecipeCLIRejectsMissingPathImplicitApplyAndMalformedInput/implicit-apply\n","OutputType":"frame"}
{"Time":"2026-09-08T17:57:37.778311361+03:00","Action":"output","Package":"virmill.local/core/internal/ui/cli","Test":"TestGuestRecipeCLIRejectsMissingPathImplicitApplyAndMalformedInput/implicit-apply","Output":"--- PASS: TestGuestRecipeCLIRejectsMissingPathImplicitApplyAndMalformedInput/implicit-apply (0.00s)\n","OutputType":"frame"}
{"Time":"2026-09-08T17:57:37.778340199+03:00","Action":"pass","Package":"virmill.local/core/internal/ui/cli","Test":"TestGuestRecipeCLIRejectsMissingPathImplicitApplyAndMalformedInput/implicit-apply","Elapsed":0}
{"Time":"2026-09-08T17:57:37.778346713+03:00","Action":"run","Package":"virmill.local/core/internal/ui/cli","Test":"TestGuestRecipeCLIRejectsMissingPathImplicitApplyAndMalformedInput/duplicate-input"}
{"Time":"2026-09-08T17:57:37.778349936+03:00","Action":"output","Package":"virmill.local/core/internal/ui/cli","Test":"TestGuestRecipeCLIRejectsMissingPathImplicitApplyAndMalformedInput/duplicate-input","Output":"=== RUN   TestGuestRecipeCLIRejectsMissingPathImplicitApplyAndMalformedInput/duplicate-input\n","OutputType":"frame"}
{"Time":"2026-09-08T17:57:37.779022882+03:00","Action":"output","Package":"virmill.local/core/internal/ui/cli","Test":"TestGuestRecipeCLIRejectsMissingPathImplicitApplyAndMalformedInput/duplicate-input","Output":"--- PASS: TestGuestRecipeCLIRejectsMissingPathImplicitApplyAndMalformedInput/duplicate-input (0.00s)\n","OutputType":"frame"}
{"Time":"2026-09-08T17:57:37.779034765+03:00","Action":"pass","Package":"virmill.local/core/internal/ui/cli","Test":"TestGuestRecipeCLIRejectsMissingPathImplicitApplyAndMalformedInput/duplicate-input","Elapsed":0}
{"Time":"2026-09-08T17:57:37.779054018+03:00","Action":"run","Package":"virmill.local/core/internal/ui/cli","Test":"TestGuestRecipeCLIRejectsMissingPathImplicitApplyAndMalformedInput/input-array"}
{"Time":"2026-09-08T17:57:37.779057779+03:00","Action":"output","Package":"virmill.local/core/internal/ui/cli","Test":"TestGuestRecipeCLIRejectsMissingPathImplicitApplyAndMalformedInput/input-array","Output":"=== RUN   TestGuestRecipeCLIRejectsMissingPathImplicitApplyAndMalformedInput/input-array\n","OutputType":"frame"}
{"Time":"2026-09-08T17:57:37.779750422+03:00","Action":"output","Package":"virmill.local/core/internal/ui/cli","Test":"TestGuestRecipeCLIRejectsMissingPathImplicitApplyAndMalformedInput/input-array","Output":"--- PASS: TestGuestRecipeCLIRejectsMissingPathImplicitApplyAndMalformedInput/input-array (0.00s)\n","OutputType":"frame"}
{"Time":"2026-09-08T17:57:37.779766213+03:00","Action":"pass","Package":"virmill.local/core/internal/ui/cli","Test":"TestGuestRecipeCLIRejectsMissingPathImplicitApplyAndMalformedInput/input-array","Elapsed":0}
{"Time":"2026-09-08T17:57:37.779782434+03:00","Action":"run","Package":"virmill.local/core/internal/ui/cli","Test":"TestGuestRecipeCLIRejectsMissingPathImplicitApplyAndMalformedInput/trailing-input"}
{"Time":"2026-09-08T17:57:37.779786137+03:00","Action":"output","Package":"virmill.local/core/internal/ui/cli","Test":"TestGuestRecipeCLIRejectsMissingPathImplicitApplyAndMalformedInput/trailing-input","Output":"=== RUN   TestGuestRecipeCLIRejectsMissingPathImplicitApplyAndMalformedInput/trailing-input\n","OutputType":"frame"}
{"Time":"2026-09-08T17:57:37.780445453+03:00","Action":"output","Package":"virmill.local/core/internal/ui/cli","Test":"TestGuestRecipeCLIRejectsMissingPathImplicitApplyAndMalformedInput/trailing-input","Output":"--- PASS: TestGuestRecipeCLIRejectsMissingPathImplicitApplyAndMalformedInput/trailing-input (0.00s)\n","OutputType":"frame"}
{"Time":"2026-09-08T17:57:37.780474257+03:00","Action":"pass","Package":"virmill.local/core/internal/ui/cli","Test":"TestGuestRecipeCLIRejectsMissingPathImplicitApplyAndMalformedInput/trailing-input","Elapsed":0}
{"Time":"2026-09-08T17:57:37.780484669+03:00","Action":"run","Package":"virmill.local/core/internal/ui/cli","Test":"TestGuestRecipeCLIRejectsMissingPathImplicitApplyAndMalformedInput/result-extra-path"}
{"Time":"2026-09-08T17:57:37.780486564+03:00","Action":"output","Package":"virmill.local/core/internal/ui/cli","Test":"TestGuestRecipeCLIRejectsMissingPathImplicitApplyAndMalformedInput/result-extra-path","Output":"=== RUN   TestGuestRecipeCLIRejectsMissingPathImplicitApplyAndMalformedInput/result-extra-path\n","OutputType":"frame"}
{"Time":"2026-09-08T17:57:37.780855817+03:00","Action":"output","Package":"virmill.local/core/internal/ui/cli","Test":"TestGuestRecipeCLIRejectsMissingPathImplicitApplyAndMalformedInput/result-extra-path","Output":"--- PASS: TestGuestRecipeCLIRejectsMissingPathImplicitApplyAndMalformedInput/result-extra-path (0.00s)\n","OutputType":"frame"}
{"Time":"2026-09-08T17:57:37.780859783+03:00","Action":"pass","Package":"virmill.local/core/internal/ui/cli","Test":"TestGuestRecipeCLIRejectsMissingPathImplicitApplyAndMalformedInput/result-extra-path","Elapsed":0}
{"Time":"2026-09-08T17:57:37.780869623+03:00","Action":"run","Package":"virmill.local/core/internal/ui/cli","Test":"TestGuestRecipeCLIRejectsMissingPathImplicitApplyAndMalformedInput/result-plan-flag"}
{"Time":"2026-09-08T17:57:37.780871664+03:00","Action":"output","Package":"virmill.local/core/internal/ui/cli","Test":"TestGuestRecipeCLIRejectsMissingPathImplicitApplyAndMalformedInput/result-plan-flag","Output":"=== RUN   TestGuestRecipeCLIRejectsMissingPathImplicitApplyAndMalformedInput/result-plan-flag\n","OutputType":"frame"}
{"Time":"2026-09-08T17:57:37.781201035+03:00","Action":"output","Package":"virmill.local/core/internal/ui/cli","Test":"TestGuestRecipeCLIRejectsMissingPathImplicitApplyAndMalformedInput/result-plan-flag","Output":"--- PASS: TestGuestRecipeCLIRejectsMissingPathImplicitApplyAndMalformedInput/result-plan-flag (0.00s)\n","OutputType":"frame"}
{"Time":"2026-09-08T17:57:37.781204487+03:00","Action":"pass","Package":"virmill.local/core/internal/ui/cli","Test":"TestGuestRecipeCLIRejectsMissingPathImplicitApplyAndMalformedInput/result-plan-flag","Elapsed":0}
{"Time":"2026-09-08T17:57:37.781218383+03:00","Action":"output","Package":"virmill.local/core/internal/ui/cli","Test":"TestGuestRecipeCLIRejectsMissingPathImplicitApplyAndMalformedInput","Output":"--- PASS: TestGuestRecipeCLIRejectsMissingPathImplicitApplyAndMalformedInput (0.01s)\n","OutputType":"frame"}
{"Time":"2026-09-08T17:57:37.781226765+03:00","Action":"pass","Package":"virmill.local/core/internal/ui/cli","Test":"TestGuestRecipeCLIRejectsMissingPathImplicitApplyAndMalformedInput","Elapsed":0.01}
{"Time":"2026-09-08T17:57:37.781237802+03:00","Action":"run","Package":"virmill.local/core/internal/ui/cli","Test":"TestGuestRecipeCLIResultIsReadOnlyAndPreservesUnknownEffect"}
{"Time":"2026-09-08T17:57:37.781239798+03:00","Action":"output","Package":"virmill.local/core/internal/ui/cli","Test":"TestGuestRecipeCLIResultIsReadOnlyAndPreservesUnknownEffect","Output":"=== RUN   TestGuestRecipeCLIResultIsReadOnlyAndPreservesUnknownEffect\n","OutputType":"frame"}
{"Time":"2026-09-08T17:57:37.781258982+03:00","Action":"run","Package":"virmill.local/core/internal/ui/cli","Test":"TestGuestRecipeCLIResultIsReadOnlyAndPreservesUnknownEffect/json"}
{"Time":"2026-09-08T17:57:37.781261027+03:00","Action":"output","Package":"virmill.local/core/internal/ui/cli","Test":"TestGuestRecipeCLIResultIsReadOnlyAndPreservesUnknownEffect/json","Output":"=== RUN   TestGuestRecipeCLIResultIsReadOnlyAndPreservesUnknownEffect/json\n","OutputType":"frame"}
{"Time":"2026-09-08T17:57:37.781818387+03:00","Action":"output","Package":"virmill.local/core/internal/ui/cli","Test":"TestGuestRecipeCLIResultIsReadOnlyAndPreservesUnknownEffect/json","Output":"--- PASS: TestGuestRecipeCLIResultIsReadOnlyAndPreservesUnknownEffect/json (0.00s)\n","OutputType":"frame"}
{"Time":"2026-09-08T17:57:37.781828767+03:00","Action":"pass","Package":"virmill.local/core/internal/ui/cli","Test":"TestGuestRecipeCLIResultIsReadOnlyAndPreservesUnknownEffect/json","Elapsed":0}
{"Time":"2026-09-08T17:57:37.781839288+03:00","Action":"run","Package":"virmill.local/core/internal/ui/cli","Test":"TestGuestRecipeCLIResultIsReadOnlyAndPreservesUnknownEffect/ndjson"}
{"Time":"2026-09-08T17:57:37.781841147+03:00","Action":"output","Package":"virmill.local/core/internal/ui/cli","Test":"TestGuestRecipeCLIResultIsReadOnlyAndPreservesUnknownEffect/ndjson","Output":"=== RUN   TestGuestRecipeCLIResultIsReadOnlyAndPreservesUnknownEffect/ndjson\n","OutputType":"frame"}
{"Time":"2026-09-08T17:57:37.783239748+03:00","Action":"output","Package":"virmill.local/core/internal/ui/cli","Test":"TestGuestRecipeCLIResultIsReadOnlyAndPreservesUnknownEffect/ndjson","Output":"--- PASS: TestGuestRecipeCLIResultIsReadOnlyAndPreservesUnknownEffect/ndjson (0.00s)\n","OutputType":"frame"}
{"Time":"2026-09-08T17:57:37.783261595+03:00","Action":"pass","Package":"virmill.local/core/internal/ui/cli","Test":"TestGuestRecipeCLIResultIsReadOnlyAndPreservesUnknownEffect/ndjson","Elapsed":0}
{"Time":"2026-09-08T17:57:37.783290897+03:00","Action":"output","Package":"virmill.local/core/internal/ui/cli","Test":"TestGuestRecipeCLIResultIsReadOnlyAndPreservesUnknownEffect","Output":"--- PASS: TestGuestRecipeCLIResultIsReadOnlyAndPreservesUnknownEffect (0.00s)\n","OutputType":"frame"}
{"Time":"2026-09-08T17:57:37.783301446+03:00","Action":"pass","Package":"virmill.local/core/internal/ui/cli","Test":"TestGuestRecipeCLIResultIsReadOnlyAndPreservesUnknownEffect","Elapsed":0}
{"Time":"2026-09-08T17:57:37.783314321+03:00","Action":"run","Package":"virmill.local/core/internal/ui/cli","Test":"TestGuestRecipeCLIFailuresHaveNoSuccessfulPayload"}
{"Time":"2026-09-08T17:57:37.783317133+03:00","Action":"output","Package":"virmill.local/core/internal/ui/cli","Test":"TestGuestRecipeCLIFailuresHaveNoSuccessfulPayload","Output":"=== RUN   TestGuestRecipeCLIFailuresHaveNoSuccessfulPayload\n","OutputType":"frame"}
{"Time":"2026-09-08T17:57:37.783345309+03:00","Action":"run","Package":"virmill.local/core/internal/ui/cli","Test":"TestGuestRecipeCLIFailuresHaveNoSuccessfulPayload/run/SOURCE_CHANGED"}
{"Time":"2026-09-08T17:57:37.783354708+03:00","Action":"output","Package":"virmill.local/core/internal/ui/cli","Test":"TestGuestRecipeCLIFailuresHaveNoSuccessfulPayload/run/SOURCE_CHANGED","Output":"=== RUN   TestGuestRecipeCLIFailuresHaveNoSuccessfulPayload/run/SOURCE_CHANGED\n","OutputType":"frame"}
{"Time":"2026-09-08T17:57:37.783983095+03:00","Action":"output","Package":"virmill.local/core/internal/ui/cli","Test":"TestGuestRecipeCLIFailuresHaveNoSuccessfulPayload/run/SOURCE_CHANGED","Output":"--- PASS: TestGuestRecipeCLIFailuresHaveNoSuccessfulPayload/run/SOURCE_CHANGED (0.00s)\n","OutputType":"frame"}
{"Time":"2026-09-08T17:57:37.783996804+03:00","Action":"pass","Package":"virmill.local/core/internal/ui/cli","Test":"TestGuestRecipeCLIFailuresHaveNoSuccessfulPayload/run/SOURCE_CHANGED","Elapsed":0}
{"Time":"2026-09-08T17:57:37.784002046+03:00","Action":"run","Package":"virmill.local/core/internal/ui/cli","Test":"TestGuestRecipeCLIFailuresHaveNoSuccessfulPayload/run/PERMISSION_DENIED"}
{"Time":"2026-09-08T17:57:37.784004899+03:00","Action":"output","Package":"virmill.local/core/internal/ui/cli","Test":"TestGuestRecipeCLIFailuresHaveNoSuccessfulPayload/run/PERMISSION_DENIED","Output":"=== RUN   TestGuestRecipeCLIFailuresHaveNoSuccessfulPayload/run/PERMISSION_DENIED\n","OutputType":"frame"}
{"Time":"2026-09-08T17:57:37.784622064+03:00","Action":"output","Package":"virmill.local/core/internal/ui/cli","Test":"TestGuestRecipeCLIFailuresHaveNoSuccessfulPayload/run/PERMISSION_DENIED","Output":"--- PASS: TestGuestRecipeCLIFailuresHaveNoSuccessfulPayload/run/PERMISSION_DENIED (0.00s)\n","OutputType":"frame"}
{"Time":"2026-09-08T17:57:37.784627757+03:00","Action":"pass","Package":"virmill.local/core/internal/ui/cli","Test":"TestGuestRecipeCLIFailuresHaveNoSuccessfulPayload/run/PERMISSION_DENIED","Elapsed":0}
{"Time":"2026-09-08T17:57:37.784643402+03:00","Action":"run","Package":"virmill.local/core/internal/ui/cli","Test":"TestGuestRecipeCLIFailuresHaveNoSuccessfulPayload/run/INVALID_INPUT"}
{"Time":"2026-09-08T17:57:37.784646464+03:00","Action":"output","Package":"virmill.local/core/internal/ui/cli","Test":"TestGuestRecipeCLIFailuresHaveNoSuccessfulPayload/run/INVALID_INPUT","Output":"=== RUN   TestGuestRecipeCLIFailuresHaveNoSuccessfulPayload/run/INVALID_INPUT\n","OutputType":"frame"}
{"Time":"2026-09-08T17:57:37.785346224+03:00","Action":"output","Package":"virmill.local/core/internal/ui/cli","Test":"TestGuestRecipeCLIFailuresHaveNoSuccessfulPayload/run/INVALID_INPUT","Output":"--- PASS: TestGuestRecipeCLIFailuresHaveNoSuccessfulPayload/run/INVALID_INPUT (0.00s)\n","OutputType":"frame"}
{"Time":"2026-09-08T17:57:37.785358259+03:00","Action":"pass","Package":"virmill.local/core/internal/ui/cli","Test":"TestGuestRecipeCLIFailuresHaveNoSuccessfulPayload/run/INVALID_INPUT","Elapsed":0}
{"Time":"2026-09-08T17:57:37.78537584+03:00","Action":"run","Package":"virmill.local/core/internal/ui/cli","Test":"TestGuestRecipeCLIFailuresHaveNoSuccessfulPayload/run/RECOVERY_REQUIRED"}
{"Time":"2026-09-08T17:57:37.785378199+03:00","Action":"output","Package":"virmill.local/core/internal/ui/cli","Test":"TestGuestRecipeCLIFailuresHaveNoSuccessfulPayload/run/RECOVERY_REQUIRED","Output":"=== RUN   TestGuestRecipeCLIFailuresHaveNoSuccessfulPayload/run/RECOVERY_REQUIRED\n","OutputType":"frame"}
{"Time":"2026-09-08T17:57:37.786058683+03:00","Action":"output","Package":"virmill.local/core/internal/ui/cli","Test":"TestGuestRecipeCLIFailuresHaveNoSuccessfulPayload/run/RECOVERY_REQUIRED","Output":"--- PASS: TestGuestRecipeCLIFailuresHaveNoSuccessfulPayload/run/RECOVERY_REQUIRED (0.00s)\n","OutputType":"frame"}
{"Time":"2026-09-08T17:57:37.786065888+03:00","Action":"pass","Package":"virmill.local/core/internal/ui/cli","Test":"TestGuestRecipeCLIFailuresHaveNoSuccessfulPayload/run/RECOVERY_REQUIRED","Elapsed":0}
{"Time":"2026-09-08T17:57:37.786083856+03:00","Action":"run","Package":"virmill.local/core/internal/ui/cli","Test":"TestGuestRecipeCLIFailuresHaveNoSuccessfulPayload/run/canceled"}
{"Time":"2026-09-08T17:57:37.786086049+03:00","Action":"output","Package":"virmill.local/core/internal/ui/cli","Test":"TestGuestRecipeCLIFailuresHaveNoSuccessfulPayload/run/canceled","Output":"=== RUN   TestGuestRecipeCLIFailuresHaveNoSuccessfulPayload/run/canceled\n","OutputType":"frame"}
{"Time":"2026-09-08T17:57:37.786825248+03:00","Action":"output","Package":"virmill.local/core/internal/ui/cli","Test":"TestGuestRecipeCLIFailuresHaveNoSuccessfulPayload/run/canceled","Output":"--- PASS: TestGuestRecipeCLIFailuresHaveNoSuccessfulPayload/run/canceled (0.00s)\n","OutputType":"frame"}
{"Time":"2026-09-08T17:57:37.786835432+03:00","Action":"pass","Package":"virmill.local/core/internal/ui/cli","Test":"TestGuestRecipeCLIFailuresHaveNoSuccessfulPayload/run/canceled","Elapsed":0}
{"Time":"2026-09-08T17:57:37.786844846+03:00","Action":"run","Package":"virmill.local/core/internal/ui/cli","Test":"TestGuestRecipeCLIFailuresHaveNoSuccessfulPayload/run/transport"}
{"Time":"2026-09-08T17:57:37.786846367+03:00","Action":"output","Package":"virmill.local/core/internal/ui/cli","Test":"TestGuestRecipeCLIFailuresHaveNoSuccessfulPayload/run/transport","Output":"=== RUN   TestGuestRecipeCLIFailuresHaveNoSuccessfulPayload/run/transport\n","OutputType":"frame"}
{"Time":"2026-09-08T17:57:37.788440939+03:00","Action":"output","Package":"virmill.local/core/internal/ui/cli","Test":"TestGuestRecipeCLIFailuresHaveNoSuccessfulPayload/run/transport","Output":"--- PASS: TestGuestRecipeCLIFailuresHaveNoSuccessfulPayload/run/transport (0.00s)\n","OutputType":"frame"}
{"Time":"2026-09-08T17:57:37.788462129+03:00","Action":"pass","Package":"virmill.local/core/internal/ui/cli","Test":"TestGuestRecipeCLIFailuresHaveNoSuccessfulPayload/run/transport","Elapsed":0}
{"Time":"2026-09-08T17:57:37.788465571+03:00","Action":"run","Package":"virmill.local/core/internal/ui/cli","Test":"TestGuestRecipeCLIFailuresHaveNoSuccessfulPayload/result/SOURCE_CHANGED"}
{"Time":"2026-09-08T17:57:37.788467076+03:00","Action":"output","Package":"virmill.local/core/internal/ui/cli","Test":"TestGuestRecipeCLIFailuresHaveNoSuccessfulPayload/result/SOURCE_CHANGED","Output":"=== RUN   TestGuestRecipeCLIFailuresHaveNoSuccessfulPayload/result/SOURCE_CHANGED\n","OutputType":"frame"}
{"Time":"2026-09-08T17:57:37.789001371+03:00","Action":"output","Package":"virmill.local/core/internal/ui/cli","Test":"TestGuestRecipeCLIFailuresHaveNoSuccessfulPayload/result/SOURCE_CHANGED","Output":"--- PASS: TestGuestRecipeCLIFailuresHaveNoSuccessfulPayload/result/SOURCE_CHANGED (0.00s)\n","OutputType":"frame"}
{"Time":"2026-09-08T17:57:37.789012312+03:00","Action":"pass","Package":"virmill.local/core/internal/ui/cli","Test":"TestGuestRecipeCLIFailuresHaveNoSuccessfulPayload/result/SOURCE_CHANGED","Elapsed":0}
{"Time":"2026-09-08T17:57:37.789026388+03:00","Action":"run","Package":"virmill.local/core/internal/ui/cli","Test":"TestGuestRecipeCLIFailuresHaveNoSuccessfulPayload/result/PERMISSION_DENIED"}
{"Time":"2026-09-08T17:57:37.789028412+03:00","Action":"output","Package":"virmill.local/core/internal/ui/cli","Test":"TestGuestRecipeCLIFailuresHaveNoSuccessfulPayload/result/PERMISSION_DENIED","Output":"=== RUN   TestGuestRecipeCLIFailuresHaveNoSuccessfulPayload/result/PERMISSION_DENIED\n","OutputType":"frame"}
{"Time":"2026-09-08T17:57:37.789591832+03:00","Action":"output","Package":"virmill.local/core/internal/ui/cli","Test":"TestGuestRecipeCLIFailuresHaveNoSuccessfulPayload/result/PERMISSION_DENIED","Output":"--- PASS: TestGuestRecipeCLIFailuresHaveNoSuccessfulPayload/result/PERMISSION_DENIED (0.00s)\n","OutputType":"frame"}
{"Time":"2026-09-08T17:57:37.789601285+03:00","Action":"pass","Package":"virmill.local/core/internal/ui/cli","Test":"TestGuestRecipeCLIFailuresHaveNoSuccessfulPayload/result/PERMISSION_DENIED","Elapsed":0}
{"Time":"2026-09-08T17:57:37.789617155+03:00","Action":"run","Package":"virmill.local/core/internal/ui/cli","Test":"TestGuestRecipeCLIFailuresHaveNoSuccessfulPayload/result/INVALID_INPUT"}
{"Time":"2026-09-08T17:57:37.789619419+03:00","Action":"output","Package":"virmill.local/core/internal/ui/cli","Test":"TestGuestRecipeCLIFailuresHaveNoSuccessfulPayload/result/INVALID_INPUT","Output":"=== RUN   TestGuestRecipeCLIFailuresHaveNoSuccessfulPayload/result/INVALID_INPUT\n","OutputType":"frame"}
{"Time":"2026-09-08T17:57:37.790151745+03:00","Action":"output","Package":"virmill.local/core/internal/ui/cli","Test":"TestGuestRecipeCLIFailuresHaveNoSuccessfulPayload/result/INVALID_INPUT","Output":"--- PASS: TestGuestRecipeCLIFailuresHaveNoSuccessfulPayload/result/INVALID_INPUT (0.00s)\n","OutputType":"frame"}
{"Time":"2026-09-08T17:57:37.790163754+03:00","Action":"pass","Package":"virmill.local/core/internal/ui/cli","Test":"TestGuestRecipeCLIFailuresHaveNoSuccessfulPayload/result/INVALID_INPUT","Elapsed":0}
{"Time":"2026-09-08T17:57:37.790179908+03:00","Action":"run","Package":"virmill.local/core/internal/ui/cli","Test":"TestGuestRecipeCLIFailuresHaveNoSuccessfulPayload/result/RECOVERY_REQUIRED"}
{"Time":"2026-09-08T17:57:37.790181984+03:00","Action":"output","Package":"virmill.local/core/internal/ui/cli","Test":"TestGuestRecipeCLIFailuresHaveNoSuccessfulPayload/result/RECOVERY_REQUIRED","Output":"=== RUN   TestGuestRecipeCLIFailuresHaveNoSuccessfulPayload/result/RECOVERY_REQUIRED\n","OutputType":"frame"}
{"Time":"2026-09-08T17:57:37.790727652+03:00","Action":"output","Package":"virmill.local/core/internal/ui/cli","Test":"TestGuestRecipeCLIFailuresHaveNoSuccessfulPayload/result/RECOVERY_REQUIRED","Output":"--- PASS: TestGuestRecipeCLIFailuresHaveNoSuccessfulPayload/result/RECOVERY_REQUIRED (0.00s)\n","OutputType":"frame"}
{"Time":"2026-09-08T17:57:37.790737212+03:00","Action":"pass","Package":"virmill.local/core/internal/ui/cli","Test":"TestGuestRecipeCLIFailuresHaveNoSuccessfulPayload/result/RECOVERY_REQUIRED","Elapsed":0}
{"Time":"2026-09-08T17:57:37.790749383+03:00","Action":"run","Package":"virmill.local/core/internal/ui/cli","Test":"TestGuestRecipeCLIFailuresHaveNoSuccessfulPayload/result/canceled"}
{"Time":"2026-09-08T17:57:37.790751552+03:00","Action":"output","Package":"virmill.local/core/internal/ui/cli","Test":"TestGuestRecipeCLIFailuresHaveNoSuccessfulPayload/result/canceled","Output":"=== RUN   TestGuestRecipeCLIFailuresHaveNoSuccessfulPayload/result/canceled\n","OutputType":"frame"}
{"Time":"2026-09-08T17:57:37.791291161+03:00","Action":"output","Package":"virmill.local/core/internal/ui/cli","Test":"TestGuestRecipeCLIFailuresHaveNoSuccessfulPayload/result/canceled","Output":"--- PASS: TestGuestRecipeCLIFailuresHaveNoSuccessfulPayload/result/canceled (0.00s)\n","OutputType":"frame"}
{"Time":"2026-09-08T17:57:37.791302793+03:00","Action":"pass","Package":"virmill.local/core/internal/ui/cli","Test":"TestGuestRecipeCLIFailuresHaveNoSuccessfulPayload/result/canceled","Elapsed":0}
{"Time":"2026-09-08T17:57:37.791315086+03:00","Action":"run","Package":"virmill.local/core/internal/ui/cli","Test":"TestGuestRecipeCLIFailuresHaveNoSuccessfulPayload/result/transport"}
{"Time":"2026-09-08T17:57:37.791317337+03:00","Action":"output","Package":"virmill.local/core/internal/ui/cli","Test":"TestGuestRecipeCLIFailuresHaveNoSuccessfulPayload/result/transport","Output":"=== RUN   TestGuestRecipeCLIFailuresHaveNoSuccessfulPayload/result/transport\n","OutputType":"frame"}
{"Time":"2026-09-08T17:57:37.792641407+03:00","Action":"output","Package":"virmill.local/core/internal/ui/cli","Test":"TestGuestRecipeCLIFailuresHaveNoSuccessfulPayload/result/transport","Output":"--- PASS: TestGuestRecipeCLIFailuresHaveNoSuccessfulPayload/result/transport (0.00s)\n","OutputType":"frame"}
{"Time":"2026-09-08T17:57:37.792652465+03:00","Action":"pass","Package":"virmill.local/core/internal/ui/cli","Test":"TestGuestRecipeCLIFailuresHaveNoSuccessfulPayload/result/transport","Elapsed":0}
{"Time":"2026-09-08T17:57:37.792678009+03:00","Action":"output","Package":"virmill.local/core/internal/ui/cli","Test":"TestGuestRecipeCLIFailuresHaveNoSuccessfulPayload","Output":"--- PASS: TestGuestRecipeCLIFailuresHaveNoSuccessfulPayload (0.01s)\n","OutputType":"frame"}
{"Time":"2026-09-08T17:57:37.792683805+03:00","Action":"pass","Package":"virmill.local/core/internal/ui/cli","Test":"TestGuestRecipeCLIFailuresHaveNoSuccessfulPayload","Elapsed":0.01}
{"Time":"2026-09-08T17:57:37.79270088+03:00","Action":"run","Package":"virmill.local/core/internal/ui/cli","Test":"TestReadOnlyHostInventoryCommands"}
{"Time":"2026-09-08T17:57:37.792702858+03:00","Action":"output","Package":"virmill.local/core/internal/ui/cli","Test":"TestReadOnlyHostInventoryCommands","Output":"=== RUN   TestReadOnlyHostInventoryCommands\n","OutputType":"frame"}
{"Time":"2026-09-08T17:57:37.79468475+03:00","Action":"output","Package":"virmill.local/core/internal/ui/cli","Test":"TestReadOnlyHostInventoryCommands","Output":"--- PASS: TestReadOnlyHostInventoryCommands (0.00s)\n","OutputType":"frame"}
{"Time":"2026-09-08T17:57:37.794697451+03:00","Action":"pass","Package":"virmill.local/core/internal/ui/cli","Test":"TestReadOnlyHostInventoryCommands","Elapsed":0}
{"Time":"2026-09-08T17:57:37.794711904+03:00","Action":"run","Package":"virmill.local/core/internal/ui/cli","Test":"TestLocalBackupCLIServiceParity"}
{"Time":"2026-09-08T17:57:37.794713929+03:00","Action":"output","Package":"virmill.local/core/internal/ui/cli","Test":"TestLocalBackupCLIServiceParity","Output":"=== RUN   TestLocalBackupCLIServiceParity\n","OutputType":"frame"}
{"Time":"2026-09-08T17:57:37.794739036+03:00","Action":"run","Package":"virmill.local/core/internal/ui/cli","Test":"TestLocalBackupCLIServiceParity/backup.repository.init"}
{"Time":"2026-09-08T17:57:37.794744649+03:00","Action":"output","Package":"virmill.local/core/internal/ui/cli","Test":"TestLocalBackupCLIServiceParity/backup.repository.init","Output":"=== RUN   TestLocalBackupCLIServiceParity/backup.repository.init\n","OutputType":"frame"}
{"Time":"2026-09-08T17:57:37.795284196+03:00","Action":"output","Package":"virmill.local/core/internal/ui/cli","Test":"TestLocalBackupCLIServiceParity/backup.repository.init","Output":"--- PASS: TestLocalBackupCLIServiceParity/backup.repository.init (0.00s)\n","OutputType":"frame"}
{"Time":"2026-09-08T17:57:37.795294042+03:00","Action":"pass","Package":"virmill.local/core/internal/ui/cli","Test":"TestLocalBackupCLIServiceParity/backup.repository.init","Elapsed":0}
{"Time":"2026-09-08T17:57:37.795309251+03:00","Action":"run","Package":"virmill.local/core/internal/ui/cli","Test":"TestLocalBackupCLIServiceParity/backup.repository.check"}
{"Time":"2026-09-08T17:57:37.795311142+03:00","Action":"output","Package":"virmill.local/core/internal/ui/cli","Test":"TestLocalBackupCLIServiceParity/backup.repository.check","Output":"=== RUN   TestLocalBackupCLIServiceParity/backup.repository.check\n","OutputType":"frame"}
{"Time":"2026-09-08T17:57:37.795813827+03:00","Action":"output","Package":"virmill.local/core/internal/ui/cli","Test":"TestLocalBackupCLIServiceParity/backup.repository.check","Output":"--- PASS: TestLocalBackupCLIServiceParity/backup.repository.check (0.00s)\n","OutputType":"frame"}
{"Time":"2026-09-08T17:57:37.795823104+03:00","Action":"pass","Package":"virmill.local/core/internal/ui/cli","Test":"TestLocalBackupCLIServiceParity/backup.repository.check","Elapsed":0}
{"Time":"2026-09-08T17:57:37.795834466+03:00","Action":"run","Package":"virmill.local/core/internal/ui/cli","Test":"TestLocalBackupCLIServiceParity/backup.create"}
{"Time":"2026-09-08T17:57:37.79583617+03:00","Action":"output","Package":"virmill.local/core/internal/ui/cli","Test":"TestLocalBackupCLIServiceParity/backup.create","Output":"=== RUN   TestLocalBackupCLIServiceParity/backup.create\n","OutputType":"frame"}
{"Time":"2026-09-08T17:57:37.796343921+03:00","Action":"output","Package":"virmill.local/core/internal/ui/cli","Test":"TestLocalBackupCLIServiceParity/backup.create","Output":"--- PASS: TestLocalBackupCLIServiceParity/backup.create (0.00s)\n","OutputType":"frame"}
{"Time":"2026-09-08T17:57:37.796353846+03:00","Action":"pass","Package":"virmill.local/core/internal/ui/cli","Test":"TestLocalBackupCLIServiceParity/backup.create","Elapsed":0}
{"Time":"2026-09-08T17:57:37.796364867+03:00","Action":"run","Package":"virmill.local/core/internal/ui/cli","Test":"TestLocalBackupCLIServiceParity/backup.restore"}
{"Time":"2026-09-08T17:57:37.796366677+03:00","Action":"output","Package":"virmill.local/core/internal/ui/cli","Test":"TestLocalBackupCLIServiceParity/backup.restore","Output":"=== RUN   TestLocalBackupCLIServiceParity/backup.restore\n","OutputType":"frame"}
{"Time":"2026-09-08T17:57:37.797418137+03:00","Action":"output","Package":"virmill.local/core/internal/ui/cli","Test":"TestLocalBackupCLIServiceParity/backup.restore","Output":"--- PASS: TestLocalBackupCLIServiceParity/backup.restore (0.00s)\n","OutputType":"frame"}
{"Time":"2026-09-08T17:57:37.797538498+03:00","Action":"pass","Package":"virmill.local/core/internal/ui/cli","Test":"TestLocalBackupCLIServiceParity/backup.restore","Elapsed":0}
{"Time":"2026-09-08T17:57:37.797549259+03:00","Action":"run","Package":"virmill.local/core/internal/ui/cli","Test":"TestLocalBackupCLIServiceParity/backup.result"}
{"Time":"2026-09-08T17:57:37.797554297+03:00","Action":"output","Package":"virmill.local/core/internal/ui/cli","Test":"TestLocalBackupCLIServiceParity/backup.result","Output":"=== RUN   TestLocalBackupCLIServiceParity/backup.result\n","OutputType":"frame"}
{"Time":"2026-09-08T17:57:37.798029939+03:00","Action":"output","Package":"virmill.local/core/internal/ui/cli","Test":"TestLocalBackupCLIServiceParity/backup.result","Output":"--- PASS: TestLocalBackupCLIServiceParity/backup.result (0.00s)\n","OutputType":"frame"}
{"Time":"2026-09-08T17:57:37.7980385+03:00","Action":"pass","Package":"virmill.local/core/internal/ui/cli","Test":"TestLocalBackupCLIServiceParity/backup.result","Elapsed":0}
{"Time":"2026-09-08T17:57:37.798055659+03:00","Action":"output","Package":"virmill.local/core/internal/ui/cli","Test":"TestLocalBackupCLIServiceParity","Output":"--- PASS: TestLocalBackupCLIServiceParity (0.00s)\n","OutputType":"frame"}
{"Time":"2026-09-08T17:57:37.79806788+03:00","Action":"pass","Package":"virmill.local/core/internal/ui/cli","Test":"TestLocalBackupCLIServiceParity","Elapsed":0}
{"Time":"2026-09-08T17:57:37.798081765+03:00","Action":"run","Package":"virmill.local/core/internal/ui/cli","Test":"TestNetworkAllocationCLIPlanReadbackAndExactApply"}
{"Time":"2026-09-08T17:57:37.798084991+03:00","Action":"output","Package":"virmill.local/core/internal/ui/cli","Test":"TestNetworkAllocationCLIPlanReadbackAndExactApply","Output":"=== RUN   TestNetworkAllocationCLIPlanReadbackAndExactApply\n","OutputType":"frame"}
{"Time":"2026-09-08T17:57:37.798104278+03:00","Action":"run","Package":"virmill.local/core/internal/ui/cli","Test":"TestNetworkAllocationCLIPlanReadbackAndExactApply/json/ranges"}
{"Time":"2026-09-08T17:57:37.798107166+03:00","Action":"output","Package":"virmill.local/core/internal/ui/cli","Test":"TestNetworkAllocationCLIPlanReadbackAndExactApply/json/ranges","Output":"=== RUN   TestNetworkAllocationCLIPlanReadbackAndExactApply/json/ranges\n","OutputType":"frame"}
{"Time":"2026-09-08T17:57:37.805481635+03:00","Action":"output","Package":"virmill.local/core/internal/ui/tui","Test":"TestGuestRecipeTUIExactFormReviewedPlanAndCancel/qemu:///session","Output":"--- PASS: TestGuestRecipeTUIExactFormReviewedPlanAndCancel/qemu:///session (0.19s)\n","OutputType":"frame"}
{"Time":"2026-09-08T17:57:37.805506798+03:00","Action":"pass","Package":"virmill.local/core/internal/ui/tui","Test":"TestGuestRecipeTUIExactFormReviewedPlanAndCancel/qemu:///session","Elapsed":0.19}
{"Time":"2026-09-08T17:57:37.80551541+03:00","Action":"output","Package":"virmill.local/core/internal/ui/tui","Test":"TestGuestRecipeTUIExactFormReviewedPlanAndCancel","Output":"--- PASS: TestGuestRecipeTUIExactFormReviewedPlanAndCancel (0.38s)\n","OutputType":"frame"}
{"Time":"2026-09-08T17:57:37.805519735+03:00","Action":"pass","Package":"virmill.local/core/internal/ui/tui","Test":"TestGuestRecipeTUIExactFormReviewedPlanAndCancel","Elapsed":0.38}
{"Time":"2026-09-08T17:57:37.805543031+03:00","Action":"run","Package":"virmill.local/core/internal/ui/tui","Test":"TestGuestRecipeTUIMalformedFormNeverDispatches"}
{"Time":"2026-09-08T17:57:37.805546996+03:00","Action":"output","Package":"virmill.local/core/internal/ui/tui","Test":"TestGuestRecipeTUIMalformedFormNeverDispatches","Output":"=== RUN   TestGuestRecipeTUIMalformedFormNeverDispatches\n","OutputType":"frame"}
{"Time":"2026-09-08T17:57:37.805582898+03:00","Action":"run","Package":"virmill.local/core/internal/ui/tui","Test":"TestGuestRecipeTUIMalformedFormNeverDispatches/not-json"}
{"Time":"2026-09-08T17:57:37.805586384+03:00","Action":"output","Package":"virmill.local/core/internal/ui/tui","Test":"TestGuestRecipeTUIMalformedFormNeverDispatches/not-json","Output":"=== RUN   TestGuestRecipeTUIMalformedFormNeverDispatches/not-json\n","OutputType":"frame"}
{"Time":"2026-09-08T17:57:37.808292829+03:00","Action":"output","Package":"virmill.local/core/internal/ui/tui","Test":"TestGuestRecipeTUIMalformedFormNeverDispatches/not-json","Output":"--- PASS: TestGuestRecipeTUIMalformedFormNeverDispatches/not-json (0.00s)\n","OutputType":"frame"}
{"Time":"2026-09-08T17:57:37.808308779+03:00","Action":"pass","Package":"virmill.local/core/internal/ui/tui","Test":"TestGuestRecipeTUIMalformedFormNeverDispatches/not-json","Elapsed":0}
{"Time":"2026-09-08T17:57:37.808312605+03:00","Action":"run","Package":"virmill.local/core/internal/ui/tui","Test":"TestGuestRecipeTUIMalformedFormNeverDispatches/[]"}
{"Time":"2026-09-08T17:57:37.808315042+03:00","Action":"output","Package":"virmill.local/core/internal/ui/tui","Test":"TestGuestRecipeTUIMalformedFormNeverDispatches/[]","Output":"=== RUN   TestGuestRecipeTUIMalformedFormNeverDispatches/[]\n","OutputType":"frame"}
{"Time":"2026-09-08T17:57:37.809855556+03:00","Action":"output","Package":"virmill.local/core/internal/ui/tui","Test":"TestGuestRecipeTUIMalformedFormNeverDispatches/[]","Output":"--- PASS: TestGuestRecipeTUIMalformedFormNeverDispatches/[] (0.00s)\n","OutputType":"frame"}
{"Time":"2026-09-08T17:57:37.809865923+03:00","Action":"pass","Package":"virmill.local/core/internal/ui/tui","Test":"TestGuestRecipeTUIMalformedFormNeverDispatches/[]","Elapsed":0}
{"Time":"2026-09-08T17:57:37.809874803+03:00","Action":"run","Package":"virmill.local/core/internal/ui/tui","Test":"TestGuestRecipeTUIMalformedFormNeverDispatches/{}_{}"}
{"Time":"2026-09-08T17:57:37.80987838+03:00","Action":"output","Package":"virmill.local/core/internal/ui/tui","Test":"TestGuestRecipeTUIMalformedFormNeverDispatches/{}_{}","Output":"=== RUN   TestGuestRecipeTUIMalformedFormNeverDispatches/{}_{}\n","OutputType":"frame"}
{"Time":"2026-09-08T17:57:37.811996851+03:00","Action":"output","Package":"virmill.local/core/internal/ui/tui","Test":"TestGuestRecipeTUIMalformedFormNeverDispatches/{}_{}","Output":"--- PASS: TestGuestRecipeTUIMalformedFormNeverDispatches/{}_{} (0.00s)\n","OutputType":"frame"}
{"Time":"2026-09-08T17:57:37.812009933+03:00","Action":"pass","Package":"virmill.local/core/internal/ui/tui","Test":"TestGuestRecipeTUIMalformedFormNeverDispatches/{}_{}","Elapsed":0}
{"Time":"2026-09-08T17:57:37.81201461+03:00","Action":"run","Package":"virmill.local/core/internal/ui/tui","Test":"TestGuestRecipeTUIMalformedFormNeverDispatches/{\"id\":\"a\",\"id\":\"b\"}"}
{"Time":"2026-09-08T17:57:37.81201882+03:00","Action":"output","Package":"virmill.local/core/internal/ui/tui","Test":"TestGuestRecipeTUIMalformedFormNeverDispatches/{\"id\":\"a\",\"id\":\"b\"}","Output":"=== RUN   TestGuestRecipeTUIMalformedFormNeverDispatches/{\"id\":\"a\",\"id\":\"b\"}\n","OutputType":"frame"}
{"Time":"2026-09-08T17:57:37.816829537+03:00","Action":"output","Package":"virmill.local/core/internal/ui/tui","Test":"TestGuestRecipeTUIMalformedFormNeverDispatches/{\"id\":\"a\",\"id\":\"b\"}","Output":"--- PASS: TestGuestRecipeTUIMalformedFormNeverDispatches/{\"id\":\"a\",\"id\":\"b\"} (0.00s)\n","OutputType":"frame"}
{"Time":"2026-09-08T17:57:37.816844179+03:00","Action":"pass","Package":"virmill.local/core/internal/ui/tui","Test":"TestGuestRecipeTUIMalformedFormNeverDispatches/{\"id\":\"a\",\"id\":\"b\"}","Elapsed":0}
{"Time":"2026-09-08T17:57:37.816855964+03:00","Action":"run","Package":"virmill.local/core/internal/ui/tui","Test":"TestGuestRecipeTUIMalformedFormNeverDispatches/{\"id\":\"a\",\"path\":\"/private/recipe.json\",\"input\":[]}"}
{"Time":"2026-09-08T17:57:37.816860536+03:00","Action":"output","Package":"virmill.local/core/internal/ui/tui","Test":"TestGuestRecipeTUIMalformedFormNeverDispatches/{\"id\":\"a\",\"path\":\"/private/recipe.json\",\"input\":[]}","Output":"=== RUN   TestGuestRecipeTUIMalformedFormNeverDispatches/{\"id\":\"a\",\"path\":\"/private/recipe.json\",\"input\":[]}\n","OutputType":"frame"}
{"Time":"2026-09-08T17:57:37.823711209+03:00","Action":"output","Package":"virmill.local/core/internal/ui/cli","Test":"TestNetworkAllocationCLIPlanReadbackAndExactApply/json/ranges","Output":"--- PASS: TestNetworkAllocationCLIPlanReadbackAndExactApply/json/ranges (0.03s)\n","OutputType":"frame"}
{"Time":"2026-09-08T17:57:37.823764143+03:00","Action":"pass","Package":"virmill.local/core/internal/ui/cli","Test":"TestNetworkAllocationCLIPlanReadbackAndExactApply/json/ranges","Elapsed":0.03}
{"Time":"2026-09-08T17:57:37.823783669+03:00","Action":"run","Package":"virmill.local/core/internal/ui/cli","Test":"TestNetworkAllocationCLIPlanReadbackAndExactApply/json/planned-conflict"}
{"Time":"2026-09-08T17:57:37.823788323+03:00","Action":"output","Package":"virmill.local/core/internal/ui/cli","Test":"TestNetworkAllocationCLIPlanReadbackAndExactApply/json/planned-conflict","Output":"=== RUN   TestNetworkAllocationCLIPlanReadbackAndExactApply/json/planned-conflict\n","OutputType":"frame"}
{"Time":"2026-09-08T17:57:37.82837762+03:00","Action":"output","Package":"virmill.local/core/internal/ui/tui","Test":"TestGuestRecipeTUIMalformedFormNeverDispatches/{\"id\":\"a\",\"path\":\"/private/recipe.json\",\"input\":[]}","Output":"--- PASS: TestGuestRecipeTUIMalformedFormNeverDispatches/{\"id\":\"a\",\"path\":\"/private/recipe.json\",\"input\":[]} (0.01s)\n","OutputType":"frame"}
{"Time":"2026-09-08T17:57:37.828396785+03:00","Action":"pass","Package":"virmill.local/core/internal/ui/tui","Test":"TestGuestRecipeTUIMalformedFormNeverDispatches/{\"id\":\"a\",\"path\":\"/private/recipe.json\",\"input\":[]}","Elapsed":0.01}
{"Time":"2026-09-08T17:57:37.82841846+03:00","Action":"run","Package":"virmill.local/core/internal/ui/tui","Test":"TestGuestRecipeTUIMalformedFormNeverDispatches/{\"id\":\"a\",\"path\":\"/private/recipe.json\",\"apply\":true}"}
{"Time":"2026-09-08T17:57:37.828421283+03:00","Action":"output","Package":"virmill.local/core/internal/ui/tui","Test":"TestGuestRecipeTUIMalformedFormNeverDispatches/{\"id\":\"a\",\"path\":\"/private/recipe.json\",\"apply\":true}","Output":"=== RUN   TestGuestRecipeTUIMalformedFormNeverDispatches/{\"id\":\"a\",\"path\":\"/private/recipe.json\",\"apply\":true}\n","OutputType":"frame"}
{"Time":"2026-09-08T17:57:37.841518324+03:00","Action":"output","Package":"virmill.local/core/internal/ui/tui","Test":"TestGuestRecipeTUIMalformedFormNeverDispatches/{\"id\":\"a\",\"path\":\"/private/recipe.json\",\"apply\":true}","Output":"--- PASS: TestGuestRecipeTUIMalformedFormNeverDispatches/{\"id\":\"a\",\"path\":\"/private/recipe.json\",\"apply\":true} (0.01s)\n","OutputType":"frame"}
{"Time":"2026-09-08T17:57:37.841541979+03:00","Action":"pass","Package":"virmill.local/core/internal/ui/tui","Test":"TestGuestRecipeTUIMalformedFormNeverDispatches/{\"id\":\"a\",\"path\":\"/private/recipe.json\",\"apply\":true}","Elapsed":0.01}
{"Time":"2026-09-08T17:57:37.841547058+03:00","Action":"output","Package":"virmill.local/core/internal/ui/tui","Test":"TestGuestRecipeTUIMalformedFormNeverDispatches","Output":"--- PASS: TestGuestRecipeTUIMalformedFormNeverDispatches (0.04s)\n","OutputType":"frame"}
{"Time":"2026-09-08T17:57:37.841554139+03:00","Action":"pass","Package":"virmill.local/core/internal/ui/tui","Test":"TestGuestRecipeTUIMalformedFormNeverDispatches","Elapsed":0.04}
{"Time":"2026-09-08T17:57:37.841570994+03:00","Action":"run","Package":"virmill.local/core/internal/ui/tui","Test":"TestGuestRecipeTUIResultReadOnlyAndUnknownEffectVisible"}
{"Time":"2026-09-08T17:57:37.841573102+03:00","Action":"output","Package":"virmill.local/core/internal/ui/tui","Test":"TestGuestRecipeTUIResultReadOnlyAndUnknownEffectVisible","Output":"=== RUN   TestGuestRecipeTUIResultReadOnlyAndUnknownEffectVisible\n","OutputType":"frame"}
{"Time":"2026-09-08T17:57:37.848794553+03:00","Action":"output","Package":"virmill.local/core/internal/ui/cli","Test":"TestNetworkAllocationCLIPlanReadbackAndExactApply/json/planned-conflict","Output":"--- PASS: TestNetworkAllocationCLIPlanReadbackAndExactApply/json/planned-conflict (0.02s)\n","OutputType":"frame"}
{"Time":"2026-09-08T17:57:37.848803755+03:00","Action":"pass","Package":"virmill.local/core/internal/ui/cli","Test":"TestNetworkAllocationCLIPlanReadbackAndExactApply/json/planned-conflict","Elapsed":0.02}
{"Time":"2026-09-08T17:57:37.848823737+03:00","Action":"run","Package":"virmill.local/core/internal/ui/cli","Test":"TestNetworkAllocationCLIPlanReadbackAndExactApply/ndjson/ranges"}
{"Time":"2026-09-08T17:57:37.848825769+03:00","Action":"output","Package":"virmill.local/core/internal/ui/cli","Test":"TestNetworkAllocationCLIPlanReadbackAndExactApply/ndjson/ranges","Output":"=== RUN   TestNetworkAllocationCLIPlanReadbackAndExactApply/ndjson/ranges\n","OutputType":"frame"}
{"Time":"2026-09-08T17:57:37.849780416+03:00","Action":"output","Package":"virmill.local/core/internal/ui/tui","Test":"TestGuestRecipeTUIResultReadOnlyAndUnknownEffectVisible","Output":"--- PASS: TestGuestRecipeTUIResultReadOnlyAndUnknownEffectVisible (0.01s)\n","OutputType":"frame"}
{"Time":"2026-09-08T17:57:37.849796118+03:00","Action":"pass","Package":"virmill.local/core/internal/ui/tui","Test":"TestGuestRecipeTUIResultReadOnlyAndUnknownEffectVisible","Elapsed":0.01}
{"Time":"2026-09-08T17:57:37.849811315+03:00","Action":"run","Package":"virmill.local/core/internal/ui/tui","Test":"TestGuestRecipeTUIFailuresClearSuccessfulPreviewAndAuthority"}
{"Time":"2026-09-08T17:57:37.84981354+03:00","Action":"output","Package":"virmill.local/core/internal/ui/tui","Test":"TestGuestRecipeTUIFailuresClearSuccessfulPreviewAndAuthority","Output":"=== RUN   TestGuestRecipeTUIFailuresClearSuccessfulPreviewAndAuthority\n","OutputType":"frame"}
{"Time":"2026-09-08T17:57:37.849837416+03:00","Action":"run","Package":"virmill.local/core/internal/ui/tui","Test":"TestGuestRecipeTUIFailuresClearSuccessfulPreviewAndAuthority/run/SOURCE_CHANGED"}
{"Time":"2026-09-08T17:57:37.849839392+03:00","Action":"output","Package":"virmill.local/core/internal/ui/tui","Test":"TestGuestRecipeTUIFailuresClearSuccessfulPreviewAndAuthority/run/SOURCE_CHANGED","Output":"=== RUN   TestGuestRecipeTUIFailuresClearSuccessfulPreviewAndAuthority/run/SOURCE_CHANGED\n","OutputType":"frame"}
{"Time":"2026-09-08T17:57:37.875137112+03:00","Action":"output","Package":"virmill.local/core/internal/ui/cli","Test":"TestNetworkAllocationCLIPlanReadbackAndExactApply/ndjson/ranges","Output":"--- PASS: TestNetworkAllocationCLIPlanReadbackAndExactApply/ndjson/ranges (0.03s)\n","OutputType":"frame"}
{"Time":"2026-09-08T17:57:37.875176275+03:00","Action":"pass","Package":"virmill.local/core/internal/ui/cli","Test":"TestNetworkAllocationCLIPlanReadbackAndExactApply/ndjson/ranges","Elapsed":0.03}
{"Time":"2026-09-08T17:57:37.875188563+03:00","Action":"run","Package":"virmill.local/core/internal/ui/cli","Test":"TestNetworkAllocationCLIPlanReadbackAndExactApply/ndjson/planned-conflict"}
{"Time":"2026-09-08T17:57:37.875191584+03:00","Action":"output","Package":"virmill.local/core/internal/ui/cli","Test":"TestNetworkAllocationCLIPlanReadbackAndExactApply/ndjson/planned-conflict","Output":"=== RUN   TestNetworkAllocationCLIPlanReadbackAndExactApply/ndjson/planned-conflict\n","OutputType":"frame"}
{"Time":"2026-09-08T17:57:37.899162271+03:00","Action":"output","Package":"virmill.local/core/internal/ui/cli","Test":"TestNetworkAllocationCLIPlanReadbackAndExactApply/ndjson/planned-conflict","Output":"--- PASS: TestNetworkAllocationCLIPlanReadbackAndExactApply/ndjson/planned-conflict (0.02s)\n","OutputType":"frame"}
{"Time":"2026-09-08T17:57:37.899201325+03:00","Action":"pass","Package":"virmill.local/core/internal/ui/cli","Test":"TestNetworkAllocationCLIPlanReadbackAndExactApply/ndjson/planned-conflict","Elapsed":0.02}
{"Time":"2026-09-08T17:57:37.899212774+03:00","Action":"output","Package":"virmill.local/core/internal/ui/cli","Test":"TestNetworkAllocationCLIPlanReadbackAndExactApply","Output":"--- PASS: TestNetworkAllocationCLIPlanReadbackAndExactApply (0.10s)\n","OutputType":"frame"}
{"Time":"2026-09-08T17:57:37.899218445+03:00","Action":"pass","Package":"virmill.local/core/internal/ui/cli","Test":"TestNetworkAllocationCLIPlanReadbackAndExactApply","Elapsed":0.1}
{"Time":"2026-09-08T17:57:37.899221414+03:00","Action":"run","Package":"virmill.local/core/internal/ui/cli","Test":"TestNetworkAllocationCLIFailureHasNoSuccessOrReservation"}
{"Time":"2026-09-08T17:57:37.899224118+03:00","Action":"output","Package":"virmill.local/core/internal/ui/cli","Test":"TestNetworkAllocationCLIFailureHasNoSuccessOrReservation","Output":"=== RUN   TestNetworkAllocationCLIFailureHasNoSuccessOrReservation\n","OutputType":"frame"}
{"Time":"2026-09-08T17:57:37.899227493+03:00","Action":"run","Package":"virmill.local/core/internal/ui/cli","Test":"TestNetworkAllocationCLIFailureHasNoSuccessOrReservation/canceled"}
{"Time":"2026-09-08T17:57:37.899229592+03:00","Action":"output","Package":"virmill.local/core/internal/ui/cli","Test":"TestNetworkAllocationCLIFailureHasNoSuccessOrReservation/canceled","Output":"=== RUN   TestNetworkAllocationCLIFailureHasNoSuccessOrReservation/canceled\n","OutputType":"frame"}
{"Time":"2026-09-08T17:57:37.901429193+03:00","Action":"output","Package":"virmill.local/core/internal/ui/cli","Test":"TestNetworkAllocationCLIFailureHasNoSuccessOrReservation/canceled","Output":"--- PASS: TestNetworkAllocationCLIFailureHasNoSuccessOrReservation/canceled (0.00s)\n","OutputType":"frame"}
{"Time":"2026-09-08T17:57:37.901451239+03:00","Action":"pass","Package":"virmill.local/core/internal/ui/cli","Test":"TestNetworkAllocationCLIFailureHasNoSuccessOrReservation/canceled","Elapsed":0}
{"Time":"2026-09-08T17:57:37.901455859+03:00","Action":"run","Package":"virmill.local/core/internal/ui/cli","Test":"TestNetworkAllocationCLIFailureHasNoSuccessOrReservation/exhausted"}
{"Time":"2026-09-08T17:57:37.901458466+03:00","Action":"output","Package":"virmill.local/core/internal/ui/cli","Test":"TestNetworkAllocationCLIFailureHasNoSuccessOrReservation/exhausted","Output":"=== RUN   TestNetworkAllocationCLIFailureHasNoSuccessOrReservation/exhausted\n","OutputType":"frame"}
{"Time":"2026-09-08T17:57:37.904749014+03:00","Action":"output","Package":"virmill.local/core/internal/ui/cli","Test":"TestNetworkAllocationCLIFailureHasNoSuccessOrReservation/exhausted","Output":"--- PASS: TestNetworkAllocationCLIFailureHasNoSuccessOrReservation/exhausted (0.00s)\n","OutputType":"frame"}
{"Time":"2026-09-08T17:57:37.904768283+03:00","Action":"pass","Package":"virmill.local/core/internal/ui/cli","Test":"TestNetworkAllocationCLIFailureHasNoSuccessOrReservation/exhausted","Elapsed":0}
{"Time":"2026-09-08T17:57:37.904776051+03:00","Action":"run","Package":"virmill.local/core/internal/ui/cli","Test":"TestNetworkAllocationCLIFailureHasNoSuccessOrReservation/invalid-settings"}
{"Time":"2026-09-08T17:57:37.904778237+03:00","Action":"output","Package":"virmill.local/core/internal/ui/cli","Test":"TestNetworkAllocationCLIFailureHasNoSuccessOrReservation/invalid-settings","Output":"=== RUN   TestNetworkAllocationCLIFailureHasNoSuccessOrReservation/invalid-settings\n","OutputType":"frame"}
{"Time":"2026-09-08T17:57:37.908983069+03:00","Action":"output","Package":"virmill.local/core/internal/ui/cli","Test":"TestNetworkAllocationCLIFailureHasNoSuccessOrReservation/invalid-settings","Output":"--- PASS: TestNetworkAllocationCLIFailureHasNoSuccessOrReservation/invalid-settings (0.00s)\n","OutputType":"frame"}
{"Time":"2026-09-08T17:57:37.909000612+03:00","Action":"pass","Package":"virmill.local/core/internal/ui/cli","Test":"TestNetworkAllocationCLIFailureHasNoSuccessOrReservation/invalid-settings","Elapsed":0}
{"Time":"2026-09-08T17:57:37.909016705+03:00","Action":"output","Package":"virmill.local/core/internal/ui/cli","Test":"TestNetworkAllocationCLIFailureHasNoSuccessOrReservation","Output":"--- PASS: TestNetworkAllocationCLIFailureHasNoSuccessOrReservation (0.01s)\n","OutputType":"frame"}
{"Time":"2026-09-08T17:57:37.909025958+03:00","Action":"pass","Package":"virmill.local/core/internal/ui/cli","Test":"TestNetworkAllocationCLIFailureHasNoSuccessOrReservation","Elapsed":0.01}
{"Time":"2026-09-08T17:57:37.909041185+03:00","Action":"run","Package":"virmill.local/core/internal/ui/cli","Test":"TestNetworkCreationUsesSharedPreview"}
{"Time":"2026-09-08T17:57:37.90904359+03:00","Action":"output","Package":"virmill.local/core/internal/ui/cli","Test":"TestNetworkCreationUsesSharedPreview","Output":"=== RUN   TestNetworkCreationUsesSharedPreview\n","OutputType":"frame"}
{"Time":"2026-09-08T17:57:37.91075484+03:00","Action":"output","Package":"virmill.local/core/internal/ui/cli","Test":"TestNetworkCreationUsesSharedPreview","Output":"--- PASS: TestNetworkCreationUsesSharedPreview (0.00s)\n","OutputType":"frame"}
{"Time":"2026-09-08T17:57:37.910763378+03:00","Action":"pass","Package":"virmill.local/core/internal/ui/cli","Test":"TestNetworkCreationUsesSharedPreview","Elapsed":0}
{"Time":"2026-09-08T17:57:37.910780528+03:00","Action":"run","Package":"virmill.local/core/internal/ui/cli","Test":"TestProtectedNetworkCLIReviewExamplesAndExactApproval"}
{"Time":"2026-09-08T17:57:37.910782265+03:00","Action":"output","Package":"virmill.local/core/internal/ui/cli","Test":"TestProtectedNetworkCLIReviewExamplesAndExactApproval","Output":"=== RUN   TestProtectedNetworkCLIReviewExamplesAndExactApproval\n","OutputType":"frame"}
{"Time":"2026-09-08T17:57:37.910819013+03:00","Action":"run","Package":"virmill.local/core/internal/ui/cli","Test":"TestProtectedNetworkCLIReviewExamplesAndExactApproval/protected-nat.yaml/json"}
{"Time":"2026-09-08T17:57:37.910820996+03:00","Action":"output","Package":"virmill.local/core/internal/ui/cli","Test":"TestProtectedNetworkCLIReviewExamplesAndExactApproval/protected-nat.yaml/json","Output":"=== RUN   TestProtectedNetworkCLIReviewExamplesAndExactApproval/protected-nat.yaml/json\n","OutputType":"frame"}
{"Time":"2026-09-08T17:57:37.915771503+03:00","Action":"output","Package":"virmill.local/core/internal/ui/tui","Test":"TestGuestRecipeTUIFailuresClearSuccessfulPreviewAndAuthority/run/SOURCE_CHANGED","Output":"--- PASS: TestGuestRecipeTUIFailuresClearSuccessfulPreviewAndAuthority/run/SOURCE_CHANGED (0.07s)\n","OutputType":"frame"}
{"Time":"2026-09-08T17:57:37.915814825+03:00","Action":"pass","Package":"virmill.local/core/internal/ui/tui","Test":"TestGuestRecipeTUIFailuresClearSuccessfulPreviewAndAuthority/run/SOURCE_CHANGED","Elapsed":0.07}
{"Time":"2026-09-08T17:57:37.915837666+03:00","Action":"run","Package":"virmill.local/core/internal/ui/tui","Test":"TestGuestRecipeTUIFailuresClearSuccessfulPreviewAndAuthority/run/PERMISSION_DENIED"}
{"Time":"2026-09-08T17:57:37.915839588+03:00","Action":"output","Package":"virmill.local/core/internal/ui/tui","Test":"TestGuestRecipeTUIFailuresClearSuccessfulPreviewAndAuthority/run/PERMISSION_DENIED","Output":"=== RUN   TestGuestRecipeTUIFailuresClearSuccessfulPreviewAndAuthority/run/PERMISSION_DENIED\n","OutputType":"frame"}
{"Time":"2026-09-08T17:57:37.931791442+03:00","Action":"output","Package":"virmill.local/core/internal/ui/cli","Test":"TestProtectedNetworkCLIReviewExamplesAndExactApproval/protected-nat.yaml/json","Output":"--- PASS: TestProtectedNetworkCLIReviewExamplesAndExactApproval/protected-nat.yaml/json (0.02s)\n","OutputType":"frame"}
{"Time":"2026-09-08T17:57:37.931804796+03:00","Action":"pass","Package":"virmill.local/core/internal/ui/cli","Test":"TestProtectedNetworkCLIReviewExamplesAndExactApproval/protected-nat.yaml/json","Elapsed":0.02}
{"Time":"2026-09-08T17:57:37.931808756+03:00","Action":"run","Package":"virmill.local/core/internal/ui/cli","Test":"TestProtectedNetworkCLIReviewExamplesAndExactApproval/protected-nat.yaml/ndjson"}
{"Time":"2026-09-08T17:57:37.931810303+03:00","Action":"output","Package":"virmill.local/core/internal/ui/cli","Test":"TestProtectedNetworkCLIReviewExamplesAndExactApproval/protected-nat.yaml/ndjson","Output":"=== RUN   TestProtectedNetworkCLIReviewExamplesAndExactApproval/protected-nat.yaml/ndjson\n","OutputType":"frame"}
{"Time":"2026-09-08T17:57:37.949858886+03:00","Action":"output","Package":"virmill.local/core/internal/ui/cli","Test":"TestProtectedNetworkCLIReviewExamplesAndExactApproval/protected-nat.yaml/ndjson","Output":"--- PASS: TestProtectedNetworkCLIReviewExamplesAndExactApproval/protected-nat.yaml/ndjson (0.02s)\n","OutputType":"frame"}
{"Time":"2026-09-08T17:57:37.949886675+03:00","Action":"pass","Package":"virmill.local/core/internal/ui/cli","Test":"TestProtectedNetworkCLIReviewExamplesAndExactApproval/protected-nat.yaml/ndjson","Elapsed":0.02}
{"Time":"2026-09-08T17:57:37.950073626+03:00","Action":"run","Package":"virmill.local/core/internal/ui/cli","Test":"TestProtectedNetworkCLIReviewExamplesAndExactApproval/protected-lab.yaml/json"}
{"Time":"2026-09-08T17:57:37.950078894+03:00","Action":"output","Package":"virmill.local/core/internal/ui/cli","Test":"TestProtectedNetworkCLIReviewExamplesAndExactApproval/protected-lab.yaml/json","Output":"=== RUN   TestProtectedNetworkCLIReviewExamplesAndExactApproval/protected-lab.yaml/json\n","OutputType":"frame"}
{"Time":"2026-09-08T17:57:37.970444568+03:00","Action":"output","Package":"virmill.local/core/internal/ui/cli","Test":"TestProtectedNetworkCLIReviewExamplesAndExactApproval/protected-lab.yaml/json","Output":"--- PASS: TestProtectedNetworkCLIReviewExamplesAndExactApproval/protected-lab.yaml/json (0.02s)\n","OutputType":"frame"}
{"Time":"2026-09-08T17:57:37.970479733+03:00","Action":"pass","Package":"virmill.local/core/internal/ui/cli","Test":"TestProtectedNetworkCLIReviewExamplesAndExactApproval/protected-lab.yaml/json","Elapsed":0.02}
{"Time":"2026-09-08T17:57:37.970487558+03:00","Action":"run","Package":"virmill.local/core/internal/ui/cli","Test":"TestProtectedNetworkCLIReviewExamplesAndExactApproval/protected-lab.yaml/ndjson"}
{"Time":"2026-09-08T17:57:37.970490353+03:00","Action":"output","Package":"virmill.local/core/internal/ui/cli","Test":"TestProtectedNetworkCLIReviewExamplesAndExactApproval/protected-lab.yaml/ndjson","Output":"=== RUN   TestProtectedNetworkCLIReviewExamplesAndExactApproval/protected-lab.yaml/ndjson\n","OutputType":"frame"}
{"Time":"2026-09-08T17:57:37.976607186+03:00","Action":"output","Package":"virmill.local/core/internal/ui/tui","Test":"TestGuestRecipeTUIFailuresClearSuccessfulPreviewAndAuthority/run/PERMISSION_DENIED","Output":"--- PASS: TestGuestRecipeTUIFailuresClearSuccessfulPreviewAndAuthority/run/PERMISSION_DENIED (0.06s)\n","OutputType":"frame"}
{"Time":"2026-09-08T17:57:37.976627804+03:00","Action":"pass","Package":"virmill.local/core/internal/ui/tui","Test":"TestGuestRecipeTUIFailuresClearSuccessfulPreviewAndAuthority/run/PERMISSION_DENIED","Elapsed":0.06}
{"Time":"2026-09-08T17:57:37.97663281+03:00","Action":"run","Package":"virmill.local/core/internal/ui/tui","Test":"TestGuestRecipeTUIFailuresClearSuccessfulPreviewAndAuthority/run/INVALID_INPUT"}
{"Time":"2026-09-08T17:57:37.976634546+03:00","Action":"output","Package":"virmill.local/core/internal/ui/tui","Test":"TestGuestRecipeTUIFailuresClearSuccessfulPreviewAndAuthority/run/INVALID_INPUT","Output":"=== RUN   TestGuestRecipeTUIFailuresClearSuccessfulPreviewAndAuthority/run/INVALID_INPUT\n","OutputType":"frame"}
{"Time":"2026-09-08T17:57:37.992158479+03:00","Action":"output","Package":"virmill.local/core/internal/ui/cli","Test":"TestProtectedNetworkCLIReviewExamplesAndExactApproval/protected-lab.yaml/ndjson","Output":"--- PASS: TestProtectedNetworkCLIReviewExamplesAndExactApproval/protected-lab.yaml/ndjson (0.02s)\n","OutputType":"frame"}
{"Time":"2026-09-08T17:57:37.992166779+03:00","Action":"pass","Package":"virmill.local/core/internal/ui/cli","Test":"TestProtectedNetworkCLIReviewExamplesAndExactApproval/protected-lab.yaml/ndjson","Elapsed":0.02}
{"Time":"2026-09-08T17:57:37.992189932+03:00","Action":"run","Package":"virmill.local/core/internal/ui/cli","Test":"TestProtectedNetworkCLIReviewExamplesAndExactApproval/protected-static-lab.yaml/json"}
{"Time":"2026-09-08T17:57:37.992191824+03:00","Action":"output","Package":"virmill.local/core/internal/ui/cli","Test":"TestProtectedNetworkCLIReviewExamplesAndExactApproval/protected-static-lab.yaml/json","Output":"=== RUN   TestProtectedNetworkCLIReviewExamplesAndExactApproval/protected-static-lab.yaml/json\n","OutputType":"frame"}
{"Time":"2026-09-08T17:57:38.013547662+03:00","Action":"output","Package":"virmill.local/core/internal/ui/cli","Test":"TestProtectedNetworkCLIReviewExamplesAndExactApproval/protected-static-lab.yaml/json","Output":"--- PASS: TestProtectedNetworkCLIReviewExamplesAndExactApproval/protected-static-lab.yaml/json (0.02s)\n","OutputType":"frame"}
{"Time":"2026-09-08T17:57:38.013562091+03:00","Action":"pass","Package":"virmill.local/core/internal/ui/cli","Test":"TestProtectedNetworkCLIReviewExamplesAndExactApproval/protected-static-lab.yaml/json","Elapsed":0.02}
{"Time":"2026-09-08T17:57:38.013565175+03:00","Action":"run","Package":"virmill.local/core/internal/ui/cli","Test":"TestProtectedNetworkCLIReviewExamplesAndExactApproval/protected-static-lab.yaml/ndjson"}
{"Time":"2026-09-08T17:57:38.013566564+03:00","Action":"output","Package":"virmill.local/core/internal/ui/cli","Test":"TestProtectedNetworkCLIReviewExamplesAndExactApproval/protected-static-lab.yaml/ndjson","Output":"=== RUN   TestProtectedNetworkCLIReviewExamplesAndExactApproval/protected-static-lab.yaml/ndjson\n","OutputType":"frame"}
{"Time":"2026-09-08T17:57:38.033051802+03:00","Action":"output","Package":"virmill.local/core/internal/ui/cli","Test":"TestProtectedNetworkCLIReviewExamplesAndExactApproval/protected-static-lab.yaml/ndjson","Output":"--- PASS: TestProtectedNetworkCLIReviewExamplesAndExactApproval/protected-static-lab.yaml/ndjson (0.02s)\n","OutputType":"frame"}
{"Time":"2026-09-08T17:57:38.033070297+03:00","Action":"pass","Package":"virmill.local/core/internal/ui/cli","Test":"TestProtectedNetworkCLIReviewExamplesAndExactApproval/protected-static-lab.yaml/ndjson","Elapsed":0.02}
{"Time":"2026-09-08T17:57:38.033102781+03:00","Action":"run","Package":"virmill.local/core/internal/ui/cli","Test":"TestProtectedNetworkCLIReviewExamplesAndExactApproval/guest-only.yaml/json"}
{"Time":"2026-09-08T17:57:38.033115007+03:00","Action":"output","Package":"virmill.local/core/internal/ui/cli","Test":"TestProtectedNetworkCLIReviewExamplesAndExactApproval/guest-only.yaml/json","Output":"=== RUN   TestProtectedNetworkCLIReviewExamplesAndExactApproval/guest-only.yaml/json\n","OutputType":"frame"}
{"Time":"2026-09-08T17:57:38.038095578+03:00","Action":"output","Package":"virmill.local/core/internal/ui/tui","Test":"TestGuestRecipeTUIFailuresClearSuccessfulPreviewAndAuthority/run/INVALID_INPUT","Output":"--- PASS: TestGuestRecipeTUIFailuresClearSuccessfulPreviewAndAuthority/run/INVALID_INPUT (0.06s)\n","OutputType":"frame"}
{"Time":"2026-09-08T17:57:38.03811457+03:00","Action":"pass","Package":"virmill.local/core/internal/ui/tui","Test":"TestGuestRecipeTUIFailuresClearSuccessfulPreviewAndAuthority/run/INVALID_INPUT","Elapsed":0.06}
{"Time":"2026-09-08T17:57:38.038127665+03:00","Action":"run","Package":"virmill.local/core/internal/ui/tui","Test":"TestGuestRecipeTUIFailuresClearSuccessfulPreviewAndAuthority/run/RECOVERY_REQUIRED"}
{"Time":"2026-09-08T17:57:38.03813038+03:00","Action":"output","Package":"virmill.local/core/internal/ui/tui","Test":"TestGuestRecipeTUIFailuresClearSuccessfulPreviewAndAuthority/run/RECOVERY_REQUIRED","Output":"=== RUN   TestGuestRecipeTUIFailuresClearSuccessfulPreviewAndAuthority/run/RECOVERY_REQUIRED\n","OutputType":"frame"}
{"Time":"2026-09-08T17:57:38.051030995+03:00","Action":"output","Package":"virmill.local/core/internal/ui/cli","Test":"TestProtectedNetworkCLIReviewExamplesAndExactApproval/guest-only.yaml/json","Output":"--- PASS: TestProtectedNetworkCLIReviewExamplesAndExactApproval/guest-only.yaml/json (0.02s)\n","OutputType":"frame"}
{"Time":"2026-09-08T17:57:38.051052532+03:00","Action":"pass","Package":"virmill.local/core/internal/ui/cli","Test":"TestProtectedNetworkCLIReviewExamplesAndExactApproval/guest-only.yaml/json","Elapsed":0.02}
{"Time":"2026-09-08T17:57:38.051059811+03:00","Action":"run","Package":"virmill.local/core/internal/ui/cli","Test":"TestProtectedNetworkCLIReviewExamplesAndExactApproval/guest-only.yaml/ndjson"}
{"Time":"2026-09-08T17:57:38.051062313+03:00","Action":"output","Package":"virmill.local/core/internal/ui/cli","Test":"TestProtectedNetworkCLIReviewExamplesAndExactApproval/guest-only.yaml/ndjson","Output":"=== RUN   TestProtectedNetworkCLIReviewExamplesAndExactApproval/guest-only.yaml/ndjson\n","OutputType":"frame"}
{"Time":"2026-09-08T17:57:38.07097855+03:00","Action":"output","Package":"virmill.local/core/internal/ui/cli","Test":"TestProtectedNetworkCLIReviewExamplesAndExactApproval/guest-only.yaml/ndjson","Output":"--- PASS: TestProtectedNetworkCLIReviewExamplesAndExactApproval/guest-only.yaml/ndjson (0.02s)\n","OutputType":"frame"}
{"Time":"2026-09-08T17:57:38.071007762+03:00","Action":"pass","Package":"virmill.local/core/internal/ui/cli","Test":"TestProtectedNetworkCLIReviewExamplesAndExactApproval/guest-only.yaml/ndjson","Elapsed":0.02}
{"Time":"2026-09-08T17:57:38.071017343+03:00","Action":"run","Package":"virmill.local/core/internal/ui/cli","Test":"TestProtectedNetworkCLIReviewExamplesAndExactApproval/protected-guest-only-no-cidr.yaml/json"}
{"Time":"2026-09-08T17:57:38.071020164+03:00","Action":"output","Package":"virmill.local/core/internal/ui/cli","Test":"TestProtectedNetworkCLIReviewExamplesAndExactApproval/protected-guest-only-no-cidr.yaml/json","Output":"=== RUN   TestProtectedNetworkCLIReviewExamplesAndExactApproval/protected-guest-only-no-cidr.yaml/json\n","OutputType":"frame"}
{"Time":"2026-09-08T17:57:38.091844454+03:00","Action":"output","Package":"virmill.local/core/internal/ui/cli","Test":"TestProtectedNetworkCLIReviewExamplesAndExactApproval/protected-guest-only-no-cidr.yaml/json","Output":"--- PASS: TestProtectedNetworkCLIReviewExamplesAndExactApproval/protected-guest-only-no-cidr.yaml/json (0.02s)\n","OutputType":"frame"}
{"Time":"2026-09-08T17:57:38.091876422+03:00","Action":"pass","Package":"virmill.local/core/internal/ui/cli","Test":"TestProtectedNetworkCLIReviewExamplesAndExactApproval/protected-guest-only-no-cidr.yaml/json","Elapsed":0.02}
{"Time":"2026-09-08T17:57:38.09188711+03:00","Action":"run","Package":"virmill.local/core/internal/ui/cli","Test":"TestProtectedNetworkCLIReviewExamplesAndExactApproval/protected-guest-only-no-cidr.yaml/ndjson"}
{"Time":"2026-09-08T17:57:38.091890383+03:00","Action":"output","Package":"virmill.local/core/internal/ui/cli","Test":"TestProtectedNetworkCLIReviewExamplesAndExactApproval/protected-guest-only-no-cidr.yaml/ndjson","Output":"=== RUN   TestProtectedNetworkCLIReviewExamplesAndExactApproval/protected-guest-only-no-cidr.yaml/ndjson\n","OutputType":"frame"}
{"Time":"2026-09-08T17:57:38.099095244+03:00","Action":"output","Package":"virmill.local/core/internal/ui/tui","Test":"TestGuestRecipeTUIFailuresClearSuccessfulPreviewAndAuthority/run/RECOVERY_REQUIRED","Output":"--- PASS: TestGuestRecipeTUIFailuresClearSuccessfulPreviewAndAuthority/run/RECOVERY_REQUIRED (0.06s)\n","OutputType":"frame"}
{"Time":"2026-09-08T17:57:38.099118024+03:00","Action":"pass","Package":"virmill.local/core/internal/ui/tui","Test":"TestGuestRecipeTUIFailuresClearSuccessfulPreviewAndAuthority/run/RECOVERY_REQUIRED","Elapsed":0.06}
{"Time":"2026-09-08T17:57:38.099131232+03:00","Action":"run","Package":"virmill.local/core/internal/ui/tui","Test":"TestGuestRecipeTUIFailuresClearSuccessfulPreviewAndAuthority/run/canceled"}
{"Time":"2026-09-08T17:57:38.099134837+03:00","Action":"output","Package":"virmill.local/core/internal/ui/tui","Test":"TestGuestRecipeTUIFailuresClearSuccessfulPreviewAndAuthority/run/canceled","Output":"=== RUN   TestGuestRecipeTUIFailuresClearSuccessfulPreviewAndAuthority/run/canceled\n","OutputType":"frame"}
{"Time":"2026-09-08T17:57:38.112758336+03:00","Action":"output","Package":"virmill.local/core/internal/ui/cli","Test":"TestProtectedNetworkCLIReviewExamplesAndExactApproval/protected-guest-only-no-cidr.yaml/ndjson","Output":"--- PASS: TestProtectedNetworkCLIReviewExamplesAndExactApproval/protected-guest-only-no-cidr.yaml/ndjson (0.02s)\n","OutputType":"frame"}
{"Time":"2026-09-08T17:57:38.112779979+03:00","Action":"pass","Package":"virmill.local/core/internal/ui/cli","Test":"TestProtectedNetworkCLIReviewExamplesAndExactApproval/protected-guest-only-no-cidr.yaml/ndjson","Elapsed":0.02}
{"Time":"2026-09-08T17:57:38.112786778+03:00","Action":"run","Package":"virmill.local/core/internal/ui/cli","Test":"TestProtectedNetworkCLIReviewExamplesAndExactApproval/allowed-host-nat.yaml/json"}
{"Time":"2026-09-08T17:57:38.112788759+03:00","Action":"output","Package":"virmill.local/core/internal/ui/cli","Test":"TestProtectedNetworkCLIReviewExamplesAndExactApproval/allowed-host-nat.yaml/json","Output":"=== RUN   TestProtectedNetworkCLIReviewExamplesAndExactApproval/allowed-host-nat.yaml/json\n","OutputType":"frame"}
{"Time":"2026-09-08T17:57:38.13136802+03:00","Action":"output","Package":"virmill.local/core/internal/ui/cli","Test":"TestProtectedNetworkCLIReviewExamplesAndExactApproval/allowed-host-nat.yaml/json","Output":"--- PASS: TestProtectedNetworkCLIReviewExamplesAndExactApproval/allowed-host-nat.yaml/json (0.02s)\n","OutputType":"frame"}
{"Time":"2026-09-08T17:57:38.131384807+03:00","Action":"pass","Package":"virmill.local/core/internal/ui/cli","Test":"TestProtectedNetworkCLIReviewExamplesAndExactApproval/allowed-host-nat.yaml/json","Elapsed":0.02}
{"Time":"2026-09-08T17:57:38.131388762+03:00","Action":"run","Package":"virmill.local/core/internal/ui/cli","Test":"TestProtectedNetworkCLIReviewExamplesAndExactApproval/allowed-host-nat.yaml/ndjson"}
{"Time":"2026-09-08T17:57:38.131390102+03:00","Action":"output","Package":"virmill.local/core/internal/ui/cli","Test":"TestProtectedNetworkCLIReviewExamplesAndExactApproval/allowed-host-nat.yaml/ndjson","Output":"=== RUN   TestProtectedNetworkCLIReviewExamplesAndExactApproval/allowed-host-nat.yaml/ndjson\n","OutputType":"frame"}
{"Time":"2026-09-08T17:57:38.154323792+03:00","Action":"output","Package":"virmill.local/core/internal/ui/cli","Test":"TestProtectedNetworkCLIReviewExamplesAndExactApproval/allowed-host-nat.yaml/ndjson","Output":"--- PASS: TestProtectedNetworkCLIReviewExamplesAndExactApproval/allowed-host-nat.yaml/ndjson (0.02s)\n","OutputType":"frame"}
{"Time":"2026-09-08T17:57:38.154341088+03:00","Action":"pass","Package":"virmill.local/core/internal/ui/cli","Test":"TestProtectedNetworkCLIReviewExamplesAndExactApproval/allowed-host-nat.yaml/ndjson","Elapsed":0.02}
{"Time":"2026-09-08T17:57:38.154347481+03:00","Action":"run","Package":"virmill.local/core/internal/ui/cli","Test":"TestProtectedNetworkCLIReviewExamplesAndExactApproval/allowed-host-lab.yaml/json"}
{"Time":"2026-09-08T17:57:38.154348997+03:00","Action":"output","Package":"virmill.local/core/internal/ui/cli","Test":"TestProtectedNetworkCLIReviewExamplesAndExactApproval/allowed-host-lab.yaml/json","Output":"=== RUN   TestProtectedNetworkCLIReviewExamplesAndExactApproval/allowed-host-lab.yaml/json\n","OutputType":"frame"}
{"Time":"2026-09-08T17:57:38.159476117+03:00","Action":"output","Package":"virmill.local/core/internal/ui/tui","Test":"TestGuestRecipeTUIFailuresClearSuccessfulPreviewAndAuthority/run/canceled","Output":"--- PASS: TestGuestRecipeTUIFailuresClearSuccessfulPreviewAndAuthority/run/canceled (0.06s)\n","OutputType":"frame"}
{"Time":"2026-09-08T17:57:38.159491341+03:00","Action":"pass","Package":"virmill.local/core/internal/ui/tui","Test":"TestGuestRecipeTUIFailuresClearSuccessfulPreviewAndAuthority/run/canceled","Elapsed":0.06}
{"Time":"2026-09-08T17:57:38.159503002+03:00","Action":"run","Package":"virmill.local/core/internal/ui/tui","Test":"TestGuestRecipeTUIFailuresClearSuccessfulPreviewAndAuthority/run/transport"}
{"Time":"2026-09-08T17:57:38.159505107+03:00","Action":"output","Package":"virmill.local/core/internal/ui/tui","Test":"TestGuestRecipeTUIFailuresClearSuccessfulPreviewAndAuthority/run/transport","Output":"=== RUN   TestGuestRecipeTUIFailuresClearSuccessfulPreviewAndAuthority/run/transport\n","OutputType":"frame"}
{"Time":"2026-09-08T17:57:38.174268045+03:00","Action":"output","Package":"virmill.local/core/internal/ui/cli","Test":"TestProtectedNetworkCLIReviewExamplesAndExactApproval/allowed-host-lab.yaml/json","Output":"--- PASS: TestProtectedNetworkCLIReviewExamplesAndExactApproval/allowed-host-lab.yaml/json (0.02s)\n","OutputType":"frame"}
{"Time":"2026-09-08T17:57:38.17427937+03:00","Action":"pass","Package":"virmill.local/core/internal/ui/cli","Test":"TestProtectedNetworkCLIReviewExamplesAndExactApproval/allowed-host-lab.yaml/json","Elapsed":0.02}
{"Time":"2026-09-08T17:57:38.174291961+03:00","Action":"run","Package":"virmill.local/core/internal/ui/cli","Test":"TestProtectedNetworkCLIReviewExamplesAndExactApproval/allowed-host-lab.yaml/ndjson"}
{"Time":"2026-09-08T17:57:38.174293971+03:00","Action":"output","Package":"virmill.local/core/internal/ui/cli","Test":"TestProtectedNetworkCLIReviewExamplesAndExactApproval/allowed-host-lab.yaml/ndjson","Output":"=== RUN   TestProtectedNetworkCLIReviewExamplesAndExactApproval/allowed-host-lab.yaml/ndjson\n","OutputType":"frame"}
{"Time":"2026-09-08T17:57:38.193433343+03:00","Action":"output","Package":"virmill.local/core/internal/ui/cli","Test":"TestProtectedNetworkCLIReviewExamplesAndExactApproval/allowed-host-lab.yaml/ndjson","Output":"--- PASS: TestProtectedNetworkCLIReviewExamplesAndExactApproval/allowed-host-lab.yaml/ndjson (0.02s)\n","OutputType":"frame"}
{"Time":"2026-09-08T17:57:38.193448111+03:00","Action":"pass","Package":"virmill.local/core/internal/ui/cli","Test":"TestProtectedNetworkCLIReviewExamplesAndExactApproval/allowed-host-lab.yaml/ndjson","Elapsed":0.02}
{"Time":"2026-09-08T17:57:38.193458461+03:00","Action":"output","Package":"virmill.local/core/internal/ui/cli","Test":"TestProtectedNetworkCLIReviewExamplesAndExactApproval","Output":"--- PASS: TestProtectedNetworkCLIReviewExamplesAndExactApproval (0.28s)\n","OutputType":"frame"}
{"Time":"2026-09-08T17:57:38.193473893+03:00","Action":"pass","Package":"virmill.local/core/internal/ui/cli","Test":"TestProtectedNetworkCLIReviewExamplesAndExactApproval","Elapsed":0.28}
{"Time":"2026-09-08T17:57:38.193494542+03:00","Action":"run","Package":"virmill.local/core/internal/ui/cli","Test":"TestProtectedNetworkCLICancellationAndValidationDoNotExposeSuccess"}
{"Time":"2026-09-08T17:57:38.193496237+03:00","Action":"output","Package":"virmill.local/core/internal/ui/cli","Test":"TestProtectedNetworkCLICancellationAndValidationDoNotExposeSuccess","Output":"=== RUN   TestProtectedNetworkCLICancellationAndValidationDoNotExposeSuccess\n","OutputType":"frame"}
{"Time":"2026-09-08T17:57:38.193527662+03:00","Action":"run","Package":"virmill.local/core/internal/ui/cli","Test":"TestProtectedNetworkCLICancellationAndValidationDoNotExposeSuccess/canceled"}
{"Time":"2026-09-08T17:57:38.193530037+03:00","Action":"output","Package":"virmill.local/core/internal/ui/cli","Test":"TestProtectedNetworkCLICancellationAndValidationDoNotExposeSuccess/canceled","Output":"=== RUN   TestProtectedNetworkCLICancellationAndValidationDoNotExposeSuccess/canceled\n","OutputType":"frame"}
{"Time":"2026-09-08T17:57:38.196098832+03:00","Action":"output","Package":"virmill.local/core/internal/ui/cli","Test":"TestProtectedNetworkCLICancellationAndValidationDoNotExposeSuccess/canceled","Output":"--- PASS: TestProtectedNetworkCLICancellationAndValidationDoNotExposeSuccess/canceled (0.00s)\n","OutputType":"frame"}
{"Time":"2026-09-08T17:57:38.196116949+03:00","Action":"pass","Package":"virmill.local/core/internal/ui/cli","Test":"TestProtectedNetworkCLICancellationAndValidationDoNotExposeSuccess/canceled","Elapsed":0}
{"Time":"2026-09-08T17:57:38.196119906+03:00","Action":"run","Package":"virmill.local/core/internal/ui/cli","Test":"TestProtectedNetworkCLICancellationAndValidationDoNotExposeSuccess/session"}
{"Time":"2026-09-08T17:57:38.196121705+03:00","Action":"output","Package":"virmill.local/core/internal/ui/cli","Test":"TestProtectedNetworkCLICancellationAndValidationDoNotExposeSuccess/session","Output":"=== RUN   TestProtectedNetworkCLICancellationAndValidationDoNotExposeSuccess/session\n","OutputType":"frame"}
{"Time":"2026-09-08T17:57:38.197694108+03:00","Action":"output","Package":"virmill.local/core/internal/ui/cli","Test":"TestProtectedNetworkCLICancellationAndValidationDoNotExposeSuccess/session","Output":"--- PASS: TestProtectedNetworkCLICancellationAndValidationDoNotExposeSuccess/session (0.00s)\n","OutputType":"frame"}
{"Time":"2026-09-08T17:57:38.197702408+03:00","Action":"pass","Package":"virmill.local/core/internal/ui/cli","Test":"TestProtectedNetworkCLICancellationAndValidationDoNotExposeSuccess/session","Elapsed":0}
{"Time":"2026-09-08T17:57:38.19771643+03:00","Action":"run","Package":"virmill.local/core/internal/ui/cli","Test":"TestProtectedNetworkCLICancellationAndValidationDoNotExposeSuccess/unexpected-input"}
{"Time":"2026-09-08T17:57:38.197718727+03:00","Action":"output","Package":"virmill.local/core/internal/ui/cli","Test":"TestProtectedNetworkCLICancellationAndValidationDoNotExposeSuccess/unexpected-input","Output":"=== RUN   TestProtectedNetworkCLICancellationAndValidationDoNotExposeSuccess/unexpected-input\n","OutputType":"frame"}
{"Time":"2026-09-08T17:57:38.19931252+03:00","Action":"output","Package":"virmill.local/core/internal/ui/cli","Test":"TestProtectedNetworkCLICancellationAndValidationDoNotExposeSuccess/unexpected-input","Output":"--- PASS: TestProtectedNetworkCLICancellationAndValidationDoNotExposeSuccess/unexpected-input (0.00s)\n","OutputType":"frame"}
{"Time":"2026-09-08T17:57:38.199330411+03:00","Action":"pass","Package":"virmill.local/core/internal/ui/cli","Test":"TestProtectedNetworkCLICancellationAndValidationDoNotExposeSuccess/unexpected-input","Elapsed":0}
{"Time":"2026-09-08T17:57:38.199361254+03:00","Action":"output","Package":"virmill.local/core/internal/ui/cli","Test":"TestProtectedNetworkCLICancellationAndValidationDoNotExposeSuccess","Output":"--- PASS: TestProtectedNetworkCLICancellationAndValidationDoNotExposeSuccess (0.01s)\n","OutputType":"frame"}
{"Time":"2026-09-08T17:57:38.199378195+03:00","Action":"pass","Package":"virmill.local/core/internal/ui/cli","Test":"TestProtectedNetworkCLICancellationAndValidationDoNotExposeSuccess","Elapsed":0.01}
{"Time":"2026-09-08T17:57:38.199390023+03:00","Action":"run","Package":"virmill.local/core/internal/ui/cli","Test":"TestBackupPolicyCommandsNormalizePathsAndNeverApply"}
{"Time":"2026-09-08T17:57:38.199392337+03:00","Action":"output","Package":"virmill.local/core/internal/ui/cli","Test":"TestBackupPolicyCommandsNormalizePathsAndNeverApply","Output":"=== RUN   TestBackupPolicyCommandsNormalizePathsAndNeverApply\n","OutputType":"frame"}
{"Time":"2026-09-08T17:57:38.200480424+03:00","Action":"output","Package":"virmill.local/core/internal/ui/cli","Test":"TestBackupPolicyCommandsNormalizePathsAndNeverApply","Output":"--- PASS: TestBackupPolicyCommandsNormalizePathsAndNeverApply (0.00s)\n","OutputType":"frame"}
{"Time":"2026-09-08T17:57:38.200491524+03:00","Action":"pass","Package":"virmill.local/core/internal/ui/cli","Test":"TestBackupPolicyCommandsNormalizePathsAndNeverApply","Elapsed":0}
{"Time":"2026-09-08T17:57:38.200494607+03:00","Action":"run","Package":"virmill.local/core/internal/ui/cli","Test":"TestProviderConformanceUsesSharedPluginTest"}
{"Time":"2026-09-08T17:57:38.200496074+03:00","Action":"output","Package":"virmill.local/core/internal/ui/cli","Test":"TestProviderConformanceUsesSharedPluginTest","Output":"=== RUN   TestProviderConformanceUsesSharedPluginTest\n","OutputType":"frame"}
{"Time":"2026-09-08T17:57:38.200892885+03:00","Action":"output","Package":"virmill.local/core/internal/ui/cli","Test":"TestProviderConformanceUsesSharedPluginTest","Output":"--- PASS: TestProviderConformanceUsesSharedPluginTest (0.00s)\n","OutputType":"frame"}
{"Time":"2026-09-08T17:57:38.200903362+03:00","Action":"pass","Package":"virmill.local/core/internal/ui/cli","Test":"TestProviderConformanceUsesSharedPluginTest","Elapsed":0}
{"Time":"2026-09-08T17:57:38.200917884+03:00","Action":"run","Package":"virmill.local/core/internal/ui/cli","Test":"TestRebootUsesSharedPlanWithoutApplying"}
{"Time":"2026-09-08T17:57:38.200919943+03:00","Action":"output","Package":"virmill.local/core/internal/ui/cli","Test":"TestRebootUsesSharedPlanWithoutApplying","Output":"=== RUN   TestRebootUsesSharedPlanWithoutApplying\n","OutputType":"frame"}
{"Time":"2026-09-08T17:57:38.201392359+03:00","Action":"output","Package":"virmill.local/core/internal/ui/cli","Test":"TestRebootUsesSharedPlanWithoutApplying","Output":"--- PASS: TestRebootUsesSharedPlanWithoutApplying (0.00s)\n","OutputType":"frame"}
{"Time":"2026-09-08T17:57:38.201404614+03:00","Action":"pass","Package":"virmill.local/core/internal/ui/cli","Test":"TestRebootUsesSharedPlanWithoutApplying","Elapsed":0}
{"Time":"2026-09-08T17:57:38.201418674+03:00","Action":"run","Package":"virmill.local/core/internal/ui/cli","Test":"TestRecoveryInspectionAndDeclaredVerificationUseSharedService"}
{"Time":"2026-09-08T17:57:38.201420911+03:00","Action":"output","Package":"virmill.local/core/internal/ui/cli","Test":"TestRecoveryInspectionAndDeclaredVerificationUseSharedService","Output":"=== RUN   TestRecoveryInspectionAndDeclaredVerificationUseSharedService\n","OutputType":"frame"}
{"Time":"2026-09-08T17:57:38.203725045+03:00","Action":"output","Package":"virmill.local/core/internal/ui/cli","Test":"TestRecoveryInspectionAndDeclaredVerificationUseSharedService","Output":"--- PASS: TestRecoveryInspectionAndDeclaredVerificationUseSharedService (0.00s)\n","OutputType":"frame"}
{"Time":"2026-09-08T17:57:38.203745097+03:00","Action":"pass","Package":"virmill.local/core/internal/ui/cli","Test":"TestRecoveryInspectionAndDeclaredVerificationUseSharedService","Elapsed":0}
{"Time":"2026-09-08T17:57:38.20375219+03:00","Action":"run","Package":"virmill.local/core/internal/ui/cli","Test":"TestRecoveryCLIManifestRootReachesActualMemberVerification"}
{"Time":"2026-09-08T17:57:38.203755159+03:00","Action":"output","Package":"virmill.local/core/internal/ui/cli","Test":"TestRecoveryCLIManifestRootReachesActualMemberVerification","Output":"=== RUN   TestRecoveryCLIManifestRootReachesActualMemberVerification\n","OutputType":"frame"}
{"Time":"2026-09-08T17:57:38.210272729+03:00","Action":"output","Package":"virmill.local/core/internal/ui/cli","Test":"TestRecoveryCLIManifestRootReachesActualMemberVerification","Output":"--- PASS: TestRecoveryCLIManifestRootReachesActualMemberVerification (0.01s)\n","OutputType":"frame"}
{"Time":"2026-09-08T17:57:38.210292093+03:00","Action":"pass","Package":"virmill.local/core/internal/ui/cli","Test":"TestRecoveryCLIManifestRootReachesActualMemberVerification","Elapsed":0.01}
{"Time":"2026-09-08T17:57:38.21030438+03:00","Action":"run","Package":"virmill.local/core/internal/ui/cli","Test":"TestRecoveryCLIFailuresAndCancellationAreVisible"}
{"Time":"2026-09-08T17:57:38.210306853+03:00","Action":"output","Package":"virmill.local/core/internal/ui/cli","Test":"TestRecoveryCLIFailuresAndCancellationAreVisible","Output":"=== RUN   TestRecoveryCLIFailuresAndCancellationAreVisible\n","OutputType":"frame"}
{"Time":"2026-09-08T17:57:38.210309524+03:00","Action":"run","Package":"virmill.local/core/internal/ui/cli","Test":"TestRecoveryCLIFailuresAndCancellationAreVisible/unsupported-native-adapter"}
{"Time":"2026-09-08T17:57:38.210311488+03:00","Action":"output","Package":"virmill.local/core/internal/ui/cli","Test":"TestRecoveryCLIFailuresAndCancellationAreVisible/unsupported-native-adapter","Output":"=== RUN   TestRecoveryCLIFailuresAndCancellationAreVisible/unsupported-native-adapter\n","OutputType":"frame"}
{"Time":"2026-09-08T17:57:38.210798936+03:00","Action":"output","Package":"virmill.local/core/internal/ui/cli","Test":"TestRecoveryCLIFailuresAndCancellationAreVisible/unsupported-native-adapter","Output":"--- PASS: TestRecoveryCLIFailuresAndCancellationAreVisible/unsupported-native-adapter (0.00s)\n","OutputType":"frame"}
{"Time":"2026-09-08T17:57:38.210809384+03:00","Action":"pass","Package":"virmill.local/core/internal/ui/cli","Test":"TestRecoveryCLIFailuresAndCancellationAreVisible/unsupported-native-adapter","Elapsed":0}
{"Time":"2026-09-08T17:57:38.210812642+03:00","Action":"run","Package":"virmill.local/core/internal/ui/cli","Test":"TestRecoveryCLIFailuresAndCancellationAreVisible/canceled-inspection"}
{"Time":"2026-09-08T17:57:38.210814522+03:00","Action":"output","Package":"virmill.local/core/internal/ui/cli","Test":"TestRecoveryCLIFailuresAndCancellationAreVisible/canceled-inspection","Output":"=== RUN   TestRecoveryCLIFailuresAndCancellationAreVisible/canceled-inspection\n","OutputType":"frame"}
{"Time":"2026-09-08T17:57:38.211348105+03:00","Action":"output","Package":"virmill.local/core/internal/ui/cli","Test":"TestRecoveryCLIFailuresAndCancellationAreVisible/canceled-inspection","Output":"--- PASS: TestRecoveryCLIFailuresAndCancellationAreVisible/canceled-inspection (0.00s)\n","OutputType":"frame"}
{"Time":"2026-09-08T17:57:38.211357887+03:00","Action":"pass","Package":"virmill.local/core/internal/ui/cli","Test":"TestRecoveryCLIFailuresAndCancellationAreVisible/canceled-inspection","Elapsed":0}
{"Time":"2026-09-08T17:57:38.211360704+03:00","Action":"run","Package":"virmill.local/core/internal/ui/cli","Test":"TestRecoveryCLIFailuresAndCancellationAreVisible/canceled-member-verification"}
{"Time":"2026-09-08T17:57:38.211362308+03:00","Action":"output","Package":"virmill.local/core/internal/ui/cli","Test":"TestRecoveryCLIFailuresAndCancellationAreVisible/canceled-member-verification","Output":"=== RUN   TestRecoveryCLIFailuresAndCancellationAreVisible/canceled-member-verification\n","OutputType":"frame"}
{"Time":"2026-09-08T17:57:38.211795654+03:00","Action":"output","Package":"virmill.local/core/internal/ui/cli","Test":"TestRecoveryCLIFailuresAndCancellationAreVisible/canceled-member-verification","Output":"--- PASS: TestRecoveryCLIFailuresAndCancellationAreVisible/canceled-member-verification (0.00s)\n","OutputType":"frame"}
{"Time":"2026-09-08T17:57:38.211805685+03:00","Action":"pass","Package":"virmill.local/core/internal/ui/cli","Test":"TestRecoveryCLIFailuresAndCancellationAreVisible/canceled-member-verification","Elapsed":0}
{"Time":"2026-09-08T17:57:38.211809159+03:00","Action":"run","Package":"virmill.local/core/internal/ui/cli","Test":"TestRecoveryCLIFailuresAndCancellationAreVisible/transport-failure"}
{"Time":"2026-09-08T17:57:38.211810925+03:00","Action":"output","Package":"virmill.local/core/internal/ui/cli","Test":"TestRecoveryCLIFailuresAndCancellationAreVisible/transport-failure","Output":"=== RUN   TestRecoveryCLIFailuresAndCancellationAreVisible/transport-failure\n","OutputType":"frame"}
{"Time":"2026-09-08T17:57:38.212210476+03:00","Action":"output","Package":"virmill.local/core/internal/ui/cli","Test":"TestRecoveryCLIFailuresAndCancellationAreVisible/transport-failure","Output":"--- PASS: TestRecoveryCLIFailuresAndCancellationAreVisible/transport-failure (0.00s)\n","OutputType":"frame"}
{"Time":"2026-09-08T17:57:38.212220435+03:00","Action":"pass","Package":"virmill.local/core/internal/ui/cli","Test":"TestRecoveryCLIFailuresAndCancellationAreVisible/transport-failure","Elapsed":0}
{"Time":"2026-09-08T17:57:38.212225778+03:00","Action":"output","Package":"virmill.local/core/internal/ui/cli","Test":"TestRecoveryCLIFailuresAndCancellationAreVisible","Output":"--- PASS: TestRecoveryCLIFailuresAndCancellationAreVisible (0.00s)\n","OutputType":"frame"}
{"Time":"2026-09-08T17:57:38.212228562+03:00","Action":"pass","Package":"virmill.local/core/internal/ui/cli","Test":"TestRecoveryCLIFailuresAndCancellationAreVisible","Elapsed":0}
{"Time":"2026-09-08T17:57:38.212230488+03:00","Action":"run","Package":"virmill.local/core/internal/ui/cli","Test":"TestRecoveryCLIStrictInputAndPathNormalizationRefuseBeforeDispatch"}
{"Time":"2026-09-08T17:57:38.212232055+03:00","Action":"output","Package":"virmill.local/core/internal/ui/cli","Test":"TestRecoveryCLIStrictInputAndPathNormalizationRefuseBeforeDispatch","Output":"=== RUN   TestRecoveryCLIStrictInputAndPathNormalizationRefuseBeforeDispatch\n","OutputType":"frame"}
{"Time":"2026-09-08T17:57:38.213746857+03:00","Action":"output","Package":"virmill.local/core/internal/ui/cli","Test":"TestRecoveryCLIStrictInputAndPathNormalizationRefuseBeforeDispatch","Output":"--- PASS: TestRecoveryCLIStrictInputAndPathNormalizationRefuseBeforeDispatch (0.00s)\n","OutputType":"frame"}
{"Time":"2026-09-08T17:57:38.213758373+03:00","Action":"pass","Package":"virmill.local/core/internal/ui/cli","Test":"TestRecoveryCLIStrictInputAndPathNormalizationRefuseBeforeDispatch","Elapsed":0}
{"Time":"2026-09-08T17:57:38.213763363+03:00","Action":"run","Package":"virmill.local/core/internal/ui/cli","Test":"TestManagedVolumeAccessUsesSharedService"}
{"Time":"2026-09-08T17:57:38.213766006+03:00","Action":"output","Package":"virmill.local/core/internal/ui/cli","Test":"TestManagedVolumeAccessUsesSharedService","Output":"=== RUN   TestManagedVolumeAccessUsesSharedService\n","OutputType":"frame"}
{"Time":"2026-09-08T17:57:38.216889875+03:00","Action":"output","Package":"virmill.local/core/internal/ui/cli","Test":"TestManagedVolumeAccessUsesSharedService","Output":"--- PASS: TestManagedVolumeAccessUsesSharedService (0.00s)\n","OutputType":"frame"}
{"Time":"2026-09-08T17:57:38.216901702+03:00","Action":"pass","Package":"virmill.local/core/internal/ui/cli","Test":"TestManagedVolumeAccessUsesSharedService","Elapsed":0}
{"Time":"2026-09-08T17:57:38.216923789+03:00","Action":"run","Package":"virmill.local/core/internal/ui/cli","Test":"TestCleanJSONNoninteractiveAndSharedMethod"}
{"Time":"2026-09-08T17:57:38.216929784+03:00","Action":"output","Package":"virmill.local/core/internal/ui/cli","Test":"TestCleanJSONNoninteractiveAndSharedMethod","Output":"=== RUN   TestCleanJSONNoninteractiveAndSharedMethod\n","OutputType":"frame"}
{"Time":"2026-09-08T17:57:38.218204208+03:00","Action":"output","Package":"virmill.local/core/internal/ui/cli","Test":"TestCleanJSONNoninteractiveAndSharedMethod","Output":"--- PASS: TestCleanJSONNoninteractiveAndSharedMethod (0.00s)\n","OutputType":"frame"}
{"Time":"2026-09-08T17:57:38.218220325+03:00","Action":"pass","Package":"virmill.local/core/internal/ui/cli","Test":"TestCleanJSONNoninteractiveAndSharedMethod","Elapsed":0}
{"Time":"2026-09-08T17:57:38.218237008+03:00","Action":"run","Package":"virmill.local/core/internal/ui/cli","Test":"TestPlanApplyRequiresExplicitBinding"}
{"Time":"2026-09-08T17:57:38.218240672+03:00","Action":"output","Package":"virmill.local/core/internal/ui/cli","Test":"TestPlanApplyRequiresExplicitBinding","Output":"=== RUN   TestPlanApplyRequiresExplicitBinding\n","OutputType":"frame"}
{"Time":"2026-09-08T17:57:38.218774498+03:00","Action":"output","Package":"virmill.local/core/internal/ui/cli","Test":"TestPlanApplyRequiresExplicitBinding","Output":"--- PASS: TestPlanApplyRequiresExplicitBinding (0.00s)\n","OutputType":"frame"}
{"Time":"2026-09-08T17:57:38.21878845+03:00","Action":"pass","Package":"virmill.local/core/internal/ui/cli","Test":"TestPlanApplyRequiresExplicitBinding","Elapsed":0}
{"Time":"2026-09-08T17:57:38.218803114+03:00","Action":"run","Package":"virmill.local/core/internal/ui/cli","Test":"TestPluginPlansUseSharedServiceAndExplicitInputs"}
{"Time":"2026-09-08T17:57:38.218806529+03:00","Action":"output","Package":"virmill.local/core/internal/ui/cli","Test":"TestPluginPlansUseSharedServiceAndExplicitInputs","Output":"=== RUN   TestPluginPlansUseSharedServiceAndExplicitInputs\n","OutputType":"frame"}
{"Time":"2026-09-08T17:57:38.220767973+03:00","Action":"output","Package":"virmill.local/core/internal/ui/cli","Test":"TestPluginPlansUseSharedServiceAndExplicitInputs","Output":"--- PASS: TestPluginPlansUseSharedServiceAndExplicitInputs (0.00s)\n","OutputType":"frame"}
{"Time":"2026-09-08T17:57:38.220786749+03:00","Action":"pass","Package":"virmill.local/core/internal/ui/cli","Test":"TestPluginPlansUseSharedServiceAndExplicitInputs","Elapsed":0}
{"Time":"2026-09-08T17:57:38.22079523+03:00","Action":"run","Package":"virmill.local/core/internal/ui/cli","Test":"TestImportPreparationUsesSharedService"}
{"Time":"2026-09-08T17:57:38.22080144+03:00","Action":"output","Package":"virmill.local/core/internal/ui/cli","Test":"TestImportPreparationUsesSharedService","Output":"=== RUN   TestImportPreparationUsesSharedService\n","OutputType":"frame"}
{"Time":"2026-09-08T17:57:38.221334776+03:00","Action":"output","Package":"virmill.local/core/internal/ui/cli","Test":"TestImportPreparationUsesSharedService","Output":"--- PASS: TestImportPreparationUsesSharedService (0.00s)\n","OutputType":"frame"}
{"Time":"2026-09-08T17:57:38.221349486+03:00","Action":"pass","Package":"virmill.local/core/internal/ui/cli","Test":"TestImportPreparationUsesSharedService","Elapsed":0}
{"Time":"2026-09-08T17:57:38.221353276+03:00","Action":"run","Package":"virmill.local/core/internal/ui/cli","Test":"TestExistingDiskPreparationUsesSharedService"}
{"Time":"2026-09-08T17:57:38.221355467+03:00","Action":"output","Package":"virmill.local/core/internal/ui/cli","Test":"TestExistingDiskPreparationUsesSharedService","Output":"=== RUN   TestExistingDiskPreparationUsesSharedService\n","OutputType":"frame"}
{"Time":"2026-09-08T17:57:38.221949761+03:00","Action":"output","Package":"virmill.local/core/internal/ui/cli","Test":"TestExistingDiskPreparationUsesSharedService","Output":"--- PASS: TestExistingDiskPreparationUsesSharedService (0.00s)\n","OutputType":"frame"}
{"Time":"2026-09-08T17:57:38.221957877+03:00","Action":"pass","Package":"virmill.local/core/internal/ui/cli","Test":"TestExistingDiskPreparationUsesSharedService","Elapsed":0}
{"Time":"2026-09-08T17:57:38.221969837+03:00","Action":"run","Package":"virmill.local/core/internal/ui/cli","Test":"TestInstallationPreparationUsesSharedService"}
{"Time":"2026-09-08T17:57:38.221971581+03:00","Action":"output","Package":"virmill.local/core/internal/ui/cli","Test":"TestInstallationPreparationUsesSharedService","Output":"=== RUN   TestInstallationPreparationUsesSharedService\n","OutputType":"frame"}
{"Time":"2026-09-08T17:57:38.222530089+03:00","Action":"output","Package":"virmill.local/core/internal/ui/cli","Test":"TestInstallationPreparationUsesSharedService","Output":"--- PASS: TestInstallationPreparationUsesSharedService (0.00s)\n","OutputType":"frame"}
{"Time":"2026-09-08T17:57:38.222542786+03:00","Action":"pass","Package":"virmill.local/core/internal/ui/cli","Test":"TestInstallationPreparationUsesSharedService","Elapsed":0}
{"Time":"2026-09-08T17:57:38.222557617+03:00","Action":"run","Package":"virmill.local/core/internal/ui/cli","Test":"TestResourceInventoryCommandsPreserveExplicitConnection"}
{"Time":"2026-09-08T17:57:38.222560076+03:00","Action":"output","Package":"virmill.local/core/internal/ui/cli","Test":"TestResourceInventoryCommandsPreserveExplicitConnection","Output":"=== RUN   TestResourceInventoryCommandsPreserveExplicitConnection\n","OutputType":"frame"}
{"Time":"2026-09-08T17:57:38.222786111+03:00","Action":"output","Package":"virmill.local/core/internal/ui/tui","Test":"TestGuestRecipeTUIFailuresClearSuccessfulPreviewAndAuthority/run/transport","Output":"--- PASS: TestGuestRecipeTUIFailuresClearSuccessfulPreviewAndAuthority/run/transport (0.06s)\n","OutputType":"frame"}
{"Time":"2026-09-08T17:57:38.222839163+03:00","Action":"pass","Package":"virmill.local/core/internal/ui/tui","Test":"TestGuestRecipeTUIFailuresClearSuccessfulPreviewAndAuthority/run/transport","Elapsed":0.06}
{"Time":"2026-09-08T17:57:38.222859641+03:00","Action":"run","Package":"virmill.local/core/internal/ui/tui","Test":"TestGuestRecipeTUIFailuresClearSuccessfulPreviewAndAuthority/result/SOURCE_CHANGED"}
{"Time":"2026-09-08T17:57:38.222870208+03:00","Action":"output","Package":"virmill.local/core/internal/ui/tui","Test":"TestGuestRecipeTUIFailuresClearSuccessfulPreviewAndAuthority/result/SOURCE_CHANGED","Output":"=== RUN   TestGuestRecipeTUIFailuresClearSuccessfulPreviewAndAuthority/result/SOURCE_CHANGED\n","OutputType":"frame"}
{"Time":"2026-09-08T17:57:38.224328399+03:00","Action":"output","Package":"virmill.local/core/internal/ui/cli","Test":"TestResourceInventoryCommandsPreserveExplicitConnection","Output":"--- PASS: TestResourceInventoryCommandsPreserveExplicitConnection (0.00s)\n","OutputType":"frame"}
{"Time":"2026-09-08T17:57:38.22434513+03:00","Action":"pass","Package":"virmill.local/core/internal/ui/cli","Test":"TestResourceInventoryCommandsPreserveExplicitConnection","Elapsed":0}
{"Time":"2026-09-08T17:57:38.224355357+03:00","Action":"run","Package":"virmill.local/core/internal/ui/cli","Test":"TestCreationAndRecoveryCommandsUseSharedService"}
{"Time":"2026-09-08T17:57:38.224358822+03:00","Action":"output","Package":"virmill.local/core/internal/ui/cli","Test":"TestCreationAndRecoveryCommandsUseSharedService","Output":"=== RUN   TestCreationAndRecoveryCommandsUseSharedService\n","OutputType":"frame"}
{"Time":"2026-09-08T17:57:38.22957304+03:00","Action":"output","Package":"virmill.local/core/internal/ui/cli","Test":"TestCreationAndRecoveryCommandsUseSharedService","Output":"--- PASS: TestCreationAndRecoveryCommandsUseSharedService (0.00s)\n","OutputType":"frame"}
{"Time":"2026-09-08T17:57:38.229594104+03:00","Action":"pass","Package":"virmill.local/core/internal/ui/cli","Test":"TestCreationAndRecoveryCommandsUseSharedService","Elapsed":0}
{"Time":"2026-09-08T17:57:38.229599648+03:00","Action":"run","Package":"virmill.local/core/internal/ui/cli","Test":"TestNoCloudCreationOptionsUseSharedService"}
{"Time":"2026-09-08T17:57:38.22960275+03:00","Action":"output","Package":"virmill.local/core/internal/ui/cli","Test":"TestNoCloudCreationOptionsUseSharedService","Output":"=== RUN   TestNoCloudCreationOptionsUseSharedService\n","OutputType":"frame"}
{"Time":"2026-09-08T17:57:38.230522036+03:00","Action":"output","Package":"virmill.local/core/internal/ui/cli","Test":"TestNoCloudCreationOptionsUseSharedService","Output":"--- PASS: TestNoCloudCreationOptionsUseSharedService (0.00s)\n","OutputType":"frame"}
{"Time":"2026-09-08T17:57:38.230535072+03:00","Action":"pass","Package":"virmill.local/core/internal/ui/cli","Test":"TestNoCloudCreationOptionsUseSharedService","Elapsed":0}
{"Time":"2026-09-08T17:57:38.230540776+03:00","Action":"run","Package":"virmill.local/core/internal/ui/cli","Test":"TestFixedResourcesUseSharedPlanning"}
{"Time":"2026-09-08T17:57:38.230542278+03:00","Action":"output","Package":"virmill.local/core/internal/ui/cli","Test":"TestFixedResourcesUseSharedPlanning","Output":"=== RUN   TestFixedResourcesUseSharedPlanning\n","OutputType":"frame"}
{"Time":"2026-09-08T17:57:38.231009695+03:00","Action":"output","Package":"virmill.local/core/internal/ui/cli","Test":"TestFixedResourcesUseSharedPlanning","Output":"--- PASS: TestFixedResourcesUseSharedPlanning (0.00s)\n","OutputType":"frame"}
{"Time":"2026-09-08T17:57:38.231019407+03:00","Action":"pass","Package":"virmill.local/core/internal/ui/cli","Test":"TestFixedResourcesUseSharedPlanning","Elapsed":0}
{"Time":"2026-09-08T17:57:38.231028862+03:00","Action":"run","Package":"virmill.local/core/internal/ui/cli","Test":"TestBootAndMediaCommandsUseSharedService"}
{"Time":"2026-09-08T17:57:38.231031172+03:00","Action":"output","Package":"virmill.local/core/internal/ui/cli","Test":"TestBootAndMediaCommandsUseSharedService","Output":"=== RUN   TestBootAndMediaCommandsUseSharedService\n","OutputType":"frame"}
{"Time":"2026-09-08T17:57:38.231497939+03:00","Action":"output","Package":"virmill.local/core/internal/ui/tui","Test":"TestGuestRecipeTUIFailuresClearSuccessfulPreviewAndAuthority/result/SOURCE_CHANGED","Output":"--- PASS: TestGuestRecipeTUIFailuresClearSuccessfulPreviewAndAuthority/result/SOURCE_CHANGED (0.01s)\n","OutputType":"frame"}
{"Time":"2026-09-08T17:57:38.231528353+03:00","Action":"pass","Package":"virmill.local/core/internal/ui/tui","Test":"TestGuestRecipeTUIFailuresClearSuccessfulPreviewAndAuthority/result/SOURCE_CHANGED","Elapsed":0.01}
{"Time":"2026-09-08T17:57:38.231543863+03:00","Action":"run","Package":"virmill.local/core/internal/ui/tui","Test":"TestGuestRecipeTUIFailuresClearSuccessfulPreviewAndAuthority/result/PERMISSION_DENIED"}
{"Time":"2026-09-08T17:57:38.231546238+03:00","Action":"output","Package":"virmill.local/core/internal/ui/tui","Test":"TestGuestRecipeTUIFailuresClearSuccessfulPreviewAndAuthority/result/PERMISSION_DENIED","Output":"=== RUN   TestGuestRecipeTUIFailuresClearSuccessfulPreviewAndAuthority/result/PERMISSION_DENIED\n","OutputType":"frame"}
{"Time":"2026-09-08T17:57:38.231859317+03:00","Action":"output","Package":"virmill.local/core/internal/ui/cli","Test":"TestBootAndMediaCommandsUseSharedService","Output":"--- PASS: TestBootAndMediaCommandsUseSharedService (0.00s)\n","OutputType":"frame"}
{"Time":"2026-09-08T17:57:38.231871946+03:00","Action":"pass","Package":"virmill.local/core/internal/ui/cli","Test":"TestBootAndMediaCommandsUseSharedService","Elapsed":0}
{"Time":"2026-09-08T17:57:38.231884351+03:00","Action":"run","Package":"virmill.local/core/internal/ui/cli","Test":"TestCLIPlanDisplaysSharedDowntimeEstimate"}
{"Time":"2026-09-08T17:57:38.231886909+03:00","Action":"output","Package":"virmill.local/core/internal/ui/cli","Test":"TestCLIPlanDisplaysSharedDowntimeEstimate","Output":"=== RUN   TestCLIPlanDisplaysSharedDowntimeEstimate\n","OutputType":"frame"}
{"Time":"2026-09-08T17:57:38.233170714+03:00","Action":"output","Package":"virmill.local/core/internal/ui/cli","Test":"TestCLIPlanDisplaysSharedDowntimeEstimate","Output":"--- PASS: TestCLIPlanDisplaysSharedDowntimeEstimate (0.00s)\n","OutputType":"frame"}
{"Time":"2026-09-08T17:57:38.233178192+03:00","Action":"pass","Package":"virmill.local/core/internal/ui/cli","Test":"TestCLIPlanDisplaysSharedDowntimeEstimate","Elapsed":0}
{"Time":"2026-09-08T17:57:38.233314343+03:00","Action":"run","Package":"virmill.local/core/internal/ui/cli","Test":"TestCLIActiveCreationResultIsObservationNotFailureOrCompletion"}
{"Time":"2026-09-08T17:57:38.233317021+03:00","Action":"output","Package":"virmill.local/core/internal/ui/cli","Test":"TestCLIActiveCreationResultIsObservationNotFailureOrCompletion","Output":"=== RUN   TestCLIActiveCreationResultIsObservationNotFailureOrCompletion\n","OutputType":"frame"}
{"Time":"2026-09-08T17:57:38.233969178+03:00","Action":"output","Package":"virmill.local/core/internal/ui/cli","Test":"TestCLIActiveCreationResultIsObservationNotFailureOrCompletion","Output":"--- PASS: TestCLIActiveCreationResultIsObservationNotFailureOrCompletion (0.00s)\n","OutputType":"frame"}
{"Time":"2026-09-08T17:57:38.233973397+03:00","Action":"pass","Package":"virmill.local/core/internal/ui/cli","Test":"TestCLIActiveCreationResultIsObservationNotFailureOrCompletion","Elapsed":0}
{"Time":"2026-09-08T17:57:38.233997782+03:00","Action":"output","Package":"virmill.local/core/internal/ui/cli","Output":"PASS\n","OutputType":"frame"}
{"Time":"2026-09-08T17:57:38.242763944+03:00","Action":"output","Package":"virmill.local/core/internal/ui/tui","Test":"TestGuestRecipeTUIFailuresClearSuccessfulPreviewAndAuthority/result/PERMISSION_DENIED","Output":"--- PASS: TestGuestRecipeTUIFailuresClearSuccessfulPreviewAndAuthority/result/PERMISSION_DENIED (0.01s)\n","OutputType":"frame"}
{"Time":"2026-09-08T17:57:38.242788569+03:00","Action":"pass","Package":"virmill.local/core/internal/ui/tui","Test":"TestGuestRecipeTUIFailuresClearSuccessfulPreviewAndAuthority/result/PERMISSION_DENIED","Elapsed":0.01}
{"Time":"2026-09-08T17:57:38.242796865+03:00","Action":"run","Package":"virmill.local/core/internal/ui/tui","Test":"TestGuestRecipeTUIFailuresClearSuccessfulPreviewAndAuthority/result/INVALID_INPUT"}
{"Time":"2026-09-08T17:57:38.242799968+03:00","Action":"output","Package":"virmill.local/core/internal/ui/tui","Test":"TestGuestRecipeTUIFailuresClearSuccessfulPreviewAndAuthority/result/INVALID_INPUT","Output":"=== RUN   TestGuestRecipeTUIFailuresClearSuccessfulPreviewAndAuthority/result/INVALID_INPUT\n","OutputType":"frame"}
{"Time":"2026-09-08T17:57:38.251656146+03:00","Action":"output","Package":"virmill.local/core/internal/ui/tui","Test":"TestGuestRecipeTUIFailuresClearSuccessfulPreviewAndAuthority/result/INVALID_INPUT","Output":"--- PASS: TestGuestRecipeTUIFailuresClearSuccessfulPreviewAndAuthority/result/INVALID_INPUT (0.01s)\n","OutputType":"frame"}
{"Time":"2026-09-08T17:57:38.251668356+03:00","Action":"pass","Package":"virmill.local/core/internal/ui/tui","Test":"TestGuestRecipeTUIFailuresClearSuccessfulPreviewAndAuthority/result/INVALID_INPUT","Elapsed":0.01}
{"Time":"2026-09-08T17:57:38.251675979+03:00","Action":"run","Package":"virmill.local/core/internal/ui/tui","Test":"TestGuestRecipeTUIFailuresClearSuccessfulPreviewAndAuthority/result/RECOVERY_REQUIRED"}
{"Time":"2026-09-08T17:57:38.251682876+03:00","Action":"output","Package":"virmill.local/core/internal/ui/tui","Test":"TestGuestRecipeTUIFailuresClearSuccessfulPreviewAndAuthority/result/RECOVERY_REQUIRED","Output":"=== RUN   TestGuestRecipeTUIFailuresClearSuccessfulPreviewAndAuthority/result/RECOVERY_REQUIRED\n","OutputType":"frame"}
{"Time":"2026-09-08T17:57:38.260451513+03:00","Action":"output","Package":"virmill.local/core/internal/ui/tui","Test":"TestGuestRecipeTUIFailuresClearSuccessfulPreviewAndAuthority/result/RECOVERY_REQUIRED","Output":"--- PASS: TestGuestRecipeTUIFailuresClearSuccessfulPreviewAndAuthority/result/RECOVERY_REQUIRED (0.01s)\n","OutputType":"frame"}
{"Time":"2026-09-08T17:57:38.260468018+03:00","Action":"pass","Package":"virmill.local/core/internal/ui/tui","Test":"TestGuestRecipeTUIFailuresClearSuccessfulPreviewAndAuthority/result/RECOVERY_REQUIRED","Elapsed":0.01}
{"Time":"2026-09-08T17:57:38.260473126+03:00","Action":"run","Package":"virmill.local/core/internal/ui/tui","Test":"TestGuestRecipeTUIFailuresClearSuccessfulPreviewAndAuthority/result/canceled"}
{"Time":"2026-09-08T17:57:38.260474681+03:00","Action":"output","Package":"virmill.local/core/internal/ui/tui","Test":"TestGuestRecipeTUIFailuresClearSuccessfulPreviewAndAuthority/result/canceled","Output":"=== RUN   TestGuestRecipeTUIFailuresClearSuccessfulPreviewAndAuthority/result/canceled\n","OutputType":"frame"}
{"Time":"2026-09-08T17:57:38.268373574+03:00","Action":"output","Package":"virmill.local/core/internal/ui/tui","Test":"TestGuestRecipeTUIFailuresClearSuccessfulPreviewAndAuthority/result/canceled","Output":"--- PASS: TestGuestRecipeTUIFailuresClearSuccessfulPreviewAndAuthority/result/canceled (0.01s)\n","OutputType":"frame"}
{"Time":"2026-09-08T17:57:38.268387087+03:00","Action":"pass","Package":"virmill.local/core/internal/ui/tui","Test":"TestGuestRecipeTUIFailuresClearSuccessfulPreviewAndAuthority/result/canceled","Elapsed":0.01}
{"Time":"2026-09-08T17:57:38.268400737+03:00","Action":"run","Package":"virmill.local/core/internal/ui/tui","Test":"TestGuestRecipeTUIFailuresClearSuccessfulPreviewAndAuthority/result/transport"}
{"Time":"2026-09-08T17:57:38.268402952+03:00","Action":"output","Package":"virmill.local/core/internal/ui/tui","Test":"TestGuestRecipeTUIFailuresClearSuccessfulPreviewAndAuthority/result/transport","Output":"=== RUN   TestGuestRecipeTUIFailuresClearSuccessfulPreviewAndAuthority/result/transport\n","OutputType":"frame"}
{"Time":"2026-09-08T17:57:38.276932347+03:00","Action":"output","Package":"virmill.local/core/internal/ui/tui","Test":"TestGuestRecipeTUIFailuresClearSuccessfulPreviewAndAuthority/result/transport","Output":"--- PASS: TestGuestRecipeTUIFailuresClearSuccessfulPreviewAndAuthority/result/transport (0.01s)\n","OutputType":"frame"}
{"Time":"2026-09-08T17:57:38.276946653+03:00","Action":"pass","Package":"virmill.local/core/internal/ui/tui","Test":"TestGuestRecipeTUIFailuresClearSuccessfulPreviewAndAuthority/result/transport","Elapsed":0.01}
{"Time":"2026-09-08T17:57:38.276967832+03:00","Action":"output","Package":"virmill.local/core/internal/ui/tui","Test":"TestGuestRecipeTUIFailuresClearSuccessfulPreviewAndAuthority","Output":"--- PASS: TestGuestRecipeTUIFailuresClearSuccessfulPreviewAndAuthority (0.43s)\n","OutputType":"frame"}
{"Time":"2026-09-08T17:57:38.276978824+03:00","Action":"pass","Package":"virmill.local/core/internal/ui/tui","Test":"TestGuestRecipeTUIFailuresClearSuccessfulPreviewAndAuthority","Elapsed":0.43}
{"Time":"2026-09-08T17:57:38.276994791+03:00","Action":"run","Package":"virmill.local/core/internal/ui/tui","Test":"TestGuidedFormsExactPreviewRequests"}
{"Time":"2026-09-08T17:57:38.276997216+03:00","Action":"output","Package":"virmill.local/core/internal/ui/tui","Test":"TestGuidedFormsExactPreviewRequests","Output":"=== RUN   TestGuidedFormsExactPreviewRequests\n","OutputType":"frame"}
{"Time":"2026-09-08T17:57:38.277030243+03:00","Action":"run","Package":"virmill.local/core/internal/ui/tui","Test":"TestGuidedFormsExactPreviewRequests/resources-both"}
{"Time":"2026-09-08T17:57:38.277032584+03:00","Action":"output","Package":"virmill.local/core/internal/ui/tui","Test":"TestGuidedFormsExactPreviewRequests/resources-both","Output":"=== RUN   TestGuidedFormsExactPreviewRequests/resources-both\n","OutputType":"frame"}
{"Time":"2026-09-08T17:57:38.277229093+03:00","Action":"output","Package":"virmill.local/core/internal/ui/tui","Test":"TestGuidedFormsExactPreviewRequests/resources-both","Output":"--- PASS: TestGuidedFormsExactPreviewRequests/resources-both (0.00s)\n","OutputType":"frame"}
{"Time":"2026-09-08T17:57:38.277241748+03:00","Action":"pass","Package":"virmill.local/core/internal/ui/tui","Test":"TestGuidedFormsExactPreviewRequests/resources-both","Elapsed":0}
{"Time":"2026-09-08T17:57:38.277254514+03:00","Action":"run","Package":"virmill.local/core/internal/ui/tui","Test":"TestGuidedFormsExactPreviewRequests/resources-cpu-only"}
{"Time":"2026-09-08T17:57:38.277256685+03:00","Action":"output","Package":"virmill.local/core/internal/ui/tui","Test":"TestGuidedFormsExactPreviewRequests/resources-cpu-only","Output":"=== RUN   TestGuidedFormsExactPreviewRequests/resources-cpu-only\n","OutputType":"frame"}
{"Time":"2026-09-08T17:57:38.277420604+03:00","Action":"output","Package":"virmill.local/core/internal/ui/tui","Test":"TestGuidedFormsExactPreviewRequests/resources-cpu-only","Output":"--- PASS: TestGuidedFormsExactPreviewRequests/resources-cpu-only (0.00s)\n","OutputType":"frame"}
{"Time":"2026-09-08T17:57:38.277431256+03:00","Action":"pass","Package":"virmill.local/core/internal/ui/tui","Test":"TestGuidedFormsExactPreviewRequests/resources-cpu-only","Elapsed":0}
{"Time":"2026-09-08T17:57:38.277442311+03:00","Action":"run","Package":"virmill.local/core/internal/ui/tui","Test":"TestGuidedFormsExactPreviewRequests/resources-memory-only"}
{"Time":"2026-09-08T17:57:38.277444492+03:00","Action":"output","Package":"virmill.local/core/internal/ui/tui","Test":"TestGuidedFormsExactPreviewRequests/resources-memory-only","Output":"=== RUN   TestGuidedFormsExactPreviewRequests/resources-memory-only\n","OutputType":"frame"}
{"Time":"2026-09-08T17:57:38.277592602+03:00","Action":"output","Package":"virmill.local/core/internal/ui/tui","Test":"TestGuidedFormsExactPreviewRequests/resources-memory-only","Output":"--- PASS: TestGuidedFormsExactPreviewRequests/resources-memory-only (0.00s)\n","OutputType":"frame"}
{"Time":"2026-09-08T17:57:38.277602946+03:00","Action":"pass","Package":"virmill.local/core/internal/ui/tui","Test":"TestGuidedFormsExactPreviewRequests/resources-memory-only","Elapsed":0}
{"Time":"2026-09-08T17:57:38.277613537+03:00","Action":"run","Package":"virmill.local/core/internal/ui/tui","Test":"TestGuidedFormsExactPreviewRequests/capture"}
{"Time":"2026-09-08T17:57:38.277615381+03:00","Action":"output","Package":"virmill.local/core/internal/ui/tui","Test":"TestGuidedFormsExactPreviewRequests/capture","Output":"=== RUN   TestGuidedFormsExactPreviewRequests/capture\n","OutputType":"frame"}
{"Time":"2026-09-08T17:57:38.277786281+03:00","Action":"output","Package":"virmill.local/core/internal/ui/tui","Test":"TestGuidedFormsExactPreviewRequests/capture","Output":"--- PASS: TestGuidedFormsExactPreviewRequests/capture (0.00s)\n","OutputType":"frame"}
{"Time":"2026-09-08T17:57:38.277795184+03:00","Action":"pass","Package":"virmill.local/core/internal/ui/tui","Test":"TestGuidedFormsExactPreviewRequests/capture","Elapsed":0}
{"Time":"2026-09-08T17:57:38.277806292+03:00","Action":"run","Package":"virmill.local/core/internal/ui/tui","Test":"TestGuidedFormsExactPreviewRequests/capture-auxiliary"}
{"Time":"2026-09-08T17:57:38.277808316+03:00","Action":"output","Package":"virmill.local/core/internal/ui/tui","Test":"TestGuidedFormsExactPreviewRequests/capture-auxiliary","Output":"=== RUN   TestGuidedFormsExactPreviewRequests/capture-auxiliary\n","OutputType":"frame"}
{"Time":"2026-09-08T17:57:38.277980231+03:00","Action":"output","Package":"virmill.local/core/internal/ui/tui","Test":"TestGuidedFormsExactPreviewRequests/capture-auxiliary","Output":"--- PASS: TestGuidedFormsExactPreviewRequests/capture-auxiliary (0.00s)\n","OutputType":"frame"}
{"Time":"2026-09-08T17:57:38.277992597+03:00","Action":"pass","Package":"virmill.local/core/internal/ui/tui","Test":"TestGuidedFormsExactPreviewRequests/capture-auxiliary","Elapsed":0}
{"Time":"2026-09-08T17:57:38.278004775+03:00","Action":"run","Package":"virmill.local/core/internal/ui/tui","Test":"TestGuidedFormsExactPreviewRequests/guest-default-port-empty-arguments"}
{"Time":"2026-09-08T17:57:38.278006791+03:00","Action":"output","Package":"virmill.local/core/internal/ui/tui","Test":"TestGuidedFormsExactPreviewRequests/guest-default-port-empty-arguments","Output":"=== RUN   TestGuidedFormsExactPreviewRequests/guest-default-port-empty-arguments\n","OutputType":"frame"}
{"Time":"2026-09-08T17:57:38.278495852+03:00","Action":"output","Package":"virmill.local/core/internal/ui/tui","Test":"TestGuidedFormsExactPreviewRequests/guest-default-port-empty-arguments","Output":"--- PASS: TestGuidedFormsExactPreviewRequests/guest-default-port-empty-arguments (0.00s)\n","OutputType":"frame"}
{"Time":"2026-09-08T17:57:38.278513725+03:00","Action":"pass","Package":"virmill.local/core/internal/ui/tui","Test":"TestGuidedFormsExactPreviewRequests/guest-default-port-empty-arguments","Elapsed":0}
{"Time":"2026-09-08T17:57:38.278523746+03:00","Action":"run","Package":"virmill.local/core/internal/ui/tui","Test":"TestGuidedFormsExactPreviewRequests/repository-init"}
{"Time":"2026-09-08T17:57:38.278527202+03:00","Action":"output","Package":"virmill.local/core/internal/ui/tui","Test":"TestGuidedFormsExactPreviewRequests/repository-init","Output":"=== RUN   TestGuidedFormsExactPreviewRequests/repository-init\n","OutputType":"frame"}
{"Time":"2026-09-08T17:57:38.278753277+03:00","Action":"output","Package":"virmill.local/core/internal/ui/tui","Test":"TestGuidedFormsExactPreviewRequests/repository-init","Output":"--- PASS: TestGuidedFormsExactPreviewRequests/repository-init (0.00s)\n","OutputType":"frame"}
{"Time":"2026-09-08T17:57:38.278772402+03:00","Action":"pass","Package":"virmill.local/core/internal/ui/tui","Test":"TestGuidedFormsExactPreviewRequests/repository-init","Elapsed":0}
{"Time":"2026-09-08T17:57:38.278787673+03:00","Action":"run","Package":"virmill.local/core/internal/ui/tui","Test":"TestGuidedFormsExactPreviewRequests/repository-check"}
{"Time":"2026-09-08T17:57:38.278791351+03:00","Action":"output","Package":"virmill.local/core/internal/ui/tui","Test":"TestGuidedFormsExactPreviewRequests/repository-check","Output":"=== RUN   TestGuidedFormsExactPreviewRequests/repository-check\n","OutputType":"frame"}
{"Time":"2026-09-08T17:57:38.278975722+03:00","Action":"output","Package":"virmill.local/core/internal/ui/tui","Test":"TestGuidedFormsExactPreviewRequests/repository-check","Output":"--- PASS: TestGuidedFormsExactPreviewRequests/repository-check (0.00s)\n","OutputType":"frame"}
{"Time":"2026-09-08T17:57:38.278989156+03:00","Action":"pass","Package":"virmill.local/core/internal/ui/tui","Test":"TestGuidedFormsExactPreviewRequests/repository-check","Elapsed":0}
{"Time":"2026-09-08T17:57:38.27901643+03:00","Action":"output","Package":"virmill.local/core/internal/ui/tui","Test":"TestGuidedFormsExactPreviewRequests","Output":"--- PASS: TestGuidedFormsExactPreviewRequests (0.00s)\n","OutputType":"frame"}
{"Time":"2026-09-08T17:57:38.279029605+03:00","Action":"pass","Package":"virmill.local/core/internal/ui/tui","Test":"TestGuidedFormsExactPreviewRequests","Elapsed":0}
{"Time":"2026-09-08T17:57:38.279043969+03:00","Action":"run","Package":"virmill.local/core/internal/ui/tui","Test":"TestGuidedGuestArgumentsAreLiteralAndBounded"}
{"Time":"2026-09-08T17:57:38.279047621+03:00","Action":"output","Package":"virmill.local/core/internal/ui/tui","Test":"TestGuidedGuestArgumentsAreLiteralAndBounded","Output":"=== RUN   TestGuidedGuestArgumentsAreLiteralAndBounded\n","OutputType":"frame"}
{"Time":"2026-09-08T17:57:38.279086074+03:00","Action":"run","Package":"virmill.local/core/internal/ui/tui","Test":"TestGuidedGuestArgumentsAreLiteralAndBounded/#00"}
{"Time":"2026-09-08T17:57:38.279089652+03:00","Action":"output","Package":"virmill.local/core/internal/ui/tui","Test":"TestGuidedGuestArgumentsAreLiteralAndBounded/#00","Output":"=== RUN   TestGuidedGuestArgumentsAreLiteralAndBounded/#00\n","OutputType":"frame"}
{"Time":"2026-09-08T17:57:38.279211128+03:00","Action":"output","Package":"virmill.local/core/internal/ui/tui","Test":"TestGuidedGuestArgumentsAreLiteralAndBounded/#00","Output":"--- PASS: TestGuidedGuestArgumentsAreLiteralAndBounded/#00 (0.00s)\n","OutputType":"frame"}
{"Time":"2026-09-08T17:57:38.279224041+03:00","Action":"pass","Package":"virmill.local/core/internal/ui/tui","Test":"TestGuidedGuestArgumentsAreLiteralAndBounded/#00","Elapsed":0}
{"Time":"2026-09-08T17:57:38.279255739+03:00","Action":"run","Package":"virmill.local/core/internal/ui/tui","Test":"TestGuidedGuestArgumentsAreLiteralAndBounded/alpha_\"two_words\"_'ضيف'_escaped\\_space_''_\"\""}
{"Time":"2026-09-08T17:57:38.279260461+03:00","Action":"output","Package":"virmill.local/core/internal/ui/tui","Test":"TestGuidedGuestArgumentsAreLiteralAndBounded/alpha_\"two_words\"_'ضيف'_escaped\\_space_''_\"\"","Output":"=== RUN   TestGuidedGuestArgumentsAreLiteralAndBounded/alpha_\"two_words\"_'ضيف'_escaped\\_space_''_\"\"\n","OutputType":"frame"}
{"Time":"2026-09-08T17:57:38.279408275+03:00","Action":"output","Package":"virmill.local/core/internal/ui/tui","Test":"TestGuidedGuestArgumentsAreLiteralAndBounded/alpha_\"two_words\"_'ضيف'_escaped\\_space_''_\"\"","Output":"--- PASS: TestGuidedGuestArgumentsAreLiteralAndBounded/alpha_\"two_words\"_'ضيف'_escaped\\_space_''_\"\" (0.00s)\n","OutputType":"frame"}
{"Time":"2026-09-08T17:57:38.279416103+03:00","Action":"pass","Package":"virmill.local/core/internal/ui/tui","Test":"TestGuidedGuestArgumentsAreLiteralAndBounded/alpha_\"two_words\"_'ضيف'_escaped\\_space_''_\"\"","Elapsed":0}
{"Time":"2026-09-08T17:57:38.279434676+03:00","Action":"run","Package":"virmill.local/core/internal/ui/tui","Test":"TestGuidedGuestArgumentsAreLiteralAndBounded/'$(touch_never)'_'$HOME'_'`id`'_'*'_';'_'--flag'"}
{"Time":"2026-09-08T17:57:38.279438035+03:00","Action":"output","Package":"virmill.local/core/internal/ui/tui","Test":"TestGuidedGuestArgumentsAreLiteralAndBounded/'$(touch_never)'_'$HOME'_'`id`'_'*'_';'_'--flag'","Output":"=== RUN   TestGuidedGuestArgumentsAreLiteralAndBounded/'$(touch_never)'_'$HOME'_'`id`'_'*'_';'_'--flag'\n","OutputType":"frame"}
{"Time":"2026-09-08T17:57:38.279574613+03:00","Action":"output","Package":"virmill.local/core/internal/ui/tui","Test":"TestGuidedGuestArgumentsAreLiteralAndBounded/'$(touch_never)'_'$HOME'_'`id`'_'*'_';'_'--flag'","Output":"--- PASS: TestGuidedGuestArgumentsAreLiteralAndBounded/'$(touch_never)'_'$HOME'_'`id`'_'*'_';'_'--flag' (0.00s)\n","OutputType":"frame"}
{"Time":"2026-09-08T17:57:38.279587151+03:00","Action":"pass","Package":"virmill.local/core/internal/ui/tui","Test":"TestGuidedGuestArgumentsAreLiteralAndBounded/'$(touch_never)'_'$HOME'_'`id`'_'*'_';'_'--flag'","Elapsed":0}
{"Time":"2026-09-08T17:57:38.279602134+03:00","Action":"run","Package":"virmill.local/core/internal/ui/tui","Test":"TestGuidedGuestArgumentsAreLiteralAndBounded/'a\\b'_\"c\\\\d\"_a\"b\"c"}
{"Time":"2026-09-08T17:57:38.279605967+03:00","Action":"output","Package":"virmill.local/core/internal/ui/tui","Test":"TestGuidedGuestArgumentsAreLiteralAndBounded/'a\\b'_\"c\\\\d\"_a\"b\"c","Output":"=== RUN   TestGuidedGuestArgumentsAreLiteralAndBounded/'a\\b'_\"c\\\\d\"_a\"b\"c\n","OutputType":"frame"}
{"Time":"2026-09-08T17:57:38.279725063+03:00","Action":"output","Package":"virmill.local/core/internal/ui/tui","Test":"TestGuidedGuestArgumentsAreLiteralAndBounded/'a\\b'_\"c\\\\d\"_a\"b\"c","Output":"--- PASS: TestGuidedGuestArgumentsAreLiteralAndBounded/'a\\b'_\"c\\\\d\"_a\"b\"c (0.00s)\n","OutputType":"frame"}
{"Time":"2026-09-08T17:57:38.279737479+03:00","Action":"pass","Package":"virmill.local/core/internal/ui/tui","Test":"TestGuidedGuestArgumentsAreLiteralAndBounded/'a\\b'_\"c\\\\d\"_a\"b\"c","Elapsed":0}
{"Time":"2026-09-08T17:57:38.281863582+03:00","Action":"output","Package":"virmill.local/core/internal/ui/tui","Test":"TestGuidedGuestArgumentsAreLiteralAndBounded","Output":"--- PASS: TestGuidedGuestArgumentsAreLiteralAndBounded (0.00s)\n","OutputType":"frame"}
{"Time":"2026-09-08T17:57:38.281877309+03:00","Action":"pass","Package":"virmill.local/core/internal/ui/tui","Test":"TestGuidedGuestArgumentsAreLiteralAndBounded","Elapsed":0}
{"Time":"2026-09-08T17:57:38.281882801+03:00","Action":"run","Package":"virmill.local/core/internal/ui/tui","Test":"TestGuidedFormsInvalidFieldsStayInlineAndDoNotSubmit"}
{"Time":"2026-09-08T17:57:38.281888431+03:00","Action":"output","Package":"virmill.local/core/internal/ui/tui","Test":"TestGuidedFormsInvalidFieldsStayInlineAndDoNotSubmit","Output":"=== RUN   TestGuidedFormsInvalidFieldsStayInlineAndDoNotSubmit\n","OutputType":"frame"}
{"Time":"2026-09-08T17:57:38.281931429+03:00","Action":"run","Package":"virmill.local/core/internal/ui/tui","Test":"TestGuidedFormsInvalidFieldsStayInlineAndDoNotSubmit/resources/vcpus/"}
{"Time":"2026-09-08T17:57:38.281935533+03:00","Action":"output","Package":"virmill.local/core/internal/ui/tui","Test":"TestGuidedFormsInvalidFieldsStayInlineAndDoNotSubmit/resources/vcpus/","Output":"=== RUN   TestGuidedFormsInvalidFieldsStayInlineAndDoNotSubmit/resources/vcpus/\n","OutputType":"frame"}
{"Time":"2026-09-08T17:57:38.282189198+03:00","Action":"output","Package":"virmill.local/core/internal/ui/tui","Test":"TestGuidedFormsInvalidFieldsStayInlineAndDoNotSubmit/resources/vcpus/","Output":"--- PASS: TestGuidedFormsInvalidFieldsStayInlineAndDoNotSubmit/resources/vcpus/ (0.00s)\n","OutputType":"frame"}
{"Time":"2026-09-08T17:57:38.282206564+03:00","Action":"pass","Package":"virmill.local/core/internal/ui/tui","Test":"TestGuidedFormsInvalidFieldsStayInlineAndDoNotSubmit/resources/vcpus/","Elapsed":0}
{"Time":"2026-09-08T17:57:38.282222358+03:00","Action":"run","Package":"virmill.local/core/internal/ui/tui","Test":"TestGuidedFormsInvalidFieldsStayInlineAndDoNotSubmit/resources/vcpus/0"}
{"Time":"2026-09-08T17:57:38.282225435+03:00","Action":"output","Package":"virmill.local/core/internal/ui/tui","Test":"TestGuidedFormsInvalidFieldsStayInlineAndDoNotSubmit/resources/vcpus/0","Output":"=== RUN   TestGuidedFormsInvalidFieldsStayInlineAndDoNotSubmit/resources/vcpus/0\n","OutputType":"frame"}
{"Time":"2026-09-08T17:57:38.282427986+03:00","Action":"output","Package":"virmill.local/core/internal/ui/tui","Test":"TestGuidedFormsInvalidFieldsStayInlineAndDoNotSubmit/resources/vcpus/0","Output":"--- PASS: TestGuidedFormsInvalidFieldsStayInlineAndDoNotSubmit/resources/vcpus/0 (0.00s)\n","OutputType":"frame"}
{"Time":"2026-09-08T17:57:38.282441535+03:00","Action":"pass","Package":"virmill.local/core/internal/ui/tui","Test":"TestGuidedFormsInvalidFieldsStayInlineAndDoNotSubmit/resources/vcpus/0","Elapsed":0}
{"Time":"2026-09-08T17:57:38.282454388+03:00","Action":"run","Package":"virmill.local/core/internal/ui/tui","Test":"TestGuidedFormsInvalidFieldsStayInlineAndDoNotSubmit/resources/vcpus/513"}
{"Time":"2026-09-08T17:57:38.282457343+03:00","Action":"output","Package":"virmill.local/core/internal/ui/tui","Test":"TestGuidedFormsInvalidFieldsStayInlineAndDoNotSubmit/resources/vcpus/513","Output":"=== RUN   TestGuidedFormsInvalidFieldsStayInlineAndDoNotSubmit/resources/vcpus/513\n","OutputType":"frame"}
{"Time":"2026-09-08T17:57:38.282645283+03:00","Action":"output","Package":"virmill.local/core/internal/ui/tui","Test":"TestGuidedFormsInvalidFieldsStayInlineAndDoNotSubmit/resources/vcpus/513","Output":"--- PASS: TestGuidedFormsInvalidFieldsStayInlineAndDoNotSubmit/resources/vcpus/513 (0.00s)\n","OutputType":"frame"}
{"Time":"2026-09-08T17:57:38.28265734+03:00","Action":"pass","Package":"virmill.local/core/internal/ui/tui","Test":"TestGuidedFormsInvalidFieldsStayInlineAndDoNotSubmit/resources/vcpus/513","Elapsed":0}
{"Time":"2026-09-08T17:57:38.282669987+03:00","Action":"run","Package":"virmill.local/core/internal/ui/tui","Test":"TestGuidedFormsInvalidFieldsStayInlineAndDoNotSubmit/resources/vcpus/1.5"}
{"Time":"2026-09-08T17:57:38.282672878+03:00","Action":"output","Package":"virmill.local/core/internal/ui/tui","Test":"TestGuidedFormsInvalidFieldsStayInlineAndDoNotSubmit/resources/vcpus/1.5","Output":"=== RUN   TestGuidedFormsInvalidFieldsStayInlineAndDoNotSubmit/resources/vcpus/1.5\n","OutputType":"frame"}
{"Time":"2026-09-08T17:57:38.282856017+03:00","Action":"output","Package":"virmill.local/core/internal/ui/tui","Test":"TestGuidedFormsInvalidFieldsStayInlineAndDoNotSubmit/resources/vcpus/1.5","Output":"--- PASS: TestGuidedFormsInvalidFieldsStayInlineAndDoNotSubmit/resources/vcpus/1.5 (0.00s)\n","OutputType":"frame"}
{"Time":"2026-09-08T17:57:38.28286678+03:00","Action":"pass","Package":"virmill.local/core/internal/ui/tui","Test":"TestGuidedFormsInvalidFieldsStayInlineAndDoNotSubmit/resources/vcpus/1.5","Elapsed":0}
{"Time":"2026-09-08T17:57:38.282881097+03:00","Action":"run","Package":"virmill.local/core/internal/ui/tui","Test":"TestGuidedFormsInvalidFieldsStayInlineAndDoNotSubmit/resources/vcpus/+1"}
{"Time":"2026-09-08T17:57:38.282883894+03:00","Action":"output","Package":"virmill.local/core/internal/ui/tui","Test":"TestGuidedFormsInvalidFieldsStayInlineAndDoNotSubmit/resources/vcpus/+1","Output":"=== RUN   TestGuidedFormsInvalidFieldsStayInlineAndDoNotSubmit/resources/vcpus/+1\n","OutputType":"frame"}
{"Time":"2026-09-08T17:57:38.283059637+03:00","Action":"output","Package":"virmill.local/core/internal/ui/tui","Test":"TestGuidedFormsInvalidFieldsStayInlineAndDoNotSubmit/resources/vcpus/+1","Output":"--- PASS: TestGuidedFormsInvalidFieldsStayInlineAndDoNotSubmit/resources/vcpus/+1 (0.00s)\n","OutputType":"frame"}
{"Time":"2026-09-08T17:57:38.283067417+03:00","Action":"pass","Package":"virmill.local/core/internal/ui/tui","Test":"TestGuidedFormsInvalidFieldsStayInlineAndDoNotSubmit/resources/vcpus/+1","Elapsed":0}
{"Time":"2026-09-08T17:57:38.28308222+03:00","Action":"run","Package":"virmill.local/core/internal/ui/tui","Test":"TestGuidedFormsInvalidFieldsStayInlineAndDoNotSubmit/resources/vcpus/01"}
{"Time":"2026-09-08T17:57:38.283085113+03:00","Action":"output","Package":"virmill.local/core/internal/ui/tui","Test":"TestGuidedFormsInvalidFieldsStayInlineAndDoNotSubmit/resources/vcpus/01","Output":"=== RUN   TestGuidedFormsInvalidFieldsStayInlineAndDoNotSubmit/resources/vcpus/01\n","OutputType":"frame"}
{"Time":"2026-09-08T17:57:38.283265672+03:00","Action":"output","Package":"virmill.local/core/internal/ui/tui","Test":"TestGuidedFormsInvalidFieldsStayInlineAndDoNotSubmit/resources/vcpus/01","Output":"--- PASS: TestGuidedFormsInvalidFieldsStayInlineAndDoNotSubmit/resources/vcpus/01 (0.00s)\n","OutputType":"frame"}
{"Time":"2026-09-08T17:57:38.283277696+03:00","Action":"pass","Package":"virmill.local/core/internal/ui/tui","Test":"TestGuidedFormsInvalidFieldsStayInlineAndDoNotSubmit/resources/vcpus/01","Elapsed":0}
{"Time":"2026-09-08T17:57:38.283293718+03:00","Action":"run","Package":"virmill.local/core/internal/ui/tui","Test":"TestGuidedFormsInvalidFieldsStayInlineAndDoNotSubmit/resources/memoryMiB/1048577"}
{"Time":"2026-09-08T17:57:38.283297433+03:00","Action":"output","Package":"virmill.local/core/internal/ui/tui","Test":"TestGuidedFormsInvalidFieldsStayInlineAndDoNotSubmit/resources/memoryMiB/1048577","Output":"=== RUN   TestGuidedFormsInvalidFieldsStayInlineAndDoNotSubmit/resources/memoryMiB/1048577\n","OutputType":"frame"}
{"Time":"2026-09-08T17:57:38.283483474+03:00","Action":"output","Package":"virmill.local/core/internal/ui/tui","Test":"TestGuidedFormsInvalidFieldsStayInlineAndDoNotSubmit/resources/memoryMiB/1048577","Output":"--- PASS: TestGuidedFormsInvalidFieldsStayInlineAndDoNotSubmit/resources/memoryMiB/1048577 (0.00s)\n","OutputType":"frame"}
{"Time":"2026-09-08T17:57:38.283494382+03:00","Action":"pass","Package":"virmill.local/core/internal/ui/tui","Test":"TestGuidedFormsInvalidFieldsStayInlineAndDoNotSubmit/resources/memoryMiB/1048577","Elapsed":0}
{"Time":"2026-09-08T17:57:38.283507539+03:00","Action":"run","Package":"virmill.local/core/internal/ui/tui","Test":"TestGuidedFormsInvalidFieldsStayInlineAndDoNotSubmit/resources/memoryMiB/-2"}
{"Time":"2026-09-08T17:57:38.283510357+03:00","Action":"output","Package":"virmill.local/core/internal/ui/tui","Test":"TestGuidedFormsInvalidFieldsStayInlineAndDoNotSubmit/resources/memoryMiB/-2","Output":"=== RUN   TestGuidedFormsInvalidFieldsStayInlineAndDoNotSubmit/resources/memoryMiB/-2\n","OutputType":"frame"}
{"Time":"2026-09-08T17:57:38.283695627+03:00","Action":"output","Package":"virmill.local/core/internal/ui/tui","Test":"TestGuidedFormsInvalidFieldsStayInlineAndDoNotSubmit/resources/memoryMiB/-2","Output":"--- PASS: TestGuidedFormsInvalidFieldsStayInlineAndDoNotSubmit/resources/memoryMiB/-2 (0.00s)\n","OutputType":"frame"}
{"Time":"2026-09-08T17:57:38.283710234+03:00","Action":"pass","Package":"virmill.local/core/internal/ui/tui","Test":"TestGuidedFormsInvalidFieldsStayInlineAndDoNotSubmit/resources/memoryMiB/-2","Elapsed":0}
{"Time":"2026-09-08T17:57:38.283723722+03:00","Action":"run","Package":"virmill.local/core/internal/ui/tui","Test":"TestGuidedFormsInvalidFieldsStayInlineAndDoNotSubmit/capture/sourceRoot/relative"}
{"Time":"2026-09-08T17:57:38.283727276+03:00","Action":"output","Package":"virmill.local/core/internal/ui/tui","Test":"TestGuidedFormsInvalidFieldsStayInlineAndDoNotSubmit/capture/sourceRoot/relative","Output":"=== RUN   TestGuidedFormsInvalidFieldsStayInlineAndDoNotSubmit/capture/sourceRoot/relative\n","OutputType":"frame"}
{"Time":"2026-09-08T17:57:38.283921058+03:00","Action":"output","Package":"virmill.local/core/internal/ui/tui","Test":"TestGuidedFormsInvalidFieldsStayInlineAndDoNotSubmit/capture/sourceRoot/relative","Output":"--- PASS: TestGuidedFormsInvalidFieldsStayInlineAndDoNotSubmit/capture/sourceRoot/relative (0.00s)\n","OutputType":"frame"}
{"Time":"2026-09-08T17:57:38.283930805+03:00","Action":"pass","Package":"virmill.local/core/internal/ui/tui","Test":"TestGuidedFormsInvalidFieldsStayInlineAndDoNotSubmit/capture/sourceRoot/relative","Elapsed":0}
{"Time":"2026-09-08T17:57:38.283947837+03:00","Action":"run","Package":"virmill.local/core/internal/ui/tui","Test":"TestGuidedFormsInvalidFieldsStayInlineAndDoNotSubmit/capture/sourceRoot//private/../other"}
{"Time":"2026-09-08T17:57:38.283951518+03:00","Action":"output","Package":"virmill.local/core/internal/ui/tui","Test":"TestGuidedFormsInvalidFieldsStayInlineAndDoNotSubmit/capture/sourceRoot//private/../other","Output":"=== RUN   TestGuidedFormsInvalidFieldsStayInlineAndDoNotSubmit/capture/sourceRoot//private/../other\n","OutputType":"frame"}
{"Time":"2026-09-08T17:57:38.284155306+03:00","Action":"output","Package":"virmill.local/core/internal/ui/tui","Test":"TestGuidedFormsInvalidFieldsStayInlineAndDoNotSubmit/capture/sourceRoot//private/../other","Output":"--- PASS: TestGuidedFormsInvalidFieldsStayInlineAndDoNotSubmit/capture/sourceRoot//private/../other (0.00s)\n","OutputType":"frame"}
{"Time":"2026-09-08T17:57:38.284162539+03:00","Action":"pass","Package":"virmill.local/core/internal/ui/tui","Test":"TestGuidedFormsInvalidFieldsStayInlineAndDoNotSubmit/capture/sourceRoot//private/../other","Elapsed":0}
{"Time":"2026-09-08T17:57:38.284180963+03:00","Action":"run","Package":"virmill.local/core/internal/ui/tui","Test":"TestGuidedFormsInvalidFieldsStayInlineAndDoNotSubmit/capture/sourceRoot//private/source/"}
{"Time":"2026-09-08T17:57:38.284184587+03:00","Action":"output","Package":"virmill.local/core/internal/ui/tui","Test":"TestGuidedFormsInvalidFieldsStayInlineAndDoNotSubmit/capture/sourceRoot//private/source/","Output":"=== RUN   TestGuidedFormsInvalidFieldsStayInlineAndDoNotSubmit/capture/sourceRoot//private/source/\n","OutputType":"frame"}
{"Time":"2026-09-08T17:57:38.284384778+03:00","Action":"output","Package":"virmill.local/core/internal/ui/tui","Test":"TestGuidedFormsInvalidFieldsStayInlineAndDoNotSubmit/capture/sourceRoot//private/source/","Output":"--- PASS: TestGuidedFormsInvalidFieldsStayInlineAndDoNotSubmit/capture/sourceRoot//private/source/ (0.00s)\n","OutputType":"frame"}
{"Time":"2026-09-08T17:57:38.284394385+03:00","Action":"pass","Package":"virmill.local/core/internal/ui/tui","Test":"TestGuidedFormsInvalidFieldsStayInlineAndDoNotSubmit/capture/sourceRoot//private/source/","Elapsed":0}
{"Time":"2026-09-08T17:57:38.28441234+03:00","Action":"run","Package":"virmill.local/core/internal/ui/tui","Test":"TestGuidedFormsInvalidFieldsStayInlineAndDoNotSubmit/capture/sourceRoot/_/private/source"}
{"Time":"2026-09-08T17:57:38.284417496+03:00","Action":"output","Package":"virmill.local/core/internal/ui/tui","Test":"TestGuidedFormsInvalidFieldsStayInlineAndDoNotSubmit/capture/sourceRoot/_/private/source","Output":"=== RUN   TestGuidedFormsInvalidFieldsStayInlineAndDoNotSubmit/capture/sourceRoot/_/private/source\n","OutputType":"frame"}
{"Time":"2026-09-08T17:57:38.284607806+03:00","Action":"output","Package":"virmill.local/core/internal/ui/tui","Test":"TestGuidedFormsInvalidFieldsStayInlineAndDoNotSubmit/capture/sourceRoot/_/private/source","Output":"--- PASS: TestGuidedFormsInvalidFieldsStayInlineAndDoNotSubmit/capture/sourceRoot/_/private/source (0.00s)\n","OutputType":"frame"}
{"Time":"2026-09-08T17:57:38.284613741+03:00","Action":"pass","Package":"virmill.local/core/internal/ui/tui","Test":"TestGuidedFormsInvalidFieldsStayInlineAndDoNotSubmit/capture/sourceRoot/_/private/source","Elapsed":0}
{"Time":"2026-09-08T17:57:38.284631788+03:00","Action":"run","Package":"virmill.local/core/internal/ui/tui","Test":"TestGuidedFormsInvalidFieldsStayInlineAndDoNotSubmit/capture/auxiliaryRootID/../other"}
{"Time":"2026-09-08T17:57:38.284635608+03:00","Action":"output","Package":"virmill.local/core/internal/ui/tui","Test":"TestGuidedFormsInvalidFieldsStayInlineAndDoNotSubmit/capture/auxiliaryRootID/../other","Output":"=== RUN   TestGuidedFormsInvalidFieldsStayInlineAndDoNotSubmit/capture/auxiliaryRootID/../other\n","OutputType":"frame"}
{"Time":"2026-09-08T17:57:38.284866809+03:00","Action":"output","Package":"virmill.local/core/internal/ui/tui","Test":"TestGuidedFormsInvalidFieldsStayInlineAndDoNotSubmit/capture/auxiliaryRootID/../other","Output":"--- PASS: TestGuidedFormsInvalidFieldsStayInlineAndDoNotSubmit/capture/auxiliaryRootID/../other (0.00s)\n","OutputType":"frame"}
{"Time":"2026-09-08T17:57:38.284879023+03:00","Action":"pass","Package":"virmill.local/core/internal/ui/tui","Test":"TestGuidedFormsInvalidFieldsStayInlineAndDoNotSubmit/capture/auxiliaryRootID/../other","Elapsed":0}
{"Time":"2026-09-08T17:57:38.284893234+03:00","Action":"run","Package":"virmill.local/core/internal/ui/tui","Test":"TestGuidedFormsInvalidFieldsStayInlineAndDoNotSubmit/guest-recipe/recipe/relative.json"}
{"Time":"2026-09-08T17:57:38.284896793+03:00","Action":"output","Package":"virmill.local/core/internal/ui/tui","Test":"TestGuidedFormsInvalidFieldsStayInlineAndDoNotSubmit/guest-recipe/recipe/relative.json","Output":"=== RUN   TestGuidedFormsInvalidFieldsStayInlineAndDoNotSubmit/guest-recipe/recipe/relative.json\n","OutputType":"frame"}
{"Time":"2026-09-08T17:57:38.28526361+03:00","Action":"output","Package":"virmill.local/core/internal/ui/tui","Test":"TestGuidedFormsInvalidFieldsStayInlineAndDoNotSubmit/guest-recipe/recipe/relative.json","Output":"--- PASS: TestGuidedFormsInvalidFieldsStayInlineAndDoNotSubmit/guest-recipe/recipe/relative.json (0.00s)\n","OutputType":"frame"}
{"Time":"2026-09-08T17:57:38.285272692+03:00","Action":"pass","Package":"virmill.local/core/internal/ui/tui","Test":"TestGuidedFormsInvalidFieldsStayInlineAndDoNotSubmit/guest-recipe/recipe/relative.json","Elapsed":0}
{"Time":"2026-09-08T17:57:38.28528977+03:00","Action":"run","Package":"virmill.local/core/internal/ui/tui","Test":"TestGuidedFormsInvalidFieldsStayInlineAndDoNotSubmit/guest-recipe/address/host.example"}
{"Time":"2026-09-08T17:57:38.285293562+03:00","Action":"output","Package":"virmill.local/core/internal/ui/tui","Test":"TestGuidedFormsInvalidFieldsStayInlineAndDoNotSubmit/guest-recipe/address/host.example","Output":"=== RUN   TestGuidedFormsInvalidFieldsStayInlineAndDoNotSubmit/guest-recipe/address/host.example\n","OutputType":"frame"}
{"Time":"2026-09-08T17:57:38.285702276+03:00","Action":"output","Package":"virmill.local/core/internal/ui/tui","Test":"TestGuidedFormsInvalidFieldsStayInlineAndDoNotSubmit/guest-recipe/address/host.example","Output":"--- PASS: TestGuidedFormsInvalidFieldsStayInlineAndDoNotSubmit/guest-recipe/address/host.example (0.00s)\n","OutputType":"frame"}
{"Time":"2026-09-08T17:57:38.285710895+03:00","Action":"pass","Package":"virmill.local/core/internal/ui/tui","Test":"TestGuidedFormsInvalidFieldsStayInlineAndDoNotSubmit/guest-recipe/address/host.example","Elapsed":0}
{"Time":"2026-09-08T17:57:38.285728866+03:00","Action":"run","Package":"virmill.local/core/internal/ui/tui","Test":"TestGuidedFormsInvalidFieldsStayInlineAndDoNotSubmit/guest-recipe/address/127.0.0.1"}
{"Time":"2026-09-08T17:57:38.285732825+03:00","Action":"output","Package":"virmill.local/core/internal/ui/tui","Test":"TestGuidedFormsInvalidFieldsStayInlineAndDoNotSubmit/guest-recipe/address/127.0.0.1","Output":"=== RUN   TestGuidedFormsInvalidFieldsStayInlineAndDoNotSubmit/guest-recipe/address/127.0.0.1\n","OutputType":"frame"}
{"Time":"2026-09-08T17:57:38.286125251+03:00","Action":"output","Package":"virmill.local/core/internal/ui/tui","Test":"TestGuidedFormsInvalidFieldsStayInlineAndDoNotSubmit/guest-recipe/address/127.0.0.1","Output":"--- PASS: TestGuidedFormsInvalidFieldsStayInlineAndDoNotSubmit/guest-recipe/address/127.0.0.1 (0.00s)\n","OutputType":"frame"}
{"Time":"2026-09-08T17:57:38.286134118+03:00","Action":"pass","Package":"virmill.local/core/internal/ui/tui","Test":"TestGuidedFormsInvalidFieldsStayInlineAndDoNotSubmit/guest-recipe/address/127.0.0.1","Elapsed":0}
{"Time":"2026-09-08T17:57:38.286153064+03:00","Action":"run","Package":"virmill.local/core/internal/ui/tui","Test":"TestGuidedFormsInvalidFieldsStayInlineAndDoNotSubmit/guest-recipe/address/fe80::1"}
{"Time":"2026-09-08T17:57:38.286159035+03:00","Action":"output","Package":"virmill.local/core/internal/ui/tui","Test":"TestGuidedFormsInvalidFieldsStayInlineAndDoNotSubmit/guest-recipe/address/fe80::1","Output":"=== RUN   TestGuidedFormsInvalidFieldsStayInlineAndDoNotSubmit/guest-recipe/address/fe80::1\n","OutputType":"frame"}
{"Time":"2026-09-08T17:57:38.286563663+03:00","Action":"output","Package":"virmill.local/core/internal/ui/tui","Test":"TestGuidedFormsInvalidFieldsStayInlineAndDoNotSubmit/guest-recipe/address/fe80::1","Output":"--- PASS: TestGuidedFormsInvalidFieldsStayInlineAndDoNotSubmit/guest-recipe/address/fe80::1 (0.00s)\n","OutputType":"frame"}
{"Time":"2026-09-08T17:57:38.286574963+03:00","Action":"pass","Package":"virmill.local/core/internal/ui/tui","Test":"TestGuidedFormsInvalidFieldsStayInlineAndDoNotSubmit/guest-recipe/address/fe80::1","Elapsed":0}
{"Time":"2026-09-08T17:57:38.28657811+03:00","Action":"run","Package":"virmill.local/core/internal/ui/tui","Test":"TestGuidedFormsInvalidFieldsStayInlineAndDoNotSubmit/guest-recipe/address/::ffff:192.0.2.25"}
{"Time":"2026-09-08T17:57:38.286580024+03:00","Action":"output","Package":"virmill.local/core/internal/ui/tui","Test":"TestGuidedFormsInvalidFieldsStayInlineAndDoNotSubmit/guest-recipe/address/::ffff:192.0.2.25","Output":"=== RUN   TestGuidedFormsInvalidFieldsStayInlineAndDoNotSubmit/guest-recipe/address/::ffff:192.0.2.25\n","OutputType":"frame"}
{"Time":"2026-09-08T17:57:38.286885626+03:00","Action":"output","Package":"virmill.local/core/internal/ui/tui","Test":"TestGuidedFormsInvalidFieldsStayInlineAndDoNotSubmit/guest-recipe/address/::ffff:192.0.2.25","Output":"--- PASS: TestGuidedFormsInvalidFieldsStayInlineAndDoNotSubmit/guest-recipe/address/::ffff:192.0.2.25 (0.00s)\n","OutputType":"frame"}
{"Time":"2026-09-08T17:57:38.286891639+03:00","Action":"pass","Package":"virmill.local/core/internal/ui/tui","Test":"TestGuidedFormsInvalidFieldsStayInlineAndDoNotSubmit/guest-recipe/address/::ffff:192.0.2.25","Elapsed":0}
{"Time":"2026-09-08T17:57:38.286903794+03:00","Action":"run","Package":"virmill.local/core/internal/ui/tui","Test":"TestGuidedFormsInvalidFieldsStayInlineAndDoNotSubmit/guest-recipe/port/0"}
{"Time":"2026-09-08T17:57:38.286906134+03:00","Action":"output","Package":"virmill.local/core/internal/ui/tui","Test":"TestGuidedFormsInvalidFieldsStayInlineAndDoNotSubmit/guest-recipe/port/0","Output":"=== RUN   TestGuidedFormsInvalidFieldsStayInlineAndDoNotSubmit/guest-recipe/port/0\n","OutputType":"frame"}
{"Time":"2026-09-08T17:57:38.287169936+03:00","Action":"output","Package":"virmill.local/core/internal/ui/tui","Test":"TestGuidedFormsInvalidFieldsStayInlineAndDoNotSubmit/guest-recipe/port/0","Output":"--- PASS: TestGuidedFormsInvalidFieldsStayInlineAndDoNotSubmit/guest-recipe/port/0 (0.00s)\n","OutputType":"frame"}
{"Time":"2026-09-08T17:57:38.287176463+03:00","Action":"pass","Package":"virmill.local/core/internal/ui/tui","Test":"TestGuidedFormsInvalidFieldsStayInlineAndDoNotSubmit/guest-recipe/port/0","Elapsed":0}
{"Time":"2026-09-08T17:57:38.287187594+03:00","Action":"run","Package":"virmill.local/core/internal/ui/tui","Test":"TestGuidedFormsInvalidFieldsStayInlineAndDoNotSubmit/guest-recipe/port/65536"}
{"Time":"2026-09-08T17:57:38.287189571+03:00","Action":"output","Package":"virmill.local/core/internal/ui/tui","Test":"TestGuidedFormsInvalidFieldsStayInlineAndDoNotSubmit/guest-recipe/port/65536","Output":"=== RUN   TestGuidedFormsInvalidFieldsStayInlineAndDoNotSubmit/guest-recipe/port/65536\n","OutputType":"frame"}
{"Time":"2026-09-08T17:57:38.287452718+03:00","Action":"output","Package":"virmill.local/core/internal/ui/tui","Test":"TestGuidedFormsInvalidFieldsStayInlineAndDoNotSubmit/guest-recipe/port/65536","Output":"--- PASS: TestGuidedFormsInvalidFieldsStayInlineAndDoNotSubmit/guest-recipe/port/65536 (0.00s)\n","OutputType":"frame"}
{"Time":"2026-09-08T17:57:38.287456412+03:00","Action":"pass","Package":"virmill.local/core/internal/ui/tui","Test":"TestGuidedFormsInvalidFieldsStayInlineAndDoNotSubmit/guest-recipe/port/65536","Elapsed":0}
{"Time":"2026-09-08T17:57:38.287467655+03:00","Action":"run","Package":"virmill.local/core/internal/ui/tui","Test":"TestGuidedFormsInvalidFieldsStayInlineAndDoNotSubmit/guest-recipe/user/ROOT"}
{"Time":"2026-09-08T17:57:38.287469567+03:00","Action":"output","Package":"virmill.local/core/internal/ui/tui","Test":"TestGuidedFormsInvalidFieldsStayInlineAndDoNotSubmit/guest-recipe/user/ROOT","Output":"=== RUN   TestGuidedFormsInvalidFieldsStayInlineAndDoNotSubmit/guest-recipe/user/ROOT\n","OutputType":"frame"}
{"Time":"2026-09-08T17:57:38.287754187+03:00","Action":"output","Package":"virmill.local/core/internal/ui/tui","Test":"TestGuidedFormsInvalidFieldsStayInlineAndDoNotSubmit/guest-recipe/user/ROOT","Output":"--- PASS: TestGuidedFormsInvalidFieldsStayInlineAndDoNotSubmit/guest-recipe/user/ROOT (0.00s)\n","OutputType":"frame"}
{"Time":"2026-09-08T17:57:38.287762051+03:00","Action":"pass","Package":"virmill.local/core/internal/ui/tui","Test":"TestGuidedFormsInvalidFieldsStayInlineAndDoNotSubmit/guest-recipe/user/ROOT","Elapsed":0}
{"Time":"2026-09-08T17:57:38.287772708+03:00","Action":"run","Package":"virmill.local/core/internal/ui/tui","Test":"TestGuidedFormsInvalidFieldsStayInlineAndDoNotSubmit/guest-recipe/user/-option"}
{"Time":"2026-09-08T17:57:38.28777493+03:00","Action":"output","Package":"virmill.local/core/internal/ui/tui","Test":"TestGuidedFormsInvalidFieldsStayInlineAndDoNotSubmit/guest-recipe/user/-option","Output":"=== RUN   TestGuidedFormsInvalidFieldsStayInlineAndDoNotSubmit/guest-recipe/user/-option\n","OutputType":"frame"}
{"Time":"2026-09-08T17:57:38.288051434+03:00","Action":"output","Package":"virmill.local/core/internal/ui/tui","Test":"TestGuidedFormsInvalidFieldsStayInlineAndDoNotSubmit/guest-recipe/user/-option","Output":"--- PASS: TestGuidedFormsInvalidFieldsStayInlineAndDoNotSubmit/guest-recipe/user/-option (0.00s)\n","OutputType":"frame"}
{"Time":"2026-09-08T17:57:38.28805644+03:00","Action":"pass","Package":"virmill.local/core/internal/ui/tui","Test":"TestGuidedFormsInvalidFieldsStayInlineAndDoNotSubmit/guest-recipe/user/-option","Elapsed":0}
{"Time":"2026-09-08T17:57:38.288069013+03:00","Action":"run","Package":"virmill.local/core/internal/ui/tui","Test":"TestGuidedFormsInvalidFieldsStayInlineAndDoNotSubmit/guest-recipe/identityFile/paste-a-key"}
{"Time":"2026-09-08T17:57:38.288071104+03:00","Action":"output","Package":"virmill.local/core/internal/ui/tui","Test":"TestGuidedFormsInvalidFieldsStayInlineAndDoNotSubmit/guest-recipe/identityFile/paste-a-key","Output":"=== RUN   TestGuidedFormsInvalidFieldsStayInlineAndDoNotSubmit/guest-recipe/identityFile/paste-a-key\n","OutputType":"frame"}
{"Time":"2026-09-08T17:57:38.288335398+03:00","Action":"output","Package":"virmill.local/core/internal/ui/tui","Test":"TestGuidedFormsInvalidFieldsStayInlineAndDoNotSubmit/guest-recipe/identityFile/paste-a-key","Output":"--- PASS: TestGuidedFormsInvalidFieldsStayInlineAndDoNotSubmit/guest-recipe/identityFile/paste-a-key (0.00s)\n","OutputType":"frame"}
{"Time":"2026-09-08T17:57:38.288339636+03:00","Action":"pass","Package":"virmill.local/core/internal/ui/tui","Test":"TestGuidedFormsInvalidFieldsStayInlineAndDoNotSubmit/guest-recipe/identityFile/paste-a-key","Elapsed":0}
{"Time":"2026-09-08T17:57:38.288362838+03:00","Action":"run","Package":"virmill.local/core/internal/ui/tui","Test":"TestGuidedFormsInvalidFieldsStayInlineAndDoNotSubmit/guest-recipe/knownHostsFile//private/../hosts"}
{"Time":"2026-09-08T17:57:38.288365217+03:00","Action":"output","Package":"virmill.local/core/internal/ui/tui","Test":"TestGuidedFormsInvalidFieldsStayInlineAndDoNotSubmit/guest-recipe/knownHostsFile//private/../hosts","Output":"=== RUN   TestGuidedFormsInvalidFieldsStayInlineAndDoNotSubmit/guest-recipe/knownHostsFile//private/../hosts\n","OutputType":"frame"}
{"Time":"2026-09-08T17:57:38.288620135+03:00","Action":"output","Package":"virmill.local/core/internal/ui/tui","Test":"TestGuidedFormsInvalidFieldsStayInlineAndDoNotSubmit/guest-recipe/knownHostsFile//private/../hosts","Output":"--- PASS: TestGuidedFormsInvalidFieldsStayInlineAndDoNotSubmit/guest-recipe/knownHostsFile//private/../hosts (0.00s)\n","OutputType":"frame"}
{"Time":"2026-09-08T17:57:38.288625417+03:00","Action":"pass","Package":"virmill.local/core/internal/ui/tui","Test":"TestGuidedFormsInvalidFieldsStayInlineAndDoNotSubmit/guest-recipe/knownHostsFile//private/../hosts","Elapsed":0}
{"Time":"2026-09-08T17:57:38.288639986+03:00","Action":"run","Package":"virmill.local/core/internal/ui/tui","Test":"TestGuidedFormsInvalidFieldsStayInlineAndDoNotSubmit/guest-recipe/arguments/'unfinished"}
{"Time":"2026-09-08T17:57:38.288642148+03:00","Action":"output","Package":"virmill.local/core/internal/ui/tui","Test":"TestGuidedFormsInvalidFieldsStayInlineAndDoNotSubmit/guest-recipe/arguments/'unfinished","Output":"=== RUN   TestGuidedFormsInvalidFieldsStayInlineAndDoNotSubmit/guest-recipe/arguments/'unfinished\n","OutputType":"frame"}
{"Time":"2026-09-08T17:57:38.288919772+03:00","Action":"output","Package":"virmill.local/core/internal/ui/tui","Test":"TestGuidedFormsInvalidFieldsStayInlineAndDoNotSubmit/guest-recipe/arguments/'unfinished","Output":"--- PASS: TestGuidedFormsInvalidFieldsStayInlineAndDoNotSubmit/guest-recipe/arguments/'unfinished (0.00s)\n","OutputType":"frame"}
{"Time":"2026-09-08T17:57:38.288922853+03:00","Action":"pass","Package":"virmill.local/core/internal/ui/tui","Test":"TestGuidedFormsInvalidFieldsStayInlineAndDoNotSubmit/guest-recipe/arguments/'unfinished","Elapsed":0}
{"Time":"2026-09-08T17:57:38.288938014+03:00","Action":"run","Package":"virmill.local/core/internal/ui/tui","Test":"TestGuidedFormsInvalidFieldsStayInlineAndDoNotSubmit/repository-init/repository/relative"}
{"Time":"2026-09-08T17:57:38.288940055+03:00","Action":"output","Package":"virmill.local/core/internal/ui/tui","Test":"TestGuidedFormsInvalidFieldsStayInlineAndDoNotSubmit/repository-init/repository/relative","Output":"=== RUN   TestGuidedFormsInvalidFieldsStayInlineAndDoNotSubmit/repository-init/repository/relative\n","OutputType":"frame"}
{"Time":"2026-09-08T17:57:38.289063954+03:00","Action":"output","Package":"virmill.local/core/internal/ui/tui","Test":"TestGuidedFormsInvalidFieldsStayInlineAndDoNotSubmit/repository-init/repository/relative","Output":"--- PASS: TestGuidedFormsInvalidFieldsStayInlineAndDoNotSubmit/repository-init/repository/relative (0.00s)\n","OutputType":"frame"}
{"Time":"2026-09-08T17:57:38.289069114+03:00","Action":"pass","Package":"virmill.local/core/internal/ui/tui","Test":"TestGuidedFormsInvalidFieldsStayInlineAndDoNotSubmit/repository-init/repository/relative","Elapsed":0}
{"Time":"2026-09-08T17:57:38.289084366+03:00","Action":"run","Package":"virmill.local/core/internal/ui/tui","Test":"TestGuidedFormsInvalidFieldsStayInlineAndDoNotSubmit/repository-check/passwordFile/plaintext-password"}
{"Time":"2026-09-08T17:57:38.289086452+03:00","Action":"output","Package":"virmill.local/core/internal/ui/tui","Test":"TestGuidedFormsInvalidFieldsStayInlineAndDoNotSubmit/repository-check/passwordFile/plaintext-password","Output":"=== RUN   TestGuidedFormsInvalidFieldsStayInlineAndDoNotSubmit/repository-check/passwordFile/plaintext-password\n","OutputType":"frame"}
{"Time":"2026-09-08T17:57:38.289232988+03:00","Action":"output","Package":"virmill.local/core/internal/ui/tui","Test":"TestGuidedFormsInvalidFieldsStayInlineAndDoNotSubmit/repository-check/passwordFile/plaintext-password","Output":"--- PASS: TestGuidedFormsInvalidFieldsStayInlineAndDoNotSubmit/repository-check/passwordFile/plaintext-password (0.00s)\n","OutputType":"frame"}
{"Time":"2026-09-08T17:57:38.289240436+03:00","Action":"pass","Package":"virmill.local/core/internal/ui/tui","Test":"TestGuidedFormsInvalidFieldsStayInlineAndDoNotSubmit/repository-check/passwordFile/plaintext-password","Elapsed":0}
{"Time":"2026-09-08T17:57:38.289255153+03:00","Action":"run","Package":"virmill.local/core/internal/ui/tui","Test":"TestGuidedFormsInvalidFieldsStayInlineAndDoNotSubmit/repository-check/passwordFile//private/repository/key"}
{"Time":"2026-09-08T17:57:38.289257462+03:00","Action":"output","Package":"virmill.local/core/internal/ui/tui","Test":"TestGuidedFormsInvalidFieldsStayInlineAndDoNotSubmit/repository-check/passwordFile//private/repository/key","Output":"=== RUN   TestGuidedFormsInvalidFieldsStayInlineAndDoNotSubmit/repository-check/passwordFile//private/repository/key\n","OutputType":"frame"}
{"Time":"2026-09-08T17:57:38.289392503+03:00","Action":"output","Package":"virmill.local/core/internal/ui/tui","Test":"TestGuidedFormsInvalidFieldsStayInlineAndDoNotSubmit/repository-check/passwordFile//private/repository/key","Output":"--- PASS: TestGuidedFormsInvalidFieldsStayInlineAndDoNotSubmit/repository-check/passwordFile//private/repository/key (0.00s)\n","OutputType":"frame"}
{"Time":"2026-09-08T17:57:38.289396568+03:00","Action":"pass","Package":"virmill.local/core/internal/ui/tui","Test":"TestGuidedFormsInvalidFieldsStayInlineAndDoNotSubmit/repository-check/passwordFile//private/repository/key","Elapsed":0}
{"Time":"2026-09-08T17:57:38.289409561+03:00","Action":"run","Package":"virmill.local/core/internal/ui/tui","Test":"TestGuidedFormsInvalidFieldsStayInlineAndDoNotSubmit/repository-check/passwordFile//private/repository"}
{"Time":"2026-09-08T17:57:38.289411696+03:00","Action":"output","Package":"virmill.local/core/internal/ui/tui","Test":"TestGuidedFormsInvalidFieldsStayInlineAndDoNotSubmit/repository-check/passwordFile//private/repository","Output":"=== RUN   TestGuidedFormsInvalidFieldsStayInlineAndDoNotSubmit/repository-check/passwordFile//private/repository\n","OutputType":"frame"}
{"Time":"2026-09-08T17:57:38.289539903+03:00","Action":"output","Package":"virmill.local/core/internal/ui/tui","Test":"TestGuidedFormsInvalidFieldsStayInlineAndDoNotSubmit/repository-check/passwordFile//private/repository","Output":"--- PASS: TestGuidedFormsInvalidFieldsStayInlineAndDoNotSubmit/repository-check/passwordFile//private/repository (0.00s)\n","OutputType":"frame"}
{"Time":"2026-09-08T17:57:38.289544613+03:00","Action":"pass","Package":"virmill.local/core/internal/ui/tui","Test":"TestGuidedFormsInvalidFieldsStayInlineAndDoNotSubmit/repository-check/passwordFile//private/repository","Elapsed":0}
{"Time":"2026-09-08T17:57:38.289559524+03:00","Action":"output","Package":"virmill.local/core/internal/ui/tui","Test":"TestGuidedFormsInvalidFieldsStayInlineAndDoNotSubmit","Output":"--- PASS: TestGuidedFormsInvalidFieldsStayInlineAndDoNotSubmit (0.01s)\n","OutputType":"frame"}
{"Time":"2026-09-08T17:57:38.289572123+03:00","Action":"pass","Package":"virmill.local/core/internal/ui/tui","Test":"TestGuidedFormsInvalidFieldsStayInlineAndDoNotSubmit","Elapsed":0.01}
{"Time":"2026-09-08T17:57:38.289579936+03:00","Action":"run","Package":"virmill.local/core/internal/ui/tui","Test":"TestGuidedFormsFocusUnicodeEditingAndValueIsolation"}
{"Time":"2026-09-08T17:57:38.289582211+03:00","Action":"output","Package":"virmill.local/core/internal/ui/tui","Test":"TestGuidedFormsFocusUnicodeEditingAndValueIsolation","Output":"=== RUN   TestGuidedFormsFocusUnicodeEditingAndValueIsolation\n","OutputType":"frame"}
{"Time":"2026-09-08T17:57:38.289621311+03:00","Action":"output","Package":"virmill.local/core/internal/ui/tui","Test":"TestGuidedFormsFocusUnicodeEditingAndValueIsolation","Output":"--- PASS: TestGuidedFormsFocusUnicodeEditingAndValueIsolation (0.00s)\n","OutputType":"frame"}
{"Time":"2026-09-08T17:57:38.289626021+03:00","Action":"pass","Package":"virmill.local/core/internal/ui/tui","Test":"TestGuidedFormsFocusUnicodeEditingAndValueIsolation","Elapsed":0}
{"Time":"2026-09-08T17:57:38.289634649+03:00","Action":"run","Package":"virmill.local/core/internal/ui/tui","Test":"TestGuidedFormsRejectControlsAndExcessWithoutLosingInput"}
{"Time":"2026-09-08T17:57:38.289636777+03:00","Action":"output","Package":"virmill.local/core/internal/ui/tui","Test":"TestGuidedFormsRejectControlsAndExcessWithoutLosingInput","Output":"=== RUN   TestGuidedFormsRejectControlsAndExcessWithoutLosingInput\n","OutputType":"frame"}
{"Time":"2026-09-08T17:57:38.290003678+03:00","Action":"output","Package":"virmill.local/core/internal/ui/tui","Test":"TestGuidedFormsRejectControlsAndExcessWithoutLosingInput","Output":"--- PASS: TestGuidedFormsRejectControlsAndExcessWithoutLosingInput (0.00s)\n","OutputType":"frame"}
{"Time":"2026-09-08T17:57:38.290006659+03:00","Action":"pass","Package":"virmill.local/core/internal/ui/tui","Test":"TestGuidedFormsRejectControlsAndExcessWithoutLosingInput","Elapsed":0}
{"Time":"2026-09-08T17:57:38.290007979+03:00","Action":"run","Package":"virmill.local/core/internal/ui/tui","Test":"TestGuidedFormsIdentityAndConnectionRefusals"}
{"Time":"2026-09-08T17:57:38.290009113+03:00","Action":"output","Package":"virmill.local/core/internal/ui/tui","Test":"TestGuidedFormsIdentityAndConnectionRefusals","Output":"=== RUN   TestGuidedFormsIdentityAndConnectionRefusals\n","OutputType":"frame"}
{"Time":"2026-09-08T17:57:38.290116565+03:00","Action":"output","Package":"virmill.local/core/internal/ui/tui","Test":"TestGuidedFormsIdentityAndConnectionRefusals","Output":"--- PASS: TestGuidedFormsIdentityAndConnectionRefusals (0.00s)\n","OutputType":"frame"}
{"Time":"2026-09-08T17:57:38.290123127+03:00","Action":"pass","Package":"virmill.local/core/internal/ui/tui","Test":"TestGuidedFormsIdentityAndConnectionRefusals","Elapsed":0}
{"Time":"2026-09-08T17:57:38.290135578+03:00","Action":"run","Package":"virmill.local/core/internal/ui/tui","Test":"TestGuidedFormsResizeSanitizationAndFocusVisible"}
{"Time":"2026-09-08T17:57:38.290137722+03:00","Action":"output","Package":"virmill.local/core/internal/ui/tui","Test":"TestGuidedFormsResizeSanitizationAndFocusVisible","Output":"=== RUN   TestGuidedFormsResizeSanitizationAndFocusVisible\n","OutputType":"frame"}
{"Time":"2026-09-08T17:57:38.32243587+03:00","Action":"output","Package":"virmill.local/core/internal/ui/tui","Test":"TestGuidedFormsResizeSanitizationAndFocusVisible","Output":"--- PASS: TestGuidedFormsResizeSanitizationAndFocusVisible (0.03s)\n","OutputType":"frame"}
{"Time":"2026-09-08T17:57:38.322456021+03:00","Action":"pass","Package":"virmill.local/core/internal/ui/tui","Test":"TestGuidedFormsResizeSanitizationAndFocusVisible","Elapsed":0.03}
{"Time":"2026-09-08T17:57:38.322460461+03:00","Action":"run","Package":"virmill.local/core/internal/ui/tui","Test":"TestReadOnlyHostInventoryNavigation"}
{"Time":"2026-09-08T17:57:38.322461873+03:00","Action":"output","Package":"virmill.local/core/internal/ui/tui","Test":"TestReadOnlyHostInventoryNavigation","Output":"=== RUN   TestReadOnlyHostInventoryNavigation\n","OutputType":"frame"}
{"Time":"2026-09-08T17:57:38.323204131+03:00","Action":"output","Package":"virmill.local/core/internal/ui/tui","Test":"TestReadOnlyHostInventoryNavigation","Output":"--- PASS: TestReadOnlyHostInventoryNavigation (0.00s)\n","OutputType":"frame"}
{"Time":"2026-09-08T17:57:38.323219164+03:00","Action":"pass","Package":"virmill.local/core/internal/ui/tui","Test":"TestReadOnlyHostInventoryNavigation","Elapsed":0}
{"Time":"2026-09-08T17:57:38.323230184+03:00","Action":"run","Package":"virmill.local/core/internal/ui/tui","Test":"TestLocalBackupTUIServiceParity"}
{"Time":"2026-09-08T17:57:38.323231486+03:00","Action":"output","Package":"virmill.local/core/internal/ui/tui","Test":"TestLocalBackupTUIServiceParity","Output":"=== RUN   TestLocalBackupTUIServiceParity\n","OutputType":"frame"}
{"Time":"2026-09-08T17:57:38.32326791+03:00","Action":"run","Package":"virmill.local/core/internal/ui/tui","Test":"TestLocalBackupTUIServiceParity/backup.repository.init"}
{"Time":"2026-09-08T17:57:38.323269228+03:00","Action":"output","Package":"virmill.local/core/internal/ui/tui","Test":"TestLocalBackupTUIServiceParity/backup.repository.init","Output":"=== RUN   TestLocalBackupTUIServiceParity/backup.repository.init\n","OutputType":"frame"}
{"Time":"2026-09-08T17:57:38.337306065+03:00","Action":"output","Package":"virmill.local/core/internal/ui/tui","Test":"TestLocalBackupTUIServiceParity/backup.repository.init","Output":"--- PASS: TestLocalBackupTUIServiceParity/backup.repository.init (0.01s)\n","OutputType":"frame"}
{"Time":"2026-09-08T17:57:38.337429265+03:00","Action":"pass","Package":"virmill.local/core/internal/ui/tui","Test":"TestLocalBackupTUIServiceParity/backup.repository.init","Elapsed":0.01}
{"Time":"2026-09-08T17:57:38.337484244+03:00","Action":"run","Package":"virmill.local/core/internal/ui/tui","Test":"TestLocalBackupTUIServiceParity/backup.repository.check"}
{"Time":"2026-09-08T17:57:38.337489732+03:00","Action":"output","Package":"virmill.local/core/internal/ui/tui","Test":"TestLocalBackupTUIServiceParity/backup.repository.check","Output":"=== RUN   TestLocalBackupTUIServiceParity/backup.repository.check\n","OutputType":"frame"}
{"Time":"2026-09-08T17:57:38.350807375+03:00","Action":"output","Package":"virmill.local/core/internal/ui/tui","Test":"TestLocalBackupTUIServiceParity/backup.repository.check","Output":"--- PASS: TestLocalBackupTUIServiceParity/backup.repository.check (0.01s)\n","OutputType":"frame"}
{"Time":"2026-09-08T17:57:38.350821752+03:00","Action":"pass","Package":"virmill.local/core/internal/ui/tui","Test":"TestLocalBackupTUIServiceParity/backup.repository.check","Elapsed":0.01}
{"Time":"2026-09-08T17:57:38.350842782+03:00","Action":"run","Package":"virmill.local/core/internal/ui/tui","Test":"TestLocalBackupTUIServiceParity/backup.create"}
{"Time":"2026-09-08T17:57:38.350846966+03:00","Action":"output","Package":"virmill.local/core/internal/ui/tui","Test":"TestLocalBackupTUIServiceParity/backup.create","Output":"=== RUN   TestLocalBackupTUIServiceParity/backup.create\n","OutputType":"frame"}
{"Time":"2026-09-08T17:57:38.363897937+03:00","Action":"output","Package":"virmill.local/core/internal/ui/tui","Test":"TestLocalBackupTUIServiceParity/backup.create","Output":"--- PASS: TestLocalBackupTUIServiceParity/backup.create (0.01s)\n","OutputType":"frame"}
{"Time":"2026-09-08T17:57:38.363911555+03:00","Action":"pass","Package":"virmill.local/core/internal/ui/tui","Test":"TestLocalBackupTUIServiceParity/backup.create","Elapsed":0.01}
{"Time":"2026-09-08T17:57:38.363928426+03:00","Action":"run","Package":"virmill.local/core/internal/ui/tui","Test":"TestLocalBackupTUIServiceParity/backup.restore"}
{"Time":"2026-09-08T17:57:38.363929851+03:00","Action":"output","Package":"virmill.local/core/internal/ui/tui","Test":"TestLocalBackupTUIServiceParity/backup.restore","Output":"=== RUN   TestLocalBackupTUIServiceParity/backup.restore\n","OutputType":"frame"}
{"Time":"2026-09-08T17:57:38.388965905+03:00","Action":"output","Package":"virmill.local/core/internal/ui/tui","Test":"TestLocalBackupTUIServiceParity/backup.restore","Output":"--- PASS: TestLocalBackupTUIServiceParity/backup.restore (0.02s)\n","OutputType":"frame"}
{"Time":"2026-09-08T17:57:38.388991347+03:00","Action":"pass","Package":"virmill.local/core/internal/ui/tui","Test":"TestLocalBackupTUIServiceParity/backup.restore","Elapsed":0.02}
{"Time":"2026-09-08T17:57:38.388996584+03:00","Action":"run","Package":"virmill.local/core/internal/ui/tui","Test":"TestLocalBackupTUIServiceParity/backup.result"}
{"Time":"2026-09-08T17:57:38.388998084+03:00","Action":"output","Package":"virmill.local/core/internal/ui/tui","Test":"TestLocalBackupTUIServiceParity/backup.result","Output":"=== RUN   TestLocalBackupTUIServiceParity/backup.result\n","OutputType":"frame"}
{"Time":"2026-09-08T17:57:38.3914455+03:00","Action":"output","Package":"virmill.local/core/internal/ui/tui","Test":"TestLocalBackupTUIServiceParity/backup.result","Output":"--- PASS: TestLocalBackupTUIServiceParity/backup.result (0.00s)\n","OutputType":"frame"}
{"Time":"2026-09-08T17:57:38.391455985+03:00","Action":"pass","Package":"virmill.local/core/internal/ui/tui","Test":"TestLocalBackupTUIServiceParity/backup.result","Elapsed":0}
{"Time":"2026-09-08T17:57:38.391477088+03:00","Action":"output","Package":"virmill.local/core/internal/ui/tui","Test":"TestLocalBackupTUIServiceParity","Output":"--- PASS: TestLocalBackupTUIServiceParity (0.07s)\n","OutputType":"frame"}
{"Time":"2026-09-08T17:57:38.391479814+03:00","Action":"pass","Package":"virmill.local/core/internal/ui/tui","Test":"TestLocalBackupTUIServiceParity","Elapsed":0.07}
{"Time":"2026-09-08T17:57:38.391494532+03:00","Action":"run","Package":"virmill.local/core/internal/ui/tui","Test":"TestManagedVolumeAccessFormUsesSharedService"}
{"Time":"2026-09-08T17:57:38.391495792+03:00","Action":"output","Package":"virmill.local/core/internal/ui/tui","Test":"TestManagedVolumeAccessFormUsesSharedService","Output":"=== RUN   TestManagedVolumeAccessFormUsesSharedService\n","OutputType":"frame"}
{"Time":"2026-09-08T17:57:38.392252766+03:00","Action":"output","Package":"virmill.local/core/internal/ui/tui","Test":"TestManagedVolumeAccessFormUsesSharedService","Output":"--- PASS: TestManagedVolumeAccessFormUsesSharedService (0.00s)\n","OutputType":"frame"}
{"Time":"2026-09-08T17:57:38.392257678+03:00","Action":"pass","Package":"virmill.local/core/internal/ui/tui","Test":"TestManagedVolumeAccessFormUsesSharedService","Elapsed":0}
{"Time":"2026-09-08T17:57:38.392269915+03:00","Action":"run","Package":"virmill.local/core/internal/ui/tui","Test":"TestKeyboardNavigationSharedServiceAndResize"}
{"Time":"2026-09-08T17:57:38.392271469+03:00","Action":"output","Package":"virmill.local/core/internal/ui/tui","Test":"TestKeyboardNavigationSharedServiceAndResize","Output":"=== RUN   TestKeyboardNavigationSharedServiceAndResize\n","OutputType":"frame"}
{"Time":"2026-09-08T17:57:38.393157414+03:00","Action":"output","Package":"virmill.local/core/internal/ui/tui","Test":"TestKeyboardNavigationSharedServiceAndResize","Output":"--- PASS: TestKeyboardNavigationSharedServiceAndResize (0.00s)\n","OutputType":"frame"}
{"Time":"2026-09-08T17:57:38.393166919+03:00","Action":"pass","Package":"virmill.local/core/internal/ui/tui","Test":"TestKeyboardNavigationSharedServiceAndResize","Elapsed":0}
{"Time":"2026-09-08T17:57:38.39317814+03:00","Action":"run","Package":"virmill.local/core/internal/ui/tui","Test":"TestEscDiscardsApprovalWithoutMutation"}
{"Time":"2026-09-08T17:57:38.393179602+03:00","Action":"output","Package":"virmill.local/core/internal/ui/tui","Test":"TestEscDiscardsApprovalWithoutMutation","Output":"=== RUN   TestEscDiscardsApprovalWithoutMutation\n","OutputType":"frame"}
{"Time":"2026-09-08T17:57:38.393236756+03:00","Action":"output","Package":"virmill.local/core/internal/ui/tui","Test":"TestEscDiscardsApprovalWithoutMutation","Output":"--- PASS: TestEscDiscardsApprovalWithoutMutation (0.00s)\n","OutputType":"frame"}
{"Time":"2026-09-08T17:57:38.393248886+03:00","Action":"pass","Package":"virmill.local/core/internal/ui/tui","Test":"TestEscDiscardsApprovalWithoutMutation","Elapsed":0}
{"Time":"2026-09-08T17:57:38.393260437+03:00","Action":"run","Package":"virmill.local/core/internal/ui/tui","Test":"TestPluginFormDispatchAndScrollableActionMenu"}
{"Time":"2026-09-08T17:57:38.393261705+03:00","Action":"output","Package":"virmill.local/core/internal/ui/tui","Test":"TestPluginFormDispatchAndScrollableActionMenu","Output":"=== RUN   TestPluginFormDispatchAndScrollableActionMenu\n","OutputType":"frame"}
{"Time":"2026-09-08T17:57:38.39489439+03:00","Action":"output","Package":"virmill.local/core/internal/ui/tui","Test":"TestPluginFormDispatchAndScrollableActionMenu","Output":"--- PASS: TestPluginFormDispatchAndScrollableActionMenu (0.00s)\n","OutputType":"frame"}
{"Time":"2026-09-08T17:57:38.394906078+03:00","Action":"pass","Package":"virmill.local/core/internal/ui/tui","Test":"TestPluginFormDispatchAndScrollableActionMenu","Elapsed":0}
{"Time":"2026-09-08T17:57:38.394920808+03:00","Action":"run","Package":"virmill.local/core/internal/ui/tui","Test":"TestImportFormDispatchesCompleteMappingToSharedService"}
{"Time":"2026-09-08T17:57:38.39492226+03:00","Action":"output","Package":"virmill.local/core/internal/ui/tui","Test":"TestImportFormDispatchesCompleteMappingToSharedService","Output":"=== RUN   TestImportFormDispatchesCompleteMappingToSharedService\n","OutputType":"frame"}
{"Time":"2026-09-08T17:57:38.396120342+03:00","Action":"output","Package":"virmill.local/core/internal/ui/tui","Test":"TestImportFormDispatchesCompleteMappingToSharedService","Output":"--- PASS: TestImportFormDispatchesCompleteMappingToSharedService (0.00s)\n","OutputType":"frame"}
{"Time":"2026-09-08T17:57:38.396129335+03:00","Action":"pass","Package":"virmill.local/core/internal/ui/tui","Test":"TestImportFormDispatchesCompleteMappingToSharedService","Elapsed":0}
{"Time":"2026-09-08T17:57:38.396141729+03:00","Action":"run","Package":"virmill.local/core/internal/ui/tui","Test":"TestSelectedDiskPreparationFormUsesSharedService"}
{"Time":"2026-09-08T17:57:38.396143141+03:00","Action":"output","Package":"virmill.local/core/internal/ui/tui","Test":"TestSelectedDiskPreparationFormUsesSharedService","Output":"=== RUN   TestSelectedDiskPreparationFormUsesSharedService\n","OutputType":"frame"}
{"Time":"2026-09-08T17:57:38.397369062+03:00","Action":"output","Package":"virmill.local/core/internal/ui/tui","Test":"TestSelectedDiskPreparationFormUsesSharedService","Output":"--- PASS: TestSelectedDiskPreparationFormUsesSharedService (0.00s)\n","OutputType":"frame"}
{"Time":"2026-09-08T17:57:38.397382142+03:00","Action":"pass","Package":"virmill.local/core/internal/ui/tui","Test":"TestSelectedDiskPreparationFormUsesSharedService","Elapsed":0}
{"Time":"2026-09-08T17:57:38.397391447+03:00","Action":"run","Package":"virmill.local/core/internal/ui/tui","Test":"TestInstallationPreparationFormUsesSharedService"}
{"Time":"2026-09-08T17:57:38.397392646+03:00","Action":"output","Package":"virmill.local/core/internal/ui/tui","Test":"TestInstallationPreparationFormUsesSharedService","Output":"=== RUN   TestInstallationPreparationFormUsesSharedService\n","OutputType":"frame"}
{"Time":"2026-09-08T17:57:38.398590682+03:00","Action":"output","Package":"virmill.local/core/internal/ui/tui","Test":"TestInstallationPreparationFormUsesSharedService","Output":"--- PASS: TestInstallationPreparationFormUsesSharedService (0.00s)\n","OutputType":"frame"}
{"Time":"2026-09-08T17:57:38.398601828+03:00","Action":"pass","Package":"virmill.local/core/internal/ui/tui","Test":"TestInstallationPreparationFormUsesSharedService","Elapsed":0}
{"Time":"2026-09-08T17:57:38.398613094+03:00","Action":"run","Package":"virmill.local/core/internal/ui/tui","Test":"TestStorageAndNetworkInventoryAreReachableWithoutApproval"}
{"Time":"2026-09-08T17:57:38.398614539+03:00","Action":"output","Package":"virmill.local/core/internal/ui/tui","Test":"TestStorageAndNetworkInventoryAreReachableWithoutApproval","Output":"=== RUN   TestStorageAndNetworkInventoryAreReachableWithoutApproval\n","OutputType":"frame"}
{"Time":"2026-09-08T17:57:38.398885351+03:00","Action":"output","Package":"virmill.local/core/internal/ui/tui","Test":"TestStorageAndNetworkInventoryAreReachableWithoutApproval","Output":"--- PASS: TestStorageAndNetworkInventoryAreReachableWithoutApproval (0.00s)\n","OutputType":"frame"}
{"Time":"2026-09-08T17:57:38.398901657+03:00","Action":"pass","Package":"virmill.local/core/internal/ui/tui","Test":"TestStorageAndNetworkInventoryAreReachableWithoutApproval","Elapsed":0}
{"Time":"2026-09-08T17:57:38.398912808+03:00","Action":"run","Package":"virmill.local/core/internal/ui/tui","Test":"TestCreationAndDefinitionRecoveryHaveSharedTUIAccess"}
{"Time":"2026-09-08T17:57:38.39891414+03:00","Action":"output","Package":"virmill.local/core/internal/ui/tui","Test":"TestCreationAndDefinitionRecoveryHaveSharedTUIAccess","Output":"=== RUN   TestCreationAndDefinitionRecoveryHaveSharedTUIAccess\n","OutputType":"frame"}
{"Time":"2026-09-08T17:57:38.404377322+03:00","Action":"output","Package":"virmill.local/core/internal/ui/tui","Test":"TestCreationAndDefinitionRecoveryHaveSharedTUIAccess","Output":"--- PASS: TestCreationAndDefinitionRecoveryHaveSharedTUIAccess (0.01s)\n","OutputType":"frame"}
{"Time":"2026-09-08T17:57:38.404387062+03:00","Action":"pass","Package":"virmill.local/core/internal/ui/tui","Test":"TestCreationAndDefinitionRecoveryHaveSharedTUIAccess","Elapsed":0.01}
{"Time":"2026-09-08T17:57:38.404393432+03:00","Action":"run","Package":"virmill.local/core/internal/ui/tui","Test":"TestLargeCreationFormRemainsBoundedAndVisible"}
{"Time":"2026-09-08T17:57:38.404394664+03:00","Action":"output","Package":"virmill.local/core/internal/ui/tui","Test":"TestLargeCreationFormRemainsBoundedAndVisible","Output":"=== RUN   TestLargeCreationFormRemainsBoundedAndVisible\n","OutputType":"frame"}
{"Time":"2026-09-08T17:57:38.417759617+03:00","Action":"output","Package":"virmill.local/core/internal/ui/tui","Test":"TestLargeCreationFormRemainsBoundedAndVisible","Output":"--- PASS: TestLargeCreationFormRemainsBoundedAndVisible (0.01s)\n","OutputType":"frame"}
{"Time":"2026-09-08T17:57:38.417790732+03:00","Action":"pass","Package":"virmill.local/core/internal/ui/tui","Test":"TestLargeCreationFormRemainsBoundedAndVisible","Elapsed":0.01}
{"Time":"2026-09-08T17:57:38.417813871+03:00","Action":"run","Package":"virmill.local/core/internal/ui/tui","Test":"TestNoCloudCreationFormUsesSharedService"}
{"Time":"2026-09-08T17:57:38.417817737+03:00","Action":"output","Package":"virmill.local/core/internal/ui/tui","Test":"TestNoCloudCreationFormUsesSharedService","Output":"=== RUN   TestNoCloudCreationFormUsesSharedService\n","OutputType":"frame"}
{"Time":"2026-09-08T17:57:38.420210957+03:00","Action":"output","Package":"virmill.local/core/internal/ui/tui","Test":"TestNoCloudCreationFormUsesSharedService","Output":"--- PASS: TestNoCloudCreationFormUsesSharedService (0.00s)\n","OutputType":"frame"}
{"Time":"2026-09-08T17:57:38.420218905+03:00","Action":"pass","Package":"virmill.local/core/internal/ui/tui","Test":"TestNoCloudCreationFormUsesSharedService","Elapsed":0}
{"Time":"2026-09-08T17:57:38.420228295+03:00","Action":"run","Package":"virmill.local/core/internal/ui/tui","Test":"TestFixedResourceFormUsesSharedPlanning"}
{"Time":"2026-09-08T17:57:38.420229574+03:00","Action":"output","Package":"virmill.local/core/internal/ui/tui","Test":"TestFixedResourceFormUsesSharedPlanning","Output":"=== RUN   TestFixedResourceFormUsesSharedPlanning\n","OutputType":"frame"}
{"Time":"2026-09-08T17:57:38.42137914+03:00","Action":"output","Package":"virmill.local/core/internal/ui/tui","Test":"TestFixedResourceFormUsesSharedPlanning","Output":"--- PASS: TestFixedResourceFormUsesSharedPlanning (0.00s)\n","OutputType":"frame"}
{"Time":"2026-09-08T17:57:38.421389783+03:00","Action":"pass","Package":"virmill.local/core/internal/ui/tui","Test":"TestFixedResourceFormUsesSharedPlanning","Elapsed":0}
{"Time":"2026-09-08T17:57:38.421400312+03:00","Action":"run","Package":"virmill.local/core/internal/ui/tui","Test":"TestBootInspectionAndMediaEditingHaveSharedTUIAccess"}
{"Time":"2026-09-08T17:57:38.421401755+03:00","Action":"output","Package":"virmill.local/core/internal/ui/tui","Test":"TestBootInspectionAndMediaEditingHaveSharedTUIAccess","Output":"=== RUN   TestBootInspectionAndMediaEditingHaveSharedTUIAccess\n","OutputType":"frame"}
{"Time":"2026-09-08T17:57:38.423239713+03:00","Action":"output","Package":"virmill.local/core/internal/ui/tui","Test":"TestBootInspectionAndMediaEditingHaveSharedTUIAccess","Output":"--- PASS: TestBootInspectionAndMediaEditingHaveSharedTUIAccess (0.00s)\n","OutputType":"frame"}
{"Time":"2026-09-08T17:57:38.423250489+03:00","Action":"pass","Package":"virmill.local/core/internal/ui/tui","Test":"TestBootInspectionAndMediaEditingHaveSharedTUIAccess","Elapsed":0}
{"Time":"2026-09-08T17:57:38.423259698+03:00","Action":"run","Package":"virmill.local/core/internal/ui/tui","Test":"TestTUIReviewShowsSharedDowntimeEstimate"}
{"Time":"2026-09-08T17:57:38.423261171+03:00","Action":"output","Package":"virmill.local/core/internal/ui/tui","Test":"TestTUIReviewShowsSharedDowntimeEstimate","Output":"=== RUN   TestTUIReviewShowsSharedDowntimeEstimate\n","OutputType":"frame"}
{"Time":"2026-09-08T17:57:38.424005296+03:00","Action":"output","Package":"virmill.local/core/internal/ui/tui","Test":"TestTUIReviewShowsSharedDowntimeEstimate","Output":"--- PASS: TestTUIReviewShowsSharedDowntimeEstimate (0.00s)\n","OutputType":"frame"}
{"Time":"2026-09-08T17:57:38.424017768+03:00","Action":"pass","Package":"virmill.local/core/internal/ui/tui","Test":"TestTUIReviewShowsSharedDowntimeEstimate","Elapsed":0}
{"Time":"2026-09-08T17:57:38.42402529+03:00","Action":"run","Package":"virmill.local/core/internal/ui/tui","Test":"TestTUIActiveCreationResultIsProgressWithoutApproval"}
{"Time":"2026-09-08T17:57:38.424026615+03:00","Action":"output","Package":"virmill.local/core/internal/ui/tui","Test":"TestTUIActiveCreationResultIsProgressWithoutApproval","Output":"=== RUN   TestTUIActiveCreationResultIsProgressWithoutApproval\n","OutputType":"frame"}
{"Time":"2026-09-08T17:57:38.424828785+03:00","Action":"output","Package":"virmill.local/core/internal/ui/tui","Test":"TestTUIActiveCreationResultIsProgressWithoutApproval","Output":"--- PASS: TestTUIActiveCreationResultIsProgressWithoutApproval (0.00s)\n","OutputType":"frame"}
{"Time":"2026-09-08T17:57:38.424838462+03:00","Action":"pass","Package":"virmill.local/core/internal/ui/tui","Test":"TestTUIActiveCreationResultIsProgressWithoutApproval","Elapsed":0}
{"Time":"2026-09-08T17:57:38.424848698+03:00","Action":"run","Package":"virmill.local/core/internal/ui/tui","Test":"TestNetworkAllocationTUIExactReviewApprovalAndPathCancellation"}
{"Time":"2026-09-08T17:57:38.424850191+03:00","Action":"output","Package":"virmill.local/core/internal/ui/tui","Test":"TestNetworkAllocationTUIExactReviewApprovalAndPathCancellation","Output":"=== RUN   TestNetworkAllocationTUIExactReviewApprovalAndPathCancellation\n","OutputType":"frame"}
{"Time":"2026-09-08T17:57:38.533979881+03:00","Action":"output","Package":"virmill.local/core/internal/ui/tui","Test":"TestNetworkAllocationTUIExactReviewApprovalAndPathCancellation","Output":"--- PASS: TestNetworkAllocationTUIExactReviewApprovalAndPathCancellation (0.11s)\n","OutputType":"frame"}
{"Time":"2026-09-08T17:57:38.534031772+03:00","Action":"pass","Package":"virmill.local/core/internal/ui/tui","Test":"TestNetworkAllocationTUIExactReviewApprovalAndPathCancellation","Elapsed":0.11}
{"Time":"2026-09-08T17:57:38.534043733+03:00","Action":"run","Package":"virmill.local/core/internal/ui/tui","Test":"TestNetworkAllocationTUIFailedSelectionClearsPriorApproval"}
{"Time":"2026-09-08T17:57:38.534047481+03:00","Action":"output","Package":"virmill.local/core/internal/ui/tui","Test":"TestNetworkAllocationTUIFailedSelectionClearsPriorApproval","Output":"=== RUN   TestNetworkAllocationTUIFailedSelectionClearsPriorApproval\n","OutputType":"frame"}
{"Time":"2026-09-08T17:57:38.534266519+03:00","Action":"run","Package":"virmill.local/core/internal/ui/tui","Test":"TestNetworkAllocationTUIFailedSelectionClearsPriorApproval/canceled"}
{"Time":"2026-09-08T17:57:38.534290393+03:00","Action":"output","Package":"virmill.local/core/internal/ui/tui","Test":"TestNetworkAllocationTUIFailedSelectionClearsPriorApproval/canceled","Output":"=== RUN   TestNetworkAllocationTUIFailedSelectionClearsPriorApproval/canceled\n","OutputType":"frame"}
{"Time":"2026-09-08T17:57:38.563518494+03:00","Action":"output","Package":"virmill.local/core/internal/ui/tui","Test":"TestNetworkAllocationTUIFailedSelectionClearsPriorApproval/canceled","Output":"--- PASS: TestNetworkAllocationTUIFailedSelectionClearsPriorApproval/canceled (0.03s)\n","OutputType":"frame"}
{"Time":"2026-09-08T17:57:38.563547178+03:00","Action":"pass","Package":"virmill.local/core/internal/ui/tui","Test":"TestNetworkAllocationTUIFailedSelectionClearsPriorApproval/canceled","Elapsed":0.03}
{"Time":"2026-09-08T17:57:38.563553831+03:00","Action":"run","Package":"virmill.local/core/internal/ui/tui","Test":"TestNetworkAllocationTUIFailedSelectionClearsPriorApproval/settings-unavailable"}
{"Time":"2026-09-08T17:57:38.563556218+03:00","Action":"output","Package":"virmill.local/core/internal/ui/tui","Test":"TestNetworkAllocationTUIFailedSelectionClearsPriorApproval/settings-unavailable","Output":"=== RUN   TestNetworkAllocationTUIFailedSelectionClearsPriorApproval/settings-unavailable\n","OutputType":"frame"}
{"Time":"2026-09-08T17:57:38.599325811+03:00","Action":"output","Package":"virmill.local/core/internal/ui/tui","Test":"TestNetworkAllocationTUIFailedSelectionClearsPriorApproval/settings-unavailable","Output":"--- PASS: TestNetworkAllocationTUIFailedSelectionClearsPriorApproval/settings-unavailable (0.04s)\n","OutputType":"frame"}
{"Time":"2026-09-08T17:57:38.599362539+03:00","Action":"pass","Package":"virmill.local/core/internal/ui/tui","Test":"TestNetworkAllocationTUIFailedSelectionClearsPriorApproval/settings-unavailable","Elapsed":0.04}
{"Time":"2026-09-08T17:57:38.599372039+03:00","Action":"output","Package":"virmill.local/core/internal/ui/tui","Test":"TestNetworkAllocationTUIFailedSelectionClearsPriorApproval","Output":"--- PASS: TestNetworkAllocationTUIFailedSelectionClearsPriorApproval (0.07s)\n","OutputType":"frame"}
{"Time":"2026-09-08T17:57:38.599376635+03:00","Action":"pass","Package":"virmill.local/core/internal/ui/tui","Test":"TestNetworkAllocationTUIFailedSelectionClearsPriorApproval","Elapsed":0.07}
{"Time":"2026-09-08T17:57:38.599398547+03:00","Action":"run","Package":"virmill.local/core/internal/ui/tui","Test":"TestNetworkCreationAndRecoveryUseSharedPreview"}
{"Time":"2026-09-08T17:57:38.5994027+03:00","Action":"output","Package":"virmill.local/core/internal/ui/tui","Test":"TestNetworkCreationAndRecoveryUseSharedPreview","Output":"=== RUN   TestNetworkCreationAndRecoveryUseSharedPreview\n","OutputType":"frame"}
{"Time":"2026-09-08T17:57:38.601083138+03:00","Action":"output","Package":"virmill.local/core/internal/ui/tui","Test":"TestNetworkCreationAndRecoveryUseSharedPreview","Output":"--- PASS: TestNetworkCreationAndRecoveryUseSharedPreview (0.00s)\n","OutputType":"frame"}
{"Time":"2026-09-08T17:57:38.601097427+03:00","Action":"pass","Package":"virmill.local/core/internal/ui/tui","Test":"TestNetworkCreationAndRecoveryUseSharedPreview","Elapsed":0}
{"Time":"2026-09-08T17:57:38.601108249+03:00","Action":"run","Package":"virmill.local/core/internal/ui/tui","Test":"TestProtectedNetworkTUIReviewAndApprovalPreservePolicy"}
{"Time":"2026-09-08T17:57:38.601110983+03:00","Action":"output","Package":"virmill.local/core/internal/ui/tui","Test":"TestProtectedNetworkTUIReviewAndApprovalPreservePolicy","Output":"=== RUN   TestProtectedNetworkTUIReviewAndApprovalPreservePolicy\n","OutputType":"frame"}
{"Time":"2026-09-08T17:57:38.601149199+03:00","Action":"run","Package":"virmill.local/core/internal/ui/tui","Test":"TestProtectedNetworkTUIReviewAndApprovalPreservePolicy/protected-nat.yaml"}
{"Time":"2026-09-08T17:57:38.601153333+03:00","Action":"output","Package":"virmill.local/core/internal/ui/tui","Test":"TestProtectedNetworkTUIReviewAndApprovalPreservePolicy/protected-nat.yaml","Output":"=== RUN   TestProtectedNetworkTUIReviewAndApprovalPreservePolicy/protected-nat.yaml\n","OutputType":"frame"}
{"Time":"2026-09-08T17:57:38.663289059+03:00","Action":"output","Package":"virmill.local/core/internal/ui/tui","Test":"TestProtectedNetworkTUIReviewAndApprovalPreservePolicy/protected-nat.yaml","Output":"--- PASS: TestProtectedNetworkTUIReviewAndApprovalPreservePolicy/protected-nat.yaml (0.06s)\n","OutputType":"frame"}
{"Time":"2026-09-08T17:57:38.663316516+03:00","Action":"pass","Package":"virmill.local/core/internal/ui/tui","Test":"TestProtectedNetworkTUIReviewAndApprovalPreservePolicy/protected-nat.yaml","Elapsed":0.06}
{"Time":"2026-09-08T17:57:38.663678721+03:00","Action":"run","Package":"virmill.local/core/internal/ui/tui","Test":"TestProtectedNetworkTUIReviewAndApprovalPreservePolicy/protected-lab.yaml"}
{"Time":"2026-09-08T17:57:38.663697319+03:00","Action":"output","Package":"virmill.local/core/internal/ui/tui","Test":"TestProtectedNetworkTUIReviewAndApprovalPreservePolicy/protected-lab.yaml","Output":"=== RUN   TestProtectedNetworkTUIReviewAndApprovalPreservePolicy/protected-lab.yaml\n","OutputType":"frame"}
{"Time":"2026-09-08T17:57:38.732869009+03:00","Action":"output","Package":"virmill.local/core/internal/ui/tui","Test":"TestProtectedNetworkTUIReviewAndApprovalPreservePolicy/protected-lab.yaml","Output":"--- PASS: TestProtectedNetworkTUIReviewAndApprovalPreservePolicy/protected-lab.yaml (0.07s)\n","OutputType":"frame"}
{"Time":"2026-09-08T17:57:38.732895341+03:00","Action":"pass","Package":"virmill.local/core/internal/ui/tui","Test":"TestProtectedNetworkTUIReviewAndApprovalPreservePolicy/protected-lab.yaml","Elapsed":0.07}
{"Time":"2026-09-08T17:57:38.732901894+03:00","Action":"run","Package":"virmill.local/core/internal/ui/tui","Test":"TestProtectedNetworkTUIReviewAndApprovalPreservePolicy/protected-static-lab.yaml"}
{"Time":"2026-09-08T17:57:38.732903129+03:00","Action":"output","Package":"virmill.local/core/internal/ui/tui","Test":"TestProtectedNetworkTUIReviewAndApprovalPreservePolicy/protected-static-lab.yaml","Output":"=== RUN   TestProtectedNetworkTUIReviewAndApprovalPreservePolicy/protected-static-lab.yaml\n","OutputType":"frame"}
{"Time":"2026-09-08T17:57:38.79900838+03:00","Action":"output","Package":"virmill.local/core/internal/ui/tui","Test":"TestProtectedNetworkTUIReviewAndApprovalPreservePolicy/protected-static-lab.yaml","Output":"--- PASS: TestProtectedNetworkTUIReviewAndApprovalPreservePolicy/protected-static-lab.yaml (0.07s)\n","OutputType":"frame"}
{"Time":"2026-09-08T17:57:38.799033983+03:00","Action":"pass","Package":"virmill.local/core/internal/ui/tui","Test":"TestProtectedNetworkTUIReviewAndApprovalPreservePolicy/protected-static-lab.yaml","Elapsed":0.07}
{"Time":"2026-09-08T17:57:38.799041288+03:00","Action":"run","Package":"virmill.local/core/internal/ui/tui","Test":"TestProtectedNetworkTUIReviewAndApprovalPreservePolicy/guest-only.yaml"}
{"Time":"2026-09-08T17:57:38.799042804+03:00","Action":"output","Package":"virmill.local/core/internal/ui/tui","Test":"TestProtectedNetworkTUIReviewAndApprovalPreservePolicy/guest-only.yaml","Output":"=== RUN   TestProtectedNetworkTUIReviewAndApprovalPreservePolicy/guest-only.yaml\n","OutputType":"frame"}
{"Time":"2026-09-08T17:57:38.859183982+03:00","Action":"output","Package":"virmill.local/core/internal/ui/tui","Test":"TestProtectedNetworkTUIReviewAndApprovalPreservePolicy/guest-only.yaml","Output":"--- PASS: TestProtectedNetworkTUIReviewAndApprovalPreservePolicy/guest-only.yaml (0.06s)\n","OutputType":"frame"}
{"Time":"2026-09-08T17:57:38.859212536+03:00","Action":"pass","Package":"virmill.local/core/internal/ui/tui","Test":"TestProtectedNetworkTUIReviewAndApprovalPreservePolicy/guest-only.yaml","Elapsed":0.06}
{"Time":"2026-09-08T17:57:38.859219908+03:00","Action":"run","Package":"virmill.local/core/internal/ui/tui","Test":"TestProtectedNetworkTUIReviewAndApprovalPreservePolicy/protected-guest-only-no-cidr.yaml"}
{"Time":"2026-09-08T17:57:38.859221316+03:00","Action":"output","Package":"virmill.local/core/internal/ui/tui","Test":"TestProtectedNetworkTUIReviewAndApprovalPreservePolicy/protected-guest-only-no-cidr.yaml","Output":"=== RUN   TestProtectedNetworkTUIReviewAndApprovalPreservePolicy/protected-guest-only-no-cidr.yaml\n","OutputType":"frame"}
{"Time":"2026-09-08T17:57:38.926411245+03:00","Action":"output","Package":"virmill.local/core/internal/ui/tui","Test":"TestProtectedNetworkTUIReviewAndApprovalPreservePolicy/protected-guest-only-no-cidr.yaml","Output":"--- PASS: TestProtectedNetworkTUIReviewAndApprovalPreservePolicy/protected-guest-only-no-cidr.yaml (0.07s)\n","OutputType":"frame"}
{"Time":"2026-09-08T17:57:38.926444476+03:00","Action":"pass","Package":"virmill.local/core/internal/ui/tui","Test":"TestProtectedNetworkTUIReviewAndApprovalPreservePolicy/protected-guest-only-no-cidr.yaml","Elapsed":0.07}
{"Time":"2026-09-08T17:57:38.926454719+03:00","Action":"run","Package":"virmill.local/core/internal/ui/tui","Test":"TestProtectedNetworkTUIReviewAndApprovalPreservePolicy/allowed-host-nat.yaml"}
{"Time":"2026-09-08T17:57:38.926457135+03:00","Action":"output","Package":"virmill.local/core/internal/ui/tui","Test":"TestProtectedNetworkTUIReviewAndApprovalPreservePolicy/allowed-host-nat.yaml","Output":"=== RUN   TestProtectedNetworkTUIReviewAndApprovalPreservePolicy/allowed-host-nat.yaml\n","OutputType":"frame"}
{"Time":"2026-09-08T17:57:38.994141737+03:00","Action":"output","Package":"virmill.local/core/internal/ui/tui","Test":"TestProtectedNetworkTUIReviewAndApprovalPreservePolicy/allowed-host-nat.yaml","Output":"--- PASS: TestProtectedNetworkTUIReviewAndApprovalPreservePolicy/allowed-host-nat.yaml (0.07s)\n","OutputType":"frame"}
{"Time":"2026-09-08T17:57:38.994175281+03:00","Action":"pass","Package":"virmill.local/core/internal/ui/tui","Test":"TestProtectedNetworkTUIReviewAndApprovalPreservePolicy/allowed-host-nat.yaml","Elapsed":0.07}
{"Time":"2026-09-08T17:57:38.994180283+03:00","Action":"run","Package":"virmill.local/core/internal/ui/tui","Test":"TestProtectedNetworkTUIReviewAndApprovalPreservePolicy/allowed-host-lab.yaml"}
{"Time":"2026-09-08T17:57:38.994181888+03:00","Action":"output","Package":"virmill.local/core/internal/ui/tui","Test":"TestProtectedNetworkTUIReviewAndApprovalPreservePolicy/allowed-host-lab.yaml","Output":"=== RUN   TestProtectedNetworkTUIReviewAndApprovalPreservePolicy/allowed-host-lab.yaml\n","OutputType":"frame"}
{"Time":"2026-09-08T17:57:39.056909742+03:00","Action":"output","Package":"virmill.local/core/internal/ui/tui","Test":"TestProtectedNetworkTUIReviewAndApprovalPreservePolicy/allowed-host-lab.yaml","Output":"--- PASS: TestProtectedNetworkTUIReviewAndApprovalPreservePolicy/allowed-host-lab.yaml (0.06s)\n","OutputType":"frame"}
{"Time":"2026-09-08T17:57:39.056941491+03:00","Action":"pass","Package":"virmill.local/core/internal/ui/tui","Test":"TestProtectedNetworkTUIReviewAndApprovalPreservePolicy/allowed-host-lab.yaml","Elapsed":0.06}
{"Time":"2026-09-08T17:57:39.056947029+03:00","Action":"output","Package":"virmill.local/core/internal/ui/tui","Test":"TestProtectedNetworkTUIReviewAndApprovalPreservePolicy","Output":"--- PASS: TestProtectedNetworkTUIReviewAndApprovalPreservePolicy (0.46s)\n","OutputType":"frame"}
{"Time":"2026-09-08T17:57:39.056949+03:00","Action":"pass","Package":"virmill.local/core/internal/ui/tui","Test":"TestProtectedNetworkTUIReviewAndApprovalPreservePolicy","Elapsed":0.46}
{"Time":"2026-09-08T17:57:39.056951315+03:00","Action":"run","Package":"virmill.local/core/internal/ui/tui","Test":"TestProtectedNetworkTUIFailedPreviewClearsPriorApproval"}
{"Time":"2026-09-08T17:57:39.05695295+03:00","Action":"output","Package":"virmill.local/core/internal/ui/tui","Test":"TestProtectedNetworkTUIFailedPreviewClearsPriorApproval","Output":"=== RUN   TestProtectedNetworkTUIFailedPreviewClearsPriorApproval\n","OutputType":"frame"}
{"Time":"2026-09-08T17:57:39.056970991+03:00","Action":"run","Package":"virmill.local/core/internal/ui/tui","Test":"TestProtectedNetworkTUIFailedPreviewClearsPriorApproval/canceled"}
{"Time":"2026-09-08T17:57:39.056972829+03:00","Action":"output","Package":"virmill.local/core/internal/ui/tui","Test":"TestProtectedNetworkTUIFailedPreviewClearsPriorApproval/canceled","Output":"=== RUN   TestProtectedNetworkTUIFailedPreviewClearsPriorApproval/canceled\n","OutputType":"frame"}
{"Time":"2026-09-08T17:57:39.06901696+03:00","Action":"output","Package":"virmill.local/core/internal/ui/tui","Test":"TestProtectedNetworkTUIFailedPreviewClearsPriorApproval/canceled","Output":"--- PASS: TestProtectedNetworkTUIFailedPreviewClearsPriorApproval/canceled (0.01s)\n","OutputType":"frame"}
{"Time":"2026-09-08T17:57:39.0690357+03:00","Action":"pass","Package":"virmill.local/core/internal/ui/tui","Test":"TestProtectedNetworkTUIFailedPreviewClearsPriorApproval/canceled","Elapsed":0.01}
{"Time":"2026-09-08T17:57:39.069040274+03:00","Action":"run","Package":"virmill.local/core/internal/ui/tui","Test":"TestProtectedNetworkTUIFailedPreviewClearsPriorApproval/session"}
{"Time":"2026-09-08T17:57:39.069041964+03:00","Action":"output","Package":"virmill.local/core/internal/ui/tui","Test":"TestProtectedNetworkTUIFailedPreviewClearsPriorApproval/session","Output":"=== RUN   TestProtectedNetworkTUIFailedPreviewClearsPriorApproval/session\n","OutputType":"frame"}
{"Time":"2026-09-08T17:57:39.080738448+03:00","Action":"output","Package":"virmill.local/core/internal/ui/tui","Test":"TestProtectedNetworkTUIFailedPreviewClearsPriorApproval/session","Output":"--- PASS: TestProtectedNetworkTUIFailedPreviewClearsPriorApproval/session (0.01s)\n","OutputType":"frame"}
{"Time":"2026-09-08T17:57:39.080746666+03:00","Action":"pass","Package":"virmill.local/core/internal/ui/tui","Test":"TestProtectedNetworkTUIFailedPreviewClearsPriorApproval/session","Elapsed":0.01}
{"Time":"2026-09-08T17:57:39.080758272+03:00","Action":"run","Package":"virmill.local/core/internal/ui/tui","Test":"TestProtectedNetworkTUIFailedPreviewClearsPriorApproval/missing-path"}
{"Time":"2026-09-08T17:57:39.080759776+03:00","Action":"output","Package":"virmill.local/core/internal/ui/tui","Test":"TestProtectedNetworkTUIFailedPreviewClearsPriorApproval/missing-path","Output":"=== RUN   TestProtectedNetworkTUIFailedPreviewClearsPriorApproval/missing-path\n","OutputType":"frame"}
{"Time":"2026-09-08T17:57:39.093476639+03:00","Action":"output","Package":"virmill.local/core/internal/ui/tui","Test":"TestProtectedNetworkTUIFailedPreviewClearsPriorApproval/missing-path","Output":"--- PASS: TestProtectedNetworkTUIFailedPreviewClearsPriorApproval/missing-path (0.01s)\n","OutputType":"frame"}
{"Time":"2026-09-08T17:57:39.09349081+03:00","Action":"pass","Package":"virmill.local/core/internal/ui/tui","Test":"TestProtectedNetworkTUIFailedPreviewClearsPriorApproval/missing-path","Elapsed":0.01}
{"Time":"2026-09-08T17:57:39.093506287+03:00","Action":"output","Package":"virmill.local/core/internal/ui/tui","Test":"TestProtectedNetworkTUIFailedPreviewClearsPriorApproval","Output":"--- PASS: TestProtectedNetworkTUIFailedPreviewClearsPriorApproval (0.04s)\n","OutputType":"frame"}
{"Time":"2026-09-08T17:57:39.093519148+03:00","Action":"pass","Package":"virmill.local/core/internal/ui/tui","Test":"TestProtectedNetworkTUIFailedPreviewClearsPriorApproval","Elapsed":0.04}
{"Time":"2026-09-08T17:57:39.093535099+03:00","Action":"run","Package":"virmill.local/core/internal/ui/tui","Test":"TestBackupPolicyFormsUseSharedReadOnlyMethods"}
{"Time":"2026-09-08T17:57:39.093536714+03:00","Action":"output","Package":"virmill.local/core/internal/ui/tui","Test":"TestBackupPolicyFormsUseSharedReadOnlyMethods","Output":"=== RUN   TestBackupPolicyFormsUseSharedReadOnlyMethods\n","OutputType":"frame"}
{"Time":"2026-09-08T17:57:39.094994812+03:00","Action":"output","Package":"virmill.local/core/internal/ui/tui","Test":"TestBackupPolicyFormsUseSharedReadOnlyMethods","Output":"--- PASS: TestBackupPolicyFormsUseSharedReadOnlyMethods (0.00s)\n","OutputType":"frame"}
{"Time":"2026-09-08T17:57:39.095010675+03:00","Action":"pass","Package":"virmill.local/core/internal/ui/tui","Test":"TestBackupPolicyFormsUseSharedReadOnlyMethods","Elapsed":0}
{"Time":"2026-09-08T17:57:39.095023165+03:00","Action":"run","Package":"virmill.local/core/internal/ui/tui","Test":"TestHumanDetailsStableReadableCollections"}
{"Time":"2026-09-08T17:57:39.095024881+03:00","Action":"output","Package":"virmill.local/core/internal/ui/tui","Test":"TestHumanDetailsStableReadableCollections","Output":"=== RUN   TestHumanDetailsStableReadableCollections\n","OutputType":"frame"}
{"Time":"2026-09-08T17:57:39.104173289+03:00","Action":"output","Package":"virmill.local/core/internal/ui/tui","Test":"TestHumanDetailsStableReadableCollections","Output":"--- PASS: TestHumanDetailsStableReadableCollections (0.01s)\n","OutputType":"frame"}
{"Time":"2026-09-08T17:57:39.104186113+03:00","Action":"pass","Package":"virmill.local/core/internal/ui/tui","Test":"TestHumanDetailsStableReadableCollections","Elapsed":0.01}
{"Time":"2026-09-08T17:57:39.104205127+03:00","Action":"run","Package":"virmill.local/core/internal/ui/tui","Test":"TestHumanDetailsWrapsCompleteValuesAndSanitizes"}
{"Time":"2026-09-08T17:57:39.104206891+03:00","Action":"output","Package":"virmill.local/core/internal/ui/tui","Test":"TestHumanDetailsWrapsCompleteValuesAndSanitizes","Output":"=== RUN   TestHumanDetailsWrapsCompleteValuesAndSanitizes\n","OutputType":"frame"}
{"Time":"2026-09-08T17:57:39.104469742+03:00","Action":"output","Package":"virmill.local/core/internal/ui/tui","Test":"TestHumanDetailsWrapsCompleteValuesAndSanitizes","Output":"--- PASS: TestHumanDetailsWrapsCompleteValuesAndSanitizes (0.00s)\n","OutputType":"frame"}
{"Time":"2026-09-08T17:57:39.104473043+03:00","Action":"pass","Package":"virmill.local/core/internal/ui/tui","Test":"TestHumanDetailsWrapsCompleteValuesAndSanitizes","Elapsed":0}
{"Time":"2026-09-08T17:57:39.104486495+03:00","Action":"run","Package":"virmill.local/core/internal/ui/tui","Test":"TestHumanDetailsNativeXMLNoticeDoesNotHideOtherFacts"}
{"Time":"2026-09-08T17:57:39.104488456+03:00","Action":"output","Package":"virmill.local/core/internal/ui/tui","Test":"TestHumanDetailsNativeXMLNoticeDoesNotHideOtherFacts","Output":"=== RUN   TestHumanDetailsNativeXMLNoticeDoesNotHideOtherFacts\n","OutputType":"frame"}
{"Time":"2026-09-08T17:57:39.104977029+03:00","Action":"output","Package":"virmill.local/core/internal/ui/tui","Test":"TestHumanDetailsNativeXMLNoticeDoesNotHideOtherFacts","Output":"--- PASS: TestHumanDetailsNativeXMLNoticeDoesNotHideOtherFacts (0.00s)\n","OutputType":"frame"}
{"Time":"2026-09-08T17:57:39.104986682+03:00","Action":"pass","Package":"virmill.local/core/internal/ui/tui","Test":"TestHumanDetailsNativeXMLNoticeDoesNotHideOtherFacts","Elapsed":0}
{"Time":"2026-09-08T17:57:39.104996748+03:00","Action":"run","Package":"virmill.local/core/internal/ui/tui","Test":"TestPlanDetailsPreservesEveryApprovalAndPolicyFact"}
{"Time":"2026-09-08T17:57:39.104998927+03:00","Action":"output","Package":"virmill.local/core/internal/ui/tui","Test":"TestPlanDetailsPreservesEveryApprovalAndPolicyFact","Output":"=== RUN   TestPlanDetailsPreservesEveryApprovalAndPolicyFact\n","OutputType":"frame"}
{"Time":"2026-09-08T17:57:39.106713663+03:00","Action":"output","Package":"virmill.local/core/internal/ui/tui","Test":"TestPlanDetailsPreservesEveryApprovalAndPolicyFact","Output":"--- PASS: TestPlanDetailsPreservesEveryApprovalAndPolicyFact (0.00s)\n","OutputType":"frame"}
{"Time":"2026-09-08T17:57:39.106725415+03:00","Action":"pass","Package":"virmill.local/core/internal/ui/tui","Test":"TestPlanDetailsPreservesEveryApprovalAndPolicyFact","Elapsed":0}
{"Time":"2026-09-08T17:57:39.10674265+03:00","Action":"run","Package":"virmill.local/core/internal/ui/tui","Test":"TestHumanDetailsExactIdentifierMapKeysAndNumbers"}
{"Time":"2026-09-08T17:57:39.106744537+03:00","Action":"output","Package":"virmill.local/core/internal/ui/tui","Test":"TestHumanDetailsExactIdentifierMapKeysAndNumbers","Output":"=== RUN   TestHumanDetailsExactIdentifierMapKeysAndNumbers\n","OutputType":"frame"}
{"Time":"2026-09-08T17:57:39.106991139+03:00","Action":"output","Package":"virmill.local/core/internal/ui/tui","Test":"TestHumanDetailsExactIdentifierMapKeysAndNumbers","Output":"--- PASS: TestHumanDetailsExactIdentifierMapKeysAndNumbers (0.00s)\n","OutputType":"frame"}
{"Time":"2026-09-08T17:57:39.107005932+03:00","Action":"pass","Package":"virmill.local/core/internal/ui/tui","Test":"TestHumanDetailsExactIdentifierMapKeysAndNumbers","Elapsed":0}
{"Time":"2026-09-08T17:57:39.107013315+03:00","Action":"run","Package":"virmill.local/core/internal/ui/tui","Test":"TestHumanDetailsPathologicalDataHasExplicitBoundedNotice"}
{"Time":"2026-09-08T17:57:39.107015439+03:00","Action":"output","Package":"virmill.local/core/internal/ui/tui","Test":"TestHumanDetailsPathologicalDataHasExplicitBoundedNotice","Output":"=== RUN   TestHumanDetailsPathologicalDataHasExplicitBoundedNotice\n","OutputType":"frame"}
{"Time":"2026-09-08T17:57:39.186844325+03:00","Action":"output","Package":"virmill.local/core/internal/ui/tui","Test":"TestHumanDetailsPathologicalDataHasExplicitBoundedNotice","Output":"--- PASS: TestHumanDetailsPathologicalDataHasExplicitBoundedNotice (0.08s)\n","OutputType":"frame"}
{"Time":"2026-09-08T17:57:39.18687636+03:00","Action":"pass","Package":"virmill.local/core/internal/ui/tui","Test":"TestHumanDetailsPathologicalDataHasExplicitBoundedNotice","Elapsed":0.08}
{"Time":"2026-09-08T17:57:39.18688548+03:00","Action":"run","Package":"virmill.local/core/internal/ui/tui","Test":"TestProviderConformanceUsesSharedPluginTest"}
{"Time":"2026-09-08T17:57:39.186887731+03:00","Action":"output","Package":"virmill.local/core/internal/ui/tui","Test":"TestProviderConformanceUsesSharedPluginTest","Output":"=== RUN   TestProviderConformanceUsesSharedPluginTest\n","OutputType":"frame"}
{"Time":"2026-09-08T17:57:39.187718098+03:00","Action":"output","Package":"virmill.local/core/internal/ui/tui","Test":"TestProviderConformanceUsesSharedPluginTest","Output":"--- PASS: TestProviderConformanceUsesSharedPluginTest (0.00s)\n","OutputType":"frame"}
{"Time":"2026-09-08T17:57:39.187722654+03:00","Action":"pass","Package":"virmill.local/core/internal/ui/tui","Test":"TestProviderConformanceUsesSharedPluginTest","Elapsed":0}
{"Time":"2026-09-08T17:57:39.187735351+03:00","Action":"run","Package":"virmill.local/core/internal/ui/tui","Test":"TestRebootFormUsesSharedPreview"}
{"Time":"2026-09-08T17:57:39.187738057+03:00","Action":"output","Package":"virmill.local/core/internal/ui/tui","Test":"TestRebootFormUsesSharedPreview","Output":"=== RUN   TestRebootFormUsesSharedPreview\n","OutputType":"frame"}
{"Time":"2026-09-08T17:57:39.188518177+03:00","Action":"output","Package":"virmill.local/core/internal/ui/tui","Test":"TestRebootFormUsesSharedPreview","Output":"--- PASS: TestRebootFormUsesSharedPreview (0.00s)\n","OutputType":"frame"}
{"Time":"2026-09-08T17:57:39.188522902+03:00","Action":"pass","Package":"virmill.local/core/internal/ui/tui","Test":"TestRebootFormUsesSharedPreview","Elapsed":0}
{"Time":"2026-09-08T17:57:39.188532558+03:00","Action":"run","Package":"virmill.local/core/internal/ui/tui","Test":"TestProtectionInspectionAndManifestForms"}
{"Time":"2026-09-08T17:57:39.188534843+03:00","Action":"output","Package":"virmill.local/core/internal/ui/tui","Test":"TestProtectionInspectionAndManifestForms","Output":"=== RUN   TestProtectionInspectionAndManifestForms\n","OutputType":"frame"}
{"Time":"2026-09-08T17:57:39.189696176+03:00","Action":"output","Package":"virmill.local/core/internal/ui/tui","Test":"TestProtectionInspectionAndManifestForms","Output":"--- PASS: TestProtectionInspectionAndManifestForms (0.00s)\n","OutputType":"frame"}
{"Time":"2026-09-08T17:57:39.189701923+03:00","Action":"pass","Package":"virmill.local/core/internal/ui/tui","Test":"TestProtectionInspectionAndManifestForms","Elapsed":0}
{"Time":"2026-09-08T17:57:39.189712434+03:00","Action":"run","Package":"virmill.local/core/internal/ui/tui","Test":"TestRecoveryTUIManifestRootReachesActualMemberVerification"}
{"Time":"2026-09-08T17:57:39.189715072+03:00","Action":"output","Package":"virmill.local/core/internal/ui/tui","Test":"TestRecoveryTUIManifestRootReachesActualMemberVerification","Output":"=== RUN   TestRecoveryTUIManifestRootReachesActualMemberVerification\n","OutputType":"frame"}
{"Time":"2026-09-08T17:57:39.195032371+03:00","Action":"output","Package":"virmill.local/core/internal/ui/tui","Test":"TestRecoveryTUIManifestRootReachesActualMemberVerification","Output":"--- PASS: TestRecoveryTUIManifestRootReachesActualMemberVerification (0.01s)\n","OutputType":"frame"}
{"Time":"2026-09-08T17:57:39.195039385+03:00","Action":"pass","Package":"virmill.local/core/internal/ui/tui","Test":"TestRecoveryTUIManifestRootReachesActualMemberVerification","Elapsed":0.01}
{"Time":"2026-09-08T17:57:39.195050855+03:00","Action":"run","Package":"virmill.local/core/internal/ui/tui","Test":"TestRecoveryTUIFailuresClearStaleApprovalAndRemainVisible"}
{"Time":"2026-09-08T17:57:39.195053485+03:00","Action":"output","Package":"virmill.local/core/internal/ui/tui","Test":"TestRecoveryTUIFailuresClearStaleApprovalAndRemainVisible","Output":"=== RUN   TestRecoveryTUIFailuresClearStaleApprovalAndRemainVisible\n","OutputType":"frame"}
{"Time":"2026-09-08T17:57:39.195070712+03:00","Action":"run","Package":"virmill.local/core/internal/ui/tui","Test":"TestRecoveryTUIFailuresClearStaleApprovalAndRemainVisible/unsupported-native"}
{"Time":"2026-09-08T17:57:39.195073097+03:00","Action":"output","Package":"virmill.local/core/internal/ui/tui","Test":"TestRecoveryTUIFailuresClearStaleApprovalAndRemainVisible/unsupported-native","Output":"=== RUN   TestRecoveryTUIFailuresClearStaleApprovalAndRemainVisible/unsupported-native\n","OutputType":"frame"}
{"Time":"2026-09-08T17:57:39.197740908+03:00","Action":"output","Package":"virmill.local/core/internal/ui/tui","Test":"TestRecoveryTUIFailuresClearStaleApprovalAndRemainVisible/unsupported-native","Output":"--- PASS: TestRecoveryTUIFailuresClearStaleApprovalAndRemainVisible/unsupported-native (0.00s)\n","OutputType":"frame"}
{"Time":"2026-09-08T17:57:39.197748546+03:00","Action":"pass","Package":"virmill.local/core/internal/ui/tui","Test":"TestRecoveryTUIFailuresClearStaleApprovalAndRemainVisible/unsupported-native","Elapsed":0}
{"Time":"2026-09-08T17:57:39.197763786+03:00","Action":"run","Package":"virmill.local/core/internal/ui/tui","Test":"TestRecoveryTUIFailuresClearStaleApprovalAndRemainVisible/transport-error"}
{"Time":"2026-09-08T17:57:39.197766083+03:00","Action":"output","Package":"virmill.local/core/internal/ui/tui","Test":"TestRecoveryTUIFailuresClearStaleApprovalAndRemainVisible/transport-error","Output":"=== RUN   TestRecoveryTUIFailuresClearStaleApprovalAndRemainVisible/transport-error\n","OutputType":"frame"}
{"Time":"2026-09-08T17:57:39.2003315+03:00","Action":"output","Package":"virmill.local/core/internal/ui/tui","Test":"TestRecoveryTUIFailuresClearStaleApprovalAndRemainVisible/transport-error","Output":"--- PASS: TestRecoveryTUIFailuresClearStaleApprovalAndRemainVisible/transport-error (0.00s)\n","OutputType":"frame"}
{"Time":"2026-09-08T17:57:39.200340702+03:00","Action":"pass","Package":"virmill.local/core/internal/ui/tui","Test":"TestRecoveryTUIFailuresClearStaleApprovalAndRemainVisible/transport-error","Elapsed":0}
{"Time":"2026-09-08T17:57:39.200356295+03:00","Action":"run","Package":"virmill.local/core/internal/ui/tui","Test":"TestRecoveryTUIFailuresClearStaleApprovalAndRemainVisible/canceled-observation"}
{"Time":"2026-09-08T17:57:39.200358883+03:00","Action":"output","Package":"virmill.local/core/internal/ui/tui","Test":"TestRecoveryTUIFailuresClearStaleApprovalAndRemainVisible/canceled-observation","Output":"=== RUN   TestRecoveryTUIFailuresClearStaleApprovalAndRemainVisible/canceled-observation\n","OutputType":"frame"}
{"Time":"2026-09-08T17:57:39.203306869+03:00","Action":"output","Package":"virmill.local/core/internal/ui/tui","Test":"TestRecoveryTUIFailuresClearStaleApprovalAndRemainVisible/canceled-observation","Output":"--- PASS: TestRecoveryTUIFailuresClearStaleApprovalAndRemainVisible/canceled-observation (0.00s)\n","OutputType":"frame"}
{"Time":"2026-09-08T17:57:39.203312976+03:00","Action":"pass","Package":"virmill.local/core/internal/ui/tui","Test":"TestRecoveryTUIFailuresClearStaleApprovalAndRemainVisible/canceled-observation","Elapsed":0}
{"Time":"2026-09-08T17:57:39.203349665+03:00","Action":"output","Package":"virmill.local/core/internal/ui/tui","Test":"TestRecoveryTUIFailuresClearStaleApprovalAndRemainVisible","Output":"--- PASS: TestRecoveryTUIFailuresClearStaleApprovalAndRemainVisible (0.01s)\n","OutputType":"frame"}
{"Time":"2026-09-08T17:57:39.203355439+03:00","Action":"pass","Package":"virmill.local/core/internal/ui/tui","Test":"TestRecoveryTUIFailuresClearStaleApprovalAndRemainVisible","Elapsed":0.01}
{"Time":"2026-09-08T17:57:39.203370159+03:00","Action":"run","Package":"virmill.local/core/internal/ui/tui","Test":"TestRecoveryTUIStrictFormsPathsAndEscapeNeverDispatchUnsafeInput"}
{"Time":"2026-09-08T17:57:39.203372237+03:00","Action":"output","Package":"virmill.local/core/internal/ui/tui","Test":"TestRecoveryTUIStrictFormsPathsAndEscapeNeverDispatchUnsafeInput","Output":"=== RUN   TestRecoveryTUIStrictFormsPathsAndEscapeNeverDispatchUnsafeInput\n","OutputType":"frame"}
{"Time":"2026-09-08T17:57:39.207980281+03:00","Action":"output","Package":"virmill.local/core/internal/ui/tui","Test":"TestRecoveryTUIStrictFormsPathsAndEscapeNeverDispatchUnsafeInput","Output":"--- PASS: TestRecoveryTUIStrictFormsPathsAndEscapeNeverDispatchUnsafeInput (0.00s)\n","OutputType":"frame"}
{"Time":"2026-09-08T17:57:39.207994007+03:00","Action":"pass","Package":"virmill.local/core/internal/ui/tui","Test":"TestRecoveryTUIStrictFormsPathsAndEscapeNeverDispatchUnsafeInput","Elapsed":0}
{"Time":"2026-09-08T17:57:39.20800918+03:00","Action":"run","Package":"virmill.local/core/internal/ui/tui","Test":"TestSearchEnterSelectsWithoutExecutingAndNextEnterUsesRegistry"}
{"Time":"2026-09-08T17:57:39.208011741+03:00","Action":"output","Package":"virmill.local/core/internal/ui/tui","Test":"TestSearchEnterSelectsWithoutExecutingAndNextEnterUsesRegistry","Output":"=== RUN   TestSearchEnterSelectsWithoutExecutingAndNextEnterUsesRegistry\n","OutputType":"frame"}
{"Time":"2026-09-08T17:57:39.20865469+03:00","Action":"output","Package":"virmill.local/core/internal/ui/tui","Test":"TestSearchEnterSelectsWithoutExecutingAndNextEnterUsesRegistry","Output":"--- PASS: TestSearchEnterSelectsWithoutExecutingAndNextEnterUsesRegistry (0.00s)\n","OutputType":"frame"}
{"Time":"2026-09-08T17:57:39.208671953+03:00","Action":"pass","Package":"virmill.local/core/internal/ui/tui","Test":"TestSearchEnterSelectsWithoutExecutingAndNextEnterUsesRegistry","Elapsed":0}
{"Time":"2026-09-08T17:57:39.208681805+03:00","Action":"run","Package":"virmill.local/core/internal/ui/tui","Test":"TestSearchPreservesSelectedIdentityWhileFilteringAndClearing"}
{"Time":"2026-09-08T17:57:39.208683902+03:00","Action":"output","Package":"virmill.local/core/internal/ui/tui","Test":"TestSearchPreservesSelectedIdentityWhileFilteringAndClearing","Output":"=== RUN   TestSearchPreservesSelectedIdentityWhileFilteringAndClearing\n","OutputType":"frame"}
{"Time":"2026-09-08T17:57:39.209317351+03:00","Action":"output","Package":"virmill.local/core/internal/ui/tui","Test":"TestSearchPreservesSelectedIdentityWhileFilteringAndClearing","Output":"--- PASS: TestSearchPreservesSelectedIdentityWhileFilteringAndClearing (0.00s)\n","OutputType":"frame"}
{"Time":"2026-09-08T17:57:39.209343812+03:00","Action":"pass","Package":"virmill.local/core/internal/ui/tui","Test":"TestSearchPreservesSelectedIdentityWhileFilteringAndClearing","Elapsed":0}
{"Time":"2026-09-08T17:57:39.209346908+03:00","Action":"run","Package":"virmill.local/core/internal/ui/tui","Test":"TestSearchKeepsSelectionAndFocusAcrossSections"}
{"Time":"2026-09-08T17:57:39.20935344+03:00","Action":"output","Package":"virmill.local/core/internal/ui/tui","Test":"TestSearchKeepsSelectionAndFocusAcrossSections","Output":"=== RUN   TestSearchKeepsSelectionAndFocusAcrossSections\n","OutputType":"frame"}
{"Time":"2026-09-08T17:57:39.209831061+03:00","Action":"output","Package":"virmill.local/core/internal/ui/tui","Test":"TestSearchKeepsSelectionAndFocusAcrossSections","Output":"--- PASS: TestSearchKeepsSelectionAndFocusAcrossSections (0.00s)\n","OutputType":"frame"}
{"Time":"2026-09-08T17:57:39.209835129+03:00","Action":"pass","Package":"virmill.local/core/internal/ui/tui","Test":"TestSearchKeepsSelectionAndFocusAcrossSections","Elapsed":0}
{"Time":"2026-09-08T17:57:39.209850674+03:00","Action":"run","Package":"virmill.local/core/internal/ui/tui","Test":"TestSearchUnicodeCaseFoldingBackspaceAndWordMatching"}
{"Time":"2026-09-08T17:57:39.209852729+03:00","Action":"output","Package":"virmill.local/core/internal/ui/tui","Test":"TestSearchUnicodeCaseFoldingBackspaceAndWordMatching","Output":"=== RUN   TestSearchUnicodeCaseFoldingBackspaceAndWordMatching\n","OutputType":"frame"}
{"Time":"2026-09-08T17:57:39.209872303+03:00","Action":"run","Package":"virmill.local/core/internal/ui/tui","Test":"TestSearchUnicodeCaseFoldingBackspaceAndWordMatching/résumé"}
{"Time":"2026-09-08T17:57:39.209874532+03:00","Action":"output","Package":"virmill.local/core/internal/ui/tui","Test":"TestSearchUnicodeCaseFoldingBackspaceAndWordMatching/résumé","Output":"=== RUN   TestSearchUnicodeCaseFoldingBackspaceAndWordMatching/résumé\n","OutputType":"frame"}
{"Time":"2026-09-08T17:57:39.210022315+03:00","Action":"output","Package":"virmill.local/core/internal/ui/tui","Test":"TestSearchUnicodeCaseFoldingBackspaceAndWordMatching/résumé","Output":"--- PASS: TestSearchUnicodeCaseFoldingBackspaceAndWordMatching/résumé (0.00s)\n","OutputType":"frame"}
{"Time":"2026-09-08T17:57:39.210028634+03:00","Action":"pass","Package":"virmill.local/core/internal/ui/tui","Test":"TestSearchUnicodeCaseFoldingBackspaceAndWordMatching/résumé","Elapsed":0}
{"Time":"2026-09-08T17:57:39.210042125+03:00","Action":"run","Package":"virmill.local/core/internal/ui/tui","Test":"TestSearchUnicodeCaseFoldingBackspaceAndWordMatching/RÉSUMÉ"}
{"Time":"2026-09-08T17:57:39.210044183+03:00","Action":"output","Package":"virmill.local/core/internal/ui/tui","Test":"TestSearchUnicodeCaseFoldingBackspaceAndWordMatching/RÉSUMÉ","Output":"=== RUN   TestSearchUnicodeCaseFoldingBackspaceAndWordMatching/RÉSUMÉ\n","OutputType":"frame"}
{"Time":"2026-09-08T17:57:39.210165298+03:00","Action":"output","Package":"virmill.local/core/internal/ui/tui","Test":"TestSearchUnicodeCaseFoldingBackspaceAndWordMatching/RÉSUMÉ","Output":"--- PASS: TestSearchUnicodeCaseFoldingBackspaceAndWordMatching/RÉSUMÉ (0.00s)\n","OutputType":"frame"}
{"Time":"2026-09-08T17:57:39.210170355+03:00","Action":"pass","Package":"virmill.local/core/internal/ui/tui","Test":"TestSearchUnicodeCaseFoldingBackspaceAndWordMatching/RÉSUMÉ","Elapsed":0}
{"Time":"2026-09-08T17:57:39.210191765+03:00","Action":"run","Package":"virmill.local/core/internal/ui/tui","Test":"TestSearchUnicodeCaseFoldingBackspaceAndWordMatching/café"}
{"Time":"2026-09-08T17:57:39.210194152+03:00","Action":"output","Package":"virmill.local/core/internal/ui/tui","Test":"TestSearchUnicodeCaseFoldingBackspaceAndWordMatching/café","Output":"=== RUN   TestSearchUnicodeCaseFoldingBackspaceAndWordMatching/café\n","OutputType":"frame"}
{"Time":"2026-09-08T17:57:39.210304804+03:00","Action":"output","Package":"virmill.local/core/internal/ui/tui","Test":"TestSearchUnicodeCaseFoldingBackspaceAndWordMatching/café","Output":"--- PASS: TestSearchUnicodeCaseFoldingBackspaceAndWordMatching/café (0.00s)\n","OutputType":"frame"}
{"Time":"2026-09-08T17:57:39.210314162+03:00","Action":"pass","Package":"virmill.local/core/internal/ui/tui","Test":"TestSearchUnicodeCaseFoldingBackspaceAndWordMatching/café","Elapsed":0}
{"Time":"2026-09-08T17:57:39.210332203+03:00","Action":"run","Package":"virmill.local/core/internal/ui/tui","Test":"TestSearchUnicodeCaseFoldingBackspaceAndWordMatching/ς"}
{"Time":"2026-09-08T17:57:39.210334898+03:00","Action":"output","Package":"virmill.local/core/internal/ui/tui","Test":"TestSearchUnicodeCaseFoldingBackspaceAndWordMatching/ς","Output":"=== RUN   TestSearchUnicodeCaseFoldingBackspaceAndWordMatching/ς\n","OutputType":"frame"}
{"Time":"2026-09-08T17:57:39.210452843+03:00","Action":"output","Package":"virmill.local/core/internal/ui/tui","Test":"TestSearchUnicodeCaseFoldingBackspaceAndWordMatching/ς","Output":"--- PASS: TestSearchUnicodeCaseFoldingBackspaceAndWordMatching/ς (0.00s)\n","OutputType":"frame"}
{"Time":"2026-09-08T17:57:39.210461933+03:00","Action":"pass","Package":"virmill.local/core/internal/ui/tui","Test":"TestSearchUnicodeCaseFoldingBackspaceAndWordMatching/ς","Elapsed":0}
{"Time":"2026-09-08T17:57:39.210472394+03:00","Action":"run","Package":"virmill.local/core/internal/ui/tui","Test":"TestSearchUnicodeCaseFoldingBackspaceAndWordMatching/界面"}
{"Time":"2026-09-08T17:57:39.21047453+03:00","Action":"output","Package":"virmill.local/core/internal/ui/tui","Test":"TestSearchUnicodeCaseFoldingBackspaceAndWordMatching/界面","Output":"=== RUN   TestSearchUnicodeCaseFoldingBackspaceAndWordMatching/界面\n","OutputType":"frame"}
{"Time":"2026-09-08T17:57:39.210590489+03:00","Action":"output","Package":"virmill.local/core/internal/ui/tui","Test":"TestSearchUnicodeCaseFoldingBackspaceAndWordMatching/界面","Output":"--- PASS: TestSearchUnicodeCaseFoldingBackspaceAndWordMatching/界面 (0.00s)\n","OutputType":"frame"}
{"Time":"2026-09-08T17:57:39.210593786+03:00","Action":"pass","Package":"virmill.local/core/internal/ui/tui","Test":"TestSearchUnicodeCaseFoldingBackspaceAndWordMatching/界面","Elapsed":0}
{"Time":"2026-09-08T17:57:39.210604207+03:00","Action":"run","Package":"virmill.local/core/internal/ui/tui","Test":"TestSearchUnicodeCaseFoldingBackspaceAndWordMatching/VM_café"}
{"Time":"2026-09-08T17:57:39.210606307+03:00","Action":"output","Package":"virmill.local/core/internal/ui/tui","Test":"TestSearchUnicodeCaseFoldingBackspaceAndWordMatching/VM_café","Output":"=== RUN   TestSearchUnicodeCaseFoldingBackspaceAndWordMatching/VM_café\n","OutputType":"frame"}
{"Time":"2026-09-08T17:57:39.210724737+03:00","Action":"output","Package":"virmill.local/core/internal/ui/tui","Test":"TestSearchUnicodeCaseFoldingBackspaceAndWordMatching/VM_café","Output":"--- PASS: TestSearchUnicodeCaseFoldingBackspaceAndWordMatching/VM_café (0.00s)\n","OutputType":"frame"}
{"Time":"2026-09-08T17:57:39.210729498+03:00","Action":"pass","Package":"virmill.local/core/internal/ui/tui","Test":"TestSearchUnicodeCaseFoldingBackspaceAndWordMatching/VM_café","Elapsed":0}
{"Time":"2026-09-08T17:57:39.210965251+03:00","Action":"output","Package":"virmill.local/core/internal/ui/tui","Test":"TestSearchUnicodeCaseFoldingBackspaceAndWordMatching","Output":"--- PASS: TestSearchUnicodeCaseFoldingBackspaceAndWordMatching (0.00s)\n","OutputType":"frame"}
{"Time":"2026-09-08T17:57:39.210978285+03:00","Action":"pass","Package":"virmill.local/core/internal/ui/tui","Test":"TestSearchUnicodeCaseFoldingBackspaceAndWordMatching","Elapsed":0}
{"Time":"2026-09-08T17:57:39.210983448+03:00","Action":"run","Package":"virmill.local/core/internal/ui/tui","Test":"TestSearchSpaceEventsAndShortcutTextAreInput"}
{"Time":"2026-09-08T17:57:39.210984911+03:00","Action":"output","Package":"virmill.local/core/internal/ui/tui","Test":"TestSearchSpaceEventsAndShortcutTextAreInput","Output":"=== RUN   TestSearchSpaceEventsAndShortcutTextAreInput\n","OutputType":"frame"}
{"Time":"2026-09-08T17:57:39.211193814+03:00","Action":"output","Package":"virmill.local/core/internal/ui/tui","Test":"TestSearchSpaceEventsAndShortcutTextAreInput","Output":"--- PASS: TestSearchSpaceEventsAndShortcutTextAreInput (0.00s)\n","OutputType":"frame"}
{"Time":"2026-09-08T17:57:39.211203091+03:00","Action":"pass","Package":"virmill.local/core/internal/ui/tui","Test":"TestSearchSpaceEventsAndShortcutTextAreInput","Elapsed":0}
{"Time":"2026-09-08T17:57:39.211211821+03:00","Action":"run","Package":"virmill.local/core/internal/ui/tui","Test":"TestSearchInputLimitsAndControlsRefuseWholePaste"}
{"Time":"2026-09-08T17:57:39.211216511+03:00","Action":"output","Package":"virmill.local/core/internal/ui/tui","Test":"TestSearchInputLimitsAndControlsRefuseWholePaste","Output":"=== RUN   TestSearchInputLimitsAndControlsRefuseWholePaste\n","OutputType":"frame"}
{"Time":"2026-09-08T17:57:39.212723678+03:00","Action":"output","Package":"virmill.local/core/internal/ui/tui","Test":"TestSearchInputLimitsAndControlsRefuseWholePaste","Output":"--- PASS: TestSearchInputLimitsAndControlsRefuseWholePaste (0.00s)\n","OutputType":"frame"}
{"Time":"2026-09-08T17:57:39.212732659+03:00","Action":"pass","Package":"virmill.local/core/internal/ui/tui","Test":"TestSearchInputLimitsAndControlsRefuseWholePaste","Elapsed":0}
{"Time":"2026-09-08T17:57:39.21274291+03:00","Action":"run","Package":"virmill.local/core/internal/ui/tui","Test":"TestSearchNoResultsCannotExecuteOrDiscardPlan"}
{"Time":"2026-09-08T17:57:39.212744891+03:00","Action":"output","Package":"virmill.local/core/internal/ui/tui","Test":"TestSearchNoResultsCannotExecuteOrDiscardPlan","Output":"=== RUN   TestSearchNoResultsCannotExecuteOrDiscardPlan\n","OutputType":"frame"}
{"Time":"2026-09-08T17:57:39.212951597+03:00","Action":"output","Package":"virmill.local/core/internal/ui/tui","Test":"TestSearchNoResultsCannotExecuteOrDiscardPlan","Output":"--- PASS: TestSearchNoResultsCannotExecuteOrDiscardPlan (0.00s)\n","OutputType":"frame"}
{"Time":"2026-09-08T17:57:39.212964326+03:00","Action":"pass","Package":"virmill.local/core/internal/ui/tui","Test":"TestSearchNoResultsCannotExecuteOrDiscardPlan","Elapsed":0}
{"Time":"2026-09-08T17:57:39.212976176+03:00","Action":"run","Package":"virmill.local/core/internal/ui/tui","Test":"TestSearchDoesNotInterceptFormOrDigestEditing"}
{"Time":"2026-09-08T17:57:39.21297909+03:00","Action":"output","Package":"virmill.local/core/internal/ui/tui","Test":"TestSearchDoesNotInterceptFormOrDigestEditing","Output":"=== RUN   TestSearchDoesNotInterceptFormOrDigestEditing\n","OutputType":"frame"}
{"Time":"2026-09-08T17:57:39.213212172+03:00","Action":"output","Package":"virmill.local/core/internal/ui/tui","Test":"TestSearchDoesNotInterceptFormOrDigestEditing","Output":"--- PASS: TestSearchDoesNotInterceptFormOrDigestEditing (0.00s)\n","OutputType":"frame"}
{"Time":"2026-09-08T17:57:39.213221618+03:00","Action":"pass","Package":"virmill.local/core/internal/ui/tui","Test":"TestSearchDoesNotInterceptFormOrDigestEditing","Elapsed":0}
{"Time":"2026-09-08T17:57:39.213231565+03:00","Action":"run","Package":"virmill.local/core/internal/ui/tui","Test":"TestSearchResultAndBusyStateKeepFocusWithoutReexecution"}
{"Time":"2026-09-08T17:57:39.213233724+03:00","Action":"output","Package":"virmill.local/core/internal/ui/tui","Test":"TestSearchResultAndBusyStateKeepFocusWithoutReexecution","Output":"=== RUN   TestSearchResultAndBusyStateKeepFocusWithoutReexecution\n","OutputType":"frame"}
{"Time":"2026-09-08T17:57:39.213388619+03:00","Action":"output","Package":"virmill.local/core/internal/ui/tui","Test":"TestSearchResultAndBusyStateKeepFocusWithoutReexecution","Output":"--- PASS: TestSearchResultAndBusyStateKeepFocusWithoutReexecution (0.00s)\n","OutputType":"frame"}
{"Time":"2026-09-08T17:57:39.213391391+03:00","Action":"pass","Package":"virmill.local/core/internal/ui/tui","Test":"TestSearchResultAndBusyStateKeepFocusWithoutReexecution","Elapsed":0}
{"Time":"2026-09-08T17:57:39.213400893+03:00","Action":"run","Package":"virmill.local/core/internal/ui/tui","Test":"TestSearchNarrowResizeBoundsAndSelectedActionRemainVisible"}
{"Time":"2026-09-08T17:57:39.213402744+03:00","Action":"output","Package":"virmill.local/core/internal/ui/tui","Test":"TestSearchNarrowResizeBoundsAndSelectedActionRemainVisible","Output":"=== RUN   TestSearchNarrowResizeBoundsAndSelectedActionRemainVisible\n","OutputType":"frame"}
{"Time":"2026-09-08T17:57:39.223839628+03:00","Action":"output","Package":"virmill.local/core/internal/ui/tui","Test":"TestSearchNarrowResizeBoundsAndSelectedActionRemainVisible","Output":"--- PASS: TestSearchNarrowResizeBoundsAndSelectedActionRemainVisible (0.01s)\n","OutputType":"frame"}
{"Time":"2026-09-08T17:57:39.223854333+03:00","Action":"pass","Package":"virmill.local/core/internal/ui/tui","Test":"TestSearchNarrowResizeBoundsAndSelectedActionRemainVisible","Elapsed":0.01}
{"Time":"2026-09-08T17:57:39.223859099+03:00","Action":"run","Package":"virmill.local/core/internal/ui/tui","Test":"TestSearchCompactResultPagingHasNoGaps"}
{"Time":"2026-09-08T17:57:39.223860742+03:00","Action":"output","Package":"virmill.local/core/internal/ui/tui","Test":"TestSearchCompactResultPagingHasNoGaps","Output":"=== RUN   TestSearchCompactResultPagingHasNoGaps\n","OutputType":"frame"}
{"Time":"2026-09-08T17:57:39.22753444+03:00","Action":"output","Package":"virmill.local/core/internal/ui/tui","Test":"TestSearchCompactResultPagingHasNoGaps","Output":"--- PASS: TestSearchCompactResultPagingHasNoGaps (0.00s)\n","OutputType":"frame"}
{"Time":"2026-09-08T17:57:39.2275553+03:00","Action":"pass","Package":"virmill.local/core/internal/ui/tui","Test":"TestSearchCompactResultPagingHasNoGaps","Elapsed":0}
{"Time":"2026-09-08T17:57:39.227568253+03:00","Action":"run","Package":"virmill.local/core/internal/ui/tui","Test":"TestSearchCtrlCOnlyDetaches"}
{"Time":"2026-09-08T17:57:39.227570261+03:00","Action":"output","Package":"virmill.local/core/internal/ui/tui","Test":"TestSearchCtrlCOnlyDetaches","Output":"=== RUN   TestSearchCtrlCOnlyDetaches\n","OutputType":"frame"}
{"Time":"2026-09-08T17:57:39.227651871+03:00","Action":"output","Package":"virmill.local/core/internal/ui/tui","Test":"TestSearchCtrlCOnlyDetaches","Output":"--- PASS: TestSearchCtrlCOnlyDetaches (0.00s)\n","OutputType":"frame"}
{"Time":"2026-09-08T17:57:39.227666908+03:00","Action":"pass","Package":"virmill.local/core/internal/ui/tui","Test":"TestSearchCtrlCOnlyDetaches","Elapsed":0}
{"Time":"2026-09-08T17:57:39.227675524+03:00","Action":"run","Package":"virmill.local/core/internal/ui/tui","Test":"TestTerminalPhysicalSpaceAndShortcutWordsRemainLiteralFormInput"}
{"Time":"2026-09-08T17:57:39.227677672+03:00","Action":"output","Package":"virmill.local/core/internal/ui/tui","Test":"TestTerminalPhysicalSpaceAndShortcutWordsRemainLiteralFormInput","Output":"=== RUN   TestTerminalPhysicalSpaceAndShortcutWordsRemainLiteralFormInput\n","OutputType":"frame"}
{"Time":"2026-09-08T17:57:39.227696855+03:00","Action":"run","Package":"virmill.local/core/internal/ui/tui","Test":"TestTerminalPhysicalSpaceAndShortcutWordsRemainLiteralFormInput/0"}
{"Time":"2026-09-08T17:57:39.2276987+03:00","Action":"output","Package":"virmill.local/core/internal/ui/tui","Test":"TestTerminalPhysicalSpaceAndShortcutWordsRemainLiteralFormInput/0","Output":"=== RUN   TestTerminalPhysicalSpaceAndShortcutWordsRemainLiteralFormInput/0\n","OutputType":"frame"}
{"Time":"2026-09-08T17:57:39.228197265+03:00","Action":"output","Package":"virmill.local/core/internal/ui/tui","Test":"TestTerminalPhysicalSpaceAndShortcutWordsRemainLiteralFormInput/0","Output":"--- PASS: TestTerminalPhysicalSpaceAndShortcutWordsRemainLiteralFormInput/0 (0.00s)\n","OutputType":"frame"}
{"Time":"2026-09-08T17:57:39.228207657+03:00","Action":"pass","Package":"virmill.local/core/internal/ui/tui","Test":"TestTerminalPhysicalSpaceAndShortcutWordsRemainLiteralFormInput/0","Elapsed":0}
{"Time":"2026-09-08T17:57:39.22822402+03:00","Action":"run","Package":"virmill.local/core/internal/ui/tui","Test":"TestTerminalPhysicalSpaceAndShortcutWordsRemainLiteralFormInput/1"}
{"Time":"2026-09-08T17:57:39.228226008+03:00","Action":"output","Package":"virmill.local/core/internal/ui/tui","Test":"TestTerminalPhysicalSpaceAndShortcutWordsRemainLiteralFormInput/1","Output":"=== RUN   TestTerminalPhysicalSpaceAndShortcutWordsRemainLiteralFormInput/1\n","OutputType":"frame"}
{"Time":"2026-09-08T17:57:39.228717981+03:00","Action":"output","Package":"virmill.local/core/internal/ui/tui","Test":"TestTerminalPhysicalSpaceAndShortcutWordsRemainLiteralFormInput/1","Output":"--- PASS: TestTerminalPhysicalSpaceAndShortcutWordsRemainLiteralFormInput/1 (0.00s)\n","OutputType":"frame"}
{"Time":"2026-09-08T17:57:39.228725522+03:00","Action":"pass","Package":"virmill.local/core/internal/ui/tui","Test":"TestTerminalPhysicalSpaceAndShortcutWordsRemainLiteralFormInput/1","Elapsed":0}
{"Time":"2026-09-08T17:57:39.228753306+03:00","Action":"output","Package":"virmill.local/core/internal/ui/tui","Test":"TestTerminalPhysicalSpaceAndShortcutWordsRemainLiteralFormInput","Output":"--- PASS: TestTerminalPhysicalSpaceAndShortcutWordsRemainLiteralFormInput (0.00s)\n","OutputType":"frame"}
{"Time":"2026-09-08T17:57:39.228762798+03:00","Action":"pass","Package":"virmill.local/core/internal/ui/tui","Test":"TestTerminalPhysicalSpaceAndShortcutWordsRemainLiteralFormInput","Elapsed":0}
{"Time":"2026-09-08T17:57:39.22877535+03:00","Action":"run","Package":"virmill.local/core/internal/ui/tui","Test":"TestTerminalPathWithPhysicalSpacesReachesOnlySelectedService"}
{"Time":"2026-09-08T17:57:39.228777472+03:00","Action":"output","Package":"virmill.local/core/internal/ui/tui","Test":"TestTerminalPathWithPhysicalSpacesReachesOnlySelectedService","Output":"=== RUN   TestTerminalPathWithPhysicalSpacesReachesOnlySelectedService\n","OutputType":"frame"}
{"Time":"2026-09-08T17:57:39.229065705+03:00","Action":"output","Package":"virmill.local/core/internal/ui/tui","Test":"TestTerminalPathWithPhysicalSpacesReachesOnlySelectedService","Output":"--- PASS: TestTerminalPathWithPhysicalSpacesReachesOnlySelectedService (0.00s)\n","OutputType":"frame"}
{"Time":"2026-09-08T17:57:39.229076151+03:00","Action":"pass","Package":"virmill.local/core/internal/ui/tui","Test":"TestTerminalPathWithPhysicalSpacesReachesOnlySelectedService","Elapsed":0}
{"Time":"2026-09-08T17:57:39.229088775+03:00","Action":"run","Package":"virmill.local/core/internal/ui/tui","Test":"TestTerminalLongApprovalRetainsVisibleInputAndPageableExactReview"}
{"Time":"2026-09-08T17:57:39.229090792+03:00","Action":"output","Package":"virmill.local/core/internal/ui/tui","Test":"TestTerminalLongApprovalRetainsVisibleInputAndPageableExactReview","Output":"=== RUN   TestTerminalLongApprovalRetainsVisibleInputAndPageableExactReview\n","OutputType":"frame"}
{"Time":"2026-09-08T17:57:39.245121608+03:00","Action":"output","Package":"virmill.local/core/internal/ui/cli","Output":"ok  \tvirmill.local/core/internal/ui/cli\t3.447s\n"}
{"Time":"2026-09-08T17:57:39.252977057+03:00","Action":"pass","Package":"virmill.local/core/internal/ui/cli","Elapsed":3.455}
{"Time":"2026-09-08T17:57:39.609517281+03:00","Action":"output","Package":"virmill.local/core/internal/ui/tui","Test":"TestTerminalLongApprovalRetainsVisibleInputAndPageableExactReview","Output":"--- PASS: TestTerminalLongApprovalRetainsVisibleInputAndPageableExactReview (0.38s)\n","OutputType":"frame"}
{"Time":"2026-09-08T17:57:39.609543719+03:00","Action":"pass","Package":"virmill.local/core/internal/ui/tui","Test":"TestTerminalLongApprovalRetainsVisibleInputAndPageableExactReview","Elapsed":0.38}
{"Time":"2026-09-08T17:57:39.609549167+03:00","Action":"run","Package":"virmill.local/core/internal/ui/tui","Test":"TestTerminalResizeRevealsDetailsAfterPriorNarrowScroll"}
{"Time":"2026-09-08T17:57:39.609550737+03:00","Action":"output","Package":"virmill.local/core/internal/ui/tui","Test":"TestTerminalResizeRevealsDetailsAfterPriorNarrowScroll","Output":"=== RUN   TestTerminalResizeRevealsDetailsAfterPriorNarrowScroll\n","OutputType":"frame"}
{"Time":"2026-09-08T17:57:39.61786917+03:00","Action":"output","Package":"virmill.local/core/internal/ui/tui","Test":"TestTerminalResizeRevealsDetailsAfterPriorNarrowScroll","Output":"--- PASS: TestTerminalResizeRevealsDetailsAfterPriorNarrowScroll (0.01s)\n","OutputType":"frame"}
{"Time":"2026-09-08T17:57:39.617884258+03:00","Action":"pass","Package":"virmill.local/core/internal/ui/tui","Test":"TestTerminalResizeRevealsDetailsAfterPriorNarrowScroll","Elapsed":0.01}
{"Time":"2026-09-08T17:57:39.61788837+03:00","Action":"run","Package":"virmill.local/core/internal/ui/tui","Test":"TestTerminalDialogFocusCannotRetargetSubmitOrLoseCancellation"}
{"Time":"2026-09-08T17:57:39.617889664+03:00","Action":"output","Package":"virmill.local/core/internal/ui/tui","Test":"TestTerminalDialogFocusCannotRetargetSubmitOrLoseCancellation","Output":"=== RUN   TestTerminalDialogFocusCannotRetargetSubmitOrLoseCancellation\n","OutputType":"frame"}
{"Time":"2026-09-08T17:57:39.617908245+03:00","Action":"run","Package":"virmill.local/core/internal/ui/tui","Test":"TestTerminalDialogFocusCannotRetargetSubmitOrLoseCancellation/false"}
{"Time":"2026-09-08T17:57:39.617910569+03:00","Action":"output","Package":"virmill.local/core/internal/ui/tui","Test":"TestTerminalDialogFocusCannotRetargetSubmitOrLoseCancellation/false","Output":"=== RUN   TestTerminalDialogFocusCannotRetargetSubmitOrLoseCancellation/false\n","OutputType":"frame"}
{"Time":"2026-09-08T17:57:39.618316249+03:00","Action":"output","Package":"virmill.local/core/internal/ui/tui","Test":"TestTerminalDialogFocusCannotRetargetSubmitOrLoseCancellation/false","Output":"--- PASS: TestTerminalDialogFocusCannotRetargetSubmitOrLoseCancellation/false (0.00s)\n","OutputType":"frame"}
{"Time":"2026-09-08T17:57:39.618335044+03:00","Action":"pass","Package":"virmill.local/core/internal/ui/tui","Test":"TestTerminalDialogFocusCannotRetargetSubmitOrLoseCancellation/false","Elapsed":0}
{"Time":"2026-09-08T17:57:39.618347819+03:00","Action":"run","Package":"virmill.local/core/internal/ui/tui","Test":"TestTerminalDialogFocusCannotRetargetSubmitOrLoseCancellation/true"}
{"Time":"2026-09-08T17:57:39.618349828+03:00","Action":"output","Package":"virmill.local/core/internal/ui/tui","Test":"TestTerminalDialogFocusCannotRetargetSubmitOrLoseCancellation/true","Output":"=== RUN   TestTerminalDialogFocusCannotRetargetSubmitOrLoseCancellation/true\n","OutputType":"frame"}
{"Time":"2026-09-08T17:57:39.621326823+03:00","Action":"output","Package":"virmill.local/core/internal/ui/tui","Test":"TestTerminalDialogFocusCannotRetargetSubmitOrLoseCancellation/true","Output":"--- PASS: TestTerminalDialogFocusCannotRetargetSubmitOrLoseCancellation/true (0.00s)\n","OutputType":"frame"}
{"Time":"2026-09-08T17:57:39.621335713+03:00","Action":"pass","Package":"virmill.local/core/internal/ui/tui","Test":"TestTerminalDialogFocusCannotRetargetSubmitOrLoseCancellation/true","Elapsed":0}
{"Time":"2026-09-08T17:57:39.621366608+03:00","Action":"output","Package":"virmill.local/core/internal/ui/tui","Test":"TestTerminalDialogFocusCannotRetargetSubmitOrLoseCancellation","Output":"--- PASS: TestTerminalDialogFocusCannotRetargetSubmitOrLoseCancellation (0.00s)\n","OutputType":"frame"}
{"Time":"2026-09-08T17:57:39.621369386+03:00","Action":"pass","Package":"virmill.local/core/internal/ui/tui","Test":"TestTerminalDialogFocusCannotRetargetSubmitOrLoseCancellation","Elapsed":0}
{"Time":"2026-09-08T17:57:39.621381391+03:00","Action":"run","Package":"virmill.local/core/internal/ui/tui","Test":"TestTerminalApprovalMismatchRemainsReadableAfterReviewPaging"}
{"Time":"2026-09-08T17:57:39.6213832+03:00","Action":"output","Package":"virmill.local/core/internal/ui/tui","Test":"TestTerminalApprovalMismatchRemainsReadableAfterReviewPaging","Output":"=== RUN   TestTerminalApprovalMismatchRemainsReadableAfterReviewPaging\n","OutputType":"frame"}
{"Time":"2026-09-08T17:57:39.639141847+03:00","Action":"output","Package":"virmill.local/core/internal/ui/tui","Test":"TestTerminalApprovalMismatchRemainsReadableAfterReviewPaging","Output":"--- PASS: TestTerminalApprovalMismatchRemainsReadableAfterReviewPaging (0.02s)\n","OutputType":"frame"}
{"Time":"2026-09-08T17:57:39.639150453+03:00","Action":"pass","Package":"virmill.local/core/internal/ui/tui","Test":"TestTerminalApprovalMismatchRemainsReadableAfterReviewPaging","Elapsed":0.02}
{"Time":"2026-09-08T17:57:39.639162777+03:00","Action":"run","Package":"virmill.local/core/internal/ui/tui","Test":"TestTerminalBackendErrorsPreserveNavigationAndHaveTextMeaning"}
{"Time":"2026-09-08T17:57:39.639164769+03:00","Action":"output","Package":"virmill.local/core/internal/ui/tui","Test":"TestTerminalBackendErrorsPreserveNavigationAndHaveTextMeaning","Output":"=== RUN   TestTerminalBackendErrorsPreserveNavigationAndHaveTextMeaning\n","OutputType":"frame"}
{"Time":"2026-09-08T17:57:39.640340678+03:00","Action":"output","Package":"virmill.local/core/internal/ui/tui","Test":"TestTerminalBackendErrorsPreserveNavigationAndHaveTextMeaning","Output":"--- PASS: TestTerminalBackendErrorsPreserveNavigationAndHaveTextMeaning (0.00s)\n","OutputType":"frame"}
{"Time":"2026-09-08T17:57:39.640349506+03:00","Action":"pass","Package":"virmill.local/core/internal/ui/tui","Test":"TestTerminalBackendErrorsPreserveNavigationAndHaveTextMeaning","Elapsed":0}
{"Time":"2026-09-08T17:57:39.640363699+03:00","Action":"run","Package":"virmill.local/core/internal/ui/tui","Test":"TestTerminalTopLevelTextDoesNotMasqueradeAsControl"}
{"Time":"2026-09-08T17:57:39.640365683+03:00","Action":"output","Package":"virmill.local/core/internal/ui/tui","Test":"TestTerminalTopLevelTextDoesNotMasqueradeAsControl","Output":"=== RUN   TestTerminalTopLevelTextDoesNotMasqueradeAsControl\n","OutputType":"frame"}
{"Time":"2026-09-08T17:57:39.640494949+03:00","Action":"output","Package":"virmill.local/core/internal/ui/tui","Test":"TestTerminalTopLevelTextDoesNotMasqueradeAsControl","Output":"--- PASS: TestTerminalTopLevelTextDoesNotMasqueradeAsControl (0.00s)\n","OutputType":"frame"}
{"Time":"2026-09-08T17:57:39.640501904+03:00","Action":"pass","Package":"virmill.local/core/internal/ui/tui","Test":"TestTerminalTopLevelTextDoesNotMasqueradeAsControl","Elapsed":0}
{"Time":"2026-09-08T17:57:39.640511623+03:00","Action":"run","Package":"virmill.local/core/internal/ui/tui","Test":"TestTerminalExactApprovalDigestAndAcknowledgementsUnchanged"}
{"Time":"2026-09-08T17:57:39.64051322+03:00","Action":"output","Package":"virmill.local/core/internal/ui/tui","Test":"TestTerminalExactApprovalDigestAndAcknowledgementsUnchanged","Output":"=== RUN   TestTerminalExactApprovalDigestAndAcknowledgementsUnchanged\n","OutputType":"frame"}
{"Time":"2026-09-08T17:57:39.640944102+03:00","Action":"output","Package":"virmill.local/core/internal/ui/tui","Test":"TestTerminalExactApprovalDigestAndAcknowledgementsUnchanged","Output":"--- PASS: TestTerminalExactApprovalDigestAndAcknowledgementsUnchanged (0.00s)\n","OutputType":"frame"}
{"Time":"2026-09-08T17:57:39.640953612+03:00","Action":"pass","Package":"virmill.local/core/internal/ui/tui","Test":"TestTerminalExactApprovalDigestAndAcknowledgementsUnchanged","Elapsed":0}
{"Time":"2026-09-08T17:57:39.640963751+03:00","Action":"run","Package":"virmill.local/core/internal/ui/tui","Test":"TestTerminalFormsPreserveInputAcrossResizeAndExposeErrors"}
{"Time":"2026-09-08T17:57:39.640965715+03:00","Action":"output","Package":"virmill.local/core/internal/ui/tui","Test":"TestTerminalFormsPreserveInputAcrossResizeAndExposeErrors","Output":"=== RUN   TestTerminalFormsPreserveInputAcrossResizeAndExposeErrors\n","OutputType":"frame"}
{"Time":"2026-09-08T17:57:39.640984825+03:00","Action":"run","Package":"virmill.local/core/internal/ui/tui","Test":"TestTerminalFormsPreserveInputAcrossResizeAndExposeErrors/0"}
{"Time":"2026-09-08T17:57:39.640986625+03:00","Action":"output","Package":"virmill.local/core/internal/ui/tui","Test":"TestTerminalFormsPreserveInputAcrossResizeAndExposeErrors/0","Output":"=== RUN   TestTerminalFormsPreserveInputAcrossResizeAndExposeErrors/0\n","OutputType":"frame"}
{"Time":"2026-09-08T17:57:39.656205727+03:00","Action":"output","Package":"virmill.local/core/internal/ui/tui","Test":"TestTerminalFormsPreserveInputAcrossResizeAndExposeErrors/0","Output":"--- PASS: TestTerminalFormsPreserveInputAcrossResizeAndExposeErrors/0 (0.02s)\n","OutputType":"frame"}
{"Time":"2026-09-08T17:57:39.656217028+03:00","Action":"pass","Package":"virmill.local/core/internal/ui/tui","Test":"TestTerminalFormsPreserveInputAcrossResizeAndExposeErrors/0","Elapsed":0.02}
{"Time":"2026-09-08T17:57:39.656224405+03:00","Action":"run","Package":"virmill.local/core/internal/ui/tui","Test":"TestTerminalFormsPreserveInputAcrossResizeAndExposeErrors/1"}
{"Time":"2026-09-08T17:57:39.656225656+03:00","Action":"output","Package":"virmill.local/core/internal/ui/tui","Test":"TestTerminalFormsPreserveInputAcrossResizeAndExposeErrors/1","Output":"=== RUN   TestTerminalFormsPreserveInputAcrossResizeAndExposeErrors/1\n","OutputType":"frame"}
{"Time":"2026-09-08T17:57:39.669836201+03:00","Action":"output","Package":"virmill.local/core/internal/ui/tui","Test":"TestTerminalFormsPreserveInputAcrossResizeAndExposeErrors/1","Output":"--- PASS: TestTerminalFormsPreserveInputAcrossResizeAndExposeErrors/1 (0.01s)\n","OutputType":"frame"}
{"Time":"2026-09-08T17:57:39.669848401+03:00","Action":"pass","Package":"virmill.local/core/internal/ui/tui","Test":"TestTerminalFormsPreserveInputAcrossResizeAndExposeErrors/1","Elapsed":0.01}
{"Time":"2026-09-08T17:57:39.669882666+03:00","Action":"output","Package":"virmill.local/core/internal/ui/tui","Test":"TestTerminalFormsPreserveInputAcrossResizeAndExposeErrors","Output":"--- PASS: TestTerminalFormsPreserveInputAcrossResizeAndExposeErrors (0.03s)\n","OutputType":"frame"}
{"Time":"2026-09-08T17:57:39.669889891+03:00","Action":"pass","Package":"virmill.local/core/internal/ui/tui","Test":"TestTerminalFormsPreserveInputAcrossResizeAndExposeErrors","Elapsed":0.03}
{"Time":"2026-09-08T17:57:39.669904228+03:00","Action":"run","Package":"virmill.local/core/internal/ui/tui","Test":"TestTerminalBusyDetachDoesNotCancelOrResubmit"}
{"Time":"2026-09-08T17:57:39.669906243+03:00","Action":"output","Package":"virmill.local/core/internal/ui/tui","Test":"TestTerminalBusyDetachDoesNotCancelOrResubmit","Output":"=== RUN   TestTerminalBusyDetachDoesNotCancelOrResubmit\n","OutputType":"frame"}
{"Time":"2026-09-08T17:57:39.67043625+03:00","Action":"output","Package":"virmill.local/core/internal/ui/tui","Test":"TestTerminalBusyDetachDoesNotCancelOrResubmit","Output":"--- PASS: TestTerminalBusyDetachDoesNotCancelOrResubmit (0.00s)\n","OutputType":"frame"}
{"Time":"2026-09-08T17:57:39.670449899+03:00","Action":"pass","Package":"virmill.local/core/internal/ui/tui","Test":"TestTerminalBusyDetachDoesNotCancelOrResubmit","Elapsed":0}
{"Time":"2026-09-08T17:57:39.670458888+03:00","Action":"run","Package":"virmill.local/core/internal/ui/tui","Test":"TestWorkspaceResourceFirstDefaultAndNativeUUID"}
{"Time":"2026-09-08T17:57:39.670460749+03:00","Action":"output","Package":"virmill.local/core/internal/ui/tui","Test":"TestWorkspaceResourceFirstDefaultAndNativeUUID","Output":"=== RUN   TestWorkspaceResourceFirstDefaultAndNativeUUID\n","OutputType":"frame"}
{"Time":"2026-09-08T17:57:39.671924574+03:00","Action":"output","Package":"virmill.local/core/internal/ui/tui","Test":"TestWorkspaceResourceFirstDefaultAndNativeUUID","Output":"--- PASS: TestWorkspaceResourceFirstDefaultAndNativeUUID (0.00s)\n","OutputType":"frame"}
{"Time":"2026-09-08T17:57:39.671937034+03:00","Action":"pass","Package":"virmill.local/core/internal/ui/tui","Test":"TestWorkspaceResourceFirstDefaultAndNativeUUID","Elapsed":0}
{"Time":"2026-09-08T17:57:39.671950137+03:00","Action":"run","Package":"virmill.local/core/internal/ui/tui","Test":"TestWorkspaceCanceledDetailCannotReopenAndRefreshRetainsIdentity"}
{"Time":"2026-09-08T17:57:39.671951841+03:00","Action":"output","Package":"virmill.local/core/internal/ui/tui","Test":"TestWorkspaceCanceledDetailCannotReopenAndRefreshRetainsIdentity","Output":"=== RUN   TestWorkspaceCanceledDetailCannotReopenAndRefreshRetainsIdentity\n","OutputType":"frame"}
{"Time":"2026-09-08T17:57:39.672871487+03:00","Action":"output","Package":"virmill.local/core/internal/ui/tui","Test":"TestWorkspaceCanceledDetailCannotReopenAndRefreshRetainsIdentity","Output":"--- PASS: TestWorkspaceCanceledDetailCannotReopenAndRefreshRetainsIdentity (0.00s)\n","OutputType":"frame"}
{"Time":"2026-09-08T17:57:39.672884512+03:00","Action":"pass","Package":"virmill.local/core/internal/ui/tui","Test":"TestWorkspaceCanceledDetailCannotReopenAndRefreshRetainsIdentity","Elapsed":0}
{"Time":"2026-09-08T17:57:39.672899398+03:00","Action":"run","Package":"virmill.local/core/internal/ui/tui","Test":"TestWorkspaceApprovalRequiresVisibleExplicitAcknowledgements"}
{"Time":"2026-09-08T17:57:39.672901202+03:00","Action":"output","Package":"virmill.local/core/internal/ui/tui","Test":"TestWorkspaceApprovalRequiresVisibleExplicitAcknowledgements","Output":"=== RUN   TestWorkspaceApprovalRequiresVisibleExplicitAcknowledgements\n","OutputType":"frame"}
{"Time":"2026-09-08T17:57:39.67397807+03:00","Action":"output","Package":"virmill.local/core/internal/ui/tui","Test":"TestWorkspaceApprovalRequiresVisibleExplicitAcknowledgements","Output":"--- PASS: TestWorkspaceApprovalRequiresVisibleExplicitAcknowledgements (0.00s)\n","OutputType":"frame"}
{"Time":"2026-09-08T17:57:39.673991656+03:00","Action":"pass","Package":"virmill.local/core/internal/ui/tui","Test":"TestWorkspaceApprovalRequiresVisibleExplicitAcknowledgements","Elapsed":0}
{"Time":"2026-09-08T17:57:39.674007768+03:00","Action":"run","Package":"virmill.local/core/internal/ui/tui","Test":"TestWorkspaceHelpAndSmallTerminalNeverSubmitHiddenActions"}
{"Time":"2026-09-08T17:57:39.674009556+03:00","Action":"output","Package":"virmill.local/core/internal/ui/tui","Test":"TestWorkspaceHelpAndSmallTerminalNeverSubmitHiddenActions","Output":"=== RUN   TestWorkspaceHelpAndSmallTerminalNeverSubmitHiddenActions\n","OutputType":"frame"}
{"Time":"2026-09-08T17:57:39.674028091+03:00","Action":"run","Package":"virmill.local/core/internal/ui/tui","Test":"TestWorkspaceHelpAndSmallTerminalNeverSubmitHiddenActions/help"}
{"Time":"2026-09-08T17:57:39.674029843+03:00","Action":"output","Package":"virmill.local/core/internal/ui/tui","Test":"TestWorkspaceHelpAndSmallTerminalNeverSubmitHiddenActions/help","Output":"=== RUN   TestWorkspaceHelpAndSmallTerminalNeverSubmitHiddenActions/help\n","OutputType":"frame"}
{"Time":"2026-09-08T17:57:39.675089864+03:00","Action":"output","Package":"virmill.local/core/internal/ui/tui","Test":"TestWorkspaceHelpAndSmallTerminalNeverSubmitHiddenActions/help","Output":"--- PASS: TestWorkspaceHelpAndSmallTerminalNeverSubmitHiddenActions/help (0.00s)\n","OutputType":"frame"}
{"Time":"2026-09-08T17:57:39.675105412+03:00","Action":"pass","Package":"virmill.local/core/internal/ui/tui","Test":"TestWorkspaceHelpAndSmallTerminalNeverSubmitHiddenActions/help","Elapsed":0}
{"Time":"2026-09-08T17:57:39.675116313+03:00","Action":"run","Package":"virmill.local/core/internal/ui/tui","Test":"TestWorkspaceHelpAndSmallTerminalNeverSubmitHiddenActions/small"}
{"Time":"2026-09-08T17:57:39.675118022+03:00","Action":"output","Package":"virmill.local/core/internal/ui/tui","Test":"TestWorkspaceHelpAndSmallTerminalNeverSubmitHiddenActions/small","Output":"=== RUN   TestWorkspaceHelpAndSmallTerminalNeverSubmitHiddenActions/small\n","OutputType":"frame"}
{"Time":"2026-09-08T17:57:39.676184011+03:00","Action":"output","Package":"virmill.local/core/internal/ui/tui","Test":"TestWorkspaceHelpAndSmallTerminalNeverSubmitHiddenActions/small","Output":"--- PASS: TestWorkspaceHelpAndSmallTerminalNeverSubmitHiddenActions/small (0.00s)\n","OutputType":"frame"}
{"Time":"2026-09-08T17:57:39.676197646+03:00","Action":"pass","Package":"virmill.local/core/internal/ui/tui","Test":"TestWorkspaceHelpAndSmallTerminalNeverSubmitHiddenActions/small","Elapsed":0}
{"Time":"2026-09-08T17:57:39.676222879+03:00","Action":"output","Package":"virmill.local/core/internal/ui/tui","Test":"TestWorkspaceHelpAndSmallTerminalNeverSubmitHiddenActions","Output":"--- PASS: TestWorkspaceHelpAndSmallTerminalNeverSubmitHiddenActions (0.00s)\n","OutputType":"frame"}
{"Time":"2026-09-08T17:57:39.676234342+03:00","Action":"pass","Package":"virmill.local/core/internal/ui/tui","Test":"TestWorkspaceHelpAndSmallTerminalNeverSubmitHiddenActions","Elapsed":0}
{"Time":"2026-09-08T17:57:39.676244135+03:00","Action":"run","Package":"virmill.local/core/internal/ui/tui","Test":"TestWorkspaceEveryRegisteredActionIsSelectable"}
{"Time":"2026-09-08T17:57:39.676245916+03:00","Action":"output","Package":"virmill.local/core/internal/ui/tui","Test":"TestWorkspaceEveryRegisteredActionIsSelectable","Output":"=== RUN   TestWorkspaceEveryRegisteredActionIsSelectable\n","OutputType":"frame"}
{"Time":"2026-09-08T17:57:39.706481951+03:00","Action":"output","Package":"virmill.local/core/internal/ui/tui","Test":"TestWorkspaceEveryRegisteredActionIsSelectable","Output":"--- PASS: TestWorkspaceEveryRegisteredActionIsSelectable (0.03s)\n","OutputType":"frame"}
{"Time":"2026-09-08T17:57:39.706504718+03:00","Action":"pass","Package":"virmill.local/core/internal/ui/tui","Test":"TestWorkspaceEveryRegisteredActionIsSelectable","Elapsed":0.03}
{"Time":"2026-09-08T17:57:39.706509765+03:00","Action":"run","Package":"virmill.local/core/internal/ui/tui","Test":"TestWorkspaceBadPlanDigestAndCanceledFormRefuseLateAuthority"}
{"Time":"2026-09-08T17:57:39.706511015+03:00","Action":"output","Package":"virmill.local/core/internal/ui/tui","Test":"TestWorkspaceBadPlanDigestAndCanceledFormRefuseLateAuthority","Output":"=== RUN   TestWorkspaceBadPlanDigestAndCanceledFormRefuseLateAuthority\n","OutputType":"frame"}
{"Time":"2026-09-08T17:57:39.708772039+03:00","Action":"output","Package":"virmill.local/core/internal/ui/tui","Test":"TestWorkspaceBadPlanDigestAndCanceledFormRefuseLateAuthority","Output":"--- PASS: TestWorkspaceBadPlanDigestAndCanceledFormRefuseLateAuthority (0.00s)\n","OutputType":"frame"}
{"Time":"2026-09-08T17:57:39.708789749+03:00","Action":"pass","Package":"virmill.local/core/internal/ui/tui","Test":"TestWorkspaceBadPlanDigestAndCanceledFormRefuseLateAuthority","Elapsed":0}
{"Time":"2026-09-08T17:57:39.708802039+03:00","Action":"run","Package":"virmill.local/core/internal/ui/tui","Test":"TestWorkspaceSearchTextCannotExecuteAndScalarCaptureIDs"}
{"Time":"2026-09-08T17:57:39.708803743+03:00","Action":"output","Package":"virmill.local/core/internal/ui/tui","Test":"TestWorkspaceSearchTextCannotExecuteAndScalarCaptureIDs","Output":"=== RUN   TestWorkspaceSearchTextCannotExecuteAndScalarCaptureIDs\n","OutputType":"frame"}
{"Time":"2026-09-08T17:57:39.709415281+03:00","Action":"output","Package":"virmill.local/core/internal/ui/tui","Test":"TestWorkspaceSearchTextCannotExecuteAndScalarCaptureIDs","Output":"--- PASS: TestWorkspaceSearchTextCannotExecuteAndScalarCaptureIDs (0.00s)\n","OutputType":"frame"}
{"Time":"2026-09-08T17:57:39.709427582+03:00","Action":"pass","Package":"virmill.local/core/internal/ui/tui","Test":"TestWorkspaceSearchTextCannotExecuteAndScalarCaptureIDs","Elapsed":0}
{"Time":"2026-09-08T17:57:39.709430718+03:00","Action":"run","Package":"virmill.local/core/internal/ui/tui","Test":"TestWorkspaceRenderingFitsAndSanitizes"}
{"Time":"2026-09-08T17:57:39.709432325+03:00","Action":"output","Package":"virmill.local/core/internal/ui/tui","Test":"TestWorkspaceRenderingFitsAndSanitizes","Output":"=== RUN   TestWorkspaceRenderingFitsAndSanitizes\n","OutputType":"frame"}
{"Time":"2026-09-08T17:57:39.709538389+03:00","Action":"run","Package":"virmill.local/core/internal/ui/tui","Test":"TestWorkspaceRenderingFitsAndSanitizes/overviewP"}
{"Time":"2026-09-08T17:57:39.709548447+03:00","Action":"output","Package":"virmill.local/core/internal/ui/tui","Test":"TestWorkspaceRenderingFitsAndSanitizes/overviewP","Output":"=== RUN   TestWorkspaceRenderingFitsAndSanitizes/overviewP\n","OutputType":"frame"}
{"Time":"2026-09-08T17:57:39.709791848+03:00","Action":"output","Package":"virmill.local/core/internal/ui/tui","Test":"TestWorkspaceRenderingFitsAndSanitizes/overviewP","Output":"--- PASS: TestWorkspaceRenderingFitsAndSanitizes/overviewP (0.00s)\n","OutputType":"frame"}
{"Time":"2026-09-08T17:57:39.709802879+03:00","Action":"pass","Package":"virmill.local/core/internal/ui/tui","Test":"TestWorkspaceRenderingFitsAndSanitizes/overviewP","Elapsed":0}
{"Time":"2026-09-08T17:57:39.709807251+03:00","Action":"run","Package":"virmill.local/core/internal/ui/tui","Test":"TestWorkspaceRenderingFitsAndSanitizes/detailsP"}
{"Time":"2026-09-08T17:57:39.709809769+03:00","Action":"output","Package":"virmill.local/core/internal/ui/tui","Test":"TestWorkspaceRenderingFitsAndSanitizes/detailsP","Output":"=== RUN   TestWorkspaceRenderingFitsAndSanitizes/detailsP\n","OutputType":"frame"}
{"Time":"2026-09-08T17:57:39.710623056+03:00","Action":"output","Package":"virmill.local/core/internal/ui/tui","Test":"TestWorkspaceRenderingFitsAndSanitizes/detailsP","Output":"--- PASS: TestWorkspaceRenderingFitsAndSanitizes/detailsP (0.00s)\n","OutputType":"frame"}
{"Time":"2026-09-08T17:57:39.710632072+03:00","Action":"pass","Package":"virmill.local/core/internal/ui/tui","Test":"TestWorkspaceRenderingFitsAndSanitizes/detailsP","Elapsed":0}
{"Time":"2026-09-08T17:57:39.710642195+03:00","Action":"run","Package":"virmill.local/core/internal/ui/tui","Test":"TestWorkspaceRenderingFitsAndSanitizes/catalogP"}
{"Time":"2026-09-08T17:57:39.710643793+03:00","Action":"output","Package":"virmill.local/core/internal/ui/tui","Test":"TestWorkspaceRenderingFitsAndSanitizes/catalogP","Output":"=== RUN   TestWorkspaceRenderingFitsAndSanitizes/catalogP\n","OutputType":"frame"}
{"Time":"2026-09-08T17:57:39.711168749+03:00","Action":"output","Package":"virmill.local/core/internal/ui/tui","Test":"TestWorkspaceRenderingFitsAndSanitizes/catalogP","Output":"--- PASS: TestWorkspaceRenderingFitsAndSanitizes/catalogP (0.00s)\n","OutputType":"frame"}
{"Time":"2026-09-08T17:57:39.711178493+03:00","Action":"pass","Package":"virmill.local/core/internal/ui/tui","Test":"TestWorkspaceRenderingFitsAndSanitizes/catalogP","Elapsed":0}
{"Time":"2026-09-08T17:57:39.711186816+03:00","Action":"run","Package":"virmill.local/core/internal/ui/tui","Test":"TestWorkspaceRenderingFitsAndSanitizes/planP"}
{"Time":"2026-09-08T17:57:39.711188716+03:00","Action":"output","Package":"virmill.local/core/internal/ui/tui","Test":"TestWorkspaceRenderingFitsAndSanitizes/planP","Output":"=== RUN   TestWorkspaceRenderingFitsAndSanitizes/planP\n","OutputType":"frame"}
{"Time":"2026-09-08T17:57:39.712440597+03:00","Action":"output","Package":"virmill.local/core/internal/ui/tui","Test":"TestWorkspaceRenderingFitsAndSanitizes/planP","Output":"--- PASS: TestWorkspaceRenderingFitsAndSanitizes/planP (0.00s)\n","OutputType":"frame"}
{"Time":"2026-09-08T17:57:39.712451858+03:00","Action":"pass","Package":"virmill.local/core/internal/ui/tui","Test":"TestWorkspaceRenderingFitsAndSanitizes/planP","Elapsed":0}
{"Time":"2026-09-08T17:57:39.712466157+03:00","Action":"run","Package":"virmill.local/core/internal/ui/tui","Test":"TestWorkspaceRenderingFitsAndSanitizes/approvalP"}
{"Time":"2026-09-08T17:57:39.712467665+03:00","Action":"output","Package":"virmill.local/core/internal/ui/tui","Test":"TestWorkspaceRenderingFitsAndSanitizes/approvalP","Output":"=== RUN   TestWorkspaceRenderingFitsAndSanitizes/approvalP\n","OutputType":"frame"}
{"Time":"2026-09-08T17:57:39.713221726+03:00","Action":"output","Package":"virmill.local/core/internal/ui/tui","Test":"TestWorkspaceRenderingFitsAndSanitizes/approvalP","Output":"--- PASS: TestWorkspaceRenderingFitsAndSanitizes/approvalP (0.00s)\n","OutputType":"frame"}
{"Time":"2026-09-08T17:57:39.713231013+03:00","Action":"pass","Package":"virmill.local/core/internal/ui/tui","Test":"TestWorkspaceRenderingFitsAndSanitizes/approvalP","Elapsed":0}
{"Time":"2026-09-08T17:57:39.713508832+03:00","Action":"run","Package":"virmill.local/core/internal/ui/tui","Test":"TestWorkspaceRenderingFitsAndSanitizes/overviewx"}
{"Time":"2026-09-08T17:57:39.713511561+03:00","Action":"output","Package":"virmill.local/core/internal/ui/tui","Test":"TestWorkspaceRenderingFitsAndSanitizes/overviewx","Output":"=== RUN   TestWorkspaceRenderingFitsAndSanitizes/overviewx\n","OutputType":"frame"}
{"Time":"2026-09-08T17:57:39.713785801+03:00","Action":"output","Package":"virmill.local/core/internal/ui/tui","Test":"TestWorkspaceRenderingFitsAndSanitizes/overviewx","Output":"--- PASS: TestWorkspaceRenderingFitsAndSanitizes/overviewx (0.00s)\n","OutputType":"frame"}
{"Time":"2026-09-08T17:57:39.713789522+03:00","Action":"pass","Package":"virmill.local/core/internal/ui/tui","Test":"TestWorkspaceRenderingFitsAndSanitizes/overviewx","Elapsed":0}
{"Time":"2026-09-08T17:57:39.713803443+03:00","Action":"run","Package":"virmill.local/core/internal/ui/tui","Test":"TestWorkspaceRenderingFitsAndSanitizes/detailsx"}
{"Time":"2026-09-08T17:57:39.713805355+03:00","Action":"output","Package":"virmill.local/core/internal/ui/tui","Test":"TestWorkspaceRenderingFitsAndSanitizes/detailsx","Output":"=== RUN   TestWorkspaceRenderingFitsAndSanitizes/detailsx\n","OutputType":"frame"}
{"Time":"2026-09-08T17:57:39.714697576+03:00","Action":"output","Package":"virmill.local/core/internal/ui/tui","Test":"TestWorkspaceRenderingFitsAndSanitizes/detailsx","Output":"--- PASS: TestWorkspaceRenderingFitsAndSanitizes/detailsx (0.00s)\n","OutputType":"frame"}
{"Time":"2026-09-08T17:57:39.714711972+03:00","Action":"pass","Package":"virmill.local/core/internal/ui/tui","Test":"TestWorkspaceRenderingFitsAndSanitizes/detailsx","Elapsed":0}
{"Time":"2026-09-08T17:57:39.714721109+03:00","Action":"run","Package":"virmill.local/core/internal/ui/tui","Test":"TestWorkspaceRenderingFitsAndSanitizes/catalogx"}
{"Time":"2026-09-08T17:57:39.714723191+03:00","Action":"output","Package":"virmill.local/core/internal/ui/tui","Test":"TestWorkspaceRenderingFitsAndSanitizes/catalogx","Output":"=== RUN   TestWorkspaceRenderingFitsAndSanitizes/catalogx\n","OutputType":"frame"}
{"Time":"2026-09-08T17:57:39.715362385+03:00","Action":"output","Package":"virmill.local/core/internal/ui/tui","Test":"TestWorkspaceRenderingFitsAndSanitizes/catalogx","Output":"--- PASS: TestWorkspaceRenderingFitsAndSanitizes/catalogx (0.00s)\n","OutputType":"frame"}
{"Time":"2026-09-08T17:57:39.715378547+03:00","Action":"pass","Package":"virmill.local/core/internal/ui/tui","Test":"TestWorkspaceRenderingFitsAndSanitizes/catalogx","Elapsed":0}
{"Time":"2026-09-08T17:57:39.715388195+03:00","Action":"run","Package":"virmill.local/core/internal/ui/tui","Test":"TestWorkspaceRenderingFitsAndSanitizes/planx"}
{"Time":"2026-09-08T17:57:39.715390301+03:00","Action":"output","Package":"virmill.local/core/internal/ui/tui","Test":"TestWorkspaceRenderingFitsAndSanitizes/planx","Output":"=== RUN   TestWorkspaceRenderingFitsAndSanitizes/planx\n","OutputType":"frame"}
{"Time":"2026-09-08T17:57:39.716773982+03:00","Action":"output","Package":"virmill.local/core/internal/ui/tui","Test":"TestWorkspaceRenderingFitsAndSanitizes/planx","Output":"--- PASS: TestWorkspaceRenderingFitsAndSanitizes/planx (0.00s)\n","OutputType":"frame"}
{"Time":"2026-09-08T17:57:39.716788659+03:00","Action":"pass","Package":"virmill.local/core/internal/ui/tui","Test":"TestWorkspaceRenderingFitsAndSanitizes/planx","Elapsed":0}
{"Time":"2026-09-08T17:57:39.716799297+03:00","Action":"run","Package":"virmill.local/core/internal/ui/tui","Test":"TestWorkspaceRenderingFitsAndSanitizes/approvalx"}
{"Time":"2026-09-08T17:57:39.716801475+03:00","Action":"output","Package":"virmill.local/core/internal/ui/tui","Test":"TestWorkspaceRenderingFitsAndSanitizes/approvalx","Output":"=== RUN   TestWorkspaceRenderingFitsAndSanitizes/approvalx\n","OutputType":"frame"}
{"Time":"2026-09-08T17:57:39.717657259+03:00","Action":"output","Package":"virmill.local/core/internal/ui/tui","Test":"TestWorkspaceRenderingFitsAndSanitizes/approvalx","Output":"--- PASS: TestWorkspaceRenderingFitsAndSanitizes/approvalx (0.00s)\n","OutputType":"frame"}
{"Time":"2026-09-08T17:57:39.717671492+03:00","Action":"pass","Package":"virmill.local/core/internal/ui/tui","Test":"TestWorkspaceRenderingFitsAndSanitizes/approvalx","Elapsed":0}
{"Time":"2026-09-08T17:57:39.71795797+03:00","Action":"run","Package":"virmill.local/core/internal/ui/tui","Test":"TestWorkspaceRenderingFitsAndSanitizes/overview\u003c"}
{"Time":"2026-09-08T17:57:39.717960289+03:00","Action":"output","Package":"virmill.local/core/internal/ui/tui","Test":"TestWorkspaceRenderingFitsAndSanitizes/overview\u003c","Output":"=== RUN   TestWorkspaceRenderingFitsAndSanitizes/overview\u003c\n","OutputType":"frame"}
{"Time":"2026-09-08T17:57:39.71822045+03:00","Action":"output","Package":"virmill.local/core/internal/ui/tui","Test":"TestWorkspaceRenderingFitsAndSanitizes/overview\u003c","Output":"--- PASS: TestWorkspaceRenderingFitsAndSanitizes/overview\u003c (0.00s)\n","OutputType":"frame"}
{"Time":"2026-09-08T17:57:39.718229757+03:00","Action":"pass","Package":"virmill.local/core/internal/ui/tui","Test":"TestWorkspaceRenderingFitsAndSanitizes/overview\u003c","Elapsed":0}
{"Time":"2026-09-08T17:57:39.718242901+03:00","Action":"run","Package":"virmill.local/core/internal/ui/tui","Test":"TestWorkspaceRenderingFitsAndSanitizes/details\u003c"}
{"Time":"2026-09-08T17:57:39.71824566+03:00","Action":"output","Package":"virmill.local/core/internal/ui/tui","Test":"TestWorkspaceRenderingFitsAndSanitizes/details\u003c","Output":"=== RUN   TestWorkspaceRenderingFitsAndSanitizes/details\u003c\n","OutputType":"frame"}
{"Time":"2026-09-08T17:57:39.719188291+03:00","Action":"output","Package":"virmill.local/core/internal/ui/tui","Test":"TestWorkspaceRenderingFitsAndSanitizes/details\u003c","Output":"--- PASS: TestWorkspaceRenderingFitsAndSanitizes/details\u003c (0.00s)\n","OutputType":"frame"}
{"Time":"2026-09-08T17:57:39.719199195+03:00","Action":"pass","Package":"virmill.local/core/internal/ui/tui","Test":"TestWorkspaceRenderingFitsAndSanitizes/details\u003c","Elapsed":0}
{"Time":"2026-09-08T17:57:39.719211911+03:00","Action":"run","Package":"virmill.local/core/internal/ui/tui","Test":"TestWorkspaceRenderingFitsAndSanitizes/catalog\u003c"}
{"Time":"2026-09-08T17:57:39.719213941+03:00","Action":"output","Package":"virmill.local/core/internal/ui/tui","Test":"TestWorkspaceRenderingFitsAndSanitizes/catalog\u003c","Output":"=== RUN   TestWorkspaceRenderingFitsAndSanitizes/catalog\u003c\n","OutputType":"frame"}
{"Time":"2026-09-08T17:57:39.719858596+03:00","Action":"output","Package":"virmill.local/core/internal/ui/tui","Test":"TestWorkspaceRenderingFitsAndSanitizes/catalog\u003c","Output":"--- PASS: TestWorkspaceRenderingFitsAndSanitizes/catalog\u003c (0.00s)\n","OutputType":"frame"}
{"Time":"2026-09-08T17:57:39.719867106+03:00","Action":"pass","Package":"virmill.local/core/internal/ui/tui","Test":"TestWorkspaceRenderingFitsAndSanitizes/catalog\u003c","Elapsed":0}
{"Time":"2026-09-08T17:57:39.719878895+03:00","Action":"run","Package":"virmill.local/core/internal/ui/tui","Test":"TestWorkspaceRenderingFitsAndSanitizes/plan\u003c"}
{"Time":"2026-09-08T17:57:39.719880933+03:00","Action":"output","Package":"virmill.local/core/internal/ui/tui","Test":"TestWorkspaceRenderingFitsAndSanitizes/plan\u003c","Output":"=== RUN   TestWorkspaceRenderingFitsAndSanitizes/plan\u003c\n","OutputType":"frame"}
{"Time":"2026-09-08T17:57:39.721798783+03:00","Action":"output","Package":"virmill.local/core/internal/ui/tui","Test":"TestWorkspaceRenderingFitsAndSanitizes/plan\u003c","Output":"--- PASS: TestWorkspaceRenderingFitsAndSanitizes/plan\u003c (0.00s)\n","OutputType":"frame"}
{"Time":"2026-09-08T17:57:39.721811382+03:00","Action":"pass","Package":"virmill.local/core/internal/ui/tui","Test":"TestWorkspaceRenderingFitsAndSanitizes/plan\u003c","Elapsed":0}
{"Time":"2026-09-08T17:57:39.721814387+03:00","Action":"run","Package":"virmill.local/core/internal/ui/tui","Test":"TestWorkspaceRenderingFitsAndSanitizes/approval\u003c"}
{"Time":"2026-09-08T17:57:39.721816329+03:00","Action":"output","Package":"virmill.local/core/internal/ui/tui","Test":"TestWorkspaceRenderingFitsAndSanitizes/approval\u003c","Output":"=== RUN   TestWorkspaceRenderingFitsAndSanitizes/approval\u003c\n","OutputType":"frame"}
{"Time":"2026-09-08T17:57:39.722548403+03:00","Action":"output","Package":"virmill.local/core/internal/ui/tui","Test":"TestWorkspaceRenderingFitsAndSanitizes/approval\u003c","Output":"--- PASS: TestWorkspaceRenderingFitsAndSanitizes/approval\u003c (0.00s)\n","OutputType":"frame"}
{"Time":"2026-09-08T17:57:39.722556413+03:00","Action":"pass","Package":"virmill.local/core/internal/ui/tui","Test":"TestWorkspaceRenderingFitsAndSanitizes/approval\u003c","Elapsed":0}
{"Time":"2026-09-08T17:57:39.722804491+03:00","Action":"run","Package":"virmill.local/core/internal/ui/tui","Test":"TestWorkspaceRenderingFitsAndSanitizes/overview("}
{"Time":"2026-09-08T17:57:39.722807341+03:00","Action":"output","Package":"virmill.local/core/internal/ui/tui","Test":"TestWorkspaceRenderingFitsAndSanitizes/overview(","Output":"=== RUN   TestWorkspaceRenderingFitsAndSanitizes/overview(\n","OutputType":"frame"}
{"Time":"2026-09-08T17:57:39.722858501+03:00","Action":"output","Package":"virmill.local/core/internal/ui/tui","Test":"TestWorkspaceRenderingFitsAndSanitizes/overview(","Output":"--- PASS: TestWorkspaceRenderingFitsAndSanitizes/overview( (0.00s)\n","OutputType":"frame"}
{"Time":"2026-09-08T17:57:39.722863774+03:00","Action":"pass","Package":"virmill.local/core/internal/ui/tui","Test":"TestWorkspaceRenderingFitsAndSanitizes/overview(","Elapsed":0}
{"Time":"2026-09-08T17:57:39.722874013+03:00","Action":"run","Package":"virmill.local/core/internal/ui/tui","Test":"TestWorkspaceRenderingFitsAndSanitizes/details("}
{"Time":"2026-09-08T17:57:39.722875819+03:00","Action":"output","Package":"virmill.local/core/internal/ui/tui","Test":"TestWorkspaceRenderingFitsAndSanitizes/details(","Output":"=== RUN   TestWorkspaceRenderingFitsAndSanitizes/details(\n","OutputType":"frame"}
{"Time":"2026-09-08T17:57:39.723041389+03:00","Action":"output","Package":"virmill.local/core/internal/ui/tui","Test":"TestWorkspaceRenderingFitsAndSanitizes/details(","Output":"--- PASS: TestWorkspaceRenderingFitsAndSanitizes/details( (0.00s)\n","OutputType":"frame"}
{"Time":"2026-09-08T17:57:39.723050062+03:00","Action":"pass","Package":"virmill.local/core/internal/ui/tui","Test":"TestWorkspaceRenderingFitsAndSanitizes/details(","Elapsed":0}
{"Time":"2026-09-08T17:57:39.723059495+03:00","Action":"run","Package":"virmill.local/core/internal/ui/tui","Test":"TestWorkspaceRenderingFitsAndSanitizes/catalog("}
{"Time":"2026-09-08T17:57:39.723061416+03:00","Action":"output","Package":"virmill.local/core/internal/ui/tui","Test":"TestWorkspaceRenderingFitsAndSanitizes/catalog(","Output":"=== RUN   TestWorkspaceRenderingFitsAndSanitizes/catalog(\n","OutputType":"frame"}
{"Time":"2026-09-08T17:57:39.723105775+03:00","Action":"output","Package":"virmill.local/core/internal/ui/tui","Test":"TestWorkspaceRenderingFitsAndSanitizes/catalog(","Output":"--- PASS: TestWorkspaceRenderingFitsAndSanitizes/catalog( (0.00s)\n","OutputType":"frame"}
{"Time":"2026-09-08T17:57:39.723115552+03:00","Action":"pass","Package":"virmill.local/core/internal/ui/tui","Test":"TestWorkspaceRenderingFitsAndSanitizes/catalog(","Elapsed":0}
{"Time":"2026-09-08T17:57:39.723120527+03:00","Action":"run","Package":"virmill.local/core/internal/ui/tui","Test":"TestWorkspaceRenderingFitsAndSanitizes/plan("}
{"Time":"2026-09-08T17:57:39.723121661+03:00","Action":"output","Package":"virmill.local/core/internal/ui/tui","Test":"TestWorkspaceRenderingFitsAndSanitizes/plan(","Output":"=== RUN   TestWorkspaceRenderingFitsAndSanitizes/plan(\n","OutputType":"frame"}
{"Time":"2026-09-08T17:57:39.723736082+03:00","Action":"output","Package":"virmill.local/core/internal/ui/tui","Test":"TestWorkspaceRenderingFitsAndSanitizes/plan(","Output":"--- PASS: TestWorkspaceRenderingFitsAndSanitizes/plan( (0.00s)\n","OutputType":"frame"}
{"Time":"2026-09-08T17:57:39.723745855+03:00","Action":"pass","Package":"virmill.local/core/internal/ui/tui","Test":"TestWorkspaceRenderingFitsAndSanitizes/plan(","Elapsed":0}
{"Time":"2026-09-08T17:57:39.723755252+03:00","Action":"run","Package":"virmill.local/core/internal/ui/tui","Test":"TestWorkspaceRenderingFitsAndSanitizes/approval("}
{"Time":"2026-09-08T17:57:39.723757007+03:00","Action":"output","Package":"virmill.local/core/internal/ui/tui","Test":"TestWorkspaceRenderingFitsAndSanitizes/approval(","Output":"=== RUN   TestWorkspaceRenderingFitsAndSanitizes/approval(\n","OutputType":"frame"}
{"Time":"2026-09-08T17:57:39.724366582+03:00","Action":"output","Package":"virmill.local/core/internal/ui/tui","Test":"TestWorkspaceRenderingFitsAndSanitizes/approval(","Output":"--- PASS: TestWorkspaceRenderingFitsAndSanitizes/approval( (0.00s)\n","OutputType":"frame"}
{"Time":"2026-09-08T17:57:39.724376454+03:00","Action":"pass","Package":"virmill.local/core/internal/ui/tui","Test":"TestWorkspaceRenderingFitsAndSanitizes/approval(","Elapsed":0}
{"Time":"2026-09-08T17:57:39.724392261+03:00","Action":"output","Package":"virmill.local/core/internal/ui/tui","Test":"TestWorkspaceRenderingFitsAndSanitizes","Output":"--- PASS: TestWorkspaceRenderingFitsAndSanitizes (0.02s)\n","OutputType":"frame"}
{"Time":"2026-09-08T17:57:39.724399178+03:00","Action":"pass","Package":"virmill.local/core/internal/ui/tui","Test":"TestWorkspaceRenderingFitsAndSanitizes","Elapsed":0.02}
{"Time":"2026-09-08T17:57:39.724409031+03:00","Action":"run","Package":"virmill.local/core/internal/ui/tui","Test":"TestWorkspaceRenderFixtures"}
{"Time":"2026-09-08T17:57:39.724410927+03:00","Action":"output","Package":"virmill.local/core/internal/ui/tui","Test":"TestWorkspaceRenderFixtures","Output":"=== RUN   TestWorkspaceRenderFixtures\n","OutputType":"frame"}
{"Time":"2026-09-08T17:57:39.724435276+03:00","Action":"output","Package":"virmill.local/core/internal/ui/tui","Test":"TestWorkspaceRenderFixtures","Output":"--- PASS: TestWorkspaceRenderFixtures (0.00s)\n","OutputType":"frame"}
{"Time":"2026-09-08T17:57:39.724439769+03:00","Action":"pass","Package":"virmill.local/core/internal/ui/tui","Test":"TestWorkspaceRenderFixtures","Elapsed":0}
{"Time":"2026-09-08T17:57:39.724449778+03:00","Action":"run","Package":"virmill.local/core/internal/ui/tui","Test":"TestWorkspaceActionButtonsAreKeyboardSelectable"}
{"Time":"2026-09-08T17:57:39.724451808+03:00","Action":"output","Package":"virmill.local/core/internal/ui/tui","Test":"TestWorkspaceActionButtonsAreKeyboardSelectable","Output":"=== RUN   TestWorkspaceActionButtonsAreKeyboardSelectable\n","OutputType":"frame"}
{"Time":"2026-09-08T17:57:39.725705657+03:00","Action":"output","Package":"virmill.local/core/internal/ui/tui","Test":"TestWorkspaceActionButtonsAreKeyboardSelectable","Output":"--- PASS: TestWorkspaceActionButtonsAreKeyboardSelectable (0.00s)\n","OutputType":"frame"}
{"Time":"2026-09-08T17:57:39.725714651+03:00","Action":"pass","Package":"virmill.local/core/internal/ui/tui","Test":"TestWorkspaceActionButtonsAreKeyboardSelectable","Elapsed":0}
{"Time":"2026-09-08T17:57:39.725730536+03:00","Action":"output","Package":"virmill.local/core/internal/ui/tui","Output":"PASS\n","OutputType":"frame"}
{"Time":"2026-09-08T17:57:40.731905533+03:00","Action":"output","Package":"virmill.local/core/internal/ui/tui","Output":"ok  \tvirmill.local/core/internal/ui/tui\t4.944s\n"}
{"Time":"2026-09-08T17:57:40.74003806+03:00","Action":"pass","Package":"virmill.local/core/internal/ui/tui","Elapsed":4.954}
