{"Time":"2026-09-08T17:32:51.618052963+03:00","Action":"start","Package":"virmill.local/core/internal/ui/tui"}
{"Time":"2026-09-08T17:32:51.618229341+03:00","Action":"start","Package":"virmill.local/core/internal/ui/cli"}
{"Time":"2026-09-08T17:32:51.650253139+03:00","Action":"run","Package":"virmill.local/core/internal/ui/tui","Test":"TestActionFormParameterReaderRefusesSpecialLinksAndDirectory"}
{"Time":"2026-09-08T17:32:51.650308356+03:00","Action":"output","Package":"virmill.local/core/internal/ui/tui","Test":"TestActionFormParameterReaderRefusesSpecialLinksAndDirectory","Output":"=== RUN   TestActionFormParameterReaderRefusesSpecialLinksAndDirectory\n","OutputType":"frame"}
{"Time":"2026-09-08T17:32:51.651005754+03:00","Action":"output","Package":"virmill.local/core/internal/ui/tui","Test":"TestActionFormParameterReaderRefusesSpecialLinksAndDirectory","Output":"--- PASS: TestActionFormParameterReaderRefusesSpecialLinksAndDirectory (0.00s)\n","OutputType":"frame"}
{"Time":"2026-09-08T17:32:51.651026053+03:00","Action":"pass","Package":"virmill.local/core/internal/ui/tui","Test":"TestActionFormParameterReaderRefusesSpecialLinksAndDirectory","Elapsed":0}
{"Time":"2026-09-08T17:32:51.651040088+03:00","Action":"run","Package":"virmill.local/core/internal/ui/tui","Test":"TestActionFormEveryRegisteredActionMapsExactRequest"}
{"Time":"2026-09-08T17:32:51.651043433+03:00","Action":"output","Package":"virmill.local/core/internal/ui/tui","Test":"TestActionFormEveryRegisteredActionMapsExactRequest","Output":"=== RUN   TestActionFormEveryRegisteredActionMapsExactRequest\n","OutputType":"frame"}
{"Time":"2026-09-08T17:32:51.651089429+03:00","Action":"run","Package":"virmill.local/core/internal/ui/tui","Test":"TestActionFormEveryRegisteredActionMapsExactRequest/plugin_call"}
{"Time":"2026-09-08T17:32:51.651093654+03:00","Action":"output","Package":"virmill.local/core/internal/ui/tui","Test":"TestActionFormEveryRegisteredActionMapsExactRequest/plugin_call","Output":"=== RUN   TestActionFormEveryRegisteredActionMapsExactRequest/plugin_call\n","OutputType":"frame"}
{"Time":"2026-09-08T17:32:51.652595651+03:00","Action":"output","Package":"virmill.local/core/internal/ui/tui","Test":"TestActionFormEveryRegisteredActionMapsExactRequest/plugin_call","Output":"--- PASS: TestActionFormEveryRegisteredActionMapsExactRequest/plugin_call (0.00s)\n","OutputType":"frame"}
{"Time":"2026-09-08T17:32:51.652644682+03:00","Action":"pass","Package":"virmill.local/core/internal/ui/tui","Test":"TestActionFormEveryRegisteredActionMapsExactRequest/plugin_call","Elapsed":0}
{"Time":"2026-09-08T17:32:51.65265936+03:00","Action":"run","Package":"virmill.local/core/internal/ui/tui","Test":"TestActionFormEveryRegisteredActionMapsExactRequest/plugin_result"}
{"Time":"2026-09-08T17:32:51.652661381+03:00","Action":"output","Package":"virmill.local/core/internal/ui/tui","Test":"TestActionFormEveryRegisteredActionMapsExactRequest/plugin_result","Output":"=== RUN   TestActionFormEveryRegisteredActionMapsExactRequest/plugin_result\n","OutputType":"frame"}
{"Time":"2026-09-08T17:32:51.65289666+03:00","Action":"output","Package":"virmill.local/core/internal/ui/tui","Test":"TestActionFormEveryRegisteredActionMapsExactRequest/plugin_result","Output":"--- PASS: TestActionFormEveryRegisteredActionMapsExactRequest/plugin_result (0.00s)\n","OutputType":"frame"}
{"Time":"2026-09-08T17:32:51.652902223+03:00","Action":"pass","Package":"virmill.local/core/internal/ui/tui","Test":"TestActionFormEveryRegisteredActionMapsExactRequest/plugin_result","Elapsed":0}
{"Time":"2026-09-08T17:32:51.652915258+03:00","Action":"run","Package":"virmill.local/core/internal/ui/tui","Test":"TestActionFormEveryRegisteredActionMapsExactRequest/plugin_new"}
{"Time":"2026-09-08T17:32:51.652917362+03:00","Action":"output","Package":"virmill.local/core/internal/ui/tui","Test":"TestActionFormEveryRegisteredActionMapsExactRequest/plugin_new","Output":"=== RUN   TestActionFormEveryRegisteredActionMapsExactRequest/plugin_new\n","OutputType":"frame"}
{"Time":"2026-09-08T17:32:51.653809477+03:00","Action":"output","Package":"virmill.local/core/internal/ui/tui","Test":"TestActionFormEveryRegisteredActionMapsExactRequest/plugin_new","Output":"--- PASS: TestActionFormEveryRegisteredActionMapsExactRequest/plugin_new (0.00s)\n","OutputType":"frame"}
{"Time":"2026-09-08T17:32:51.653820064+03:00","Action":"pass","Package":"virmill.local/core/internal/ui/tui","Test":"TestActionFormEveryRegisteredActionMapsExactRequest/plugin_new","Elapsed":0}
{"Time":"2026-09-08T17:32:51.653832043+03:00","Action":"run","Package":"virmill.local/core/internal/ui/tui","Test":"TestActionFormEveryRegisteredActionMapsExactRequest/plugin_pack"}
{"Time":"2026-09-08T17:32:51.653834223+03:00","Action":"output","Package":"virmill.local/core/internal/ui/tui","Test":"TestActionFormEveryRegisteredActionMapsExactRequest/plugin_pack","Output":"=== RUN   TestActionFormEveryRegisteredActionMapsExactRequest/plugin_pack\n","OutputType":"frame"}
{"Time":"2026-09-08T17:32:51.654656579+03:00","Action":"output","Package":"virmill.local/core/internal/ui/tui","Test":"TestActionFormEveryRegisteredActionMapsExactRequest/plugin_pack","Output":"--- PASS: TestActionFormEveryRegisteredActionMapsExactRequest/plugin_pack (0.00s)\n","OutputType":"frame"}
{"Time":"2026-09-08T17:32:51.654667339+03:00","Action":"pass","Package":"virmill.local/core/internal/ui/tui","Test":"TestActionFormEveryRegisteredActionMapsExactRequest/plugin_pack","Elapsed":0}
{"Time":"2026-09-08T17:32:51.654685207+03:00","Action":"run","Package":"virmill.local/core/internal/ui/tui","Test":"TestActionFormEveryRegisteredActionMapsExactRequest/plugin_list"}
{"Time":"2026-09-08T17:32:51.654687434+03:00","Action":"output","Package":"virmill.local/core/internal/ui/tui","Test":"TestActionFormEveryRegisteredActionMapsExactRequest/plugin_list","Output":"=== RUN   TestActionFormEveryRegisteredActionMapsExactRequest/plugin_list\n","OutputType":"frame"}
{"Time":"2026-09-08T17:32:51.654879878+03:00","Action":"output","Package":"virmill.local/core/internal/ui/tui","Test":"TestActionFormEveryRegisteredActionMapsExactRequest/plugin_list","Output":"--- PASS: TestActionFormEveryRegisteredActionMapsExactRequest/plugin_list (0.00s)\n","OutputType":"frame"}
{"Time":"2026-09-08T17:32:51.65488662+03:00","Action":"pass","Package":"virmill.local/core/internal/ui/tui","Test":"TestActionFormEveryRegisteredActionMapsExactRequest/plugin_list","Elapsed":0}
{"Time":"2026-09-08T17:32:51.654901333+03:00","Action":"run","Package":"virmill.local/core/internal/ui/tui","Test":"TestActionFormEveryRegisteredActionMapsExactRequest/plugin_show"}
{"Time":"2026-09-08T17:32:51.654903661+03:00","Action":"output","Package":"virmill.local/core/internal/ui/tui","Test":"TestActionFormEveryRegisteredActionMapsExactRequest/plugin_show","Output":"=== RUN   TestActionFormEveryRegisteredActionMapsExactRequest/plugin_show\n","OutputType":"frame"}
{"Time":"2026-09-08T17:32:51.654920993+03:00","Action":"run","Package":"virmill.local/core/internal/ui/cli","Test":"TestAuxiliaryCLIMachineOutputPreservesSharedReadOnlyObservation"}
{"Time":"2026-09-08T17:32:51.654930451+03:00","Action":"output","Package":"virmill.local/core/internal/ui/cli","Test":"TestAuxiliaryCLIMachineOutputPreservesSharedReadOnlyObservation","Output":"=== RUN   TestAuxiliaryCLIMachineOutputPreservesSharedReadOnlyObservation\n","OutputType":"frame"}
{"Time":"2026-09-08T17:32:51.655082931+03:00","Action":"output","Package":"virmill.local/core/internal/ui/tui","Test":"TestActionFormEveryRegisteredActionMapsExactRequest/plugin_show","Output":"--- PASS: TestActionFormEveryRegisteredActionMapsExactRequest/plugin_show (0.00s)\n","OutputType":"frame"}
{"Time":"2026-09-08T17:32:51.655091435+03:00","Action":"pass","Package":"virmill.local/core/internal/ui/tui","Test":"TestActionFormEveryRegisteredActionMapsExactRequest/plugin_show","Elapsed":0}
{"Time":"2026-09-08T17:32:51.655103714+03:00","Action":"run","Package":"virmill.local/core/internal/ui/tui","Test":"TestActionFormEveryRegisteredActionMapsExactRequest/plugin_install"}
{"Time":"2026-09-08T17:32:51.655106057+03:00","Action":"output","Package":"virmill.local/core/internal/ui/tui","Test":"TestActionFormEveryRegisteredActionMapsExactRequest/plugin_install","Output":"=== RUN   TestActionFormEveryRegisteredActionMapsExactRequest/plugin_install\n","OutputType":"frame"}
{"Time":"2026-09-08T17:32:51.65547509+03:00","Action":"run","Package":"virmill.local/core/internal/ui/cli","Test":"TestAuxiliaryCLIMachineOutputPreservesSharedReadOnlyObservation/json"}
{"Time":"2026-09-08T17:32:51.655478455+03:00","Action":"output","Package":"virmill.local/core/internal/ui/cli","Test":"TestAuxiliaryCLIMachineOutputPreservesSharedReadOnlyObservation/json","Output":"=== RUN   TestAuxiliaryCLIMachineOutputPreservesSharedReadOnlyObservation/json\n","OutputType":"frame"}
{"Time":"2026-09-08T17:32:51.656004675+03:00","Action":"output","Package":"virmill.local/core/internal/ui/tui","Test":"TestActionFormEveryRegisteredActionMapsExactRequest/plugin_install","Output":"--- PASS: TestActionFormEveryRegisteredActionMapsExactRequest/plugin_install (0.00s)\n","OutputType":"frame"}
{"Time":"2026-09-08T17:32:51.656020603+03:00","Action":"pass","Package":"virmill.local/core/internal/ui/tui","Test":"TestActionFormEveryRegisteredActionMapsExactRequest/plugin_install","Elapsed":0}
{"Time":"2026-09-08T17:32:51.656033743+03:00","Action":"run","Package":"virmill.local/core/internal/ui/tui","Test":"TestActionFormEveryRegisteredActionMapsExactRequest/plugin_update"}
{"Time":"2026-09-08T17:32:51.65603618+03:00","Action":"output","Package":"virmill.local/core/internal/ui/tui","Test":"TestActionFormEveryRegisteredActionMapsExactRequest/plugin_update","Output":"=== RUN   TestActionFormEveryRegisteredActionMapsExactRequest/plugin_update\n","OutputType":"frame"}
{"Time":"2026-09-08T17:32:51.656930577+03:00","Action":"output","Package":"virmill.local/core/internal/ui/tui","Test":"TestActionFormEveryRegisteredActionMapsExactRequest/plugin_update","Output":"--- PASS: TestActionFormEveryRegisteredActionMapsExactRequest/plugin_update (0.00s)\n","OutputType":"frame"}
{"Time":"2026-09-08T17:32:51.65693757+03:00","Action":"pass","Package":"virmill.local/core/internal/ui/tui","Test":"TestActionFormEveryRegisteredActionMapsExactRequest/plugin_update","Elapsed":0}
{"Time":"2026-09-08T17:32:51.656965123+03:00","Action":"run","Package":"virmill.local/core/internal/ui/tui","Test":"TestActionFormEveryRegisteredActionMapsExactRequest/plugin_enable"}
{"Time":"2026-09-08T17:32:51.656968126+03:00","Action":"output","Package":"virmill.local/core/internal/ui/tui","Test":"TestActionFormEveryRegisteredActionMapsExactRequest/plugin_enable","Output":"=== RUN   TestActionFormEveryRegisteredActionMapsExactRequest/plugin_enable\n","OutputType":"frame"}
{"Time":"2026-09-08T17:32:51.657791165+03:00","Action":"output","Package":"virmill.local/core/internal/ui/tui","Test":"TestActionFormEveryRegisteredActionMapsExactRequest/plugin_enable","Output":"--- PASS: TestActionFormEveryRegisteredActionMapsExactRequest/plugin_enable (0.00s)\n","OutputType":"frame"}
{"Time":"2026-09-08T17:32:51.657796695+03:00","Action":"pass","Package":"virmill.local/core/internal/ui/tui","Test":"TestActionFormEveryRegisteredActionMapsExactRequest/plugin_enable","Elapsed":0}
{"Time":"2026-09-08T17:32:51.657819428+03:00","Action":"run","Package":"virmill.local/core/internal/ui/tui","Test":"TestActionFormEveryRegisteredActionMapsExactRequest/plugin_disable"}
{"Time":"2026-09-08T17:32:51.657821702+03:00","Action":"output","Package":"virmill.local/core/internal/ui/tui","Test":"TestActionFormEveryRegisteredActionMapsExactRequest/plugin_disable","Output":"=== RUN   TestActionFormEveryRegisteredActionMapsExactRequest/plugin_disable\n","OutputType":"frame"}
{"Time":"2026-09-08T17:32:51.658669004+03:00","Action":"output","Package":"virmill.local/core/internal/ui/tui","Test":"TestActionFormEveryRegisteredActionMapsExactRequest/plugin_disable","Output":"--- PASS: TestActionFormEveryRegisteredActionMapsExactRequest/plugin_disable (0.00s)\n","OutputType":"frame"}
{"Time":"2026-09-08T17:32:51.658680794+03:00","Action":"pass","Package":"virmill.local/core/internal/ui/tui","Test":"TestActionFormEveryRegisteredActionMapsExactRequest/plugin_disable","Elapsed":0}
{"Time":"2026-09-08T17:32:51.65869792+03:00","Action":"run","Package":"virmill.local/core/internal/ui/tui","Test":"TestActionFormEveryRegisteredActionMapsExactRequest/plugin_remove"}
{"Time":"2026-09-08T17:32:51.658700156+03:00","Action":"output","Package":"virmill.local/core/internal/ui/tui","Test":"TestActionFormEveryRegisteredActionMapsExactRequest/plugin_remove","Output":"=== RUN   TestActionFormEveryRegisteredActionMapsExactRequest/plugin_remove\n","OutputType":"frame"}
{"Time":"2026-09-08T17:32:51.65949378+03:00","Action":"output","Package":"virmill.local/core/internal/ui/tui","Test":"TestActionFormEveryRegisteredActionMapsExactRequest/plugin_remove","Output":"--- PASS: TestActionFormEveryRegisteredActionMapsExactRequest/plugin_remove (0.00s)\n","OutputType":"frame"}
{"Time":"2026-09-08T17:32:51.659499992+03:00","Action":"pass","Package":"virmill.local/core/internal/ui/tui","Test":"TestActionFormEveryRegisteredActionMapsExactRequest/plugin_remove","Elapsed":0}
{"Time":"2026-09-08T17:32:51.659519208+03:00","Action":"run","Package":"virmill.local/core/internal/ui/tui","Test":"TestActionFormEveryRegisteredActionMapsExactRequest/plugin_rollback"}
{"Time":"2026-09-08T17:32:51.659521698+03:00","Action":"output","Package":"virmill.local/core/internal/ui/tui","Test":"TestActionFormEveryRegisteredActionMapsExactRequest/plugin_rollback","Output":"=== RUN   TestActionFormEveryRegisteredActionMapsExactRequest/plugin_rollback\n","OutputType":"frame"}
{"Time":"2026-09-08T17:32:51.660306048+03:00","Action":"output","Package":"virmill.local/core/internal/ui/tui","Test":"TestActionFormEveryRegisteredActionMapsExactRequest/plugin_rollback","Output":"--- PASS: TestActionFormEveryRegisteredActionMapsExactRequest/plugin_rollback (0.00s)\n","OutputType":"frame"}
{"Time":"2026-09-08T17:32:51.660325308+03:00","Action":"pass","Package":"virmill.local/core/internal/ui/tui","Test":"TestActionFormEveryRegisteredActionMapsExactRequest/plugin_rollback","Elapsed":0}
{"Time":"2026-09-08T17:32:51.660343705+03:00","Action":"run","Package":"virmill.local/core/internal/ui/tui","Test":"TestActionFormEveryRegisteredActionMapsExactRequest/plugin_permissions_show"}
{"Time":"2026-09-08T17:32:51.660346487+03:00","Action":"output","Package":"virmill.local/core/internal/ui/tui","Test":"TestActionFormEveryRegisteredActionMapsExactRequest/plugin_permissions_show","Output":"=== RUN   TestActionFormEveryRegisteredActionMapsExactRequest/plugin_permissions_show\n","OutputType":"frame"}
{"Time":"2026-09-08T17:32:51.660562773+03:00","Action":"output","Package":"virmill.local/core/internal/ui/tui","Test":"TestActionFormEveryRegisteredActionMapsExactRequest/plugin_permissions_show","Output":"--- PASS: TestActionFormEveryRegisteredActionMapsExactRequest/plugin_permissions_show (0.00s)\n","OutputType":"frame"}
{"Time":"2026-09-08T17:32:51.660575027+03:00","Action":"pass","Package":"virmill.local/core/internal/ui/tui","Test":"TestActionFormEveryRegisteredActionMapsExactRequest/plugin_permissions_show","Elapsed":0}
{"Time":"2026-09-08T17:32:51.660585567+03:00","Action":"run","Package":"virmill.local/core/internal/ui/tui","Test":"TestActionFormEveryRegisteredActionMapsExactRequest/plugin_permissions_grant"}
{"Time":"2026-09-08T17:32:51.660587861+03:00","Action":"output","Package":"virmill.local/core/internal/ui/tui","Test":"TestActionFormEveryRegisteredActionMapsExactRequest/plugin_permissions_grant","Output":"=== RUN   TestActionFormEveryRegisteredActionMapsExactRequest/plugin_permissions_grant\n","OutputType":"frame"}
{"Time":"2026-09-08T17:32:51.661355515+03:00","Action":"output","Package":"virmill.local/core/internal/ui/tui","Test":"TestActionFormEveryRegisteredActionMapsExactRequest/plugin_permissions_grant","Output":"--- PASS: TestActionFormEveryRegisteredActionMapsExactRequest/plugin_permissions_grant (0.00s)\n","OutputType":"frame"}
{"Time":"2026-09-08T17:32:51.661368993+03:00","Action":"pass","Package":"virmill.local/core/internal/ui/tui","Test":"TestActionFormEveryRegisteredActionMapsExactRequest/plugin_permissions_grant","Elapsed":0}
{"Time":"2026-09-08T17:32:51.661385715+03:00","Action":"run","Package":"virmill.local/core/internal/ui/tui","Test":"TestActionFormEveryRegisteredActionMapsExactRequest/plugin_permissions_revoke"}
{"Time":"2026-09-08T17:32:51.661387769+03:00","Action":"output","Package":"virmill.local/core/internal/ui/tui","Test":"TestActionFormEveryRegisteredActionMapsExactRequest/plugin_permissions_revoke","Output":"=== RUN   TestActionFormEveryRegisteredActionMapsExactRequest/plugin_permissions_revoke\n","OutputType":"frame"}
{"Time":"2026-09-08T17:32:51.662116857+03:00","Action":"output","Package":"virmill.local/core/internal/ui/tui","Test":"TestActionFormEveryRegisteredActionMapsExactRequest/plugin_permissions_revoke","Output":"--- PASS: TestActionFormEveryRegisteredActionMapsExactRequest/plugin_permissions_revoke (0.00s)\n","OutputType":"frame"}
{"Time":"2026-09-08T17:32:51.662124971+03:00","Action":"pass","Package":"virmill.local/core/internal/ui/tui","Test":"TestActionFormEveryRegisteredActionMapsExactRequest/plugin_permissions_revoke","Elapsed":0}
{"Time":"2026-09-08T17:32:51.66214455+03:00","Action":"run","Package":"virmill.local/core/internal/ui/tui","Test":"TestActionFormEveryRegisteredActionMapsExactRequest/plugin_validate"}
{"Time":"2026-09-08T17:32:51.662147111+03:00","Action":"output","Package":"virmill.local/core/internal/ui/tui","Test":"TestActionFormEveryRegisteredActionMapsExactRequest/plugin_validate","Output":"=== RUN   TestActionFormEveryRegisteredActionMapsExactRequest/plugin_validate\n","OutputType":"frame"}
{"Time":"2026-09-08T17:32:51.662359148+03:00","Action":"output","Package":"virmill.local/core/internal/ui/tui","Test":"TestActionFormEveryRegisteredActionMapsExactRequest/plugin_validate","Output":"--- PASS: TestActionFormEveryRegisteredActionMapsExactRequest/plugin_validate (0.00s)\n","OutputType":"frame"}
{"Time":"2026-09-08T17:32:51.662367665+03:00","Action":"pass","Package":"virmill.local/core/internal/ui/tui","Test":"TestActionFormEveryRegisteredActionMapsExactRequest/plugin_validate","Elapsed":0}
{"Time":"2026-09-08T17:32:51.662382268+03:00","Action":"run","Package":"virmill.local/core/internal/ui/tui","Test":"TestActionFormEveryRegisteredActionMapsExactRequest/plugin_test"}
{"Time":"2026-09-08T17:32:51.66238591+03:00","Action":"output","Package":"virmill.local/core/internal/ui/tui","Test":"TestActionFormEveryRegisteredActionMapsExactRequest/plugin_test","Output":"=== RUN   TestActionFormEveryRegisteredActionMapsExactRequest/plugin_test\n","OutputType":"frame"}
{"Time":"2026-09-08T17:32:51.662584247+03:00","Action":"output","Package":"virmill.local/core/internal/ui/tui","Test":"TestActionFormEveryRegisteredActionMapsExactRequest/plugin_test","Output":"--- PASS: TestActionFormEveryRegisteredActionMapsExactRequest/plugin_test (0.00s)\n","OutputType":"frame"}
{"Time":"2026-09-08T17:32:51.662589896+03:00","Action":"pass","Package":"virmill.local/core/internal/ui/tui","Test":"TestActionFormEveryRegisteredActionMapsExactRequest/plugin_test","Elapsed":0}
{"Time":"2026-09-08T17:32:51.662607725+03:00","Action":"run","Package":"virmill.local/core/internal/ui/tui","Test":"TestActionFormEveryRegisteredActionMapsExactRequest/host_inspect"}
{"Time":"2026-09-08T17:32:51.662610869+03:00","Action":"output","Package":"virmill.local/core/internal/ui/tui","Test":"TestActionFormEveryRegisteredActionMapsExactRequest/host_inspect","Output":"=== RUN   TestActionFormEveryRegisteredActionMapsExactRequest/host_inspect\n","OutputType":"frame"}
{"Time":"2026-09-08T17:32:51.662750057+03:00","Action":"output","Package":"virmill.local/core/internal/ui/tui","Test":"TestActionFormEveryRegisteredActionMapsExactRequest/host_inspect","Output":"--- PASS: TestActionFormEveryRegisteredActionMapsExactRequest/host_inspect (0.00s)\n","OutputType":"frame"}
{"Time":"2026-09-08T17:32:51.662757271+03:00","Action":"pass","Package":"virmill.local/core/internal/ui/tui","Test":"TestActionFormEveryRegisteredActionMapsExactRequest/host_inspect","Elapsed":0}
{"Time":"2026-09-08T17:32:51.662775332+03:00","Action":"run","Package":"virmill.local/core/internal/ui/tui","Test":"TestActionFormEveryRegisteredActionMapsExactRequest/host_capabilities"}
{"Time":"2026-09-08T17:32:51.662778685+03:00","Action":"output","Package":"virmill.local/core/internal/ui/tui","Test":"TestActionFormEveryRegisteredActionMapsExactRequest/host_capabilities","Output":"=== RUN   TestActionFormEveryRegisteredActionMapsExactRequest/host_capabilities\n","OutputType":"frame"}
{"Time":"2026-09-08T17:32:51.662918735+03:00","Action":"output","Package":"virmill.local/core/internal/ui/tui","Test":"TestActionFormEveryRegisteredActionMapsExactRequest/host_capabilities","Output":"--- PASS: TestActionFormEveryRegisteredActionMapsExactRequest/host_capabilities (0.00s)\n","OutputType":"frame"}
{"Time":"2026-09-08T17:32:51.662925144+03:00","Action":"pass","Package":"virmill.local/core/internal/ui/tui","Test":"TestActionFormEveryRegisteredActionMapsExactRequest/host_capabilities","Elapsed":0}
{"Time":"2026-09-08T17:32:51.662941827+03:00","Action":"run","Package":"virmill.local/core/internal/ui/tui","Test":"TestActionFormEveryRegisteredActionMapsExactRequest/storage_pool_list"}
{"Time":"2026-09-08T17:32:51.66294439+03:00","Action":"output","Package":"virmill.local/core/internal/ui/tui","Test":"TestActionFormEveryRegisteredActionMapsExactRequest/storage_pool_list","Output":"=== RUN   TestActionFormEveryRegisteredActionMapsExactRequest/storage_pool_list\n","OutputType":"frame"}
{"Time":"2026-09-08T17:32:51.663111654+03:00","Action":"output","Package":"virmill.local/core/internal/ui/tui","Test":"TestActionFormEveryRegisteredActionMapsExactRequest/storage_pool_list","Output":"--- PASS: TestActionFormEveryRegisteredActionMapsExactRequest/storage_pool_list (0.00s)\n","OutputType":"frame"}
{"Time":"2026-09-08T17:32:51.663120067+03:00","Action":"pass","Package":"virmill.local/core/internal/ui/tui","Test":"TestActionFormEveryRegisteredActionMapsExactRequest/storage_pool_list","Elapsed":0}
{"Time":"2026-09-08T17:32:51.663135361+03:00","Action":"run","Package":"virmill.local/core/internal/ui/tui","Test":"TestActionFormEveryRegisteredActionMapsExactRequest/storage_pool_show"}
{"Time":"2026-09-08T17:32:51.663137791+03:00","Action":"output","Package":"virmill.local/core/internal/ui/tui","Test":"TestActionFormEveryRegisteredActionMapsExactRequest/storage_pool_show","Output":"=== RUN   TestActionFormEveryRegisteredActionMapsExactRequest/storage_pool_show\n","OutputType":"frame"}
{"Time":"2026-09-08T17:32:51.663291933+03:00","Action":"output","Package":"virmill.local/core/internal/ui/tui","Test":"TestActionFormEveryRegisteredActionMapsExactRequest/storage_pool_show","Output":"--- PASS: TestActionFormEveryRegisteredActionMapsExactRequest/storage_pool_show (0.00s)\n","OutputType":"frame"}
{"Time":"2026-09-08T17:32:51.663296413+03:00","Action":"pass","Package":"virmill.local/core/internal/ui/tui","Test":"TestActionFormEveryRegisteredActionMapsExactRequest/storage_pool_show","Elapsed":0}
{"Time":"2026-09-08T17:32:51.663311534+03:00","Action":"run","Package":"virmill.local/core/internal/ui/tui","Test":"TestActionFormEveryRegisteredActionMapsExactRequest/storage_access_grant"}
{"Time":"2026-09-08T17:32:51.663314136+03:00","Action":"output","Package":"virmill.local/core/internal/ui/tui","Test":"TestActionFormEveryRegisteredActionMapsExactRequest/storage_access_grant","Output":"=== RUN   TestActionFormEveryRegisteredActionMapsExactRequest/storage_access_grant\n","OutputType":"frame"}
{"Time":"2026-09-08T17:32:51.664145587+03:00","Action":"output","Package":"virmill.local/core/internal/ui/tui","Test":"TestActionFormEveryRegisteredActionMapsExactRequest/storage_access_grant","Output":"--- PASS: TestActionFormEveryRegisteredActionMapsExactRequest/storage_access_grant (0.00s)\n","OutputType":"frame"}
{"Time":"2026-09-08T17:32:51.664155576+03:00","Action":"pass","Package":"virmill.local/core/internal/ui/tui","Test":"TestActionFormEveryRegisteredActionMapsExactRequest/storage_access_grant","Elapsed":0}
{"Time":"2026-09-08T17:32:51.664168464+03:00","Action":"run","Package":"virmill.local/core/internal/ui/tui","Test":"TestActionFormEveryRegisteredActionMapsExactRequest/storage_access_revoke"}
{"Time":"2026-09-08T17:32:51.664170091+03:00","Action":"output","Package":"virmill.local/core/internal/ui/tui","Test":"TestActionFormEveryRegisteredActionMapsExactRequest/storage_access_revoke","Output":"=== RUN   TestActionFormEveryRegisteredActionMapsExactRequest/storage_access_revoke\n","OutputType":"frame"}
{"Time":"2026-09-08T17:32:51.664358017+03:00","Action":"output","Package":"virmill.local/core/internal/ui/tui","Test":"TestActionFormEveryRegisteredActionMapsExactRequest/storage_access_revoke","Output":"--- PASS: TestActionFormEveryRegisteredActionMapsExactRequest/storage_access_revoke (0.00s)\n","OutputType":"frame"}
{"Time":"2026-09-08T17:32:51.664365428+03:00","Action":"pass","Package":"virmill.local/core/internal/ui/tui","Test":"TestActionFormEveryRegisteredActionMapsExactRequest/storage_access_revoke","Elapsed":0}
{"Time":"2026-09-08T17:32:51.664377364+03:00","Action":"run","Package":"virmill.local/core/internal/ui/tui","Test":"TestActionFormEveryRegisteredActionMapsExactRequest/storage_access_result"}
{"Time":"2026-09-08T17:32:51.664379772+03:00","Action":"output","Package":"virmill.local/core/internal/ui/tui","Test":"TestActionFormEveryRegisteredActionMapsExactRequest/storage_access_result","Output":"=== RUN   TestActionFormEveryRegisteredActionMapsExactRequest/storage_access_result\n","OutputType":"frame"}
{"Time":"2026-09-08T17:32:51.664553363+03:00","Action":"output","Package":"virmill.local/core/internal/ui/tui","Test":"TestActionFormEveryRegisteredActionMapsExactRequest/storage_access_result","Output":"--- PASS: TestActionFormEveryRegisteredActionMapsExactRequest/storage_access_result (0.00s)\n","OutputType":"frame"}
{"Time":"2026-09-08T17:32:51.664563808+03:00","Action":"pass","Package":"virmill.local/core/internal/ui/tui","Test":"TestActionFormEveryRegisteredActionMapsExactRequest/storage_access_result","Elapsed":0}
{"Time":"2026-09-08T17:32:51.664576188+03:00","Action":"run","Package":"virmill.local/core/internal/ui/tui","Test":"TestActionFormEveryRegisteredActionMapsExactRequest/host_helper_identity"}
{"Time":"2026-09-08T17:32:51.664578358+03:00","Action":"output","Package":"virmill.local/core/internal/ui/tui","Test":"TestActionFormEveryRegisteredActionMapsExactRequest/host_helper_identity","Output":"=== RUN   TestActionFormEveryRegisteredActionMapsExactRequest/host_helper_identity\n","OutputType":"frame"}
{"Time":"2026-09-08T17:32:51.664732259+03:00","Action":"output","Package":"virmill.local/core/internal/ui/tui","Test":"TestActionFormEveryRegisteredActionMapsExactRequest/host_helper_identity","Output":"--- PASS: TestActionFormEveryRegisteredActionMapsExactRequest/host_helper_identity (0.00s)\n","OutputType":"frame"}
{"Time":"2026-09-08T17:32:51.664735978+03:00","Action":"pass","Package":"virmill.local/core/internal/ui/tui","Test":"TestActionFormEveryRegisteredActionMapsExactRequest/host_helper_identity","Elapsed":0}
{"Time":"2026-09-08T17:32:51.664755148+03:00","Action":"run","Package":"virmill.local/core/internal/ui/tui","Test":"TestActionFormEveryRegisteredActionMapsExactRequest/network_list"}
{"Time":"2026-09-08T17:32:51.664757251+03:00","Action":"output","Package":"virmill.local/core/internal/ui/tui","Test":"TestActionFormEveryRegisteredActionMapsExactRequest/network_list","Output":"=== RUN   TestActionFormEveryRegisteredActionMapsExactRequest/network_list\n","OutputType":"frame"}
{"Time":"2026-09-08T17:32:51.664905559+03:00","Action":"output","Package":"virmill.local/core/internal/ui/tui","Test":"TestActionFormEveryRegisteredActionMapsExactRequest/network_list","Output":"--- PASS: TestActionFormEveryRegisteredActionMapsExactRequest/network_list (0.00s)\n","OutputType":"frame"}
{"Time":"2026-09-08T17:32:51.664911319+03:00","Action":"pass","Package":"virmill.local/core/internal/ui/tui","Test":"TestActionFormEveryRegisteredActionMapsExactRequest/network_list","Elapsed":0}
{"Time":"2026-09-08T17:32:51.66492559+03:00","Action":"run","Package":"virmill.local/core/internal/ui/tui","Test":"TestActionFormEveryRegisteredActionMapsExactRequest/network_create"}
{"Time":"2026-09-08T17:32:51.664927837+03:00","Action":"output","Package":"virmill.local/core/internal/ui/tui","Test":"TestActionFormEveryRegisteredActionMapsExactRequest/network_create","Output":"=== RUN   TestActionFormEveryRegisteredActionMapsExactRequest/network_create\n","OutputType":"frame"}
{"Time":"2026-09-08T17:32:51.665125431+03:00","Action":"output","Package":"virmill.local/core/internal/ui/tui","Test":"TestActionFormEveryRegisteredActionMapsExactRequest/network_create","Output":"--- PASS: TestActionFormEveryRegisteredActionMapsExactRequest/network_create (0.00s)\n","OutputType":"frame"}
{"Time":"2026-09-08T17:32:51.665129533+03:00","Action":"pass","Package":"virmill.local/core/internal/ui/tui","Test":"TestActionFormEveryRegisteredActionMapsExactRequest/network_create","Elapsed":0}
{"Time":"2026-09-08T17:32:51.665143785+03:00","Action":"run","Package":"virmill.local/core/internal/ui/tui","Test":"TestActionFormEveryRegisteredActionMapsExactRequest/network_creation_result"}
{"Time":"2026-09-08T17:32:51.665146845+03:00","Action":"output","Package":"virmill.local/core/internal/ui/tui","Test":"TestActionFormEveryRegisteredActionMapsExactRequest/network_creation_result","Output":"=== RUN   TestActionFormEveryRegisteredActionMapsExactRequest/network_creation_result\n","OutputType":"frame"}
{"Time":"2026-09-08T17:32:51.665342625+03:00","Action":"output","Package":"virmill.local/core/internal/ui/tui","Test":"TestActionFormEveryRegisteredActionMapsExactRequest/network_creation_result","Output":"--- PASS: TestActionFormEveryRegisteredActionMapsExactRequest/network_creation_result (0.00s)\n","OutputType":"frame"}
{"Time":"2026-09-08T17:32:51.665346894+03:00","Action":"pass","Package":"virmill.local/core/internal/ui/tui","Test":"TestActionFormEveryRegisteredActionMapsExactRequest/network_creation_result","Elapsed":0}
{"Time":"2026-09-08T17:32:51.665366667+03:00","Action":"run","Package":"virmill.local/core/internal/ui/tui","Test":"TestActionFormEveryRegisteredActionMapsExactRequest/network_creation_resume"}
{"Time":"2026-09-08T17:32:51.665368911+03:00","Action":"output","Package":"virmill.local/core/internal/ui/tui","Test":"TestActionFormEveryRegisteredActionMapsExactRequest/network_creation_resume","Output":"=== RUN   TestActionFormEveryRegisteredActionMapsExactRequest/network_creation_resume\n","OutputType":"frame"}
{"Time":"2026-09-08T17:32:51.665538513+03:00","Action":"output","Package":"virmill.local/core/internal/ui/tui","Test":"TestActionFormEveryRegisteredActionMapsExactRequest/network_creation_resume","Output":"--- PASS: TestActionFormEveryRegisteredActionMapsExactRequest/network_creation_resume (0.00s)\n","OutputType":"frame"}
{"Time":"2026-09-08T17:32:51.665547531+03:00","Action":"pass","Package":"virmill.local/core/internal/ui/tui","Test":"TestActionFormEveryRegisteredActionMapsExactRequest/network_creation_resume","Elapsed":0}
{"Time":"2026-09-08T17:32:51.665561637+03:00","Action":"run","Package":"virmill.local/core/internal/ui/tui","Test":"TestActionFormEveryRegisteredActionMapsExactRequest/network_cidr_check"}
{"Time":"2026-09-08T17:32:51.665563851+03:00","Action":"output","Package":"virmill.local/core/internal/ui/tui","Test":"TestActionFormEveryRegisteredActionMapsExactRequest/network_cidr_check","Output":"=== RUN   TestActionFormEveryRegisteredActionMapsExactRequest/network_cidr_check\n","OutputType":"frame"}
{"Time":"2026-09-08T17:32:51.666387651+03:00","Action":"output","Package":"virmill.local/core/internal/ui/tui","Test":"TestActionFormEveryRegisteredActionMapsExactRequest/network_cidr_check","Output":"--- PASS: TestActionFormEveryRegisteredActionMapsExactRequest/network_cidr_check (0.00s)\n","OutputType":"frame"}
{"Time":"2026-09-08T17:32:51.666400113+03:00","Action":"pass","Package":"virmill.local/core/internal/ui/tui","Test":"TestActionFormEveryRegisteredActionMapsExactRequest/network_cidr_check","Elapsed":0}
{"Time":"2026-09-08T17:32:51.66641253+03:00","Action":"run","Package":"virmill.local/core/internal/ui/tui","Test":"TestActionFormEveryRegisteredActionMapsExactRequest/host_pci_list"}
{"Time":"2026-09-08T17:32:51.666415477+03:00","Action":"output","Package":"virmill.local/core/internal/ui/tui","Test":"TestActionFormEveryRegisteredActionMapsExactRequest/host_pci_list","Output":"=== RUN   TestActionFormEveryRegisteredActionMapsExactRequest/host_pci_list\n","OutputType":"frame"}
{"Time":"2026-09-08T17:32:51.666604035+03:00","Action":"output","Package":"virmill.local/core/internal/ui/tui","Test":"TestActionFormEveryRegisteredActionMapsExactRequest/host_pci_list","Output":"--- PASS: TestActionFormEveryRegisteredActionMapsExactRequest/host_pci_list (0.00s)\n","OutputType":"frame"}
{"Time":"2026-09-08T17:32:51.666617806+03:00","Action":"pass","Package":"virmill.local/core/internal/ui/tui","Test":"TestActionFormEveryRegisteredActionMapsExactRequest/host_pci_list","Elapsed":0}
{"Time":"2026-09-08T17:32:51.666627125+03:00","Action":"run","Package":"virmill.local/core/internal/ui/tui","Test":"TestActionFormEveryRegisteredActionMapsExactRequest/device_usb_list"}
{"Time":"2026-09-08T17:32:51.666629331+03:00","Action":"output","Package":"virmill.local/core/internal/ui/tui","Test":"TestActionFormEveryRegisteredActionMapsExactRequest/device_usb_list","Output":"=== RUN   TestActionFormEveryRegisteredActionMapsExactRequest/device_usb_list\n","OutputType":"frame"}
{"Time":"2026-09-08T17:32:51.666788522+03:00","Action":"output","Package":"virmill.local/core/internal/ui/tui","Test":"TestActionFormEveryRegisteredActionMapsExactRequest/device_usb_list","Output":"--- PASS: TestActionFormEveryRegisteredActionMapsExactRequest/device_usb_list (0.00s)\n","OutputType":"frame"}
{"Time":"2026-09-08T17:32:51.666792996+03:00","Action":"pass","Package":"virmill.local/core/internal/ui/tui","Test":"TestActionFormEveryRegisteredActionMapsExactRequest/device_usb_list","Elapsed":0}
{"Time":"2026-09-08T17:32:51.666808538+03:00","Action":"run","Package":"virmill.local/core/internal/ui/tui","Test":"TestActionFormEveryRegisteredActionMapsExactRequest/network_show"}
{"Time":"2026-09-08T17:32:51.666810663+03:00","Action":"output","Package":"virmill.local/core/internal/ui/tui","Test":"TestActionFormEveryRegisteredActionMapsExactRequest/network_show","Output":"=== RUN   TestActionFormEveryRegisteredActionMapsExactRequest/network_show\n","OutputType":"frame"}
{"Time":"2026-09-08T17:32:51.666970717+03:00","Action":"output","Package":"virmill.local/core/internal/ui/tui","Test":"TestActionFormEveryRegisteredActionMapsExactRequest/network_show","Output":"--- PASS: TestActionFormEveryRegisteredActionMapsExactRequest/network_show (0.00s)\n","OutputType":"frame"}
{"Time":"2026-09-08T17:32:51.666980691+03:00","Action":"pass","Package":"virmill.local/core/internal/ui/tui","Test":"TestActionFormEveryRegisteredActionMapsExactRequest/network_show","Elapsed":0}
{"Time":"2026-09-08T17:32:51.666990644+03:00","Action":"run","Package":"virmill.local/core/internal/ui/tui","Test":"TestActionFormEveryRegisteredActionMapsExactRequest/vm_list"}
{"Time":"2026-09-08T17:32:51.666992845+03:00","Action":"output","Package":"virmill.local/core/internal/ui/tui","Test":"TestActionFormEveryRegisteredActionMapsExactRequest/vm_list","Output":"=== RUN   TestActionFormEveryRegisteredActionMapsExactRequest/vm_list\n","OutputType":"frame"}
{"Time":"2026-09-08T17:32:51.667148739+03:00","Action":"output","Package":"virmill.local/core/internal/ui/tui","Test":"TestActionFormEveryRegisteredActionMapsExactRequest/vm_list","Output":"--- PASS: TestActionFormEveryRegisteredActionMapsExactRequest/vm_list (0.00s)\n","OutputType":"frame"}
{"Time":"2026-09-08T17:32:51.667158843+03:00","Action":"pass","Package":"virmill.local/core/internal/ui/tui","Test":"TestActionFormEveryRegisteredActionMapsExactRequest/vm_list","Elapsed":0}
{"Time":"2026-09-08T17:32:51.667166676+03:00","Action":"run","Package":"virmill.local/core/internal/ui/tui","Test":"TestActionFormEveryRegisteredActionMapsExactRequest/vm_show"}
{"Time":"2026-09-08T17:32:51.66716888+03:00","Action":"output","Package":"virmill.local/core/internal/ui/tui","Test":"TestActionFormEveryRegisteredActionMapsExactRequest/vm_show","Output":"=== RUN   TestActionFormEveryRegisteredActionMapsExactRequest/vm_show\n","OutputType":"frame"}
{"Time":"2026-09-08T17:32:51.667363053+03:00","Action":"output","Package":"virmill.local/core/internal/ui/tui","Test":"TestActionFormEveryRegisteredActionMapsExactRequest/vm_show","Output":"--- PASS: TestActionFormEveryRegisteredActionMapsExactRequest/vm_show (0.00s)\n","OutputType":"frame"}
{"Time":"2026-09-08T17:32:51.66737951+03:00","Action":"pass","Package":"virmill.local/core/internal/ui/tui","Test":"TestActionFormEveryRegisteredActionMapsExactRequest/vm_show","Elapsed":0}
{"Time":"2026-09-08T17:32:51.667396531+03:00","Action":"run","Package":"virmill.local/core/internal/ui/tui","Test":"TestActionFormEveryRegisteredActionMapsExactRequest/vm_recovery_inspect"}
{"Time":"2026-09-08T17:32:51.667398628+03:00","Action":"output","Package":"virmill.local/core/internal/ui/tui","Test":"TestActionFormEveryRegisteredActionMapsExactRequest/vm_recovery_inspect","Output":"=== RUN   TestActionFormEveryRegisteredActionMapsExactRequest/vm_recovery_inspect\n","OutputType":"frame"}
{"Time":"2026-09-08T17:32:51.667709363+03:00","Action":"output","Package":"virmill.local/core/internal/ui/tui","Test":"TestActionFormEveryRegisteredActionMapsExactRequest/vm_recovery_inspect","Output":"--- PASS: TestActionFormEveryRegisteredActionMapsExactRequest/vm_recovery_inspect (0.00s)\n","OutputType":"frame"}
{"Time":"2026-09-08T17:32:51.667718674+03:00","Action":"pass","Package":"virmill.local/core/internal/ui/tui","Test":"TestActionFormEveryRegisteredActionMapsExactRequest/vm_recovery_inspect","Elapsed":0}
{"Time":"2026-09-08T17:32:51.667732891+03:00","Action":"run","Package":"virmill.local/core/internal/ui/tui","Test":"TestActionFormEveryRegisteredActionMapsExactRequest/vm_recovery_auxiliary_inspect"}
{"Time":"2026-09-08T17:32:51.667735124+03:00","Action":"output","Package":"virmill.local/core/internal/ui/tui","Test":"TestActionFormEveryRegisteredActionMapsExactRequest/vm_recovery_auxiliary_inspect","Output":"=== RUN   TestActionFormEveryRegisteredActionMapsExactRequest/vm_recovery_auxiliary_inspect\n","OutputType":"frame"}
{"Time":"2026-09-08T17:32:51.668595619+03:00","Action":"output","Package":"virmill.local/core/internal/ui/tui","Test":"TestActionFormEveryRegisteredActionMapsExactRequest/vm_recovery_auxiliary_inspect","Output":"--- PASS: TestActionFormEveryRegisteredActionMapsExactRequest/vm_recovery_auxiliary_inspect (0.00s)\n","OutputType":"frame"}
{"Time":"2026-09-08T17:32:51.668607326+03:00","Action":"pass","Package":"virmill.local/core/internal/ui/tui","Test":"TestActionFormEveryRegisteredActionMapsExactRequest/vm_recovery_auxiliary_inspect","Elapsed":0}
{"Time":"2026-09-08T17:32:51.668626069+03:00","Action":"run","Package":"virmill.local/core/internal/ui/tui","Test":"TestActionFormEveryRegisteredActionMapsExactRequest/snapshot_create"}
{"Time":"2026-09-08T17:32:51.668628326+03:00","Action":"output","Package":"virmill.local/core/internal/ui/tui","Test":"TestActionFormEveryRegisteredActionMapsExactRequest/snapshot_create","Output":"=== RUN   TestActionFormEveryRegisteredActionMapsExactRequest/snapshot_create\n","OutputType":"frame"}
{"Time":"2026-09-08T17:32:51.669436233+03:00","Action":"output","Package":"virmill.local/core/internal/ui/tui","Test":"TestActionFormEveryRegisteredActionMapsExactRequest/snapshot_create","Output":"--- PASS: TestActionFormEveryRegisteredActionMapsExactRequest/snapshot_create (0.00s)\n","OutputType":"frame"}
{"Time":"2026-09-08T17:32:51.669450833+03:00","Action":"pass","Package":"virmill.local/core/internal/ui/tui","Test":"TestActionFormEveryRegisteredActionMapsExactRequest/snapshot_create","Elapsed":0}
{"Time":"2026-09-08T17:32:51.669461465+03:00","Action":"run","Package":"virmill.local/core/internal/ui/tui","Test":"TestActionFormEveryRegisteredActionMapsExactRequest/snapshot_list"}
{"Time":"2026-09-08T17:32:51.669463589+03:00","Action":"output","Package":"virmill.local/core/internal/ui/tui","Test":"TestActionFormEveryRegisteredActionMapsExactRequest/snapshot_list","Output":"=== RUN   TestActionFormEveryRegisteredActionMapsExactRequest/snapshot_list\n","OutputType":"frame"}
{"Time":"2026-09-08T17:32:51.669620408+03:00","Action":"output","Package":"virmill.local/core/internal/ui/tui","Test":"TestActionFormEveryRegisteredActionMapsExactRequest/snapshot_list","Output":"--- PASS: TestActionFormEveryRegisteredActionMapsExactRequest/snapshot_list (0.00s)\n","OutputType":"frame"}
{"Time":"2026-09-08T17:32:51.66963061+03:00","Action":"pass","Package":"virmill.local/core/internal/ui/tui","Test":"TestActionFormEveryRegisteredActionMapsExactRequest/snapshot_list","Elapsed":0}
{"Time":"2026-09-08T17:32:51.669642101+03:00","Action":"run","Package":"virmill.local/core/internal/ui/tui","Test":"TestActionFormEveryRegisteredActionMapsExactRequest/snapshot_show"}
{"Time":"2026-09-08T17:32:51.669650798+03:00","Action":"output","Package":"virmill.local/core/internal/ui/tui","Test":"TestActionFormEveryRegisteredActionMapsExactRequest/snapshot_show","Output":"=== RUN   TestActionFormEveryRegisteredActionMapsExactRequest/snapshot_show\n","OutputType":"frame"}
{"Time":"2026-09-08T17:32:51.669810343+03:00","Action":"output","Package":"virmill.local/core/internal/ui/tui","Test":"TestActionFormEveryRegisteredActionMapsExactRequest/snapshot_show","Output":"--- PASS: TestActionFormEveryRegisteredActionMapsExactRequest/snapshot_show (0.00s)\n","OutputType":"frame"}
{"Time":"2026-09-08T17:32:51.669813945+03:00","Action":"pass","Package":"virmill.local/core/internal/ui/tui","Test":"TestActionFormEveryRegisteredActionMapsExactRequest/snapshot_show","Elapsed":0}
{"Time":"2026-09-08T17:32:51.669826137+03:00","Action":"run","Package":"virmill.local/core/internal/ui/tui","Test":"TestActionFormEveryRegisteredActionMapsExactRequest/snapshot_restore"}
{"Time":"2026-09-08T17:32:51.669828568+03:00","Action":"output","Package":"virmill.local/core/internal/ui/tui","Test":"TestActionFormEveryRegisteredActionMapsExactRequest/snapshot_restore","Output":"=== RUN   TestActionFormEveryRegisteredActionMapsExactRequest/snapshot_restore\n","OutputType":"frame"}
{"Time":"2026-09-08T17:32:51.670861205+03:00","Action":"output","Package":"virmill.local/core/internal/ui/tui","Test":"TestActionFormEveryRegisteredActionMapsExactRequest/snapshot_restore","Output":"--- PASS: TestActionFormEveryRegisteredActionMapsExactRequest/snapshot_restore (0.00s)\n","OutputType":"frame"}
{"Time":"2026-09-08T17:32:51.670874348+03:00","Action":"pass","Package":"virmill.local/core/internal/ui/tui","Test":"TestActionFormEveryRegisteredActionMapsExactRequest/snapshot_restore","Elapsed":0}
{"Time":"2026-09-08T17:32:51.670886033+03:00","Action":"run","Package":"virmill.local/core/internal/ui/tui","Test":"TestActionFormEveryRegisteredActionMapsExactRequest/vm_boot_show"}
{"Time":"2026-09-08T17:32:51.67088789+03:00","Action":"output","Package":"virmill.local/core/internal/ui/tui","Test":"TestActionFormEveryRegisteredActionMapsExactRequest/vm_boot_show","Output":"=== RUN   TestActionFormEveryRegisteredActionMapsExactRequest/vm_boot_show\n","OutputType":"frame"}
{"Time":"2026-09-08T17:32:51.671139594+03:00","Action":"output","Package":"virmill.local/core/internal/ui/tui","Test":"TestActionFormEveryRegisteredActionMapsExactRequest/vm_boot_show","Output":"--- PASS: TestActionFormEveryRegisteredActionMapsExactRequest/vm_boot_show (0.00s)\n","OutputType":"frame"}
{"Time":"2026-09-08T17:32:51.671159197+03:00","Action":"pass","Package":"virmill.local/core/internal/ui/tui","Test":"TestActionFormEveryRegisteredActionMapsExactRequest/vm_boot_show","Elapsed":0}
{"Time":"2026-09-08T17:32:51.671180007+03:00","Action":"run","Package":"virmill.local/core/internal/ui/tui","Test":"TestActionFormEveryRegisteredActionMapsExactRequest/vm_readiness_show"}
{"Time":"2026-09-08T17:32:51.67118278+03:00","Action":"output","Package":"virmill.local/core/internal/ui/tui","Test":"TestActionFormEveryRegisteredActionMapsExactRequest/vm_readiness_show","Output":"=== RUN   TestActionFormEveryRegisteredActionMapsExactRequest/vm_readiness_show\n","OutputType":"frame"}
{"Time":"2026-09-08T17:32:51.671414506+03:00","Action":"output","Package":"virmill.local/core/internal/ui/tui","Test":"TestActionFormEveryRegisteredActionMapsExactRequest/vm_readiness_show","Output":"--- PASS: TestActionFormEveryRegisteredActionMapsExactRequest/vm_readiness_show (0.00s)\n","OutputType":"frame"}
{"Time":"2026-09-08T17:32:51.671430389+03:00","Action":"pass","Package":"virmill.local/core/internal/ui/tui","Test":"TestActionFormEveryRegisteredActionMapsExactRequest/vm_readiness_show","Elapsed":0}
{"Time":"2026-09-08T17:32:51.671441994+03:00","Action":"run","Package":"virmill.local/core/internal/ui/tui","Test":"TestActionFormEveryRegisteredActionMapsExactRequest/guest_recipe_run"}
{"Time":"2026-09-08T17:32:51.67144376+03:00","Action":"output","Package":"virmill.local/core/internal/ui/tui","Test":"TestActionFormEveryRegisteredActionMapsExactRequest/guest_recipe_run","Output":"=== RUN   TestActionFormEveryRegisteredActionMapsExactRequest/guest_recipe_run\n","OutputType":"frame"}
{"Time":"2026-09-08T17:32:51.67236934+03:00","Action":"output","Package":"virmill.local/core/internal/ui/tui","Test":"TestActionFormEveryRegisteredActionMapsExactRequest/guest_recipe_run","Output":"--- PASS: TestActionFormEveryRegisteredActionMapsExactRequest/guest_recipe_run (0.00s)\n","OutputType":"frame"}
{"Time":"2026-09-08T17:32:51.672381158+03:00","Action":"pass","Package":"virmill.local/core/internal/ui/tui","Test":"TestActionFormEveryRegisteredActionMapsExactRequest/guest_recipe_run","Elapsed":0}
{"Time":"2026-09-08T17:32:51.672395373+03:00","Action":"run","Package":"virmill.local/core/internal/ui/tui","Test":"TestActionFormEveryRegisteredActionMapsExactRequest/guest_recipe_result"}
{"Time":"2026-09-08T17:32:51.672397923+03:00","Action":"output","Package":"virmill.local/core/internal/ui/tui","Test":"TestActionFormEveryRegisteredActionMapsExactRequest/guest_recipe_result","Output":"=== RUN   TestActionFormEveryRegisteredActionMapsExactRequest/guest_recipe_result\n","OutputType":"frame"}
{"Time":"2026-09-08T17:32:51.672576789+03:00","Action":"output","Package":"virmill.local/core/internal/ui/tui","Test":"TestActionFormEveryRegisteredActionMapsExactRequest/guest_recipe_result","Output":"--- PASS: TestActionFormEveryRegisteredActionMapsExactRequest/guest_recipe_result (0.00s)\n","OutputType":"frame"}
{"Time":"2026-09-08T17:32:51.672585791+03:00","Action":"pass","Package":"virmill.local/core/internal/ui/tui","Test":"TestActionFormEveryRegisteredActionMapsExactRequest/guest_recipe_result","Elapsed":0}
{"Time":"2026-09-08T17:32:51.672599251+03:00","Action":"run","Package":"virmill.local/core/internal/ui/tui","Test":"TestActionFormEveryRegisteredActionMapsExactRequest/vm_create"}
{"Time":"2026-09-08T17:32:51.672601692+03:00","Action":"output","Package":"virmill.local/core/internal/ui/tui","Test":"TestActionFormEveryRegisteredActionMapsExactRequest/vm_create","Output":"=== RUN   TestActionFormEveryRegisteredActionMapsExactRequest/vm_create\n","OutputType":"frame"}
{"Time":"2026-09-08T17:32:51.673371999+03:00","Action":"output","Package":"virmill.local/core/internal/ui/tui","Test":"TestActionFormEveryRegisteredActionMapsExactRequest/vm_create","Output":"--- PASS: TestActionFormEveryRegisteredActionMapsExactRequest/vm_create (0.00s)\n","OutputType":"frame"}
{"Time":"2026-09-08T17:32:51.673384292+03:00","Action":"pass","Package":"virmill.local/core/internal/ui/tui","Test":"TestActionFormEveryRegisteredActionMapsExactRequest/vm_create","Elapsed":0}
{"Time":"2026-09-08T17:32:51.673401151+03:00","Action":"run","Package":"virmill.local/core/internal/ui/tui","Test":"TestActionFormEveryRegisteredActionMapsExactRequest/vm_creation_result"}
{"Time":"2026-09-08T17:32:51.673403621+03:00","Action":"output","Package":"virmill.local/core/internal/ui/tui","Test":"TestActionFormEveryRegisteredActionMapsExactRequest/vm_creation_result","Output":"=== RUN   TestActionFormEveryRegisteredActionMapsExactRequest/vm_creation_result\n","OutputType":"frame"}
{"Time":"2026-09-08T17:32:51.673591917+03:00","Action":"output","Package":"virmill.local/core/internal/ui/tui","Test":"TestActionFormEveryRegisteredActionMapsExactRequest/vm_creation_result","Output":"--- PASS: TestActionFormEveryRegisteredActionMapsExactRequest/vm_creation_result (0.00s)\n","OutputType":"frame"}
{"Time":"2026-09-08T17:32:51.673602909+03:00","Action":"pass","Package":"virmill.local/core/internal/ui/tui","Test":"TestActionFormEveryRegisteredActionMapsExactRequest/vm_creation_result","Elapsed":0}
{"Time":"2026-09-08T17:32:51.67361463+03:00","Action":"run","Package":"virmill.local/core/internal/ui/tui","Test":"TestActionFormEveryRegisteredActionMapsExactRequest/vm_creation_resume"}
{"Time":"2026-09-08T17:32:51.67361732+03:00","Action":"output","Package":"virmill.local/core/internal/ui/tui","Test":"TestActionFormEveryRegisteredActionMapsExactRequest/vm_creation_resume","Output":"=== RUN   TestActionFormEveryRegisteredActionMapsExactRequest/vm_creation_resume\n","OutputType":"frame"}
{"Time":"2026-09-08T17:32:51.673792132+03:00","Action":"output","Package":"virmill.local/core/internal/ui/tui","Test":"TestActionFormEveryRegisteredActionMapsExactRequest/vm_creation_resume","Output":"--- PASS: TestActionFormEveryRegisteredActionMapsExactRequest/vm_creation_resume (0.00s)\n","OutputType":"frame"}
{"Time":"2026-09-08T17:32:51.673801893+03:00","Action":"pass","Package":"virmill.local/core/internal/ui/tui","Test":"TestActionFormEveryRegisteredActionMapsExactRequest/vm_creation_resume","Elapsed":0}
{"Time":"2026-09-08T17:32:51.673822382+03:00","Action":"run","Package":"virmill.local/core/internal/ui/tui","Test":"TestActionFormEveryRegisteredActionMapsExactRequest/vm_creation_cleanup"}
{"Time":"2026-09-08T17:32:51.67382463+03:00","Action":"output","Package":"virmill.local/core/internal/ui/tui","Test":"TestActionFormEveryRegisteredActionMapsExactRequest/vm_creation_cleanup","Output":"=== RUN   TestActionFormEveryRegisteredActionMapsExactRequest/vm_creation_cleanup\n","OutputType":"frame"}
{"Time":"2026-09-08T17:32:51.674616373+03:00","Action":"output","Package":"virmill.local/core/internal/ui/tui","Test":"TestActionFormEveryRegisteredActionMapsExactRequest/vm_creation_cleanup","Output":"--- PASS: TestActionFormEveryRegisteredActionMapsExactRequest/vm_creation_cleanup (0.00s)\n","OutputType":"frame"}
{"Time":"2026-09-08T17:32:51.67462983+03:00","Action":"pass","Package":"virmill.local/core/internal/ui/tui","Test":"TestActionFormEveryRegisteredActionMapsExactRequest/vm_creation_cleanup","Elapsed":0}
{"Time":"2026-09-08T17:32:51.674645467+03:00","Action":"run","Package":"virmill.local/core/internal/ui/tui","Test":"TestActionFormEveryRegisteredActionMapsExactRequest/vm_creation_accept"}
{"Time":"2026-09-08T17:32:51.67464771+03:00","Action":"output","Package":"virmill.local/core/internal/ui/tui","Test":"TestActionFormEveryRegisteredActionMapsExactRequest/vm_creation_accept","Output":"=== RUN   TestActionFormEveryRegisteredActionMapsExactRequest/vm_creation_accept\n","OutputType":"frame"}
{"Time":"2026-09-08T17:32:51.675452357+03:00","Action":"output","Package":"virmill.local/core/internal/ui/tui","Test":"TestActionFormEveryRegisteredActionMapsExactRequest/vm_creation_accept","Output":"--- PASS: TestActionFormEveryRegisteredActionMapsExactRequest/vm_creation_accept (0.00s)\n","OutputType":"frame"}
{"Time":"2026-09-08T17:32:51.67546885+03:00","Action":"pass","Package":"virmill.local/core/internal/ui/tui","Test":"TestActionFormEveryRegisteredActionMapsExactRequest/vm_creation_accept","Elapsed":0}
{"Time":"2026-09-08T17:32:51.675481768+03:00","Action":"run","Package":"virmill.local/core/internal/ui/tui","Test":"TestActionFormEveryRegisteredActionMapsExactRequest/vm_start"}
{"Time":"2026-09-08T17:32:51.675484202+03:00","Action":"output","Package":"virmill.local/core/internal/ui/tui","Test":"TestActionFormEveryRegisteredActionMapsExactRequest/vm_start","Output":"=== RUN   TestActionFormEveryRegisteredActionMapsExactRequest/vm_start\n","OutputType":"frame"}
{"Time":"2026-09-08T17:32:51.67565128+03:00","Action":"output","Package":"virmill.local/core/internal/ui/tui","Test":"TestActionFormEveryRegisteredActionMapsExactRequest/vm_start","Output":"--- PASS: TestActionFormEveryRegisteredActionMapsExactRequest/vm_start (0.00s)\n","OutputType":"frame"}
{"Time":"2026-09-08T17:32:51.675656025+03:00","Action":"pass","Package":"virmill.local/core/internal/ui/tui","Test":"TestActionFormEveryRegisteredActionMapsExactRequest/vm_start","Elapsed":0}
{"Time":"2026-09-08T17:32:51.675669765+03:00","Action":"run","Package":"virmill.local/core/internal/ui/tui","Test":"TestActionFormEveryRegisteredActionMapsExactRequest/vm_stop"}
{"Time":"2026-09-08T17:32:51.67567211+03:00","Action":"output","Package":"virmill.local/core/internal/ui/tui","Test":"TestActionFormEveryRegisteredActionMapsExactRequest/vm_stop","Output":"=== RUN   TestActionFormEveryRegisteredActionMapsExactRequest/vm_stop\n","OutputType":"frame"}
{"Time":"2026-09-08T17:32:51.675837186+03:00","Action":"output","Package":"virmill.local/core/internal/ui/tui","Test":"TestActionFormEveryRegisteredActionMapsExactRequest/vm_stop","Output":"--- PASS: TestActionFormEveryRegisteredActionMapsExactRequest/vm_stop (0.00s)\n","OutputType":"frame"}
{"Time":"2026-09-08T17:32:51.675848269+03:00","Action":"pass","Package":"virmill.local/core/internal/ui/tui","Test":"TestActionFormEveryRegisteredActionMapsExactRequest/vm_stop","Elapsed":0}
{"Time":"2026-09-08T17:32:51.675858408+03:00","Action":"run","Package":"virmill.local/core/internal/ui/tui","Test":"TestActionFormEveryRegisteredActionMapsExactRequest/vm_reboot"}
{"Time":"2026-09-08T17:32:51.67586067+03:00","Action":"output","Package":"virmill.local/core/internal/ui/tui","Test":"TestActionFormEveryRegisteredActionMapsExactRequest/vm_reboot","Output":"=== RUN   TestActionFormEveryRegisteredActionMapsExactRequest/vm_reboot\n","OutputType":"frame"}
{"Time":"2026-09-08T17:32:51.676022075+03:00","Action":"output","Package":"virmill.local/core/internal/ui/tui","Test":"TestActionFormEveryRegisteredActionMapsExactRequest/vm_reboot","Output":"--- PASS: TestActionFormEveryRegisteredActionMapsExactRequest/vm_reboot (0.00s)\n","OutputType":"frame"}
{"Time":"2026-09-08T17:32:51.676032558+03:00","Action":"pass","Package":"virmill.local/core/internal/ui/tui","Test":"TestActionFormEveryRegisteredActionMapsExactRequest/vm_reboot","Elapsed":0}
{"Time":"2026-09-08T17:32:51.676042536+03:00","Action":"run","Package":"virmill.local/core/internal/ui/tui","Test":"TestActionFormEveryRegisteredActionMapsExactRequest/vm_pause"}
{"Time":"2026-09-08T17:32:51.676044645+03:00","Action":"output","Package":"virmill.local/core/internal/ui/tui","Test":"TestActionFormEveryRegisteredActionMapsExactRequest/vm_pause","Output":"=== RUN   TestActionFormEveryRegisteredActionMapsExactRequest/vm_pause\n","OutputType":"frame"}
{"Time":"2026-09-08T17:32:51.676196484+03:00","Action":"output","Package":"virmill.local/core/internal/ui/tui","Test":"TestActionFormEveryRegisteredActionMapsExactRequest/vm_pause","Output":"--- PASS: TestActionFormEveryRegisteredActionMapsExactRequest/vm_pause (0.00s)\n","OutputType":"frame"}
{"Time":"2026-09-08T17:32:51.676206752+03:00","Action":"pass","Package":"virmill.local/core/internal/ui/tui","Test":"TestActionFormEveryRegisteredActionMapsExactRequest/vm_pause","Elapsed":0}
{"Time":"2026-09-08T17:32:51.676215827+03:00","Action":"run","Package":"virmill.local/core/internal/ui/tui","Test":"TestActionFormEveryRegisteredActionMapsExactRequest/vm_resume"}
{"Time":"2026-09-08T17:32:51.676217452+03:00","Action":"output","Package":"virmill.local/core/internal/ui/tui","Test":"TestActionFormEveryRegisteredActionMapsExactRequest/vm_resume","Output":"=== RUN   TestActionFormEveryRegisteredActionMapsExactRequest/vm_resume\n","OutputType":"frame"}
{"Time":"2026-09-08T17:32:51.676380814+03:00","Action":"output","Package":"virmill.local/core/internal/ui/tui","Test":"TestActionFormEveryRegisteredActionMapsExactRequest/vm_resume","Output":"--- PASS: TestActionFormEveryRegisteredActionMapsExactRequest/vm_resume (0.00s)\n","OutputType":"frame"}
{"Time":"2026-09-08T17:32:51.676384103+03:00","Action":"pass","Package":"virmill.local/core/internal/ui/tui","Test":"TestActionFormEveryRegisteredActionMapsExactRequest/vm_resume","Elapsed":0}
{"Time":"2026-09-08T17:32:51.676396798+03:00","Action":"run","Package":"virmill.local/core/internal/ui/tui","Test":"TestActionFormEveryRegisteredActionMapsExactRequest/vm_save"}
{"Time":"2026-09-08T17:32:51.676398922+03:00","Action":"output","Package":"virmill.local/core/internal/ui/tui","Test":"TestActionFormEveryRegisteredActionMapsExactRequest/vm_save","Output":"=== RUN   TestActionFormEveryRegisteredActionMapsExactRequest/vm_save\n","OutputType":"frame"}
{"Time":"2026-09-08T17:32:51.676551073+03:00","Action":"output","Package":"virmill.local/core/internal/ui/tui","Test":"TestActionFormEveryRegisteredActionMapsExactRequest/vm_save","Output":"--- PASS: TestActionFormEveryRegisteredActionMapsExactRequest/vm_save (0.00s)\n","OutputType":"frame"}
{"Time":"2026-09-08T17:32:51.676555275+03:00","Action":"pass","Package":"virmill.local/core/internal/ui/tui","Test":"TestActionFormEveryRegisteredActionMapsExactRequest/vm_save","Elapsed":0}
{"Time":"2026-09-08T17:32:51.676578473+03:00","Action":"run","Package":"virmill.local/core/internal/ui/tui","Test":"TestActionFormEveryRegisteredActionMapsExactRequest/vm_restore-saved"}
{"Time":"2026-09-08T17:32:51.676580818+03:00","Action":"output","Package":"virmill.local/core/internal/ui/tui","Test":"TestActionFormEveryRegisteredActionMapsExactRequest/vm_restore-saved","Output":"=== RUN   TestActionFormEveryRegisteredActionMapsExactRequest/vm_restore-saved\n","OutputType":"frame"}
{"Time":"2026-09-08T17:32:51.676733475+03:00","Action":"output","Package":"virmill.local/core/internal/ui/tui","Test":"TestActionFormEveryRegisteredActionMapsExactRequest/vm_restore-saved","Output":"--- PASS: TestActionFormEveryRegisteredActionMapsExactRequest/vm_restore-saved (0.00s)\n","OutputType":"frame"}
{"Time":"2026-09-08T17:32:51.676738764+03:00","Action":"pass","Package":"virmill.local/core/internal/ui/tui","Test":"TestActionFormEveryRegisteredActionMapsExactRequest/vm_restore-saved","Elapsed":0}
{"Time":"2026-09-08T17:32:51.67675286+03:00","Action":"run","Package":"virmill.local/core/internal/ui/tui","Test":"TestActionFormEveryRegisteredActionMapsExactRequest/vm_autostart"}
{"Time":"2026-09-08T17:32:51.676755042+03:00","Action":"output","Package":"virmill.local/core/internal/ui/tui","Test":"TestActionFormEveryRegisteredActionMapsExactRequest/vm_autostart","Output":"=== RUN   TestActionFormEveryRegisteredActionMapsExactRequest/vm_autostart\n","OutputType":"frame"}
{"Time":"2026-09-08T17:32:51.677523689+03:00","Action":"output","Package":"virmill.local/core/internal/ui/tui","Test":"TestActionFormEveryRegisteredActionMapsExactRequest/vm_autostart","Output":"--- PASS: TestActionFormEveryRegisteredActionMapsExactRequest/vm_autostart (0.00s)\n","OutputType":"frame"}
{"Time":"2026-09-08T17:32:51.677535277+03:00","Action":"pass","Package":"virmill.local/core/internal/ui/tui","Test":"TestActionFormEveryRegisteredActionMapsExactRequest/vm_autostart","Elapsed":0}
{"Time":"2026-09-08T17:32:51.677546935+03:00","Action":"run","Package":"virmill.local/core/internal/ui/tui","Test":"TestActionFormEveryRegisteredActionMapsExactRequest/vm_set"}
{"Time":"2026-09-08T17:32:51.677549159+03:00","Action":"output","Package":"virmill.local/core/internal/ui/tui","Test":"TestActionFormEveryRegisteredActionMapsExactRequest/vm_set","Output":"=== RUN   TestActionFormEveryRegisteredActionMapsExactRequest/vm_set\n","OutputType":"frame"}
{"Time":"2026-09-08T17:32:51.678275704+03:00","Action":"output","Package":"virmill.local/core/internal/ui/tui","Test":"TestActionFormEveryRegisteredActionMapsExactRequest/vm_set","Output":"--- PASS: TestActionFormEveryRegisteredActionMapsExactRequest/vm_set (0.00s)\n","OutputType":"frame"}
{"Time":"2026-09-08T17:32:51.678286618+03:00","Action":"pass","Package":"virmill.local/core/internal/ui/tui","Test":"TestActionFormEveryRegisteredActionMapsExactRequest/vm_set","Elapsed":0}
{"Time":"2026-09-08T17:32:51.678301695+03:00","Action":"run","Package":"virmill.local/core/internal/ui/tui","Test":"TestActionFormEveryRegisteredActionMapsExactRequest/import_inspect"}
{"Time":"2026-09-08T17:32:51.678303378+03:00","Action":"output","Package":"virmill.local/core/internal/ui/tui","Test":"TestActionFormEveryRegisteredActionMapsExactRequest/import_inspect","Output":"=== RUN   TestActionFormEveryRegisteredActionMapsExactRequest/import_inspect\n","OutputType":"frame"}
{"Time":"2026-09-08T17:32:51.678495992+03:00","Action":"output","Package":"virmill.local/core/internal/ui/tui","Test":"TestActionFormEveryRegisteredActionMapsExactRequest/import_inspect","Output":"--- PASS: TestActionFormEveryRegisteredActionMapsExactRequest/import_inspect (0.00s)\n","OutputType":"frame"}
{"Time":"2026-09-08T17:32:51.678501903+03:00","Action":"pass","Package":"virmill.local/core/internal/ui/tui","Test":"TestActionFormEveryRegisteredActionMapsExactRequest/import_inspect","Elapsed":0}
{"Time":"2026-09-08T17:32:51.67852747+03:00","Action":"run","Package":"virmill.local/core/internal/ui/tui","Test":"TestActionFormEveryRegisteredActionMapsExactRequest/import_prepare"}
{"Time":"2026-09-08T17:32:51.678539919+03:00","Action":"output","Package":"virmill.local/core/internal/ui/tui","Test":"TestActionFormEveryRegisteredActionMapsExactRequest/import_prepare","Output":"=== RUN   TestActionFormEveryRegisteredActionMapsExactRequest/import_prepare\n","OutputType":"frame"}
{"Time":"2026-09-08T17:32:51.679547898+03:00","Action":"output","Package":"virmill.local/core/internal/ui/tui","Test":"TestActionFormEveryRegisteredActionMapsExactRequest/import_prepare","Output":"--- PASS: TestActionFormEveryRegisteredActionMapsExactRequest/import_prepare (0.00s)\n","OutputType":"frame"}
{"Time":"2026-09-08T17:32:51.67955869+03:00","Action":"pass","Package":"virmill.local/core/internal/ui/tui","Test":"TestActionFormEveryRegisteredActionMapsExactRequest/import_prepare","Elapsed":0}
{"Time":"2026-09-08T17:32:51.679573844+03:00","Action":"run","Package":"virmill.local/core/internal/ui/tui","Test":"TestActionFormEveryRegisteredActionMapsExactRequest/import_prepare-disks"}
{"Time":"2026-09-08T17:32:51.679576886+03:00","Action":"output","Package":"virmill.local/core/internal/ui/tui","Test":"TestActionFormEveryRegisteredActionMapsExactRequest/import_prepare-disks","Output":"=== RUN   TestActionFormEveryRegisteredActionMapsExactRequest/import_prepare-disks\n","OutputType":"frame"}
{"Time":"2026-09-08T17:32:51.680411057+03:00","Action":"output","Package":"virmill.local/core/internal/ui/tui","Test":"TestActionFormEveryRegisteredActionMapsExactRequest/import_prepare-disks","Output":"--- PASS: TestActionFormEveryRegisteredActionMapsExactRequest/import_prepare-disks (0.00s)\n","OutputType":"frame"}
{"Time":"2026-09-08T17:32:51.680425533+03:00","Action":"pass","Package":"virmill.local/core/internal/ui/tui","Test":"TestActionFormEveryRegisteredActionMapsExactRequest/import_prepare-disks","Elapsed":0}
{"Time":"2026-09-08T17:32:51.680442097+03:00","Action":"run","Package":"virmill.local/core/internal/ui/tui","Test":"TestActionFormEveryRegisteredActionMapsExactRequest/import_prepare-install"}
{"Time":"2026-09-08T17:32:51.680444852+03:00","Action":"output","Package":"virmill.local/core/internal/ui/tui","Test":"TestActionFormEveryRegisteredActionMapsExactRequest/import_prepare-install","Output":"=== RUN   TestActionFormEveryRegisteredActionMapsExactRequest/import_prepare-install\n","OutputType":"frame"}
{"Time":"2026-09-08T17:32:51.681304103+03:00","Action":"output","Package":"virmill.local/core/internal/ui/tui","Test":"TestActionFormEveryRegisteredActionMapsExactRequest/import_prepare-install","Output":"--- PASS: TestActionFormEveryRegisteredActionMapsExactRequest/import_prepare-install (0.00s)\n","OutputType":"frame"}
{"Time":"2026-09-08T17:32:51.681310375+03:00","Action":"pass","Package":"virmill.local/core/internal/ui/tui","Test":"TestActionFormEveryRegisteredActionMapsExactRequest/import_prepare-install","Elapsed":0}
{"Time":"2026-09-08T17:32:51.681331574+03:00","Action":"run","Package":"virmill.local/core/internal/ui/tui","Test":"TestActionFormEveryRegisteredActionMapsExactRequest/import_result"}
{"Time":"2026-09-08T17:32:51.681335768+03:00","Action":"output","Package":"virmill.local/core/internal/ui/tui","Test":"TestActionFormEveryRegisteredActionMapsExactRequest/import_result","Output":"=== RUN   TestActionFormEveryRegisteredActionMapsExactRequest/import_result\n","OutputType":"frame"}
{"Time":"2026-09-08T17:32:51.681593614+03:00","Action":"output","Package":"virmill.local/core/internal/ui/tui","Test":"TestActionFormEveryRegisteredActionMapsExactRequest/import_result","Output":"--- PASS: TestActionFormEveryRegisteredActionMapsExactRequest/import_result (0.00s)\n","OutputType":"frame"}
{"Time":"2026-09-08T17:32:51.68160538+03:00","Action":"pass","Package":"virmill.local/core/internal/ui/tui","Test":"TestActionFormEveryRegisteredActionMapsExactRequest/import_result","Elapsed":0}
{"Time":"2026-09-08T17:32:51.68160842+03:00","Action":"run","Package":"virmill.local/core/internal/ui/tui","Test":"TestActionFormEveryRegisteredActionMapsExactRequest/import_verify"}
{"Time":"2026-09-08T17:32:51.681609889+03:00","Action":"output","Package":"virmill.local/core/internal/ui/tui","Test":"TestActionFormEveryRegisteredActionMapsExactRequest/import_verify","Output":"=== RUN   TestActionFormEveryRegisteredActionMapsExactRequest/import_verify\n","OutputType":"frame"}
{"Time":"2026-09-08T17:32:51.681822003+03:00","Action":"output","Package":"virmill.local/core/internal/ui/tui","Test":"TestActionFormEveryRegisteredActionMapsExactRequest/import_verify","Output":"--- PASS: TestActionFormEveryRegisteredActionMapsExactRequest/import_verify (0.00s)\n","OutputType":"frame"}
{"Time":"2026-09-08T17:32:51.681828111+03:00","Action":"pass","Package":"virmill.local/core/internal/ui/tui","Test":"TestActionFormEveryRegisteredActionMapsExactRequest/import_verify","Elapsed":0}
{"Time":"2026-09-08T17:32:51.681842962+03:00","Action":"run","Package":"virmill.local/core/internal/ui/tui","Test":"TestActionFormEveryRegisteredActionMapsExactRequest/lab_validate"}
{"Time":"2026-09-08T17:32:51.681845593+03:00","Action":"output","Package":"virmill.local/core/internal/ui/tui","Test":"TestActionFormEveryRegisteredActionMapsExactRequest/lab_validate","Output":"=== RUN   TestActionFormEveryRegisteredActionMapsExactRequest/lab_validate\n","OutputType":"frame"}
{"Time":"2026-09-08T17:32:51.682050198+03:00","Action":"output","Package":"virmill.local/core/internal/ui/tui","Test":"TestActionFormEveryRegisteredActionMapsExactRequest/lab_validate","Output":"--- PASS: TestActionFormEveryRegisteredActionMapsExactRequest/lab_validate (0.00s)\n","OutputType":"frame"}
{"Time":"2026-09-08T17:32:51.682053494+03:00","Action":"pass","Package":"virmill.local/core/internal/ui/tui","Test":"TestActionFormEveryRegisteredActionMapsExactRequest/lab_validate","Elapsed":0}
{"Time":"2026-09-08T17:32:51.68206955+03:00","Action":"run","Package":"virmill.local/core/internal/ui/tui","Test":"TestActionFormEveryRegisteredActionMapsExactRequest/config_validate"}
{"Time":"2026-09-08T17:32:51.682071768+03:00","Action":"output","Package":"virmill.local/core/internal/ui/tui","Test":"TestActionFormEveryRegisteredActionMapsExactRequest/config_validate","Output":"=== RUN   TestActionFormEveryRegisteredActionMapsExactRequest/config_validate\n","OutputType":"frame"}
{"Time":"2026-09-08T17:32:51.682269465+03:00","Action":"output","Package":"virmill.local/core/internal/ui/tui","Test":"TestActionFormEveryRegisteredActionMapsExactRequest/config_validate","Output":"--- PASS: TestActionFormEveryRegisteredActionMapsExactRequest/config_validate (0.00s)\n","OutputType":"frame"}
{"Time":"2026-09-08T17:32:51.682272534+03:00","Action":"pass","Package":"virmill.local/core/internal/ui/tui","Test":"TestActionFormEveryRegisteredActionMapsExactRequest/config_validate","Elapsed":0}
{"Time":"2026-09-08T17:32:51.682284413+03:00","Action":"run","Package":"virmill.local/core/internal/ui/tui","Test":"TestActionFormEveryRegisteredActionMapsExactRequest/backup_policy_validate"}
{"Time":"2026-09-08T17:32:51.68228693+03:00","Action":"output","Package":"virmill.local/core/internal/ui/tui","Test":"TestActionFormEveryRegisteredActionMapsExactRequest/backup_policy_validate","Output":"=== RUN   TestActionFormEveryRegisteredActionMapsExactRequest/backup_policy_validate\n","OutputType":"frame"}
{"Time":"2026-09-08T17:32:51.682496184+03:00","Action":"output","Package":"virmill.local/core/internal/ui/tui","Test":"TestActionFormEveryRegisteredActionMapsExactRequest/backup_policy_validate","Output":"--- PASS: TestActionFormEveryRegisteredActionMapsExactRequest/backup_policy_validate (0.00s)\n","OutputType":"frame"}
{"Time":"2026-09-08T17:32:51.682499854+03:00","Action":"pass","Package":"virmill.local/core/internal/ui/tui","Test":"TestActionFormEveryRegisteredActionMapsExactRequest/backup_policy_validate","Elapsed":0}
{"Time":"2026-09-08T17:32:51.682511117+03:00","Action":"run","Package":"virmill.local/core/internal/ui/tui","Test":"TestActionFormEveryRegisteredActionMapsExactRequest/backup_repository_init"}
{"Time":"2026-09-08T17:32:51.682514125+03:00","Action":"output","Package":"virmill.local/core/internal/ui/tui","Test":"TestActionFormEveryRegisteredActionMapsExactRequest/backup_repository_init","Output":"=== RUN   TestActionFormEveryRegisteredActionMapsExactRequest/backup_repository_init\n","OutputType":"frame"}
{"Time":"2026-09-08T17:32:51.683376897+03:00","Action":"output","Package":"virmill.local/core/internal/ui/tui","Test":"TestActionFormEveryRegisteredActionMapsExactRequest/backup_repository_init","Output":"--- PASS: TestActionFormEveryRegisteredActionMapsExactRequest/backup_repository_init (0.00s)\n","OutputType":"frame"}
{"Time":"2026-09-08T17:32:51.683387731+03:00","Action":"pass","Package":"virmill.local/core/internal/ui/tui","Test":"TestActionFormEveryRegisteredActionMapsExactRequest/backup_repository_init","Elapsed":0}
{"Time":"2026-09-08T17:32:51.683405838+03:00","Action":"run","Package":"virmill.local/core/internal/ui/tui","Test":"TestActionFormEveryRegisteredActionMapsExactRequest/backup_repository_check"}
{"Time":"2026-09-08T17:32:51.683408096+03:00","Action":"output","Package":"virmill.local/core/internal/ui/tui","Test":"TestActionFormEveryRegisteredActionMapsExactRequest/backup_repository_check","Output":"=== RUN   TestActionFormEveryRegisteredActionMapsExactRequest/backup_repository_check\n","OutputType":"frame"}
{"Time":"2026-09-08T17:32:51.684190503+03:00","Action":"output","Package":"virmill.local/core/internal/ui/tui","Test":"TestActionFormEveryRegisteredActionMapsExactRequest/backup_repository_check","Output":"--- PASS: TestActionFormEveryRegisteredActionMapsExactRequest/backup_repository_check (0.00s)\n","OutputType":"frame"}
{"Time":"2026-09-08T17:32:51.68420129+03:00","Action":"pass","Package":"virmill.local/core/internal/ui/tui","Test":"TestActionFormEveryRegisteredActionMapsExactRequest/backup_repository_check","Elapsed":0}
{"Time":"2026-09-08T17:32:51.684212288+03:00","Action":"run","Package":"virmill.local/core/internal/ui/tui","Test":"TestActionFormEveryRegisteredActionMapsExactRequest/backup_create"}
{"Time":"2026-09-08T17:32:51.684214533+03:00","Action":"output","Package":"virmill.local/core/internal/ui/tui","Test":"TestActionFormEveryRegisteredActionMapsExactRequest/backup_create","Output":"=== RUN   TestActionFormEveryRegisteredActionMapsExactRequest/backup_create\n","OutputType":"frame"}
{"Time":"2026-09-08T17:32:51.685032661+03:00","Action":"output","Package":"virmill.local/core/internal/ui/tui","Test":"TestActionFormEveryRegisteredActionMapsExactRequest/backup_create","Output":"--- PASS: TestActionFormEveryRegisteredActionMapsExactRequest/backup_create (0.00s)\n","OutputType":"frame"}
{"Time":"2026-09-08T17:32:51.685043756+03:00","Action":"pass","Package":"virmill.local/core/internal/ui/tui","Test":"TestActionFormEveryRegisteredActionMapsExactRequest/backup_create","Elapsed":0}
{"Time":"2026-09-08T17:32:51.685057901+03:00","Action":"run","Package":"virmill.local/core/internal/ui/tui","Test":"TestActionFormEveryRegisteredActionMapsExactRequest/backup_restore"}
{"Time":"2026-09-08T17:32:51.685060319+03:00","Action":"output","Package":"virmill.local/core/internal/ui/tui","Test":"TestActionFormEveryRegisteredActionMapsExactRequest/backup_restore","Output":"=== RUN   TestActionFormEveryRegisteredActionMapsExactRequest/backup_restore\n","OutputType":"frame"}
{"Time":"2026-09-08T17:32:51.685829508+03:00","Action":"output","Package":"virmill.local/core/internal/ui/tui","Test":"TestActionFormEveryRegisteredActionMapsExactRequest/backup_restore","Output":"--- PASS: TestActionFormEveryRegisteredActionMapsExactRequest/backup_restore (0.00s)\n","OutputType":"frame"}
{"Time":"2026-09-08T17:32:51.685841682+03:00","Action":"pass","Package":"virmill.local/core/internal/ui/tui","Test":"TestActionFormEveryRegisteredActionMapsExactRequest/backup_restore","Elapsed":0}
{"Time":"2026-09-08T17:32:51.685857972+03:00","Action":"run","Package":"virmill.local/core/internal/ui/tui","Test":"TestActionFormEveryRegisteredActionMapsExactRequest/backup_result"}
{"Time":"2026-09-08T17:32:51.685860102+03:00","Action":"output","Package":"virmill.local/core/internal/ui/tui","Test":"TestActionFormEveryRegisteredActionMapsExactRequest/backup_result","Output":"=== RUN   TestActionFormEveryRegisteredActionMapsExactRequest/backup_result\n","OutputType":"frame"}
{"Time":"2026-09-08T17:32:51.686063748+03:00","Action":"output","Package":"virmill.local/core/internal/ui/tui","Test":"TestActionFormEveryRegisteredActionMapsExactRequest/backup_result","Output":"--- PASS: TestActionFormEveryRegisteredActionMapsExactRequest/backup_result (0.00s)\n","OutputType":"frame"}
{"Time":"2026-09-08T17:32:51.686067837+03:00","Action":"pass","Package":"virmill.local/core/internal/ui/tui","Test":"TestActionFormEveryRegisteredActionMapsExactRequest/backup_result","Elapsed":0}
{"Time":"2026-09-08T17:32:51.686084997+03:00","Action":"run","Package":"virmill.local/core/internal/ui/tui","Test":"TestActionFormEveryRegisteredActionMapsExactRequest/backup_policy_preview"}
{"Time":"2026-09-08T17:32:51.686087352+03:00","Action":"output","Package":"virmill.local/core/internal/ui/tui","Test":"TestActionFormEveryRegisteredActionMapsExactRequest/backup_policy_preview","Output":"=== RUN   TestActionFormEveryRegisteredActionMapsExactRequest/backup_policy_preview\n","OutputType":"frame"}
{"Time":"2026-09-08T17:32:51.686887883+03:00","Action":"output","Package":"virmill.local/core/internal/ui/tui","Test":"TestActionFormEveryRegisteredActionMapsExactRequest/backup_policy_preview","Output":"--- PASS: TestActionFormEveryRegisteredActionMapsExactRequest/backup_policy_preview (0.00s)\n","OutputType":"frame"}
{"Time":"2026-09-08T17:32:51.686895451+03:00","Action":"pass","Package":"virmill.local/core/internal/ui/tui","Test":"TestActionFormEveryRegisteredActionMapsExactRequest/backup_policy_preview","Elapsed":0}
{"Time":"2026-09-08T17:32:51.686912709+03:00","Action":"run","Package":"virmill.local/core/internal/ui/tui","Test":"TestActionFormEveryRegisteredActionMapsExactRequest/backup_verify-manifest"}
{"Time":"2026-09-08T17:32:51.686914968+03:00","Action":"output","Package":"virmill.local/core/internal/ui/tui","Test":"TestActionFormEveryRegisteredActionMapsExactRequest/backup_verify-manifest","Output":"=== RUN   TestActionFormEveryRegisteredActionMapsExactRequest/backup_verify-manifest\n","OutputType":"frame"}
{"Time":"2026-09-08T17:32:51.687807343+03:00","Action":"output","Package":"virmill.local/core/internal/ui/tui","Test":"TestActionFormEveryRegisteredActionMapsExactRequest/backup_verify-manifest","Output":"--- PASS: TestActionFormEveryRegisteredActionMapsExactRequest/backup_verify-manifest (0.00s)\n","OutputType":"frame"}
{"Time":"2026-09-08T17:32:51.687823171+03:00","Action":"pass","Package":"virmill.local/core/internal/ui/tui","Test":"TestActionFormEveryRegisteredActionMapsExactRequest/backup_verify-manifest","Elapsed":0}
{"Time":"2026-09-08T17:32:51.687839589+03:00","Action":"run","Package":"virmill.local/core/internal/ui/tui","Test":"TestActionFormEveryRegisteredActionMapsExactRequest/operation_list"}
{"Time":"2026-09-08T17:32:51.687844077+03:00","Action":"output","Package":"virmill.local/core/internal/ui/tui","Test":"TestActionFormEveryRegisteredActionMapsExactRequest/operation_list","Output":"=== RUN   TestActionFormEveryRegisteredActionMapsExactRequest/operation_list\n","OutputType":"frame"}
{"Time":"2026-09-08T17:32:51.68803577+03:00","Action":"output","Package":"virmill.local/core/internal/ui/tui","Test":"TestActionFormEveryRegisteredActionMapsExactRequest/operation_list","Output":"--- PASS: TestActionFormEveryRegisteredActionMapsExactRequest/operation_list (0.00s)\n","OutputType":"frame"}
{"Time":"2026-09-08T17:32:51.688042235+03:00","Action":"pass","Package":"virmill.local/core/internal/ui/tui","Test":"TestActionFormEveryRegisteredActionMapsExactRequest/operation_list","Elapsed":0}
{"Time":"2026-09-08T17:32:51.688052034+03:00","Action":"run","Package":"virmill.local/core/internal/ui/tui","Test":"TestActionFormEveryRegisteredActionMapsExactRequest/operation_show"}
{"Time":"2026-09-08T17:32:51.68805432+03:00","Action":"output","Package":"virmill.local/core/internal/ui/tui","Test":"TestActionFormEveryRegisteredActionMapsExactRequest/operation_show","Output":"=== RUN   TestActionFormEveryRegisteredActionMapsExactRequest/operation_show\n","OutputType":"frame"}
{"Time":"2026-09-08T17:32:51.6882385+03:00","Action":"output","Package":"virmill.local/core/internal/ui/tui","Test":"TestActionFormEveryRegisteredActionMapsExactRequest/operation_show","Output":"--- PASS: TestActionFormEveryRegisteredActionMapsExactRequest/operation_show (0.00s)\n","OutputType":"frame"}
{"Time":"2026-09-08T17:32:51.688242721+03:00","Action":"pass","Package":"virmill.local/core/internal/ui/tui","Test":"TestActionFormEveryRegisteredActionMapsExactRequest/operation_show","Elapsed":0}
{"Time":"2026-09-08T17:32:51.688257605+03:00","Action":"run","Package":"virmill.local/core/internal/ui/tui","Test":"TestActionFormEveryRegisteredActionMapsExactRequest/operation_watch"}
{"Time":"2026-09-08T17:32:51.6882607+03:00","Action":"output","Package":"virmill.local/core/internal/ui/tui","Test":"TestActionFormEveryRegisteredActionMapsExactRequest/operation_watch","Output":"=== RUN   TestActionFormEveryRegisteredActionMapsExactRequest/operation_watch\n","OutputType":"frame"}
{"Time":"2026-09-08T17:32:51.688467158+03:00","Action":"output","Package":"virmill.local/core/internal/ui/tui","Test":"TestActionFormEveryRegisteredActionMapsExactRequest/operation_watch","Output":"--- PASS: TestActionFormEveryRegisteredActionMapsExactRequest/operation_watch (0.00s)\n","OutputType":"frame"}
{"Time":"2026-09-08T17:32:51.688471672+03:00","Action":"pass","Package":"virmill.local/core/internal/ui/tui","Test":"TestActionFormEveryRegisteredActionMapsExactRequest/operation_watch","Elapsed":0}
{"Time":"2026-09-08T17:32:51.688483144+03:00","Action":"run","Package":"virmill.local/core/internal/ui/tui","Test":"TestActionFormEveryRegisteredActionMapsExactRequest/operation_cancel"}
{"Time":"2026-09-08T17:32:51.68848504+03:00","Action":"output","Package":"virmill.local/core/internal/ui/tui","Test":"TestActionFormEveryRegisteredActionMapsExactRequest/operation_cancel","Output":"=== RUN   TestActionFormEveryRegisteredActionMapsExactRequest/operation_cancel\n","OutputType":"frame"}
{"Time":"2026-09-08T17:32:51.688663966+03:00","Action":"output","Package":"virmill.local/core/internal/ui/tui","Test":"TestActionFormEveryRegisteredActionMapsExactRequest/operation_cancel","Output":"--- PASS: TestActionFormEveryRegisteredActionMapsExactRequest/operation_cancel (0.00s)\n","OutputType":"frame"}
{"Time":"2026-09-08T17:32:51.68867036+03:00","Action":"pass","Package":"virmill.local/core/internal/ui/tui","Test":"TestActionFormEveryRegisteredActionMapsExactRequest/operation_cancel","Elapsed":0}
{"Time":"2026-09-08T17:32:51.688685948+03:00","Action":"run","Package":"virmill.local/core/internal/ui/tui","Test":"TestActionFormEveryRegisteredActionMapsExactRequest/operation_reconcile"}
{"Time":"2026-09-08T17:32:51.688688242+03:00","Action":"output","Package":"virmill.local/core/internal/ui/tui","Test":"TestActionFormEveryRegisteredActionMapsExactRequest/operation_reconcile","Output":"=== RUN   TestActionFormEveryRegisteredActionMapsExactRequest/operation_reconcile\n","OutputType":"frame"}
{"Time":"2026-09-08T17:32:51.68887294+03:00","Action":"output","Package":"virmill.local/core/internal/ui/tui","Test":"TestActionFormEveryRegisteredActionMapsExactRequest/operation_reconcile","Output":"--- PASS: TestActionFormEveryRegisteredActionMapsExactRequest/operation_reconcile (0.00s)\n","OutputType":"frame"}
{"Time":"2026-09-08T17:32:51.688878167+03:00","Action":"pass","Package":"virmill.local/core/internal/ui/tui","Test":"TestActionFormEveryRegisteredActionMapsExactRequest/operation_reconcile","Elapsed":0}
{"Time":"2026-09-08T17:32:51.68888768+03:00","Action":"run","Package":"virmill.local/core/internal/ui/tui","Test":"TestActionFormEveryRegisteredActionMapsExactRequest/plan_show"}
{"Time":"2026-09-08T17:32:51.68889077+03:00","Action":"output","Package":"virmill.local/core/internal/ui/tui","Test":"TestActionFormEveryRegisteredActionMapsExactRequest/plan_show","Output":"=== RUN   TestActionFormEveryRegisteredActionMapsExactRequest/plan_show\n","OutputType":"frame"}
{"Time":"2026-09-08T17:32:51.689067675+03:00","Action":"output","Package":"virmill.local/core/internal/ui/tui","Test":"TestActionFormEveryRegisteredActionMapsExactRequest/plan_show","Output":"--- PASS: TestActionFormEveryRegisteredActionMapsExactRequest/plan_show (0.00s)\n","OutputType":"frame"}
{"Time":"2026-09-08T17:32:51.689073498+03:00","Action":"pass","Package":"virmill.local/core/internal/ui/tui","Test":"TestActionFormEveryRegisteredActionMapsExactRequest/plan_show","Elapsed":0}
{"Time":"2026-09-08T17:32:51.689090413+03:00","Action":"output","Package":"virmill.local/core/internal/ui/tui","Test":"TestActionFormEveryRegisteredActionMapsExactRequest","Output":"--- PASS: TestActionFormEveryRegisteredActionMapsExactRequest (0.04s)\n","OutputType":"frame"}
{"Time":"2026-09-08T17:32:51.689110315+03:00","Action":"pass","Package":"virmill.local/core/internal/ui/tui","Test":"TestActionFormEveryRegisteredActionMapsExactRequest","Elapsed":0.04}
{"Time":"2026-09-08T17:32:51.689120923+03:00","Action":"run","Package":"virmill.local/core/internal/ui/tui","Test":"TestActionFormPrimaryIDNeverPrefillsPathOrParameters"}
{"Time":"2026-09-08T17:32:51.689123455+03:00","Action":"output","Package":"virmill.local/core/internal/ui/tui","Test":"TestActionFormPrimaryIDNeverPrefillsPathOrParameters","Output":"=== RUN   TestActionFormPrimaryIDNeverPrefillsPathOrParameters\n","OutputType":"frame"}
{"Time":"2026-09-08T17:32:51.689198296+03:00","Action":"output","Package":"virmill.local/core/internal/ui/tui","Test":"TestActionFormPrimaryIDNeverPrefillsPathOrParameters","Output":"--- PASS: TestActionFormPrimaryIDNeverPrefillsPathOrParameters (0.00s)\n","OutputType":"frame"}
{"Time":"2026-09-08T17:32:51.6892019+03:00","Action":"pass","Package":"virmill.local/core/internal/ui/tui","Test":"TestActionFormPrimaryIDNeverPrefillsPathOrParameters","Elapsed":0}
{"Time":"2026-09-08T17:32:51.689211412+03:00","Action":"run","Package":"virmill.local/core/internal/ui/tui","Test":"TestActionFormOptionalParametersAndExplicitCompoundArguments"}
{"Time":"2026-09-08T17:32:51.689213749+03:00","Action":"output","Package":"virmill.local/core/internal/ui/tui","Test":"TestActionFormOptionalParametersAndExplicitCompoundArguments","Output":"=== RUN   TestActionFormOptionalParametersAndExplicitCompoundArguments\n","OutputType":"frame"}
{"Time":"2026-09-08T17:32:51.689354458+03:00","Action":"output","Package":"virmill.local/core/internal/ui/tui","Test":"TestActionFormOptionalParametersAndExplicitCompoundArguments","Output":"--- PASS: TestActionFormOptionalParametersAndExplicitCompoundArguments (0.00s)\n","OutputType":"frame"}
{"Time":"2026-09-08T17:32:51.689358583+03:00","Action":"pass","Package":"virmill.local/core/internal/ui/tui","Test":"TestActionFormOptionalParametersAndExplicitCompoundArguments","Elapsed":0}
{"Time":"2026-09-08T17:32:51.689371858+03:00","Action":"run","Package":"virmill.local/core/internal/ui/tui","Test":"TestActionFormBadParametersRefusedWithoutSuccessfulRequest"}
{"Time":"2026-09-08T17:32:51.689374202+03:00","Action":"output","Package":"virmill.local/core/internal/ui/tui","Test":"TestActionFormBadParametersRefusedWithoutSuccessfulRequest","Output":"=== RUN   TestActionFormBadParametersRefusedWithoutSuccessfulRequest\n","OutputType":"frame"}
{"Time":"2026-09-08T17:32:51.696707815+03:00","Action":"output","Package":"virmill.local/core/internal/ui/tui","Test":"TestActionFormBadParametersRefusedWithoutSuccessfulRequest","Output":"--- PASS: TestActionFormBadParametersRefusedWithoutSuccessfulRequest (0.01s)\n","OutputType":"frame"}
{"Time":"2026-09-08T17:32:51.696724257+03:00","Action":"pass","Package":"virmill.local/core/internal/ui/tui","Test":"TestActionFormBadParametersRefusedWithoutSuccessfulRequest","Elapsed":0.01}
{"Time":"2026-09-08T17:32:51.69672885+03:00","Action":"run","Package":"virmill.local/core/internal/ui/tui","Test":"TestActionFormMissingBadFieldsAndCancel"}
{"Time":"2026-09-08T17:32:51.696730319+03:00","Action":"output","Package":"virmill.local/core/internal/ui/tui","Test":"TestActionFormMissingBadFieldsAndCancel","Output":"=== RUN   TestActionFormMissingBadFieldsAndCancel\n","OutputType":"frame"}
{"Time":"2026-09-08T17:32:51.696770822+03:00","Action":"run","Package":"virmill.local/core/internal/ui/tui","Test":"TestActionFormMissingBadFieldsAndCancel/vm_show/id/"}
{"Time":"2026-09-08T17:32:51.696772638+03:00","Action":"output","Package":"virmill.local/core/internal/ui/tui","Test":"TestActionFormMissingBadFieldsAndCancel/vm_show/id/","Output":"=== RUN   TestActionFormMissingBadFieldsAndCancel/vm_show/id/\n","OutputType":"frame"}
{"Time":"2026-09-08T17:32:51.696859936+03:00","Action":"output","Package":"virmill.local/core/internal/ui/tui","Test":"TestActionFormMissingBadFieldsAndCancel/vm_show/id/","Output":"--- PASS: TestActionFormMissingBadFieldsAndCancel/vm_show/id/ (0.00s)\n","OutputType":"frame"}
{"Time":"2026-09-08T17:32:51.696870907+03:00","Action":"pass","Package":"virmill.local/core/internal/ui/tui","Test":"TestActionFormMissingBadFieldsAndCancel/vm_show/id/","Elapsed":0}
{"Time":"2026-09-08T17:32:51.696882976+03:00","Action":"run","Package":"virmill.local/core/internal/ui/tui","Test":"TestActionFormMissingBadFieldsAndCancel/vm_show/id/_padded_"}
{"Time":"2026-09-08T17:32:51.69688517+03:00","Action":"output","Package":"virmill.local/core/internal/ui/tui","Test":"TestActionFormMissingBadFieldsAndCancel/vm_show/id/_padded_","Output":"=== RUN   TestActionFormMissingBadFieldsAndCancel/vm_show/id/_padded_\n","OutputType":"frame"}
{"Time":"2026-09-08T17:32:51.696945868+03:00","Action":"output","Package":"virmill.local/core/internal/ui/tui","Test":"TestActionFormMissingBadFieldsAndCancel/vm_show/id/_padded_","Output":"--- PASS: TestActionFormMissingBadFieldsAndCancel/vm_show/id/_padded_ (0.00s)\n","OutputType":"frame"}
{"Time":"2026-09-08T17:32:51.696959128+03:00","Action":"pass","Package":"virmill.local/core/internal/ui/tui","Test":"TestActionFormMissingBadFieldsAndCancel/vm_show/id/_padded_","Elapsed":0}
{"Time":"2026-09-08T17:32:51.696975028+03:00","Action":"run","Package":"virmill.local/core/internal/ui/tui","Test":"TestActionFormMissingBadFieldsAndCancel/network_create/path/"}
{"Time":"2026-09-08T17:32:51.696977408+03:00","Action":"output","Package":"virmill.local/core/internal/ui/tui","Test":"TestActionFormMissingBadFieldsAndCancel/network_create/path/","Output":"=== RUN   TestActionFormMissingBadFieldsAndCancel/network_create/path/\n","OutputType":"frame"}
{"Time":"2026-09-08T17:32:51.697063221+03:00","Action":"output","Package":"virmill.local/core/internal/ui/tui","Test":"TestActionFormMissingBadFieldsAndCancel/network_create/path/","Output":"--- PASS: TestActionFormMissingBadFieldsAndCancel/network_create/path/ (0.00s)\n","OutputType":"frame"}
{"Time":"2026-09-08T17:32:51.697081627+03:00","Action":"pass","Package":"virmill.local/core/internal/ui/tui","Test":"TestActionFormMissingBadFieldsAndCancel/network_create/path/","Elapsed":0}
{"Time":"2026-09-08T17:32:51.69708709+03:00","Action":"run","Package":"virmill.local/core/internal/ui/tui","Test":"TestActionFormMissingBadFieldsAndCancel/network_create/path/relative.yaml"}
{"Time":"2026-09-08T17:32:51.697089229+03:00","Action":"output","Package":"virmill.local/core/internal/ui/tui","Test":"TestActionFormMissingBadFieldsAndCancel/network_create/path/relative.yaml","Output":"=== RUN   TestActionFormMissingBadFieldsAndCancel/network_create/path/relative.yaml\n","OutputType":"frame"}
{"Time":"2026-09-08T17:32:51.697139117+03:00","Action":"output","Package":"virmill.local/core/internal/ui/tui","Test":"TestActionFormMissingBadFieldsAndCancel/network_create/path/relative.yaml","Output":"--- PASS: TestActionFormMissingBadFieldsAndCancel/network_create/path/relative.yaml (0.00s)\n","OutputType":"frame"}
{"Time":"2026-09-08T17:32:51.697143256+03:00","Action":"pass","Package":"virmill.local/core/internal/ui/tui","Test":"TestActionFormMissingBadFieldsAndCancel/network_create/path/relative.yaml","Elapsed":0}
{"Time":"2026-09-08T17:32:51.697158266+03:00","Action":"run","Package":"virmill.local/core/internal/ui/tui","Test":"TestActionFormMissingBadFieldsAndCancel/network_create/path//private/../network.yaml"}
{"Time":"2026-09-08T17:32:51.697160707+03:00","Action":"output","Package":"virmill.local/core/internal/ui/tui","Test":"TestActionFormMissingBadFieldsAndCancel/network_create/path//private/../network.yaml","Output":"=== RUN   TestActionFormMissingBadFieldsAndCancel/network_create/path//private/../network.yaml\n","OutputType":"frame"}
{"Time":"2026-09-08T17:32:51.69721014+03:00","Action":"output","Package":"virmill.local/core/internal/ui/tui","Test":"TestActionFormMissingBadFieldsAndCancel/network_create/path//private/../network.yaml","Output":"--- PASS: TestActionFormMissingBadFieldsAndCancel/network_create/path//private/../network.yaml (0.00s)\n","OutputType":"frame"}
{"Time":"2026-09-08T17:32:51.697218274+03:00","Action":"pass","Package":"virmill.local/core/internal/ui/tui","Test":"TestActionFormMissingBadFieldsAndCancel/network_create/path//private/../network.yaml","Elapsed":0}
{"Time":"2026-09-08T17:32:51.697227805+03:00","Action":"run","Package":"virmill.local/core/internal/ui/tui","Test":"TestActionFormMissingBadFieldsAndCancel/guest_recipe_run/path/"}
{"Time":"2026-09-08T17:32:51.697231012+03:00","Action":"output","Package":"virmill.local/core/internal/ui/tui","Test":"TestActionFormMissingBadFieldsAndCancel/guest_recipe_run/path/","Output":"=== RUN   TestActionFormMissingBadFieldsAndCancel/guest_recipe_run/path/\n","OutputType":"frame"}
{"Time":"2026-09-08T17:32:51.697283578+03:00","Action":"output","Package":"virmill.local/core/internal/ui/tui","Test":"TestActionFormMissingBadFieldsAndCancel/guest_recipe_run/path/","Output":"--- PASS: TestActionFormMissingBadFieldsAndCancel/guest_recipe_run/path/ (0.00s)\n","OutputType":"frame"}
{"Time":"2026-09-08T17:32:51.697291846+03:00","Action":"pass","Package":"virmill.local/core/internal/ui/tui","Test":"TestActionFormMissingBadFieldsAndCancel/guest_recipe_run/path/","Elapsed":0}
{"Time":"2026-09-08T17:32:51.697306782+03:00","Action":"run","Package":"virmill.local/core/internal/ui/tui","Test":"TestActionFormMissingBadFieldsAndCancel/plugin_call/pluginAction/"}
{"Time":"2026-09-08T17:32:51.697309125+03:00","Action":"output","Package":"virmill.local/core/internal/ui/tui","Test":"TestActionFormMissingBadFieldsAndCancel/plugin_call/pluginAction/","Output":"=== RUN   TestActionFormMissingBadFieldsAndCancel/plugin_call/pluginAction/\n","OutputType":"frame"}
{"Time":"2026-09-08T17:32:51.697364062+03:00","Action":"output","Package":"virmill.local/core/internal/ui/tui","Test":"TestActionFormMissingBadFieldsAndCancel/plugin_call/pluginAction/","Output":"--- PASS: TestActionFormMissingBadFieldsAndCancel/plugin_call/pluginAction/ (0.00s)\n","OutputType":"frame"}
{"Time":"2026-09-08T17:32:51.697369955+03:00","Action":"pass","Package":"virmill.local/core/internal/ui/tui","Test":"TestActionFormMissingBadFieldsAndCancel/plugin_call/pluginAction/","Elapsed":0}
{"Time":"2026-09-08T17:32:51.697382303+03:00","Action":"run","Package":"virmill.local/core/internal/ui/tui","Test":"TestActionFormMissingBadFieldsAndCancel/operation_watch/after/-1"}
{"Time":"2026-09-08T17:32:51.69738476+03:00","Action":"output","Package":"virmill.local/core/internal/ui/tui","Test":"TestActionFormMissingBadFieldsAndCancel/operation_watch/after/-1","Output":"=== RUN   TestActionFormMissingBadFieldsAndCancel/operation_watch/after/-1\n","OutputType":"frame"}
{"Time":"2026-09-08T17:32:51.697459849+03:00","Action":"output","Package":"virmill.local/core/internal/ui/tui","Test":"TestActionFormMissingBadFieldsAndCancel/operation_watch/after/-1","Output":"--- PASS: TestActionFormMissingBadFieldsAndCancel/operation_watch/after/-1 (0.00s)\n","OutputType":"frame"}
{"Time":"2026-09-08T17:32:51.697463225+03:00","Action":"pass","Package":"virmill.local/core/internal/ui/tui","Test":"TestActionFormMissingBadFieldsAndCancel/operation_watch/after/-1","Elapsed":0}
{"Time":"2026-09-08T17:32:51.697476686+03:00","Action":"run","Package":"virmill.local/core/internal/ui/tui","Test":"TestActionFormMissingBadFieldsAndCancel/operation_watch/after/01"}
{"Time":"2026-09-08T17:32:51.697478842+03:00","Action":"output","Package":"virmill.local/core/internal/ui/tui","Test":"TestActionFormMissingBadFieldsAndCancel/operation_watch/after/01","Output":"=== RUN   TestActionFormMissingBadFieldsAndCancel/operation_watch/after/01\n","OutputType":"frame"}
{"Time":"2026-09-08T17:32:51.697545226+03:00","Action":"output","Package":"virmill.local/core/internal/ui/tui","Test":"TestActionFormMissingBadFieldsAndCancel/operation_watch/after/01","Output":"--- PASS: TestActionFormMissingBadFieldsAndCancel/operation_watch/after/01 (0.00s)\n","OutputType":"frame"}
{"Time":"2026-09-08T17:32:51.697548398+03:00","Action":"pass","Package":"virmill.local/core/internal/ui/tui","Test":"TestActionFormMissingBadFieldsAndCancel/operation_watch/after/01","Elapsed":0}
{"Time":"2026-09-08T17:32:51.697562697+03:00","Action":"run","Package":"virmill.local/core/internal/ui/tui","Test":"TestActionFormMissingBadFieldsAndCancel/operation_watch/after/9223372036854775808"}
{"Time":"2026-09-08T17:32:51.697565064+03:00","Action":"output","Package":"virmill.local/core/internal/ui/tui","Test":"TestActionFormMissingBadFieldsAndCancel/operation_watch/after/9223372036854775808","Output":"=== RUN   TestActionFormMissingBadFieldsAndCancel/operation_watch/after/9223372036854775808\n","OutputType":"frame"}
{"Time":"2026-09-08T17:32:51.69763785+03:00","Action":"output","Package":"virmill.local/core/internal/ui/tui","Test":"TestActionFormMissingBadFieldsAndCancel/operation_watch/after/9223372036854775808","Output":"--- PASS: TestActionFormMissingBadFieldsAndCancel/operation_watch/after/9223372036854775808 (0.00s)\n","OutputType":"frame"}
{"Time":"2026-09-08T17:32:51.697645934+03:00","Action":"pass","Package":"virmill.local/core/internal/ui/tui","Test":"TestActionFormMissingBadFieldsAndCancel/operation_watch/after/9223372036854775808","Elapsed":0}
{"Time":"2026-09-08T17:32:51.697660327+03:00","Action":"run","Package":"virmill.local/core/internal/ui/tui","Test":"TestActionFormMissingBadFieldsAndCancel/network_cidr_check/parametersFile//missing/explicit-file.json"}
{"Time":"2026-09-08T17:32:51.697662638+03:00","Action":"output","Package":"virmill.local/core/internal/ui/tui","Test":"TestActionFormMissingBadFieldsAndCancel/network_cidr_check/parametersFile//missing/explicit-file.json","Output":"=== RUN   TestActionFormMissingBadFieldsAndCancel/network_cidr_check/parametersFile//missing/explicit-file.json\n","OutputType":"frame"}
{"Time":"2026-09-08T17:32:51.697717742+03:00","Action":"output","Package":"virmill.local/core/internal/ui/tui","Test":"TestActionFormMissingBadFieldsAndCancel/network_cidr_check/parametersFile//missing/explicit-file.json","Output":"--- PASS: TestActionFormMissingBadFieldsAndCancel/network_cidr_check/parametersFile//missing/explicit-file.json (0.00s)\n","OutputType":"frame"}
{"Time":"2026-09-08T17:32:51.697729479+03:00","Action":"pass","Package":"virmill.local/core/internal/ui/tui","Test":"TestActionFormMissingBadFieldsAndCancel/network_cidr_check/parametersFile//missing/explicit-file.json","Elapsed":0}
{"Time":"2026-09-08T17:32:51.69773297+03:00","Action":"run","Package":"virmill.local/core/internal/ui/tui","Test":"TestActionFormMissingBadFieldsAndCancel/network_cidr_check/parametersFile/relative.json"}
{"Time":"2026-09-08T17:32:51.697736984+03:00","Action":"output","Package":"virmill.local/core/internal/ui/tui","Test":"TestActionFormMissingBadFieldsAndCancel/network_cidr_check/parametersFile/relative.json","Output":"=== RUN   TestActionFormMissingBadFieldsAndCancel/network_cidr_check/parametersFile/relative.json\n","OutputType":"frame"}
{"Time":"2026-09-08T17:32:51.697778572+03:00","Action":"output","Package":"virmill.local/core/internal/ui/tui","Test":"TestActionFormMissingBadFieldsAndCancel/network_cidr_check/parametersFile/relative.json","Output":"--- PASS: TestActionFormMissingBadFieldsAndCancel/network_cidr_check/parametersFile/relative.json (0.00s)\n","OutputType":"frame"}
{"Time":"2026-09-08T17:32:51.697786581+03:00","Action":"pass","Package":"virmill.local/core/internal/ui/tui","Test":"TestActionFormMissingBadFieldsAndCancel/network_cidr_check/parametersFile/relative.json","Elapsed":0}
{"Time":"2026-09-08T17:32:51.697801282+03:00","Action":"output","Package":"virmill.local/core/internal/ui/tui","Test":"TestActionFormMissingBadFieldsAndCancel","Output":"--- PASS: TestActionFormMissingBadFieldsAndCancel (0.00s)\n","OutputType":"frame"}
{"Time":"2026-09-08T17:32:51.697805009+03:00","Action":"pass","Package":"virmill.local/core/internal/ui/tui","Test":"TestActionFormMissingBadFieldsAndCancel","Elapsed":0}
{"Time":"2026-09-08T17:32:51.697816295+03:00","Action":"run","Package":"virmill.local/core/internal/ui/tui","Test":"TestActionFormFocusLiteralEditingAndDisplayBounds"}
{"Time":"2026-09-08T17:32:51.697818684+03:00","Action":"output","Package":"virmill.local/core/internal/ui/tui","Test":"TestActionFormFocusLiteralEditingAndDisplayBounds","Output":"=== RUN   TestActionFormFocusLiteralEditingAndDisplayBounds\n","OutputType":"frame"}
{"Time":"2026-09-08T17:32:51.698607596+03:00","Action":"output","Package":"virmill.local/core/internal/ui/tui","Test":"TestActionFormFocusLiteralEditingAndDisplayBounds","Output":"--- PASS: TestActionFormFocusLiteralEditingAndDisplayBounds (0.00s)\n","OutputType":"frame"}
{"Time":"2026-09-08T17:32:51.698611339+03:00","Action":"pass","Package":"virmill.local/core/internal/ui/tui","Test":"TestActionFormFocusLiteralEditingAndDisplayBounds","Elapsed":0}
{"Time":"2026-09-08T17:32:51.698623497+03:00","Action":"run","Package":"virmill.local/core/internal/ui/tui","Test":"TestActionFormRejectsInventedMethodsAndCorruptForm"}
{"Time":"2026-09-08T17:32:51.698625161+03:00","Action":"output","Package":"virmill.local/core/internal/ui/tui","Test":"TestActionFormRejectsInventedMethodsAndCorruptForm","Output":"=== RUN   TestActionFormRejectsInventedMethodsAndCorruptForm\n","OutputType":"frame"}
{"Time":"2026-09-08T17:32:51.698713547+03:00","Action":"output","Package":"virmill.local/core/internal/ui/tui","Test":"TestActionFormRejectsInventedMethodsAndCorruptForm","Output":"--- PASS: TestActionFormRejectsInventedMethodsAndCorruptForm (0.00s)\n","OutputType":"frame"}
{"Time":"2026-09-08T17:32:51.698720353+03:00","Action":"pass","Package":"virmill.local/core/internal/ui/tui","Test":"TestActionFormRejectsInventedMethodsAndCorruptForm","Elapsed":0}
{"Time":"2026-09-08T17:32:51.698723802+03:00","Action":"run","Package":"virmill.local/core/internal/ui/tui","Test":"TestAuxiliaryTUIJSONFormAndCurrentPagedSharedObservation"}
{"Time":"2026-09-08T17:32:51.698725561+03:00","Action":"output","Package":"virmill.local/core/internal/ui/tui","Test":"TestAuxiliaryTUIJSONFormAndCurrentPagedSharedObservation","Output":"=== RUN   TestAuxiliaryTUIJSONFormAndCurrentPagedSharedObservation\n","OutputType":"frame"}
{"Time":"2026-09-08T17:32:51.72384603+03:00","Action":"output","Package":"virmill.local/core/internal/ui/cli","Test":"TestAuxiliaryCLIMachineOutputPreservesSharedReadOnlyObservation/json","Output":"--- PASS: TestAuxiliaryCLIMachineOutputPreservesSharedReadOnlyObservation/json (0.07s)\n","OutputType":"frame"}
{"Time":"2026-09-08T17:32:51.723882683+03:00","Action":"pass","Package":"virmill.local/core/internal/ui/cli","Test":"TestAuxiliaryCLIMachineOutputPreservesSharedReadOnlyObservation/json","Elapsed":0.07}
{"Time":"2026-09-08T17:32:51.723891492+03:00","Action":"run","Package":"virmill.local/core/internal/ui/cli","Test":"TestAuxiliaryCLIMachineOutputPreservesSharedReadOnlyObservation/ndjson"}
{"Time":"2026-09-08T17:32:51.723893538+03:00","Action":"output","Package":"virmill.local/core/internal/ui/cli","Test":"TestAuxiliaryCLIMachineOutputPreservesSharedReadOnlyObservation/ndjson","Output":"=== RUN   TestAuxiliaryCLIMachineOutputPreservesSharedReadOnlyObservation/ndjson\n","OutputType":"frame"}
{"Time":"2026-09-08T17:32:51.726564226+03:00","Action":"output","Package":"virmill.local/core/internal/ui/cli","Test":"TestAuxiliaryCLIMachineOutputPreservesSharedReadOnlyObservation/ndjson","Output":"--- PASS: TestAuxiliaryCLIMachineOutputPreservesSharedReadOnlyObservation/ndjson (0.00s)\n","OutputType":"frame"}
{"Time":"2026-09-08T17:32:51.726573102+03:00","Action":"pass","Package":"virmill.local/core/internal/ui/cli","Test":"TestAuxiliaryCLIMachineOutputPreservesSharedReadOnlyObservation/ndjson","Elapsed":0}
{"Time":"2026-09-08T17:32:51.727086514+03:00","Action":"output","Package":"virmill.local/core/internal/ui/cli","Test":"TestAuxiliaryCLIMachineOutputPreservesSharedReadOnlyObservation","Output":"--- PASS: TestAuxiliaryCLIMachineOutputPreservesSharedReadOnlyObservation (0.07s)\n","OutputType":"frame"}
{"Time":"2026-09-08T17:32:51.727092226+03:00","Action":"pass","Package":"virmill.local/core/internal/ui/cli","Test":"TestAuxiliaryCLIMachineOutputPreservesSharedReadOnlyObservation","Elapsed":0.07}
{"Time":"2026-09-08T17:32:51.727112982+03:00","Action":"run","Package":"virmill.local/core/internal/ui/cli","Test":"TestAuxiliaryCLIErrorsAndCancellationDoNotReturnMetadata"}
{"Time":"2026-09-08T17:32:51.727115474+03:00","Action":"output","Package":"virmill.local/core/internal/ui/cli","Test":"TestAuxiliaryCLIErrorsAndCancellationDoNotReturnMetadata","Output":"=== RUN   TestAuxiliaryCLIErrorsAndCancellationDoNotReturnMetadata\n","OutputType":"frame"}
{"Time":"2026-09-08T17:32:51.727134067+03:00","Action":"run","Package":"virmill.local/core/internal/ui/cli","Test":"TestAuxiliaryCLIErrorsAndCancellationDoNotReturnMetadata/json/unknown-input"}
{"Time":"2026-09-08T17:32:51.727136307+03:00","Action":"output","Package":"virmill.local/core/internal/ui/cli","Test":"TestAuxiliaryCLIErrorsAndCancellationDoNotReturnMetadata/json/unknown-input","Output":"=== RUN   TestAuxiliaryCLIErrorsAndCancellationDoNotReturnMetadata/json/unknown-input\n","OutputType":"frame"}
{"Time":"2026-09-08T17:32:51.728561142+03:00","Action":"output","Package":"virmill.local/core/internal/ui/cli","Test":"TestAuxiliaryCLIErrorsAndCancellationDoNotReturnMetadata/json/unknown-input","Output":"--- PASS: TestAuxiliaryCLIErrorsAndCancellationDoNotReturnMetadata/json/unknown-input (0.00s)\n","OutputType":"frame"}
{"Time":"2026-09-08T17:32:51.728578215+03:00","Action":"pass","Package":"virmill.local/core/internal/ui/cli","Test":"TestAuxiliaryCLIErrorsAndCancellationDoNotReturnMetadata/json/unknown-input","Elapsed":0}
{"Time":"2026-09-08T17:32:51.728590587+03:00","Action":"run","Package":"virmill.local/core/internal/ui/cli","Test":"TestAuxiliaryCLIErrorsAndCancellationDoNotReturnMetadata/json/missing-root"}
{"Time":"2026-09-08T17:32:51.728592459+03:00","Action":"output","Package":"virmill.local/core/internal/ui/cli","Test":"TestAuxiliaryCLIErrorsAndCancellationDoNotReturnMetadata/json/missing-root","Output":"=== RUN   TestAuxiliaryCLIErrorsAndCancellationDoNotReturnMetadata/json/missing-root\n","OutputType":"frame"}
{"Time":"2026-09-08T17:32:51.729828491+03:00","Action":"output","Package":"virmill.local/core/internal/ui/cli","Test":"TestAuxiliaryCLIErrorsAndCancellationDoNotReturnMetadata/json/missing-root","Output":"--- PASS: TestAuxiliaryCLIErrorsAndCancellationDoNotReturnMetadata/json/missing-root (0.00s)\n","OutputType":"frame"}
{"Time":"2026-09-08T17:32:51.729846421+03:00","Action":"pass","Package":"virmill.local/core/internal/ui/cli","Test":"TestAuxiliaryCLIErrorsAndCancellationDoNotReturnMetadata/json/missing-root","Elapsed":0}
{"Time":"2026-09-08T17:32:51.729865631+03:00","Action":"run","Package":"virmill.local/core/internal/ui/cli","Test":"TestAuxiliaryCLIErrorsAndCancellationDoNotReturnMetadata/json/unapproved-root"}
{"Time":"2026-09-08T17:32:51.729868707+03:00","Action":"output","Package":"virmill.local/core/internal/ui/cli","Test":"TestAuxiliaryCLIErrorsAndCancellationDoNotReturnMetadata/json/unapproved-root","Output":"=== RUN   TestAuxiliaryCLIErrorsAndCancellationDoNotReturnMetadata/json/unapproved-root\n","OutputType":"frame"}
{"Time":"2026-09-08T17:32:51.731092943+03:00","Action":"output","Package":"virmill.local/core/internal/ui/cli","Test":"TestAuxiliaryCLIErrorsAndCancellationDoNotReturnMetadata/json/unapproved-root","Output":"--- PASS: TestAuxiliaryCLIErrorsAndCancellationDoNotReturnMetadata/json/unapproved-root (0.00s)\n","OutputType":"frame"}
{"Time":"2026-09-08T17:32:51.731110599+03:00","Action":"pass","Package":"virmill.local/core/internal/ui/cli","Test":"TestAuxiliaryCLIErrorsAndCancellationDoNotReturnMetadata/json/unapproved-root","Elapsed":0}
{"Time":"2026-09-08T17:32:51.731113843+03:00","Action":"run","Package":"virmill.local/core/internal/ui/cli","Test":"TestAuxiliaryCLIErrorsAndCancellationDoNotReturnMetadata/json/session"}
{"Time":"2026-09-08T17:32:51.731115312+03:00","Action":"output","Package":"virmill.local/core/internal/ui/cli","Test":"TestAuxiliaryCLIErrorsAndCancellationDoNotReturnMetadata/json/session","Output":"=== RUN   TestAuxiliaryCLIErrorsAndCancellationDoNotReturnMetadata/json/session\n","OutputType":"frame"}
{"Time":"2026-09-08T17:32:51.732088823+03:00","Action":"output","Package":"virmill.local/core/internal/ui/cli","Test":"TestAuxiliaryCLIErrorsAndCancellationDoNotReturnMetadata/json/session","Output":"--- PASS: TestAuxiliaryCLIErrorsAndCancellationDoNotReturnMetadata/json/session (0.00s)\n","OutputType":"frame"}
{"Time":"2026-09-08T17:32:51.732099148+03:00","Action":"pass","Package":"virmill.local/core/internal/ui/cli","Test":"TestAuxiliaryCLIErrorsAndCancellationDoNotReturnMetadata/json/session","Elapsed":0}
{"Time":"2026-09-08T17:32:51.732112678+03:00","Action":"run","Package":"virmill.local/core/internal/ui/cli","Test":"TestAuxiliaryCLIErrorsAndCancellationDoNotReturnMetadata/json/root-actor"}
{"Time":"2026-09-08T17:32:51.732114905+03:00","Action":"output","Package":"virmill.local/core/internal/ui/cli","Test":"TestAuxiliaryCLIErrorsAndCancellationDoNotReturnMetadata/json/root-actor","Output":"=== RUN   TestAuxiliaryCLIErrorsAndCancellationDoNotReturnMetadata/json/root-actor\n","OutputType":"frame"}
{"Time":"2026-09-08T17:32:51.73291607+03:00","Action":"output","Package":"virmill.local/core/internal/ui/cli","Test":"TestAuxiliaryCLIErrorsAndCancellationDoNotReturnMetadata/json/root-actor","Output":"--- PASS: TestAuxiliaryCLIErrorsAndCancellationDoNotReturnMetadata/json/root-actor (0.00s)\n","OutputType":"frame"}
{"Time":"2026-09-08T17:32:51.732930014+03:00","Action":"pass","Package":"virmill.local/core/internal/ui/cli","Test":"TestAuxiliaryCLIErrorsAndCancellationDoNotReturnMetadata/json/root-actor","Elapsed":0}
{"Time":"2026-09-08T17:32:51.732940355+03:00","Action":"run","Package":"virmill.local/core/internal/ui/cli","Test":"TestAuxiliaryCLIErrorsAndCancellationDoNotReturnMetadata/json/native-error"}
{"Time":"2026-09-08T17:32:51.732942961+03:00","Action":"output","Package":"virmill.local/core/internal/ui/cli","Test":"TestAuxiliaryCLIErrorsAndCancellationDoNotReturnMetadata/json/native-error","Output":"=== RUN   TestAuxiliaryCLIErrorsAndCancellationDoNotReturnMetadata/json/native-error\n","OutputType":"frame"}
{"Time":"2026-09-08T17:32:51.734784391+03:00","Action":"output","Package":"virmill.local/core/internal/ui/cli","Test":"TestAuxiliaryCLIErrorsAndCancellationDoNotReturnMetadata/json/native-error","Output":"--- PASS: TestAuxiliaryCLIErrorsAndCancellationDoNotReturnMetadata/json/native-error (0.00s)\n","OutputType":"frame"}
{"Time":"2026-09-08T17:32:51.734792655+03:00","Action":"pass","Package":"virmill.local/core/internal/ui/cli","Test":"TestAuxiliaryCLIErrorsAndCancellationDoNotReturnMetadata/json/native-error","Elapsed":0}
{"Time":"2026-09-08T17:32:51.734810725+03:00","Action":"run","Package":"virmill.local/core/internal/ui/cli","Test":"TestAuxiliaryCLIErrorsAndCancellationDoNotReturnMetadata/json/helper-denied"}
{"Time":"2026-09-08T17:32:51.734812569+03:00","Action":"output","Package":"virmill.local/core/internal/ui/cli","Test":"TestAuxiliaryCLIErrorsAndCancellationDoNotReturnMetadata/json/helper-denied","Output":"=== RUN   TestAuxiliaryCLIErrorsAndCancellationDoNotReturnMetadata/json/helper-denied\n","OutputType":"frame"}
{"Time":"2026-09-08T17:32:51.736103091+03:00","Action":"output","Package":"virmill.local/core/internal/ui/cli","Test":"TestAuxiliaryCLIErrorsAndCancellationDoNotReturnMetadata/json/helper-denied","Output":"--- PASS: TestAuxiliaryCLIErrorsAndCancellationDoNotReturnMetadata/json/helper-denied (0.00s)\n","OutputType":"frame"}
{"Time":"2026-09-08T17:32:51.73611549+03:00","Action":"pass","Package":"virmill.local/core/internal/ui/cli","Test":"TestAuxiliaryCLIErrorsAndCancellationDoNotReturnMetadata/json/helper-denied","Elapsed":0}
{"Time":"2026-09-08T17:32:51.73613289+03:00","Action":"run","Package":"virmill.local/core/internal/ui/cli","Test":"TestAuxiliaryCLIErrorsAndCancellationDoNotReturnMetadata/json/source-change"}
{"Time":"2026-09-08T17:32:51.736140096+03:00","Action":"output","Package":"virmill.local/core/internal/ui/cli","Test":"TestAuxiliaryCLIErrorsAndCancellationDoNotReturnMetadata/json/source-change","Output":"=== RUN   TestAuxiliaryCLIErrorsAndCancellationDoNotReturnMetadata/json/source-change\n","OutputType":"frame"}
{"Time":"2026-09-08T17:32:51.737771657+03:00","Action":"output","Package":"virmill.local/core/internal/ui/cli","Test":"TestAuxiliaryCLIErrorsAndCancellationDoNotReturnMetadata/json/source-change","Output":"--- PASS: TestAuxiliaryCLIErrorsAndCancellationDoNotReturnMetadata/json/source-change (0.00s)\n","OutputType":"frame"}
{"Time":"2026-09-08T17:32:51.737780328+03:00","Action":"pass","Package":"virmill.local/core/internal/ui/cli","Test":"TestAuxiliaryCLIErrorsAndCancellationDoNotReturnMetadata/json/source-change","Elapsed":0}
{"Time":"2026-09-08T17:32:51.737797388+03:00","Action":"run","Package":"virmill.local/core/internal/ui/cli","Test":"TestAuxiliaryCLIErrorsAndCancellationDoNotReturnMetadata/json/pre-cancel"}
{"Time":"2026-09-08T17:32:51.737799207+03:00","Action":"output","Package":"virmill.local/core/internal/ui/cli","Test":"TestAuxiliaryCLIErrorsAndCancellationDoNotReturnMetadata/json/pre-cancel","Output":"=== RUN   TestAuxiliaryCLIErrorsAndCancellationDoNotReturnMetadata/json/pre-cancel\n","OutputType":"frame"}
{"Time":"2026-09-08T17:32:51.738592848+03:00","Action":"output","Package":"virmill.local/core/internal/ui/cli","Test":"TestAuxiliaryCLIErrorsAndCancellationDoNotReturnMetadata/json/pre-cancel","Output":"--- PASS: TestAuxiliaryCLIErrorsAndCancellationDoNotReturnMetadata/json/pre-cancel (0.00s)\n","OutputType":"frame"}
{"Time":"2026-09-08T17:32:51.738608306+03:00","Action":"pass","Package":"virmill.local/core/internal/ui/cli","Test":"TestAuxiliaryCLIErrorsAndCancellationDoNotReturnMetadata/json/pre-cancel","Elapsed":0}
{"Time":"2026-09-08T17:32:51.738611557+03:00","Action":"run","Package":"virmill.local/core/internal/ui/cli","Test":"TestAuxiliaryCLIErrorsAndCancellationDoNotReturnMetadata/json/post-cancel"}
{"Time":"2026-09-08T17:32:51.738613128+03:00","Action":"output","Package":"virmill.local/core/internal/ui/cli","Test":"TestAuxiliaryCLIErrorsAndCancellationDoNotReturnMetadata/json/post-cancel","Output":"=== RUN   TestAuxiliaryCLIErrorsAndCancellationDoNotReturnMetadata/json/post-cancel\n","OutputType":"frame"}
{"Time":"2026-09-08T17:32:51.740241621+03:00","Action":"output","Package":"virmill.local/core/internal/ui/cli","Test":"TestAuxiliaryCLIErrorsAndCancellationDoNotReturnMetadata/json/post-cancel","Output":"--- PASS: TestAuxiliaryCLIErrorsAndCancellationDoNotReturnMetadata/json/post-cancel (0.00s)\n","OutputType":"frame"}
{"Time":"2026-09-08T17:32:51.740248869+03:00","Action":"pass","Package":"virmill.local/core/internal/ui/cli","Test":"TestAuxiliaryCLIErrorsAndCancellationDoNotReturnMetadata/json/post-cancel","Elapsed":0}
{"Time":"2026-09-08T17:32:51.740266722+03:00","Action":"run","Package":"virmill.local/core/internal/ui/cli","Test":"TestAuxiliaryCLIErrorsAndCancellationDoNotReturnMetadata/json/transport"}
{"Time":"2026-09-08T17:32:51.740268557+03:00","Action":"output","Package":"virmill.local/core/internal/ui/cli","Test":"TestAuxiliaryCLIErrorsAndCancellationDoNotReturnMetadata/json/transport","Output":"=== RUN   TestAuxiliaryCLIErrorsAndCancellationDoNotReturnMetadata/json/transport\n","OutputType":"frame"}
{"Time":"2026-09-08T17:32:51.741058845+03:00","Action":"output","Package":"virmill.local/core/internal/ui/cli","Test":"TestAuxiliaryCLIErrorsAndCancellationDoNotReturnMetadata/json/transport","Output":"--- PASS: TestAuxiliaryCLIErrorsAndCancellationDoNotReturnMetadata/json/transport (0.00s)\n","OutputType":"frame"}
{"Time":"2026-09-08T17:32:51.741067214+03:00","Action":"pass","Package":"virmill.local/core/internal/ui/cli","Test":"TestAuxiliaryCLIErrorsAndCancellationDoNotReturnMetadata/json/transport","Elapsed":0}
{"Time":"2026-09-08T17:32:51.741086432+03:00","Action":"run","Package":"virmill.local/core/internal/ui/cli","Test":"TestAuxiliaryCLIErrorsAndCancellationDoNotReturnMetadata/ndjson/unknown-input"}
{"Time":"2026-09-08T17:32:51.741088799+03:00","Action":"output","Package":"virmill.local/core/internal/ui/cli","Test":"TestAuxiliaryCLIErrorsAndCancellationDoNotReturnMetadata/ndjson/unknown-input","Output":"=== RUN   TestAuxiliaryCLIErrorsAndCancellationDoNotReturnMetadata/ndjson/unknown-input\n","OutputType":"frame"}
{"Time":"2026-09-08T17:32:51.742117538+03:00","Action":"output","Package":"virmill.local/core/internal/ui/cli","Test":"TestAuxiliaryCLIErrorsAndCancellationDoNotReturnMetadata/ndjson/unknown-input","Output":"--- PASS: TestAuxiliaryCLIErrorsAndCancellationDoNotReturnMetadata/ndjson/unknown-input (0.00s)\n","OutputType":"frame"}
{"Time":"2026-09-08T17:32:51.742127147+03:00","Action":"pass","Package":"virmill.local/core/internal/ui/cli","Test":"TestAuxiliaryCLIErrorsAndCancellationDoNotReturnMetadata/ndjson/unknown-input","Elapsed":0}
{"Time":"2026-09-08T17:32:51.742144696+03:00","Action":"run","Package":"virmill.local/core/internal/ui/cli","Test":"TestAuxiliaryCLIErrorsAndCancellationDoNotReturnMetadata/ndjson/missing-root"}
{"Time":"2026-09-08T17:32:51.742147019+03:00","Action":"output","Package":"virmill.local/core/internal/ui/cli","Test":"TestAuxiliaryCLIErrorsAndCancellationDoNotReturnMetadata/ndjson/missing-root","Output":"=== RUN   TestAuxiliaryCLIErrorsAndCancellationDoNotReturnMetadata/ndjson/missing-root\n","OutputType":"frame"}
{"Time":"2026-09-08T17:32:51.742973125+03:00","Action":"output","Package":"virmill.local/core/internal/ui/cli","Test":"TestAuxiliaryCLIErrorsAndCancellationDoNotReturnMetadata/ndjson/missing-root","Output":"--- PASS: TestAuxiliaryCLIErrorsAndCancellationDoNotReturnMetadata/ndjson/missing-root (0.00s)\n","OutputType":"frame"}
{"Time":"2026-09-08T17:32:51.7429976+03:00","Action":"pass","Package":"virmill.local/core/internal/ui/cli","Test":"TestAuxiliaryCLIErrorsAndCancellationDoNotReturnMetadata/ndjson/missing-root","Elapsed":0}
{"Time":"2026-09-08T17:32:51.743012159+03:00","Action":"run","Package":"virmill.local/core/internal/ui/cli","Test":"TestAuxiliaryCLIErrorsAndCancellationDoNotReturnMetadata/ndjson/unapproved-root"}
{"Time":"2026-09-08T17:32:51.743014668+03:00","Action":"output","Package":"virmill.local/core/internal/ui/cli","Test":"TestAuxiliaryCLIErrorsAndCancellationDoNotReturnMetadata/ndjson/unapproved-root","Output":"=== RUN   TestAuxiliaryCLIErrorsAndCancellationDoNotReturnMetadata/ndjson/unapproved-root\n","OutputType":"frame"}
{"Time":"2026-09-08T17:32:51.744647765+03:00","Action":"output","Package":"virmill.local/core/internal/ui/cli","Test":"TestAuxiliaryCLIErrorsAndCancellationDoNotReturnMetadata/ndjson/unapproved-root","Output":"--- PASS: TestAuxiliaryCLIErrorsAndCancellationDoNotReturnMetadata/ndjson/unapproved-root (0.00s)\n","OutputType":"frame"}
{"Time":"2026-09-08T17:32:51.744664874+03:00","Action":"pass","Package":"virmill.local/core/internal/ui/cli","Test":"TestAuxiliaryCLIErrorsAndCancellationDoNotReturnMetadata/ndjson/unapproved-root","Elapsed":0}
{"Time":"2026-09-08T17:32:51.744668867+03:00","Action":"run","Package":"virmill.local/core/internal/ui/cli","Test":"TestAuxiliaryCLIErrorsAndCancellationDoNotReturnMetadata/ndjson/session"}
{"Time":"2026-09-08T17:32:51.744670647+03:00","Action":"output","Package":"virmill.local/core/internal/ui/cli","Test":"TestAuxiliaryCLIErrorsAndCancellationDoNotReturnMetadata/ndjson/session","Output":"=== RUN   TestAuxiliaryCLIErrorsAndCancellationDoNotReturnMetadata/ndjson/session\n","OutputType":"frame"}
{"Time":"2026-09-08T17:32:51.745502334+03:00","Action":"output","Package":"virmill.local/core/internal/ui/cli","Test":"TestAuxiliaryCLIErrorsAndCancellationDoNotReturnMetadata/ndjson/session","Output":"--- PASS: TestAuxiliaryCLIErrorsAndCancellationDoNotReturnMetadata/ndjson/session (0.00s)\n","OutputType":"frame"}
{"Time":"2026-09-08T17:32:51.745511534+03:00","Action":"pass","Package":"virmill.local/core/internal/ui/cli","Test":"TestAuxiliaryCLIErrorsAndCancellationDoNotReturnMetadata/ndjson/session","Elapsed":0}
{"Time":"2026-09-08T17:32:51.745527736+03:00","Action":"run","Package":"virmill.local/core/internal/ui/cli","Test":"TestAuxiliaryCLIErrorsAndCancellationDoNotReturnMetadata/ndjson/root-actor"}
{"Time":"2026-09-08T17:32:51.745530272+03:00","Action":"output","Package":"virmill.local/core/internal/ui/cli","Test":"TestAuxiliaryCLIErrorsAndCancellationDoNotReturnMetadata/ndjson/root-actor","Output":"=== RUN   TestAuxiliaryCLIErrorsAndCancellationDoNotReturnMetadata/ndjson/root-actor\n","OutputType":"frame"}
{"Time":"2026-09-08T17:32:51.746297307+03:00","Action":"output","Package":"virmill.local/core/internal/ui/cli","Test":"TestAuxiliaryCLIErrorsAndCancellationDoNotReturnMetadata/ndjson/root-actor","Output":"--- PASS: TestAuxiliaryCLIErrorsAndCancellationDoNotReturnMetadata/ndjson/root-actor (0.00s)\n","OutputType":"frame"}
{"Time":"2026-09-08T17:32:51.74630257+03:00","Action":"pass","Package":"virmill.local/core/internal/ui/cli","Test":"TestAuxiliaryCLIErrorsAndCancellationDoNotReturnMetadata/ndjson/root-actor","Elapsed":0}
{"Time":"2026-09-08T17:32:51.746323322+03:00","Action":"run","Package":"virmill.local/core/internal/ui/cli","Test":"TestAuxiliaryCLIErrorsAndCancellationDoNotReturnMetadata/ndjson/native-error"}
{"Time":"2026-09-08T17:32:51.746325823+03:00","Action":"output","Package":"virmill.local/core/internal/ui/cli","Test":"TestAuxiliaryCLIErrorsAndCancellationDoNotReturnMetadata/ndjson/native-error","Output":"=== RUN   TestAuxiliaryCLIErrorsAndCancellationDoNotReturnMetadata/ndjson/native-error\n","OutputType":"frame"}
{"Time":"2026-09-08T17:32:51.747384654+03:00","Action":"output","Package":"virmill.local/core/internal/ui/cli","Test":"TestAuxiliaryCLIErrorsAndCancellationDoNotReturnMetadata/ndjson/native-error","Output":"--- PASS: TestAuxiliaryCLIErrorsAndCancellationDoNotReturnMetadata/ndjson/native-error (0.00s)\n","OutputType":"frame"}
{"Time":"2026-09-08T17:32:51.747394739+03:00","Action":"pass","Package":"virmill.local/core/internal/ui/cli","Test":"TestAuxiliaryCLIErrorsAndCancellationDoNotReturnMetadata/ndjson/native-error","Elapsed":0}
{"Time":"2026-09-08T17:32:51.747415198+03:00","Action":"run","Package":"virmill.local/core/internal/ui/cli","Test":"TestAuxiliaryCLIErrorsAndCancellationDoNotReturnMetadata/ndjson/helper-denied"}
{"Time":"2026-09-08T17:32:51.747418761+03:00","Action":"output","Package":"virmill.local/core/internal/ui/cli","Test":"TestAuxiliaryCLIErrorsAndCancellationDoNotReturnMetadata/ndjson/helper-denied","Output":"=== RUN   TestAuxiliaryCLIErrorsAndCancellationDoNotReturnMetadata/ndjson/helper-denied\n","OutputType":"frame"}
{"Time":"2026-09-08T17:32:51.748684264+03:00","Action":"output","Package":"virmill.local/core/internal/ui/cli","Test":"TestAuxiliaryCLIErrorsAndCancellationDoNotReturnMetadata/ndjson/helper-denied","Output":"--- PASS: TestAuxiliaryCLIErrorsAndCancellationDoNotReturnMetadata/ndjson/helper-denied (0.00s)\n","OutputType":"frame"}
{"Time":"2026-09-08T17:32:51.748693252+03:00","Action":"pass","Package":"virmill.local/core/internal/ui/cli","Test":"TestAuxiliaryCLIErrorsAndCancellationDoNotReturnMetadata/ndjson/helper-denied","Elapsed":0}
{"Time":"2026-09-08T17:32:51.748707377+03:00","Action":"run","Package":"virmill.local/core/internal/ui/cli","Test":"TestAuxiliaryCLIErrorsAndCancellationDoNotReturnMetadata/ndjson/source-change"}
{"Time":"2026-09-08T17:32:51.748709095+03:00","Action":"output","Package":"virmill.local/core/internal/ui/cli","Test":"TestAuxiliaryCLIErrorsAndCancellationDoNotReturnMetadata/ndjson/source-change","Output":"=== RUN   TestAuxiliaryCLIErrorsAndCancellationDoNotReturnMetadata/ndjson/source-change\n","OutputType":"frame"}
{"Time":"2026-09-08T17:32:51.750285463+03:00","Action":"output","Package":"virmill.local/core/internal/ui/cli","Test":"TestAuxiliaryCLIErrorsAndCancellationDoNotReturnMetadata/ndjson/source-change","Output":"--- PASS: TestAuxiliaryCLIErrorsAndCancellationDoNotReturnMetadata/ndjson/source-change (0.00s)\n","OutputType":"frame"}
{"Time":"2026-09-08T17:32:51.750300799+03:00","Action":"pass","Package":"virmill.local/core/internal/ui/cli","Test":"TestAuxiliaryCLIErrorsAndCancellationDoNotReturnMetadata/ndjson/source-change","Elapsed":0}
{"Time":"2026-09-08T17:32:51.750317774+03:00","Action":"run","Package":"virmill.local/core/internal/ui/cli","Test":"TestAuxiliaryCLIErrorsAndCancellationDoNotReturnMetadata/ndjson/pre-cancel"}
{"Time":"2026-09-08T17:32:51.750324034+03:00","Action":"output","Package":"virmill.local/core/internal/ui/cli","Test":"TestAuxiliaryCLIErrorsAndCancellationDoNotReturnMetadata/ndjson/pre-cancel","Output":"=== RUN   TestAuxiliaryCLIErrorsAndCancellationDoNotReturnMetadata/ndjson/pre-cancel\n","OutputType":"frame"}
{"Time":"2026-09-08T17:32:51.752258721+03:00","Action":"output","Package":"virmill.local/core/internal/ui/cli","Test":"TestAuxiliaryCLIErrorsAndCancellationDoNotReturnMetadata/ndjson/pre-cancel","Output":"--- PASS: TestAuxiliaryCLIErrorsAndCancellationDoNotReturnMetadata/ndjson/pre-cancel (0.00s)\n","OutputType":"frame"}
{"Time":"2026-09-08T17:32:51.752270105+03:00","Action":"pass","Package":"virmill.local/core/internal/ui/cli","Test":"TestAuxiliaryCLIErrorsAndCancellationDoNotReturnMetadata/ndjson/pre-cancel","Elapsed":0}
{"Time":"2026-09-08T17:32:51.752277352+03:00","Action":"run","Package":"virmill.local/core/internal/ui/cli","Test":"TestAuxiliaryCLIErrorsAndCancellationDoNotReturnMetadata/ndjson/post-cancel"}
{"Time":"2026-09-08T17:32:51.752278901+03:00","Action":"output","Package":"virmill.local/core/internal/ui/cli","Test":"TestAuxiliaryCLIErrorsAndCancellationDoNotReturnMetadata/ndjson/post-cancel","Output":"=== RUN   TestAuxiliaryCLIErrorsAndCancellationDoNotReturnMetadata/ndjson/post-cancel\n","OutputType":"frame"}
{"Time":"2026-09-08T17:32:51.753959632+03:00","Action":"output","Package":"virmill.local/core/internal/ui/cli","Test":"TestAuxiliaryCLIErrorsAndCancellationDoNotReturnMetadata/ndjson/post-cancel","Output":"--- PASS: TestAuxiliaryCLIErrorsAndCancellationDoNotReturnMetadata/ndjson/post-cancel (0.00s)\n","OutputType":"frame"}
{"Time":"2026-09-08T17:32:51.753966432+03:00","Action":"pass","Package":"virmill.local/core/internal/ui/cli","Test":"TestAuxiliaryCLIErrorsAndCancellationDoNotReturnMetadata/ndjson/post-cancel","Elapsed":0}
{"Time":"2026-09-08T17:32:51.753982218+03:00","Action":"run","Package":"virmill.local/core/internal/ui/cli","Test":"TestAuxiliaryCLIErrorsAndCancellationDoNotReturnMetadata/ndjson/transport"}
{"Time":"2026-09-08T17:32:51.753984559+03:00","Action":"output","Package":"virmill.local/core/internal/ui/cli","Test":"TestAuxiliaryCLIErrorsAndCancellationDoNotReturnMetadata/ndjson/transport","Output":"=== RUN   TestAuxiliaryCLIErrorsAndCancellationDoNotReturnMetadata/ndjson/transport\n","OutputType":"frame"}
{"Time":"2026-09-08T17:32:51.754921404+03:00","Action":"output","Package":"virmill.local/core/internal/ui/cli","Test":"TestAuxiliaryCLIErrorsAndCancellationDoNotReturnMetadata/ndjson/transport","Output":"--- PASS: TestAuxiliaryCLIErrorsAndCancellationDoNotReturnMetadata/ndjson/transport (0.00s)\n","OutputType":"frame"}
{"Time":"2026-09-08T17:32:51.754927124+03:00","Action":"pass","Package":"virmill.local/core/internal/ui/cli","Test":"TestAuxiliaryCLIErrorsAndCancellationDoNotReturnMetadata/ndjson/transport","Elapsed":0}
{"Time":"2026-09-08T17:32:51.754947686+03:00","Action":"output","Package":"virmill.local/core/internal/ui/cli","Test":"TestAuxiliaryCLIErrorsAndCancellationDoNotReturnMetadata","Output":"--- PASS: TestAuxiliaryCLIErrorsAndCancellationDoNotReturnMetadata (0.03s)\n","OutputType":"frame"}
{"Time":"2026-09-08T17:32:51.75495944+03:00","Action":"pass","Package":"virmill.local/core/internal/ui/cli","Test":"TestAuxiliaryCLIErrorsAndCancellationDoNotReturnMetadata","Elapsed":0.03}
{"Time":"2026-09-08T17:32:51.754977185+03:00","Action":"run","Package":"virmill.local/core/internal/ui/cli","Test":"TestAuxiliaryCLIStrictJSONRefusesBeforeDispatch"}
{"Time":"2026-09-08T17:32:51.754979954+03:00","Action":"output","Package":"virmill.local/core/internal/ui/cli","Test":"TestAuxiliaryCLIStrictJSONRefusesBeforeDispatch","Output":"=== RUN   TestAuxiliaryCLIStrictJSONRefusesBeforeDispatch\n","OutputType":"frame"}
{"Time":"2026-09-08T17:32:51.754995622+03:00","Action":"run","Package":"virmill.local/core/internal/ui/cli","Test":"TestAuxiliaryCLIStrictJSONRefusesBeforeDispatch/{\"rootID\":\"state\",\"rootID\":\"other\"}"}
{"Time":"2026-09-08T17:32:51.754998652+03:00","Action":"output","Package":"virmill.local/core/internal/ui/cli","Test":"TestAuxiliaryCLIStrictJSONRefusesBeforeDispatch/{\"rootID\":\"state\",\"rootID\":\"other\"}","Output":"=== RUN   TestAuxiliaryCLIStrictJSONRefusesBeforeDispatch/{\"rootID\":\"state\",\"rootID\":\"other\"}\n","OutputType":"frame"}
{"Time":"2026-09-08T17:32:51.755582342+03:00","Action":"output","Package":"virmill.local/core/internal/ui/cli","Test":"TestAuxiliaryCLIStrictJSONRefusesBeforeDispatch/{\"rootID\":\"state\",\"rootID\":\"other\"}","Output":"--- PASS: TestAuxiliaryCLIStrictJSONRefusesBeforeDispatch/{\"rootID\":\"state\",\"rootID\":\"other\"} (0.00s)\n","OutputType":"frame"}
{"Time":"2026-09-08T17:32:51.755588762+03:00","Action":"pass","Package":"virmill.local/core/internal/ui/cli","Test":"TestAuxiliaryCLIStrictJSONRefusesBeforeDispatch/{\"rootID\":\"state\",\"rootID\":\"other\"}","Elapsed":0}
{"Time":"2026-09-08T17:32:51.755606411+03:00","Action":"run","Package":"virmill.local/core/internal/ui/cli","Test":"TestAuxiliaryCLIStrictJSONRefusesBeforeDispatch/{\"rootID\":"}
{"Time":"2026-09-08T17:32:51.755609098+03:00","Action":"output","Package":"virmill.local/core/internal/ui/cli","Test":"TestAuxiliaryCLIStrictJSONRefusesBeforeDispatch/{\"rootID\":","Output":"=== RUN   TestAuxiliaryCLIStrictJSONRefusesBeforeDispatch/{\"rootID\":\n","OutputType":"frame"}
{"Time":"2026-09-08T17:32:51.756047151+03:00","Action":"output","Package":"virmill.local/core/internal/ui/cli","Test":"TestAuxiliaryCLIStrictJSONRefusesBeforeDispatch/{\"rootID\":","Output":"--- PASS: TestAuxiliaryCLIStrictJSONRefusesBeforeDispatch/{\"rootID\": (0.00s)\n","OutputType":"frame"}
{"Time":"2026-09-08T17:32:51.756052985+03:00","Action":"pass","Package":"virmill.local/core/internal/ui/cli","Test":"TestAuxiliaryCLIStrictJSONRefusesBeforeDispatch/{\"rootID\":","Elapsed":0}
{"Time":"2026-09-08T17:32:51.756065024+03:00","Action":"run","Package":"virmill.local/core/internal/ui/cli","Test":"TestAuxiliaryCLIStrictJSONRefusesBeforeDispatch/[]"}
{"Time":"2026-09-08T17:32:51.756067146+03:00","Action":"output","Package":"virmill.local/core/internal/ui/cli","Test":"TestAuxiliaryCLIStrictJSONRefusesBeforeDispatch/[]","Output":"=== RUN   TestAuxiliaryCLIStrictJSONRefusesBeforeDispatch/[]\n","OutputType":"frame"}
{"Time":"2026-09-08T17:32:51.756536205+03:00","Action":"output","Package":"virmill.local/core/internal/ui/cli","Test":"TestAuxiliaryCLIStrictJSONRefusesBeforeDispatch/[]","Output":"--- PASS: TestAuxiliaryCLIStrictJSONRefusesBeforeDispatch/[] (0.00s)\n","OutputType":"frame"}
{"Time":"2026-09-08T17:32:51.756542179+03:00","Action":"pass","Package":"virmill.local/core/internal/ui/cli","Test":"TestAuxiliaryCLIStrictJSONRefusesBeforeDispatch/[]","Elapsed":0}
{"Time":"2026-09-08T17:32:51.756558394+03:00","Action":"run","Package":"virmill.local/core/internal/ui/cli","Test":"TestAuxiliaryCLIStrictJSONRefusesBeforeDispatch/{\"rootID\":\"state\"}_{}"}
{"Time":"2026-09-08T17:32:51.756561018+03:00","Action":"output","Package":"virmill.local/core/internal/ui/cli","Test":"TestAuxiliaryCLIStrictJSONRefusesBeforeDispatch/{\"rootID\":\"state\"}_{}","Output":"=== RUN   TestAuxiliaryCLIStrictJSONRefusesBeforeDispatch/{\"rootID\":\"state\"}_{}\n","OutputType":"frame"}
{"Time":"2026-09-08T17:32:51.756991791+03:00","Action":"output","Package":"virmill.local/core/internal/ui/cli","Test":"TestAuxiliaryCLIStrictJSONRefusesBeforeDispatch/{\"rootID\":\"state\"}_{}","Output":"--- PASS: TestAuxiliaryCLIStrictJSONRefusesBeforeDispatch/{\"rootID\":\"state\"}_{} (0.00s)\n","OutputType":"frame"}
{"Time":"2026-09-08T17:32:51.757002258+03:00","Action":"pass","Package":"virmill.local/core/internal/ui/cli","Test":"TestAuxiliaryCLIStrictJSONRefusesBeforeDispatch/{\"rootID\":\"state\"}_{}","Elapsed":0}
{"Time":"2026-09-08T17:32:51.757028764+03:00","Action":"output","Package":"virmill.local/core/internal/ui/cli","Test":"TestAuxiliaryCLIStrictJSONRefusesBeforeDispatch","Output":"--- PASS: TestAuxiliaryCLIStrictJSONRefusesBeforeDispatch (0.00s)\n","OutputType":"frame"}
{"Time":"2026-09-08T17:32:51.757032041+03:00","Action":"pass","Package":"virmill.local/core/internal/ui/cli","Test":"TestAuxiliaryCLIStrictJSONRefusesBeforeDispatch","Elapsed":0}
{"Time":"2026-09-08T17:32:51.757045315+03:00","Action":"run","Package":"virmill.local/core/internal/ui/cli","Test":"TestVersionedCaptureCLIDeclarationAndTamperedAuxiliaryMember"}
{"Time":"2026-09-08T17:32:51.757047872+03:00","Action":"output","Package":"virmill.local/core/internal/ui/cli","Test":"TestVersionedCaptureCLIDeclarationAndTamperedAuxiliaryMember","Output":"=== RUN   TestVersionedCaptureCLIDeclarationAndTamperedAuxiliaryMember\n","OutputType":"frame"}
{"Time":"2026-09-08T17:32:51.770999256+03:00","Action":"output","Package":"virmill.local/core/internal/ui/cli","Test":"TestVersionedCaptureCLIDeclarationAndTamperedAuxiliaryMember","Output":"--- PASS: TestVersionedCaptureCLIDeclarationAndTamperedAuxiliaryMember (0.01s)\n","OutputType":"frame"}
{"Time":"2026-09-08T17:32:51.771030739+03:00","Action":"pass","Package":"virmill.local/core/internal/ui/cli","Test":"TestVersionedCaptureCLIDeclarationAndTamperedAuxiliaryMember","Elapsed":0.01}
{"Time":"2026-09-08T17:32:51.77103978+03:00","Action":"run","Package":"virmill.local/core/internal/ui/cli","Test":"TestColdRecoveryCLIExactPreviewAndExplicitApply"}
{"Time":"2026-09-08T17:32:51.77104202+03:00","Action":"output","Package":"virmill.local/core/internal/ui/cli","Test":"TestColdRecoveryCLIExactPreviewAndExplicitApply","Output":"=== RUN   TestColdRecoveryCLIExactPreviewAndExplicitApply\n","OutputType":"frame"}
{"Time":"2026-09-08T17:32:51.771044348+03:00","Action":"run","Package":"virmill.local/core/internal/ui/cli","Test":"TestColdRecoveryCLIExactPreviewAndExplicitApply/json/create"}
{"Time":"2026-09-08T17:32:51.771046008+03:00","Action":"output","Package":"virmill.local/core/internal/ui/cli","Test":"TestColdRecoveryCLIExactPreviewAndExplicitApply/json/create","Output":"=== RUN   TestColdRecoveryCLIExactPreviewAndExplicitApply/json/create\n","OutputType":"frame"}
{"Time":"2026-09-08T17:32:51.775056389+03:00","Action":"output","Package":"virmill.local/core/internal/ui/cli","Test":"TestColdRecoveryCLIExactPreviewAndExplicitApply/json/create","Output":"--- PASS: TestColdRecoveryCLIExactPreviewAndExplicitApply/json/create (0.00s)\n","OutputType":"frame"}
{"Time":"2026-09-08T17:32:51.77506542+03:00","Action":"pass","Package":"virmill.local/core/internal/ui/cli","Test":"TestColdRecoveryCLIExactPreviewAndExplicitApply/json/create","Elapsed":0}
{"Time":"2026-09-08T17:32:51.775083014+03:00","Action":"run","Package":"virmill.local/core/internal/ui/cli","Test":"TestColdRecoveryCLIExactPreviewAndExplicitApply/json/restore"}
{"Time":"2026-09-08T17:32:51.775085067+03:00","Action":"output","Package":"virmill.local/core/internal/ui/cli","Test":"TestColdRecoveryCLIExactPreviewAndExplicitApply/json/restore","Output":"=== RUN   TestColdRecoveryCLIExactPreviewAndExplicitApply/json/restore\n","OutputType":"frame"}
{"Time":"2026-09-08T17:32:51.779617302+03:00","Action":"output","Package":"virmill.local/core/internal/ui/cli","Test":"TestColdRecoveryCLIExactPreviewAndExplicitApply/json/restore","Output":"--- PASS: TestColdRecoveryCLIExactPreviewAndExplicitApply/json/restore (0.00s)\n","OutputType":"frame"}
{"Time":"2026-09-08T17:32:51.779635513+03:00","Action":"pass","Package":"virmill.local/core/internal/ui/cli","Test":"TestColdRecoveryCLIExactPreviewAndExplicitApply/json/restore","Elapsed":0}
{"Time":"2026-09-08T17:32:51.779638515+03:00","Action":"run","Package":"virmill.local/core/internal/ui/cli","Test":"TestColdRecoveryCLIExactPreviewAndExplicitApply/ndjson/create"}
{"Time":"2026-09-08T17:32:51.779639991+03:00","Action":"output","Package":"virmill.local/core/internal/ui/cli","Test":"TestColdRecoveryCLIExactPreviewAndExplicitApply/ndjson/create","Output":"=== RUN   TestColdRecoveryCLIExactPreviewAndExplicitApply/ndjson/create\n","OutputType":"frame"}
{"Time":"2026-09-08T17:32:51.783452397+03:00","Action":"output","Package":"virmill.local/core/internal/ui/cli","Test":"TestColdRecoveryCLIExactPreviewAndExplicitApply/ndjson/create","Output":"--- PASS: TestColdRecoveryCLIExactPreviewAndExplicitApply/ndjson/create (0.00s)\n","OutputType":"frame"}
{"Time":"2026-09-08T17:32:51.783467452+03:00","Action":"pass","Package":"virmill.local/core/internal/ui/cli","Test":"TestColdRecoveryCLIExactPreviewAndExplicitApply/ndjson/create","Elapsed":0}
{"Time":"2026-09-08T17:32:51.783470975+03:00","Action":"run","Package":"virmill.local/core/internal/ui/cli","Test":"TestColdRecoveryCLIExactPreviewAndExplicitApply/ndjson/restore"}
{"Time":"2026-09-08T17:32:51.783472742+03:00","Action":"output","Package":"virmill.local/core/internal/ui/cli","Test":"TestColdRecoveryCLIExactPreviewAndExplicitApply/ndjson/restore","Output":"=== RUN   TestColdRecoveryCLIExactPreviewAndExplicitApply/ndjson/restore\n","OutputType":"frame"}
{"Time":"2026-09-08T17:32:51.788223785+03:00","Action":"output","Package":"virmill.local/core/internal/ui/tui","Test":"TestAuxiliaryTUIJSONFormAndCurrentPagedSharedObservation","Output":"--- PASS: TestAuxiliaryTUIJSONFormAndCurrentPagedSharedObservation (0.09s)\n","OutputType":"frame"}
{"Time":"2026-09-08T17:32:51.78825833+03:00","Action":"pass","Package":"virmill.local/core/internal/ui/tui","Test":"TestAuxiliaryTUIJSONFormAndCurrentPagedSharedObservation","Elapsed":0.09}
{"Time":"2026-09-08T17:32:51.788276534+03:00","Action":"run","Package":"virmill.local/core/internal/ui/tui","Test":"TestAuxiliaryTUIFailuresClearStaleMetadataAndApproval"}
{"Time":"2026-09-08T17:32:51.788280774+03:00","Action":"output","Package":"virmill.local/core/internal/ui/tui","Test":"TestAuxiliaryTUIFailuresClearStaleMetadataAndApproval","Output":"=== RUN   TestAuxiliaryTUIFailuresClearStaleMetadataAndApproval\n","OutputType":"frame"}
{"Time":"2026-09-08T17:32:51.788398865+03:00","Action":"run","Package":"virmill.local/core/internal/ui/tui","Test":"TestAuxiliaryTUIFailuresClearStaleMetadataAndApproval/unknown-input"}
{"Time":"2026-09-08T17:32:51.788412614+03:00","Action":"output","Package":"virmill.local/core/internal/ui/tui","Test":"TestAuxiliaryTUIFailuresClearStaleMetadataAndApproval/unknown-input","Output":"=== RUN   TestAuxiliaryTUIFailuresClearStaleMetadataAndApproval/unknown-input\n","OutputType":"frame"}
{"Time":"2026-09-08T17:32:51.788593986+03:00","Action":"output","Package":"virmill.local/core/internal/ui/cli","Test":"TestColdRecoveryCLIExactPreviewAndExplicitApply/ndjson/restore","Output":"--- PASS: TestColdRecoveryCLIExactPreviewAndExplicitApply/ndjson/restore (0.01s)\n","OutputType":"frame"}
{"Time":"2026-09-08T17:32:51.788619473+03:00","Action":"pass","Package":"virmill.local/core/internal/ui/cli","Test":"TestColdRecoveryCLIExactPreviewAndExplicitApply/ndjson/restore","Elapsed":0.01}
{"Time":"2026-09-08T17:32:51.788629687+03:00","Action":"output","Package":"virmill.local/core/internal/ui/cli","Test":"TestColdRecoveryCLIExactPreviewAndExplicitApply","Output":"--- PASS: TestColdRecoveryCLIExactPreviewAndExplicitApply (0.02s)\n","OutputType":"frame"}
{"Time":"2026-09-08T17:32:51.788649013+03:00","Action":"pass","Package":"virmill.local/core/internal/ui/cli","Test":"TestColdRecoveryCLIExactPreviewAndExplicitApply","Elapsed":0.02}
{"Time":"2026-09-08T17:32:51.788665804+03:00","Action":"run","Package":"virmill.local/core/internal/ui/cli","Test":"TestColdRecoveryCLIReadOnlyMappingsAndFailures"}
{"Time":"2026-09-08T17:32:51.788670081+03:00","Action":"output","Package":"virmill.local/core/internal/ui/cli","Test":"TestColdRecoveryCLIReadOnlyMappingsAndFailures","Output":"=== RUN   TestColdRecoveryCLIReadOnlyMappingsAndFailures\n","OutputType":"frame"}
{"Time":"2026-09-08T17:32:51.788689354+03:00","Action":"run","Package":"virmill.local/core/internal/ui/cli","Test":"TestColdRecoveryCLIReadOnlyMappingsAndFailures/list"}
{"Time":"2026-09-08T17:32:51.788693047+03:00","Action":"output","Package":"virmill.local/core/internal/ui/cli","Test":"TestColdRecoveryCLIReadOnlyMappingsAndFailures/list","Output":"=== RUN   TestColdRecoveryCLIReadOnlyMappingsAndFailures/list\n","OutputType":"frame"}
{"Time":"2026-09-08T17:32:51.789269033+03:00","Action":"output","Package":"virmill.local/core/internal/ui/cli","Test":"TestColdRecoveryCLIReadOnlyMappingsAndFailures/list","Output":"--- PASS: TestColdRecoveryCLIReadOnlyMappingsAndFailures/list (0.00s)\n","OutputType":"frame"}
{"Time":"2026-09-08T17:32:51.789282032+03:00","Action":"pass","Package":"virmill.local/core/internal/ui/cli","Test":"TestColdRecoveryCLIReadOnlyMappingsAndFailures/list","Elapsed":0}
{"Time":"2026-09-08T17:32:51.789288656+03:00","Action":"run","Package":"virmill.local/core/internal/ui/cli","Test":"TestColdRecoveryCLIReadOnlyMappingsAndFailures/show"}
{"Time":"2026-09-08T17:32:51.78929801+03:00","Action":"output","Package":"virmill.local/core/internal/ui/cli","Test":"TestColdRecoveryCLIReadOnlyMappingsAndFailures/show","Output":"=== RUN   TestColdRecoveryCLIReadOnlyMappingsAndFailures/show\n","OutputType":"frame"}
{"Time":"2026-09-08T17:32:51.789854476+03:00","Action":"output","Package":"virmill.local/core/internal/ui/cli","Test":"TestColdRecoveryCLIReadOnlyMappingsAndFailures/show","Output":"--- PASS: TestColdRecoveryCLIReadOnlyMappingsAndFailures/show (0.00s)\n","OutputType":"frame"}
{"Time":"2026-09-08T17:32:51.789867139+03:00","Action":"pass","Package":"virmill.local/core/internal/ui/cli","Test":"TestColdRecoveryCLIReadOnlyMappingsAndFailures/show","Elapsed":0}
{"Time":"2026-09-08T17:32:51.78987127+03:00","Action":"run","Package":"virmill.local/core/internal/ui/cli","Test":"TestColdRecoveryCLIReadOnlyMappingsAndFailures/canceled"}
{"Time":"2026-09-08T17:32:51.789874151+03:00","Action":"output","Package":"virmill.local/core/internal/ui/cli","Test":"TestColdRecoveryCLIReadOnlyMappingsAndFailures/canceled","Output":"=== RUN   TestColdRecoveryCLIReadOnlyMappingsAndFailures/canceled\n","OutputType":"frame"}
{"Time":"2026-09-08T17:32:51.790421655+03:00","Action":"output","Package":"virmill.local/core/internal/ui/cli","Test":"TestColdRecoveryCLIReadOnlyMappingsAndFailures/canceled","Output":"--- PASS: TestColdRecoveryCLIReadOnlyMappingsAndFailures/canceled (0.00s)\n","OutputType":"frame"}
{"Time":"2026-09-08T17:32:51.79042986+03:00","Action":"pass","Package":"virmill.local/core/internal/ui/cli","Test":"TestColdRecoveryCLIReadOnlyMappingsAndFailures/canceled","Elapsed":0}
{"Time":"2026-09-08T17:32:51.790445768+03:00","Action":"run","Package":"virmill.local/core/internal/ui/cli","Test":"TestColdRecoveryCLIReadOnlyMappingsAndFailures/disconnected"}
{"Time":"2026-09-08T17:32:51.79044989+03:00","Action":"output","Package":"virmill.local/core/internal/ui/cli","Test":"TestColdRecoveryCLIReadOnlyMappingsAndFailures/disconnected","Output":"=== RUN   TestColdRecoveryCLIReadOnlyMappingsAndFailures/disconnected\n","OutputType":"frame"}
{"Time":"2026-09-08T17:32:51.790975113+03:00","Action":"output","Package":"virmill.local/core/internal/ui/cli","Test":"TestColdRecoveryCLIReadOnlyMappingsAndFailures/disconnected","Output":"--- PASS: TestColdRecoveryCLIReadOnlyMappingsAndFailures/disconnected (0.00s)\n","OutputType":"frame"}
{"Time":"2026-09-08T17:32:51.790982683+03:00","Action":"pass","Package":"virmill.local/core/internal/ui/cli","Test":"TestColdRecoveryCLIReadOnlyMappingsAndFailures/disconnected","Elapsed":0}
{"Time":"2026-09-08T17:32:51.790996654+03:00","Action":"run","Package":"virmill.local/core/internal/ui/cli","Test":"TestColdRecoveryCLIReadOnlyMappingsAndFailures/incomplete"}
{"Time":"2026-09-08T17:32:51.790999624+03:00","Action":"output","Package":"virmill.local/core/internal/ui/cli","Test":"TestColdRecoveryCLIReadOnlyMappingsAndFailures/incomplete","Output":"=== RUN   TestColdRecoveryCLIReadOnlyMappingsAndFailures/incomplete\n","OutputType":"frame"}
{"Time":"2026-09-08T17:32:51.791537997+03:00","Action":"output","Package":"virmill.local/core/internal/ui/cli","Test":"TestColdRecoveryCLIReadOnlyMappingsAndFailures/incomplete","Output":"--- PASS: TestColdRecoveryCLIReadOnlyMappingsAndFailures/incomplete (0.00s)\n","OutputType":"frame"}
{"Time":"2026-09-08T17:32:51.791545834+03:00","Action":"pass","Package":"virmill.local/core/internal/ui/cli","Test":"TestColdRecoveryCLIReadOnlyMappingsAndFailures/incomplete","Elapsed":0}
{"Time":"2026-09-08T17:32:51.791578317+03:00","Action":"output","Package":"virmill.local/core/internal/ui/cli","Test":"TestColdRecoveryCLIReadOnlyMappingsAndFailures","Output":"--- PASS: TestColdRecoveryCLIReadOnlyMappingsAndFailures (0.00s)\n","OutputType":"frame"}
{"Time":"2026-09-08T17:32:51.791586187+03:00","Action":"pass","Package":"virmill.local/core/internal/ui/cli","Test":"TestColdRecoveryCLIReadOnlyMappingsAndFailures","Elapsed":0}
{"Time":"2026-09-08T17:32:51.791604108+03:00","Action":"run","Package":"virmill.local/core/internal/ui/cli","Test":"TestColdRecoveryCLIRefusesImplicitApplyAndMalformedInput"}
{"Time":"2026-09-08T17:32:51.791607612+03:00","Action":"output","Package":"virmill.local/core/internal/ui/cli","Test":"TestColdRecoveryCLIRefusesImplicitApplyAndMalformedInput","Output":"=== RUN   TestColdRecoveryCLIRefusesImplicitApplyAndMalformedInput\n","OutputType":"frame"}
{"Time":"2026-09-08T17:32:51.791627591+03:00","Action":"run","Package":"virmill.local/core/internal/ui/cli","Test":"TestColdRecoveryCLIRefusesImplicitApplyAndMalformedInput/create--plan=false"}
{"Time":"2026-09-08T17:32:51.791631808+03:00","Action":"output","Package":"virmill.local/core/internal/ui/cli","Test":"TestColdRecoveryCLIRefusesImplicitApplyAndMalformedInput/create--plan=false","Output":"=== RUN   TestColdRecoveryCLIRefusesImplicitApplyAndMalformedInput/create--plan=false\n","OutputType":"frame"}
{"Time":"2026-09-08T17:32:51.792067516+03:00","Action":"output","Package":"virmill.local/core/internal/ui/cli","Test":"TestColdRecoveryCLIRefusesImplicitApplyAndMalformedInput/create--plan=false","Output":"--- PASS: TestColdRecoveryCLIRefusesImplicitApplyAndMalformedInput/create--plan=false (0.00s)\n","OutputType":"frame"}
{"Time":"2026-09-08T17:32:51.792073966+03:00","Action":"pass","Package":"virmill.local/core/internal/ui/cli","Test":"TestColdRecoveryCLIRefusesImplicitApplyAndMalformedInput/create--plan=false","Elapsed":0}
{"Time":"2026-09-08T17:32:51.792093501+03:00","Action":"run","Package":"virmill.local/core/internal/ui/cli","Test":"TestColdRecoveryCLIRefusesImplicitApplyAndMalformedInput/create--input_{\"sourceRoot\":\"/a\",\"sourceRoot\":\"/b\"}"}
{"Time":"2026-09-08T17:32:51.792097619+03:00","Action":"output","Package":"virmill.local/core/internal/ui/cli","Test":"TestColdRecoveryCLIRefusesImplicitApplyAndMalformedInput/create--input_{\"sourceRoot\":\"/a\",\"sourceRoot\":\"/b\"}","Output":"=== RUN   TestColdRecoveryCLIRefusesImplicitApplyAndMalformedInput/create--input_{\"sourceRoot\":\"/a\",\"sourceRoot\":\"/b\"}\n","OutputType":"frame"}
{"Time":"2026-09-08T17:32:51.792261006+03:00","Action":"output","Package":"virmill.local/core/internal/ui/tui","Test":"TestAuxiliaryTUIFailuresClearStaleMetadataAndApproval/unknown-input","Output":"--- PASS: TestAuxiliaryTUIFailuresClearStaleMetadataAndApproval/unknown-input (0.00s)\n","OutputType":"frame"}
{"Time":"2026-09-08T17:32:51.79228701+03:00","Action":"pass","Package":"virmill.local/core/internal/ui/tui","Test":"TestAuxiliaryTUIFailuresClearStaleMetadataAndApproval/unknown-input","Elapsed":0}
{"Time":"2026-09-08T17:32:51.7923089+03:00","Action":"run","Package":"virmill.local/core/internal/ui/tui","Test":"TestAuxiliaryTUIFailuresClearStaleMetadataAndApproval/missing-root"}
{"Time":"2026-09-08T17:32:51.7923128+03:00","Action":"output","Package":"virmill.local/core/internal/ui/tui","Test":"TestAuxiliaryTUIFailuresClearStaleMetadataAndApproval/missing-root","Output":"=== RUN   TestAuxiliaryTUIFailuresClearStaleMetadataAndApproval/missing-root\n","OutputType":"frame"}
{"Time":"2026-09-08T17:32:51.793064901+03:00","Action":"output","Package":"virmill.local/core/internal/ui/cli","Test":"TestColdRecoveryCLIRefusesImplicitApplyAndMalformedInput/create--input_{\"sourceRoot\":\"/a\",\"sourceRoot\":\"/b\"}","Output":"--- PASS: TestColdRecoveryCLIRefusesImplicitApplyAndMalformedInput/create--input_{\"sourceRoot\":\"/a\",\"sourceRoot\":\"/b\"} (0.00s)\n","OutputType":"frame"}
{"Time":"2026-09-08T17:32:51.79308227+03:00","Action":"pass","Package":"virmill.local/core/internal/ui/cli","Test":"TestColdRecoveryCLIRefusesImplicitApplyAndMalformedInput/create--input_{\"sourceRoot\":\"/a\",\"sourceRoot\":\"/b\"}","Elapsed":0}
{"Time":"2026-09-08T17:32:51.793115217+03:00","Action":"run","Package":"virmill.local/core/internal/ui/cli","Test":"TestColdRecoveryCLIRefusesImplicitApplyAndMalformedInput/create--input_[]"}
{"Time":"2026-09-08T17:32:51.793117878+03:00","Action":"output","Package":"virmill.local/core/internal/ui/cli","Test":"TestColdRecoveryCLIRefusesImplicitApplyAndMalformedInput/create--input_[]","Output":"=== RUN   TestColdRecoveryCLIRefusesImplicitApplyAndMalformedInput/create--input_[]\n","OutputType":"frame"}
{"Time":"2026-09-08T17:32:51.794048243+03:00","Action":"output","Package":"virmill.local/core/internal/ui/cli","Test":"TestColdRecoveryCLIRefusesImplicitApplyAndMalformedInput/create--input_[]","Output":"--- PASS: TestColdRecoveryCLIRefusesImplicitApplyAndMalformedInput/create--input_[] (0.00s)\n","OutputType":"frame"}
{"Time":"2026-09-08T17:32:51.794054101+03:00","Action":"pass","Package":"virmill.local/core/internal/ui/cli","Test":"TestColdRecoveryCLIRefusesImplicitApplyAndMalformedInput/create--input_[]","Elapsed":0}
{"Time":"2026-09-08T17:32:51.794072368+03:00","Action":"run","Package":"virmill.local/core/internal/ui/cli","Test":"TestColdRecoveryCLIRefusesImplicitApplyAndMalformedInput/restore--plan=false"}
{"Time":"2026-09-08T17:32:51.794077268+03:00","Action":"output","Package":"virmill.local/core/internal/ui/cli","Test":"TestColdRecoveryCLIRefusesImplicitApplyAndMalformedInput/restore--plan=false","Output":"=== RUN   TestColdRecoveryCLIRefusesImplicitApplyAndMalformedInput/restore--plan=false\n","OutputType":"frame"}
{"Time":"2026-09-08T17:32:51.79456624+03:00","Action":"output","Package":"virmill.local/core/internal/ui/cli","Test":"TestColdRecoveryCLIRefusesImplicitApplyAndMalformedInput/restore--plan=false","Output":"--- PASS: TestColdRecoveryCLIRefusesImplicitApplyAndMalformedInput/restore--plan=false (0.00s)\n","OutputType":"frame"}
{"Time":"2026-09-08T17:32:51.794571544+03:00","Action":"pass","Package":"virmill.local/core/internal/ui/cli","Test":"TestColdRecoveryCLIRefusesImplicitApplyAndMalformedInput/restore--plan=false","Elapsed":0}
{"Time":"2026-09-08T17:32:51.794593807+03:00","Action":"run","Package":"virmill.local/core/internal/ui/cli","Test":"TestColdRecoveryCLIRefusesImplicitApplyAndMalformedInput/restore--input_{\"sourceRoot\":\"/a\",\"sourceRoot\":\"/b\"}"}
{"Time":"2026-09-08T17:32:51.794596387+03:00","Action":"output","Package":"virmill.local/core/internal/ui/cli","Test":"TestColdRecoveryCLIRefusesImplicitApplyAndMalformedInput/restore--input_{\"sourceRoot\":\"/a\",\"sourceRoot\":\"/b\"}","Output":"=== RUN   TestColdRecoveryCLIRefusesImplicitApplyAndMalformedInput/restore--input_{\"sourceRoot\":\"/a\",\"sourceRoot\":\"/b\"}\n","OutputType":"frame"}
{"Time":"2026-09-08T17:32:51.795131688+03:00","Action":"output","Package":"virmill.local/core/internal/ui/cli","Test":"TestColdRecoveryCLIRefusesImplicitApplyAndMalformedInput/restore--input_{\"sourceRoot\":\"/a\",\"sourceRoot\":\"/b\"}","Output":"--- PASS: TestColdRecoveryCLIRefusesImplicitApplyAndMalformedInput/restore--input_{\"sourceRoot\":\"/a\",\"sourceRoot\":\"/b\"} (0.00s)\n","OutputType":"frame"}
{"Time":"2026-09-08T17:32:51.795139133+03:00","Action":"pass","Package":"virmill.local/core/internal/ui/cli","Test":"TestColdRecoveryCLIRefusesImplicitApplyAndMalformedInput/restore--input_{\"sourceRoot\":\"/a\",\"sourceRoot\":\"/b\"}","Elapsed":0}
{"Time":"2026-09-08T17:32:51.79515614+03:00","Action":"run","Package":"virmill.local/core/internal/ui/cli","Test":"TestColdRecoveryCLIRefusesImplicitApplyAndMalformedInput/restore--input_[]"}
{"Time":"2026-09-08T17:32:51.795158593+03:00","Action":"output","Package":"virmill.local/core/internal/ui/cli","Test":"TestColdRecoveryCLIRefusesImplicitApplyAndMalformedInput/restore--input_[]","Output":"=== RUN   TestColdRecoveryCLIRefusesImplicitApplyAndMalformedInput/restore--input_[]\n","OutputType":"frame"}
{"Time":"2026-09-08T17:32:51.795595323+03:00","Action":"output","Package":"virmill.local/core/internal/ui/cli","Test":"TestColdRecoveryCLIRefusesImplicitApplyAndMalformedInput/restore--input_[]","Output":"--- PASS: TestColdRecoveryCLIRefusesImplicitApplyAndMalformedInput/restore--input_[] (0.00s)\n","OutputType":"frame"}
{"Time":"2026-09-08T17:32:51.79560107+03:00","Action":"pass","Package":"virmill.local/core/internal/ui/cli","Test":"TestColdRecoveryCLIRefusesImplicitApplyAndMalformedInput/restore--input_[]","Elapsed":0}
{"Time":"2026-09-08T17:32:51.795618757+03:00","Action":"output","Package":"virmill.local/core/internal/ui/cli","Test":"TestColdRecoveryCLIRefusesImplicitApplyAndMalformedInput","Output":"--- PASS: TestColdRecoveryCLIRefusesImplicitApplyAndMalformedInput (0.00s)\n","OutputType":"frame"}
{"Time":"2026-09-08T17:32:51.795628318+03:00","Action":"pass","Package":"virmill.local/core/internal/ui/cli","Test":"TestColdRecoveryCLIRefusesImplicitApplyAndMalformedInput","Elapsed":0}
{"Time":"2026-09-08T17:32:51.79564311+03:00","Action":"run","Package":"virmill.local/core/internal/ui/cli","Test":"TestCreationEstimateCLIShowsAndReusesPersistedReview"}
{"Time":"2026-09-08T17:32:51.795645111+03:00","Action":"output","Package":"virmill.local/core/internal/ui/cli","Test":"TestCreationEstimateCLIShowsAndReusesPersistedReview","Output":"=== RUN   TestCreationEstimateCLIShowsAndReusesPersistedReview\n","OutputType":"frame"}
{"Time":"2026-09-08T17:32:51.795659059+03:00","Action":"run","Package":"virmill.local/core/internal/ui/cli","Test":"TestCreationEstimateCLIShowsAndReusesPersistedReview/table"}
{"Time":"2026-09-08T17:32:51.795662443+03:00","Action":"output","Package":"virmill.local/core/internal/ui/cli","Test":"TestCreationEstimateCLIShowsAndReusesPersistedReview/table","Output":"=== RUN   TestCreationEstimateCLIShowsAndReusesPersistedReview/table\n","OutputType":"frame"}
{"Time":"2026-09-08T17:32:51.795972901+03:00","Action":"output","Package":"virmill.local/core/internal/ui/tui","Test":"TestAuxiliaryTUIFailuresClearStaleMetadataAndApproval/missing-root","Output":"--- PASS: TestAuxiliaryTUIFailuresClearStaleMetadataAndApproval/missing-root (0.00s)\n","OutputType":"frame"}
{"Time":"2026-09-08T17:32:51.795995762+03:00","Action":"pass","Package":"virmill.local/core/internal/ui/tui","Test":"TestAuxiliaryTUIFailuresClearStaleMetadataAndApproval/missing-root","Elapsed":0}
{"Time":"2026-09-08T17:32:51.796017416+03:00","Action":"run","Package":"virmill.local/core/internal/ui/tui","Test":"TestAuxiliaryTUIFailuresClearStaleMetadataAndApproval/unapproved-root"}
{"Time":"2026-09-08T17:32:51.796019684+03:00","Action":"output","Package":"virmill.local/core/internal/ui/tui","Test":"TestAuxiliaryTUIFailuresClearStaleMetadataAndApproval/unapproved-root","Output":"=== RUN   TestAuxiliaryTUIFailuresClearStaleMetadataAndApproval/unapproved-root\n","OutputType":"frame"}
{"Time":"2026-09-08T17:32:51.801215258+03:00","Action":"output","Package":"virmill.local/core/internal/ui/tui","Test":"TestAuxiliaryTUIFailuresClearStaleMetadataAndApproval/unapproved-root","Output":"--- PASS: TestAuxiliaryTUIFailuresClearStaleMetadataAndApproval/unapproved-root (0.01s)\n","OutputType":"frame"}
{"Time":"2026-09-08T17:32:51.801253967+03:00","Action":"pass","Package":"virmill.local/core/internal/ui/tui","Test":"TestAuxiliaryTUIFailuresClearStaleMetadataAndApproval/unapproved-root","Elapsed":0.01}
{"Time":"2026-09-08T17:32:51.801261997+03:00","Action":"run","Package":"virmill.local/core/internal/ui/tui","Test":"TestAuxiliaryTUIFailuresClearStaleMetadataAndApproval/session"}
{"Time":"2026-09-08T17:32:51.801264845+03:00","Action":"output","Package":"virmill.local/core/internal/ui/tui","Test":"TestAuxiliaryTUIFailuresClearStaleMetadataAndApproval/session","Output":"=== RUN   TestAuxiliaryTUIFailuresClearStaleMetadataAndApproval/session\n","OutputType":"frame"}
{"Time":"2026-09-08T17:32:51.804433232+03:00","Action":"output","Package":"virmill.local/core/internal/ui/tui","Test":"TestAuxiliaryTUIFailuresClearStaleMetadataAndApproval/session","Output":"--- PASS: TestAuxiliaryTUIFailuresClearStaleMetadataAndApproval/session (0.00s)\n","OutputType":"frame"}
{"Time":"2026-09-08T17:32:51.804452909+03:00","Action":"pass","Package":"virmill.local/core/internal/ui/tui","Test":"TestAuxiliaryTUIFailuresClearStaleMetadataAndApproval/session","Elapsed":0}
{"Time":"2026-09-08T17:32:51.804456316+03:00","Action":"run","Package":"virmill.local/core/internal/ui/tui","Test":"TestAuxiliaryTUIFailuresClearStaleMetadataAndApproval/root-actor"}
{"Time":"2026-09-08T17:32:51.804458002+03:00","Action":"output","Package":"virmill.local/core/internal/ui/tui","Test":"TestAuxiliaryTUIFailuresClearStaleMetadataAndApproval/root-actor","Output":"=== RUN   TestAuxiliaryTUIFailuresClearStaleMetadataAndApproval/root-actor\n","OutputType":"frame"}
{"Time":"2026-09-08T17:32:51.80857891+03:00","Action":"output","Package":"virmill.local/core/internal/ui/tui","Test":"TestAuxiliaryTUIFailuresClearStaleMetadataAndApproval/root-actor","Output":"--- PASS: TestAuxiliaryTUIFailuresClearStaleMetadataAndApproval/root-actor (0.00s)\n","OutputType":"frame"}
{"Time":"2026-09-08T17:32:51.808597441+03:00","Action":"pass","Package":"virmill.local/core/internal/ui/tui","Test":"TestAuxiliaryTUIFailuresClearStaleMetadataAndApproval/root-actor","Elapsed":0}
{"Time":"2026-09-08T17:32:51.808611441+03:00","Action":"run","Package":"virmill.local/core/internal/ui/tui","Test":"TestAuxiliaryTUIFailuresClearStaleMetadataAndApproval/native-error"}
{"Time":"2026-09-08T17:32:51.808614959+03:00","Action":"output","Package":"virmill.local/core/internal/ui/tui","Test":"TestAuxiliaryTUIFailuresClearStaleMetadataAndApproval/native-error","Output":"=== RUN   TestAuxiliaryTUIFailuresClearStaleMetadataAndApproval/native-error\n","OutputType":"frame"}
{"Time":"2026-09-08T17:32:51.812968226+03:00","Action":"output","Package":"virmill.local/core/internal/ui/tui","Test":"TestAuxiliaryTUIFailuresClearStaleMetadataAndApproval/native-error","Output":"--- PASS: TestAuxiliaryTUIFailuresClearStaleMetadataAndApproval/native-error (0.00s)\n","OutputType":"frame"}
{"Time":"2026-09-08T17:32:51.812995162+03:00","Action":"pass","Package":"virmill.local/core/internal/ui/tui","Test":"TestAuxiliaryTUIFailuresClearStaleMetadataAndApproval/native-error","Elapsed":0}
{"Time":"2026-09-08T17:32:51.812999657+03:00","Action":"run","Package":"virmill.local/core/internal/ui/tui","Test":"TestAuxiliaryTUIFailuresClearStaleMetadataAndApproval/helper-denied"}
{"Time":"2026-09-08T17:32:51.813001186+03:00","Action":"output","Package":"virmill.local/core/internal/ui/tui","Test":"TestAuxiliaryTUIFailuresClearStaleMetadataAndApproval/helper-denied","Output":"=== RUN   TestAuxiliaryTUIFailuresClearStaleMetadataAndApproval/helper-denied\n","OutputType":"frame"}
{"Time":"2026-09-08T17:32:51.816828475+03:00","Action":"output","Package":"virmill.local/core/internal/ui/tui","Test":"TestAuxiliaryTUIFailuresClearStaleMetadataAndApproval/helper-denied","Output":"--- PASS: TestAuxiliaryTUIFailuresClearStaleMetadataAndApproval/helper-denied (0.00s)\n","OutputType":"frame"}
{"Time":"2026-09-08T17:32:51.816848734+03:00","Action":"pass","Package":"virmill.local/core/internal/ui/tui","Test":"TestAuxiliaryTUIFailuresClearStaleMetadataAndApproval/helper-denied","Elapsed":0}
{"Time":"2026-09-08T17:32:51.816868633+03:00","Action":"run","Package":"virmill.local/core/internal/ui/tui","Test":"TestAuxiliaryTUIFailuresClearStaleMetadataAndApproval/source-change"}
{"Time":"2026-09-08T17:32:51.816871021+03:00","Action":"output","Package":"virmill.local/core/internal/ui/tui","Test":"TestAuxiliaryTUIFailuresClearStaleMetadataAndApproval/source-change","Output":"=== RUN   TestAuxiliaryTUIFailuresClearStaleMetadataAndApproval/source-change\n","OutputType":"frame"}
{"Time":"2026-09-08T17:32:51.821146913+03:00","Action":"output","Package":"virmill.local/core/internal/ui/tui","Test":"TestAuxiliaryTUIFailuresClearStaleMetadataAndApproval/source-change","Output":"--- PASS: TestAuxiliaryTUIFailuresClearStaleMetadataAndApproval/source-change (0.00s)\n","OutputType":"frame"}
{"Time":"2026-09-08T17:32:51.821167153+03:00","Action":"pass","Package":"virmill.local/core/internal/ui/tui","Test":"TestAuxiliaryTUIFailuresClearStaleMetadataAndApproval/source-change","Elapsed":0}
{"Time":"2026-09-08T17:32:51.821178519+03:00","Action":"run","Package":"virmill.local/core/internal/ui/tui","Test":"TestAuxiliaryTUIFailuresClearStaleMetadataAndApproval/pre-cancel"}
{"Time":"2026-09-08T17:32:51.821180896+03:00","Action":"output","Package":"virmill.local/core/internal/ui/tui","Test":"TestAuxiliaryTUIFailuresClearStaleMetadataAndApproval/pre-cancel","Output":"=== RUN   TestAuxiliaryTUIFailuresClearStaleMetadataAndApproval/pre-cancel\n","OutputType":"frame"}
{"Time":"2026-09-08T17:32:51.824613179+03:00","Action":"output","Package":"virmill.local/core/internal/ui/tui","Test":"TestAuxiliaryTUIFailuresClearStaleMetadataAndApproval/pre-cancel","Output":"--- PASS: TestAuxiliaryTUIFailuresClearStaleMetadataAndApproval/pre-cancel (0.00s)\n","OutputType":"frame"}
{"Time":"2026-09-08T17:32:51.824626359+03:00","Action":"pass","Package":"virmill.local/core/internal/ui/tui","Test":"TestAuxiliaryTUIFailuresClearStaleMetadataAndApproval/pre-cancel","Elapsed":0}
{"Time":"2026-09-08T17:32:51.824645806+03:00","Action":"run","Package":"virmill.local/core/internal/ui/tui","Test":"TestAuxiliaryTUIFailuresClearStaleMetadataAndApproval/post-cancel"}
{"Time":"2026-09-08T17:32:51.824648133+03:00","Action":"output","Package":"virmill.local/core/internal/ui/tui","Test":"TestAuxiliaryTUIFailuresClearStaleMetadataAndApproval/post-cancel","Output":"=== RUN   TestAuxiliaryTUIFailuresClearStaleMetadataAndApproval/post-cancel\n","OutputType":"frame"}
{"Time":"2026-09-08T17:32:51.826821011+03:00","Action":"output","Package":"virmill.local/core/internal/ui/cli","Test":"TestCreationEstimateCLIShowsAndReusesPersistedReview/table","Output":"--- PASS: TestCreationEstimateCLIShowsAndReusesPersistedReview/table (0.03s)\n","OutputType":"frame"}
{"Time":"2026-09-08T17:32:51.826831984+03:00","Action":"pass","Package":"virmill.local/core/internal/ui/cli","Test":"TestCreationEstimateCLIShowsAndReusesPersistedReview/table","Elapsed":0.03}
{"Time":"2026-09-08T17:32:51.826853531+03:00","Action":"run","Package":"virmill.local/core/internal/ui/cli","Test":"TestCreationEstimateCLIShowsAndReusesPersistedReview/json"}
{"Time":"2026-09-08T17:32:51.826856878+03:00","Action":"output","Package":"virmill.local/core/internal/ui/cli","Test":"TestCreationEstimateCLIShowsAndReusesPersistedReview/json","Output":"=== RUN   TestCreationEstimateCLIShowsAndReusesPersistedReview/json\n","OutputType":"frame"}
{"Time":"2026-09-08T17:32:51.829085481+03:00","Action":"output","Package":"virmill.local/core/internal/ui/tui","Test":"TestAuxiliaryTUIFailuresClearStaleMetadataAndApproval/post-cancel","Output":"--- PASS: TestAuxiliaryTUIFailuresClearStaleMetadataAndApproval/post-cancel (0.00s)\n","OutputType":"frame"}
{"Time":"2026-09-08T17:32:51.829106759+03:00","Action":"pass","Package":"virmill.local/core/internal/ui/tui","Test":"TestAuxiliaryTUIFailuresClearStaleMetadataAndApproval/post-cancel","Elapsed":0}
{"Time":"2026-09-08T17:32:51.829127735+03:00","Action":"run","Package":"virmill.local/core/internal/ui/tui","Test":"TestAuxiliaryTUIFailuresClearStaleMetadataAndApproval/transport"}
{"Time":"2026-09-08T17:32:51.829129782+03:00","Action":"output","Package":"virmill.local/core/internal/ui/tui","Test":"TestAuxiliaryTUIFailuresClearStaleMetadataAndApproval/transport","Output":"=== RUN   TestAuxiliaryTUIFailuresClearStaleMetadataAndApproval/transport\n","OutputType":"frame"}
{"Time":"2026-09-08T17:32:51.832296387+03:00","Action":"output","Package":"virmill.local/core/internal/ui/tui","Test":"TestAuxiliaryTUIFailuresClearStaleMetadataAndApproval/transport","Output":"--- PASS: TestAuxiliaryTUIFailuresClearStaleMetadataAndApproval/transport (0.00s)\n","OutputType":"frame"}
{"Time":"2026-09-08T17:32:51.832546835+03:00","Action":"pass","Package":"virmill.local/core/internal/ui/tui","Test":"TestAuxiliaryTUIFailuresClearStaleMetadataAndApproval/transport","Elapsed":0}
{"Time":"2026-09-08T17:32:51.832562053+03:00","Action":"output","Package":"virmill.local/core/internal/ui/tui","Test":"TestAuxiliaryTUIFailuresClearStaleMetadataAndApproval","Output":"--- PASS: TestAuxiliaryTUIFailuresClearStaleMetadataAndApproval (0.04s)\n","OutputType":"frame"}
{"Time":"2026-09-08T17:32:51.832567972+03:00","Action":"pass","Package":"virmill.local/core/internal/ui/tui","Test":"TestAuxiliaryTUIFailuresClearStaleMetadataAndApproval","Elapsed":0.04}
{"Time":"2026-09-08T17:32:51.832571671+03:00","Action":"run","Package":"virmill.local/core/internal/ui/tui","Test":"TestAuxiliaryTUIStrictJSONAndEscapeNeverDispatch"}
{"Time":"2026-09-08T17:32:51.832574147+03:00","Action":"output","Package":"virmill.local/core/internal/ui/tui","Test":"TestAuxiliaryTUIStrictJSONAndEscapeNeverDispatch","Output":"=== RUN   TestAuxiliaryTUIStrictJSONAndEscapeNeverDispatch\n","OutputType":"frame"}
{"Time":"2026-09-08T17:32:51.832578428+03:00","Action":"run","Package":"virmill.local/core/internal/ui/tui","Test":"TestAuxiliaryTUIStrictJSONAndEscapeNeverDispatch/12345678-1234-4234-8234-123456789abc"}
{"Time":"2026-09-08T17:32:51.832581719+03:00","Action":"output","Package":"virmill.local/core/internal/ui/tui","Test":"TestAuxiliaryTUIStrictJSONAndEscapeNeverDispatch/12345678-1234-4234-8234-123456789abc","Output":"=== RUN   TestAuxiliaryTUIStrictJSONAndEscapeNeverDispatch/12345678-1234-4234-8234-123456789abc\n","OutputType":"frame"}
{"Time":"2026-09-08T17:32:51.834465257+03:00","Action":"output","Package":"virmill.local/core/internal/ui/tui","Test":"TestAuxiliaryTUIStrictJSONAndEscapeNeverDispatch/12345678-1234-4234-8234-123456789abc","Output":"--- PASS: TestAuxiliaryTUIStrictJSONAndEscapeNeverDispatch/12345678-1234-4234-8234-123456789abc (0.00s)\n","OutputType":"frame"}
{"Time":"2026-09-08T17:32:51.834469703+03:00","Action":"pass","Package":"virmill.local/core/internal/ui/tui","Test":"TestAuxiliaryTUIStrictJSONAndEscapeNeverDispatch/12345678-1234-4234-8234-123456789abc","Elapsed":0}
{"Time":"2026-09-08T17:32:51.834493737+03:00","Action":"run","Package":"virmill.local/core/internal/ui/tui","Test":"TestAuxiliaryTUIStrictJSONAndEscapeNeverDispatch/{\"id\":\"12345678-1234-4234-8234-123456789abc\",\"id\":\"other\",\"input\":{\"rootID\":\"state\"}}"}
{"Time":"2026-09-08T17:32:51.834496846+03:00","Action":"output","Package":"virmill.local/core/internal/ui/tui","Test":"TestAuxiliaryTUIStrictJSONAndEscapeNeverDispatch/{\"id\":\"12345678-1234-4234-8234-123456789abc\",\"id\":\"other\",\"input\":{\"rootID\":\"state\"}}","Output":"=== RUN   TestAuxiliaryTUIStrictJSONAndEscapeNeverDispatch/{\"id\":\"12345678-1234-4234-8234-123456789abc\",\"id\":\"other\",\"input\":{\"rootID\":\"state\"}}\n","OutputType":"frame"}
{"Time":"2026-09-08T17:32:51.836415186+03:00","Action":"output","Package":"virmill.local/core/internal/ui/tui","Test":"TestAuxiliaryTUIStrictJSONAndEscapeNeverDispatch/{\"id\":\"12345678-1234-4234-8234-123456789abc\",\"id\":\"other\",\"input\":{\"rootID\":\"state\"}}","Output":"--- PASS: TestAuxiliaryTUIStrictJSONAndEscapeNeverDispatch/{\"id\":\"12345678-1234-4234-8234-123456789abc\",\"id\":\"other\",\"input\":{\"rootID\":\"state\"}} (0.00s)\n","OutputType":"frame"}
{"Time":"2026-09-08T17:32:51.836427669+03:00","Action":"pass","Package":"virmill.local/core/internal/ui/tui","Test":"TestAuxiliaryTUIStrictJSONAndEscapeNeverDispatch/{\"id\":\"12345678-1234-4234-8234-123456789abc\",\"id\":\"other\",\"input\":{\"rootID\":\"state\"}}","Elapsed":0}
{"Time":"2026-09-08T17:32:51.836463458+03:00","Action":"run","Package":"virmill.local/core/internal/ui/tui","Test":"TestAuxiliaryTUIStrictJSONAndEscapeNeverDispatch/{\"id\":\"12345678-1234-4234-8234-123456789abc\",\"input\":{\"rootID\":\"state\",\"rootID\":\"other\"}}"}
{"Time":"2026-09-08T17:32:51.836476455+03:00","Action":"output","Package":"virmill.local/core/internal/ui/tui","Test":"TestAuxiliaryTUIStrictJSONAndEscapeNeverDispatch/{\"id\":\"12345678-1234-4234-8234-123456789abc\",\"input\":{\"rootID\":\"state\",\"rootID\":\"other\"}}","Output":"=== RUN   TestAuxiliaryTUIStrictJSONAndEscapeNeverDispatch/{\"id\":\"12345678-1234-4234-8234-123456789abc\",\"input\":{\"rootID\":\"state\",\"rootID\":\"other\"}}\n","OutputType":"frame"}
{"Time":"2026-09-08T17:32:51.838398566+03:00","Action":"output","Package":"virmill.local/core/internal/ui/tui","Test":"TestAuxiliaryTUIStrictJSONAndEscapeNeverDispatch/{\"id\":\"12345678-1234-4234-8234-123456789abc\",\"input\":{\"rootID\":\"state\",\"rootID\":\"other\"}}","Output":"--- PASS: TestAuxiliaryTUIStrictJSONAndEscapeNeverDispatch/{\"id\":\"12345678-1234-4234-8234-123456789abc\",\"input\":{\"rootID\":\"state\",\"rootID\":\"other\"}} (0.00s)\n","OutputType":"frame"}
{"Time":"2026-09-08T17:32:51.838411476+03:00","Action":"pass","Package":"virmill.local/core/internal/ui/tui","Test":"TestAuxiliaryTUIStrictJSONAndEscapeNeverDispatch/{\"id\":\"12345678-1234-4234-8234-123456789abc\",\"input\":{\"rootID\":\"state\",\"rootID\":\"other\"}}","Elapsed":0}
{"Time":"2026-09-08T17:32:51.83841928+03:00","Action":"run","Package":"virmill.local/core/internal/ui/tui","Test":"TestAuxiliaryTUIStrictJSONAndEscapeNeverDispatch/{\"id\":\"12345678-1234-4234-8234-123456789abc\",\"input\":{\"rootID\":\"state\"},\"apply\":{}}"}
{"Time":"2026-09-08T17:32:51.838421136+03:00","Action":"output","Package":"virmill.local/core/internal/ui/tui","Test":"TestAuxiliaryTUIStrictJSONAndEscapeNeverDispatch/{\"id\":\"12345678-1234-4234-8234-123456789abc\",\"input\":{\"rootID\":\"state\"},\"apply\":{}}","Output":"=== RUN   TestAuxiliaryTUIStrictJSONAndEscapeNeverDispatch/{\"id\":\"12345678-1234-4234-8234-123456789abc\",\"input\":{\"rootID\":\"state\"},\"apply\":{}}\n","OutputType":"frame"}
{"Time":"2026-09-08T17:32:51.841141295+03:00","Action":"output","Package":"virmill.local/core/internal/ui/tui","Test":"TestAuxiliaryTUIStrictJSONAndEscapeNeverDispatch/{\"id\":\"12345678-1234-4234-8234-123456789abc\",\"input\":{\"rootID\":\"state\"},\"apply\":{}}","Output":"--- PASS: TestAuxiliaryTUIStrictJSONAndEscapeNeverDispatch/{\"id\":\"12345678-1234-4234-8234-123456789abc\",\"input\":{\"rootID\":\"state\"},\"apply\":{}} (0.00s)\n","OutputType":"frame"}
{"Time":"2026-09-08T17:32:51.841158115+03:00","Action":"pass","Package":"virmill.local/core/internal/ui/tui","Test":"TestAuxiliaryTUIStrictJSONAndEscapeNeverDispatch/{\"id\":\"12345678-1234-4234-8234-123456789abc\",\"input\":{\"rootID\":\"state\"},\"apply\":{}}","Elapsed":0}
{"Time":"2026-09-08T17:32:51.841161197+03:00","Action":"run","Package":"virmill.local/core/internal/ui/tui","Test":"TestAuxiliaryTUIStrictJSONAndEscapeNeverDispatch/{\"id\":"}
{"Time":"2026-09-08T17:32:51.84116297+03:00","Action":"output","Package":"virmill.local/core/internal/ui/tui","Test":"TestAuxiliaryTUIStrictJSONAndEscapeNeverDispatch/{\"id\":","Output":"=== RUN   TestAuxiliaryTUIStrictJSONAndEscapeNeverDispatch/{\"id\":\n","OutputType":"frame"}
{"Time":"2026-09-08T17:32:51.842981451+03:00","Action":"output","Package":"virmill.local/core/internal/ui/tui","Test":"TestAuxiliaryTUIStrictJSONAndEscapeNeverDispatch/{\"id\":","Output":"--- PASS: TestAuxiliaryTUIStrictJSONAndEscapeNeverDispatch/{\"id\": (0.00s)\n","OutputType":"frame"}
{"Time":"2026-09-08T17:32:51.84298693+03:00","Action":"pass","Package":"virmill.local/core/internal/ui/tui","Test":"TestAuxiliaryTUIStrictJSONAndEscapeNeverDispatch/{\"id\":","Elapsed":0}
{"Time":"2026-09-08T17:32:51.843680472+03:00","Action":"output","Package":"virmill.local/core/internal/ui/tui","Test":"TestAuxiliaryTUIStrictJSONAndEscapeNeverDispatch","Output":"--- PASS: TestAuxiliaryTUIStrictJSONAndEscapeNeverDispatch (0.01s)\n","OutputType":"frame"}
{"Time":"2026-09-08T17:32:51.843693609+03:00","Action":"pass","Package":"virmill.local/core/internal/ui/tui","Test":"TestAuxiliaryTUIStrictJSONAndEscapeNeverDispatch","Elapsed":0.01}
{"Time":"2026-09-08T17:32:51.843708432+03:00","Action":"run","Package":"virmill.local/core/internal/ui/tui","Test":"TestVersionedCaptureTUIIncludesAuxiliaryVerificationAndClearsSuccess"}
{"Time":"2026-09-08T17:32:51.84371102+03:00","Action":"output","Package":"virmill.local/core/internal/ui/tui","Test":"TestVersionedCaptureTUIIncludesAuxiliaryVerificationAndClearsSuccess","Output":"=== RUN   TestVersionedCaptureTUIIncludesAuxiliaryVerificationAndClearsSuccess\n","OutputType":"frame"}
{"Time":"2026-09-08T17:32:51.857521241+03:00","Action":"output","Package":"virmill.local/core/internal/ui/cli","Test":"TestCreationEstimateCLIShowsAndReusesPersistedReview/json","Output":"--- PASS: TestCreationEstimateCLIShowsAndReusesPersistedReview/json (0.03s)\n","OutputType":"frame"}
{"Time":"2026-09-08T17:32:51.857556295+03:00","Action":"pass","Package":"virmill.local/core/internal/ui/cli","Test":"TestCreationEstimateCLIShowsAndReusesPersistedReview/json","Elapsed":0.03}
{"Time":"2026-09-08T17:32:51.857561635+03:00","Action":"run","Package":"virmill.local/core/internal/ui/cli","Test":"TestCreationEstimateCLIShowsAndReusesPersistedReview/ndjson"}
{"Time":"2026-09-08T17:32:51.857563168+03:00","Action":"output","Package":"virmill.local/core/internal/ui/cli","Test":"TestCreationEstimateCLIShowsAndReusesPersistedReview/ndjson","Output":"=== RUN   TestCreationEstimateCLIShowsAndReusesPersistedReview/ndjson\n","OutputType":"frame"}
{"Time":"2026-09-08T17:32:51.861131821+03:00","Action":"output","Package":"virmill.local/core/internal/ui/tui","Test":"TestVersionedCaptureTUIIncludesAuxiliaryVerificationAndClearsSuccess","Output":"--- PASS: TestVersionedCaptureTUIIncludesAuxiliaryVerificationAndClearsSuccess (0.02s)\n","OutputType":"frame"}
{"Time":"2026-09-08T17:32:51.86116159+03:00","Action":"pass","Package":"virmill.local/core/internal/ui/tui","Test":"TestVersionedCaptureTUIIncludesAuxiliaryVerificationAndClearsSuccess","Elapsed":0.02}
{"Time":"2026-09-08T17:32:51.861188085+03:00","Action":"run","Package":"virmill.local/core/internal/ui/tui","Test":"TestColdRecoveryTUIExactFormsPreviewAndApproval"}
{"Time":"2026-09-08T17:32:51.861190588+03:00","Action":"output","Package":"virmill.local/core/internal/ui/tui","Test":"TestColdRecoveryTUIExactFormsPreviewAndApproval","Output":"=== RUN   TestColdRecoveryTUIExactFormsPreviewAndApproval\n","OutputType":"frame"}
{"Time":"2026-09-08T17:32:51.861237029+03:00","Action":"run","Package":"virmill.local/core/internal/ui/tui","Test":"TestColdRecoveryTUIExactFormsPreviewAndApproval/create"}
{"Time":"2026-09-08T17:32:51.861239728+03:00","Action":"output","Package":"virmill.local/core/internal/ui/tui","Test":"TestColdRecoveryTUIExactFormsPreviewAndApproval/create","Output":"=== RUN   TestColdRecoveryTUIExactFormsPreviewAndApproval/create\n","OutputType":"frame"}
{"Time":"2026-09-08T17:32:51.885789318+03:00","Action":"output","Package":"virmill.local/core/internal/ui/cli","Test":"TestCreationEstimateCLIShowsAndReusesPersistedReview/ndjson","Output":"--- PASS: TestCreationEstimateCLIShowsAndReusesPersistedReview/ndjson (0.03s)\n","OutputType":"frame"}
{"Time":"2026-09-08T17:32:51.885827648+03:00","Action":"pass","Package":"virmill.local/core/internal/ui/cli","Test":"TestCreationEstimateCLIShowsAndReusesPersistedReview/ndjson","Elapsed":0.03}
{"Time":"2026-09-08T17:32:51.885836646+03:00","Action":"output","Package":"virmill.local/core/internal/ui/cli","Test":"TestCreationEstimateCLIShowsAndReusesPersistedReview","Output":"--- PASS: TestCreationEstimateCLIShowsAndReusesPersistedReview (0.09s)\n","OutputType":"frame"}
{"Time":"2026-09-08T17:32:51.885840314+03:00","Action":"pass","Package":"virmill.local/core/internal/ui/cli","Test":"TestCreationEstimateCLIShowsAndReusesPersistedReview","Elapsed":0.09}
{"Time":"2026-09-08T17:32:51.88584327+03:00","Action":"run","Package":"virmill.local/core/internal/ui/cli","Test":"TestCreationEstimateCLIFailuresDoNotPrintSuccessfulEstimate"}
{"Time":"2026-09-08T17:32:51.885846236+03:00","Action":"output","Package":"virmill.local/core/internal/ui/cli","Test":"TestCreationEstimateCLIFailuresDoNotPrintSuccessfulEstimate","Output":"=== RUN   TestCreationEstimateCLIFailuresDoNotPrintSuccessfulEstimate\n","OutputType":"frame"}
{"Time":"2026-09-08T17:32:51.885849455+03:00","Action":"run","Package":"virmill.local/core/internal/ui/cli","Test":"TestCreationEstimateCLIFailuresDoNotPrintSuccessfulEstimate/preflight-error"}
{"Time":"2026-09-08T17:32:51.88585161+03:00","Action":"output","Package":"virmill.local/core/internal/ui/cli","Test":"TestCreationEstimateCLIFailuresDoNotPrintSuccessfulEstimate/preflight-error","Output":"=== RUN   TestCreationEstimateCLIFailuresDoNotPrintSuccessfulEstimate/preflight-error\n","OutputType":"frame"}
{"Time":"2026-09-08T17:32:51.902283247+03:00","Action":"output","Package":"virmill.local/core/internal/ui/cli","Test":"TestCreationEstimateCLIFailuresDoNotPrintSuccessfulEstimate/preflight-error","Output":"--- PASS: TestCreationEstimateCLIFailuresDoNotPrintSuccessfulEstimate/preflight-error (0.02s)\n","OutputType":"frame"}
{"Time":"2026-09-08T17:32:51.902334482+03:00","Action":"pass","Package":"virmill.local/core/internal/ui/cli","Test":"TestCreationEstimateCLIFailuresDoNotPrintSuccessfulEstimate/preflight-error","Elapsed":0.02}
{"Time":"2026-09-08T17:32:51.902346211+03:00","Action":"run","Package":"virmill.local/core/internal/ui/cli","Test":"TestCreationEstimateCLIFailuresDoNotPrintSuccessfulEstimate/canceled-creation"}
{"Time":"2026-09-08T17:32:51.902349467+03:00","Action":"output","Package":"virmill.local/core/internal/ui/cli","Test":"TestCreationEstimateCLIFailuresDoNotPrintSuccessfulEstimate/canceled-creation","Output":"=== RUN   TestCreationEstimateCLIFailuresDoNotPrintSuccessfulEstimate/canceled-creation\n","OutputType":"frame"}
{"Time":"2026-09-08T17:32:51.919691441+03:00","Action":"output","Package":"virmill.local/core/internal/ui/cli","Test":"TestCreationEstimateCLIFailuresDoNotPrintSuccessfulEstimate/canceled-creation","Output":"--- PASS: TestCreationEstimateCLIFailuresDoNotPrintSuccessfulEstimate/canceled-creation (0.02s)\n","OutputType":"frame"}
{"Time":"2026-09-08T17:32:51.919725855+03:00","Action":"pass","Package":"virmill.local/core/internal/ui/cli","Test":"TestCreationEstimateCLIFailuresDoNotPrintSuccessfulEstimate/canceled-creation","Elapsed":0.02}
{"Time":"2026-09-08T17:32:51.919735134+03:00","Action":"run","Package":"virmill.local/core/internal/ui/cli","Test":"TestCreationEstimateCLIFailuresDoNotPrintSuccessfulEstimate/canceled-plan-show"}
{"Time":"2026-09-08T17:32:51.91973818+03:00","Action":"output","Package":"virmill.local/core/internal/ui/cli","Test":"TestCreationEstimateCLIFailuresDoNotPrintSuccessfulEstimate/canceled-plan-show","Output":"=== RUN   TestCreationEstimateCLIFailuresDoNotPrintSuccessfulEstimate/canceled-plan-show\n","OutputType":"frame"}
{"Time":"2026-09-08T17:32:51.934968554+03:00","Action":"output","Package":"virmill.local/core/internal/ui/cli","Test":"TestCreationEstimateCLIFailuresDoNotPrintSuccessfulEstimate/canceled-plan-show","Output":"--- PASS: TestCreationEstimateCLIFailuresDoNotPrintSuccessfulEstimate/canceled-plan-show (0.02s)\n","OutputType":"frame"}
{"Time":"2026-09-08T17:32:51.93500392+03:00","Action":"pass","Package":"virmill.local/core/internal/ui/cli","Test":"TestCreationEstimateCLIFailuresDoNotPrintSuccessfulEstimate/canceled-plan-show","Elapsed":0.02}
{"Time":"2026-09-08T17:32:51.935012811+03:00","Action":"run","Package":"virmill.local/core/internal/ui/cli","Test":"TestCreationEstimateCLIFailuresDoNotPrintSuccessfulEstimate/transport-error"}
{"Time":"2026-09-08T17:32:51.935014708+03:00","Action":"output","Package":"virmill.local/core/internal/ui/cli","Test":"TestCreationEstimateCLIFailuresDoNotPrintSuccessfulEstimate/transport-error","Output":"=== RUN   TestCreationEstimateCLIFailuresDoNotPrintSuccessfulEstimate/transport-error\n","OutputType":"frame"}
{"Time":"2026-09-08T17:32:51.950981077+03:00","Action":"output","Package":"virmill.local/core/internal/ui/cli","Test":"TestCreationEstimateCLIFailuresDoNotPrintSuccessfulEstimate/transport-error","Output":"--- PASS: TestCreationEstimateCLIFailuresDoNotPrintSuccessfulEstimate/transport-error (0.02s)\n","OutputType":"frame"}
{"Time":"2026-09-08T17:32:51.951008453+03:00","Action":"pass","Package":"virmill.local/core/internal/ui/cli","Test":"TestCreationEstimateCLIFailuresDoNotPrintSuccessfulEstimate/transport-error","Elapsed":0.02}
{"Time":"2026-09-08T17:32:51.951015861+03:00","Action":"run","Package":"virmill.local/core/internal/ui/cli","Test":"TestCreationEstimateCLIFailuresDoNotPrintSuccessfulEstimate/missing-plan"}
{"Time":"2026-09-08T17:32:51.951017613+03:00","Action":"output","Package":"virmill.local/core/internal/ui/cli","Test":"TestCreationEstimateCLIFailuresDoNotPrintSuccessfulEstimate/missing-plan","Output":"=== RUN   TestCreationEstimateCLIFailuresDoNotPrintSuccessfulEstimate/missing-plan\n","OutputType":"frame"}
{"Time":"2026-09-08T17:32:51.953274773+03:00","Action":"output","Package":"virmill.local/core/internal/ui/tui","Test":"TestColdRecoveryTUIExactFormsPreviewAndApproval/create","Output":"--- PASS: TestColdRecoveryTUIExactFormsPreviewAndApproval/create (0.09s)\n","OutputType":"frame"}
{"Time":"2026-09-08T17:32:51.953292306+03:00","Action":"pass","Package":"virmill.local/core/internal/ui/tui","Test":"TestColdRecoveryTUIExactFormsPreviewAndApproval/create","Elapsed":0.09}
{"Time":"2026-09-08T17:32:51.953314617+03:00","Action":"run","Package":"virmill.local/core/internal/ui/tui","Test":"TestColdRecoveryTUIExactFormsPreviewAndApproval/restore"}
{"Time":"2026-09-08T17:32:51.953316595+03:00","Action":"output","Package":"virmill.local/core/internal/ui/tui","Test":"TestColdRecoveryTUIExactFormsPreviewAndApproval/restore","Output":"=== RUN   TestColdRecoveryTUIExactFormsPreviewAndApproval/restore\n","OutputType":"frame"}
{"Time":"2026-09-08T17:32:51.967623173+03:00","Action":"output","Package":"virmill.local/core/internal/ui/cli","Test":"TestCreationEstimateCLIFailuresDoNotPrintSuccessfulEstimate/missing-plan","Output":"--- PASS: TestCreationEstimateCLIFailuresDoNotPrintSuccessfulEstimate/missing-plan (0.02s)\n","OutputType":"frame"}
{"Time":"2026-09-08T17:32:51.967656676+03:00","Action":"pass","Package":"virmill.local/core/internal/ui/cli","Test":"TestCreationEstimateCLIFailuresDoNotPrintSuccessfulEstimate/missing-plan","Elapsed":0.02}
{"Time":"2026-09-08T17:32:51.967662474+03:00","Action":"output","Package":"virmill.local/core/internal/ui/cli","Test":"TestCreationEstimateCLIFailuresDoNotPrintSuccessfulEstimate","Output":"--- PASS: TestCreationEstimateCLIFailuresDoNotPrintSuccessfulEstimate (0.08s)\n","OutputType":"frame"}
{"Time":"2026-09-08T17:32:51.967664453+03:00","Action":"pass","Package":"virmill.local/core/internal/ui/cli","Test":"TestCreationEstimateCLIFailuresDoNotPrintSuccessfulEstimate","Elapsed":0.08}
{"Time":"2026-09-08T17:32:51.9676752+03:00","Action":"run","Package":"virmill.local/core/internal/ui/cli","Test":"TestCreationNVRAMCLIReviewAndAuthorization"}
{"Time":"2026-09-08T17:32:51.967676794+03:00","Action":"output","Package":"virmill.local/core/internal/ui/cli","Test":"TestCreationNVRAMCLIReviewAndAuthorization","Output":"=== RUN   TestCreationNVRAMCLIReviewAndAuthorization\n","OutputType":"frame"}
{"Time":"2026-09-08T17:32:51.967711402+03:00","Action":"run","Package":"virmill.local/core/internal/ui/cli","Test":"TestCreationNVRAMCLIReviewAndAuthorization/table"}
{"Time":"2026-09-08T17:32:51.967713801+03:00","Action":"output","Package":"virmill.local/core/internal/ui/cli","Test":"TestCreationNVRAMCLIReviewAndAuthorization/table","Output":"=== RUN   TestCreationNVRAMCLIReviewAndAuthorization/table\n","OutputType":"frame"}
{"Time":"2026-09-08T17:32:52.013345782+03:00","Action":"output","Package":"virmill.local/core/internal/ui/cli","Test":"TestCreationNVRAMCLIReviewAndAuthorization/table","Output":"--- PASS: TestCreationNVRAMCLIReviewAndAuthorization/table (0.05s)\n","OutputType":"frame"}
{"Time":"2026-09-08T17:32:52.013376614+03:00","Action":"pass","Package":"virmill.local/core/internal/ui/cli","Test":"TestCreationNVRAMCLIReviewAndAuthorization/table","Elapsed":0.05}
{"Time":"2026-09-08T17:32:52.013384292+03:00","Action":"run","Package":"virmill.local/core/internal/ui/cli","Test":"TestCreationNVRAMCLIReviewAndAuthorization/json"}
{"Time":"2026-09-08T17:32:52.013386225+03:00","Action":"output","Package":"virmill.local/core/internal/ui/cli","Test":"TestCreationNVRAMCLIReviewAndAuthorization/json","Output":"=== RUN   TestCreationNVRAMCLIReviewAndAuthorization/json\n","OutputType":"frame"}
{"Time":"2026-09-08T17:32:52.05090518+03:00","Action":"output","Package":"virmill.local/core/internal/ui/tui","Test":"TestColdRecoveryTUIExactFormsPreviewAndApproval/restore","Output":"--- PASS: TestColdRecoveryTUIExactFormsPreviewAndApproval/restore (0.10s)\n","OutputType":"frame"}
{"Time":"2026-09-08T17:32:52.050947814+03:00","Action":"pass","Package":"virmill.local/core/internal/ui/tui","Test":"TestColdRecoveryTUIExactFormsPreviewAndApproval/restore","Elapsed":0.1}
{"Time":"2026-09-08T17:32:52.050954634+03:00","Action":"output","Package":"virmill.local/core/internal/ui/tui","Test":"TestColdRecoveryTUIExactFormsPreviewAndApproval","Output":"--- PASS: TestColdRecoveryTUIExactFormsPreviewAndApproval (0.19s)\n","OutputType":"frame"}
{"Time":"2026-09-08T17:32:52.050956523+03:00","Action":"pass","Package":"virmill.local/core/internal/ui/tui","Test":"TestColdRecoveryTUIExactFormsPreviewAndApproval","Elapsed":0.19}
{"Time":"2026-09-08T17:32:52.050962925+03:00","Action":"run","Package":"virmill.local/core/internal/ui/tui","Test":"TestColdRecoveryTUIReadOnlyMappingsAndErrorClearsApproval"}
{"Time":"2026-09-08T17:32:52.050964648+03:00","Action":"output","Package":"virmill.local/core/internal/ui/tui","Test":"TestColdRecoveryTUIReadOnlyMappingsAndErrorClearsApproval","Output":"=== RUN   TestColdRecoveryTUIReadOnlyMappingsAndErrorClearsApproval\n","OutputType":"frame"}
{"Time":"2026-09-08T17:32:52.050995104+03:00","Action":"run","Package":"virmill.local/core/internal/ui/tui","Test":"TestColdRecoveryTUIReadOnlyMappingsAndErrorClearsApproval/list"}
{"Time":"2026-09-08T17:32:52.050996676+03:00","Action":"output","Package":"virmill.local/core/internal/ui/tui","Test":"TestColdRecoveryTUIReadOnlyMappingsAndErrorClearsApproval/list","Output":"=== RUN   TestColdRecoveryTUIReadOnlyMappingsAndErrorClearsApproval/list\n","OutputType":"frame"}
{"Time":"2026-09-08T17:32:52.051638063+03:00","Action":"output","Package":"virmill.local/core/internal/ui/tui","Test":"TestColdRecoveryTUIReadOnlyMappingsAndErrorClearsApproval/list","Output":"--- PASS: TestColdRecoveryTUIReadOnlyMappingsAndErrorClearsApproval/list (0.00s)\n","OutputType":"frame"}
{"Time":"2026-09-08T17:32:52.051644806+03:00","Action":"pass","Package":"virmill.local/core/internal/ui/tui","Test":"TestColdRecoveryTUIReadOnlyMappingsAndErrorClearsApproval/list","Elapsed":0}
{"Time":"2026-09-08T17:32:52.051670818+03:00","Action":"run","Package":"virmill.local/core/internal/ui/tui","Test":"TestColdRecoveryTUIReadOnlyMappingsAndErrorClearsApproval/show"}
{"Time":"2026-09-08T17:32:52.051673131+03:00","Action":"output","Package":"virmill.local/core/internal/ui/tui","Test":"TestColdRecoveryTUIReadOnlyMappingsAndErrorClearsApproval/show","Output":"=== RUN   TestColdRecoveryTUIReadOnlyMappingsAndErrorClearsApproval/show\n","OutputType":"frame"}
{"Time":"2026-09-08T17:32:52.053099269+03:00","Action":"output","Package":"virmill.local/core/internal/ui/cli","Test":"TestCreationNVRAMCLIReviewAndAuthorization/json","Output":"--- PASS: TestCreationNVRAMCLIReviewAndAuthorization/json (0.04s)\n","OutputType":"frame"}
{"Time":"2026-09-08T17:32:52.053116118+03:00","Action":"pass","Package":"virmill.local/core/internal/ui/cli","Test":"TestCreationNVRAMCLIReviewAndAuthorization/json","Elapsed":0.04}
{"Time":"2026-09-08T17:32:52.053139155+03:00","Action":"run","Package":"virmill.local/core/internal/ui/cli","Test":"TestCreationNVRAMCLIReviewAndAuthorization/ndjson"}
{"Time":"2026-09-08T17:32:52.053141783+03:00","Action":"output","Package":"virmill.local/core/internal/ui/cli","Test":"TestCreationNVRAMCLIReviewAndAuthorization/ndjson","Output":"=== RUN   TestCreationNVRAMCLIReviewAndAuthorization/ndjson\n","OutputType":"frame"}
{"Time":"2026-09-08T17:32:52.057595924+03:00","Action":"output","Package":"virmill.local/core/internal/ui/tui","Test":"TestColdRecoveryTUIReadOnlyMappingsAndErrorClearsApproval/show","Output":"--- PASS: TestColdRecoveryTUIReadOnlyMappingsAndErrorClearsApproval/show (0.01s)\n","OutputType":"frame"}
{"Time":"2026-09-08T17:32:52.057615369+03:00","Action":"pass","Package":"virmill.local/core/internal/ui/tui","Test":"TestColdRecoveryTUIReadOnlyMappingsAndErrorClearsApproval/show","Elapsed":0.01}
{"Time":"2026-09-08T17:32:52.057618684+03:00","Action":"run","Package":"virmill.local/core/internal/ui/tui","Test":"TestColdRecoveryTUIReadOnlyMappingsAndErrorClearsApproval/canceled"}
{"Time":"2026-09-08T17:32:52.057620273+03:00","Action":"output","Package":"virmill.local/core/internal/ui/tui","Test":"TestColdRecoveryTUIReadOnlyMappingsAndErrorClearsApproval/canceled","Output":"=== RUN   TestColdRecoveryTUIReadOnlyMappingsAndErrorClearsApproval/canceled\n","OutputType":"frame"}
{"Time":"2026-09-08T17:32:52.064260332+03:00","Action":"output","Package":"virmill.local/core/internal/ui/tui","Test":"TestColdRecoveryTUIReadOnlyMappingsAndErrorClearsApproval/canceled","Output":"--- PASS: TestColdRecoveryTUIReadOnlyMappingsAndErrorClearsApproval/canceled (0.01s)\n","OutputType":"frame"}
{"Time":"2026-09-08T17:32:52.064285079+03:00","Action":"pass","Package":"virmill.local/core/internal/ui/tui","Test":"TestColdRecoveryTUIReadOnlyMappingsAndErrorClearsApproval/canceled","Elapsed":0.01}
{"Time":"2026-09-08T17:32:52.064301886+03:00","Action":"run","Package":"virmill.local/core/internal/ui/tui","Test":"TestColdRecoveryTUIReadOnlyMappingsAndErrorClearsApproval/transport"}
{"Time":"2026-09-08T17:32:52.064309467+03:00","Action":"output","Package":"virmill.local/core/internal/ui/tui","Test":"TestColdRecoveryTUIReadOnlyMappingsAndErrorClearsApproval/transport","Output":"=== RUN   TestColdRecoveryTUIReadOnlyMappingsAndErrorClearsApproval/transport\n","OutputType":"frame"}
{"Time":"2026-09-08T17:32:52.071066465+03:00","Action":"output","Package":"virmill.local/core/internal/ui/tui","Test":"TestColdRecoveryTUIReadOnlyMappingsAndErrorClearsApproval/transport","Output":"--- PASS: TestColdRecoveryTUIReadOnlyMappingsAndErrorClearsApproval/transport (0.01s)\n","OutputType":"frame"}
{"Time":"2026-09-08T17:32:52.071076089+03:00","Action":"pass","Package":"virmill.local/core/internal/ui/tui","Test":"TestColdRecoveryTUIReadOnlyMappingsAndErrorClearsApproval/transport","Elapsed":0.01}
{"Time":"2026-09-08T17:32:52.071094767+03:00","Action":"run","Package":"virmill.local/core/internal/ui/tui","Test":"TestColdRecoveryTUIReadOnlyMappingsAndErrorClearsApproval/incomplete"}
{"Time":"2026-09-08T17:32:52.071096769+03:00","Action":"output","Package":"virmill.local/core/internal/ui/tui","Test":"TestColdRecoveryTUIReadOnlyMappingsAndErrorClearsApproval/incomplete","Output":"=== RUN   TestColdRecoveryTUIReadOnlyMappingsAndErrorClearsApproval/incomplete\n","OutputType":"frame"}
{"Time":"2026-09-08T17:32:52.077956506+03:00","Action":"output","Package":"virmill.local/core/internal/ui/tui","Test":"TestColdRecoveryTUIReadOnlyMappingsAndErrorClearsApproval/incomplete","Output":"--- PASS: TestColdRecoveryTUIReadOnlyMappingsAndErrorClearsApproval/incomplete (0.01s)\n","OutputType":"frame"}
{"Time":"2026-09-08T17:32:52.077976115+03:00","Action":"pass","Package":"virmill.local/core/internal/ui/tui","Test":"TestColdRecoveryTUIReadOnlyMappingsAndErrorClearsApproval/incomplete","Elapsed":0.01}
{"Time":"2026-09-08T17:32:52.078009746+03:00","Action":"output","Package":"virmill.local/core/internal/ui/tui","Test":"TestColdRecoveryTUIReadOnlyMappingsAndErrorClearsApproval","Output":"--- PASS: TestColdRecoveryTUIReadOnlyMappingsAndErrorClearsApproval (0.03s)\n","OutputType":"frame"}
{"Time":"2026-09-08T17:32:52.078027122+03:00","Action":"pass","Package":"virmill.local/core/internal/ui/tui","Test":"TestColdRecoveryTUIReadOnlyMappingsAndErrorClearsApproval","Elapsed":0.03}
{"Time":"2026-09-08T17:32:52.078382646+03:00","Action":"run","Package":"virmill.local/core/internal/ui/tui","Test":"TestColdRecoveryTUIMalformedFormsNeverDispatch"}
{"Time":"2026-09-08T17:32:52.078386716+03:00","Action":"output","Package":"virmill.local/core/internal/ui/tui","Test":"TestColdRecoveryTUIMalformedFormsNeverDispatch","Output":"=== RUN   TestColdRecoveryTUIMalformedFormsNeverDispatch\n","OutputType":"frame"}
{"Time":"2026-09-08T17:32:52.078425062+03:00","Action":"run","Package":"virmill.local/core/internal/ui/tui","Test":"TestColdRecoveryTUIMalformedFormsNeverDispatch/create/not-json"}
{"Time":"2026-09-08T17:32:52.07843746+03:00","Action":"output","Package":"virmill.local/core/internal/ui/tui","Test":"TestColdRecoveryTUIMalformedFormsNeverDispatch/create/not-json","Output":"=== RUN   TestColdRecoveryTUIMalformedFormsNeverDispatch/create/not-json\n","OutputType":"frame"}
{"Time":"2026-09-08T17:32:52.080893866+03:00","Action":"output","Package":"virmill.local/core/internal/ui/tui","Test":"TestColdRecoveryTUIMalformedFormsNeverDispatch/create/not-json","Output":"--- PASS: TestColdRecoveryTUIMalformedFormsNeverDispatch/create/not-json (0.00s)\n","OutputType":"frame"}
{"Time":"2026-09-08T17:32:52.08090988+03:00","Action":"pass","Package":"virmill.local/core/internal/ui/tui","Test":"TestColdRecoveryTUIMalformedFormsNeverDispatch/create/not-json","Elapsed":0}
{"Time":"2026-09-08T17:32:52.080915437+03:00","Action":"run","Package":"virmill.local/core/internal/ui/tui","Test":"TestColdRecoveryTUIMalformedFormsNeverDispatch/create/{\"id\":\"one\",\"id\":\"two\",\"input\":{}}"}
{"Time":"2026-09-08T17:32:52.080919036+03:00","Action":"output","Package":"virmill.local/core/internal/ui/tui","Test":"TestColdRecoveryTUIMalformedFormsNeverDispatch/create/{\"id\":\"one\",\"id\":\"two\",\"input\":{}}","Output":"=== RUN   TestColdRecoveryTUIMalformedFormsNeverDispatch/create/{\"id\":\"one\",\"id\":\"two\",\"input\":{}}\n","OutputType":"frame"}
{"Time":"2026-09-08T17:32:52.086603831+03:00","Action":"output","Package":"virmill.local/core/internal/ui/tui","Test":"TestColdRecoveryTUIMalformedFormsNeverDispatch/create/{\"id\":\"one\",\"id\":\"two\",\"input\":{}}","Output":"--- PASS: TestColdRecoveryTUIMalformedFormsNeverDispatch/create/{\"id\":\"one\",\"id\":\"two\",\"input\":{}} (0.01s)\n","OutputType":"frame"}
{"Time":"2026-09-08T17:32:52.086617035+03:00","Action":"pass","Package":"virmill.local/core/internal/ui/tui","Test":"TestColdRecoveryTUIMalformedFormsNeverDispatch/create/{\"id\":\"one\",\"id\":\"two\",\"input\":{}}","Elapsed":0.01}
{"Time":"2026-09-08T17:32:52.086635573+03:00","Action":"run","Package":"virmill.local/core/internal/ui/tui","Test":"TestColdRecoveryTUIMalformedFormsNeverDispatch/create/{\"id\":\"one\",\"input\":{\"name\":\"first\",\"name\":\"second\"}}"}
{"Time":"2026-09-08T17:32:52.086639253+03:00","Action":"output","Package":"virmill.local/core/internal/ui/tui","Test":"TestColdRecoveryTUIMalformedFormsNeverDispatch/create/{\"id\":\"one\",\"input\":{\"name\":\"first\",\"name\":\"second\"}}","Output":"=== RUN   TestColdRecoveryTUIMalformedFormsNeverDispatch/create/{\"id\":\"one\",\"input\":{\"name\":\"first\",\"name\":\"second\"}}\n","OutputType":"frame"}
{"Time":"2026-09-08T17:32:52.094339967+03:00","Action":"output","Package":"virmill.local/core/internal/ui/tui","Test":"TestColdRecoveryTUIMalformedFormsNeverDispatch/create/{\"id\":\"one\",\"input\":{\"name\":\"first\",\"name\":\"second\"}}","Output":"--- PASS: TestColdRecoveryTUIMalformedFormsNeverDispatch/create/{\"id\":\"one\",\"input\":{\"name\":\"first\",\"name\":\"second\"}} (0.01s)\n","OutputType":"frame"}
{"Time":"2026-09-08T17:32:52.094363488+03:00","Action":"pass","Package":"virmill.local/core/internal/ui/tui","Test":"TestColdRecoveryTUIMalformedFormsNeverDispatch/create/{\"id\":\"one\",\"input\":{\"name\":\"first\",\"name\":\"second\"}}","Elapsed":0.01}
{"Time":"2026-09-08T17:32:52.094384502+03:00","Action":"run","Package":"virmill.local/core/internal/ui/tui","Test":"TestColdRecoveryTUIMalformedFormsNeverDispatch/create/{\"id\":\"one\",\"apply\":{\"planID\":\"hidden\"}}"}
{"Time":"2026-09-08T17:32:52.094387195+03:00","Action":"output","Package":"virmill.local/core/internal/ui/tui","Test":"TestColdRecoveryTUIMalformedFormsNeverDispatch/create/{\"id\":\"one\",\"apply\":{\"planID\":\"hidden\"}}","Output":"=== RUN   TestColdRecoveryTUIMalformedFormsNeverDispatch/create/{\"id\":\"one\",\"apply\":{\"planID\":\"hidden\"}}\n","OutputType":"frame"}
{"Time":"2026-09-08T17:32:52.095751387+03:00","Action":"output","Package":"virmill.local/core/internal/ui/cli","Test":"TestCreationNVRAMCLIReviewAndAuthorization/ndjson","Output":"--- PASS: TestCreationNVRAMCLIReviewAndAuthorization/ndjson (0.04s)\n","OutputType":"frame"}
{"Time":"2026-09-08T17:32:52.095761638+03:00","Action":"pass","Package":"virmill.local/core/internal/ui/cli","Test":"TestCreationNVRAMCLIReviewAndAuthorization/ndjson","Elapsed":0.04}
{"Time":"2026-09-08T17:32:52.095799506+03:00","Action":"output","Package":"virmill.local/core/internal/ui/cli","Test":"TestCreationNVRAMCLIReviewAndAuthorization","Output":"--- PASS: TestCreationNVRAMCLIReviewAndAuthorization (0.13s)\n","OutputType":"frame"}
{"Time":"2026-09-08T17:32:52.095813616+03:00","Action":"pass","Package":"virmill.local/core/internal/ui/cli","Test":"TestCreationNVRAMCLIReviewAndAuthorization","Elapsed":0.13}
{"Time":"2026-09-08T17:32:52.095827509+03:00","Action":"run","Package":"virmill.local/core/internal/ui/cli","Test":"TestCreationNVRAMCLIResultStages"}
{"Time":"2026-09-08T17:32:52.095829905+03:00","Action":"output","Package":"virmill.local/core/internal/ui/cli","Test":"TestCreationNVRAMCLIResultStages","Output":"=== RUN   TestCreationNVRAMCLIResultStages\n","OutputType":"frame"}
{"Time":"2026-09-08T17:32:52.095857391+03:00","Action":"run","Package":"virmill.local/core/internal/ui/cli","Test":"TestCreationNVRAMCLIResultStages/table/bound"}
{"Time":"2026-09-08T17:32:52.095859592+03:00","Action":"output","Package":"virmill.local/core/internal/ui/cli","Test":"TestCreationNVRAMCLIResultStages/table/bound","Output":"=== RUN   TestCreationNVRAMCLIResultStages/table/bound\n","OutputType":"frame"}
{"Time":"2026-09-08T17:32:52.099791489+03:00","Action":"output","Package":"virmill.local/core/internal/ui/tui","Test":"TestColdRecoveryTUIMalformedFormsNeverDispatch/create/{\"id\":\"one\",\"apply\":{\"planID\":\"hidden\"}}","Output":"--- PASS: TestColdRecoveryTUIMalformedFormsNeverDispatch/create/{\"id\":\"one\",\"apply\":{\"planID\":\"hidden\"}} (0.01s)\n","OutputType":"frame"}
{"Time":"2026-09-08T17:32:52.099801592+03:00","Action":"pass","Package":"virmill.local/core/internal/ui/tui","Test":"TestColdRecoveryTUIMalformedFormsNeverDispatch/create/{\"id\":\"one\",\"apply\":{\"planID\":\"hidden\"}}","Elapsed":0.01}
{"Time":"2026-09-08T17:32:52.099817244+03:00","Action":"run","Package":"virmill.local/core/internal/ui/tui","Test":"TestColdRecoveryTUIMalformedFormsNeverDispatch/restore/not-json"}
{"Time":"2026-09-08T17:32:52.099819249+03:00","Action":"output","Package":"virmill.local/core/internal/ui/tui","Test":"TestColdRecoveryTUIMalformedFormsNeverDispatch/restore/not-json","Output":"=== RUN   TestColdRecoveryTUIMalformedFormsNeverDispatch/restore/not-json\n","OutputType":"frame"}
{"Time":"2026-09-08T17:32:52.1013654+03:00","Action":"output","Package":"virmill.local/core/internal/ui/tui","Test":"TestColdRecoveryTUIMalformedFormsNeverDispatch/restore/not-json","Output":"--- PASS: TestColdRecoveryTUIMalformedFormsNeverDispatch/restore/not-json (0.00s)\n","OutputType":"frame"}
{"Time":"2026-09-08T17:32:52.10137498+03:00","Action":"pass","Package":"virmill.local/core/internal/ui/tui","Test":"TestColdRecoveryTUIMalformedFormsNeverDispatch/restore/not-json","Elapsed":0}
{"Time":"2026-09-08T17:32:52.101379708+03:00","Action":"run","Package":"virmill.local/core/internal/ui/tui","Test":"TestColdRecoveryTUIMalformedFormsNeverDispatch/restore/{\"id\":\"one\",\"id\":\"two\",\"input\":{}}"}
{"Time":"2026-09-08T17:32:52.101381448+03:00","Action":"output","Package":"virmill.local/core/internal/ui/tui","Test":"TestColdRecoveryTUIMalformedFormsNeverDispatch/restore/{\"id\":\"one\",\"id\":\"two\",\"input\":{}}","Output":"=== RUN   TestColdRecoveryTUIMalformedFormsNeverDispatch/restore/{\"id\":\"one\",\"id\":\"two\",\"input\":{}}\n","OutputType":"frame"}
{"Time":"2026-09-08T17:32:52.106084764+03:00","Action":"output","Package":"virmill.local/core/internal/ui/tui","Test":"TestColdRecoveryTUIMalformedFormsNeverDispatch/restore/{\"id\":\"one\",\"id\":\"two\",\"input\":{}}","Output":"--- PASS: TestColdRecoveryTUIMalformedFormsNeverDispatch/restore/{\"id\":\"one\",\"id\":\"two\",\"input\":{}} (0.00s)\n","OutputType":"frame"}
{"Time":"2026-09-08T17:32:52.10609878+03:00","Action":"pass","Package":"virmill.local/core/internal/ui/tui","Test":"TestColdRecoveryTUIMalformedFormsNeverDispatch/restore/{\"id\":\"one\",\"id\":\"two\",\"input\":{}}","Elapsed":0}
{"Time":"2026-09-08T17:32:52.106110781+03:00","Action":"run","Package":"virmill.local/core/internal/ui/tui","Test":"TestColdRecoveryTUIMalformedFormsNeverDispatch/restore/{\"id\":\"one\",\"input\":{\"name\":\"first\",\"name\":\"second\"}}"}
{"Time":"2026-09-08T17:32:52.106113653+03:00","Action":"output","Package":"virmill.local/core/internal/ui/tui","Test":"TestColdRecoveryTUIMalformedFormsNeverDispatch/restore/{\"id\":\"one\",\"input\":{\"name\":\"first\",\"name\":\"second\"}}","Output":"=== RUN   TestColdRecoveryTUIMalformedFormsNeverDispatch/restore/{\"id\":\"one\",\"input\":{\"name\":\"first\",\"name\":\"second\"}}\n","OutputType":"frame"}
{"Time":"2026-09-08T17:32:52.113586795+03:00","Action":"output","Package":"virmill.local/core/internal/ui/tui","Test":"TestColdRecoveryTUIMalformedFormsNeverDispatch/restore/{\"id\":\"one\",\"input\":{\"name\":\"first\",\"name\":\"second\"}}","Output":"--- PASS: TestColdRecoveryTUIMalformedFormsNeverDispatch/restore/{\"id\":\"one\",\"input\":{\"name\":\"first\",\"name\":\"second\"}} (0.01s)\n","OutputType":"frame"}
{"Time":"2026-09-08T17:32:52.113601651+03:00","Action":"pass","Package":"virmill.local/core/internal/ui/tui","Test":"TestColdRecoveryTUIMalformedFormsNeverDispatch/restore/{\"id\":\"one\",\"input\":{\"name\":\"first\",\"name\":\"second\"}}","Elapsed":0.01}
{"Time":"2026-09-08T17:32:52.113619569+03:00","Action":"run","Package":"virmill.local/core/internal/ui/tui","Test":"TestColdRecoveryTUIMalformedFormsNeverDispatch/restore/{\"id\":\"one\",\"apply\":{\"planID\":\"hidden\"}}"}
{"Time":"2026-09-08T17:32:52.11362146+03:00","Action":"output","Package":"virmill.local/core/internal/ui/tui","Test":"TestColdRecoveryTUIMalformedFormsNeverDispatch/restore/{\"id\":\"one\",\"apply\":{\"planID\":\"hidden\"}}","Output":"=== RUN   TestColdRecoveryTUIMalformedFormsNeverDispatch/restore/{\"id\":\"one\",\"apply\":{\"planID\":\"hidden\"}}\n","OutputType":"frame"}
{"Time":"2026-09-08T17:32:52.120693486+03:00","Action":"output","Package":"virmill.local/core/internal/ui/tui","Test":"TestColdRecoveryTUIMalformedFormsNeverDispatch/restore/{\"id\":\"one\",\"apply\":{\"planID\":\"hidden\"}}","Output":"--- PASS: TestColdRecoveryTUIMalformedFormsNeverDispatch/restore/{\"id\":\"one\",\"apply\":{\"planID\":\"hidden\"}} (0.01s)\n","OutputType":"frame"}
{"Time":"2026-09-08T17:32:52.12071497+03:00","Action":"pass","Package":"virmill.local/core/internal/ui/tui","Test":"TestColdRecoveryTUIMalformedFormsNeverDispatch/restore/{\"id\":\"one\",\"apply\":{\"planID\":\"hidden\"}}","Elapsed":0.01}
{"Time":"2026-09-08T17:32:52.120722557+03:00","Action":"output","Package":"virmill.local/core/internal/ui/tui","Test":"TestColdRecoveryTUIMalformedFormsNeverDispatch","Output":"--- PASS: TestColdRecoveryTUIMalformedFormsNeverDispatch (0.04s)\n","OutputType":"frame"}
{"Time":"2026-09-08T17:32:52.120743574+03:00","Action":"pass","Package":"virmill.local/core/internal/ui/tui","Test":"TestColdRecoveryTUIMalformedFormsNeverDispatch","Elapsed":0.04}
{"Time":"2026-09-08T17:32:52.120759782+03:00","Action":"run","Package":"virmill.local/core/internal/ui/tui","Test":"TestCreationEstimateTUIShowsPagedSharedReviewAndReusesDigest"}
{"Time":"2026-09-08T17:32:52.120766608+03:00","Action":"output","Package":"virmill.local/core/internal/ui/tui","Test":"TestCreationEstimateTUIShowsPagedSharedReviewAndReusesDigest","Output":"=== RUN   TestCreationEstimateTUIShowsPagedSharedReviewAndReusesDigest\n","OutputType":"frame"}
{"Time":"2026-09-08T17:32:52.125118604+03:00","Action":"output","Package":"virmill.local/core/internal/ui/cli","Test":"TestCreationNVRAMCLIResultStages/table/bound","Output":"--- PASS: TestCreationNVRAMCLIResultStages/table/bound (0.03s)\n","OutputType":"frame"}
{"Time":"2026-09-08T17:32:52.125138433+03:00","Action":"pass","Package":"virmill.local/core/internal/ui/cli","Test":"TestCreationNVRAMCLIResultStages/table/bound","Elapsed":0.03}
{"Time":"2026-09-08T17:32:52.125147042+03:00","Action":"run","Package":"virmill.local/core/internal/ui/cli","Test":"TestCreationNVRAMCLIResultStages/table/bound-running"}
{"Time":"2026-09-08T17:32:52.125148694+03:00","Action":"output","Package":"virmill.local/core/internal/ui/cli","Test":"TestCreationNVRAMCLIResultStages/table/bound-running","Output":"=== RUN   TestCreationNVRAMCLIResultStages/table/bound-running\n","OutputType":"frame"}
{"Time":"2026-09-08T17:32:52.153770423+03:00","Action":"output","Package":"virmill.local/core/internal/ui/cli","Test":"TestCreationNVRAMCLIResultStages/table/bound-running","Output":"--- PASS: TestCreationNVRAMCLIResultStages/table/bound-running (0.03s)\n","OutputType":"frame"}
{"Time":"2026-09-08T17:32:52.153807387+03:00","Action":"pass","Package":"virmill.local/core/internal/ui/cli","Test":"TestCreationNVRAMCLIResultStages/table/bound-running","Elapsed":0.03}
{"Time":"2026-09-08T17:32:52.153815655+03:00","Action":"run","Package":"virmill.local/core/internal/ui/cli","Test":"TestCreationNVRAMCLIResultStages/table/pending"}
{"Time":"2026-09-08T17:32:52.153817256+03:00","Action":"output","Package":"virmill.local/core/internal/ui/cli","Test":"TestCreationNVRAMCLIResultStages/table/pending","Output":"=== RUN   TestCreationNVRAMCLIResultStages/table/pending\n","OutputType":"frame"}
{"Time":"2026-09-08T17:32:52.180827169+03:00","Action":"output","Package":"virmill.local/core/internal/ui/cli","Test":"TestCreationNVRAMCLIResultStages/table/pending","Output":"--- PASS: TestCreationNVRAMCLIResultStages/table/pending (0.03s)\n","OutputType":"frame"}
{"Time":"2026-09-08T17:32:52.18086395+03:00","Action":"pass","Package":"virmill.local/core/internal/ui/cli","Test":"TestCreationNVRAMCLIResultStages/table/pending","Elapsed":0.03}
{"Time":"2026-09-08T17:32:52.180869282+03:00","Action":"run","Package":"virmill.local/core/internal/ui/cli","Test":"TestCreationNVRAMCLIResultStages/table/pending-partial"}
{"Time":"2026-09-08T17:32:52.180871133+03:00","Action":"output","Package":"virmill.local/core/internal/ui/cli","Test":"TestCreationNVRAMCLIResultStages/table/pending-partial","Output":"=== RUN   TestCreationNVRAMCLIResultStages/table/pending-partial\n","OutputType":"frame"}
{"Time":"2026-09-08T17:32:52.205913404+03:00","Action":"output","Package":"virmill.local/core/internal/ui/cli","Test":"TestCreationNVRAMCLIResultStages/table/pending-partial","Output":"--- PASS: TestCreationNVRAMCLIResultStages/table/pending-partial (0.03s)\n","OutputType":"frame"}
{"Time":"2026-09-08T17:32:52.205946337+03:00","Action":"pass","Package":"virmill.local/core/internal/ui/cli","Test":"TestCreationNVRAMCLIResultStages/table/pending-partial","Elapsed":0.03}
{"Time":"2026-09-08T17:32:52.205954815+03:00","Action":"run","Package":"virmill.local/core/internal/ui/cli","Test":"TestCreationNVRAMCLIResultStages/table/legacy-succeeded"}
{"Time":"2026-09-08T17:32:52.20595669+03:00","Action":"output","Package":"virmill.local/core/internal/ui/cli","Test":"TestCreationNVRAMCLIResultStages/table/legacy-succeeded","Output":"=== RUN   TestCreationNVRAMCLIResultStages/table/legacy-succeeded\n","OutputType":"frame"}
{"Time":"2026-09-08T17:32:52.219474241+03:00","Action":"output","Package":"virmill.local/core/internal/ui/tui","Test":"TestCreationEstimateTUIShowsPagedSharedReviewAndReusesDigest","Output":"--- PASS: TestCreationEstimateTUIShowsPagedSharedReviewAndReusesDigest (0.10s)\n","OutputType":"frame"}
{"Time":"2026-09-08T17:32:52.219496346+03:00","Action":"pass","Package":"virmill.local/core/internal/ui/tui","Test":"TestCreationEstimateTUIShowsPagedSharedReviewAndReusesDigest","Elapsed":0.1}
{"Time":"2026-09-08T17:32:52.219506032+03:00","Action":"run","Package":"virmill.local/core/internal/ui/tui","Test":"TestCreationEstimateTUIFailuresClearStaleBudgetAndApproval"}
{"Time":"2026-09-08T17:32:52.219508035+03:00","Action":"output","Package":"virmill.local/core/internal/ui/tui","Test":"TestCreationEstimateTUIFailuresClearStaleBudgetAndApproval","Output":"=== RUN   TestCreationEstimateTUIFailuresClearStaleBudgetAndApproval\n","OutputType":"frame"}
{"Time":"2026-09-08T17:32:52.219525986+03:00","Action":"run","Package":"virmill.local/core/internal/ui/tui","Test":"TestCreationEstimateTUIFailuresClearStaleBudgetAndApproval/preflight-error"}
{"Time":"2026-09-08T17:32:52.219527788+03:00","Action":"output","Package":"virmill.local/core/internal/ui/tui","Test":"TestCreationEstimateTUIFailuresClearStaleBudgetAndApproval/preflight-error","Output":"=== RUN   TestCreationEstimateTUIFailuresClearStaleBudgetAndApproval/preflight-error\n","OutputType":"frame"}
{"Time":"2026-09-08T17:32:52.239573034+03:00","Action":"output","Package":"virmill.local/core/internal/ui/cli","Test":"TestCreationNVRAMCLIResultStages/table/legacy-succeeded","Output":"--- PASS: TestCreationNVRAMCLIResultStages/table/legacy-succeeded (0.03s)\n","OutputType":"frame"}
{"Time":"2026-09-08T17:32:52.239604392+03:00","Action":"pass","Package":"virmill.local/core/internal/ui/cli","Test":"TestCreationNVRAMCLIResultStages/table/legacy-succeeded","Elapsed":0.03}
{"Time":"2026-09-08T17:32:52.239609922+03:00","Action":"run","Package":"virmill.local/core/internal/ui/cli","Test":"TestCreationNVRAMCLIResultStages/table/legacy-pending"}
{"Time":"2026-09-08T17:32:52.239617727+03:00","Action":"output","Package":"virmill.local/core/internal/ui/cli","Test":"TestCreationNVRAMCLIResultStages/table/legacy-pending","Output":"=== RUN   TestCreationNVRAMCLIResultStages/table/legacy-pending\n","OutputType":"frame"}
{"Time":"2026-09-08T17:32:52.240395183+03:00","Action":"output","Package":"virmill.local/core/internal/ui/tui","Test":"TestCreationEstimateTUIFailuresClearStaleBudgetAndApproval/preflight-error","Output":"--- PASS: TestCreationEstimateTUIFailuresClearStaleBudgetAndApproval/preflight-error (0.02s)\n","OutputType":"frame"}
{"Time":"2026-09-08T17:32:52.240412804+03:00","Action":"pass","Package":"virmill.local/core/internal/ui/tui","Test":"TestCreationEstimateTUIFailuresClearStaleBudgetAndApproval/preflight-error","Elapsed":0.02}
{"Time":"2026-09-08T17:32:52.240433858+03:00","Action":"run","Package":"virmill.local/core/internal/ui/tui","Test":"TestCreationEstimateTUIFailuresClearStaleBudgetAndApproval/canceled-creation"}
{"Time":"2026-09-08T17:32:52.240436248+03:00","Action":"output","Package":"virmill.local/core/internal/ui/tui","Test":"TestCreationEstimateTUIFailuresClearStaleBudgetAndApproval/canceled-creation","Output":"=== RUN   TestCreationEstimateTUIFailuresClearStaleBudgetAndApproval/canceled-creation\n","OutputType":"frame"}
{"Time":"2026-09-08T17:32:52.259863268+03:00","Action":"output","Package":"virmill.local/core/internal/ui/tui","Test":"TestCreationEstimateTUIFailuresClearStaleBudgetAndApproval/canceled-creation","Output":"--- PASS: TestCreationEstimateTUIFailuresClearStaleBudgetAndApproval/canceled-creation (0.02s)\n","OutputType":"frame"}
{"Time":"2026-09-08T17:32:52.259894195+03:00","Action":"pass","Package":"virmill.local/core/internal/ui/tui","Test":"TestCreationEstimateTUIFailuresClearStaleBudgetAndApproval/canceled-creation","Elapsed":0.02}
{"Time":"2026-09-08T17:32:52.259898669+03:00","Action":"run","Package":"virmill.local/core/internal/ui/tui","Test":"TestCreationEstimateTUIFailuresClearStaleBudgetAndApproval/canceled-plan-show"}
{"Time":"2026-09-08T17:32:52.25990023+03:00","Action":"output","Package":"virmill.local/core/internal/ui/tui","Test":"TestCreationEstimateTUIFailuresClearStaleBudgetAndApproval/canceled-plan-show","Output":"=== RUN   TestCreationEstimateTUIFailuresClearStaleBudgetAndApproval/canceled-plan-show\n","OutputType":"frame"}
{"Time":"2026-09-08T17:32:52.273529031+03:00","Action":"output","Package":"virmill.local/core/internal/ui/cli","Test":"TestCreationNVRAMCLIResultStages/table/legacy-pending","Output":"--- PASS: TestCreationNVRAMCLIResultStages/table/legacy-pending (0.03s)\n","OutputType":"frame"}
{"Time":"2026-09-08T17:32:52.273563654+03:00","Action":"pass","Package":"virmill.local/core/internal/ui/cli","Test":"TestCreationNVRAMCLIResultStages/table/legacy-pending","Elapsed":0.03}
{"Time":"2026-09-08T17:32:52.273569807+03:00","Action":"run","Package":"virmill.local/core/internal/ui/cli","Test":"TestCreationNVRAMCLIResultStages/table/missing-binding"}
{"Time":"2026-09-08T17:32:52.273571265+03:00","Action":"output","Package":"virmill.local/core/internal/ui/cli","Test":"TestCreationNVRAMCLIResultStages/table/missing-binding","Output":"=== RUN   TestCreationNVRAMCLIResultStages/table/missing-binding\n","OutputType":"frame"}
{"Time":"2026-09-08T17:32:52.277805832+03:00","Action":"output","Package":"virmill.local/core/internal/ui/tui","Test":"TestCreationEstimateTUIFailuresClearStaleBudgetAndApproval/canceled-plan-show","Output":"--- PASS: TestCreationEstimateTUIFailuresClearStaleBudgetAndApproval/canceled-plan-show (0.02s)\n","OutputType":"frame"}
{"Time":"2026-09-08T17:32:52.277822258+03:00","Action":"pass","Package":"virmill.local/core/internal/ui/tui","Test":"TestCreationEstimateTUIFailuresClearStaleBudgetAndApproval/canceled-plan-show","Elapsed":0.02}
{"Time":"2026-09-08T17:32:52.277826284+03:00","Action":"run","Package":"virmill.local/core/internal/ui/tui","Test":"TestCreationEstimateTUIFailuresClearStaleBudgetAndApproval/transport-error"}
{"Time":"2026-09-08T17:32:52.277828096+03:00","Action":"output","Package":"virmill.local/core/internal/ui/tui","Test":"TestCreationEstimateTUIFailuresClearStaleBudgetAndApproval/transport-error","Output":"=== RUN   TestCreationEstimateTUIFailuresClearStaleBudgetAndApproval/transport-error\n","OutputType":"frame"}
{"Time":"2026-09-08T17:32:52.293879897+03:00","Action":"output","Package":"virmill.local/core/internal/ui/tui","Test":"TestCreationEstimateTUIFailuresClearStaleBudgetAndApproval/transport-error","Output":"--- PASS: TestCreationEstimateTUIFailuresClearStaleBudgetAndApproval/transport-error (0.02s)\n","OutputType":"frame"}
{"Time":"2026-09-08T17:32:52.293912939+03:00","Action":"pass","Package":"virmill.local/core/internal/ui/tui","Test":"TestCreationEstimateTUIFailuresClearStaleBudgetAndApproval/transport-error","Elapsed":0.02}
{"Time":"2026-09-08T17:32:52.293918411+03:00","Action":"run","Package":"virmill.local/core/internal/ui/tui","Test":"TestCreationEstimateTUIFailuresClearStaleBudgetAndApproval/missing-plan"}
{"Time":"2026-09-08T17:32:52.293920023+03:00","Action":"output","Package":"virmill.local/core/internal/ui/tui","Test":"TestCreationEstimateTUIFailuresClearStaleBudgetAndApproval/missing-plan","Output":"=== RUN   TestCreationEstimateTUIFailuresClearStaleBudgetAndApproval/missing-plan\n","OutputType":"frame"}
{"Time":"2026-09-08T17:32:52.300546645+03:00","Action":"output","Package":"virmill.local/core/internal/ui/cli","Test":"TestCreationNVRAMCLIResultStages/table/missing-binding","Output":"--- PASS: TestCreationNVRAMCLIResultStages/table/missing-binding (0.03s)\n","OutputType":"frame"}
{"Time":"2026-09-08T17:32:52.300563927+03:00","Action":"pass","Package":"virmill.local/core/internal/ui/cli","Test":"TestCreationNVRAMCLIResultStages/table/missing-binding","Elapsed":0.03}
{"Time":"2026-09-08T17:32:52.300580523+03:00","Action":"run","Package":"virmill.local/core/internal/ui/cli","Test":"TestCreationNVRAMCLIResultStages/table/conflicting-binding"}
{"Time":"2026-09-08T17:32:52.300582636+03:00","Action":"output","Package":"virmill.local/core/internal/ui/cli","Test":"TestCreationNVRAMCLIResultStages/table/conflicting-binding","Output":"=== RUN   TestCreationNVRAMCLIResultStages/table/conflicting-binding\n","OutputType":"frame"}
{"Time":"2026-09-08T17:32:52.310099357+03:00","Action":"output","Package":"virmill.local/core/internal/ui/tui","Test":"TestCreationEstimateTUIFailuresClearStaleBudgetAndApproval/missing-plan","Output":"--- PASS: TestCreationEstimateTUIFailuresClearStaleBudgetAndApproval/missing-plan (0.02s)\n","OutputType":"frame"}
{"Time":"2026-09-08T17:32:52.310115759+03:00","Action":"pass","Package":"virmill.local/core/internal/ui/tui","Test":"TestCreationEstimateTUIFailuresClearStaleBudgetAndApproval/missing-plan","Elapsed":0.02}
{"Time":"2026-09-08T17:32:52.310131034+03:00","Action":"output","Package":"virmill.local/core/internal/ui/tui","Test":"TestCreationEstimateTUIFailuresClearStaleBudgetAndApproval","Output":"--- PASS: TestCreationEstimateTUIFailuresClearStaleBudgetAndApproval (0.09s)\n","OutputType":"frame"}
{"Time":"2026-09-08T17:32:52.310139303+03:00","Action":"pass","Package":"virmill.local/core/internal/ui/tui","Test":"TestCreationEstimateTUIFailuresClearStaleBudgetAndApproval","Elapsed":0.09}
{"Time":"2026-09-08T17:32:52.31015745+03:00","Action":"run","Package":"virmill.local/core/internal/ui/tui","Test":"TestCreationEstimateTUIEscapeCancelsAuthorizationWithoutSubmission"}
{"Time":"2026-09-08T17:32:52.310159367+03:00","Action":"output","Package":"virmill.local/core/internal/ui/tui","Test":"TestCreationEstimateTUIEscapeCancelsAuthorizationWithoutSubmission","Output":"=== RUN   TestCreationEstimateTUIEscapeCancelsAuthorizationWithoutSubmission\n","OutputType":"frame"}
{"Time":"2026-09-08T17:32:52.325113342+03:00","Action":"output","Package":"virmill.local/core/internal/ui/tui","Test":"TestCreationEstimateTUIEscapeCancelsAuthorizationWithoutSubmission","Output":"--- PASS: TestCreationEstimateTUIEscapeCancelsAuthorizationWithoutSubmission (0.01s)\n","OutputType":"frame"}
{"Time":"2026-09-08T17:32:52.325142813+03:00","Action":"pass","Package":"virmill.local/core/internal/ui/tui","Test":"TestCreationEstimateTUIEscapeCancelsAuthorizationWithoutSubmission","Elapsed":0.01}
{"Time":"2026-09-08T17:32:52.325148947+03:00","Action":"run","Package":"virmill.local/core/internal/ui/tui","Test":"TestCreationNVRAMTUIReviewAndAuthorization"}
{"Time":"2026-09-08T17:32:52.325150408+03:00","Action":"output","Package":"virmill.local/core/internal/ui/tui","Test":"TestCreationNVRAMTUIReviewAndAuthorization","Output":"=== RUN   TestCreationNVRAMTUIReviewAndAuthorization\n","OutputType":"frame"}
{"Time":"2026-09-08T17:32:52.328426649+03:00","Action":"output","Package":"virmill.local/core/internal/ui/cli","Test":"TestCreationNVRAMCLIResultStages/table/conflicting-binding","Output":"--- PASS: TestCreationNVRAMCLIResultStages/table/conflicting-binding (0.03s)\n","OutputType":"frame"}
{"Time":"2026-09-08T17:32:52.328442038+03:00","Action":"pass","Package":"virmill.local/core/internal/ui/cli","Test":"TestCreationNVRAMCLIResultStages/table/conflicting-binding","Elapsed":0.03}
{"Time":"2026-09-08T17:32:52.328452238+03:00","Action":"run","Package":"virmill.local/core/internal/ui/cli","Test":"TestCreationNVRAMCLIResultStages/table/failed-bound"}
{"Time":"2026-09-08T17:32:52.328453934+03:00","Action":"output","Package":"virmill.local/core/internal/ui/cli","Test":"TestCreationNVRAMCLIResultStages/table/failed-bound","Output":"=== RUN   TestCreationNVRAMCLIResultStages/table/failed-bound\n","OutputType":"frame"}
{"Time":"2026-09-08T17:32:52.356923093+03:00","Action":"output","Package":"virmill.local/core/internal/ui/cli","Test":"TestCreationNVRAMCLIResultStages/table/failed-bound","Output":"--- PASS: TestCreationNVRAMCLIResultStages/table/failed-bound (0.03s)\n","OutputType":"frame"}
{"Time":"2026-09-08T17:32:52.356955647+03:00","Action":"pass","Package":"virmill.local/core/internal/ui/cli","Test":"TestCreationNVRAMCLIResultStages/table/failed-bound","Elapsed":0.03}
{"Time":"2026-09-08T17:32:52.356967311+03:00","Action":"run","Package":"virmill.local/core/internal/ui/cli","Test":"TestCreationNVRAMCLIResultStages/json/bound"}
{"Time":"2026-09-08T17:32:52.356969017+03:00","Action":"output","Package":"virmill.local/core/internal/ui/cli","Test":"TestCreationNVRAMCLIResultStages/json/bound","Output":"=== RUN   TestCreationNVRAMCLIResultStages/json/bound\n","OutputType":"frame"}
{"Time":"2026-09-08T17:32:52.382214579+03:00","Action":"output","Package":"virmill.local/core/internal/ui/cli","Test":"TestCreationNVRAMCLIResultStages/json/bound","Output":"--- PASS: TestCreationNVRAMCLIResultStages/json/bound (0.03s)\n","OutputType":"frame"}
{"Time":"2026-09-08T17:32:52.382249186+03:00","Action":"pass","Package":"virmill.local/core/internal/ui/cli","Test":"TestCreationNVRAMCLIResultStages/json/bound","Elapsed":0.03}
{"Time":"2026-09-08T17:32:52.382253849+03:00","Action":"run","Package":"virmill.local/core/internal/ui/cli","Test":"TestCreationNVRAMCLIResultStages/json/bound-running"}
{"Time":"2026-09-08T17:32:52.382255263+03:00","Action":"output","Package":"virmill.local/core/internal/ui/cli","Test":"TestCreationNVRAMCLIResultStages/json/bound-running","Output":"=== RUN   TestCreationNVRAMCLIResultStages/json/bound-running\n","OutputType":"frame"}
{"Time":"2026-09-08T17:32:52.407770704+03:00","Action":"output","Package":"virmill.local/core/internal/ui/cli","Test":"TestCreationNVRAMCLIResultStages/json/bound-running","Output":"--- PASS: TestCreationNVRAMCLIResultStages/json/bound-running (0.03s)\n","OutputType":"frame"}
{"Time":"2026-09-08T17:32:52.407805859+03:00","Action":"pass","Package":"virmill.local/core/internal/ui/cli","Test":"TestCreationNVRAMCLIResultStages/json/bound-running","Elapsed":0.03}
{"Time":"2026-09-08T17:32:52.407815093+03:00","Action":"run","Package":"virmill.local/core/internal/ui/cli","Test":"TestCreationNVRAMCLIResultStages/json/pending"}
{"Time":"2026-09-08T17:32:52.407816807+03:00","Action":"output","Package":"virmill.local/core/internal/ui/cli","Test":"TestCreationNVRAMCLIResultStages/json/pending","Output":"=== RUN   TestCreationNVRAMCLIResultStages/json/pending\n","OutputType":"frame"}
{"Time":"2026-09-08T17:32:52.430215899+03:00","Action":"output","Package":"virmill.local/core/internal/ui/tui","Test":"TestCreationNVRAMTUIReviewAndAuthorization","Output":"--- PASS: TestCreationNVRAMTUIReviewAndAuthorization (0.11s)\n","OutputType":"frame"}
{"Time":"2026-09-08T17:32:52.430245269+03:00","Action":"pass","Package":"virmill.local/core/internal/ui/tui","Test":"TestCreationNVRAMTUIReviewAndAuthorization","Elapsed":0.11}
{"Time":"2026-09-08T17:32:52.430254526+03:00","Action":"run","Package":"virmill.local/core/internal/ui/tui","Test":"TestCreationNVRAMTUIResultStages"}
{"Time":"2026-09-08T17:32:52.430256275+03:00","Action":"output","Package":"virmill.local/core/internal/ui/tui","Test":"TestCreationNVRAMTUIResultStages","Output":"=== RUN   TestCreationNVRAMTUIResultStages\n","OutputType":"frame"}
{"Time":"2026-09-08T17:32:52.430258247+03:00","Action":"run","Package":"virmill.local/core/internal/ui/tui","Test":"TestCreationNVRAMTUIResultStages/bound"}
{"Time":"2026-09-08T17:32:52.430259494+03:00","Action":"output","Package":"virmill.local/core/internal/ui/tui","Test":"TestCreationNVRAMTUIResultStages/bound","Output":"=== RUN   TestCreationNVRAMTUIResultStages/bound\n","OutputType":"frame"}
{"Time":"2026-09-08T17:32:52.433557254+03:00","Action":"output","Package":"virmill.local/core/internal/ui/cli","Test":"TestCreationNVRAMCLIResultStages/json/pending","Output":"--- PASS: TestCreationNVRAMCLIResultStages/json/pending (0.03s)\n","OutputType":"frame"}
{"Time":"2026-09-08T17:32:52.43356308+03:00","Action":"pass","Package":"virmill.local/core/internal/ui/cli","Test":"TestCreationNVRAMCLIResultStages/json/pending","Elapsed":0.03}
{"Time":"2026-09-08T17:32:52.433583857+03:00","Action":"run","Package":"virmill.local/core/internal/ui/cli","Test":"TestCreationNVRAMCLIResultStages/json/pending-partial"}
{"Time":"2026-09-08T17:32:52.433586858+03:00","Action":"output","Package":"virmill.local/core/internal/ui/cli","Test":"TestCreationNVRAMCLIResultStages/json/pending-partial","Output":"=== RUN   TestCreationNVRAMCLIResultStages/json/pending-partial\n","OutputType":"frame"}
{"Time":"2026-09-08T17:32:52.458370277+03:00","Action":"output","Package":"virmill.local/core/internal/ui/cli","Test":"TestCreationNVRAMCLIResultStages/json/pending-partial","Output":"--- PASS: TestCreationNVRAMCLIResultStages/json/pending-partial (0.02s)\n","OutputType":"frame"}
{"Time":"2026-09-08T17:32:52.458400106+03:00","Action":"pass","Package":"virmill.local/core/internal/ui/cli","Test":"TestCreationNVRAMCLIResultStages/json/pending-partial","Elapsed":0.02}
{"Time":"2026-09-08T17:32:52.458405331+03:00","Action":"run","Package":"virmill.local/core/internal/ui/cli","Test":"TestCreationNVRAMCLIResultStages/json/legacy-succeeded"}
{"Time":"2026-09-08T17:32:52.458407136+03:00","Action":"output","Package":"virmill.local/core/internal/ui/cli","Test":"TestCreationNVRAMCLIResultStages/json/legacy-succeeded","Output":"=== RUN   TestCreationNVRAMCLIResultStages/json/legacy-succeeded\n","OutputType":"frame"}
{"Time":"2026-09-08T17:32:52.477043077+03:00","Action":"output","Package":"virmill.local/core/internal/ui/tui","Test":"TestCreationNVRAMTUIResultStages/bound","Output":"--- PASS: TestCreationNVRAMTUIResultStages/bound (0.05s)\n","OutputType":"frame"}
{"Time":"2026-09-08T17:32:52.477081687+03:00","Action":"pass","Package":"virmill.local/core/internal/ui/tui","Test":"TestCreationNVRAMTUIResultStages/bound","Elapsed":0.05}
{"Time":"2026-09-08T17:32:52.477137095+03:00","Action":"run","Package":"virmill.local/core/internal/ui/tui","Test":"TestCreationNVRAMTUIResultStages/bound-running"}
{"Time":"2026-09-08T17:32:52.47715098+03:00","Action":"output","Package":"virmill.local/core/internal/ui/tui","Test":"TestCreationNVRAMTUIResultStages/bound-running","Output":"=== RUN   TestCreationNVRAMTUIResultStages/bound-running\n","OutputType":"frame"}
{"Time":"2026-09-08T17:32:52.492346244+03:00","Action":"output","Package":"virmill.local/core/internal/ui/cli","Test":"TestCreationNVRAMCLIResultStages/json/legacy-succeeded","Output":"--- PASS: TestCreationNVRAMCLIResultStages/json/legacy-succeeded (0.03s)\n","OutputType":"frame"}
{"Time":"2026-09-08T17:32:52.49237961+03:00","Action":"pass","Package":"virmill.local/core/internal/ui/cli","Test":"TestCreationNVRAMCLIResultStages/json/legacy-succeeded","Elapsed":0.03}
{"Time":"2026-09-08T17:32:52.492388376+03:00","Action":"run","Package":"virmill.local/core/internal/ui/cli","Test":"TestCreationNVRAMCLIResultStages/json/legacy-pending"}
{"Time":"2026-09-08T17:32:52.492389919+03:00","Action":"output","Package":"virmill.local/core/internal/ui/cli","Test":"TestCreationNVRAMCLIResultStages/json/legacy-pending","Output":"=== RUN   TestCreationNVRAMCLIResultStages/json/legacy-pending\n","OutputType":"frame"}
{"Time":"2026-09-08T17:32:52.521890377+03:00","Action":"output","Package":"virmill.local/core/internal/ui/tui","Test":"TestCreationNVRAMTUIResultStages/bound-running","Output":"--- PASS: TestCreationNVRAMTUIResultStages/bound-running (0.04s)\n","OutputType":"frame"}
{"Time":"2026-09-08T17:32:52.521924447+03:00","Action":"pass","Package":"virmill.local/core/internal/ui/tui","Test":"TestCreationNVRAMTUIResultStages/bound-running","Elapsed":0.04}
{"Time":"2026-09-08T17:32:52.521930075+03:00","Action":"run","Package":"virmill.local/core/internal/ui/tui","Test":"TestCreationNVRAMTUIResultStages/pending"}
{"Time":"2026-09-08T17:32:52.521931457+03:00","Action":"output","Package":"virmill.local/core/internal/ui/tui","Test":"TestCreationNVRAMTUIResultStages/pending","Output":"=== RUN   TestCreationNVRAMTUIResultStages/pending\n","OutputType":"frame"}
{"Time":"2026-09-08T17:32:52.527385868+03:00","Action":"output","Package":"virmill.local/core/internal/ui/cli","Test":"TestCreationNVRAMCLIResultStages/json/legacy-pending","Output":"--- PASS: TestCreationNVRAMCLIResultStages/json/legacy-pending (0.03s)\n","OutputType":"frame"}
{"Time":"2026-09-08T17:32:52.527392774+03:00","Action":"pass","Package":"virmill.local/core/internal/ui/cli","Test":"TestCreationNVRAMCLIResultStages/json/legacy-pending","Elapsed":0.03}
{"Time":"2026-09-08T17:32:52.527417257+03:00","Action":"run","Package":"virmill.local/core/internal/ui/cli","Test":"TestCreationNVRAMCLIResultStages/json/missing-binding"}
{"Time":"2026-09-08T17:32:52.52741946+03:00","Action":"output","Package":"virmill.local/core/internal/ui/cli","Test":"TestCreationNVRAMCLIResultStages/json/missing-binding","Output":"=== RUN   TestCreationNVRAMCLIResultStages/json/missing-binding\n","OutputType":"frame"}
{"Time":"2026-09-08T17:32:52.551945039+03:00","Action":"output","Package":"virmill.local/core/internal/ui/cli","Test":"TestCreationNVRAMCLIResultStages/json/missing-binding","Output":"--- PASS: TestCreationNVRAMCLIResultStages/json/missing-binding (0.02s)\n","OutputType":"frame"}
{"Time":"2026-09-08T17:32:52.551981054+03:00","Action":"pass","Package":"virmill.local/core/internal/ui/cli","Test":"TestCreationNVRAMCLIResultStages/json/missing-binding","Elapsed":0.02}
{"Time":"2026-09-08T17:32:52.552030107+03:00","Action":"run","Package":"virmill.local/core/internal/ui/cli","Test":"TestCreationNVRAMCLIResultStages/json/conflicting-binding"}
{"Time":"2026-09-08T17:32:52.552043122+03:00","Action":"output","Package":"virmill.local/core/internal/ui/cli","Test":"TestCreationNVRAMCLIResultStages/json/conflicting-binding","Output":"=== RUN   TestCreationNVRAMCLIResultStages/json/conflicting-binding\n","OutputType":"frame"}
{"Time":"2026-09-08T17:32:52.555038267+03:00","Action":"output","Package":"virmill.local/core/internal/ui/tui","Test":"TestCreationNVRAMTUIResultStages/pending","Output":"--- PASS: TestCreationNVRAMTUIResultStages/pending (0.03s)\n","OutputType":"frame"}
{"Time":"2026-09-08T17:32:52.555055278+03:00","Action":"pass","Package":"virmill.local/core/internal/ui/tui","Test":"TestCreationNVRAMTUIResultStages/pending","Elapsed":0.03}
{"Time":"2026-09-08T17:32:52.555077111+03:00","Action":"run","Package":"virmill.local/core/internal/ui/tui","Test":"TestCreationNVRAMTUIResultStages/pending-partial"}
{"Time":"2026-09-08T17:32:52.555078723+03:00","Action":"output","Package":"virmill.local/core/internal/ui/tui","Test":"TestCreationNVRAMTUIResultStages/pending-partial","Output":"=== RUN   TestCreationNVRAMTUIResultStages/pending-partial\n","OutputType":"frame"}
{"Time":"2026-09-08T17:32:52.579293186+03:00","Action":"output","Package":"virmill.local/core/internal/ui/cli","Test":"TestCreationNVRAMCLIResultStages/json/conflicting-binding","Output":"--- PASS: TestCreationNVRAMCLIResultStages/json/conflicting-binding (0.03s)\n","OutputType":"frame"}
{"Time":"2026-09-08T17:32:52.579331914+03:00","Action":"pass","Package":"virmill.local/core/internal/ui/cli","Test":"TestCreationNVRAMCLIResultStages/json/conflicting-binding","Elapsed":0.03}
{"Time":"2026-09-08T17:32:52.579341962+03:00","Action":"run","Package":"virmill.local/core/internal/ui/cli","Test":"TestCreationNVRAMCLIResultStages/json/failed-bound"}
{"Time":"2026-09-08T17:32:52.579343728+03:00","Action":"output","Package":"virmill.local/core/internal/ui/cli","Test":"TestCreationNVRAMCLIResultStages/json/failed-bound","Output":"=== RUN   TestCreationNVRAMCLIResultStages/json/failed-bound\n","OutputType":"frame"}
{"Time":"2026-09-08T17:32:52.590602377+03:00","Action":"output","Package":"virmill.local/core/internal/ui/tui","Test":"TestCreationNVRAMTUIResultStages/pending-partial","Output":"--- PASS: TestCreationNVRAMTUIResultStages/pending-partial (0.04s)\n","OutputType":"frame"}
{"Time":"2026-09-08T17:32:52.590623093+03:00","Action":"pass","Package":"virmill.local/core/internal/ui/tui","Test":"TestCreationNVRAMTUIResultStages/pending-partial","Elapsed":0.04}
{"Time":"2026-09-08T17:32:52.59065113+03:00","Action":"run","Package":"virmill.local/core/internal/ui/tui","Test":"TestCreationNVRAMTUIResultStages/legacy-succeeded"}
{"Time":"2026-09-08T17:32:52.590652914+03:00","Action":"output","Package":"virmill.local/core/internal/ui/tui","Test":"TestCreationNVRAMTUIResultStages/legacy-succeeded","Output":"=== RUN   TestCreationNVRAMTUIResultStages/legacy-succeeded\n","OutputType":"frame"}
{"Time":"2026-09-08T17:32:52.60732446+03:00","Action":"output","Package":"virmill.local/core/internal/ui/cli","Test":"TestCreationNVRAMCLIResultStages/json/failed-bound","Output":"--- PASS: TestCreationNVRAMCLIResultStages/json/failed-bound (0.03s)\n","OutputType":"frame"}
{"Time":"2026-09-08T17:32:52.607347998+03:00","Action":"pass","Package":"virmill.local/core/internal/ui/cli","Test":"TestCreationNVRAMCLIResultStages/json/failed-bound","Elapsed":0.03}
{"Time":"2026-09-08T17:32:52.607352971+03:00","Action":"run","Package":"virmill.local/core/internal/ui/cli","Test":"TestCreationNVRAMCLIResultStages/ndjson/bound"}
{"Time":"2026-09-08T17:32:52.607354458+03:00","Action":"output","Package":"virmill.local/core/internal/ui/cli","Test":"TestCreationNVRAMCLIResultStages/ndjson/bound","Output":"=== RUN   TestCreationNVRAMCLIResultStages/ndjson/bound\n","OutputType":"frame"}
{"Time":"2026-09-08T17:32:52.63434554+03:00","Action":"output","Package":"virmill.local/core/internal/ui/cli","Test":"TestCreationNVRAMCLIResultStages/ndjson/bound","Output":"--- PASS: TestCreationNVRAMCLIResultStages/ndjson/bound (0.03s)\n","OutputType":"frame"}
{"Time":"2026-09-08T17:32:52.634365878+03:00","Action":"pass","Package":"virmill.local/core/internal/ui/cli","Test":"TestCreationNVRAMCLIResultStages/ndjson/bound","Elapsed":0.03}
{"Time":"2026-09-08T17:32:52.634708611+03:00","Action":"run","Package":"virmill.local/core/internal/ui/cli","Test":"TestCreationNVRAMCLIResultStages/ndjson/bound-running"}
{"Time":"2026-09-08T17:32:52.634714403+03:00","Action":"output","Package":"virmill.local/core/internal/ui/cli","Test":"TestCreationNVRAMCLIResultStages/ndjson/bound-running","Output":"=== RUN   TestCreationNVRAMCLIResultStages/ndjson/bound-running\n","OutputType":"frame"}
{"Time":"2026-09-08T17:32:52.636684203+03:00","Action":"output","Package":"virmill.local/core/internal/ui/tui","Test":"TestCreationNVRAMTUIResultStages/legacy-succeeded","Output":"--- PASS: TestCreationNVRAMTUIResultStages/legacy-succeeded (0.05s)\n","OutputType":"frame"}
{"Time":"2026-09-08T17:32:52.636702192+03:00","Action":"pass","Package":"virmill.local/core/internal/ui/tui","Test":"TestCreationNVRAMTUIResultStages/legacy-succeeded","Elapsed":0.05}
{"Time":"2026-09-08T17:32:52.636721781+03:00","Action":"run","Package":"virmill.local/core/internal/ui/tui","Test":"TestCreationNVRAMTUIResultStages/legacy-pending"}
{"Time":"2026-09-08T17:32:52.636724782+03:00","Action":"output","Package":"virmill.local/core/internal/ui/tui","Test":"TestCreationNVRAMTUIResultStages/legacy-pending","Output":"=== RUN   TestCreationNVRAMTUIResultStages/legacy-pending\n","OutputType":"frame"}
{"Time":"2026-09-08T17:32:52.664038925+03:00","Action":"output","Package":"virmill.local/core/internal/ui/cli","Test":"TestCreationNVRAMCLIResultStages/ndjson/bound-running","Output":"--- PASS: TestCreationNVRAMCLIResultStages/ndjson/bound-running (0.03s)\n","OutputType":"frame"}
{"Time":"2026-09-08T17:32:52.664075318+03:00","Action":"pass","Package":"virmill.local/core/internal/ui/cli","Test":"TestCreationNVRAMCLIResultStages/ndjson/bound-running","Elapsed":0.03}
{"Time":"2026-09-08T17:32:52.664082035+03:00","Action":"run","Package":"virmill.local/core/internal/ui/cli","Test":"TestCreationNVRAMCLIResultStages/ndjson/pending"}
{"Time":"2026-09-08T17:32:52.664084147+03:00","Action":"output","Package":"virmill.local/core/internal/ui/cli","Test":"TestCreationNVRAMCLIResultStages/ndjson/pending","Output":"=== RUN   TestCreationNVRAMCLIResultStages/ndjson/pending\n","OutputType":"frame"}
{"Time":"2026-09-08T17:32:52.680922748+03:00","Action":"output","Package":"virmill.local/core/internal/ui/tui","Test":"TestCreationNVRAMTUIResultStages/legacy-pending","Output":"--- PASS: TestCreationNVRAMTUIResultStages/legacy-pending (0.04s)\n","OutputType":"frame"}
{"Time":"2026-09-08T17:32:52.680961012+03:00","Action":"pass","Package":"virmill.local/core/internal/ui/tui","Test":"TestCreationNVRAMTUIResultStages/legacy-pending","Elapsed":0.04}
{"Time":"2026-09-08T17:32:52.680966874+03:00","Action":"run","Package":"virmill.local/core/internal/ui/tui","Test":"TestCreationNVRAMTUIResultStages/missing-binding"}
{"Time":"2026-09-08T17:32:52.680969897+03:00","Action":"output","Package":"virmill.local/core/internal/ui/tui","Test":"TestCreationNVRAMTUIResultStages/missing-binding","Output":"=== RUN   TestCreationNVRAMTUIResultStages/missing-binding\n","OutputType":"frame"}
{"Time":"2026-09-08T17:32:52.689153661+03:00","Action":"output","Package":"virmill.local/core/internal/ui/cli","Test":"TestCreationNVRAMCLIResultStages/ndjson/pending","Output":"--- PASS: TestCreationNVRAMCLIResultStages/ndjson/pending (0.03s)\n","OutputType":"frame"}
{"Time":"2026-09-08T17:32:52.689180016+03:00","Action":"pass","Package":"virmill.local/core/internal/ui/cli","Test":"TestCreationNVRAMCLIResultStages/ndjson/pending","Elapsed":0.03}
{"Time":"2026-09-08T17:32:52.689234764+03:00","Action":"run","Package":"virmill.local/core/internal/ui/cli","Test":"TestCreationNVRAMCLIResultStages/ndjson/pending-partial"}
{"Time":"2026-09-08T17:32:52.689248438+03:00","Action":"output","Package":"virmill.local/core/internal/ui/cli","Test":"TestCreationNVRAMCLIResultStages/ndjson/pending-partial","Output":"=== RUN   TestCreationNVRAMCLIResultStages/ndjson/pending-partial\n","OutputType":"frame"}
{"Time":"2026-09-08T17:32:52.715746185+03:00","Action":"output","Package":"virmill.local/core/internal/ui/cli","Test":"TestCreationNVRAMCLIResultStages/ndjson/pending-partial","Output":"--- PASS: TestCreationNVRAMCLIResultStages/ndjson/pending-partial (0.03s)\n","OutputType":"frame"}
{"Time":"2026-09-08T17:32:52.715785195+03:00","Action":"pass","Package":"virmill.local/core/internal/ui/cli","Test":"TestCreationNVRAMCLIResultStages/ndjson/pending-partial","Elapsed":0.03}
{"Time":"2026-09-08T17:32:52.715797468+03:00","Action":"run","Package":"virmill.local/core/internal/ui/cli","Test":"TestCreationNVRAMCLIResultStages/ndjson/legacy-succeeded"}
{"Time":"2026-09-08T17:32:52.715800861+03:00","Action":"output","Package":"virmill.local/core/internal/ui/cli","Test":"TestCreationNVRAMCLIResultStages/ndjson/legacy-succeeded","Output":"=== RUN   TestCreationNVRAMCLIResultStages/ndjson/legacy-succeeded\n","OutputType":"frame"}
{"Time":"2026-09-08T17:32:52.717395834+03:00","Action":"output","Package":"virmill.local/core/internal/ui/tui","Test":"TestCreationNVRAMTUIResultStages/missing-binding","Output":"--- PASS: TestCreationNVRAMTUIResultStages/missing-binding (0.04s)\n","OutputType":"frame"}
{"Time":"2026-09-08T17:32:52.71742388+03:00","Action":"pass","Package":"virmill.local/core/internal/ui/tui","Test":"TestCreationNVRAMTUIResultStages/missing-binding","Elapsed":0.04}
{"Time":"2026-09-08T17:32:52.717446758+03:00","Action":"run","Package":"virmill.local/core/internal/ui/tui","Test":"TestCreationNVRAMTUIResultStages/conflicting-binding"}
{"Time":"2026-09-08T17:32:52.717450482+03:00","Action":"output","Package":"virmill.local/core/internal/ui/tui","Test":"TestCreationNVRAMTUIResultStages/conflicting-binding","Output":"=== RUN   TestCreationNVRAMTUIResultStages/conflicting-binding\n","OutputType":"frame"}
{"Time":"2026-09-08T17:32:52.750368885+03:00","Action":"output","Package":"virmill.local/core/internal/ui/cli","Test":"TestCreationNVRAMCLIResultStages/ndjson/legacy-succeeded","Output":"--- PASS: TestCreationNVRAMCLIResultStages/ndjson/legacy-succeeded (0.03s)\n","OutputType":"frame"}
{"Time":"2026-09-08T17:32:52.750406131+03:00","Action":"pass","Package":"virmill.local/core/internal/ui/cli","Test":"TestCreationNVRAMCLIResultStages/ndjson/legacy-succeeded","Elapsed":0.03}
{"Time":"2026-09-08T17:32:52.750415431+03:00","Action":"run","Package":"virmill.local/core/internal/ui/cli","Test":"TestCreationNVRAMCLIResultStages/ndjson/legacy-pending"}
{"Time":"2026-09-08T17:32:52.750417272+03:00","Action":"output","Package":"virmill.local/core/internal/ui/cli","Test":"TestCreationNVRAMCLIResultStages/ndjson/legacy-pending","Output":"=== RUN   TestCreationNVRAMCLIResultStages/ndjson/legacy-pending\n","OutputType":"frame"}
{"Time":"2026-09-08T17:32:52.759243321+03:00","Action":"output","Package":"virmill.local/core/internal/ui/tui","Test":"TestCreationNVRAMTUIResultStages/conflicting-binding","Output":"--- PASS: TestCreationNVRAMTUIResultStages/conflicting-binding (0.04s)\n","OutputType":"frame"}
{"Time":"2026-09-08T17:32:52.759257087+03:00","Action":"pass","Package":"virmill.local/core/internal/ui/tui","Test":"TestCreationNVRAMTUIResultStages/conflicting-binding","Elapsed":0.04}
{"Time":"2026-09-08T17:32:52.759260936+03:00","Action":"run","Package":"virmill.local/core/internal/ui/tui","Test":"TestCreationNVRAMTUIResultStages/failed-bound"}
{"Time":"2026-09-08T17:32:52.75926253+03:00","Action":"output","Package":"virmill.local/core/internal/ui/tui","Test":"TestCreationNVRAMTUIResultStages/failed-bound","Output":"=== RUN   TestCreationNVRAMTUIResultStages/failed-bound\n","OutputType":"frame"}
{"Time":"2026-09-08T17:32:52.78493724+03:00","Action":"output","Package":"virmill.local/core/internal/ui/cli","Test":"TestCreationNVRAMCLIResultStages/ndjson/legacy-pending","Output":"--- PASS: TestCreationNVRAMCLIResultStages/ndjson/legacy-pending (0.03s)\n","OutputType":"frame"}
{"Time":"2026-09-08T17:32:52.78497415+03:00","Action":"pass","Package":"virmill.local/core/internal/ui/cli","Test":"TestCreationNVRAMCLIResultStages/ndjson/legacy-pending","Elapsed":0.03}
{"Time":"2026-09-08T17:32:52.784980201+03:00","Action":"run","Package":"virmill.local/core/internal/ui/cli","Test":"TestCreationNVRAMCLIResultStages/ndjson/missing-binding"}
{"Time":"2026-09-08T17:32:52.784981982+03:00","Action":"output","Package":"virmill.local/core/internal/ui/cli","Test":"TestCreationNVRAMCLIResultStages/ndjson/missing-binding","Output":"=== RUN   TestCreationNVRAMCLIResultStages/ndjson/missing-binding\n","OutputType":"frame"}
{"Time":"2026-09-08T17:32:52.809734043+03:00","Action":"output","Package":"virmill.local/core/internal/ui/cli","Test":"TestCreationNVRAMCLIResultStages/ndjson/missing-binding","Output":"--- PASS: TestCreationNVRAMCLIResultStages/ndjson/missing-binding (0.02s)\n","OutputType":"frame"}
{"Time":"2026-09-08T17:32:52.809740592+03:00","Action":"output","Package":"virmill.local/core/internal/ui/tui","Test":"TestCreationNVRAMTUIResultStages/failed-bound","Output":"--- PASS: TestCreationNVRAMTUIResultStages/failed-bound (0.05s)\n","OutputType":"frame"}
{"Time":"2026-09-08T17:32:52.809766828+03:00","Action":"pass","Package":"virmill.local/core/internal/ui/cli","Test":"TestCreationNVRAMCLIResultStages/ndjson/missing-binding","Elapsed":0.02}
{"Time":"2026-09-08T17:32:52.809772934+03:00","Action":"run","Package":"virmill.local/core/internal/ui/cli","Test":"TestCreationNVRAMCLIResultStages/ndjson/conflicting-binding"}
{"Time":"2026-09-08T17:32:52.809769312+03:00","Action":"pass","Package":"virmill.local/core/internal/ui/tui","Test":"TestCreationNVRAMTUIResultStages/failed-bound","Elapsed":0.05}
{"Time":"2026-09-08T17:32:52.80977445+03:00","Action":"output","Package":"virmill.local/core/internal/ui/cli","Test":"TestCreationNVRAMCLIResultStages/ndjson/conflicting-binding","Output":"=== RUN   TestCreationNVRAMCLIResultStages/ndjson/conflicting-binding\n","OutputType":"frame"}
{"Time":"2026-09-08T17:32:52.809776998+03:00","Action":"output","Package":"virmill.local/core/internal/ui/tui","Test":"TestCreationNVRAMTUIResultStages","Output":"--- PASS: TestCreationNVRAMTUIResultStages (0.38s)\n","OutputType":"frame"}
{"Time":"2026-09-08T17:32:52.809782873+03:00","Action":"pass","Package":"virmill.local/core/internal/ui/tui","Test":"TestCreationNVRAMTUIResultStages","Elapsed":0.38}
{"Time":"2026-09-08T17:32:52.809785308+03:00","Action":"run","Package":"virmill.local/core/internal/ui/tui","Test":"TestCreationNVRAMTUIFailedObservationDiscardsPriorSuccess"}
{"Time":"2026-09-08T17:32:52.809788183+03:00","Action":"output","Package":"virmill.local/core/internal/ui/tui","Test":"TestCreationNVRAMTUIFailedObservationDiscardsPriorSuccess","Output":"=== RUN   TestCreationNVRAMTUIFailedObservationDiscardsPriorSuccess\n","OutputType":"frame"}
{"Time":"2026-09-08T17:32:52.80979185+03:00","Action":"run","Package":"virmill.local/core/internal/ui/tui","Test":"TestCreationNVRAMTUIFailedObservationDiscardsPriorSuccess/cancellation"}
{"Time":"2026-09-08T17:32:52.809793191+03:00","Action":"output","Package":"virmill.local/core/internal/ui/tui","Test":"TestCreationNVRAMTUIFailedObservationDiscardsPriorSuccess/cancellation","Output":"=== RUN   TestCreationNVRAMTUIFailedObservationDiscardsPriorSuccess/cancellation\n","OutputType":"frame"}
{"Time":"2026-09-08T17:32:52.838037057+03:00","Action":"output","Package":"virmill.local/core/internal/ui/cli","Test":"TestCreationNVRAMCLIResultStages/ndjson/conflicting-binding","Output":"--- PASS: TestCreationNVRAMCLIResultStages/ndjson/conflicting-binding (0.03s)\n","OutputType":"frame"}
{"Time":"2026-09-08T17:32:52.838086335+03:00","Action":"pass","Package":"virmill.local/core/internal/ui/cli","Test":"TestCreationNVRAMCLIResultStages/ndjson/conflicting-binding","Elapsed":0.03}
{"Time":"2026-09-08T17:32:52.838098574+03:00","Action":"run","Package":"virmill.local/core/internal/ui/cli","Test":"TestCreationNVRAMCLIResultStages/ndjson/failed-bound"}
{"Time":"2026-09-08T17:32:52.838101583+03:00","Action":"output","Package":"virmill.local/core/internal/ui/cli","Test":"TestCreationNVRAMCLIResultStages/ndjson/failed-bound","Output":"=== RUN   TestCreationNVRAMCLIResultStages/ndjson/failed-bound\n","OutputType":"frame"}
{"Time":"2026-09-08T17:32:52.83823668+03:00","Action":"output","Package":"virmill.local/core/internal/ui/tui","Test":"TestCreationNVRAMTUIFailedObservationDiscardsPriorSuccess/cancellation","Output":"--- PASS: TestCreationNVRAMTUIFailedObservationDiscardsPriorSuccess/cancellation (0.03s)\n","OutputType":"frame"}
{"Time":"2026-09-08T17:32:52.838264675+03:00","Action":"pass","Package":"virmill.local/core/internal/ui/tui","Test":"TestCreationNVRAMTUIFailedObservationDiscardsPriorSuccess/cancellation","Elapsed":0.03}
{"Time":"2026-09-08T17:32:52.838287139+03:00","Action":"run","Package":"virmill.local/core/internal/ui/tui","Test":"TestCreationNVRAMTUIFailedObservationDiscardsPriorSuccess/transport"}
{"Time":"2026-09-08T17:32:52.838292892+03:00","Action":"output","Package":"virmill.local/core/internal/ui/tui","Test":"TestCreationNVRAMTUIFailedObservationDiscardsPriorSuccess/transport","Output":"=== RUN   TestCreationNVRAMTUIFailedObservationDiscardsPriorSuccess/transport\n","OutputType":"frame"}
{"Time":"2026-09-08T17:32:52.866626387+03:00","Action":"output","Package":"virmill.local/core/internal/ui/cli","Test":"TestCreationNVRAMCLIResultStages/ndjson/failed-bound","Output":"--- PASS: TestCreationNVRAMCLIResultStages/ndjson/failed-bound (0.03s)\n","OutputType":"frame"}
{"Time":"2026-09-08T17:32:52.866626282+03:00","Action":"output","Package":"virmill.local/core/internal/ui/tui","Test":"TestCreationNVRAMTUIFailedObservationDiscardsPriorSuccess/transport","Output":"--- PASS: TestCreationNVRAMTUIFailedObservationDiscardsPriorSuccess/transport (0.03s)\n","OutputType":"frame"}
{"Time":"2026-09-08T17:32:52.866659002+03:00","Action":"pass","Package":"virmill.local/core/internal/ui/cli","Test":"TestCreationNVRAMCLIResultStages/ndjson/failed-bound","Elapsed":0.03}
{"Time":"2026-09-08T17:32:52.866661015+03:00","Action":"pass","Package":"virmill.local/core/internal/ui/tui","Test":"TestCreationNVRAMTUIFailedObservationDiscardsPriorSuccess/transport","Elapsed":0.03}
{"Time":"2026-09-08T17:32:52.866665899+03:00","Action":"output","Package":"virmill.local/core/internal/ui/cli","Test":"TestCreationNVRAMCLIResultStages","Output":"--- PASS: TestCreationNVRAMCLIResultStages (0.77s)\n","OutputType":"frame"}
{"Time":"2026-09-08T17:32:52.866670776+03:00","Action":"run","Package":"virmill.local/core/internal/ui/tui","Test":"TestCreationNVRAMTUIFailedObservationDiscardsPriorSuccess/missing-job"}
{"Time":"2026-09-08T17:32:52.866671971+03:00","Action":"pass","Package":"virmill.local/core/internal/ui/cli","Test":"TestCreationNVRAMCLIResultStages","Elapsed":0.77}
{"Time":"2026-09-08T17:32:52.866672636+03:00","Action":"output","Package":"virmill.local/core/internal/ui/tui","Test":"TestCreationNVRAMTUIFailedObservationDiscardsPriorSuccess/missing-job","Output":"=== RUN   TestCreationNVRAMTUIFailedObservationDiscardsPriorSuccess/missing-job\n","OutputType":"frame"}
{"Time":"2026-09-08T17:32:52.866674272+03:00","Action":"run","Package":"virmill.local/core/internal/ui/cli","Test":"TestCreationNVRAMCLIFailedObservationDiscardsPriorSuccess"}
{"Time":"2026-09-08T17:32:52.866675708+03:00","Action":"output","Package":"virmill.local/core/internal/ui/cli","Test":"TestCreationNVRAMCLIFailedObservationDiscardsPriorSuccess","Output":"=== RUN   TestCreationNVRAMCLIFailedObservationDiscardsPriorSuccess\n","OutputType":"frame"}
{"Time":"2026-09-08T17:32:52.866679557+03:00","Action":"run","Package":"virmill.local/core/internal/ui/cli","Test":"TestCreationNVRAMCLIFailedObservationDiscardsPriorSuccess/cancellation"}
{"Time":"2026-09-08T17:32:52.866680916+03:00","Action":"output","Package":"virmill.local/core/internal/ui/cli","Test":"TestCreationNVRAMCLIFailedObservationDiscardsPriorSuccess/cancellation","Output":"=== RUN   TestCreationNVRAMCLIFailedObservationDiscardsPriorSuccess/cancellation\n","OutputType":"frame"}
{"Time":"2026-09-08T17:32:52.894137869+03:00","Action":"output","Package":"virmill.local/core/internal/ui/cli","Test":"TestCreationNVRAMCLIFailedObservationDiscardsPriorSuccess/cancellation","Output":"--- PASS: TestCreationNVRAMCLIFailedObservationDiscardsPriorSuccess/cancellation (0.03s)\n","OutputType":"frame"}
{"Time":"2026-09-08T17:32:52.894168151+03:00","Action":"pass","Package":"virmill.local/core/internal/ui/cli","Test":"TestCreationNVRAMCLIFailedObservationDiscardsPriorSuccess/cancellation","Elapsed":0.03}
{"Time":"2026-09-08T17:32:52.894176885+03:00","Action":"run","Package":"virmill.local/core/internal/ui/cli","Test":"TestCreationNVRAMCLIFailedObservationDiscardsPriorSuccess/transport"}
{"Time":"2026-09-08T17:32:52.894178394+03:00","Action":"output","Package":"virmill.local/core/internal/ui/cli","Test":"TestCreationNVRAMCLIFailedObservationDiscardsPriorSuccess/transport","Output":"=== RUN   TestCreationNVRAMCLIFailedObservationDiscardsPriorSuccess/transport\n","OutputType":"frame"}
{"Time":"2026-09-08T17:32:52.898018038+03:00","Action":"output","Package":"virmill.local/core/internal/ui/tui","Test":"TestCreationNVRAMTUIFailedObservationDiscardsPriorSuccess/missing-job","Output":"--- PASS: TestCreationNVRAMTUIFailedObservationDiscardsPriorSuccess/missing-job (0.03s)\n","OutputType":"frame"}
{"Time":"2026-09-08T17:32:52.89864667+03:00","Action":"pass","Package":"virmill.local/core/internal/ui/tui","Test":"TestCreationNVRAMTUIFailedObservationDiscardsPriorSuccess/missing-job","Elapsed":0.03}
{"Time":"2026-09-08T17:32:52.898664432+03:00","Action":"output","Package":"virmill.local/core/internal/ui/tui","Test":"TestCreationNVRAMTUIFailedObservationDiscardsPriorSuccess","Output":"--- PASS: TestCreationNVRAMTUIFailedObservationDiscardsPriorSuccess (0.09s)\n","OutputType":"frame"}
{"Time":"2026-09-08T17:32:52.898671568+03:00","Action":"pass","Package":"virmill.local/core/internal/ui/tui","Test":"TestCreationNVRAMTUIFailedObservationDiscardsPriorSuccess","Elapsed":0.09}
{"Time":"2026-09-08T17:32:52.898675447+03:00","Action":"run","Package":"virmill.local/core/internal/ui/tui","Test":"TestCreationNVRAMTUINewUEFIRequiresInspectionCapability"}
{"Time":"2026-09-08T17:32:52.898678133+03:00","Action":"output","Package":"virmill.local/core/internal/ui/tui","Test":"TestCreationNVRAMTUINewUEFIRequiresInspectionCapability","Output":"=== RUN   TestCreationNVRAMTUINewUEFIRequiresInspectionCapability\n","OutputType":"frame"}
{"Time":"2026-09-08T17:32:52.904508678+03:00","Action":"output","Package":"virmill.local/core/internal/ui/tui","Test":"TestCreationNVRAMTUINewUEFIRequiresInspectionCapability","Output":"--- PASS: TestCreationNVRAMTUINewUEFIRequiresInspectionCapability (0.01s)\n","OutputType":"frame"}
{"Time":"2026-09-08T17:32:52.904525541+03:00","Action":"pass","Package":"virmill.local/core/internal/ui/tui","Test":"TestCreationNVRAMTUINewUEFIRequiresInspectionCapability","Elapsed":0.01}
{"Time":"2026-09-08T17:32:52.904530273+03:00","Action":"run","Package":"virmill.local/core/internal/ui/tui","Test":"TestGuestReadinessTUIExactObservationAndNoApplicationClaim"}
{"Time":"2026-09-08T17:32:52.904532703+03:00","Action":"output","Package":"virmill.local/core/internal/ui/tui","Test":"TestGuestReadinessTUIExactObservationAndNoApplicationClaim","Output":"=== RUN   TestGuestReadinessTUIExactObservationAndNoApplicationClaim\n","OutputType":"frame"}
{"Time":"2026-09-08T17:32:52.904535146+03:00","Action":"run","Package":"virmill.local/core/internal/ui/tui","Test":"TestGuestReadinessTUIExactObservationAndNoApplicationClaim/qemu:///session/responsive"}
{"Time":"2026-09-08T17:32:52.904536715+03:00","Action":"output","Package":"virmill.local/core/internal/ui/tui","Test":"TestGuestReadinessTUIExactObservationAndNoApplicationClaim/qemu:///session/responsive","Output":"=== RUN   TestGuestReadinessTUIExactObservationAndNoApplicationClaim/qemu:///session/responsive\n","OutputType":"frame"}
{"Time":"2026-09-08T17:32:52.922474432+03:00","Action":"output","Package":"virmill.local/core/internal/ui/cli","Test":"TestCreationNVRAMCLIFailedObservationDiscardsPriorSuccess/transport","Output":"--- PASS: TestCreationNVRAMCLIFailedObservationDiscardsPriorSuccess/transport (0.03s)\n","OutputType":"frame"}
{"Time":"2026-09-08T17:32:52.922505938+03:00","Action":"pass","Package":"virmill.local/core/internal/ui/cli","Test":"TestCreationNVRAMCLIFailedObservationDiscardsPriorSuccess/transport","Elapsed":0.03}
{"Time":"2026-09-08T17:32:52.922514755+03:00","Action":"run","Package":"virmill.local/core/internal/ui/cli","Test":"TestCreationNVRAMCLIFailedObservationDiscardsPriorSuccess/missing-job"}
{"Time":"2026-09-08T17:32:52.922516655+03:00","Action":"output","Package":"virmill.local/core/internal/ui/cli","Test":"TestCreationNVRAMCLIFailedObservationDiscardsPriorSuccess/missing-job","Output":"=== RUN   TestCreationNVRAMCLIFailedObservationDiscardsPriorSuccess/missing-job\n","OutputType":"frame"}
{"Time":"2026-09-08T17:32:52.923155267+03:00","Action":"output","Package":"virmill.local/core/internal/ui/tui","Test":"TestGuestReadinessTUIExactObservationAndNoApplicationClaim/qemu:///session/responsive","Output":"--- PASS: TestGuestReadinessTUIExactObservationAndNoApplicationClaim/qemu:///session/responsive (0.02s)\n","OutputType":"frame"}
{"Time":"2026-09-08T17:32:52.923183754+03:00","Action":"pass","Package":"virmill.local/core/internal/ui/tui","Test":"TestGuestReadinessTUIExactObservationAndNoApplicationClaim/qemu:///session/responsive","Elapsed":0.02}
{"Time":"2026-09-08T17:32:52.923212355+03:00","Action":"run","Package":"virmill.local/core/internal/ui/tui","Test":"TestGuestReadinessTUIExactObservationAndNoApplicationClaim/qemu:///session/unresponsive"}
{"Time":"2026-09-08T17:32:52.923214589+03:00","Action":"output","Package":"virmill.local/core/internal/ui/tui","Test":"TestGuestReadinessTUIExactObservationAndNoApplicationClaim/qemu:///session/unresponsive","Output":"=== RUN   TestGuestReadinessTUIExactObservationAndNoApplicationClaim/qemu:///session/unresponsive\n","OutputType":"frame"}
{"Time":"2026-09-08T17:32:52.941997288+03:00","Action":"output","Package":"virmill.local/core/internal/ui/tui","Test":"TestGuestReadinessTUIExactObservationAndNoApplicationClaim/qemu:///session/unresponsive","Output":"--- PASS: TestGuestReadinessTUIExactObservationAndNoApplicationClaim/qemu:///session/unresponsive (0.02s)\n","OutputType":"frame"}
{"Time":"2026-09-08T17:32:52.942028855+03:00","Action":"pass","Package":"virmill.local/core/internal/ui/tui","Test":"TestGuestReadinessTUIExactObservationAndNoApplicationClaim/qemu:///session/unresponsive","Elapsed":0.02}
{"Time":"2026-09-08T17:32:52.942035846+03:00","Action":"run","Package":"virmill.local/core/internal/ui/tui","Test":"TestGuestReadinessTUIExactObservationAndNoApplicationClaim/qemu:///session/disconnected"}
{"Time":"2026-09-08T17:32:52.942041157+03:00","Action":"output","Package":"virmill.local/core/internal/ui/tui","Test":"TestGuestReadinessTUIExactObservationAndNoApplicationClaim/qemu:///session/disconnected","Output":"=== RUN   TestGuestReadinessTUIExactObservationAndNoApplicationClaim/qemu:///session/disconnected\n","OutputType":"frame"}
{"Time":"2026-09-08T17:32:52.95505566+03:00","Action":"output","Package":"virmill.local/core/internal/ui/cli","Test":"TestCreationNVRAMCLIFailedObservationDiscardsPriorSuccess/missing-job","Output":"--- PASS: TestCreationNVRAMCLIFailedObservationDiscardsPriorSuccess/missing-job (0.03s)\n","OutputType":"frame"}
{"Time":"2026-09-08T17:32:52.955089025+03:00","Action":"pass","Package":"virmill.local/core/internal/ui/cli","Test":"TestCreationNVRAMCLIFailedObservationDiscardsPriorSuccess/missing-job","Elapsed":0.03}
{"Time":"2026-09-08T17:32:52.955100401+03:00","Action":"output","Package":"virmill.local/core/internal/ui/cli","Test":"TestCreationNVRAMCLIFailedObservationDiscardsPriorSuccess","Output":"--- PASS: TestCreationNVRAMCLIFailedObservationDiscardsPriorSuccess (0.09s)\n","OutputType":"frame"}
{"Time":"2026-09-08T17:32:52.955104509+03:00","Action":"pass","Package":"virmill.local/core/internal/ui/cli","Test":"TestCreationNVRAMCLIFailedObservationDiscardsPriorSuccess","Elapsed":0.09}
{"Time":"2026-09-08T17:32:52.9551075+03:00","Action":"run","Package":"virmill.local/core/internal/ui/cli","Test":"TestCreationNVRAMCLINewUEFIRequiresInspectionCapability"}
{"Time":"2026-09-08T17:32:52.955109837+03:00","Action":"output","Package":"virmill.local/core/internal/ui/cli","Test":"TestCreationNVRAMCLINewUEFIRequiresInspectionCapability","Output":"=== RUN   TestCreationNVRAMCLINewUEFIRequiresInspectionCapability\n","OutputType":"frame"}
{"Time":"2026-09-08T17:32:52.958757366+03:00","Action":"output","Package":"virmill.local/core/internal/ui/cli","Test":"TestCreationNVRAMCLINewUEFIRequiresInspectionCapability","Output":"--- PASS: TestCreationNVRAMCLINewUEFIRequiresInspectionCapability (0.00s)\n","OutputType":"frame"}
{"Time":"2026-09-08T17:32:52.958776229+03:00","Action":"pass","Package":"virmill.local/core/internal/ui/cli","Test":"TestCreationNVRAMCLINewUEFIRequiresInspectionCapability","Elapsed":0}
{"Time":"2026-09-08T17:32:52.958822203+03:00","Action":"run","Package":"virmill.local/core/internal/ui/cli","Test":"TestNDJSONFollowDrainsTerminalEventAndPreservesResumeCursor"}
{"Time":"2026-09-08T17:32:52.958836174+03:00","Action":"output","Package":"virmill.local/core/internal/ui/cli","Test":"TestNDJSONFollowDrainsTerminalEventAndPreservesResumeCursor","Output":"=== RUN   TestNDJSONFollowDrainsTerminalEventAndPreservesResumeCursor\n","OutputType":"frame"}
{"Time":"2026-09-08T17:32:52.960728619+03:00","Action":"output","Package":"virmill.local/core/internal/ui/tui","Test":"TestGuestReadinessTUIExactObservationAndNoApplicationClaim/qemu:///session/disconnected","Output":"--- PASS: TestGuestReadinessTUIExactObservationAndNoApplicationClaim/qemu:///session/disconnected (0.02s)\n","OutputType":"frame"}
{"Time":"2026-09-08T17:32:52.960756102+03:00","Action":"pass","Package":"virmill.local/core/internal/ui/tui","Test":"TestGuestReadinessTUIExactObservationAndNoApplicationClaim/qemu:///session/disconnected","Elapsed":0.02}
{"Time":"2026-09-08T17:32:52.960780608+03:00","Action":"run","Package":"virmill.local/core/internal/ui/tui","Test":"TestGuestReadinessTUIExactObservationAndNoApplicationClaim/qemu:///session/absent"}
{"Time":"2026-09-08T17:32:52.960785395+03:00","Action":"output","Package":"virmill.local/core/internal/ui/tui","Test":"TestGuestReadinessTUIExactObservationAndNoApplicationClaim/qemu:///session/absent","Output":"=== RUN   TestGuestReadinessTUIExactObservationAndNoApplicationClaim/qemu:///session/absent\n","OutputType":"frame"}
{"Time":"2026-09-08T17:32:52.960998709+03:00","Action":"output","Package":"virmill.local/core/internal/ui/cli","Test":"TestNDJSONFollowDrainsTerminalEventAndPreservesResumeCursor","Output":"--- PASS: TestNDJSONFollowDrainsTerminalEventAndPreservesResumeCursor (0.00s)\n","OutputType":"frame"}
{"Time":"2026-09-08T17:32:52.961004739+03:00","Action":"pass","Package":"virmill.local/core/internal/ui/cli","Test":"TestNDJSONFollowDrainsTerminalEventAndPreservesResumeCursor","Elapsed":0}
{"Time":"2026-09-08T17:32:52.961017599+03:00","Action":"run","Package":"virmill.local/core/internal/ui/cli","Test":"TestNDJSONFollowDrainsFullBoundedBatches"}
{"Time":"2026-09-08T17:32:52.961022725+03:00","Action":"output","Package":"virmill.local/core/internal/ui/cli","Test":"TestNDJSONFollowDrainsFullBoundedBatches","Output":"=== RUN   TestNDJSONFollowDrainsFullBoundedBatches\n","OutputType":"frame"}
{"Time":"2026-09-08T17:32:52.980915966+03:00","Action":"output","Package":"virmill.local/core/internal/ui/tui","Test":"TestGuestReadinessTUIExactObservationAndNoApplicationClaim/qemu:///session/absent","Output":"--- PASS: TestGuestReadinessTUIExactObservationAndNoApplicationClaim/qemu:///session/absent (0.02s)\n","OutputType":"frame"}
{"Time":"2026-09-08T17:32:52.980952292+03:00","Action":"pass","Package":"virmill.local/core/internal/ui/tui","Test":"TestGuestReadinessTUIExactObservationAndNoApplicationClaim/qemu:///session/absent","Elapsed":0.02}
{"Time":"2026-09-08T17:32:52.980957379+03:00","Action":"run","Package":"virmill.local/core/internal/ui/tui","Test":"TestGuestReadinessTUIExactObservationAndNoApplicationClaim/qemu:///session/unknown"}
{"Time":"2026-09-08T17:32:52.980964504+03:00","Action":"output","Package":"virmill.local/core/internal/ui/tui","Test":"TestGuestReadinessTUIExactObservationAndNoApplicationClaim/qemu:///session/unknown","Output":"=== RUN   TestGuestReadinessTUIExactObservationAndNoApplicationClaim/qemu:///session/unknown\n","OutputType":"frame"}
{"Time":"2026-09-08T17:32:53.000138144+03:00","Action":"output","Package":"virmill.local/core/internal/ui/tui","Test":"TestGuestReadinessTUIExactObservationAndNoApplicationClaim/qemu:///session/unknown","Output":"--- PASS: TestGuestReadinessTUIExactObservationAndNoApplicationClaim/qemu:///session/unknown (0.02s)\n","OutputType":"frame"}
{"Time":"2026-09-08T17:32:53.00017353+03:00","Action":"pass","Package":"virmill.local/core/internal/ui/tui","Test":"TestGuestReadinessTUIExactObservationAndNoApplicationClaim/qemu:///session/unknown","Elapsed":0.02}
{"Time":"2026-09-08T17:32:53.000181736+03:00","Action":"run","Package":"virmill.local/core/internal/ui/tui","Test":"TestGuestReadinessTUIExactObservationAndNoApplicationClaim/qemu:///system/responsive"}
{"Time":"2026-09-08T17:32:53.000185195+03:00","Action":"output","Package":"virmill.local/core/internal/ui/tui","Test":"TestGuestReadinessTUIExactObservationAndNoApplicationClaim/qemu:///system/responsive","Output":"=== RUN   TestGuestReadinessTUIExactObservationAndNoApplicationClaim/qemu:///system/responsive\n","OutputType":"frame"}
{"Time":"2026-09-08T17:32:53.018749188+03:00","Action":"output","Package":"virmill.local/core/internal/ui/tui","Test":"TestGuestReadinessTUIExactObservationAndNoApplicationClaim/qemu:///system/responsive","Output":"--- PASS: TestGuestReadinessTUIExactObservationAndNoApplicationClaim/qemu:///system/responsive (0.02s)\n","OutputType":"frame"}
{"Time":"2026-09-08T17:32:53.018777247+03:00","Action":"pass","Package":"virmill.local/core/internal/ui/tui","Test":"TestGuestReadinessTUIExactObservationAndNoApplicationClaim/qemu:///system/responsive","Elapsed":0.02}
{"Time":"2026-09-08T17:32:53.018782385+03:00","Action":"run","Package":"virmill.local/core/internal/ui/tui","Test":"TestGuestReadinessTUIExactObservationAndNoApplicationClaim/qemu:///system/unresponsive"}
{"Time":"2026-09-08T17:32:53.018783869+03:00","Action":"output","Package":"virmill.local/core/internal/ui/tui","Test":"TestGuestReadinessTUIExactObservationAndNoApplicationClaim/qemu:///system/unresponsive","Output":"=== RUN   TestGuestReadinessTUIExactObservationAndNoApplicationClaim/qemu:///system/unresponsive\n","OutputType":"frame"}
{"Time":"2026-09-08T17:32:53.037823249+03:00","Action":"output","Package":"virmill.local/core/internal/ui/tui","Test":"TestGuestReadinessTUIExactObservationAndNoApplicationClaim/qemu:///system/unresponsive","Output":"--- PASS: TestGuestReadinessTUIExactObservationAndNoApplicationClaim/qemu:///system/unresponsive (0.02s)\n","OutputType":"frame"}
{"Time":"2026-09-08T17:32:53.037854221+03:00","Action":"pass","Package":"virmill.local/core/internal/ui/tui","Test":"TestGuestReadinessTUIExactObservationAndNoApplicationClaim/qemu:///system/unresponsive","Elapsed":0.02}
{"Time":"2026-09-08T17:32:53.037861899+03:00","Action":"run","Package":"virmill.local/core/internal/ui/tui","Test":"TestGuestReadinessTUIExactObservationAndNoApplicationClaim/qemu:///system/disconnected"}
{"Time":"2026-09-08T17:32:53.037864249+03:00","Action":"output","Package":"virmill.local/core/internal/ui/tui","Test":"TestGuestReadinessTUIExactObservationAndNoApplicationClaim/qemu:///system/disconnected","Output":"=== RUN   TestGuestReadinessTUIExactObservationAndNoApplicationClaim/qemu:///system/disconnected\n","OutputType":"frame"}
{"Time":"2026-09-08T17:32:53.058445244+03:00","Action":"output","Package":"virmill.local/core/internal/ui/tui","Test":"TestGuestReadinessTUIExactObservationAndNoApplicationClaim/qemu:///system/disconnected","Output":"--- PASS: TestGuestReadinessTUIExactObservationAndNoApplicationClaim/qemu:///system/disconnected (0.02s)\n","OutputType":"frame"}
{"Time":"2026-09-08T17:32:53.058464204+03:00","Action":"pass","Package":"virmill.local/core/internal/ui/tui","Test":"TestGuestReadinessTUIExactObservationAndNoApplicationClaim/qemu:///system/disconnected","Elapsed":0.02}
{"Time":"2026-09-08T17:32:53.058469816+03:00","Action":"run","Package":"virmill.local/core/internal/ui/tui","Test":"TestGuestReadinessTUIExactObservationAndNoApplicationClaim/qemu:///system/absent"}
{"Time":"2026-09-08T17:32:53.058471904+03:00","Action":"output","Package":"virmill.local/core/internal/ui/tui","Test":"TestGuestReadinessTUIExactObservationAndNoApplicationClaim/qemu:///system/absent","Output":"=== RUN   TestGuestReadinessTUIExactObservationAndNoApplicationClaim/qemu:///system/absent\n","OutputType":"frame"}
{"Time":"2026-09-08T17:32:53.070332839+03:00","Action":"output","Package":"virmill.local/core/internal/ui/cli","Test":"TestNDJSONFollowDrainsFullBoundedBatches","Output":"--- PASS: TestNDJSONFollowDrainsFullBoundedBatches (0.11s)\n","OutputType":"frame"}
{"Time":"2026-09-08T17:32:53.070347324+03:00","Action":"pass","Package":"virmill.local/core/internal/ui/cli","Test":"TestNDJSONFollowDrainsFullBoundedBatches","Elapsed":0.11}
{"Time":"2026-09-08T17:32:53.070367401+03:00","Action":"run","Package":"virmill.local/core/internal/ui/cli","Test":"TestNDJSONFollowRefusesEntireAmbiguousBatch"}
{"Time":"2026-09-08T17:32:53.070369972+03:00","Action":"output","Package":"virmill.local/core/internal/ui/cli","Test":"TestNDJSONFollowRefusesEntireAmbiguousBatch","Output":"=== RUN   TestNDJSONFollowRefusesEntireAmbiguousBatch\n","OutputType":"frame"}
{"Time":"2026-09-08T17:32:53.07743327+03:00","Action":"output","Package":"virmill.local/core/internal/ui/tui","Test":"TestGuestReadinessTUIExactObservationAndNoApplicationClaim/qemu:///system/absent","Output":"--- PASS: TestGuestReadinessTUIExactObservationAndNoApplicationClaim/qemu:///system/absent (0.02s)\n","OutputType":"frame"}
{"Time":"2026-09-08T17:32:53.077456576+03:00","Action":"pass","Package":"virmill.local/core/internal/ui/tui","Test":"TestGuestReadinessTUIExactObservationAndNoApplicationClaim/qemu:///system/absent","Elapsed":0.02}
{"Time":"2026-09-08T17:32:53.077461578+03:00","Action":"run","Package":"virmill.local/core/internal/ui/tui","Test":"TestGuestReadinessTUIExactObservationAndNoApplicationClaim/qemu:///system/unknown"}
{"Time":"2026-09-08T17:32:53.077463895+03:00","Action":"output","Package":"virmill.local/core/internal/ui/tui","Test":"TestGuestReadinessTUIExactObservationAndNoApplicationClaim/qemu:///system/unknown","Output":"=== RUN   TestGuestReadinessTUIExactObservationAndNoApplicationClaim/qemu:///system/unknown\n","OutputType":"frame"}
{"Time":"2026-09-08T17:32:53.084773961+03:00","Action":"run","Package":"virmill.local/core/internal/ui/cli","Test":"TestNDJSONFollowRefusesEntireAmbiguousBatch/duplicate"}
{"Time":"2026-09-08T17:32:53.084780169+03:00","Action":"output","Package":"virmill.local/core/internal/ui/cli","Test":"TestNDJSONFollowRefusesEntireAmbiguousBatch/duplicate","Output":"=== RUN   TestNDJSONFollowRefusesEntireAmbiguousBatch/duplicate\n","OutputType":"frame"}
{"Time":"2026-09-08T17:32:53.086175781+03:00","Action":"output","Package":"virmill.local/core/internal/ui/cli","Test":"TestNDJSONFollowRefusesEntireAmbiguousBatch/duplicate","Output":"--- PASS: TestNDJSONFollowRefusesEntireAmbiguousBatch/duplicate (0.00s)\n","OutputType":"frame"}
{"Time":"2026-09-08T17:32:53.086180908+03:00","Action":"pass","Package":"virmill.local/core/internal/ui/cli","Test":"TestNDJSONFollowRefusesEntireAmbiguousBatch/duplicate","Elapsed":0}
{"Time":"2026-09-08T17:32:53.086199406+03:00","Action":"run","Package":"virmill.local/core/internal/ui/cli","Test":"TestNDJSONFollowRefusesEntireAmbiguousBatch/reordered"}
{"Time":"2026-09-08T17:32:53.086201955+03:00","Action":"output","Package":"virmill.local/core/internal/ui/cli","Test":"TestNDJSONFollowRefusesEntireAmbiguousBatch/reordered","Output":"=== RUN   TestNDJSONFollowRefusesEntireAmbiguousBatch/reordered\n","OutputType":"frame"}
{"Time":"2026-09-08T17:32:53.087827468+03:00","Action":"output","Package":"virmill.local/core/internal/ui/cli","Test":"TestNDJSONFollowRefusesEntireAmbiguousBatch/reordered","Output":"--- PASS: TestNDJSONFollowRefusesEntireAmbiguousBatch/reordered (0.00s)\n","OutputType":"frame"}
{"Time":"2026-09-08T17:32:53.087841168+03:00","Action":"pass","Package":"virmill.local/core/internal/ui/cli","Test":"TestNDJSONFollowRefusesEntireAmbiguousBatch/reordered","Elapsed":0}
{"Time":"2026-09-08T17:32:53.087852837+03:00","Action":"run","Package":"virmill.local/core/internal/ui/cli","Test":"TestNDJSONFollowRefusesEntireAmbiguousBatch/gap"}
{"Time":"2026-09-08T17:32:53.08785527+03:00","Action":"output","Package":"virmill.local/core/internal/ui/cli","Test":"TestNDJSONFollowRefusesEntireAmbiguousBatch/gap","Output":"=== RUN   TestNDJSONFollowRefusesEntireAmbiguousBatch/gap\n","OutputType":"frame"}
{"Time":"2026-09-08T17:32:53.089059132+03:00","Action":"output","Package":"virmill.local/core/internal/ui/cli","Test":"TestNDJSONFollowRefusesEntireAmbiguousBatch/gap","Output":"--- PASS: TestNDJSONFollowRefusesEntireAmbiguousBatch/gap (0.00s)\n","OutputType":"frame"}
{"Time":"2026-09-08T17:32:53.089085265+03:00","Action":"pass","Package":"virmill.local/core/internal/ui/cli","Test":"TestNDJSONFollowRefusesEntireAmbiguousBatch/gap","Elapsed":0}
{"Time":"2026-09-08T17:32:53.089090602+03:00","Action":"run","Package":"virmill.local/core/internal/ui/cli","Test":"TestNDJSONFollowRefusesEntireAmbiguousBatch/object"}
{"Time":"2026-09-08T17:32:53.089093446+03:00","Action":"output","Package":"virmill.local/core/internal/ui/cli","Test":"TestNDJSONFollowRefusesEntireAmbiguousBatch/object","Output":"=== RUN   TestNDJSONFollowRefusesEntireAmbiguousBatch/object\n","OutputType":"frame"}
{"Time":"2026-09-08T17:32:53.090142339+03:00","Action":"output","Package":"virmill.local/core/internal/ui/cli","Test":"TestNDJSONFollowRefusesEntireAmbiguousBatch/object","Output":"--- PASS: TestNDJSONFollowRefusesEntireAmbiguousBatch/object (0.00s)\n","OutputType":"frame"}
{"Time":"2026-09-08T17:32:53.090147822+03:00","Action":"pass","Package":"virmill.local/core/internal/ui/cli","Test":"TestNDJSONFollowRefusesEntireAmbiguousBatch/object","Elapsed":0}
{"Time":"2026-09-08T17:32:53.090160341+03:00","Action":"run","Package":"virmill.local/core/internal/ui/cli","Test":"TestNDJSONFollowRefusesEntireAmbiguousBatch/foreign-job"}
{"Time":"2026-09-08T17:32:53.090163074+03:00","Action":"output","Package":"virmill.local/core/internal/ui/cli","Test":"TestNDJSONFollowRefusesEntireAmbiguousBatch/foreign-job","Output":"=== RUN   TestNDJSONFollowRefusesEntireAmbiguousBatch/foreign-job\n","OutputType":"frame"}
{"Time":"2026-09-08T17:32:53.091348227+03:00","Action":"output","Package":"virmill.local/core/internal/ui/cli","Test":"TestNDJSONFollowRefusesEntireAmbiguousBatch/foreign-job","Output":"--- PASS: TestNDJSONFollowRefusesEntireAmbiguousBatch/foreign-job (0.00s)\n","OutputType":"frame"}
{"Time":"2026-09-08T17:32:53.091363941+03:00","Action":"pass","Package":"virmill.local/core/internal/ui/cli","Test":"TestNDJSONFollowRefusesEntireAmbiguousBatch/foreign-job","Elapsed":0}
{"Time":"2026-09-08T17:32:53.091367171+03:00","Action":"run","Package":"virmill.local/core/internal/ui/cli","Test":"TestNDJSONFollowRefusesEntireAmbiguousBatch/foreign-version"}
{"Time":"2026-09-08T17:32:53.091368755+03:00","Action":"output","Package":"virmill.local/core/internal/ui/cli","Test":"TestNDJSONFollowRefusesEntireAmbiguousBatch/foreign-version","Output":"=== RUN   TestNDJSONFollowRefusesEntireAmbiguousBatch/foreign-version\n","OutputType":"frame"}
{"Time":"2026-09-08T17:32:53.092417597+03:00","Action":"output","Package":"virmill.local/core/internal/ui/cli","Test":"TestNDJSONFollowRefusesEntireAmbiguousBatch/foreign-version","Output":"--- PASS: TestNDJSONFollowRefusesEntireAmbiguousBatch/foreign-version (0.00s)\n","OutputType":"frame"}
{"Time":"2026-09-08T17:32:53.092425821+03:00","Action":"pass","Package":"virmill.local/core/internal/ui/cli","Test":"TestNDJSONFollowRefusesEntireAmbiguousBatch/foreign-version","Elapsed":0}
{"Time":"2026-09-08T17:32:53.092437962+03:00","Action":"run","Package":"virmill.local/core/internal/ui/cli","Test":"TestNDJSONFollowRefusesEntireAmbiguousBatch/over-limit"}
{"Time":"2026-09-08T17:32:53.092440669+03:00","Action":"output","Package":"virmill.local/core/internal/ui/cli","Test":"TestNDJSONFollowRefusesEntireAmbiguousBatch/over-limit","Output":"=== RUN   TestNDJSONFollowRefusesEntireAmbiguousBatch/over-limit\n","OutputType":"frame"}
{"Time":"2026-09-08T17:32:53.097260937+03:00","Action":"output","Package":"virmill.local/core/internal/ui/tui","Test":"TestGuestReadinessTUIExactObservationAndNoApplicationClaim/qemu:///system/unknown","Output":"--- PASS: TestGuestReadinessTUIExactObservationAndNoApplicationClaim/qemu:///system/unknown (0.02s)\n","OutputType":"frame"}
{"Time":"2026-09-08T17:32:53.097288946+03:00","Action":"pass","Package":"virmill.local/core/internal/ui/tui","Test":"TestGuestReadinessTUIExactObservationAndNoApplicationClaim/qemu:///system/unknown","Elapsed":0.02}
{"Time":"2026-09-08T17:32:53.097307604+03:00","Action":"output","Package":"virmill.local/core/internal/ui/tui","Test":"TestGuestReadinessTUIExactObservationAndNoApplicationClaim","Output":"--- PASS: TestGuestReadinessTUIExactObservationAndNoApplicationClaim (0.19s)\n","OutputType":"frame"}
{"Time":"2026-09-08T17:32:53.097323568+03:00","Action":"pass","Package":"virmill.local/core/internal/ui/tui","Test":"TestGuestReadinessTUIExactObservationAndNoApplicationClaim","Elapsed":0.19}
{"Time":"2026-09-08T17:32:53.097349122+03:00","Action":"run","Package":"virmill.local/core/internal/ui/tui","Test":"TestGuestReadinessTUIErrorsClearObservationAndApproval"}
{"Time":"2026-09-08T17:32:53.097351681+03:00","Action":"output","Package":"virmill.local/core/internal/ui/tui","Test":"TestGuestReadinessTUIErrorsClearObservationAndApproval","Output":"=== RUN   TestGuestReadinessTUIErrorsClearObservationAndApproval\n","OutputType":"frame"}
{"Time":"2026-09-08T17:32:53.097380723+03:00","Action":"run","Package":"virmill.local/core/internal/ui/tui","Test":"TestGuestReadinessTUIErrorsClearObservationAndApproval/native"}
{"Time":"2026-09-08T17:32:53.097382881+03:00","Action":"output","Package":"virmill.local/core/internal/ui/tui","Test":"TestGuestReadinessTUIErrorsClearObservationAndApproval/native","Output":"=== RUN   TestGuestReadinessTUIErrorsClearObservationAndApproval/native\n","OutputType":"frame"}
{"Time":"2026-09-08T17:32:53.107837586+03:00","Action":"output","Package":"virmill.local/core/internal/ui/tui","Test":"TestGuestReadinessTUIErrorsClearObservationAndApproval/native","Output":"--- PASS: TestGuestReadinessTUIErrorsClearObservationAndApproval/native (0.01s)\n","OutputType":"frame"}
{"Time":"2026-09-08T17:32:53.107869842+03:00","Action":"pass","Package":"virmill.local/core/internal/ui/tui","Test":"TestGuestReadinessTUIErrorsClearObservationAndApproval/native","Elapsed":0.01}
{"Time":"2026-09-08T17:32:53.10787691+03:00","Action":"run","Package":"virmill.local/core/internal/ui/tui","Test":"TestGuestReadinessTUIErrorsClearObservationAndApproval/canceled"}
{"Time":"2026-09-08T17:32:53.107879776+03:00","Action":"output","Package":"virmill.local/core/internal/ui/tui","Test":"TestGuestReadinessTUIErrorsClearObservationAndApproval/canceled","Output":"=== RUN   TestGuestReadinessTUIErrorsClearObservationAndApproval/canceled\n","OutputType":"frame"}
{"Time":"2026-09-08T17:32:53.117037672+03:00","Action":"output","Package":"virmill.local/core/internal/ui/tui","Test":"TestGuestReadinessTUIErrorsClearObservationAndApproval/canceled","Output":"--- PASS: TestGuestReadinessTUIErrorsClearObservationAndApproval/canceled (0.01s)\n","OutputType":"frame"}
{"Time":"2026-09-08T17:32:53.117057471+03:00","Action":"pass","Package":"virmill.local/core/internal/ui/tui","Test":"TestGuestReadinessTUIErrorsClearObservationAndApproval/canceled","Elapsed":0.01}
{"Time":"2026-09-08T17:32:53.117060873+03:00","Action":"run","Package":"virmill.local/core/internal/ui/tui","Test":"TestGuestReadinessTUIErrorsClearObservationAndApproval/transport"}
{"Time":"2026-09-08T17:32:53.117062408+03:00","Action":"output","Package":"virmill.local/core/internal/ui/tui","Test":"TestGuestReadinessTUIErrorsClearObservationAndApproval/transport","Output":"=== RUN   TestGuestReadinessTUIErrorsClearObservationAndApproval/transport\n","OutputType":"frame"}
{"Time":"2026-09-08T17:32:53.124980487+03:00","Action":"output","Package":"virmill.local/core/internal/ui/tui","Test":"TestGuestReadinessTUIErrorsClearObservationAndApproval/transport","Output":"--- PASS: TestGuestReadinessTUIErrorsClearObservationAndApproval/transport (0.01s)\n","OutputType":"frame"}
{"Time":"2026-09-08T17:32:53.124997045+03:00","Action":"pass","Package":"virmill.local/core/internal/ui/tui","Test":"TestGuestReadinessTUIErrorsClearObservationAndApproval/transport","Elapsed":0.01}
{"Time":"2026-09-08T17:32:53.125017357+03:00","Action":"output","Package":"virmill.local/core/internal/ui/tui","Test":"TestGuestReadinessTUIErrorsClearObservationAndApproval","Output":"--- PASS: TestGuestReadinessTUIErrorsClearObservationAndApproval (0.03s)\n","OutputType":"frame"}
{"Time":"2026-09-08T17:32:53.125027701+03:00","Action":"pass","Package":"virmill.local/core/internal/ui/tui","Test":"TestGuestReadinessTUIErrorsClearObservationAndApproval","Elapsed":0.03}
{"Time":"2026-09-08T17:32:53.125044005+03:00","Action":"run","Package":"virmill.local/core/internal/ui/tui","Test":"TestGuestRecipeTUIExactFormReviewedPlanAndCancel"}
{"Time":"2026-09-08T17:32:53.125046256+03:00","Action":"output","Package":"virmill.local/core/internal/ui/tui","Test":"TestGuestRecipeTUIExactFormReviewedPlanAndCancel","Output":"=== RUN   TestGuestRecipeTUIExactFormReviewedPlanAndCancel\n","OutputType":"frame"}
{"Time":"2026-09-08T17:32:53.126339991+03:00","Action":"run","Package":"virmill.local/core/internal/ui/tui","Test":"TestGuestRecipeTUIExactFormReviewedPlanAndCancel/qemu:///system"}
{"Time":"2026-09-08T17:32:53.126342486+03:00","Action":"output","Package":"virmill.local/core/internal/ui/tui","Test":"TestGuestRecipeTUIExactFormReviewedPlanAndCancel/qemu:///system","Output":"=== RUN   TestGuestRecipeTUIExactFormReviewedPlanAndCancel/qemu:///system\n","OutputType":"frame"}
{"Time":"2026-09-08T17:32:53.149884448+03:00","Action":"output","Package":"virmill.local/core/internal/ui/cli","Test":"TestNDJSONFollowRefusesEntireAmbiguousBatch/over-limit","Output":"--- PASS: TestNDJSONFollowRefusesEntireAmbiguousBatch/over-limit (0.06s)\n","OutputType":"frame"}
{"Time":"2026-09-08T17:32:53.14991133+03:00","Action":"pass","Package":"virmill.local/core/internal/ui/cli","Test":"TestNDJSONFollowRefusesEntireAmbiguousBatch/over-limit","Elapsed":0.06}
{"Time":"2026-09-08T17:32:53.149918156+03:00","Action":"run","Package":"virmill.local/core/internal/ui/cli","Test":"TestNDJSONFollowRefusesEntireAmbiguousBatch/null"}
{"Time":"2026-09-08T17:32:53.149920919+03:00","Action":"output","Package":"virmill.local/core/internal/ui/cli","Test":"TestNDJSONFollowRefusesEntireAmbiguousBatch/null","Output":"=== RUN   TestNDJSONFollowRefusesEntireAmbiguousBatch/null\n","OutputType":"frame"}
{"Time":"2026-09-08T17:32:53.15088159+03:00","Action":"output","Package":"virmill.local/core/internal/ui/cli","Test":"TestNDJSONFollowRefusesEntireAmbiguousBatch/null","Output":"--- PASS: TestNDJSONFollowRefusesEntireAmbiguousBatch/null (0.00s)\n","OutputType":"frame"}
{"Time":"2026-09-08T17:32:53.150895862+03:00","Action":"pass","Package":"virmill.local/core/internal/ui/cli","Test":"TestNDJSONFollowRefusesEntireAmbiguousBatch/null","Elapsed":0}
{"Time":"2026-09-08T17:32:53.150899351+03:00","Action":"run","Package":"virmill.local/core/internal/ui/cli","Test":"TestNDJSONFollowRefusesEntireAmbiguousBatch/unknown-field"}
{"Time":"2026-09-08T17:32:53.15090087+03:00","Action":"output","Package":"virmill.local/core/internal/ui/cli","Test":"TestNDJSONFollowRefusesEntireAmbiguousBatch/unknown-field","Output":"=== RUN   TestNDJSONFollowRefusesEntireAmbiguousBatch/unknown-field\n","OutputType":"frame"}
{"Time":"2026-09-08T17:32:53.152253661+03:00","Action":"output","Package":"virmill.local/core/internal/ui/cli","Test":"TestNDJSONFollowRefusesEntireAmbiguousBatch/unknown-field","Output":"--- PASS: TestNDJSONFollowRefusesEntireAmbiguousBatch/unknown-field (0.00s)\n","OutputType":"frame"}
{"Time":"2026-09-08T17:32:53.152715454+03:00","Action":"pass","Package":"virmill.local/core/internal/ui/cli","Test":"TestNDJSONFollowRefusesEntireAmbiguousBatch/unknown-field","Elapsed":0}
{"Time":"2026-09-08T17:32:53.152722976+03:00","Action":"run","Package":"virmill.local/core/internal/ui/cli","Test":"TestNDJSONFollowRefusesEntireAmbiguousBatch/encoded-byte-limit"}
{"Time":"2026-09-08T17:32:53.152724874+03:00","Action":"output","Package":"virmill.local/core/internal/ui/cli","Test":"TestNDJSONFollowRefusesEntireAmbiguousBatch/encoded-byte-limit","Output":"=== RUN   TestNDJSONFollowRefusesEntireAmbiguousBatch/encoded-byte-limit\n","OutputType":"frame"}
{"Time":"2026-09-08T17:32:53.302707465+03:00","Action":"output","Package":"virmill.local/core/internal/ui/tui","Test":"TestGuestRecipeTUIExactFormReviewedPlanAndCancel/qemu:///system","Output":"--- PASS: TestGuestRecipeTUIExactFormReviewedPlanAndCancel/qemu:///system (0.18s)\n","OutputType":"frame"}
{"Time":"2026-09-08T17:32:53.302740818+03:00","Action":"pass","Package":"virmill.local/core/internal/ui/tui","Test":"TestGuestRecipeTUIExactFormReviewedPlanAndCancel/qemu:///system","Elapsed":0.18}
{"Time":"2026-09-08T17:32:53.302746387+03:00","Action":"run","Package":"virmill.local/core/internal/ui/tui","Test":"TestGuestRecipeTUIExactFormReviewedPlanAndCancel/qemu:///session"}
{"Time":"2026-09-08T17:32:53.302748358+03:00","Action":"output","Package":"virmill.local/core/internal/ui/tui","Test":"TestGuestRecipeTUIExactFormReviewedPlanAndCancel/qemu:///session","Output":"=== RUN   TestGuestRecipeTUIExactFormReviewedPlanAndCancel/qemu:///session\n","OutputType":"frame"}
{"Time":"2026-09-08T17:32:53.313149271+03:00","Action":"output","Package":"virmill.local/core/internal/ui/cli","Test":"TestNDJSONFollowRefusesEntireAmbiguousBatch/encoded-byte-limit","Output":"--- PASS: TestNDJSONFollowRefusesEntireAmbiguousBatch/encoded-byte-limit (0.16s)\n","OutputType":"frame"}
{"Time":"2026-09-08T17:32:53.313176086+03:00","Action":"pass","Package":"virmill.local/core/internal/ui/cli","Test":"TestNDJSONFollowRefusesEntireAmbiguousBatch/encoded-byte-limit","Elapsed":0.16}
{"Time":"2026-09-08T17:32:53.313183989+03:00","Action":"run","Package":"virmill.local/core/internal/ui/cli","Test":"TestNDJSONFollowRefusesEntireAmbiguousBatch/missing-time"}
{"Time":"2026-09-08T17:32:53.31319884+03:00","Action":"output","Package":"virmill.local/core/internal/ui/cli","Test":"TestNDJSONFollowRefusesEntireAmbiguousBatch/missing-time","Output":"=== RUN   TestNDJSONFollowRefusesEntireAmbiguousBatch/missing-time\n","OutputType":"frame"}
{"Time":"2026-09-08T17:32:53.31458436+03:00","Action":"output","Package":"virmill.local/core/internal/ui/cli","Test":"TestNDJSONFollowRefusesEntireAmbiguousBatch/missing-time","Output":"--- PASS: TestNDJSONFollowRefusesEntireAmbiguousBatch/missing-time (0.00s)\n","OutputType":"frame"}
{"Time":"2026-09-08T17:32:53.31459538+03:00","Action":"pass","Package":"virmill.local/core/internal/ui/cli","Test":"TestNDJSONFollowRefusesEntireAmbiguousBatch/missing-time","Elapsed":0}
{"Time":"2026-09-08T17:32:53.314598792+03:00","Action":"output","Package":"virmill.local/core/internal/ui/cli","Test":"TestNDJSONFollowRefusesEntireAmbiguousBatch","Output":"--- PASS: TestNDJSONFollowRefusesEntireAmbiguousBatch (0.24s)\n","OutputType":"frame"}
{"Time":"2026-09-08T17:32:53.314601096+03:00","Action":"pass","Package":"virmill.local/core/internal/ui/cli","Test":"TestNDJSONFollowRefusesEntireAmbiguousBatch","Elapsed":0.24}
{"Time":"2026-09-08T17:32:53.314603142+03:00","Action":"run","Package":"virmill.local/core/internal/ui/cli","Test":"TestNDJSONFollowRejectsWrongJobBeforeReadingEvents"}
{"Time":"2026-09-08T17:32:53.31460448+03:00","Action":"output","Package":"virmill.local/core/internal/ui/cli","Test":"TestNDJSONFollowRejectsWrongJobBeforeReadingEvents","Output":"=== RUN   TestNDJSONFollowRejectsWrongJobBeforeReadingEvents\n","OutputType":"frame"}
{"Time":"2026-09-08T17:32:53.314606578+03:00","Action":"run","Package":"virmill.local/core/internal/ui/cli","Test":"TestNDJSONFollowRejectsWrongJobBeforeReadingEvents/foreign"}
{"Time":"2026-09-08T17:32:53.314608007+03:00","Action":"output","Package":"virmill.local/core/internal/ui/cli","Test":"TestNDJSONFollowRejectsWrongJobBeforeReadingEvents/foreign","Output":"=== RUN   TestNDJSONFollowRejectsWrongJobBeforeReadingEvents/foreign\n","OutputType":"frame"}
{"Time":"2026-09-08T17:32:53.316392567+03:00","Action":"output","Package":"virmill.local/core/internal/ui/cli","Test":"TestNDJSONFollowRejectsWrongJobBeforeReadingEvents/foreign","Output":"--- PASS: TestNDJSONFollowRejectsWrongJobBeforeReadingEvents/foreign (0.00s)\n","OutputType":"frame"}
{"Time":"2026-09-08T17:32:53.316416445+03:00","Action":"pass","Package":"virmill.local/core/internal/ui/cli","Test":"TestNDJSONFollowRejectsWrongJobBeforeReadingEvents/foreign","Elapsed":0}
{"Time":"2026-09-08T17:32:53.3164222+03:00","Action":"run","Package":"virmill.local/core/internal/ui/cli","Test":"TestNDJSONFollowRejectsWrongJobBeforeReadingEvents/unknown-state"}
{"Time":"2026-09-08T17:32:53.316425258+03:00","Action":"output","Package":"virmill.local/core/internal/ui/cli","Test":"TestNDJSONFollowRejectsWrongJobBeforeReadingEvents/unknown-state","Output":"=== RUN   TestNDJSONFollowRejectsWrongJobBeforeReadingEvents/unknown-state\n","OutputType":"frame"}
{"Time":"2026-09-08T17:32:53.318087628+03:00","Action":"output","Package":"virmill.local/core/internal/ui/cli","Test":"TestNDJSONFollowRejectsWrongJobBeforeReadingEvents/unknown-state","Output":"--- PASS: TestNDJSONFollowRejectsWrongJobBeforeReadingEvents/unknown-state (0.00s)\n","OutputType":"frame"}
{"Time":"2026-09-08T17:32:53.318100221+03:00","Action":"pass","Package":"virmill.local/core/internal/ui/cli","Test":"TestNDJSONFollowRejectsWrongJobBeforeReadingEvents/unknown-state","Elapsed":0}
{"Time":"2026-09-08T17:32:53.318103151+03:00","Action":"run","Package":"virmill.local/core/internal/ui/cli","Test":"TestNDJSONFollowRejectsWrongJobBeforeReadingEvents/empty"}
{"Time":"2026-09-08T17:32:53.318104762+03:00","Action":"output","Package":"virmill.local/core/internal/ui/cli","Test":"TestNDJSONFollowRejectsWrongJobBeforeReadingEvents/empty","Output":"=== RUN   TestNDJSONFollowRejectsWrongJobBeforeReadingEvents/empty\n","OutputType":"frame"}
{"Time":"2026-09-08T17:32:53.319325033+03:00","Action":"output","Package":"virmill.local/core/internal/ui/cli","Test":"TestNDJSONFollowRejectsWrongJobBeforeReadingEvents/empty","Output":"--- PASS: TestNDJSONFollowRejectsWrongJobBeforeReadingEvents/empty (0.00s)\n","OutputType":"frame"}
{"Time":"2026-09-08T17:32:53.319336362+03:00","Action":"pass","Package":"virmill.local/core/internal/ui/cli","Test":"TestNDJSONFollowRejectsWrongJobBeforeReadingEvents/empty","Elapsed":0}
{"Time":"2026-09-08T17:32:53.319361408+03:00","Action":"output","Package":"virmill.local/core/internal/ui/cli","Test":"TestNDJSONFollowRejectsWrongJobBeforeReadingEvents","Output":"--- PASS: TestNDJSONFollowRejectsWrongJobBeforeReadingEvents (0.00s)\n","OutputType":"frame"}
{"Time":"2026-09-08T17:32:53.319365321+03:00","Action":"pass","Package":"virmill.local/core/internal/ui/cli","Test":"TestNDJSONFollowRejectsWrongJobBeforeReadingEvents","Elapsed":0}
{"Time":"2026-09-08T17:32:53.319373449+03:00","Action":"run","Package":"virmill.local/core/internal/ui/cli","Test":"TestNDJSONFollowDetachRetainsCursorAndNeverCancels"}
{"Time":"2026-09-08T17:32:53.31937491+03:00","Action":"output","Package":"virmill.local/core/internal/ui/cli","Test":"TestNDJSONFollowDetachRetainsCursorAndNeverCancels","Output":"=== RUN   TestNDJSONFollowDetachRetainsCursorAndNeverCancels\n","OutputType":"frame"}
{"Time":"2026-09-08T17:32:53.319395773+03:00","Action":"run","Package":"virmill.local/core/internal/ui/cli","Test":"TestNDJSONFollowDetachRetainsCursorAndNeverCancels/transport"}
{"Time":"2026-09-08T17:32:53.319399196+03:00","Action":"output","Package":"virmill.local/core/internal/ui/cli","Test":"TestNDJSONFollowDetachRetainsCursorAndNeverCancels/transport","Output":"=== RUN   TestNDJSONFollowDetachRetainsCursorAndNeverCancels/transport\n","OutputType":"frame"}
{"Time":"2026-09-08T17:32:53.321103224+03:00","Action":"output","Package":"virmill.local/core/internal/ui/cli","Test":"TestNDJSONFollowDetachRetainsCursorAndNeverCancels/transport","Output":"--- PASS: TestNDJSONFollowDetachRetainsCursorAndNeverCancels/transport (0.00s)\n","OutputType":"frame"}
{"Time":"2026-09-08T17:32:53.321117357+03:00","Action":"pass","Package":"virmill.local/core/internal/ui/cli","Test":"TestNDJSONFollowDetachRetainsCursorAndNeverCancels/transport","Elapsed":0}
{"Time":"2026-09-08T17:32:53.321141255+03:00","Action":"run","Package":"virmill.local/core/internal/ui/cli","Test":"TestNDJSONFollowDetachRetainsCursorAndNeverCancels/timeout"}
{"Time":"2026-09-08T17:32:53.321143907+03:00","Action":"output","Package":"virmill.local/core/internal/ui/cli","Test":"TestNDJSONFollowDetachRetainsCursorAndNeverCancels/timeout","Output":"=== RUN   TestNDJSONFollowDetachRetainsCursorAndNeverCancels/timeout\n","OutputType":"frame"}
{"Time":"2026-09-08T17:32:53.423962152+03:00","Action":"output","Package":"virmill.local/core/internal/ui/cli","Test":"TestNDJSONFollowDetachRetainsCursorAndNeverCancels/timeout","Output":"--- PASS: TestNDJSONFollowDetachRetainsCursorAndNeverCancels/timeout (0.10s)\n","OutputType":"frame"}
{"Time":"2026-09-08T17:32:53.423997047+03:00","Action":"pass","Package":"virmill.local/core/internal/ui/cli","Test":"TestNDJSONFollowDetachRetainsCursorAndNeverCancels/timeout","Elapsed":0.1}
{"Time":"2026-09-08T17:32:53.42400271+03:00","Action":"run","Package":"virmill.local/core/internal/ui/cli","Test":"TestNDJSONFollowDetachRetainsCursorAndNeverCancels/interrupt"}
{"Time":"2026-09-08T17:32:53.424004454+03:00","Action":"output","Package":"virmill.local/core/internal/ui/cli","Test":"TestNDJSONFollowDetachRetainsCursorAndNeverCancels/interrupt","Output":"=== RUN   TestNDJSONFollowDetachRetainsCursorAndNeverCancels/interrupt\n","OutputType":"frame"}
{"Time":"2026-09-08T17:32:53.42578068+03:00","Action":"output","Package":"virmill.local/core/internal/ui/cli","Test":"TestNDJSONFollowDetachRetainsCursorAndNeverCancels/interrupt","Output":"--- PASS: TestNDJSONFollowDetachRetainsCursorAndNeverCancels/interrupt (0.00s)\n","OutputType":"frame"}
{"Time":"2026-09-08T17:32:53.425792323+03:00","Action":"pass","Package":"virmill.local/core/internal/ui/cli","Test":"TestNDJSONFollowDetachRetainsCursorAndNeverCancels/interrupt","Elapsed":0}
{"Time":"2026-09-08T17:32:53.425795906+03:00","Action":"output","Package":"virmill.local/core/internal/ui/cli","Test":"TestNDJSONFollowDetachRetainsCursorAndNeverCancels","Output":"--- PASS: TestNDJSONFollowDetachRetainsCursorAndNeverCancels (0.11s)\n","OutputType":"frame"}
{"Time":"2026-09-08T17:32:53.425803881+03:00","Action":"pass","Package":"virmill.local/core/internal/ui/cli","Test":"TestNDJSONFollowDetachRetainsCursorAndNeverCancels","Elapsed":0.11}
{"Time":"2026-09-08T17:32:53.425806152+03:00","Action":"run","Package":"virmill.local/core/internal/ui/cli","Test":"TestNDJSONFollowCancellationWhileIdleAndBeforeCall"}
{"Time":"2026-09-08T17:32:53.425808175+03:00","Action":"output","Package":"virmill.local/core/internal/ui/cli","Test":"TestNDJSONFollowCancellationWhileIdleAndBeforeCall","Output":"=== RUN   TestNDJSONFollowCancellationWhileIdleAndBeforeCall\n","OutputType":"frame"}
{"Time":"2026-09-08T17:32:53.425810605+03:00","Action":"run","Package":"virmill.local/core/internal/ui/cli","Test":"TestNDJSONFollowCancellationWhileIdleAndBeforeCall/false"}
{"Time":"2026-09-08T17:32:53.425811834+03:00","Action":"output","Package":"virmill.local/core/internal/ui/cli","Test":"TestNDJSONFollowCancellationWhileIdleAndBeforeCall/false","Output":"=== RUN   TestNDJSONFollowCancellationWhileIdleAndBeforeCall/false\n","OutputType":"frame"}
{"Time":"2026-09-08T17:32:53.426898993+03:00","Action":"output","Package":"virmill.local/core/internal/ui/cli","Test":"TestNDJSONFollowCancellationWhileIdleAndBeforeCall/false","Output":"--- PASS: TestNDJSONFollowCancellationWhileIdleAndBeforeCall/false (0.00s)\n","OutputType":"frame"}
{"Time":"2026-09-08T17:32:53.426909869+03:00","Action":"pass","Package":"virmill.local/core/internal/ui/cli","Test":"TestNDJSONFollowCancellationWhileIdleAndBeforeCall/false","Elapsed":0}
{"Time":"2026-09-08T17:32:53.426913435+03:00","Action":"run","Package":"virmill.local/core/internal/ui/cli","Test":"TestNDJSONFollowCancellationWhileIdleAndBeforeCall/true"}
{"Time":"2026-09-08T17:32:53.42691514+03:00","Action":"output","Package":"virmill.local/core/internal/ui/cli","Test":"TestNDJSONFollowCancellationWhileIdleAndBeforeCall/true","Output":"=== RUN   TestNDJSONFollowCancellationWhileIdleAndBeforeCall/true\n","OutputType":"frame"}
{"Time":"2026-09-08T17:32:53.427982541+03:00","Action":"output","Package":"virmill.local/core/internal/ui/cli","Test":"TestNDJSONFollowCancellationWhileIdleAndBeforeCall/true","Output":"--- PASS: TestNDJSONFollowCancellationWhileIdleAndBeforeCall/true (0.00s)\n","OutputType":"frame"}
{"Time":"2026-09-08T17:32:53.427992101+03:00","Action":"pass","Package":"virmill.local/core/internal/ui/cli","Test":"TestNDJSONFollowCancellationWhileIdleAndBeforeCall/true","Elapsed":0}
{"Time":"2026-09-08T17:32:53.42801834+03:00","Action":"output","Package":"virmill.local/core/internal/ui/cli","Test":"TestNDJSONFollowCancellationWhileIdleAndBeforeCall","Output":"--- PASS: TestNDJSONFollowCancellationWhileIdleAndBeforeCall (0.00s)\n","OutputType":"frame"}
{"Time":"2026-09-08T17:32:53.428023537+03:00","Action":"pass","Package":"virmill.local/core/internal/ui/cli","Test":"TestNDJSONFollowCancellationWhileIdleAndBeforeCall","Elapsed":0}
{"Time":"2026-09-08T17:32:53.42803534+03:00","Action":"run","Package":"virmill.local/core/internal/ui/cli","Test":"TestNDJSONFollowTerminalFailuresAreNonzero"}
{"Time":"2026-09-08T17:32:53.428037694+03:00","Action":"output","Package":"virmill.local/core/internal/ui/cli","Test":"TestNDJSONFollowTerminalFailuresAreNonzero","Output":"=== RUN   TestNDJSONFollowTerminalFailuresAreNonzero\n","OutputType":"frame"}
{"Time":"2026-09-08T17:32:53.428054838+03:00","Action":"run","Package":"virmill.local/core/internal/ui/cli","Test":"TestNDJSONFollowTerminalFailuresAreNonzero/failed"}
{"Time":"2026-09-08T17:32:53.428057093+03:00","Action":"output","Package":"virmill.local/core/internal/ui/cli","Test":"TestNDJSONFollowTerminalFailuresAreNonzero/failed","Output":"=== RUN   TestNDJSONFollowTerminalFailuresAreNonzero/failed\n","OutputType":"frame"}
{"Time":"2026-09-08T17:32:53.428889108+03:00","Action":"output","Package":"virmill.local/core/internal/ui/cli","Test":"TestNDJSONFollowTerminalFailuresAreNonzero/failed","Output":"--- PASS: TestNDJSONFollowTerminalFailuresAreNonzero/failed (0.00s)\n","OutputType":"frame"}
{"Time":"2026-09-08T17:32:53.428895292+03:00","Action":"pass","Package":"virmill.local/core/internal/ui/cli","Test":"TestNDJSONFollowTerminalFailuresAreNonzero/failed","Elapsed":0}
{"Time":"2026-09-08T17:32:53.428912031+03:00","Action":"run","Package":"virmill.local/core/internal/ui/cli","Test":"TestNDJSONFollowTerminalFailuresAreNonzero/canceled"}
{"Time":"2026-09-08T17:32:53.428913723+03:00","Action":"output","Package":"virmill.local/core/internal/ui/cli","Test":"TestNDJSONFollowTerminalFailuresAreNonzero/canceled","Output":"=== RUN   TestNDJSONFollowTerminalFailuresAreNonzero/canceled\n","OutputType":"frame"}
{"Time":"2026-09-08T17:32:53.429734866+03:00","Action":"output","Package":"virmill.local/core/internal/ui/cli","Test":"TestNDJSONFollowTerminalFailuresAreNonzero/canceled","Output":"--- PASS: TestNDJSONFollowTerminalFailuresAreNonzero/canceled (0.00s)\n","OutputType":"frame"}
{"Time":"2026-09-08T17:32:53.429747031+03:00","Action":"pass","Package":"virmill.local/core/internal/ui/cli","Test":"TestNDJSONFollowTerminalFailuresAreNonzero/canceled","Elapsed":0}
{"Time":"2026-09-08T17:32:53.429761795+03:00","Action":"run","Package":"virmill.local/core/internal/ui/cli","Test":"TestNDJSONFollowTerminalFailuresAreNonzero/partial"}
{"Time":"2026-09-08T17:32:53.429764313+03:00","Action":"output","Package":"virmill.local/core/internal/ui/cli","Test":"TestNDJSONFollowTerminalFailuresAreNonzero/partial","Output":"=== RUN   TestNDJSONFollowTerminalFailuresAreNonzero/partial\n","OutputType":"frame"}
{"Time":"2026-09-08T17:32:53.431524424+03:00","Action":"output","Package":"virmill.local/core/internal/ui/cli","Test":"TestNDJSONFollowTerminalFailuresAreNonzero/partial","Output":"--- PASS: TestNDJSONFollowTerminalFailuresAreNonzero/partial (0.00s)\n","OutputType":"frame"}
{"Time":"2026-09-08T17:32:53.431535882+03:00","Action":"pass","Package":"virmill.local/core/internal/ui/cli","Test":"TestNDJSONFollowTerminalFailuresAreNonzero/partial","Elapsed":0}
{"Time":"2026-09-08T17:32:53.43154459+03:00","Action":"run","Package":"virmill.local/core/internal/ui/cli","Test":"TestNDJSONFollowTerminalFailuresAreNonzero/recovery-required"}
{"Time":"2026-09-08T17:32:53.431546487+03:00","Action":"output","Package":"virmill.local/core/internal/ui/cli","Test":"TestNDJSONFollowTerminalFailuresAreNonzero/recovery-required","Output":"=== RUN   TestNDJSONFollowTerminalFailuresAreNonzero/recovery-required\n","OutputType":"frame"}
{"Time":"2026-09-08T17:32:53.432310041+03:00","Action":"output","Package":"virmill.local/core/internal/ui/cli","Test":"TestNDJSONFollowTerminalFailuresAreNonzero/recovery-required","Output":"--- PASS: TestNDJSONFollowTerminalFailuresAreNonzero/recovery-required (0.00s)\n","OutputType":"frame"}
{"Time":"2026-09-08T17:32:53.432333807+03:00","Action":"pass","Package":"virmill.local/core/internal/ui/cli","Test":"TestNDJSONFollowTerminalFailuresAreNonzero/recovery-required","Elapsed":0}
{"Time":"2026-09-08T17:32:53.432591338+03:00","Action":"output","Package":"virmill.local/core/internal/ui/cli","Test":"TestNDJSONFollowTerminalFailuresAreNonzero","Output":"--- PASS: TestNDJSONFollowTerminalFailuresAreNonzero (0.00s)\n","OutputType":"frame"}
{"Time":"2026-09-08T17:32:53.432596538+03:00","Action":"pass","Package":"virmill.local/core/internal/ui/cli","Test":"TestNDJSONFollowTerminalFailuresAreNonzero","Elapsed":0}
{"Time":"2026-09-08T17:32:53.432615253+03:00","Action":"run","Package":"virmill.local/core/internal/ui/cli","Test":"TestNDJSONFollowOutputFailureNeverRetriesOrAppends"}
{"Time":"2026-09-08T17:32:53.432617059+03:00","Action":"output","Package":"virmill.local/core/internal/ui/cli","Test":"TestNDJSONFollowOutputFailureNeverRetriesOrAppends","Output":"=== RUN   TestNDJSONFollowOutputFailureNeverRetriesOrAppends\n","OutputType":"frame"}
{"Time":"2026-09-08T17:32:53.432637846+03:00","Action":"run","Package":"virmill.local/core/internal/ui/cli","Test":"TestNDJSONFollowOutputFailureNeverRetriesOrAppends/\u003cnil\u003e"}
{"Time":"2026-09-08T17:32:53.432639712+03:00","Action":"output","Package":"virmill.local/core/internal/ui/cli","Test":"TestNDJSONFollowOutputFailureNeverRetriesOrAppends/\u003cnil\u003e","Output":"=== RUN   TestNDJSONFollowOutputFailureNeverRetriesOrAppends/\u003cnil\u003e\n","OutputType":"frame"}
{"Time":"2026-09-08T17:32:53.433683511+03:00","Action":"output","Package":"virmill.local/core/internal/ui/cli","Test":"TestNDJSONFollowOutputFailureNeverRetriesOrAppends/\u003cnil\u003e","Output":"--- PASS: TestNDJSONFollowOutputFailureNeverRetriesOrAppends/\u003cnil\u003e (0.00s)\n","OutputType":"frame"}
{"Time":"2026-09-08T17:32:53.433706083+03:00","Action":"pass","Package":"virmill.local/core/internal/ui/cli","Test":"TestNDJSONFollowOutputFailureNeverRetriesOrAppends/\u003cnil\u003e","Elapsed":0}
{"Time":"2026-09-08T17:32:53.433728542+03:00","Action":"run","Package":"virmill.local/core/internal/ui/cli","Test":"TestNDJSONFollowOutputFailureNeverRetriesOrAppends/fixture_broken_pipe"}
{"Time":"2026-09-08T17:32:53.433731294+03:00","Action":"output","Package":"virmill.local/core/internal/ui/cli","Test":"TestNDJSONFollowOutputFailureNeverRetriesOrAppends/fixture_broken_pipe","Output":"=== RUN   TestNDJSONFollowOutputFailureNeverRetriesOrAppends/fixture_broken_pipe\n","OutputType":"frame"}
{"Time":"2026-09-08T17:32:53.43461242+03:00","Action":"output","Package":"virmill.local/core/internal/ui/cli","Test":"TestNDJSONFollowOutputFailureNeverRetriesOrAppends/fixture_broken_pipe","Output":"--- PASS: TestNDJSONFollowOutputFailureNeverRetriesOrAppends/fixture_broken_pipe (0.00s)\n","OutputType":"frame"}
{"Time":"2026-09-08T17:32:53.434623333+03:00","Action":"pass","Package":"virmill.local/core/internal/ui/cli","Test":"TestNDJSONFollowOutputFailureNeverRetriesOrAppends/fixture_broken_pipe","Elapsed":0}
{"Time":"2026-09-08T17:32:53.43464435+03:00","Action":"output","Package":"virmill.local/core/internal/ui/cli","Test":"TestNDJSONFollowOutputFailureNeverRetriesOrAppends","Output":"--- PASS: TestNDJSONFollowOutputFailureNeverRetriesOrAppends (0.00s)\n","OutputType":"frame"}
{"Time":"2026-09-08T17:32:53.434649536+03:00","Action":"pass","Package":"virmill.local/core/internal/ui/cli","Test":"TestNDJSONFollowOutputFailureNeverRetriesOrAppends","Elapsed":0}
{"Time":"2026-09-08T17:32:53.434665135+03:00","Action":"run","Package":"virmill.local/core/internal/ui/cli","Test":"TestNDJSONFollowRejectsHiddenInputsAndKeepsSnapshotCompatibility"}
{"Time":"2026-09-08T17:32:53.434667407+03:00","Action":"output","Package":"virmill.local/core/internal/ui/cli","Test":"TestNDJSONFollowRejectsHiddenInputsAndKeepsSnapshotCompatibility","Output":"=== RUN   TestNDJSONFollowRejectsHiddenInputsAndKeepsSnapshotCompatibility\n","OutputType":"frame"}
{"Time":"2026-09-08T17:32:53.43469608+03:00","Action":"run","Package":"virmill.local/core/internal/ui/cli","Test":"TestNDJSONFollowRejectsHiddenInputsAndKeepsSnapshotCompatibility/operation_watch_stream-job_--follow_--output_json"}
{"Time":"2026-09-08T17:32:53.4346994+03:00","Action":"output","Package":"virmill.local/core/internal/ui/cli","Test":"TestNDJSONFollowRejectsHiddenInputsAndKeepsSnapshotCompatibility/operation_watch_stream-job_--follow_--output_json","Output":"=== RUN   TestNDJSONFollowRejectsHiddenInputsAndKeepsSnapshotCompatibility/operation_watch_stream-job_--follow_--output_json\n","OutputType":"frame"}
{"Time":"2026-09-08T17:32:53.435143818+03:00","Action":"output","Package":"virmill.local/core/internal/ui/cli","Test":"TestNDJSONFollowRejectsHiddenInputsAndKeepsSnapshotCompatibility/operation_watch_stream-job_--follow_--output_json","Output":"--- PASS: TestNDJSONFollowRejectsHiddenInputsAndKeepsSnapshotCompatibility/operation_watch_stream-job_--follow_--output_json (0.00s)\n","OutputType":"frame"}
{"Time":"2026-09-08T17:32:53.435158702+03:00","Action":"pass","Package":"virmill.local/core/internal/ui/cli","Test":"TestNDJSONFollowRejectsHiddenInputsAndKeepsSnapshotCompatibility/operation_watch_stream-job_--follow_--output_json","Elapsed":0}
{"Time":"2026-09-08T17:32:53.435178078+03:00","Action":"run","Package":"virmill.local/core/internal/ui/cli","Test":"TestNDJSONFollowRejectsHiddenInputsAndKeepsSnapshotCompatibility/operation_watch_stream-job_--follow_--output_ndjson_--after_-1"}
{"Time":"2026-09-08T17:32:53.43518052+03:00","Action":"output","Package":"virmill.local/core/internal/ui/cli","Test":"TestNDJSONFollowRejectsHiddenInputsAndKeepsSnapshotCompatibility/operation_watch_stream-job_--follow_--output_ndjson_--after_-1","Output":"=== RUN   TestNDJSONFollowRejectsHiddenInputsAndKeepsSnapshotCompatibility/operation_watch_stream-job_--follow_--output_ndjson_--after_-1\n","OutputType":"frame"}
{"Time":"2026-09-08T17:32:53.435673019+03:00","Action":"output","Package":"virmill.local/core/internal/ui/cli","Test":"TestNDJSONFollowRejectsHiddenInputsAndKeepsSnapshotCompatibility/operation_watch_stream-job_--follow_--output_ndjson_--after_-1","Output":"--- PASS: TestNDJSONFollowRejectsHiddenInputsAndKeepsSnapshotCompatibility/operation_watch_stream-job_--follow_--output_ndjson_--after_-1 (0.00s)\n","OutputType":"frame"}
{"Time":"2026-09-08T17:32:53.43567755+03:00","Action":"pass","Package":"virmill.local/core/internal/ui/cli","Test":"TestNDJSONFollowRejectsHiddenInputsAndKeepsSnapshotCompatibility/operation_watch_stream-job_--follow_--output_ndjson_--after_-1","Elapsed":0}
{"Time":"2026-09-08T17:32:53.435709258+03:00","Action":"run","Package":"virmill.local/core/internal/ui/cli","Test":"TestNDJSONFollowRejectsHiddenInputsAndKeepsSnapshotCompatibility/operation_watch_stream-job_--follow_--output_ndjson_--input_{\"cancel\":true}"}
{"Time":"2026-09-08T17:32:53.435712132+03:00","Action":"output","Package":"virmill.local/core/internal/ui/cli","Test":"TestNDJSONFollowRejectsHiddenInputsAndKeepsSnapshotCompatibility/operation_watch_stream-job_--follow_--output_ndjson_--input_{\"cancel\":true}","Output":"=== RUN   TestNDJSONFollowRejectsHiddenInputsAndKeepsSnapshotCompatibility/operation_watch_stream-job_--follow_--output_ndjson_--input_{\"cancel\":true}\n","OutputType":"frame"}
{"Time":"2026-09-08T17:32:53.436701403+03:00","Action":"output","Package":"virmill.local/core/internal/ui/cli","Test":"TestNDJSONFollowRejectsHiddenInputsAndKeepsSnapshotCompatibility/operation_watch_stream-job_--follow_--output_ndjson_--input_{\"cancel\":true}","Output":"--- PASS: TestNDJSONFollowRejectsHiddenInputsAndKeepsSnapshotCompatibility/operation_watch_stream-job_--follow_--output_ndjson_--input_{\"cancel\":true} (0.00s)\n","OutputType":"frame"}
{"Time":"2026-09-08T17:32:53.436712004+03:00","Action":"pass","Package":"virmill.local/core/internal/ui/cli","Test":"TestNDJSONFollowRejectsHiddenInputsAndKeepsSnapshotCompatibility/operation_watch_stream-job_--follow_--output_ndjson_--input_{\"cancel\":true}","Elapsed":0}
{"Time":"2026-09-08T17:32:53.436738163+03:00","Action":"run","Package":"virmill.local/core/internal/ui/cli","Test":"TestNDJSONFollowRejectsHiddenInputsAndKeepsSnapshotCompatibility/operation_watch_bad/id_--follow_--output_ndjson"}
{"Time":"2026-09-08T17:32:53.43674157+03:00","Action":"output","Package":"virmill.local/core/internal/ui/cli","Test":"TestNDJSONFollowRejectsHiddenInputsAndKeepsSnapshotCompatibility/operation_watch_bad/id_--follow_--output_ndjson","Output":"=== RUN   TestNDJSONFollowRejectsHiddenInputsAndKeepsSnapshotCompatibility/operation_watch_bad/id_--follow_--output_ndjson\n","OutputType":"frame"}
{"Time":"2026-09-08T17:32:53.438020978+03:00","Action":"output","Package":"virmill.local/core/internal/ui/cli","Test":"TestNDJSONFollowRejectsHiddenInputsAndKeepsSnapshotCompatibility/operation_watch_bad/id_--follow_--output_ndjson","Output":"--- PASS: TestNDJSONFollowRejectsHiddenInputsAndKeepsSnapshotCompatibility/operation_watch_bad/id_--follow_--output_ndjson (0.00s)\n","OutputType":"frame"}
{"Time":"2026-09-08T17:32:53.438027211+03:00","Action":"pass","Package":"virmill.local/core/internal/ui/cli","Test":"TestNDJSONFollowRejectsHiddenInputsAndKeepsSnapshotCompatibility/operation_watch_bad/id_--follow_--output_ndjson","Elapsed":0}
{"Time":"2026-09-08T17:32:53.438032757+03:00","Action":"run","Package":"virmill.local/core/internal/ui/cli","Test":"TestNDJSONFollowRejectsHiddenInputsAndKeepsSnapshotCompatibility/snapshot-json"}
{"Time":"2026-09-08T17:32:53.438034629+03:00","Action":"output","Package":"virmill.local/core/internal/ui/cli","Test":"TestNDJSONFollowRejectsHiddenInputsAndKeepsSnapshotCompatibility/snapshot-json","Output":"=== RUN   TestNDJSONFollowRejectsHiddenInputsAndKeepsSnapshotCompatibility/snapshot-json\n","OutputType":"frame"}
{"Time":"2026-09-08T17:32:53.438713057+03:00","Action":"output","Package":"virmill.local/core/internal/ui/cli","Test":"TestNDJSONFollowRejectsHiddenInputsAndKeepsSnapshotCompatibility/snapshot-json","Output":"--- PASS: TestNDJSONFollowRejectsHiddenInputsAndKeepsSnapshotCompatibility/snapshot-json (0.00s)\n","OutputType":"frame"}
{"Time":"2026-09-08T17:32:53.438731844+03:00","Action":"pass","Package":"virmill.local/core/internal/ui/cli","Test":"TestNDJSONFollowRejectsHiddenInputsAndKeepsSnapshotCompatibility/snapshot-json","Elapsed":0}
{"Time":"2026-09-08T17:32:53.438735304+03:00","Action":"run","Package":"virmill.local/core/internal/ui/cli","Test":"TestNDJSONFollowRejectsHiddenInputsAndKeepsSnapshotCompatibility/snapshot-ndjson"}
{"Time":"2026-09-08T17:32:53.438736603+03:00","Action":"output","Package":"virmill.local/core/internal/ui/cli","Test":"TestNDJSONFollowRejectsHiddenInputsAndKeepsSnapshotCompatibility/snapshot-ndjson","Output":"=== RUN   TestNDJSONFollowRejectsHiddenInputsAndKeepsSnapshotCompatibility/snapshot-ndjson\n","OutputType":"frame"}
{"Time":"2026-09-08T17:32:53.439235868+03:00","Action":"output","Package":"virmill.local/core/internal/ui/cli","Test":"TestNDJSONFollowRejectsHiddenInputsAndKeepsSnapshotCompatibility/snapshot-ndjson","Output":"--- PASS: TestNDJSONFollowRejectsHiddenInputsAndKeepsSnapshotCompatibility/snapshot-ndjson (0.00s)\n","OutputType":"frame"}
{"Time":"2026-09-08T17:32:53.439245183+03:00","Action":"pass","Package":"virmill.local/core/internal/ui/cli","Test":"TestNDJSONFollowRejectsHiddenInputsAndKeepsSnapshotCompatibility/snapshot-ndjson","Elapsed":0}
{"Time":"2026-09-08T17:32:53.439258966+03:00","Action":"output","Package":"virmill.local/core/internal/ui/cli","Test":"TestNDJSONFollowRejectsHiddenInputsAndKeepsSnapshotCompatibility","Output":"--- PASS: TestNDJSONFollowRejectsHiddenInputsAndKeepsSnapshotCompatibility (0.00s)\n","OutputType":"frame"}
{"Time":"2026-09-08T17:32:53.439263212+03:00","Action":"pass","Package":"virmill.local/core/internal/ui/cli","Test":"TestNDJSONFollowRejectsHiddenInputsAndKeepsSnapshotCompatibility","Elapsed":0}
{"Time":"2026-09-08T17:32:53.439278867+03:00","Action":"run","Package":"virmill.local/core/internal/ui/cli","Test":"TestPlanApplyWaitNDJSONUsesOneBoundSubmissionAndSharedFollow"}
{"Time":"2026-09-08T17:32:53.439281602+03:00","Action":"output","Package":"virmill.local/core/internal/ui/cli","Test":"TestPlanApplyWaitNDJSONUsesOneBoundSubmissionAndSharedFollow","Output":"=== RUN   TestPlanApplyWaitNDJSONUsesOneBoundSubmissionAndSharedFollow\n","OutputType":"frame"}
{"Time":"2026-09-08T17:32:53.439301358+03:00","Action":"run","Package":"virmill.local/core/internal/ui/cli","Test":"TestPlanApplyWaitNDJSONUsesOneBoundSubmissionAndSharedFollow/json"}
{"Time":"2026-09-08T17:32:53.439312113+03:00","Action":"output","Package":"virmill.local/core/internal/ui/cli","Test":"TestPlanApplyWaitNDJSONUsesOneBoundSubmissionAndSharedFollow/json","Output":"=== RUN   TestPlanApplyWaitNDJSONUsesOneBoundSubmissionAndSharedFollow/json\n","OutputType":"frame"}
{"Time":"2026-09-08T17:32:53.440187045+03:00","Action":"output","Package":"virmill.local/core/internal/ui/cli","Test":"TestPlanApplyWaitNDJSONUsesOneBoundSubmissionAndSharedFollow/json","Output":"--- PASS: TestPlanApplyWaitNDJSONUsesOneBoundSubmissionAndSharedFollow/json (0.00s)\n","OutputType":"frame"}
{"Time":"2026-09-08T17:32:53.440202176+03:00","Action":"pass","Package":"virmill.local/core/internal/ui/cli","Test":"TestPlanApplyWaitNDJSONUsesOneBoundSubmissionAndSharedFollow/json","Elapsed":0}
{"Time":"2026-09-08T17:32:53.440208061+03:00","Action":"run","Package":"virmill.local/core/internal/ui/cli","Test":"TestPlanApplyWaitNDJSONUsesOneBoundSubmissionAndSharedFollow/ndjson"}
{"Time":"2026-09-08T17:32:53.440210927+03:00","Action":"output","Package":"virmill.local/core/internal/ui/cli","Test":"TestPlanApplyWaitNDJSONUsesOneBoundSubmissionAndSharedFollow/ndjson","Output":"=== RUN   TestPlanApplyWaitNDJSONUsesOneBoundSubmissionAndSharedFollow/ndjson\n","OutputType":"frame"}
{"Time":"2026-09-08T17:32:53.441560696+03:00","Action":"output","Package":"virmill.local/core/internal/ui/cli","Test":"TestPlanApplyWaitNDJSONUsesOneBoundSubmissionAndSharedFollow/ndjson","Output":"--- PASS: TestPlanApplyWaitNDJSONUsesOneBoundSubmissionAndSharedFollow/ndjson (0.00s)\n","OutputType":"frame"}
{"Time":"2026-09-08T17:32:53.441568522+03:00","Action":"pass","Package":"virmill.local/core/internal/ui/cli","Test":"TestPlanApplyWaitNDJSONUsesOneBoundSubmissionAndSharedFollow/ndjson","Elapsed":0}
{"Time":"2026-09-08T17:32:53.441597575+03:00","Action":"output","Package":"virmill.local/core/internal/ui/cli","Test":"TestPlanApplyWaitNDJSONUsesOneBoundSubmissionAndSharedFollow","Output":"--- PASS: TestPlanApplyWaitNDJSONUsesOneBoundSubmissionAndSharedFollow (0.00s)\n","OutputType":"frame"}
{"Time":"2026-09-08T17:32:53.441608988+03:00","Action":"pass","Package":"virmill.local/core/internal/ui/cli","Test":"TestPlanApplyWaitNDJSONUsesOneBoundSubmissionAndSharedFollow","Elapsed":0}
{"Time":"2026-09-08T17:32:53.441619627+03:00","Action":"run","Package":"virmill.local/core/internal/ui/cli","Test":"TestPlanApplyWaitTransportFailureDoesNotResubmit"}
{"Time":"2026-09-08T17:32:53.441621841+03:00","Action":"output","Package":"virmill.local/core/internal/ui/cli","Test":"TestPlanApplyWaitTransportFailureDoesNotResubmit","Output":"=== RUN   TestPlanApplyWaitTransportFailureDoesNotResubmit\n","OutputType":"frame"}
{"Time":"2026-09-08T17:32:53.441640742+03:00","Action":"run","Package":"virmill.local/core/internal/ui/cli","Test":"TestPlanApplyWaitTransportFailureDoesNotResubmit/false"}
{"Time":"2026-09-08T17:32:53.441643592+03:00","Action":"output","Package":"virmill.local/core/internal/ui/cli","Test":"TestPlanApplyWaitTransportFailureDoesNotResubmit/false","Output":"=== RUN   TestPlanApplyWaitTransportFailureDoesNotResubmit/false\n","OutputType":"frame"}
{"Time":"2026-09-08T17:32:53.44228509+03:00","Action":"output","Package":"virmill.local/core/internal/ui/cli","Test":"TestPlanApplyWaitTransportFailureDoesNotResubmit/false","Output":"--- PASS: TestPlanApplyWaitTransportFailureDoesNotResubmit/false (0.00s)\n","OutputType":"frame"}
{"Time":"2026-09-08T17:32:53.44229178+03:00","Action":"pass","Package":"virmill.local/core/internal/ui/cli","Test":"TestPlanApplyWaitTransportFailureDoesNotResubmit/false","Elapsed":0}
{"Time":"2026-09-08T17:32:53.442309655+03:00","Action":"run","Package":"virmill.local/core/internal/ui/cli","Test":"TestPlanApplyWaitTransportFailureDoesNotResubmit/true"}
{"Time":"2026-09-08T17:32:53.442312749+03:00","Action":"output","Package":"virmill.local/core/internal/ui/cli","Test":"TestPlanApplyWaitTransportFailureDoesNotResubmit/true","Output":"=== RUN   TestPlanApplyWaitTransportFailureDoesNotResubmit/true\n","OutputType":"frame"}
{"Time":"2026-09-08T17:32:53.444228142+03:00","Action":"output","Package":"virmill.local/core/internal/ui/cli","Test":"TestPlanApplyWaitTransportFailureDoesNotResubmit/true","Output":"--- PASS: TestPlanApplyWaitTransportFailureDoesNotResubmit/true (0.00s)\n","OutputType":"frame"}
{"Time":"2026-09-08T17:32:53.444243489+03:00","Action":"pass","Package":"virmill.local/core/internal/ui/cli","Test":"TestPlanApplyWaitTransportFailureDoesNotResubmit/true","Elapsed":0}
{"Time":"2026-09-08T17:32:53.444255427+03:00","Action":"output","Package":"virmill.local/core/internal/ui/cli","Test":"TestPlanApplyWaitTransportFailureDoesNotResubmit","Output":"--- PASS: TestPlanApplyWaitTransportFailureDoesNotResubmit (0.00s)\n","OutputType":"frame"}
{"Time":"2026-09-08T17:32:53.444260041+03:00","Action":"pass","Package":"virmill.local/core/internal/ui/cli","Test":"TestPlanApplyWaitTransportFailureDoesNotResubmit","Elapsed":0}
{"Time":"2026-09-08T17:32:53.444285327+03:00","Action":"run","Package":"virmill.local/core/internal/ui/cli","Test":"TestNDJSONFollowReadsRealSharedJournalWithoutChangingIt"}
{"Time":"2026-09-08T17:32:53.444293852+03:00","Action":"output","Package":"virmill.local/core/internal/ui/cli","Test":"TestNDJSONFollowReadsRealSharedJournalWithoutChangingIt","Output":"=== RUN   TestNDJSONFollowReadsRealSharedJournalWithoutChangingIt\n","OutputType":"frame"}
{"Time":"2026-09-08T17:32:53.44794761+03:00","Action":"output","Package":"virmill.local/core/internal/ui/cli","Test":"TestNDJSONFollowReadsRealSharedJournalWithoutChangingIt","Output":"--- PASS: TestNDJSONFollowReadsRealSharedJournalWithoutChangingIt (0.00s)\n","OutputType":"frame"}
{"Time":"2026-09-08T17:32:53.4479667+03:00","Action":"pass","Package":"virmill.local/core/internal/ui/cli","Test":"TestNDJSONFollowReadsRealSharedJournalWithoutChangingIt","Elapsed":0}
{"Time":"2026-09-08T17:32:53.447969739+03:00","Action":"run","Package":"virmill.local/core/internal/ui/cli","Test":"TestPlanApplyWaitRejectsForeignAcceptanceAndPreCanceledContext"}
{"Time":"2026-09-08T17:32:53.447971183+03:00","Action":"output","Package":"virmill.local/core/internal/ui/cli","Test":"TestPlanApplyWaitRejectsForeignAcceptanceAndPreCanceledContext","Output":"=== RUN   TestPlanApplyWaitRejectsForeignAcceptanceAndPreCanceledContext\n","OutputType":"frame"}
{"Time":"2026-09-08T17:32:53.447975021+03:00","Action":"run","Package":"virmill.local/core/internal/ui/cli","Test":"TestPlanApplyWaitRejectsForeignAcceptanceAndPreCanceledContext/foreign-plan"}
{"Time":"2026-09-08T17:32:53.447976791+03:00","Action":"output","Package":"virmill.local/core/internal/ui/cli","Test":"TestPlanApplyWaitRejectsForeignAcceptanceAndPreCanceledContext/foreign-plan","Output":"=== RUN   TestPlanApplyWaitRejectsForeignAcceptanceAndPreCanceledContext/foreign-plan\n","OutputType":"frame"}
{"Time":"2026-09-08T17:32:53.448752181+03:00","Action":"output","Package":"virmill.local/core/internal/ui/cli","Test":"TestPlanApplyWaitRejectsForeignAcceptanceAndPreCanceledContext/foreign-plan","Output":"--- PASS: TestPlanApplyWaitRejectsForeignAcceptanceAndPreCanceledContext/foreign-plan (0.00s)\n","OutputType":"frame"}
{"Time":"2026-09-08T17:32:53.448757759+03:00","Action":"pass","Package":"virmill.local/core/internal/ui/cli","Test":"TestPlanApplyWaitRejectsForeignAcceptanceAndPreCanceledContext/foreign-plan","Elapsed":0}
{"Time":"2026-09-08T17:32:53.44877461+03:00","Action":"run","Package":"virmill.local/core/internal/ui/cli","Test":"TestPlanApplyWaitRejectsForeignAcceptanceAndPreCanceledContext/pre-canceled"}
{"Time":"2026-09-08T17:32:53.448777873+03:00","Action":"output","Package":"virmill.local/core/internal/ui/cli","Test":"TestPlanApplyWaitRejectsForeignAcceptanceAndPreCanceledContext/pre-canceled","Output":"=== RUN   TestPlanApplyWaitRejectsForeignAcceptanceAndPreCanceledContext/pre-canceled\n","OutputType":"frame"}
{"Time":"2026-09-08T17:32:53.449400618+03:00","Action":"output","Package":"virmill.local/core/internal/ui/cli","Test":"TestPlanApplyWaitRejectsForeignAcceptanceAndPreCanceledContext/pre-canceled","Output":"--- PASS: TestPlanApplyWaitRejectsForeignAcceptanceAndPreCanceledContext/pre-canceled (0.00s)\n","OutputType":"frame"}
{"Time":"2026-09-08T17:32:53.449405474+03:00","Action":"pass","Package":"virmill.local/core/internal/ui/cli","Test":"TestPlanApplyWaitRejectsForeignAcceptanceAndPreCanceledContext/pre-canceled","Elapsed":0}
{"Time":"2026-09-08T17:32:53.449423415+03:00","Action":"run","Package":"virmill.local/core/internal/ui/cli","Test":"TestPlanApplyWaitRejectsForeignAcceptanceAndPreCanceledContext/canceled-error-envelope"}
{"Time":"2026-09-08T17:32:53.449425864+03:00","Action":"output","Package":"virmill.local/core/internal/ui/cli","Test":"TestPlanApplyWaitRejectsForeignAcceptanceAndPreCanceledContext/canceled-error-envelope","Output":"=== RUN   TestPlanApplyWaitRejectsForeignAcceptanceAndPreCanceledContext/canceled-error-envelope\n","OutputType":"frame"}
{"Time":"2026-09-08T17:32:53.450196351+03:00","Action":"output","Package":"virmill.local/core/internal/ui/cli","Test":"TestPlanApplyWaitRejectsForeignAcceptanceAndPreCanceledContext/canceled-error-envelope","Output":"--- PASS: TestPlanApplyWaitRejectsForeignAcceptanceAndPreCanceledContext/canceled-error-envelope (0.00s)\n","OutputType":"frame"}
{"Time":"2026-09-08T17:32:53.450211153+03:00","Action":"pass","Package":"virmill.local/core/internal/ui/cli","Test":"TestPlanApplyWaitRejectsForeignAcceptanceAndPreCanceledContext/canceled-error-envelope","Elapsed":0}
{"Time":"2026-09-08T17:32:53.450242494+03:00","Action":"output","Package":"virmill.local/core/internal/ui/cli","Test":"TestPlanApplyWaitRejectsForeignAcceptanceAndPreCanceledContext","Output":"--- PASS: TestPlanApplyWaitRejectsForeignAcceptanceAndPreCanceledContext (0.00s)\n","OutputType":"frame"}
{"Time":"2026-09-08T17:32:53.45025185+03:00","Action":"pass","Package":"virmill.local/core/internal/ui/cli","Test":"TestPlanApplyWaitRejectsForeignAcceptanceAndPreCanceledContext","Elapsed":0}
{"Time":"2026-09-08T17:32:53.450274428+03:00","Action":"run","Package":"virmill.local/core/internal/ui/cli","Test":"TestNDJSONFollowRejectsChangedImmutableJobBinding"}
{"Time":"2026-09-08T17:32:53.450278363+03:00","Action":"output","Package":"virmill.local/core/internal/ui/cli","Test":"TestNDJSONFollowRejectsChangedImmutableJobBinding","Output":"=== RUN   TestNDJSONFollowRejectsChangedImmutableJobBinding\n","OutputType":"frame"}
{"Time":"2026-09-08T17:32:53.450301981+03:00","Action":"run","Package":"virmill.local/core/internal/ui/cli","Test":"TestNDJSONFollowRejectsChangedImmutableJobBinding/plan"}
{"Time":"2026-09-08T17:32:53.450305676+03:00","Action":"output","Package":"virmill.local/core/internal/ui/cli","Test":"TestNDJSONFollowRejectsChangedImmutableJobBinding/plan","Output":"=== RUN   TestNDJSONFollowRejectsChangedImmutableJobBinding/plan\n","OutputType":"frame"}
{"Time":"2026-09-08T17:32:53.452492011+03:00","Action":"output","Package":"virmill.local/core/internal/ui/cli","Test":"TestNDJSONFollowRejectsChangedImmutableJobBinding/plan","Output":"--- PASS: TestNDJSONFollowRejectsChangedImmutableJobBinding/plan (0.00s)\n","OutputType":"frame"}
{"Time":"2026-09-08T17:32:53.452507389+03:00","Action":"pass","Package":"virmill.local/core/internal/ui/cli","Test":"TestNDJSONFollowRejectsChangedImmutableJobBinding/plan","Elapsed":0}
{"Time":"2026-09-08T17:32:53.452524124+03:00","Action":"run","Package":"virmill.local/core/internal/ui/cli","Test":"TestNDJSONFollowRejectsChangedImmutableJobBinding/created-at"}
{"Time":"2026-09-08T17:32:53.45252747+03:00","Action":"output","Package":"virmill.local/core/internal/ui/cli","Test":"TestNDJSONFollowRejectsChangedImmutableJobBinding/created-at","Output":"=== RUN   TestNDJSONFollowRejectsChangedImmutableJobBinding/created-at\n","OutputType":"frame"}
{"Time":"2026-09-08T17:32:53.453877127+03:00","Action":"output","Package":"virmill.local/core/internal/ui/cli","Test":"TestNDJSONFollowRejectsChangedImmutableJobBinding/created-at","Output":"--- PASS: TestNDJSONFollowRejectsChangedImmutableJobBinding/created-at (0.00s)\n","OutputType":"frame"}
{"Time":"2026-09-08T17:32:53.453892759+03:00","Action":"pass","Package":"virmill.local/core/internal/ui/cli","Test":"TestNDJSONFollowRejectsChangedImmutableJobBinding/created-at","Elapsed":0}
{"Time":"2026-09-08T17:32:53.453905471+03:00","Action":"run","Package":"virmill.local/core/internal/ui/cli","Test":"TestNDJSONFollowRejectsChangedImmutableJobBinding/recovery-parent"}
{"Time":"2026-09-08T17:32:53.453909483+03:00","Action":"output","Package":"virmill.local/core/internal/ui/cli","Test":"TestNDJSONFollowRejectsChangedImmutableJobBinding/recovery-parent","Output":"=== RUN   TestNDJSONFollowRejectsChangedImmutableJobBinding/recovery-parent\n","OutputType":"frame"}
{"Time":"2026-09-08T17:32:53.455359347+03:00","Action":"output","Package":"virmill.local/core/internal/ui/cli","Test":"TestNDJSONFollowRejectsChangedImmutableJobBinding/recovery-parent","Output":"--- PASS: TestNDJSONFollowRejectsChangedImmutableJobBinding/recovery-parent (0.00s)\n","OutputType":"frame"}
{"Time":"2026-09-08T17:32:53.455366897+03:00","Action":"pass","Package":"virmill.local/core/internal/ui/cli","Test":"TestNDJSONFollowRejectsChangedImmutableJobBinding/recovery-parent","Elapsed":0}
{"Time":"2026-09-08T17:32:53.455407904+03:00","Action":"output","Package":"virmill.local/core/internal/ui/cli","Test":"TestNDJSONFollowRejectsChangedImmutableJobBinding","Output":"--- PASS: TestNDJSONFollowRejectsChangedImmutableJobBinding (0.01s)\n","OutputType":"frame"}
{"Time":"2026-09-08T17:32:53.455415981+03:00","Action":"pass","Package":"virmill.local/core/internal/ui/cli","Test":"TestNDJSONFollowRejectsChangedImmutableJobBinding","Elapsed":0.01}
{"Time":"2026-09-08T17:32:53.455433468+03:00","Action":"run","Package":"virmill.local/core/internal/ui/cli","Test":"TestPlanApplyDetachedPreservesSingleResponse"}
{"Time":"2026-09-08T17:32:53.455437585+03:00","Action":"output","Package":"virmill.local/core/internal/ui/cli","Test":"TestPlanApplyDetachedPreservesSingleResponse","Output":"=== RUN   TestPlanApplyDetachedPreservesSingleResponse\n","OutputType":"frame"}
{"Time":"2026-09-08T17:32:53.455460025+03:00","Action":"run","Package":"virmill.local/core/internal/ui/cli","Test":"TestPlanApplyDetachedPreservesSingleResponse/json"}
{"Time":"2026-09-08T17:32:53.455463537+03:00","Action":"output","Package":"virmill.local/core/internal/ui/cli","Test":"TestPlanApplyDetachedPreservesSingleResponse/json","Output":"=== RUN   TestPlanApplyDetachedPreservesSingleResponse/json\n","OutputType":"frame"}
{"Time":"2026-09-08T17:32:53.456122725+03:00","Action":"output","Package":"virmill.local/core/internal/ui/cli","Test":"TestPlanApplyDetachedPreservesSingleResponse/json","Output":"--- PASS: TestPlanApplyDetachedPreservesSingleResponse/json (0.00s)\n","OutputType":"frame"}
{"Time":"2026-09-08T17:32:53.456153403+03:00","Action":"pass","Package":"virmill.local/core/internal/ui/cli","Test":"TestPlanApplyDetachedPreservesSingleResponse/json","Elapsed":0}
{"Time":"2026-09-08T17:32:53.456162296+03:00","Action":"run","Package":"virmill.local/core/internal/ui/cli","Test":"TestPlanApplyDetachedPreservesSingleResponse/ndjson"}
{"Time":"2026-09-08T17:32:53.456164287+03:00","Action":"output","Package":"virmill.local/core/internal/ui/cli","Test":"TestPlanApplyDetachedPreservesSingleResponse/ndjson","Output":"=== RUN   TestPlanApplyDetachedPreservesSingleResponse/ndjson\n","OutputType":"frame"}
{"Time":"2026-09-08T17:32:53.456709273+03:00","Action":"output","Package":"virmill.local/core/internal/ui/cli","Test":"TestPlanApplyDetachedPreservesSingleResponse/ndjson","Output":"--- PASS: TestPlanApplyDetachedPreservesSingleResponse/ndjson (0.00s)\n","OutputType":"frame"}
{"Time":"2026-09-08T17:32:53.456720768+03:00","Action":"pass","Package":"virmill.local/core/internal/ui/cli","Test":"TestPlanApplyDetachedPreservesSingleResponse/ndjson","Elapsed":0}
{"Time":"2026-09-08T17:32:53.456747245+03:00","Action":"output","Package":"virmill.local/core/internal/ui/cli","Test":"TestPlanApplyDetachedPreservesSingleResponse","Output":"--- PASS: TestPlanApplyDetachedPreservesSingleResponse (0.00s)\n","OutputType":"frame"}
{"Time":"2026-09-08T17:32:53.456755539+03:00","Action":"pass","Package":"virmill.local/core/internal/ui/cli","Test":"TestPlanApplyDetachedPreservesSingleResponse","Elapsed":0}
{"Time":"2026-09-08T17:32:53.456765603+03:00","Action":"run","Package":"virmill.local/core/internal/ui/cli","Test":"TestNDJSONFollowStoredPartialErrorsRetainCauseAndExitSix"}
{"Time":"2026-09-08T17:32:53.456767931+03:00","Action":"output","Package":"virmill.local/core/internal/ui/cli","Test":"TestNDJSONFollowStoredPartialErrorsRetainCauseAndExitSix","Output":"=== RUN   TestNDJSONFollowStoredPartialErrorsRetainCauseAndExitSix\n","OutputType":"frame"}
{"Time":"2026-09-08T17:32:53.456794548+03:00","Action":"run","Package":"virmill.local/core/internal/ui/cli","Test":"TestNDJSONFollowStoredPartialErrorsRetainCauseAndExitSix/partial"}
{"Time":"2026-09-08T17:32:53.456797095+03:00","Action":"output","Package":"virmill.local/core/internal/ui/cli","Test":"TestNDJSONFollowStoredPartialErrorsRetainCauseAndExitSix/partial","Output":"=== RUN   TestNDJSONFollowStoredPartialErrorsRetainCauseAndExitSix/partial\n","OutputType":"frame"}
{"Time":"2026-09-08T17:32:53.461628514+03:00","Action":"output","Package":"virmill.local/core/internal/ui/cli","Test":"TestNDJSONFollowStoredPartialErrorsRetainCauseAndExitSix/partial","Output":"--- PASS: TestNDJSONFollowStoredPartialErrorsRetainCauseAndExitSix/partial (0.00s)\n","OutputType":"frame"}
{"Time":"2026-09-08T17:32:53.461638824+03:00","Action":"pass","Package":"virmill.local/core/internal/ui/cli","Test":"TestNDJSONFollowStoredPartialErrorsRetainCauseAndExitSix/partial","Elapsed":0}
{"Time":"2026-09-08T17:32:53.461642177+03:00","Action":"run","Package":"virmill.local/core/internal/ui/cli","Test":"TestNDJSONFollowStoredPartialErrorsRetainCauseAndExitSix/recovery-required"}
{"Time":"2026-09-08T17:32:53.461643871+03:00","Action":"output","Package":"virmill.local/core/internal/ui/cli","Test":"TestNDJSONFollowStoredPartialErrorsRetainCauseAndExitSix/recovery-required","Output":"=== RUN   TestNDJSONFollowStoredPartialErrorsRetainCauseAndExitSix/recovery-required\n","OutputType":"frame"}
{"Time":"2026-09-08T17:32:53.465000681+03:00","Action":"output","Package":"virmill.local/core/internal/ui/cli","Test":"TestNDJSONFollowStoredPartialErrorsRetainCauseAndExitSix/recovery-required","Output":"--- PASS: TestNDJSONFollowStoredPartialErrorsRetainCauseAndExitSix/recovery-required (0.00s)\n","OutputType":"frame"}
{"Time":"2026-09-08T17:32:53.465009498+03:00","Action":"pass","Package":"virmill.local/core/internal/ui/cli","Test":"TestNDJSONFollowStoredPartialErrorsRetainCauseAndExitSix/recovery-required","Elapsed":0}
{"Time":"2026-09-08T17:32:53.465037751+03:00","Action":"output","Package":"virmill.local/core/internal/ui/cli","Test":"TestNDJSONFollowStoredPartialErrorsRetainCauseAndExitSix","Output":"--- PASS: TestNDJSONFollowStoredPartialErrorsRetainCauseAndExitSix (0.01s)\n","OutputType":"frame"}
{"Time":"2026-09-08T17:32:53.465041539+03:00","Action":"pass","Package":"virmill.local/core/internal/ui/cli","Test":"TestNDJSONFollowStoredPartialErrorsRetainCauseAndExitSix","Elapsed":0.01}
{"Time":"2026-09-08T17:32:53.465058245+03:00","Action":"run","Package":"virmill.local/core/internal/ui/cli","Test":"TestGuestReadinessCLIExactObservationAndNoApplicationClaim"}
{"Time":"2026-09-08T17:32:53.465060269+03:00","Action":"output","Package":"virmill.local/core/internal/ui/cli","Test":"TestGuestReadinessCLIExactObservationAndNoApplicationClaim","Output":"=== RUN   TestGuestReadinessCLIExactObservationAndNoApplicationClaim\n","OutputType":"frame"}
{"Time":"2026-09-08T17:32:53.465082381+03:00","Action":"run","Package":"virmill.local/core/internal/ui/cli","Test":"TestGuestReadinessCLIExactObservationAndNoApplicationClaim/qemu:///session/responsive"}
{"Time":"2026-09-08T17:32:53.465085411+03:00","Action":"output","Package":"virmill.local/core/internal/ui/cli","Test":"TestGuestReadinessCLIExactObservationAndNoApplicationClaim/qemu:///session/responsive","Output":"=== RUN   TestGuestReadinessCLIExactObservationAndNoApplicationClaim/qemu:///session/responsive\n","OutputType":"frame"}
{"Time":"2026-09-08T17:32:53.466182863+03:00","Action":"output","Package":"virmill.local/core/internal/ui/cli","Test":"TestGuestReadinessCLIExactObservationAndNoApplicationClaim/qemu:///session/responsive","Output":"--- PASS: TestGuestReadinessCLIExactObservationAndNoApplicationClaim/qemu:///session/responsive (0.00s)\n","OutputType":"frame"}
{"Time":"2026-09-08T17:32:53.46618888+03:00","Action":"pass","Package":"virmill.local/core/internal/ui/cli","Test":"TestGuestReadinessCLIExactObservationAndNoApplicationClaim/qemu:///session/responsive","Elapsed":0}
{"Time":"2026-09-08T17:32:53.466201988+03:00","Action":"run","Package":"virmill.local/core/internal/ui/cli","Test":"TestGuestReadinessCLIExactObservationAndNoApplicationClaim/qemu:///session/unresponsive"}
{"Time":"2026-09-08T17:32:53.466204249+03:00","Action":"output","Package":"virmill.local/core/internal/ui/cli","Test":"TestGuestReadinessCLIExactObservationAndNoApplicationClaim/qemu:///session/unresponsive","Output":"=== RUN   TestGuestReadinessCLIExactObservationAndNoApplicationClaim/qemu:///session/unresponsive\n","OutputType":"frame"}
{"Time":"2026-09-08T17:32:53.467897464+03:00","Action":"output","Package":"virmill.local/core/internal/ui/cli","Test":"TestGuestReadinessCLIExactObservationAndNoApplicationClaim/qemu:///session/unresponsive","Output":"--- PASS: TestGuestReadinessCLIExactObservationAndNoApplicationClaim/qemu:///session/unresponsive (0.00s)\n","OutputType":"frame"}
{"Time":"2026-09-08T17:32:53.467913392+03:00","Action":"pass","Package":"virmill.local/core/internal/ui/cli","Test":"TestGuestReadinessCLIExactObservationAndNoApplicationClaim/qemu:///session/unresponsive","Elapsed":0}
{"Time":"2026-09-08T17:32:53.46791619+03:00","Action":"run","Package":"virmill.local/core/internal/ui/cli","Test":"TestGuestReadinessCLIExactObservationAndNoApplicationClaim/qemu:///session/disconnected"}
{"Time":"2026-09-08T17:32:53.467917864+03:00","Action":"output","Package":"virmill.local/core/internal/ui/cli","Test":"TestGuestReadinessCLIExactObservationAndNoApplicationClaim/qemu:///session/disconnected","Output":"=== RUN   TestGuestReadinessCLIExactObservationAndNoApplicationClaim/qemu:///session/disconnected\n","OutputType":"frame"}
{"Time":"2026-09-08T17:32:53.469001047+03:00","Action":"output","Package":"virmill.local/core/internal/ui/cli","Test":"TestGuestReadinessCLIExactObservationAndNoApplicationClaim/qemu:///session/disconnected","Output":"--- PASS: TestGuestReadinessCLIExactObservationAndNoApplicationClaim/qemu:///session/disconnected (0.00s)\n","OutputType":"frame"}
{"Time":"2026-09-08T17:32:53.469006434+03:00","Action":"pass","Package":"virmill.local/core/internal/ui/cli","Test":"TestGuestReadinessCLIExactObservationAndNoApplicationClaim/qemu:///session/disconnected","Elapsed":0}
{"Time":"2026-09-08T17:32:53.46902465+03:00","Action":"run","Package":"virmill.local/core/internal/ui/cli","Test":"TestGuestReadinessCLIExactObservationAndNoApplicationClaim/qemu:///session/absent"}
{"Time":"2026-09-08T17:32:53.469026842+03:00","Action":"output","Package":"virmill.local/core/internal/ui/cli","Test":"TestGuestReadinessCLIExactObservationAndNoApplicationClaim/qemu:///session/absent","Output":"=== RUN   TestGuestReadinessCLIExactObservationAndNoApplicationClaim/qemu:///session/absent\n","OutputType":"frame"}
{"Time":"2026-09-08T17:32:53.470117477+03:00","Action":"output","Package":"virmill.local/core/internal/ui/cli","Test":"TestGuestReadinessCLIExactObservationAndNoApplicationClaim/qemu:///session/absent","Output":"--- PASS: TestGuestReadinessCLIExactObservationAndNoApplicationClaim/qemu:///session/absent (0.00s)\n","OutputType":"frame"}
{"Time":"2026-09-08T17:32:53.470131896+03:00","Action":"pass","Package":"virmill.local/core/internal/ui/cli","Test":"TestGuestReadinessCLIExactObservationAndNoApplicationClaim/qemu:///session/absent","Elapsed":0}
{"Time":"2026-09-08T17:32:53.470134921+03:00","Action":"run","Package":"virmill.local/core/internal/ui/cli","Test":"TestGuestReadinessCLIExactObservationAndNoApplicationClaim/qemu:///session/unknown"}
{"Time":"2026-09-08T17:32:53.470136449+03:00","Action":"output","Package":"virmill.local/core/internal/ui/cli","Test":"TestGuestReadinessCLIExactObservationAndNoApplicationClaim/qemu:///session/unknown","Output":"=== RUN   TestGuestReadinessCLIExactObservationAndNoApplicationClaim/qemu:///session/unknown\n","OutputType":"frame"}
{"Time":"2026-09-08T17:32:53.471211861+03:00","Action":"output","Package":"virmill.local/core/internal/ui/cli","Test":"TestGuestReadinessCLIExactObservationAndNoApplicationClaim/qemu:///session/unknown","Output":"--- PASS: TestGuestReadinessCLIExactObservationAndNoApplicationClaim/qemu:///session/unknown (0.00s)\n","OutputType":"frame"}
{"Time":"2026-09-08T17:32:53.471223698+03:00","Action":"pass","Package":"virmill.local/core/internal/ui/cli","Test":"TestGuestReadinessCLIExactObservationAndNoApplicationClaim/qemu:///session/unknown","Elapsed":0}
{"Time":"2026-09-08T17:32:53.471237307+03:00","Action":"run","Package":"virmill.local/core/internal/ui/cli","Test":"TestGuestReadinessCLIExactObservationAndNoApplicationClaim/qemu:///system/responsive"}
{"Time":"2026-09-08T17:32:53.471238979+03:00","Action":"output","Package":"virmill.local/core/internal/ui/cli","Test":"TestGuestReadinessCLIExactObservationAndNoApplicationClaim/qemu:///system/responsive","Output":"=== RUN   TestGuestReadinessCLIExactObservationAndNoApplicationClaim/qemu:///system/responsive\n","OutputType":"frame"}
{"Time":"2026-09-08T17:32:53.472924996+03:00","Action":"output","Package":"virmill.local/core/internal/ui/cli","Test":"TestGuestReadinessCLIExactObservationAndNoApplicationClaim/qemu:///system/responsive","Output":"--- PASS: TestGuestReadinessCLIExactObservationAndNoApplicationClaim/qemu:///system/responsive (0.00s)\n","OutputType":"frame"}
{"Time":"2026-09-08T17:32:53.472940613+03:00","Action":"pass","Package":"virmill.local/core/internal/ui/cli","Test":"TestGuestReadinessCLIExactObservationAndNoApplicationClaim/qemu:///system/responsive","Elapsed":0}
{"Time":"2026-09-08T17:32:53.472943646+03:00","Action":"run","Package":"virmill.local/core/internal/ui/cli","Test":"TestGuestReadinessCLIExactObservationAndNoApplicationClaim/qemu:///system/unresponsive"}
{"Time":"2026-09-08T17:32:53.472947869+03:00","Action":"output","Package":"virmill.local/core/internal/ui/cli","Test":"TestGuestReadinessCLIExactObservationAndNoApplicationClaim/qemu:///system/unresponsive","Output":"=== RUN   TestGuestReadinessCLIExactObservationAndNoApplicationClaim/qemu:///system/unresponsive\n","OutputType":"frame"}
{"Time":"2026-09-08T17:32:53.473972407+03:00","Action":"output","Package":"virmill.local/core/internal/ui/cli","Test":"TestGuestReadinessCLIExactObservationAndNoApplicationClaim/qemu:///system/unresponsive","Output":"--- PASS: TestGuestReadinessCLIExactObservationAndNoApplicationClaim/qemu:///system/unresponsive (0.00s)\n","OutputType":"frame"}
{"Time":"2026-09-08T17:32:53.473981409+03:00","Action":"pass","Package":"virmill.local/core/internal/ui/cli","Test":"TestGuestReadinessCLIExactObservationAndNoApplicationClaim/qemu:///system/unresponsive","Elapsed":0}
{"Time":"2026-09-08T17:32:53.473997328+03:00","Action":"run","Package":"virmill.local/core/internal/ui/cli","Test":"TestGuestReadinessCLIExactObservationAndNoApplicationClaim/qemu:///system/disconnected"}
{"Time":"2026-09-08T17:32:53.473999929+03:00","Action":"output","Package":"virmill.local/core/internal/ui/cli","Test":"TestGuestReadinessCLIExactObservationAndNoApplicationClaim/qemu:///system/disconnected","Output":"=== RUN   TestGuestReadinessCLIExactObservationAndNoApplicationClaim/qemu:///system/disconnected\n","OutputType":"frame"}
{"Time":"2026-09-08T17:32:53.474994308+03:00","Action":"output","Package":"virmill.local/core/internal/ui/cli","Test":"TestGuestReadinessCLIExactObservationAndNoApplicationClaim/qemu:///system/disconnected","Output":"--- PASS: TestGuestReadinessCLIExactObservationAndNoApplicationClaim/qemu:///system/disconnected (0.00s)\n","OutputType":"frame"}
{"Time":"2026-09-08T17:32:53.475007369+03:00","Action":"pass","Package":"virmill.local/core/internal/ui/cli","Test":"TestGuestReadinessCLIExactObservationAndNoApplicationClaim/qemu:///system/disconnected","Elapsed":0}
{"Time":"2026-09-08T17:32:53.47501729+03:00","Action":"run","Package":"virmill.local/core/internal/ui/cli","Test":"TestGuestReadinessCLIExactObservationAndNoApplicationClaim/qemu:///system/absent"}
{"Time":"2026-09-08T17:32:53.475019964+03:00","Action":"output","Package":"virmill.local/core/internal/ui/cli","Test":"TestGuestReadinessCLIExactObservationAndNoApplicationClaim/qemu:///system/absent","Output":"=== RUN   TestGuestReadinessCLIExactObservationAndNoApplicationClaim/qemu:///system/absent\n","OutputType":"frame"}
{"Time":"2026-09-08T17:32:53.477205728+03:00","Action":"output","Package":"virmill.local/core/internal/ui/cli","Test":"TestGuestReadinessCLIExactObservationAndNoApplicationClaim/qemu:///system/absent","Output":"--- PASS: TestGuestReadinessCLIExactObservationAndNoApplicationClaim/qemu:///system/absent (0.00s)\n","OutputType":"frame"}
{"Time":"2026-09-08T17:32:53.477217384+03:00","Action":"pass","Package":"virmill.local/core/internal/ui/cli","Test":"TestGuestReadinessCLIExactObservationAndNoApplicationClaim/qemu:///system/absent","Elapsed":0}
{"Time":"2026-09-08T17:32:53.477230604+03:00","Action":"run","Package":"virmill.local/core/internal/ui/cli","Test":"TestGuestReadinessCLIExactObservationAndNoApplicationClaim/qemu:///system/unknown"}
{"Time":"2026-09-08T17:32:53.477233518+03:00","Action":"output","Package":"virmill.local/core/internal/ui/cli","Test":"TestGuestReadinessCLIExactObservationAndNoApplicationClaim/qemu:///system/unknown","Output":"=== RUN   TestGuestReadinessCLIExactObservationAndNoApplicationClaim/qemu:///system/unknown\n","OutputType":"frame"}
{"Time":"2026-09-08T17:32:53.478460062+03:00","Action":"output","Package":"virmill.local/core/internal/ui/cli","Test":"TestGuestReadinessCLIExactObservationAndNoApplicationClaim/qemu:///system/unknown","Output":"--- PASS: TestGuestReadinessCLIExactObservationAndNoApplicationClaim/qemu:///system/unknown (0.00s)\n","OutputType":"frame"}
{"Time":"2026-09-08T17:32:53.478470923+03:00","Action":"pass","Package":"virmill.local/core/internal/ui/cli","Test":"TestGuestReadinessCLIExactObservationAndNoApplicationClaim/qemu:///system/unknown","Elapsed":0}
{"Time":"2026-09-08T17:32:53.478500956+03:00","Action":"output","Package":"virmill.local/core/internal/ui/cli","Test":"TestGuestReadinessCLIExactObservationAndNoApplicationClaim","Output":"--- PASS: TestGuestReadinessCLIExactObservationAndNoApplicationClaim (0.01s)\n","OutputType":"frame"}
{"Time":"2026-09-08T17:32:53.478510964+03:00","Action":"pass","Package":"virmill.local/core/internal/ui/cli","Test":"TestGuestReadinessCLIExactObservationAndNoApplicationClaim","Elapsed":0.01}
{"Time":"2026-09-08T17:32:53.478530031+03:00","Action":"run","Package":"virmill.local/core/internal/ui/cli","Test":"TestGuestReadinessCLIErrorsHaveNoObservationOrAuthority"}
{"Time":"2026-09-08T17:32:53.478532859+03:00","Action":"output","Package":"virmill.local/core/internal/ui/cli","Test":"TestGuestReadinessCLIErrorsHaveNoObservationOrAuthority","Output":"=== RUN   TestGuestReadinessCLIErrorsHaveNoObservationOrAuthority\n","OutputType":"frame"}
{"Time":"2026-09-08T17:32:53.478555276+03:00","Action":"run","Package":"virmill.local/core/internal/ui/cli","Test":"TestGuestReadinessCLIErrorsHaveNoObservationOrAuthority/native"}
{"Time":"2026-09-08T17:32:53.478561767+03:00","Action":"output","Package":"virmill.local/core/internal/ui/cli","Test":"TestGuestReadinessCLIErrorsHaveNoObservationOrAuthority/native","Output":"=== RUN   TestGuestReadinessCLIErrorsHaveNoObservationOrAuthority/native\n","OutputType":"frame"}
{"Time":"2026-09-08T17:32:53.479406481+03:00","Action":"output","Package":"virmill.local/core/internal/ui/cli","Test":"TestGuestReadinessCLIErrorsHaveNoObservationOrAuthority/native","Output":"--- PASS: TestGuestReadinessCLIErrorsHaveNoObservationOrAuthority/native (0.00s)\n","OutputType":"frame"}
{"Time":"2026-09-08T17:32:53.479417441+03:00","Action":"pass","Package":"virmill.local/core/internal/ui/cli","Test":"TestGuestReadinessCLIErrorsHaveNoObservationOrAuthority/native","Elapsed":0}
{"Time":"2026-09-08T17:32:53.479427725+03:00","Action":"run","Package":"virmill.local/core/internal/ui/cli","Test":"TestGuestReadinessCLIErrorsHaveNoObservationOrAuthority/canceled"}
{"Time":"2026-09-08T17:32:53.479431235+03:00","Action":"output","Package":"virmill.local/core/internal/ui/cli","Test":"TestGuestReadinessCLIErrorsHaveNoObservationOrAuthority/canceled","Output":"=== RUN   TestGuestReadinessCLIErrorsHaveNoObservationOrAuthority/canceled\n","OutputType":"frame"}
{"Time":"2026-09-08T17:32:53.480207581+03:00","Action":"output","Package":"virmill.local/core/internal/ui/cli","Test":"TestGuestReadinessCLIErrorsHaveNoObservationOrAuthority/canceled","Output":"--- PASS: TestGuestReadinessCLIErrorsHaveNoObservationOrAuthority/canceled (0.00s)\n","OutputType":"frame"}
{"Time":"2026-09-08T17:32:53.4802178+03:00","Action":"pass","Package":"virmill.local/core/internal/ui/cli","Test":"TestGuestReadinessCLIErrorsHaveNoObservationOrAuthority/canceled","Elapsed":0}
{"Time":"2026-09-08T17:32:53.480233346+03:00","Action":"run","Package":"virmill.local/core/internal/ui/cli","Test":"TestGuestReadinessCLIErrorsHaveNoObservationOrAuthority/transport"}
{"Time":"2026-09-08T17:32:53.480237723+03:00","Action":"output","Package":"virmill.local/core/internal/ui/cli","Test":"TestGuestReadinessCLIErrorsHaveNoObservationOrAuthority/transport","Output":"=== RUN   TestGuestReadinessCLIErrorsHaveNoObservationOrAuthority/transport\n","OutputType":"frame"}
{"Time":"2026-09-08T17:32:53.480795348+03:00","Action":"output","Package":"virmill.local/core/internal/ui/cli","Test":"TestGuestReadinessCLIErrorsHaveNoObservationOrAuthority/transport","Output":"--- PASS: TestGuestReadinessCLIErrorsHaveNoObservationOrAuthority/transport (0.00s)\n","OutputType":"frame"}
{"Time":"2026-09-08T17:32:53.4808058+03:00","Action":"pass","Package":"virmill.local/core/internal/ui/cli","Test":"TestGuestReadinessCLIErrorsHaveNoObservationOrAuthority/transport","Elapsed":0}
{"Time":"2026-09-08T17:32:53.48083878+03:00","Action":"output","Package":"virmill.local/core/internal/ui/cli","Test":"TestGuestReadinessCLIErrorsHaveNoObservationOrAuthority","Output":"--- PASS: TestGuestReadinessCLIErrorsHaveNoObservationOrAuthority (0.00s)\n","OutputType":"frame"}
{"Time":"2026-09-08T17:32:53.480852243+03:00","Action":"pass","Package":"virmill.local/core/internal/ui/cli","Test":"TestGuestReadinessCLIErrorsHaveNoObservationOrAuthority","Elapsed":0}
{"Time":"2026-09-08T17:32:53.480867435+03:00","Action":"run","Package":"virmill.local/core/internal/ui/cli","Test":"TestGuestRecipeCLIReviewedPlanAndLiteralInput"}
{"Time":"2026-09-08T17:32:53.480871087+03:00","Action":"output","Package":"virmill.local/core/internal/ui/cli","Test":"TestGuestRecipeCLIReviewedPlanAndLiteralInput","Output":"=== RUN   TestGuestRecipeCLIReviewedPlanAndLiteralInput\n","OutputType":"frame"}
{"Time":"2026-09-08T17:32:53.482210971+03:00","Action":"run","Package":"virmill.local/core/internal/ui/cli","Test":"TestGuestRecipeCLIReviewedPlanAndLiteralInput/json/default-plan"}
{"Time":"2026-09-08T17:32:53.482218188+03:00","Action":"output","Package":"virmill.local/core/internal/ui/cli","Test":"TestGuestRecipeCLIReviewedPlanAndLiteralInput/json/default-plan","Output":"=== RUN   TestGuestRecipeCLIReviewedPlanAndLiteralInput/json/default-plan\n","OutputType":"frame"}
{"Time":"2026-09-08T17:32:53.483073322+03:00","Action":"output","Package":"virmill.local/core/internal/ui/tui","Test":"TestGuestRecipeTUIExactFormReviewedPlanAndCancel/qemu:///session","Output":"--- PASS: TestGuestRecipeTUIExactFormReviewedPlanAndCancel/qemu:///session (0.18s)\n","OutputType":"frame"}
{"Time":"2026-09-08T17:32:53.483098235+03:00","Action":"pass","Package":"virmill.local/core/internal/ui/tui","Test":"TestGuestRecipeTUIExactFormReviewedPlanAndCancel/qemu:///session","Elapsed":0.18}
{"Time":"2026-09-08T17:32:53.483120357+03:00","Action":"output","Package":"virmill.local/core/internal/ui/tui","Test":"TestGuestRecipeTUIExactFormReviewedPlanAndCancel","Output":"--- PASS: TestGuestRecipeTUIExactFormReviewedPlanAndCancel (0.36s)\n","OutputType":"frame"}
{"Time":"2026-09-08T17:32:53.483141875+03:00","Action":"pass","Package":"virmill.local/core/internal/ui/tui","Test":"TestGuestRecipeTUIExactFormReviewedPlanAndCancel","Elapsed":0.36}
{"Time":"2026-09-08T17:32:53.483166411+03:00","Action":"run","Package":"virmill.local/core/internal/ui/tui","Test":"TestGuestRecipeTUIMalformedFormNeverDispatches"}
{"Time":"2026-09-08T17:32:53.483169862+03:00","Action":"output","Package":"virmill.local/core/internal/ui/tui","Test":"TestGuestRecipeTUIMalformedFormNeverDispatches","Output":"=== RUN   TestGuestRecipeTUIMalformedFormNeverDispatches\n","OutputType":"frame"}
{"Time":"2026-09-08T17:32:53.483199728+03:00","Action":"run","Package":"virmill.local/core/internal/ui/tui","Test":"TestGuestRecipeTUIMalformedFormNeverDispatches/not-json"}
{"Time":"2026-09-08T17:32:53.48320325+03:00","Action":"output","Package":"virmill.local/core/internal/ui/tui","Test":"TestGuestRecipeTUIMalformedFormNeverDispatches/not-json","Output":"=== RUN   TestGuestRecipeTUIMalformedFormNeverDispatches/not-json\n","OutputType":"frame"}
{"Time":"2026-09-08T17:32:53.484053589+03:00","Action":"output","Package":"virmill.local/core/internal/ui/cli","Test":"TestGuestRecipeCLIReviewedPlanAndLiteralInput/json/default-plan","Output":"--- PASS: TestGuestRecipeCLIReviewedPlanAndLiteralInput/json/default-plan (0.00s)\n","OutputType":"frame"}
{"Time":"2026-09-08T17:32:53.484062589+03:00","Action":"pass","Package":"virmill.local/core/internal/ui/cli","Test":"TestGuestRecipeCLIReviewedPlanAndLiteralInput/json/default-plan","Elapsed":0}
{"Time":"2026-09-08T17:32:53.484086299+03:00","Action":"run","Package":"virmill.local/core/internal/ui/cli","Test":"TestGuestRecipeCLIReviewedPlanAndLiteralInput/json/explicit-plan"}
{"Time":"2026-09-08T17:32:53.484090137+03:00","Action":"output","Package":"virmill.local/core/internal/ui/cli","Test":"TestGuestRecipeCLIReviewedPlanAndLiteralInput/json/explicit-plan","Output":"=== RUN   TestGuestRecipeCLIReviewedPlanAndLiteralInput/json/explicit-plan\n","OutputType":"frame"}
{"Time":"2026-09-08T17:32:53.486041645+03:00","Action":"output","Package":"virmill.local/core/internal/ui/tui","Test":"TestGuestRecipeTUIMalformedFormNeverDispatches/not-json","Output":"--- PASS: TestGuestRecipeTUIMalformedFormNeverDispatches/not-json (0.00s)\n","OutputType":"frame"}
{"Time":"2026-09-08T17:32:53.486053641+03:00","Action":"pass","Package":"virmill.local/core/internal/ui/tui","Test":"TestGuestRecipeTUIMalformedFormNeverDispatches/not-json","Elapsed":0}
{"Time":"2026-09-08T17:32:53.486069994+03:00","Action":"run","Package":"virmill.local/core/internal/ui/tui","Test":"TestGuestRecipeTUIMalformedFormNeverDispatches/[]"}
{"Time":"2026-09-08T17:32:53.486072144+03:00","Action":"output","Package":"virmill.local/core/internal/ui/tui","Test":"TestGuestRecipeTUIMalformedFormNeverDispatches/[]","Output":"=== RUN   TestGuestRecipeTUIMalformedFormNeverDispatches/[]\n","OutputType":"frame"}
{"Time":"2026-09-08T17:32:53.48643586+03:00","Action":"output","Package":"virmill.local/core/internal/ui/cli","Test":"TestGuestRecipeCLIReviewedPlanAndLiteralInput/json/explicit-plan","Output":"--- PASS: TestGuestRecipeCLIReviewedPlanAndLiteralInput/json/explicit-plan (0.00s)\n","OutputType":"frame"}
{"Time":"2026-09-08T17:32:53.486449082+03:00","Action":"pass","Package":"virmill.local/core/internal/ui/cli","Test":"TestGuestRecipeCLIReviewedPlanAndLiteralInput/json/explicit-plan","Elapsed":0}
{"Time":"2026-09-08T17:32:53.486470249+03:00","Action":"run","Package":"virmill.local/core/internal/ui/cli","Test":"TestGuestRecipeCLIReviewedPlanAndLiteralInput/ndjson/default-plan"}
{"Time":"2026-09-08T17:32:53.48647342+03:00","Action":"output","Package":"virmill.local/core/internal/ui/cli","Test":"TestGuestRecipeCLIReviewedPlanAndLiteralInput/ndjson/default-plan","Output":"=== RUN   TestGuestRecipeCLIReviewedPlanAndLiteralInput/ndjson/default-plan\n","OutputType":"frame"}
{"Time":"2026-09-08T17:32:53.487670976+03:00","Action":"output","Package":"virmill.local/core/internal/ui/tui","Test":"TestGuestRecipeTUIMalformedFormNeverDispatches/[]","Output":"--- PASS: TestGuestRecipeTUIMalformedFormNeverDispatches/[] (0.00s)\n","OutputType":"frame"}
{"Time":"2026-09-08T17:32:53.487687439+03:00","Action":"pass","Package":"virmill.local/core/internal/ui/tui","Test":"TestGuestRecipeTUIMalformedFormNeverDispatches/[]","Elapsed":0}
{"Time":"2026-09-08T17:32:53.487714745+03:00","Action":"run","Package":"virmill.local/core/internal/ui/tui","Test":"TestGuestRecipeTUIMalformedFormNeverDispatches/{}_{}"}
{"Time":"2026-09-08T17:32:53.487724408+03:00","Action":"output","Package":"virmill.local/core/internal/ui/tui","Test":"TestGuestRecipeTUIMalformedFormNeverDispatches/{}_{}","Output":"=== RUN   TestGuestRecipeTUIMalformedFormNeverDispatches/{}_{}\n","OutputType":"frame"}
{"Time":"2026-09-08T17:32:53.488296235+03:00","Action":"output","Package":"virmill.local/core/internal/ui/cli","Test":"TestGuestRecipeCLIReviewedPlanAndLiteralInput/ndjson/default-plan","Output":"--- PASS: TestGuestRecipeCLIReviewedPlanAndLiteralInput/ndjson/default-plan (0.00s)\n","OutputType":"frame"}
{"Time":"2026-09-08T17:32:53.488310497+03:00","Action":"pass","Package":"virmill.local/core/internal/ui/cli","Test":"TestGuestRecipeCLIReviewedPlanAndLiteralInput/ndjson/default-plan","Elapsed":0}
{"Time":"2026-09-08T17:32:53.488336582+03:00","Action":"run","Package":"virmill.local/core/internal/ui/cli","Test":"TestGuestRecipeCLIReviewedPlanAndLiteralInput/ndjson/explicit-plan"}
{"Time":"2026-09-08T17:32:53.488339199+03:00","Action":"output","Package":"virmill.local/core/internal/ui/cli","Test":"TestGuestRecipeCLIReviewedPlanAndLiteralInput/ndjson/explicit-plan","Output":"=== RUN   TestGuestRecipeCLIReviewedPlanAndLiteralInput/ndjson/explicit-plan\n","OutputType":"frame"}
{"Time":"2026-09-08T17:32:53.48985563+03:00","Action":"output","Package":"virmill.local/core/internal/ui/tui","Test":"TestGuestRecipeTUIMalformedFormNeverDispatches/{}_{}","Output":"--- PASS: TestGuestRecipeTUIMalformedFormNeverDispatches/{}_{} (0.00s)\n","OutputType":"frame"}
{"Time":"2026-09-08T17:32:53.489865619+03:00","Action":"pass","Package":"virmill.local/core/internal/ui/tui","Test":"TestGuestRecipeTUIMalformedFormNeverDispatches/{}_{}","Elapsed":0}
{"Time":"2026-09-08T17:32:53.489868615+03:00","Action":"run","Package":"virmill.local/core/internal/ui/tui","Test":"TestGuestRecipeTUIMalformedFormNeverDispatches/{\"id\":\"a\",\"id\":\"b\"}"}
{"Time":"2026-09-08T17:32:53.489870915+03:00","Action":"output","Package":"virmill.local/core/internal/ui/tui","Test":"TestGuestRecipeTUIMalformedFormNeverDispatches/{\"id\":\"a\",\"id\":\"b\"}","Output":"=== RUN   TestGuestRecipeTUIMalformedFormNeverDispatches/{\"id\":\"a\",\"id\":\"b\"}\n","OutputType":"frame"}
{"Time":"2026-09-08T17:32:53.490135071+03:00","Action":"output","Package":"virmill.local/core/internal/ui/cli","Test":"TestGuestRecipeCLIReviewedPlanAndLiteralInput/ndjson/explicit-plan","Output":"--- PASS: TestGuestRecipeCLIReviewedPlanAndLiteralInput/ndjson/explicit-plan (0.00s)\n","OutputType":"frame"}
{"Time":"2026-09-08T17:32:53.490144721+03:00","Action":"pass","Package":"virmill.local/core/internal/ui/cli","Test":"TestGuestRecipeCLIReviewedPlanAndLiteralInput/ndjson/explicit-plan","Elapsed":0}
{"Time":"2026-09-08T17:32:53.490165483+03:00","Action":"output","Package":"virmill.local/core/internal/ui/cli","Test":"TestGuestRecipeCLIReviewedPlanAndLiteralInput","Output":"--- PASS: TestGuestRecipeCLIReviewedPlanAndLiteralInput (0.01s)\n","OutputType":"frame"}
{"Time":"2026-09-08T17:32:53.490168957+03:00","Action":"pass","Package":"virmill.local/core/internal/ui/cli","Test":"TestGuestRecipeCLIReviewedPlanAndLiteralInput","Elapsed":0.01}
{"Time":"2026-09-08T17:32:53.49018341+03:00","Action":"run","Package":"virmill.local/core/internal/ui/cli","Test":"TestGuestRecipeCLIRejectsMissingPathImplicitApplyAndMalformedInput"}
{"Time":"2026-09-08T17:32:53.490186053+03:00","Action":"output","Package":"virmill.local/core/internal/ui/cli","Test":"TestGuestRecipeCLIRejectsMissingPathImplicitApplyAndMalformedInput","Output":"=== RUN   TestGuestRecipeCLIRejectsMissingPathImplicitApplyAndMalformedInput\n","OutputType":"frame"}
{"Time":"2026-09-08T17:32:53.490217245+03:00","Action":"run","Package":"virmill.local/core/internal/ui/cli","Test":"TestGuestRecipeCLIRejectsMissingPathImplicitApplyAndMalformedInput/missing-vm-and-path"}
{"Time":"2026-09-08T17:32:53.490219951+03:00","Action":"output","Package":"virmill.local/core/internal/ui/cli","Test":"TestGuestRecipeCLIRejectsMissingPathImplicitApplyAndMalformedInput/missing-vm-and-path","Output":"=== RUN   TestGuestRecipeCLIRejectsMissingPathImplicitApplyAndMalformedInput/missing-vm-and-path\n","OutputType":"frame"}
{"Time":"2026-09-08T17:32:53.490663619+03:00","Action":"output","Package":"virmill.local/core/internal/ui/cli","Test":"TestGuestRecipeCLIRejectsMissingPathImplicitApplyAndMalformedInput/missing-vm-and-path","Output":"--- PASS: TestGuestRecipeCLIRejectsMissingPathImplicitApplyAndMalformedInput/missing-vm-and-path (0.00s)\n","OutputType":"frame"}
{"Time":"2026-09-08T17:32:53.490675976+03:00","Action":"pass","Package":"virmill.local/core/internal/ui/cli","Test":"TestGuestRecipeCLIRejectsMissingPathImplicitApplyAndMalformedInput/missing-vm-and-path","Elapsed":0}
{"Time":"2026-09-08T17:32:53.490679369+03:00","Action":"run","Package":"virmill.local/core/internal/ui/cli","Test":"TestGuestRecipeCLIRejectsMissingPathImplicitApplyAndMalformedInput/missing-path"}
{"Time":"2026-09-08T17:32:53.490680768+03:00","Action":"output","Package":"virmill.local/core/internal/ui/cli","Test":"TestGuestRecipeCLIRejectsMissingPathImplicitApplyAndMalformedInput/missing-path","Output":"=== RUN   TestGuestRecipeCLIRejectsMissingPathImplicitApplyAndMalformedInput/missing-path\n","OutputType":"frame"}
{"Time":"2026-09-08T17:32:53.491041304+03:00","Action":"output","Package":"virmill.local/core/internal/ui/cli","Test":"TestGuestRecipeCLIRejectsMissingPathImplicitApplyAndMalformedInput/missing-path","Output":"--- PASS: TestGuestRecipeCLIRejectsMissingPathImplicitApplyAndMalformedInput/missing-path (0.00s)\n","OutputType":"frame"}
{"Time":"2026-09-08T17:32:53.491045033+03:00","Action":"pass","Package":"virmill.local/core/internal/ui/cli","Test":"TestGuestRecipeCLIRejectsMissingPathImplicitApplyAndMalformedInput/missing-path","Elapsed":0}
{"Time":"2026-09-08T17:32:53.49105706+03:00","Action":"run","Package":"virmill.local/core/internal/ui/cli","Test":"TestGuestRecipeCLIRejectsMissingPathImplicitApplyAndMalformedInput/extra-path"}
{"Time":"2026-09-08T17:32:53.491059369+03:00","Action":"output","Package":"virmill.local/core/internal/ui/cli","Test":"TestGuestRecipeCLIRejectsMissingPathImplicitApplyAndMalformedInput/extra-path","Output":"=== RUN   TestGuestRecipeCLIRejectsMissingPathImplicitApplyAndMalformedInput/extra-path\n","OutputType":"frame"}
{"Time":"2026-09-08T17:32:53.491434007+03:00","Action":"output","Package":"virmill.local/core/internal/ui/cli","Test":"TestGuestRecipeCLIRejectsMissingPathImplicitApplyAndMalformedInput/extra-path","Output":"--- PASS: TestGuestRecipeCLIRejectsMissingPathImplicitApplyAndMalformedInput/extra-path (0.00s)\n","OutputType":"frame"}
{"Time":"2026-09-08T17:32:53.491442957+03:00","Action":"pass","Package":"virmill.local/core/internal/ui/cli","Test":"TestGuestRecipeCLIRejectsMissingPathImplicitApplyAndMalformedInput/extra-path","Elapsed":0}
{"Time":"2026-09-08T17:32:53.491453863+03:00","Action":"run","Package":"virmill.local/core/internal/ui/cli","Test":"TestGuestRecipeCLIRejectsMissingPathImplicitApplyAndMalformedInput/implicit-apply"}
{"Time":"2026-09-08T17:32:53.491455575+03:00","Action":"output","Package":"virmill.local/core/internal/ui/cli","Test":"TestGuestRecipeCLIRejectsMissingPathImplicitApplyAndMalformedInput/implicit-apply","Output":"=== RUN   TestGuestRecipeCLIRejectsMissingPathImplicitApplyAndMalformedInput/implicit-apply\n","OutputType":"frame"}
{"Time":"2026-09-08T17:32:53.491845831+03:00","Action":"output","Package":"virmill.local/core/internal/ui/cli","Test":"TestGuestRecipeCLIRejectsMissingPathImplicitApplyAndMalformedInput/implicit-apply","Output":"--- PASS: TestGuestRecipeCLIRejectsMissingPathImplicitApplyAndMalformedInput/implicit-apply (0.00s)\n","OutputType":"frame"}
{"Time":"2026-09-08T17:32:53.491849668+03:00","Action":"pass","Package":"virmill.local/core/internal/ui/cli","Test":"TestGuestRecipeCLIRejectsMissingPathImplicitApplyAndMalformedInput/implicit-apply","Elapsed":0}
{"Time":"2026-09-08T17:32:53.491862171+03:00","Action":"run","Package":"virmill.local/core/internal/ui/cli","Test":"TestGuestRecipeCLIRejectsMissingPathImplicitApplyAndMalformedInput/duplicate-input"}
{"Time":"2026-09-08T17:32:53.491864341+03:00","Action":"output","Package":"virmill.local/core/internal/ui/cli","Test":"TestGuestRecipeCLIRejectsMissingPathImplicitApplyAndMalformedInput/duplicate-input","Output":"=== RUN   TestGuestRecipeCLIRejectsMissingPathImplicitApplyAndMalformedInput/duplicate-input\n","OutputType":"frame"}
{"Time":"2026-09-08T17:32:53.492963433+03:00","Action":"output","Package":"virmill.local/core/internal/ui/cli","Test":"TestGuestRecipeCLIRejectsMissingPathImplicitApplyAndMalformedInput/duplicate-input","Output":"--- PASS: TestGuestRecipeCLIRejectsMissingPathImplicitApplyAndMalformedInput/duplicate-input (0.00s)\n","OutputType":"frame"}
{"Time":"2026-09-08T17:32:53.492969953+03:00","Action":"pass","Package":"virmill.local/core/internal/ui/cli","Test":"TestGuestRecipeCLIRejectsMissingPathImplicitApplyAndMalformedInput/duplicate-input","Elapsed":0}
{"Time":"2026-09-08T17:32:53.492990534+03:00","Action":"run","Package":"virmill.local/core/internal/ui/cli","Test":"TestGuestRecipeCLIRejectsMissingPathImplicitApplyAndMalformedInput/input-array"}
{"Time":"2026-09-08T17:32:53.492993132+03:00","Action":"output","Package":"virmill.local/core/internal/ui/cli","Test":"TestGuestRecipeCLIRejectsMissingPathImplicitApplyAndMalformedInput/input-array","Output":"=== RUN   TestGuestRecipeCLIRejectsMissingPathImplicitApplyAndMalformedInput/input-array\n","OutputType":"frame"}
{"Time":"2026-09-08T17:32:53.493566827+03:00","Action":"output","Package":"virmill.local/core/internal/ui/cli","Test":"TestGuestRecipeCLIRejectsMissingPathImplicitApplyAndMalformedInput/input-array","Output":"--- PASS: TestGuestRecipeCLIRejectsMissingPathImplicitApplyAndMalformedInput/input-array (0.00s)\n","OutputType":"frame"}
{"Time":"2026-09-08T17:32:53.493573757+03:00","Action":"pass","Package":"virmill.local/core/internal/ui/cli","Test":"TestGuestRecipeCLIRejectsMissingPathImplicitApplyAndMalformedInput/input-array","Elapsed":0}
{"Time":"2026-09-08T17:32:53.493589512+03:00","Action":"run","Package":"virmill.local/core/internal/ui/cli","Test":"TestGuestRecipeCLIRejectsMissingPathImplicitApplyAndMalformedInput/trailing-input"}
{"Time":"2026-09-08T17:32:53.493591708+03:00","Action":"output","Package":"virmill.local/core/internal/ui/cli","Test":"TestGuestRecipeCLIRejectsMissingPathImplicitApplyAndMalformedInput/trailing-input","Output":"=== RUN   TestGuestRecipeCLIRejectsMissingPathImplicitApplyAndMalformedInput/trailing-input\n","OutputType":"frame"}
{"Time":"2026-09-08T17:32:53.494054069+03:00","Action":"output","Package":"virmill.local/core/internal/ui/cli","Test":"TestGuestRecipeCLIRejectsMissingPathImplicitApplyAndMalformedInput/trailing-input","Output":"--- PASS: TestGuestRecipeCLIRejectsMissingPathImplicitApplyAndMalformedInput/trailing-input (0.00s)\n","OutputType":"frame"}
{"Time":"2026-09-08T17:32:53.494063738+03:00","Action":"pass","Package":"virmill.local/core/internal/ui/cli","Test":"TestGuestRecipeCLIRejectsMissingPathImplicitApplyAndMalformedInput/trailing-input","Elapsed":0}
{"Time":"2026-09-08T17:32:53.494069813+03:00","Action":"run","Package":"virmill.local/core/internal/ui/cli","Test":"TestGuestRecipeCLIRejectsMissingPathImplicitApplyAndMalformedInput/result-extra-path"}
{"Time":"2026-09-08T17:32:53.494071792+03:00","Action":"output","Package":"virmill.local/core/internal/ui/cli","Test":"TestGuestRecipeCLIRejectsMissingPathImplicitApplyAndMalformedInput/result-extra-path","Output":"=== RUN   TestGuestRecipeCLIRejectsMissingPathImplicitApplyAndMalformedInput/result-extra-path\n","OutputType":"frame"}
{"Time":"2026-09-08T17:32:53.494492421+03:00","Action":"output","Package":"virmill.local/core/internal/ui/cli","Test":"TestGuestRecipeCLIRejectsMissingPathImplicitApplyAndMalformedInput/result-extra-path","Output":"--- PASS: TestGuestRecipeCLIRejectsMissingPathImplicitApplyAndMalformedInput/result-extra-path (0.00s)\n","OutputType":"frame"}
{"Time":"2026-09-08T17:32:53.49449945+03:00","Action":"pass","Package":"virmill.local/core/internal/ui/cli","Test":"TestGuestRecipeCLIRejectsMissingPathImplicitApplyAndMalformedInput/result-extra-path","Elapsed":0}
{"Time":"2026-09-08T17:32:53.49451859+03:00","Action":"run","Package":"virmill.local/core/internal/ui/cli","Test":"TestGuestRecipeCLIRejectsMissingPathImplicitApplyAndMalformedInput/result-plan-flag"}
{"Time":"2026-09-08T17:32:53.494521553+03:00","Action":"output","Package":"virmill.local/core/internal/ui/cli","Test":"TestGuestRecipeCLIRejectsMissingPathImplicitApplyAndMalformedInput/result-plan-flag","Output":"=== RUN   TestGuestRecipeCLIRejectsMissingPathImplicitApplyAndMalformedInput/result-plan-flag\n","OutputType":"frame"}
{"Time":"2026-09-08T17:32:53.494912683+03:00","Action":"output","Package":"virmill.local/core/internal/ui/cli","Test":"TestGuestRecipeCLIRejectsMissingPathImplicitApplyAndMalformedInput/result-plan-flag","Output":"--- PASS: TestGuestRecipeCLIRejectsMissingPathImplicitApplyAndMalformedInput/result-plan-flag (0.00s)\n","OutputType":"frame"}
{"Time":"2026-09-08T17:32:53.494918098+03:00","Action":"pass","Package":"virmill.local/core/internal/ui/cli","Test":"TestGuestRecipeCLIRejectsMissingPathImplicitApplyAndMalformedInput/result-plan-flag","Elapsed":0}
{"Time":"2026-09-08T17:32:53.494939046+03:00","Action":"output","Package":"virmill.local/core/internal/ui/cli","Test":"TestGuestRecipeCLIRejectsMissingPathImplicitApplyAndMalformedInput","Output":"--- PASS: TestGuestRecipeCLIRejectsMissingPathImplicitApplyAndMalformedInput (0.00s)\n","OutputType":"frame"}
{"Time":"2026-09-08T17:32:53.4949531+03:00","Action":"pass","Package":"virmill.local/core/internal/ui/cli","Test":"TestGuestRecipeCLIRejectsMissingPathImplicitApplyAndMalformedInput","Elapsed":0}
{"Time":"2026-09-08T17:32:53.494965984+03:00","Action":"run","Package":"virmill.local/core/internal/ui/cli","Test":"TestGuestRecipeCLIResultIsReadOnlyAndPreservesUnknownEffect"}
{"Time":"2026-09-08T17:32:53.494968361+03:00","Action":"output","Package":"virmill.local/core/internal/ui/cli","Test":"TestGuestRecipeCLIResultIsReadOnlyAndPreservesUnknownEffect","Output":"=== RUN   TestGuestRecipeCLIResultIsReadOnlyAndPreservesUnknownEffect\n","OutputType":"frame"}
{"Time":"2026-09-08T17:32:53.494990114+03:00","Action":"run","Package":"virmill.local/core/internal/ui/cli","Test":"TestGuestRecipeCLIResultIsReadOnlyAndPreservesUnknownEffect/json"}
{"Time":"2026-09-08T17:32:53.494992417+03:00","Action":"output","Package":"virmill.local/core/internal/ui/cli","Test":"TestGuestRecipeCLIResultIsReadOnlyAndPreservesUnknownEffect/json","Output":"=== RUN   TestGuestRecipeCLIResultIsReadOnlyAndPreservesUnknownEffect/json\n","OutputType":"frame"}
{"Time":"2026-09-08T17:32:53.495166667+03:00","Action":"output","Package":"virmill.local/core/internal/ui/tui","Test":"TestGuestRecipeTUIMalformedFormNeverDispatches/{\"id\":\"a\",\"id\":\"b\"}","Output":"--- PASS: TestGuestRecipeTUIMalformedFormNeverDispatches/{\"id\":\"a\",\"id\":\"b\"} (0.01s)\n","OutputType":"frame"}
{"Time":"2026-09-08T17:32:53.495178699+03:00","Action":"pass","Package":"virmill.local/core/internal/ui/tui","Test":"TestGuestRecipeTUIMalformedFormNeverDispatches/{\"id\":\"a\",\"id\":\"b\"}","Elapsed":0.01}
{"Time":"2026-09-08T17:32:53.495204261+03:00","Action":"run","Package":"virmill.local/core/internal/ui/tui","Test":"TestGuestRecipeTUIMalformedFormNeverDispatches/{\"id\":\"a\",\"path\":\"/private/recipe.json\",\"input\":[]}"}
{"Time":"2026-09-08T17:32:53.49520765+03:00","Action":"output","Package":"virmill.local/core/internal/ui/tui","Test":"TestGuestRecipeTUIMalformedFormNeverDispatches/{\"id\":\"a\",\"path\":\"/private/recipe.json\",\"input\":[]}","Output":"=== RUN   TestGuestRecipeTUIMalformedFormNeverDispatches/{\"id\":\"a\",\"path\":\"/private/recipe.json\",\"input\":[]}\n","OutputType":"frame"}
{"Time":"2026-09-08T17:32:53.49566054+03:00","Action":"output","Package":"virmill.local/core/internal/ui/cli","Test":"TestGuestRecipeCLIResultIsReadOnlyAndPreservesUnknownEffect/json","Output":"--- PASS: TestGuestRecipeCLIResultIsReadOnlyAndPreservesUnknownEffect/json (0.00s)\n","OutputType":"frame"}
{"Time":"2026-09-08T17:32:53.495667811+03:00","Action":"pass","Package":"virmill.local/core/internal/ui/cli","Test":"TestGuestRecipeCLIResultIsReadOnlyAndPreservesUnknownEffect/json","Elapsed":0}
{"Time":"2026-09-08T17:32:53.495684653+03:00","Action":"run","Package":"virmill.local/core/internal/ui/cli","Test":"TestGuestRecipeCLIResultIsReadOnlyAndPreservesUnknownEffect/ndjson"}
{"Time":"2026-09-08T17:32:53.495686618+03:00","Action":"output","Package":"virmill.local/core/internal/ui/cli","Test":"TestGuestRecipeCLIResultIsReadOnlyAndPreservesUnknownEffect/ndjson","Output":"=== RUN   TestGuestRecipeCLIResultIsReadOnlyAndPreservesUnknownEffect/ndjson\n","OutputType":"frame"}
{"Time":"2026-09-08T17:32:53.496314899+03:00","Action":"output","Package":"virmill.local/core/internal/ui/cli","Test":"TestGuestRecipeCLIResultIsReadOnlyAndPreservesUnknownEffect/ndjson","Output":"--- PASS: TestGuestRecipeCLIResultIsReadOnlyAndPreservesUnknownEffect/ndjson (0.00s)\n","OutputType":"frame"}
{"Time":"2026-09-08T17:32:53.49633534+03:00","Action":"pass","Package":"virmill.local/core/internal/ui/cli","Test":"TestGuestRecipeCLIResultIsReadOnlyAndPreservesUnknownEffect/ndjson","Elapsed":0}
{"Time":"2026-09-08T17:32:53.496354725+03:00","Action":"output","Package":"virmill.local/core/internal/ui/cli","Test":"TestGuestRecipeCLIResultIsReadOnlyAndPreservesUnknownEffect","Output":"--- PASS: TestGuestRecipeCLIResultIsReadOnlyAndPreservesUnknownEffect (0.00s)\n","OutputType":"frame"}
{"Time":"2026-09-08T17:32:53.49636953+03:00","Action":"pass","Package":"virmill.local/core/internal/ui/cli","Test":"TestGuestRecipeCLIResultIsReadOnlyAndPreservesUnknownEffect","Elapsed":0}
{"Time":"2026-09-08T17:32:53.496383458+03:00","Action":"run","Package":"virmill.local/core/internal/ui/cli","Test":"TestGuestRecipeCLIFailuresHaveNoSuccessfulPayload"}
{"Time":"2026-09-08T17:32:53.496385489+03:00","Action":"output","Package":"virmill.local/core/internal/ui/cli","Test":"TestGuestRecipeCLIFailuresHaveNoSuccessfulPayload","Output":"=== RUN   TestGuestRecipeCLIFailuresHaveNoSuccessfulPayload\n","OutputType":"frame"}
{"Time":"2026-09-08T17:32:53.496408746+03:00","Action":"run","Package":"virmill.local/core/internal/ui/cli","Test":"TestGuestRecipeCLIFailuresHaveNoSuccessfulPayload/run/SOURCE_CHANGED"}
{"Time":"2026-09-08T17:32:53.49641076+03:00","Action":"output","Package":"virmill.local/core/internal/ui/cli","Test":"TestGuestRecipeCLIFailuresHaveNoSuccessfulPayload/run/SOURCE_CHANGED","Output":"=== RUN   TestGuestRecipeCLIFailuresHaveNoSuccessfulPayload/run/SOURCE_CHANGED\n","OutputType":"frame"}
{"Time":"2026-09-08T17:32:53.497108805+03:00","Action":"output","Package":"virmill.local/core/internal/ui/cli","Test":"TestGuestRecipeCLIFailuresHaveNoSuccessfulPayload/run/SOURCE_CHANGED","Output":"--- PASS: TestGuestRecipeCLIFailuresHaveNoSuccessfulPayload/run/SOURCE_CHANGED (0.00s)\n","OutputType":"frame"}
{"Time":"2026-09-08T17:32:53.497124795+03:00","Action":"pass","Package":"virmill.local/core/internal/ui/cli","Test":"TestGuestRecipeCLIFailuresHaveNoSuccessfulPayload/run/SOURCE_CHANGED","Elapsed":0}
{"Time":"2026-09-08T17:32:53.497145542+03:00","Action":"run","Package":"virmill.local/core/internal/ui/cli","Test":"TestGuestRecipeCLIFailuresHaveNoSuccessfulPayload/run/PERMISSION_DENIED"}
{"Time":"2026-09-08T17:32:53.497147467+03:00","Action":"output","Package":"virmill.local/core/internal/ui/cli","Test":"TestGuestRecipeCLIFailuresHaveNoSuccessfulPayload/run/PERMISSION_DENIED","Output":"=== RUN   TestGuestRecipeCLIFailuresHaveNoSuccessfulPayload/run/PERMISSION_DENIED\n","OutputType":"frame"}
{"Time":"2026-09-08T17:32:53.497837704+03:00","Action":"output","Package":"virmill.local/core/internal/ui/cli","Test":"TestGuestRecipeCLIFailuresHaveNoSuccessfulPayload/run/PERMISSION_DENIED","Output":"--- PASS: TestGuestRecipeCLIFailuresHaveNoSuccessfulPayload/run/PERMISSION_DENIED (0.00s)\n","OutputType":"frame"}
{"Time":"2026-09-08T17:32:53.497847096+03:00","Action":"pass","Package":"virmill.local/core/internal/ui/cli","Test":"TestGuestRecipeCLIFailuresHaveNoSuccessfulPayload/run/PERMISSION_DENIED","Elapsed":0}
{"Time":"2026-09-08T17:32:53.497864903+03:00","Action":"run","Package":"virmill.local/core/internal/ui/cli","Test":"TestGuestRecipeCLIFailuresHaveNoSuccessfulPayload/run/INVALID_INPUT"}
{"Time":"2026-09-08T17:32:53.497866728+03:00","Action":"output","Package":"virmill.local/core/internal/ui/cli","Test":"TestGuestRecipeCLIFailuresHaveNoSuccessfulPayload/run/INVALID_INPUT","Output":"=== RUN   TestGuestRecipeCLIFailuresHaveNoSuccessfulPayload/run/INVALID_INPUT\n","OutputType":"frame"}
{"Time":"2026-09-08T17:32:53.499524956+03:00","Action":"output","Package":"virmill.local/core/internal/ui/cli","Test":"TestGuestRecipeCLIFailuresHaveNoSuccessfulPayload/run/INVALID_INPUT","Output":"--- PASS: TestGuestRecipeCLIFailuresHaveNoSuccessfulPayload/run/INVALID_INPUT (0.00s)\n","OutputType":"frame"}
{"Time":"2026-09-08T17:32:53.499544792+03:00","Action":"pass","Package":"virmill.local/core/internal/ui/cli","Test":"TestGuestRecipeCLIFailuresHaveNoSuccessfulPayload/run/INVALID_INPUT","Elapsed":0}
{"Time":"2026-09-08T17:32:53.499575573+03:00","Action":"run","Package":"virmill.local/core/internal/ui/cli","Test":"TestGuestRecipeCLIFailuresHaveNoSuccessfulPayload/run/RECOVERY_REQUIRED"}
{"Time":"2026-09-08T17:32:53.499581376+03:00","Action":"output","Package":"virmill.local/core/internal/ui/cli","Test":"TestGuestRecipeCLIFailuresHaveNoSuccessfulPayload/run/RECOVERY_REQUIRED","Output":"=== RUN   TestGuestRecipeCLIFailuresHaveNoSuccessfulPayload/run/RECOVERY_REQUIRED\n","OutputType":"frame"}
{"Time":"2026-09-08T17:32:53.50054145+03:00","Action":"output","Package":"virmill.local/core/internal/ui/cli","Test":"TestGuestRecipeCLIFailuresHaveNoSuccessfulPayload/run/RECOVERY_REQUIRED","Output":"--- PASS: TestGuestRecipeCLIFailuresHaveNoSuccessfulPayload/run/RECOVERY_REQUIRED (0.00s)\n","OutputType":"frame"}
{"Time":"2026-09-08T17:32:53.500550391+03:00","Action":"pass","Package":"virmill.local/core/internal/ui/cli","Test":"TestGuestRecipeCLIFailuresHaveNoSuccessfulPayload/run/RECOVERY_REQUIRED","Elapsed":0}
{"Time":"2026-09-08T17:32:53.500573067+03:00","Action":"run","Package":"virmill.local/core/internal/ui/cli","Test":"TestGuestRecipeCLIFailuresHaveNoSuccessfulPayload/run/canceled"}
{"Time":"2026-09-08T17:32:53.500576929+03:00","Action":"output","Package":"virmill.local/core/internal/ui/cli","Test":"TestGuestRecipeCLIFailuresHaveNoSuccessfulPayload/run/canceled","Output":"=== RUN   TestGuestRecipeCLIFailuresHaveNoSuccessfulPayload/run/canceled\n","OutputType":"frame"}
{"Time":"2026-09-08T17:32:53.501548045+03:00","Action":"output","Package":"virmill.local/core/internal/ui/cli","Test":"TestGuestRecipeCLIFailuresHaveNoSuccessfulPayload/run/canceled","Output":"--- PASS: TestGuestRecipeCLIFailuresHaveNoSuccessfulPayload/run/canceled (0.00s)\n","OutputType":"frame"}
{"Time":"2026-09-08T17:32:53.50156002+03:00","Action":"pass","Package":"virmill.local/core/internal/ui/cli","Test":"TestGuestRecipeCLIFailuresHaveNoSuccessfulPayload/run/canceled","Elapsed":0}
{"Time":"2026-09-08T17:32:53.501585263+03:00","Action":"run","Package":"virmill.local/core/internal/ui/cli","Test":"TestGuestRecipeCLIFailuresHaveNoSuccessfulPayload/run/transport"}
{"Time":"2026-09-08T17:32:53.501589071+03:00","Action":"output","Package":"virmill.local/core/internal/ui/cli","Test":"TestGuestRecipeCLIFailuresHaveNoSuccessfulPayload/run/transport","Output":"=== RUN   TestGuestRecipeCLIFailuresHaveNoSuccessfulPayload/run/transport\n","OutputType":"frame"}
{"Time":"2026-09-08T17:32:53.502500555+03:00","Action":"output","Package":"virmill.local/core/internal/ui/cli","Test":"TestGuestRecipeCLIFailuresHaveNoSuccessfulPayload/run/transport","Output":"--- PASS: TestGuestRecipeCLIFailuresHaveNoSuccessfulPayload/run/transport (0.00s)\n","OutputType":"frame"}
{"Time":"2026-09-08T17:32:53.502523428+03:00","Action":"pass","Package":"virmill.local/core/internal/ui/cli","Test":"TestGuestRecipeCLIFailuresHaveNoSuccessfulPayload/run/transport","Elapsed":0}
{"Time":"2026-09-08T17:32:53.502538971+03:00","Action":"run","Package":"virmill.local/core/internal/ui/cli","Test":"TestGuestRecipeCLIFailuresHaveNoSuccessfulPayload/result/SOURCE_CHANGED"}
{"Time":"2026-09-08T17:32:53.502543274+03:00","Action":"output","Package":"virmill.local/core/internal/ui/cli","Test":"TestGuestRecipeCLIFailuresHaveNoSuccessfulPayload/result/SOURCE_CHANGED","Output":"=== RUN   TestGuestRecipeCLIFailuresHaveNoSuccessfulPayload/result/SOURCE_CHANGED\n","OutputType":"frame"}
{"Time":"2026-09-08T17:32:53.503332131+03:00","Action":"output","Package":"virmill.local/core/internal/ui/cli","Test":"TestGuestRecipeCLIFailuresHaveNoSuccessfulPayload/result/SOURCE_CHANGED","Output":"--- PASS: TestGuestRecipeCLIFailuresHaveNoSuccessfulPayload/result/SOURCE_CHANGED (0.00s)\n","OutputType":"frame"}
{"Time":"2026-09-08T17:32:53.503353791+03:00","Action":"pass","Package":"virmill.local/core/internal/ui/cli","Test":"TestGuestRecipeCLIFailuresHaveNoSuccessfulPayload/result/SOURCE_CHANGED","Elapsed":0}
{"Time":"2026-09-08T17:32:53.503373244+03:00","Action":"run","Package":"virmill.local/core/internal/ui/cli","Test":"TestGuestRecipeCLIFailuresHaveNoSuccessfulPayload/result/PERMISSION_DENIED"}
{"Time":"2026-09-08T17:32:53.503377741+03:00","Action":"output","Package":"virmill.local/core/internal/ui/cli","Test":"TestGuestRecipeCLIFailuresHaveNoSuccessfulPayload/result/PERMISSION_DENIED","Output":"=== RUN   TestGuestRecipeCLIFailuresHaveNoSuccessfulPayload/result/PERMISSION_DENIED\n","OutputType":"frame"}
{"Time":"2026-09-08T17:32:53.504101243+03:00","Action":"output","Package":"virmill.local/core/internal/ui/cli","Test":"TestGuestRecipeCLIFailuresHaveNoSuccessfulPayload/result/PERMISSION_DENIED","Output":"--- PASS: TestGuestRecipeCLIFailuresHaveNoSuccessfulPayload/result/PERMISSION_DENIED (0.00s)\n","OutputType":"frame"}
{"Time":"2026-09-08T17:32:53.504120261+03:00","Action":"pass","Package":"virmill.local/core/internal/ui/cli","Test":"TestGuestRecipeCLIFailuresHaveNoSuccessfulPayload/result/PERMISSION_DENIED","Elapsed":0}
{"Time":"2026-09-08T17:32:53.504139274+03:00","Action":"run","Package":"virmill.local/core/internal/ui/cli","Test":"TestGuestRecipeCLIFailuresHaveNoSuccessfulPayload/result/INVALID_INPUT"}
{"Time":"2026-09-08T17:32:53.504142859+03:00","Action":"output","Package":"virmill.local/core/internal/ui/cli","Test":"TestGuestRecipeCLIFailuresHaveNoSuccessfulPayload/result/INVALID_INPUT","Output":"=== RUN   TestGuestRecipeCLIFailuresHaveNoSuccessfulPayload/result/INVALID_INPUT\n","OutputType":"frame"}
{"Time":"2026-09-08T17:32:53.504883825+03:00","Action":"output","Package":"virmill.local/core/internal/ui/cli","Test":"TestGuestRecipeCLIFailuresHaveNoSuccessfulPayload/result/INVALID_INPUT","Output":"--- PASS: TestGuestRecipeCLIFailuresHaveNoSuccessfulPayload/result/INVALID_INPUT (0.00s)\n","OutputType":"frame"}
{"Time":"2026-09-08T17:32:53.504899095+03:00","Action":"pass","Package":"virmill.local/core/internal/ui/cli","Test":"TestGuestRecipeCLIFailuresHaveNoSuccessfulPayload/result/INVALID_INPUT","Elapsed":0}
{"Time":"2026-09-08T17:32:53.504917757+03:00","Action":"run","Package":"virmill.local/core/internal/ui/cli","Test":"TestGuestRecipeCLIFailuresHaveNoSuccessfulPayload/result/RECOVERY_REQUIRED"}
{"Time":"2026-09-08T17:32:53.504921591+03:00","Action":"output","Package":"virmill.local/core/internal/ui/cli","Test":"TestGuestRecipeCLIFailuresHaveNoSuccessfulPayload/result/RECOVERY_REQUIRED","Output":"=== RUN   TestGuestRecipeCLIFailuresHaveNoSuccessfulPayload/result/RECOVERY_REQUIRED\n","OutputType":"frame"}
{"Time":"2026-09-08T17:32:53.505933281+03:00","Action":"output","Package":"virmill.local/core/internal/ui/cli","Test":"TestGuestRecipeCLIFailuresHaveNoSuccessfulPayload/result/RECOVERY_REQUIRED","Output":"--- PASS: TestGuestRecipeCLIFailuresHaveNoSuccessfulPayload/result/RECOVERY_REQUIRED (0.00s)\n","OutputType":"frame"}
{"Time":"2026-09-08T17:32:53.505953395+03:00","Action":"pass","Package":"virmill.local/core/internal/ui/cli","Test":"TestGuestRecipeCLIFailuresHaveNoSuccessfulPayload/result/RECOVERY_REQUIRED","Elapsed":0}
{"Time":"2026-09-08T17:32:53.505974542+03:00","Action":"run","Package":"virmill.local/core/internal/ui/cli","Test":"TestGuestRecipeCLIFailuresHaveNoSuccessfulPayload/result/canceled"}
{"Time":"2026-09-08T17:32:53.505977399+03:00","Action":"output","Package":"virmill.local/core/internal/ui/cli","Test":"TestGuestRecipeCLIFailuresHaveNoSuccessfulPayload/result/canceled","Output":"=== RUN   TestGuestRecipeCLIFailuresHaveNoSuccessfulPayload/result/canceled\n","OutputType":"frame"}
{"Time":"2026-09-08T17:32:53.50658189+03:00","Action":"output","Package":"virmill.local/core/internal/ui/tui","Test":"TestGuestRecipeTUIMalformedFormNeverDispatches/{\"id\":\"a\",\"path\":\"/private/recipe.json\",\"input\":[]}","Output":"--- PASS: TestGuestRecipeTUIMalformedFormNeverDispatches/{\"id\":\"a\",\"path\":\"/private/recipe.json\",\"input\":[]} (0.01s)\n","OutputType":"frame"}
{"Time":"2026-09-08T17:32:53.506614902+03:00","Action":"pass","Package":"virmill.local/core/internal/ui/tui","Test":"TestGuestRecipeTUIMalformedFormNeverDispatches/{\"id\":\"a\",\"path\":\"/private/recipe.json\",\"input\":[]}","Elapsed":0.01}
{"Time":"2026-09-08T17:32:53.506649756+03:00","Action":"run","Package":"virmill.local/core/internal/ui/tui","Test":"TestGuestRecipeTUIMalformedFormNeverDispatches/{\"id\":\"a\",\"path\":\"/private/recipe.json\",\"apply\":true}"}
{"Time":"2026-09-08T17:32:53.506652347+03:00","Action":"output","Package":"virmill.local/core/internal/ui/tui","Test":"TestGuestRecipeTUIMalformedFormNeverDispatches/{\"id\":\"a\",\"path\":\"/private/recipe.json\",\"apply\":true}","Output":"=== RUN   TestGuestRecipeTUIMalformedFormNeverDispatches/{\"id\":\"a\",\"path\":\"/private/recipe.json\",\"apply\":true}\n","OutputType":"frame"}
{"Time":"2026-09-08T17:32:53.507068036+03:00","Action":"output","Package":"virmill.local/core/internal/ui/cli","Test":"TestGuestRecipeCLIFailuresHaveNoSuccessfulPayload/result/canceled","Output":"--- PASS: TestGuestRecipeCLIFailuresHaveNoSuccessfulPayload/result/canceled (0.00s)\n","OutputType":"frame"}
{"Time":"2026-09-08T17:32:53.507085097+03:00","Action":"pass","Package":"virmill.local/core/internal/ui/cli","Test":"TestGuestRecipeCLIFailuresHaveNoSuccessfulPayload/result/canceled","Elapsed":0}
{"Time":"2026-09-08T17:32:53.507094378+03:00","Action":"run","Package":"virmill.local/core/internal/ui/cli","Test":"TestGuestRecipeCLIFailuresHaveNoSuccessfulPayload/result/transport"}
{"Time":"2026-09-08T17:32:53.507097911+03:00","Action":"output","Package":"virmill.local/core/internal/ui/cli","Test":"TestGuestRecipeCLIFailuresHaveNoSuccessfulPayload/result/transport","Output":"=== RUN   TestGuestRecipeCLIFailuresHaveNoSuccessfulPayload/result/transport\n","OutputType":"frame"}
{"Time":"2026-09-08T17:32:53.507923335+03:00","Action":"output","Package":"virmill.local/core/internal/ui/cli","Test":"TestGuestRecipeCLIFailuresHaveNoSuccessfulPayload/result/transport","Output":"--- PASS: TestGuestRecipeCLIFailuresHaveNoSuccessfulPayload/result/transport (0.00s)\n","OutputType":"frame"}
{"Time":"2026-09-08T17:32:53.507932841+03:00","Action":"pass","Package":"virmill.local/core/internal/ui/cli","Test":"TestGuestRecipeCLIFailuresHaveNoSuccessfulPayload/result/transport","Elapsed":0}
{"Time":"2026-09-08T17:32:53.507959308+03:00","Action":"output","Package":"virmill.local/core/internal/ui/cli","Test":"TestGuestRecipeCLIFailuresHaveNoSuccessfulPayload","Output":"--- PASS: TestGuestRecipeCLIFailuresHaveNoSuccessfulPayload (0.01s)\n","OutputType":"frame"}
{"Time":"2026-09-08T17:32:53.507975171+03:00","Action":"pass","Package":"virmill.local/core/internal/ui/cli","Test":"TestGuestRecipeCLIFailuresHaveNoSuccessfulPayload","Elapsed":0.01}
{"Time":"2026-09-08T17:32:53.507994817+03:00","Action":"run","Package":"virmill.local/core/internal/ui/cli","Test":"TestReadOnlyHostInventoryCommands"}
{"Time":"2026-09-08T17:32:53.507998839+03:00","Action":"output","Package":"virmill.local/core/internal/ui/cli","Test":"TestReadOnlyHostInventoryCommands","Output":"=== RUN   TestReadOnlyHostInventoryCommands\n","OutputType":"frame"}
{"Time":"2026-09-08T17:32:53.510257442+03:00","Action":"output","Package":"virmill.local/core/internal/ui/cli","Test":"TestReadOnlyHostInventoryCommands","Output":"--- PASS: TestReadOnlyHostInventoryCommands (0.00s)\n","OutputType":"frame"}
{"Time":"2026-09-08T17:32:53.510268258+03:00","Action":"pass","Package":"virmill.local/core/internal/ui/cli","Test":"TestReadOnlyHostInventoryCommands","Elapsed":0}
{"Time":"2026-09-08T17:32:53.51027158+03:00","Action":"run","Package":"virmill.local/core/internal/ui/cli","Test":"TestLocalBackupCLIServiceParity"}
{"Time":"2026-09-08T17:32:53.51027324+03:00","Action":"output","Package":"virmill.local/core/internal/ui/cli","Test":"TestLocalBackupCLIServiceParity","Output":"=== RUN   TestLocalBackupCLIServiceParity\n","OutputType":"frame"}
{"Time":"2026-09-08T17:32:53.510296516+03:00","Action":"run","Package":"virmill.local/core/internal/ui/cli","Test":"TestLocalBackupCLIServiceParity/backup.repository.init"}
{"Time":"2026-09-08T17:32:53.510299022+03:00","Action":"output","Package":"virmill.local/core/internal/ui/cli","Test":"TestLocalBackupCLIServiceParity/backup.repository.init","Output":"=== RUN   TestLocalBackupCLIServiceParity/backup.repository.init\n","OutputType":"frame"}
{"Time":"2026-09-08T17:32:53.510822876+03:00","Action":"output","Package":"virmill.local/core/internal/ui/cli","Test":"TestLocalBackupCLIServiceParity/backup.repository.init","Output":"--- PASS: TestLocalBackupCLIServiceParity/backup.repository.init (0.00s)\n","OutputType":"frame"}
{"Time":"2026-09-08T17:32:53.510842854+03:00","Action":"pass","Package":"virmill.local/core/internal/ui/cli","Test":"TestLocalBackupCLIServiceParity/backup.repository.init","Elapsed":0}
{"Time":"2026-09-08T17:32:53.510852487+03:00","Action":"run","Package":"virmill.local/core/internal/ui/cli","Test":"TestLocalBackupCLIServiceParity/backup.repository.check"}
{"Time":"2026-09-08T17:32:53.510855361+03:00","Action":"output","Package":"virmill.local/core/internal/ui/cli","Test":"TestLocalBackupCLIServiceParity/backup.repository.check","Output":"=== RUN   TestLocalBackupCLIServiceParity/backup.repository.check\n","OutputType":"frame"}
{"Time":"2026-09-08T17:32:53.511346795+03:00","Action":"output","Package":"virmill.local/core/internal/ui/cli","Test":"TestLocalBackupCLIServiceParity/backup.repository.check","Output":"--- PASS: TestLocalBackupCLIServiceParity/backup.repository.check (0.00s)\n","OutputType":"frame"}
{"Time":"2026-09-08T17:32:53.51135525+03:00","Action":"pass","Package":"virmill.local/core/internal/ui/cli","Test":"TestLocalBackupCLIServiceParity/backup.repository.check","Elapsed":0}
{"Time":"2026-09-08T17:32:53.511369839+03:00","Action":"run","Package":"virmill.local/core/internal/ui/cli","Test":"TestLocalBackupCLIServiceParity/backup.create"}
{"Time":"2026-09-08T17:32:53.511372201+03:00","Action":"output","Package":"virmill.local/core/internal/ui/cli","Test":"TestLocalBackupCLIServiceParity/backup.create","Output":"=== RUN   TestLocalBackupCLIServiceParity/backup.create\n","OutputType":"frame"}
{"Time":"2026-09-08T17:32:53.512712543+03:00","Action":"output","Package":"virmill.local/core/internal/ui/cli","Test":"TestLocalBackupCLIServiceParity/backup.create","Output":"--- PASS: TestLocalBackupCLIServiceParity/backup.create (0.00s)\n","OutputType":"frame"}
{"Time":"2026-09-08T17:32:53.512726432+03:00","Action":"pass","Package":"virmill.local/core/internal/ui/cli","Test":"TestLocalBackupCLIServiceParity/backup.create","Elapsed":0}
{"Time":"2026-09-08T17:32:53.512745845+03:00","Action":"run","Package":"virmill.local/core/internal/ui/cli","Test":"TestLocalBackupCLIServiceParity/backup.restore"}
{"Time":"2026-09-08T17:32:53.512747871+03:00","Action":"output","Package":"virmill.local/core/internal/ui/cli","Test":"TestLocalBackupCLIServiceParity/backup.restore","Output":"=== RUN   TestLocalBackupCLIServiceParity/backup.restore\n","OutputType":"frame"}
{"Time":"2026-09-08T17:32:53.513680774+03:00","Action":"output","Package":"virmill.local/core/internal/ui/cli","Test":"TestLocalBackupCLIServiceParity/backup.restore","Output":"--- PASS: TestLocalBackupCLIServiceParity/backup.restore (0.00s)\n","OutputType":"frame"}
{"Time":"2026-09-08T17:32:53.513695933+03:00","Action":"pass","Package":"virmill.local/core/internal/ui/cli","Test":"TestLocalBackupCLIServiceParity/backup.restore","Elapsed":0}
{"Time":"2026-09-08T17:32:53.513711275+03:00","Action":"run","Package":"virmill.local/core/internal/ui/cli","Test":"TestLocalBackupCLIServiceParity/backup.result"}
{"Time":"2026-09-08T17:32:53.513713407+03:00","Action":"output","Package":"virmill.local/core/internal/ui/cli","Test":"TestLocalBackupCLIServiceParity/backup.result","Output":"=== RUN   TestLocalBackupCLIServiceParity/backup.result\n","OutputType":"frame"}
{"Time":"2026-09-08T17:32:53.514560022+03:00","Action":"output","Package":"virmill.local/core/internal/ui/cli","Test":"TestLocalBackupCLIServiceParity/backup.result","Output":"--- PASS: TestLocalBackupCLIServiceParity/backup.result (0.00s)\n","OutputType":"frame"}
{"Time":"2026-09-08T17:32:53.514574605+03:00","Action":"pass","Package":"virmill.local/core/internal/ui/cli","Test":"TestLocalBackupCLIServiceParity/backup.result","Elapsed":0}
{"Time":"2026-09-08T17:32:53.514594401+03:00","Action":"output","Package":"virmill.local/core/internal/ui/cli","Test":"TestLocalBackupCLIServiceParity","Output":"--- PASS: TestLocalBackupCLIServiceParity (0.00s)\n","OutputType":"frame"}
{"Time":"2026-09-08T17:32:53.514608811+03:00","Action":"pass","Package":"virmill.local/core/internal/ui/cli","Test":"TestLocalBackupCLIServiceParity","Elapsed":0}
{"Time":"2026-09-08T17:32:53.514625739+03:00","Action":"run","Package":"virmill.local/core/internal/ui/cli","Test":"TestNetworkAllocationCLIPlanReadbackAndExactApply"}
{"Time":"2026-09-08T17:32:53.514627776+03:00","Action":"output","Package":"virmill.local/core/internal/ui/cli","Test":"TestNetworkAllocationCLIPlanReadbackAndExactApply","Output":"=== RUN   TestNetworkAllocationCLIPlanReadbackAndExactApply\n","OutputType":"frame"}
{"Time":"2026-09-08T17:32:53.514650516+03:00","Action":"run","Package":"virmill.local/core/internal/ui/cli","Test":"TestNetworkAllocationCLIPlanReadbackAndExactApply/json/ranges"}
{"Time":"2026-09-08T17:32:53.514652532+03:00","Action":"output","Package":"virmill.local/core/internal/ui/cli","Test":"TestNetworkAllocationCLIPlanReadbackAndExactApply/json/ranges","Output":"=== RUN   TestNetworkAllocationCLIPlanReadbackAndExactApply/json/ranges\n","OutputType":"frame"}
{"Time":"2026-09-08T17:32:53.519531851+03:00","Action":"output","Package":"virmill.local/core/internal/ui/tui","Test":"TestGuestRecipeTUIMalformedFormNeverDispatches/{\"id\":\"a\",\"path\":\"/private/recipe.json\",\"apply\":true}","Output":"--- PASS: TestGuestRecipeTUIMalformedFormNeverDispatches/{\"id\":\"a\",\"path\":\"/private/recipe.json\",\"apply\":true} (0.01s)\n","OutputType":"frame"}
{"Time":"2026-09-08T17:32:53.519555672+03:00","Action":"pass","Package":"virmill.local/core/internal/ui/tui","Test":"TestGuestRecipeTUIMalformedFormNeverDispatches/{\"id\":\"a\",\"path\":\"/private/recipe.json\",\"apply\":true}","Elapsed":0.01}
{"Time":"2026-09-08T17:32:53.519598686+03:00","Action":"output","Package":"virmill.local/core/internal/ui/tui","Test":"TestGuestRecipeTUIMalformedFormNeverDispatches","Output":"--- PASS: TestGuestRecipeTUIMalformedFormNeverDispatches (0.04s)\n","OutputType":"frame"}
{"Time":"2026-09-08T17:32:53.519615271+03:00","Action":"pass","Package":"virmill.local/core/internal/ui/tui","Test":"TestGuestRecipeTUIMalformedFormNeverDispatches","Elapsed":0.04}
{"Time":"2026-09-08T17:32:53.51964245+03:00","Action":"run","Package":"virmill.local/core/internal/ui/tui","Test":"TestGuestRecipeTUIResultReadOnlyAndUnknownEffectVisible"}
{"Time":"2026-09-08T17:32:53.519646547+03:00","Action":"output","Package":"virmill.local/core/internal/ui/tui","Test":"TestGuestRecipeTUIResultReadOnlyAndUnknownEffectVisible","Output":"=== RUN   TestGuestRecipeTUIResultReadOnlyAndUnknownEffectVisible\n","OutputType":"frame"}
{"Time":"2026-09-08T17:32:53.530026153+03:00","Action":"output","Package":"virmill.local/core/internal/ui/tui","Test":"TestGuestRecipeTUIResultReadOnlyAndUnknownEffectVisible","Output":"--- PASS: TestGuestRecipeTUIResultReadOnlyAndUnknownEffectVisible (0.01s)\n","OutputType":"frame"}
{"Time":"2026-09-08T17:32:53.53005275+03:00","Action":"pass","Package":"virmill.local/core/internal/ui/tui","Test":"TestGuestRecipeTUIResultReadOnlyAndUnknownEffectVisible","Elapsed":0.01}
{"Time":"2026-09-08T17:32:53.530057973+03:00","Action":"run","Package":"virmill.local/core/internal/ui/tui","Test":"TestGuestRecipeTUIFailuresClearSuccessfulPreviewAndAuthority"}
{"Time":"2026-09-08T17:32:53.530059363+03:00","Action":"output","Package":"virmill.local/core/internal/ui/tui","Test":"TestGuestRecipeTUIFailuresClearSuccessfulPreviewAndAuthority","Output":"=== RUN   TestGuestRecipeTUIFailuresClearSuccessfulPreviewAndAuthority\n","OutputType":"frame"}
{"Time":"2026-09-08T17:32:53.530085443+03:00","Action":"run","Package":"virmill.local/core/internal/ui/tui","Test":"TestGuestRecipeTUIFailuresClearSuccessfulPreviewAndAuthority/run/SOURCE_CHANGED"}
{"Time":"2026-09-08T17:32:53.53008712+03:00","Action":"output","Package":"virmill.local/core/internal/ui/tui","Test":"TestGuestRecipeTUIFailuresClearSuccessfulPreviewAndAuthority/run/SOURCE_CHANGED","Output":"=== RUN   TestGuestRecipeTUIFailuresClearSuccessfulPreviewAndAuthority/run/SOURCE_CHANGED\n","OutputType":"frame"}
{"Time":"2026-09-08T17:32:53.540128548+03:00","Action":"output","Package":"virmill.local/core/internal/ui/cli","Test":"TestNetworkAllocationCLIPlanReadbackAndExactApply/json/ranges","Output":"--- PASS: TestNetworkAllocationCLIPlanReadbackAndExactApply/json/ranges (0.03s)\n","OutputType":"frame"}
{"Time":"2026-09-08T17:32:53.540162605+03:00","Action":"pass","Package":"virmill.local/core/internal/ui/cli","Test":"TestNetworkAllocationCLIPlanReadbackAndExactApply/json/ranges","Elapsed":0.03}
{"Time":"2026-09-08T17:32:53.540169746+03:00","Action":"run","Package":"virmill.local/core/internal/ui/cli","Test":"TestNetworkAllocationCLIPlanReadbackAndExactApply/json/planned-conflict"}
{"Time":"2026-09-08T17:32:53.540172941+03:00","Action":"output","Package":"virmill.local/core/internal/ui/cli","Test":"TestNetworkAllocationCLIPlanReadbackAndExactApply/json/planned-conflict","Output":"=== RUN   TestNetworkAllocationCLIPlanReadbackAndExactApply/json/planned-conflict\n","OutputType":"frame"}
{"Time":"2026-09-08T17:32:53.564220425+03:00","Action":"output","Package":"virmill.local/core/internal/ui/cli","Test":"TestNetworkAllocationCLIPlanReadbackAndExactApply/json/planned-conflict","Output":"--- PASS: TestNetworkAllocationCLIPlanReadbackAndExactApply/json/planned-conflict (0.02s)\n","OutputType":"frame"}
{"Time":"2026-09-08T17:32:53.56425372+03:00","Action":"pass","Package":"virmill.local/core/internal/ui/cli","Test":"TestNetworkAllocationCLIPlanReadbackAndExactApply/json/planned-conflict","Elapsed":0.02}
{"Time":"2026-09-08T17:32:53.564265523+03:00","Action":"run","Package":"virmill.local/core/internal/ui/cli","Test":"TestNetworkAllocationCLIPlanReadbackAndExactApply/ndjson/ranges"}
{"Time":"2026-09-08T17:32:53.564267518+03:00","Action":"output","Package":"virmill.local/core/internal/ui/cli","Test":"TestNetworkAllocationCLIPlanReadbackAndExactApply/ndjson/ranges","Output":"=== RUN   TestNetworkAllocationCLIPlanReadbackAndExactApply/ndjson/ranges\n","OutputType":"frame"}
{"Time":"2026-09-08T17:32:53.585593982+03:00","Action":"output","Package":"virmill.local/core/internal/ui/cli","Test":"TestNetworkAllocationCLIPlanReadbackAndExactApply/ndjson/ranges","Output":"--- PASS: TestNetworkAllocationCLIPlanReadbackAndExactApply/ndjson/ranges (0.02s)\n","OutputType":"frame"}
{"Time":"2026-09-08T17:32:53.585625075+03:00","Action":"pass","Package":"virmill.local/core/internal/ui/cli","Test":"TestNetworkAllocationCLIPlanReadbackAndExactApply/ndjson/ranges","Elapsed":0.02}
{"Time":"2026-09-08T17:32:53.58563326+03:00","Action":"run","Package":"virmill.local/core/internal/ui/cli","Test":"TestNetworkAllocationCLIPlanReadbackAndExactApply/ndjson/planned-conflict"}
{"Time":"2026-09-08T17:32:53.585640408+03:00","Action":"output","Package":"virmill.local/core/internal/ui/cli","Test":"TestNetworkAllocationCLIPlanReadbackAndExactApply/ndjson/planned-conflict","Output":"=== RUN   TestNetworkAllocationCLIPlanReadbackAndExactApply/ndjson/planned-conflict\n","OutputType":"frame"}
{"Time":"2026-09-08T17:32:53.591430615+03:00","Action":"output","Package":"virmill.local/core/internal/ui/tui","Test":"TestGuestRecipeTUIFailuresClearSuccessfulPreviewAndAuthority/run/SOURCE_CHANGED","Output":"--- PASS: TestGuestRecipeTUIFailuresClearSuccessfulPreviewAndAuthority/run/SOURCE_CHANGED (0.06s)\n","OutputType":"frame"}
{"Time":"2026-09-08T17:32:53.591458195+03:00","Action":"pass","Package":"virmill.local/core/internal/ui/tui","Test":"TestGuestRecipeTUIFailuresClearSuccessfulPreviewAndAuthority/run/SOURCE_CHANGED","Elapsed":0.06}
{"Time":"2026-09-08T17:32:53.591463712+03:00","Action":"run","Package":"virmill.local/core/internal/ui/tui","Test":"TestGuestRecipeTUIFailuresClearSuccessfulPreviewAndAuthority/run/PERMISSION_DENIED"}
{"Time":"2026-09-08T17:32:53.591465411+03:00","Action":"output","Package":"virmill.local/core/internal/ui/tui","Test":"TestGuestRecipeTUIFailuresClearSuccessfulPreviewAndAuthority/run/PERMISSION_DENIED","Output":"=== RUN   TestGuestRecipeTUIFailuresClearSuccessfulPreviewAndAuthority/run/PERMISSION_DENIED\n","OutputType":"frame"}
{"Time":"2026-09-08T17:32:53.609558751+03:00","Action":"output","Package":"virmill.local/core/internal/ui/cli","Test":"TestNetworkAllocationCLIPlanReadbackAndExactApply/ndjson/planned-conflict","Output":"--- PASS: TestNetworkAllocationCLIPlanReadbackAndExactApply/ndjson/planned-conflict (0.02s)\n","OutputType":"frame"}
{"Time":"2026-09-08T17:32:53.609586753+03:00","Action":"pass","Package":"virmill.local/core/internal/ui/cli","Test":"TestNetworkAllocationCLIPlanReadbackAndExactApply/ndjson/planned-conflict","Elapsed":0.02}
{"Time":"2026-09-08T17:32:53.609593769+03:00","Action":"output","Package":"virmill.local/core/internal/ui/cli","Test":"TestNetworkAllocationCLIPlanReadbackAndExactApply","Output":"--- PASS: TestNetworkAllocationCLIPlanReadbackAndExactApply (0.09s)\n","OutputType":"frame"}
{"Time":"2026-09-08T17:32:53.609603019+03:00","Action":"pass","Package":"virmill.local/core/internal/ui/cli","Test":"TestNetworkAllocationCLIPlanReadbackAndExactApply","Elapsed":0.09}
{"Time":"2026-09-08T17:32:53.609622849+03:00","Action":"run","Package":"virmill.local/core/internal/ui/cli","Test":"TestNetworkAllocationCLIFailureHasNoSuccessOrReservation"}
{"Time":"2026-09-08T17:32:53.609624993+03:00","Action":"output","Package":"virmill.local/core/internal/ui/cli","Test":"TestNetworkAllocationCLIFailureHasNoSuccessOrReservation","Output":"=== RUN   TestNetworkAllocationCLIFailureHasNoSuccessOrReservation\n","OutputType":"frame"}
{"Time":"2026-09-08T17:32:53.609644289+03:00","Action":"run","Package":"virmill.local/core/internal/ui/cli","Test":"TestNetworkAllocationCLIFailureHasNoSuccessOrReservation/canceled"}
{"Time":"2026-09-08T17:32:53.609646929+03:00","Action":"output","Package":"virmill.local/core/internal/ui/cli","Test":"TestNetworkAllocationCLIFailureHasNoSuccessOrReservation/canceled","Output":"=== RUN   TestNetworkAllocationCLIFailureHasNoSuccessOrReservation/canceled\n","OutputType":"frame"}
{"Time":"2026-09-08T17:32:53.611915867+03:00","Action":"output","Package":"virmill.local/core/internal/ui/cli","Test":"TestNetworkAllocationCLIFailureHasNoSuccessOrReservation/canceled","Output":"--- PASS: TestNetworkAllocationCLIFailureHasNoSuccessOrReservation/canceled (0.00s)\n","OutputType":"frame"}
{"Time":"2026-09-08T17:32:53.611942191+03:00","Action":"pass","Package":"virmill.local/core/internal/ui/cli","Test":"TestNetworkAllocationCLIFailureHasNoSuccessOrReservation/canceled","Elapsed":0}
{"Time":"2026-09-08T17:32:53.611954366+03:00","Action":"run","Package":"virmill.local/core/internal/ui/cli","Test":"TestNetworkAllocationCLIFailureHasNoSuccessOrReservation/exhausted"}
{"Time":"2026-09-08T17:32:53.611956099+03:00","Action":"output","Package":"virmill.local/core/internal/ui/cli","Test":"TestNetworkAllocationCLIFailureHasNoSuccessOrReservation/exhausted","Output":"=== RUN   TestNetworkAllocationCLIFailureHasNoSuccessOrReservation/exhausted\n","OutputType":"frame"}
{"Time":"2026-09-08T17:32:53.616019061+03:00","Action":"output","Package":"virmill.local/core/internal/ui/cli","Test":"TestNetworkAllocationCLIFailureHasNoSuccessOrReservation/exhausted","Output":"--- PASS: TestNetworkAllocationCLIFailureHasNoSuccessOrReservation/exhausted (0.00s)\n","OutputType":"frame"}
{"Time":"2026-09-08T17:32:53.616034405+03:00","Action":"pass","Package":"virmill.local/core/internal/ui/cli","Test":"TestNetworkAllocationCLIFailureHasNoSuccessOrReservation/exhausted","Elapsed":0}
{"Time":"2026-09-08T17:32:53.616041174+03:00","Action":"run","Package":"virmill.local/core/internal/ui/cli","Test":"TestNetworkAllocationCLIFailureHasNoSuccessOrReservation/invalid-settings"}
{"Time":"2026-09-08T17:32:53.616042912+03:00","Action":"output","Package":"virmill.local/core/internal/ui/cli","Test":"TestNetworkAllocationCLIFailureHasNoSuccessOrReservation/invalid-settings","Output":"=== RUN   TestNetworkAllocationCLIFailureHasNoSuccessOrReservation/invalid-settings\n","OutputType":"frame"}
{"Time":"2026-09-08T17:32:53.619021497+03:00","Action":"output","Package":"virmill.local/core/internal/ui/cli","Test":"TestNetworkAllocationCLIFailureHasNoSuccessOrReservation/invalid-settings","Output":"--- PASS: TestNetworkAllocationCLIFailureHasNoSuccessOrReservation/invalid-settings (0.00s)\n","OutputType":"frame"}
{"Time":"2026-09-08T17:32:53.619036071+03:00","Action":"pass","Package":"virmill.local/core/internal/ui/cli","Test":"TestNetworkAllocationCLIFailureHasNoSuccessOrReservation/invalid-settings","Elapsed":0}
{"Time":"2026-09-08T17:32:53.619058674+03:00","Action":"output","Package":"virmill.local/core/internal/ui/cli","Test":"TestNetworkAllocationCLIFailureHasNoSuccessOrReservation","Output":"--- PASS: TestNetworkAllocationCLIFailureHasNoSuccessOrReservation (0.01s)\n","OutputType":"frame"}
{"Time":"2026-09-08T17:32:53.619070757+03:00","Action":"pass","Package":"virmill.local/core/internal/ui/cli","Test":"TestNetworkAllocationCLIFailureHasNoSuccessOrReservation","Elapsed":0.01}
{"Time":"2026-09-08T17:32:53.61908594+03:00","Action":"run","Package":"virmill.local/core/internal/ui/cli","Test":"TestNetworkCreationUsesSharedPreview"}
{"Time":"2026-09-08T17:32:53.619088457+03:00","Action":"output","Package":"virmill.local/core/internal/ui/cli","Test":"TestNetworkCreationUsesSharedPreview","Output":"=== RUN   TestNetworkCreationUsesSharedPreview\n","OutputType":"frame"}
{"Time":"2026-09-08T17:32:53.62039925+03:00","Action":"output","Package":"virmill.local/core/internal/ui/cli","Test":"TestNetworkCreationUsesSharedPreview","Output":"--- PASS: TestNetworkCreationUsesSharedPreview (0.00s)\n","OutputType":"frame"}
{"Time":"2026-09-08T17:32:53.620414431+03:00","Action":"pass","Package":"virmill.local/core/internal/ui/cli","Test":"TestNetworkCreationUsesSharedPreview","Elapsed":0}
{"Time":"2026-09-08T17:32:53.620421536+03:00","Action":"run","Package":"virmill.local/core/internal/ui/cli","Test":"TestProtectedNetworkCLIReviewExamplesAndExactApproval"}
{"Time":"2026-09-08T17:32:53.620422929+03:00","Action":"output","Package":"virmill.local/core/internal/ui/cli","Test":"TestProtectedNetworkCLIReviewExamplesAndExactApproval","Output":"=== RUN   TestProtectedNetworkCLIReviewExamplesAndExactApproval\n","OutputType":"frame"}
{"Time":"2026-09-08T17:32:53.620459647+03:00","Action":"run","Package":"virmill.local/core/internal/ui/cli","Test":"TestProtectedNetworkCLIReviewExamplesAndExactApproval/protected-nat.yaml/json"}
{"Time":"2026-09-08T17:32:53.620469953+03:00","Action":"output","Package":"virmill.local/core/internal/ui/cli","Test":"TestProtectedNetworkCLIReviewExamplesAndExactApproval/protected-nat.yaml/json","Output":"=== RUN   TestProtectedNetworkCLIReviewExamplesAndExactApproval/protected-nat.yaml/json\n","OutputType":"frame"}
{"Time":"2026-09-08T17:32:53.640299312+03:00","Action":"output","Package":"virmill.local/core/internal/ui/cli","Test":"TestProtectedNetworkCLIReviewExamplesAndExactApproval/protected-nat.yaml/json","Output":"--- PASS: TestProtectedNetworkCLIReviewExamplesAndExactApproval/protected-nat.yaml/json (0.02s)\n","OutputType":"frame"}
{"Time":"2026-09-08T17:32:53.640354114+03:00","Action":"pass","Package":"virmill.local/core/internal/ui/cli","Test":"TestProtectedNetworkCLIReviewExamplesAndExactApproval/protected-nat.yaml/json","Elapsed":0.02}
{"Time":"2026-09-08T17:32:53.640363227+03:00","Action":"run","Package":"virmill.local/core/internal/ui/cli","Test":"TestProtectedNetworkCLIReviewExamplesAndExactApproval/protected-nat.yaml/ndjson"}
{"Time":"2026-09-08T17:32:53.640365061+03:00","Action":"output","Package":"virmill.local/core/internal/ui/cli","Test":"TestProtectedNetworkCLIReviewExamplesAndExactApproval/protected-nat.yaml/ndjson","Output":"=== RUN   TestProtectedNetworkCLIReviewExamplesAndExactApproval/protected-nat.yaml/ndjson\n","OutputType":"frame"}
{"Time":"2026-09-08T17:32:53.658502508+03:00","Action":"output","Package":"virmill.local/core/internal/ui/tui","Test":"TestGuestRecipeTUIFailuresClearSuccessfulPreviewAndAuthority/run/PERMISSION_DENIED","Output":"--- PASS: TestGuestRecipeTUIFailuresClearSuccessfulPreviewAndAuthority/run/PERMISSION_DENIED (0.07s)\n","OutputType":"frame"}
{"Time":"2026-09-08T17:32:53.658533581+03:00","Action":"pass","Package":"virmill.local/core/internal/ui/tui","Test":"TestGuestRecipeTUIFailuresClearSuccessfulPreviewAndAuthority/run/PERMISSION_DENIED","Elapsed":0.07}
{"Time":"2026-09-08T17:32:53.658538835+03:00","Action":"run","Package":"virmill.local/core/internal/ui/tui","Test":"TestGuestRecipeTUIFailuresClearSuccessfulPreviewAndAuthority/run/INVALID_INPUT"}
{"Time":"2026-09-08T17:32:53.658540646+03:00","Action":"output","Package":"virmill.local/core/internal/ui/tui","Test":"TestGuestRecipeTUIFailuresClearSuccessfulPreviewAndAuthority/run/INVALID_INPUT","Output":"=== RUN   TestGuestRecipeTUIFailuresClearSuccessfulPreviewAndAuthority/run/INVALID_INPUT\n","OutputType":"frame"}
{"Time":"2026-09-08T17:32:53.6602823+03:00","Action":"output","Package":"virmill.local/core/internal/ui/cli","Test":"TestProtectedNetworkCLIReviewExamplesAndExactApproval/protected-nat.yaml/ndjson","Output":"--- PASS: TestProtectedNetworkCLIReviewExamplesAndExactApproval/protected-nat.yaml/ndjson (0.02s)\n","OutputType":"frame"}
{"Time":"2026-09-08T17:32:53.660517321+03:00","Action":"pass","Package":"virmill.local/core/internal/ui/cli","Test":"TestProtectedNetworkCLIReviewExamplesAndExactApproval/protected-nat.yaml/ndjson","Elapsed":0.02}
{"Time":"2026-09-08T17:32:53.660532697+03:00","Action":"run","Package":"virmill.local/core/internal/ui/cli","Test":"TestProtectedNetworkCLIReviewExamplesAndExactApproval/protected-lab.yaml/json"}
{"Time":"2026-09-08T17:32:53.660536291+03:00","Action":"output","Package":"virmill.local/core/internal/ui/cli","Test":"TestProtectedNetworkCLIReviewExamplesAndExactApproval/protected-lab.yaml/json","Output":"=== RUN   TestProtectedNetworkCLIReviewExamplesAndExactApproval/protected-lab.yaml/json\n","OutputType":"frame"}
{"Time":"2026-09-08T17:32:53.679845262+03:00","Action":"output","Package":"virmill.local/core/internal/ui/cli","Test":"TestProtectedNetworkCLIReviewExamplesAndExactApproval/protected-lab.yaml/json","Output":"--- PASS: TestProtectedNetworkCLIReviewExamplesAndExactApproval/protected-lab.yaml/json (0.02s)\n","OutputType":"frame"}
{"Time":"2026-09-08T17:32:53.67988554+03:00","Action":"pass","Package":"virmill.local/core/internal/ui/cli","Test":"TestProtectedNetworkCLIReviewExamplesAndExactApproval/protected-lab.yaml/json","Elapsed":0.02}
{"Time":"2026-09-08T17:32:53.679898139+03:00","Action":"run","Package":"virmill.local/core/internal/ui/cli","Test":"TestProtectedNetworkCLIReviewExamplesAndExactApproval/protected-lab.yaml/ndjson"}
{"Time":"2026-09-08T17:32:53.679901304+03:00","Action":"output","Package":"virmill.local/core/internal/ui/cli","Test":"TestProtectedNetworkCLIReviewExamplesAndExactApproval/protected-lab.yaml/ndjson","Output":"=== RUN   TestProtectedNetworkCLIReviewExamplesAndExactApproval/protected-lab.yaml/ndjson\n","OutputType":"frame"}
{"Time":"2026-09-08T17:32:53.698962862+03:00","Action":"output","Package":"virmill.local/core/internal/ui/cli","Test":"TestProtectedNetworkCLIReviewExamplesAndExactApproval/protected-lab.yaml/ndjson","Output":"--- PASS: TestProtectedNetworkCLIReviewExamplesAndExactApproval/protected-lab.yaml/ndjson (0.02s)\n","OutputType":"frame"}
{"Time":"2026-09-08T17:32:53.698995287+03:00","Action":"pass","Package":"virmill.local/core/internal/ui/cli","Test":"TestProtectedNetworkCLIReviewExamplesAndExactApproval/protected-lab.yaml/ndjson","Elapsed":0.02}
{"Time":"2026-09-08T17:32:53.699003979+03:00","Action":"run","Package":"virmill.local/core/internal/ui/cli","Test":"TestProtectedNetworkCLIReviewExamplesAndExactApproval/protected-static-lab.yaml/json"}
{"Time":"2026-09-08T17:32:53.699005881+03:00","Action":"output","Package":"virmill.local/core/internal/ui/cli","Test":"TestProtectedNetworkCLIReviewExamplesAndExactApproval/protected-static-lab.yaml/json","Output":"=== RUN   TestProtectedNetworkCLIReviewExamplesAndExactApproval/protected-static-lab.yaml/json\n","OutputType":"frame"}
{"Time":"2026-09-08T17:32:53.718065625+03:00","Action":"output","Package":"virmill.local/core/internal/ui/cli","Test":"TestProtectedNetworkCLIReviewExamplesAndExactApproval/protected-static-lab.yaml/json","Output":"--- PASS: TestProtectedNetworkCLIReviewExamplesAndExactApproval/protected-static-lab.yaml/json (0.02s)\n","OutputType":"frame"}
{"Time":"2026-09-08T17:32:53.718093016+03:00","Action":"pass","Package":"virmill.local/core/internal/ui/cli","Test":"TestProtectedNetworkCLIReviewExamplesAndExactApproval/protected-static-lab.yaml/json","Elapsed":0.02}
{"Time":"2026-09-08T17:32:53.718098525+03:00","Action":"run","Package":"virmill.local/core/internal/ui/cli","Test":"TestProtectedNetworkCLIReviewExamplesAndExactApproval/protected-static-lab.yaml/ndjson"}
{"Time":"2026-09-08T17:32:53.718100288+03:00","Action":"output","Package":"virmill.local/core/internal/ui/cli","Test":"TestProtectedNetworkCLIReviewExamplesAndExactApproval/protected-static-lab.yaml/ndjson","Output":"=== RUN   TestProtectedNetworkCLIReviewExamplesAndExactApproval/protected-static-lab.yaml/ndjson\n","OutputType":"frame"}
{"Time":"2026-09-08T17:32:53.72313171+03:00","Action":"output","Package":"virmill.local/core/internal/ui/tui","Test":"TestGuestRecipeTUIFailuresClearSuccessfulPreviewAndAuthority/run/INVALID_INPUT","Output":"--- PASS: TestGuestRecipeTUIFailuresClearSuccessfulPreviewAndAuthority/run/INVALID_INPUT (0.06s)\n","OutputType":"frame"}
{"Time":"2026-09-08T17:32:53.723151937+03:00","Action":"pass","Package":"virmill.local/core/internal/ui/tui","Test":"TestGuestRecipeTUIFailuresClearSuccessfulPreviewAndAuthority/run/INVALID_INPUT","Elapsed":0.06}
{"Time":"2026-09-08T17:32:53.72317083+03:00","Action":"run","Package":"virmill.local/core/internal/ui/tui","Test":"TestGuestRecipeTUIFailuresClearSuccessfulPreviewAndAuthority/run/RECOVERY_REQUIRED"}
{"Time":"2026-09-08T17:32:53.723173081+03:00","Action":"output","Package":"virmill.local/core/internal/ui/tui","Test":"TestGuestRecipeTUIFailuresClearSuccessfulPreviewAndAuthority/run/RECOVERY_REQUIRED","Output":"=== RUN   TestGuestRecipeTUIFailuresClearSuccessfulPreviewAndAuthority/run/RECOVERY_REQUIRED\n","OutputType":"frame"}
{"Time":"2026-09-08T17:32:53.738723651+03:00","Action":"output","Package":"virmill.local/core/internal/ui/cli","Test":"TestProtectedNetworkCLIReviewExamplesAndExactApproval/protected-static-lab.yaml/ndjson","Output":"--- PASS: TestProtectedNetworkCLIReviewExamplesAndExactApproval/protected-static-lab.yaml/ndjson (0.02s)\n","OutputType":"frame"}
{"Time":"2026-09-08T17:32:53.738768261+03:00","Action":"pass","Package":"virmill.local/core/internal/ui/cli","Test":"TestProtectedNetworkCLIReviewExamplesAndExactApproval/protected-static-lab.yaml/ndjson","Elapsed":0.02}
{"Time":"2026-09-08T17:32:53.738777482+03:00","Action":"run","Package":"virmill.local/core/internal/ui/cli","Test":"TestProtectedNetworkCLIReviewExamplesAndExactApproval/guest-only.yaml/json"}
{"Time":"2026-09-08T17:32:53.738781408+03:00","Action":"output","Package":"virmill.local/core/internal/ui/cli","Test":"TestProtectedNetworkCLIReviewExamplesAndExactApproval/guest-only.yaml/json","Output":"=== RUN   TestProtectedNetworkCLIReviewExamplesAndExactApproval/guest-only.yaml/json\n","OutputType":"frame"}
{"Time":"2026-09-08T17:32:53.757710296+03:00","Action":"output","Package":"virmill.local/core/internal/ui/cli","Test":"TestProtectedNetworkCLIReviewExamplesAndExactApproval/guest-only.yaml/json","Output":"--- PASS: TestProtectedNetworkCLIReviewExamplesAndExactApproval/guest-only.yaml/json (0.02s)\n","OutputType":"frame"}
{"Time":"2026-09-08T17:32:53.757750969+03:00","Action":"pass","Package":"virmill.local/core/internal/ui/cli","Test":"TestProtectedNetworkCLIReviewExamplesAndExactApproval/guest-only.yaml/json","Elapsed":0.02}
{"Time":"2026-09-08T17:32:53.757757098+03:00","Action":"run","Package":"virmill.local/core/internal/ui/cli","Test":"TestProtectedNetworkCLIReviewExamplesAndExactApproval/guest-only.yaml/ndjson"}
{"Time":"2026-09-08T17:32:53.757760336+03:00","Action":"output","Package":"virmill.local/core/internal/ui/cli","Test":"TestProtectedNetworkCLIReviewExamplesAndExactApproval/guest-only.yaml/ndjson","Output":"=== RUN   TestProtectedNetworkCLIReviewExamplesAndExactApproval/guest-only.yaml/ndjson\n","OutputType":"frame"}
{"Time":"2026-09-08T17:32:53.77754456+03:00","Action":"output","Package":"virmill.local/core/internal/ui/cli","Test":"TestProtectedNetworkCLIReviewExamplesAndExactApproval/guest-only.yaml/ndjson","Output":"--- PASS: TestProtectedNetworkCLIReviewExamplesAndExactApproval/guest-only.yaml/ndjson (0.02s)\n","OutputType":"frame"}
{"Time":"2026-09-08T17:32:53.777599312+03:00","Action":"pass","Package":"virmill.local/core/internal/ui/cli","Test":"TestProtectedNetworkCLIReviewExamplesAndExactApproval/guest-only.yaml/ndjson","Elapsed":0.02}
{"Time":"2026-09-08T17:32:53.77760569+03:00","Action":"run","Package":"virmill.local/core/internal/ui/cli","Test":"TestProtectedNetworkCLIReviewExamplesAndExactApproval/protected-guest-only-no-cidr.yaml/json"}
{"Time":"2026-09-08T17:32:53.777607172+03:00","Action":"output","Package":"virmill.local/core/internal/ui/cli","Test":"TestProtectedNetworkCLIReviewExamplesAndExactApproval/protected-guest-only-no-cidr.yaml/json","Output":"=== RUN   TestProtectedNetworkCLIReviewExamplesAndExactApproval/protected-guest-only-no-cidr.yaml/json\n","OutputType":"frame"}
{"Time":"2026-09-08T17:32:53.785432472+03:00","Action":"output","Package":"virmill.local/core/internal/ui/tui","Test":"TestGuestRecipeTUIFailuresClearSuccessfulPreviewAndAuthority/run/RECOVERY_REQUIRED","Output":"--- PASS: TestGuestRecipeTUIFailuresClearSuccessfulPreviewAndAuthority/run/RECOVERY_REQUIRED (0.06s)\n","OutputType":"frame"}
{"Time":"2026-09-08T17:32:53.785450304+03:00","Action":"pass","Package":"virmill.local/core/internal/ui/tui","Test":"TestGuestRecipeTUIFailuresClearSuccessfulPreviewAndAuthority/run/RECOVERY_REQUIRED","Elapsed":0.06}
{"Time":"2026-09-08T17:32:53.785471908+03:00","Action":"run","Package":"virmill.local/core/internal/ui/tui","Test":"TestGuestRecipeTUIFailuresClearSuccessfulPreviewAndAuthority/run/canceled"}
{"Time":"2026-09-08T17:32:53.785474716+03:00","Action":"output","Package":"virmill.local/core/internal/ui/tui","Test":"TestGuestRecipeTUIFailuresClearSuccessfulPreviewAndAuthority/run/canceled","Output":"=== RUN   TestGuestRecipeTUIFailuresClearSuccessfulPreviewAndAuthority/run/canceled\n","OutputType":"frame"}
{"Time":"2026-09-08T17:32:53.796343975+03:00","Action":"output","Package":"virmill.local/core/internal/ui/cli","Test":"TestProtectedNetworkCLIReviewExamplesAndExactApproval/protected-guest-only-no-cidr.yaml/json","Output":"--- PASS: TestProtectedNetworkCLIReviewExamplesAndExactApproval/protected-guest-only-no-cidr.yaml/json (0.02s)\n","OutputType":"frame"}
{"Time":"2026-09-08T17:32:53.796362811+03:00","Action":"pass","Package":"virmill.local/core/internal/ui/cli","Test":"TestProtectedNetworkCLIReviewExamplesAndExactApproval/protected-guest-only-no-cidr.yaml/json","Elapsed":0.02}
{"Time":"2026-09-08T17:32:53.796366699+03:00","Action":"run","Package":"virmill.local/core/internal/ui/cli","Test":"TestProtectedNetworkCLIReviewExamplesAndExactApproval/protected-guest-only-no-cidr.yaml/ndjson"}
{"Time":"2026-09-08T17:32:53.796368292+03:00","Action":"output","Package":"virmill.local/core/internal/ui/cli","Test":"TestProtectedNetworkCLIReviewExamplesAndExactApproval/protected-guest-only-no-cidr.yaml/ndjson","Output":"=== RUN   TestProtectedNetworkCLIReviewExamplesAndExactApproval/protected-guest-only-no-cidr.yaml/ndjson\n","OutputType":"frame"}
{"Time":"2026-09-08T17:32:53.815717173+03:00","Action":"output","Package":"virmill.local/core/internal/ui/cli","Test":"TestProtectedNetworkCLIReviewExamplesAndExactApproval/protected-guest-only-no-cidr.yaml/ndjson","Output":"--- PASS: TestProtectedNetworkCLIReviewExamplesAndExactApproval/protected-guest-only-no-cidr.yaml/ndjson (0.02s)\n","OutputType":"frame"}
{"Time":"2026-09-08T17:32:53.815752095+03:00","Action":"pass","Package":"virmill.local/core/internal/ui/cli","Test":"TestProtectedNetworkCLIReviewExamplesAndExactApproval/protected-guest-only-no-cidr.yaml/ndjson","Elapsed":0.02}
{"Time":"2026-09-08T17:32:53.815762143+03:00","Action":"run","Package":"virmill.local/core/internal/ui/cli","Test":"TestProtectedNetworkCLIReviewExamplesAndExactApproval/allowed-host-nat.yaml/json"}
{"Time":"2026-09-08T17:32:53.81576474+03:00","Action":"output","Package":"virmill.local/core/internal/ui/cli","Test":"TestProtectedNetworkCLIReviewExamplesAndExactApproval/allowed-host-nat.yaml/json","Output":"=== RUN   TestProtectedNetworkCLIReviewExamplesAndExactApproval/allowed-host-nat.yaml/json\n","OutputType":"frame"}
{"Time":"2026-09-08T17:32:53.834887195+03:00","Action":"output","Package":"virmill.local/core/internal/ui/cli","Test":"TestProtectedNetworkCLIReviewExamplesAndExactApproval/allowed-host-nat.yaml/json","Output":"--- PASS: TestProtectedNetworkCLIReviewExamplesAndExactApproval/allowed-host-nat.yaml/json (0.02s)\n","OutputType":"frame"}
{"Time":"2026-09-08T17:32:53.83492752+03:00","Action":"pass","Package":"virmill.local/core/internal/ui/cli","Test":"TestProtectedNetworkCLIReviewExamplesAndExactApproval/allowed-host-nat.yaml/json","Elapsed":0.02}
{"Time":"2026-09-08T17:32:53.834935899+03:00","Action":"run","Package":"virmill.local/core/internal/ui/cli","Test":"TestProtectedNetworkCLIReviewExamplesAndExactApproval/allowed-host-nat.yaml/ndjson"}
{"Time":"2026-09-08T17:32:53.834938565+03:00","Action":"output","Package":"virmill.local/core/internal/ui/cli","Test":"TestProtectedNetworkCLIReviewExamplesAndExactApproval/allowed-host-nat.yaml/ndjson","Output":"=== RUN   TestProtectedNetworkCLIReviewExamplesAndExactApproval/allowed-host-nat.yaml/ndjson\n","OutputType":"frame"}
{"Time":"2026-09-08T17:32:53.849922871+03:00","Action":"output","Package":"virmill.local/core/internal/ui/tui","Test":"TestGuestRecipeTUIFailuresClearSuccessfulPreviewAndAuthority/run/canceled","Output":"--- PASS: TestGuestRecipeTUIFailuresClearSuccessfulPreviewAndAuthority/run/canceled (0.06s)\n","OutputType":"frame"}
{"Time":"2026-09-08T17:32:53.849961297+03:00","Action":"pass","Package":"virmill.local/core/internal/ui/tui","Test":"TestGuestRecipeTUIFailuresClearSuccessfulPreviewAndAuthority/run/canceled","Elapsed":0.06}
{"Time":"2026-09-08T17:32:53.849966865+03:00","Action":"run","Package":"virmill.local/core/internal/ui/tui","Test":"TestGuestRecipeTUIFailuresClearSuccessfulPreviewAndAuthority/run/transport"}
{"Time":"2026-09-08T17:32:53.849969141+03:00","Action":"output","Package":"virmill.local/core/internal/ui/tui","Test":"TestGuestRecipeTUIFailuresClearSuccessfulPreviewAndAuthority/run/transport","Output":"=== RUN   TestGuestRecipeTUIFailuresClearSuccessfulPreviewAndAuthority/run/transport\n","OutputType":"frame"}
{"Time":"2026-09-08T17:32:53.853832877+03:00","Action":"output","Package":"virmill.local/core/internal/ui/cli","Test":"TestProtectedNetworkCLIReviewExamplesAndExactApproval/allowed-host-nat.yaml/ndjson","Output":"--- PASS: TestProtectedNetworkCLIReviewExamplesAndExactApproval/allowed-host-nat.yaml/ndjson (0.02s)\n","OutputType":"frame"}
{"Time":"2026-09-08T17:32:53.853846884+03:00","Action":"pass","Package":"virmill.local/core/internal/ui/cli","Test":"TestProtectedNetworkCLIReviewExamplesAndExactApproval/allowed-host-nat.yaml/ndjson","Elapsed":0.02}
{"Time":"2026-09-08T17:32:53.853865565+03:00","Action":"run","Package":"virmill.local/core/internal/ui/cli","Test":"TestProtectedNetworkCLIReviewExamplesAndExactApproval/allowed-host-lab.yaml/json"}
{"Time":"2026-09-08T17:32:53.85386732+03:00","Action":"output","Package":"virmill.local/core/internal/ui/cli","Test":"TestProtectedNetworkCLIReviewExamplesAndExactApproval/allowed-host-lab.yaml/json","Output":"=== RUN   TestProtectedNetworkCLIReviewExamplesAndExactApproval/allowed-host-lab.yaml/json\n","OutputType":"frame"}
{"Time":"2026-09-08T17:32:53.873353874+03:00","Action":"output","Package":"virmill.local/core/internal/ui/cli","Test":"TestProtectedNetworkCLIReviewExamplesAndExactApproval/allowed-host-lab.yaml/json","Output":"--- PASS: TestProtectedNetworkCLIReviewExamplesAndExactApproval/allowed-host-lab.yaml/json (0.02s)\n","OutputType":"frame"}
{"Time":"2026-09-08T17:32:53.873360237+03:00","Action":"pass","Package":"virmill.local/core/internal/ui/cli","Test":"TestProtectedNetworkCLIReviewExamplesAndExactApproval/allowed-host-lab.yaml/json","Elapsed":0.02}
{"Time":"2026-09-08T17:32:53.873945912+03:00","Action":"run","Package":"virmill.local/core/internal/ui/cli","Test":"TestProtectedNetworkCLIReviewExamplesAndExactApproval/allowed-host-lab.yaml/ndjson"}
{"Time":"2026-09-08T17:32:53.87395562+03:00","Action":"output","Package":"virmill.local/core/internal/ui/cli","Test":"TestProtectedNetworkCLIReviewExamplesAndExactApproval/allowed-host-lab.yaml/ndjson","Output":"=== RUN   TestProtectedNetworkCLIReviewExamplesAndExactApproval/allowed-host-lab.yaml/ndjson\n","OutputType":"frame"}
{"Time":"2026-09-08T17:32:53.89592064+03:00","Action":"output","Package":"virmill.local/core/internal/ui/cli","Test":"TestProtectedNetworkCLIReviewExamplesAndExactApproval/allowed-host-lab.yaml/ndjson","Output":"--- PASS: TestProtectedNetworkCLIReviewExamplesAndExactApproval/allowed-host-lab.yaml/ndjson (0.02s)\n","OutputType":"frame"}
{"Time":"2026-09-08T17:32:53.895954115+03:00","Action":"pass","Package":"virmill.local/core/internal/ui/cli","Test":"TestProtectedNetworkCLIReviewExamplesAndExactApproval/allowed-host-lab.yaml/ndjson","Elapsed":0.02}
{"Time":"2026-09-08T17:32:53.8959617+03:00","Action":"output","Package":"virmill.local/core/internal/ui/cli","Test":"TestProtectedNetworkCLIReviewExamplesAndExactApproval","Output":"--- PASS: TestProtectedNetworkCLIReviewExamplesAndExactApproval (0.28s)\n","OutputType":"frame"}
{"Time":"2026-09-08T17:32:53.895963941+03:00","Action":"pass","Package":"virmill.local/core/internal/ui/cli","Test":"TestProtectedNetworkCLIReviewExamplesAndExactApproval","Elapsed":0.28}
{"Time":"2026-09-08T17:32:53.895966115+03:00","Action":"run","Package":"virmill.local/core/internal/ui/cli","Test":"TestProtectedNetworkCLICancellationAndValidationDoNotExposeSuccess"}
{"Time":"2026-09-08T17:32:53.895967549+03:00","Action":"output","Package":"virmill.local/core/internal/ui/cli","Test":"TestProtectedNetworkCLICancellationAndValidationDoNotExposeSuccess","Output":"=== RUN   TestProtectedNetworkCLICancellationAndValidationDoNotExposeSuccess\n","OutputType":"frame"}
{"Time":"2026-09-08T17:32:53.895970063+03:00","Action":"run","Package":"virmill.local/core/internal/ui/cli","Test":"TestProtectedNetworkCLICancellationAndValidationDoNotExposeSuccess/canceled"}
{"Time":"2026-09-08T17:32:53.89597162+03:00","Action":"output","Package":"virmill.local/core/internal/ui/cli","Test":"TestProtectedNetworkCLICancellationAndValidationDoNotExposeSuccess/canceled","Output":"=== RUN   TestProtectedNetworkCLICancellationAndValidationDoNotExposeSuccess/canceled\n","OutputType":"frame"}
{"Time":"2026-09-08T17:32:53.897770871+03:00","Action":"output","Package":"virmill.local/core/internal/ui/cli","Test":"TestProtectedNetworkCLICancellationAndValidationDoNotExposeSuccess/canceled","Output":"--- PASS: TestProtectedNetworkCLICancellationAndValidationDoNotExposeSuccess/canceled (0.00s)\n","OutputType":"frame"}
{"Time":"2026-09-08T17:32:53.897785943+03:00","Action":"pass","Package":"virmill.local/core/internal/ui/cli","Test":"TestProtectedNetworkCLICancellationAndValidationDoNotExposeSuccess/canceled","Elapsed":0}
{"Time":"2026-09-08T17:32:53.897789214+03:00","Action":"run","Package":"virmill.local/core/internal/ui/cli","Test":"TestProtectedNetworkCLICancellationAndValidationDoNotExposeSuccess/session"}
{"Time":"2026-09-08T17:32:53.89779093+03:00","Action":"output","Package":"virmill.local/core/internal/ui/cli","Test":"TestProtectedNetworkCLICancellationAndValidationDoNotExposeSuccess/session","Output":"=== RUN   TestProtectedNetworkCLICancellationAndValidationDoNotExposeSuccess/session\n","OutputType":"frame"}
{"Time":"2026-09-08T17:32:53.899516364+03:00","Action":"output","Package":"virmill.local/core/internal/ui/cli","Test":"TestProtectedNetworkCLICancellationAndValidationDoNotExposeSuccess/session","Output":"--- PASS: TestProtectedNetworkCLICancellationAndValidationDoNotExposeSuccess/session (0.00s)\n","OutputType":"frame"}
{"Time":"2026-09-08T17:32:53.899526438+03:00","Action":"pass","Package":"virmill.local/core/internal/ui/cli","Test":"TestProtectedNetworkCLICancellationAndValidationDoNotExposeSuccess/session","Elapsed":0}
{"Time":"2026-09-08T17:32:53.899529072+03:00","Action":"run","Package":"virmill.local/core/internal/ui/cli","Test":"TestProtectedNetworkCLICancellationAndValidationDoNotExposeSuccess/unexpected-input"}
{"Time":"2026-09-08T17:32:53.899530533+03:00","Action":"output","Package":"virmill.local/core/internal/ui/cli","Test":"TestProtectedNetworkCLICancellationAndValidationDoNotExposeSuccess/unexpected-input","Output":"=== RUN   TestProtectedNetworkCLICancellationAndValidationDoNotExposeSuccess/unexpected-input\n","OutputType":"frame"}
{"Time":"2026-09-08T17:32:53.901137149+03:00","Action":"output","Package":"virmill.local/core/internal/ui/cli","Test":"TestProtectedNetworkCLICancellationAndValidationDoNotExposeSuccess/unexpected-input","Output":"--- PASS: TestProtectedNetworkCLICancellationAndValidationDoNotExposeSuccess/unexpected-input (0.00s)\n","OutputType":"frame"}
{"Time":"2026-09-08T17:32:53.901147144+03:00","Action":"pass","Package":"virmill.local/core/internal/ui/cli","Test":"TestProtectedNetworkCLICancellationAndValidationDoNotExposeSuccess/unexpected-input","Elapsed":0}
{"Time":"2026-09-08T17:32:53.901151108+03:00","Action":"output","Package":"virmill.local/core/internal/ui/cli","Test":"TestProtectedNetworkCLICancellationAndValidationDoNotExposeSuccess","Output":"--- PASS: TestProtectedNetworkCLICancellationAndValidationDoNotExposeSuccess (0.01s)\n","OutputType":"frame"}
{"Time":"2026-09-08T17:32:53.901153154+03:00","Action":"pass","Package":"virmill.local/core/internal/ui/cli","Test":"TestProtectedNetworkCLICancellationAndValidationDoNotExposeSuccess","Elapsed":0.01}
{"Time":"2026-09-08T17:32:53.901156113+03:00","Action":"run","Package":"virmill.local/core/internal/ui/cli","Test":"TestBackupPolicyCommandsNormalizePathsAndNeverApply"}
{"Time":"2026-09-08T17:32:53.901158259+03:00","Action":"output","Package":"virmill.local/core/internal/ui/cli","Test":"TestBackupPolicyCommandsNormalizePathsAndNeverApply","Output":"=== RUN   TestBackupPolicyCommandsNormalizePathsAndNeverApply\n","OutputType":"frame"}
{"Time":"2026-09-08T17:32:53.902293923+03:00","Action":"output","Package":"virmill.local/core/internal/ui/cli","Test":"TestBackupPolicyCommandsNormalizePathsAndNeverApply","Output":"--- PASS: TestBackupPolicyCommandsNormalizePathsAndNeverApply (0.00s)\n","OutputType":"frame"}
{"Time":"2026-09-08T17:32:53.902309712+03:00","Action":"pass","Package":"virmill.local/core/internal/ui/cli","Test":"TestBackupPolicyCommandsNormalizePathsAndNeverApply","Elapsed":0}
{"Time":"2026-09-08T17:32:53.902315662+03:00","Action":"run","Package":"virmill.local/core/internal/ui/cli","Test":"TestProviderConformanceUsesSharedPluginTest"}
{"Time":"2026-09-08T17:32:53.902327982+03:00","Action":"output","Package":"virmill.local/core/internal/ui/cli","Test":"TestProviderConformanceUsesSharedPluginTest","Output":"=== RUN   TestProviderConformanceUsesSharedPluginTest\n","OutputType":"frame"}
{"Time":"2026-09-08T17:32:53.904640037+03:00","Action":"output","Package":"virmill.local/core/internal/ui/cli","Test":"TestProviderConformanceUsesSharedPluginTest","Output":"--- PASS: TestProviderConformanceUsesSharedPluginTest (0.00s)\n","OutputType":"frame"}
{"Time":"2026-09-08T17:32:53.904657549+03:00","Action":"pass","Package":"virmill.local/core/internal/ui/cli","Test":"TestProviderConformanceUsesSharedPluginTest","Elapsed":0}
{"Time":"2026-09-08T17:32:53.904664619+03:00","Action":"run","Package":"virmill.local/core/internal/ui/cli","Test":"TestRebootUsesSharedPlanWithoutApplying"}
{"Time":"2026-09-08T17:32:53.904667632+03:00","Action":"output","Package":"virmill.local/core/internal/ui/cli","Test":"TestRebootUsesSharedPlanWithoutApplying","Output":"=== RUN   TestRebootUsesSharedPlanWithoutApplying\n","OutputType":"frame"}
{"Time":"2026-09-08T17:32:53.905446347+03:00","Action":"output","Package":"virmill.local/core/internal/ui/cli","Test":"TestRebootUsesSharedPlanWithoutApplying","Output":"--- PASS: TestRebootUsesSharedPlanWithoutApplying (0.00s)\n","OutputType":"frame"}
{"Time":"2026-09-08T17:32:53.905455978+03:00","Action":"pass","Package":"virmill.local/core/internal/ui/cli","Test":"TestRebootUsesSharedPlanWithoutApplying","Elapsed":0}
{"Time":"2026-09-08T17:32:53.90547622+03:00","Action":"run","Package":"virmill.local/core/internal/ui/cli","Test":"TestRecoveryInspectionAndDeclaredVerificationUseSharedService"}
{"Time":"2026-09-08T17:32:53.905480067+03:00","Action":"output","Package":"virmill.local/core/internal/ui/cli","Test":"TestRecoveryInspectionAndDeclaredVerificationUseSharedService","Output":"=== RUN   TestRecoveryInspectionAndDeclaredVerificationUseSharedService\n","OutputType":"frame"}
{"Time":"2026-09-08T17:32:53.906984434+03:00","Action":"output","Package":"virmill.local/core/internal/ui/cli","Test":"TestRecoveryInspectionAndDeclaredVerificationUseSharedService","Output":"--- PASS: TestRecoveryInspectionAndDeclaredVerificationUseSharedService (0.00s)\n","OutputType":"frame"}
{"Time":"2026-09-08T17:32:53.906996285+03:00","Action":"pass","Package":"virmill.local/core/internal/ui/cli","Test":"TestRecoveryInspectionAndDeclaredVerificationUseSharedService","Elapsed":0}
{"Time":"2026-09-08T17:32:53.906999627+03:00","Action":"run","Package":"virmill.local/core/internal/ui/cli","Test":"TestRecoveryCLIManifestRootReachesActualMemberVerification"}
{"Time":"2026-09-08T17:32:53.907001377+03:00","Action":"output","Package":"virmill.local/core/internal/ui/cli","Test":"TestRecoveryCLIManifestRootReachesActualMemberVerification","Output":"=== RUN   TestRecoveryCLIManifestRootReachesActualMemberVerification\n","OutputType":"frame"}
{"Time":"2026-09-08T17:32:53.912045447+03:00","Action":"output","Package":"virmill.local/core/internal/ui/cli","Test":"TestRecoveryCLIManifestRootReachesActualMemberVerification","Output":"--- PASS: TestRecoveryCLIManifestRootReachesActualMemberVerification (0.00s)\n","OutputType":"frame"}
{"Time":"2026-09-08T17:32:53.912059684+03:00","Action":"pass","Package":"virmill.local/core/internal/ui/cli","Test":"TestRecoveryCLIManifestRootReachesActualMemberVerification","Elapsed":0}
{"Time":"2026-09-08T17:32:53.912063196+03:00","Action":"run","Package":"virmill.local/core/internal/ui/cli","Test":"TestRecoveryCLIFailuresAndCancellationAreVisible"}
{"Time":"2026-09-08T17:32:53.912065132+03:00","Action":"output","Package":"virmill.local/core/internal/ui/cli","Test":"TestRecoveryCLIFailuresAndCancellationAreVisible","Output":"=== RUN   TestRecoveryCLIFailuresAndCancellationAreVisible\n","OutputType":"frame"}
{"Time":"2026-09-08T17:32:53.912067275+03:00","Action":"run","Package":"virmill.local/core/internal/ui/cli","Test":"TestRecoveryCLIFailuresAndCancellationAreVisible/unsupported-native-adapter"}
{"Time":"2026-09-08T17:32:53.912069258+03:00","Action":"output","Package":"virmill.local/core/internal/ui/cli","Test":"TestRecoveryCLIFailuresAndCancellationAreVisible/unsupported-native-adapter","Output":"=== RUN   TestRecoveryCLIFailuresAndCancellationAreVisible/unsupported-native-adapter\n","OutputType":"frame"}
{"Time":"2026-09-08T17:32:53.912770645+03:00","Action":"output","Package":"virmill.local/core/internal/ui/cli","Test":"TestRecoveryCLIFailuresAndCancellationAreVisible/unsupported-native-adapter","Output":"--- PASS: TestRecoveryCLIFailuresAndCancellationAreVisible/unsupported-native-adapter (0.00s)\n","OutputType":"frame"}
{"Time":"2026-09-08T17:32:53.91278135+03:00","Action":"pass","Package":"virmill.local/core/internal/ui/cli","Test":"TestRecoveryCLIFailuresAndCancellationAreVisible/unsupported-native-adapter","Elapsed":0}
{"Time":"2026-09-08T17:32:53.912789129+03:00","Action":"run","Package":"virmill.local/core/internal/ui/cli","Test":"TestRecoveryCLIFailuresAndCancellationAreVisible/canceled-inspection"}
{"Time":"2026-09-08T17:32:53.912790817+03:00","Action":"output","Package":"virmill.local/core/internal/ui/cli","Test":"TestRecoveryCLIFailuresAndCancellationAreVisible/canceled-inspection","Output":"=== RUN   TestRecoveryCLIFailuresAndCancellationAreVisible/canceled-inspection\n","OutputType":"frame"}
{"Time":"2026-09-08T17:32:53.912901357+03:00","Action":"output","Package":"virmill.local/core/internal/ui/cli","Test":"TestRecoveryCLIFailuresAndCancellationAreVisible/canceled-inspection","Output":"--- PASS: TestRecoveryCLIFailuresAndCancellationAreVisible/canceled-inspection (0.00s)\n","OutputType":"frame"}
{"Time":"2026-09-08T17:32:53.912905961+03:00","Action":"pass","Package":"virmill.local/core/internal/ui/cli","Test":"TestRecoveryCLIFailuresAndCancellationAreVisible/canceled-inspection","Elapsed":0}
{"Time":"2026-09-08T17:32:53.912918668+03:00","Action":"run","Package":"virmill.local/core/internal/ui/cli","Test":"TestRecoveryCLIFailuresAndCancellationAreVisible/canceled-member-verification"}
{"Time":"2026-09-08T17:32:53.91292166+03:00","Action":"output","Package":"virmill.local/core/internal/ui/cli","Test":"TestRecoveryCLIFailuresAndCancellationAreVisible/canceled-member-verification","Output":"=== RUN   TestRecoveryCLIFailuresAndCancellationAreVisible/canceled-member-verification\n","OutputType":"frame"}
{"Time":"2026-09-08T17:32:53.913485056+03:00","Action":"output","Package":"virmill.local/core/internal/ui/cli","Test":"TestRecoveryCLIFailuresAndCancellationAreVisible/canceled-member-verification","Output":"--- PASS: TestRecoveryCLIFailuresAndCancellationAreVisible/canceled-member-verification (0.00s)\n","OutputType":"frame"}
{"Time":"2026-09-08T17:32:53.913494262+03:00","Action":"pass","Package":"virmill.local/core/internal/ui/cli","Test":"TestRecoveryCLIFailuresAndCancellationAreVisible/canceled-member-verification","Elapsed":0}
{"Time":"2026-09-08T17:32:53.913497778+03:00","Action":"run","Package":"virmill.local/core/internal/ui/cli","Test":"TestRecoveryCLIFailuresAndCancellationAreVisible/transport-failure"}
{"Time":"2026-09-08T17:32:53.913499231+03:00","Action":"output","Package":"virmill.local/core/internal/ui/cli","Test":"TestRecoveryCLIFailuresAndCancellationAreVisible/transport-failure","Output":"=== RUN   TestRecoveryCLIFailuresAndCancellationAreVisible/transport-failure\n","OutputType":"frame"}
{"Time":"2026-09-08T17:32:53.914041425+03:00","Action":"output","Package":"virmill.local/core/internal/ui/cli","Test":"TestRecoveryCLIFailuresAndCancellationAreVisible/transport-failure","Output":"--- PASS: TestRecoveryCLIFailuresAndCancellationAreVisible/transport-failure (0.00s)\n","OutputType":"frame"}
{"Time":"2026-09-08T17:32:53.914056201+03:00","Action":"pass","Package":"virmill.local/core/internal/ui/cli","Test":"TestRecoveryCLIFailuresAndCancellationAreVisible/transport-failure","Elapsed":0}
{"Time":"2026-09-08T17:32:53.914068954+03:00","Action":"output","Package":"virmill.local/core/internal/ui/cli","Test":"TestRecoveryCLIFailuresAndCancellationAreVisible","Output":"--- PASS: TestRecoveryCLIFailuresAndCancellationAreVisible (0.00s)\n","OutputType":"frame"}
{"Time":"2026-09-08T17:32:53.914078813+03:00","Action":"pass","Package":"virmill.local/core/internal/ui/cli","Test":"TestRecoveryCLIFailuresAndCancellationAreVisible","Elapsed":0}
{"Time":"2026-09-08T17:32:53.914089127+03:00","Action":"run","Package":"virmill.local/core/internal/ui/cli","Test":"TestRecoveryCLIStrictInputAndPathNormalizationRefuseBeforeDispatch"}
{"Time":"2026-09-08T17:32:53.914091126+03:00","Action":"output","Package":"virmill.local/core/internal/ui/cli","Test":"TestRecoveryCLIStrictInputAndPathNormalizationRefuseBeforeDispatch","Output":"=== RUN   TestRecoveryCLIStrictInputAndPathNormalizationRefuseBeforeDispatch\n","OutputType":"frame"}
{"Time":"2026-09-08T17:32:53.914326406+03:00","Action":"output","Package":"virmill.local/core/internal/ui/tui","Test":"TestGuestRecipeTUIFailuresClearSuccessfulPreviewAndAuthority/run/transport","Output":"--- PASS: TestGuestRecipeTUIFailuresClearSuccessfulPreviewAndAuthority/run/transport (0.06s)\n","OutputType":"frame"}
{"Time":"2026-09-08T17:32:53.91434914+03:00","Action":"pass","Package":"virmill.local/core/internal/ui/tui","Test":"TestGuestRecipeTUIFailuresClearSuccessfulPreviewAndAuthority/run/transport","Elapsed":0.06}
{"Time":"2026-09-08T17:32:53.914380634+03:00","Action":"run","Package":"virmill.local/core/internal/ui/tui","Test":"TestGuestRecipeTUIFailuresClearSuccessfulPreviewAndAuthority/result/SOURCE_CHANGED"}
{"Time":"2026-09-08T17:32:53.914382926+03:00","Action":"output","Package":"virmill.local/core/internal/ui/tui","Test":"TestGuestRecipeTUIFailuresClearSuccessfulPreviewAndAuthority/result/SOURCE_CHANGED","Output":"=== RUN   TestGuestRecipeTUIFailuresClearSuccessfulPreviewAndAuthority/result/SOURCE_CHANGED\n","OutputType":"frame"}
{"Time":"2026-09-08T17:32:53.915877861+03:00","Action":"output","Package":"virmill.local/core/internal/ui/cli","Test":"TestRecoveryCLIStrictInputAndPathNormalizationRefuseBeforeDispatch","Output":"--- PASS: TestRecoveryCLIStrictInputAndPathNormalizationRefuseBeforeDispatch (0.00s)\n","OutputType":"frame"}
{"Time":"2026-09-08T17:32:53.915888458+03:00","Action":"pass","Package":"virmill.local/core/internal/ui/cli","Test":"TestRecoveryCLIStrictInputAndPathNormalizationRefuseBeforeDispatch","Elapsed":0}
{"Time":"2026-09-08T17:32:53.915905627+03:00","Action":"run","Package":"virmill.local/core/internal/ui/cli","Test":"TestManagedVolumeAccessUsesSharedService"}
{"Time":"2026-09-08T17:32:53.915908004+03:00","Action":"output","Package":"virmill.local/core/internal/ui/cli","Test":"TestManagedVolumeAccessUsesSharedService","Output":"=== RUN   TestManagedVolumeAccessUsesSharedService\n","OutputType":"frame"}
{"Time":"2026-09-08T17:32:53.919296245+03:00","Action":"output","Package":"virmill.local/core/internal/ui/cli","Test":"TestManagedVolumeAccessUsesSharedService","Output":"--- PASS: TestManagedVolumeAccessUsesSharedService (0.00s)\n","OutputType":"frame"}
{"Time":"2026-09-08T17:32:53.919328555+03:00","Action":"pass","Package":"virmill.local/core/internal/ui/cli","Test":"TestManagedVolumeAccessUsesSharedService","Elapsed":0}
{"Time":"2026-09-08T17:32:53.919338868+03:00","Action":"run","Package":"virmill.local/core/internal/ui/cli","Test":"TestCleanJSONNoninteractiveAndSharedMethod"}
{"Time":"2026-09-08T17:32:53.919342159+03:00","Action":"output","Package":"virmill.local/core/internal/ui/cli","Test":"TestCleanJSONNoninteractiveAndSharedMethod","Output":"=== RUN   TestCleanJSONNoninteractiveAndSharedMethod\n","OutputType":"frame"}
{"Time":"2026-09-08T17:32:53.920565695+03:00","Action":"output","Package":"virmill.local/core/internal/ui/cli","Test":"TestCleanJSONNoninteractiveAndSharedMethod","Output":"--- PASS: TestCleanJSONNoninteractiveAndSharedMethod (0.00s)\n","OutputType":"frame"}
{"Time":"2026-09-08T17:32:53.920576203+03:00","Action":"pass","Package":"virmill.local/core/internal/ui/cli","Test":"TestCleanJSONNoninteractiveAndSharedMethod","Elapsed":0}
{"Time":"2026-09-08T17:32:53.920596096+03:00","Action":"run","Package":"virmill.local/core/internal/ui/cli","Test":"TestPlanApplyRequiresExplicitBinding"}
{"Time":"2026-09-08T17:32:53.920599246+03:00","Action":"output","Package":"virmill.local/core/internal/ui/cli","Test":"TestPlanApplyRequiresExplicitBinding","Output":"=== RUN   TestPlanApplyRequiresExplicitBinding\n","OutputType":"frame"}
{"Time":"2026-09-08T17:32:53.921139107+03:00","Action":"output","Package":"virmill.local/core/internal/ui/cli","Test":"TestPlanApplyRequiresExplicitBinding","Output":"--- PASS: TestPlanApplyRequiresExplicitBinding (0.00s)\n","OutputType":"frame"}
{"Time":"2026-09-08T17:32:53.921150401+03:00","Action":"pass","Package":"virmill.local/core/internal/ui/cli","Test":"TestPlanApplyRequiresExplicitBinding","Elapsed":0}
{"Time":"2026-09-08T17:32:53.921167781+03:00","Action":"run","Package":"virmill.local/core/internal/ui/cli","Test":"TestPluginPlansUseSharedServiceAndExplicitInputs"}
{"Time":"2026-09-08T17:32:53.921171319+03:00","Action":"output","Package":"virmill.local/core/internal/ui/cli","Test":"TestPluginPlansUseSharedServiceAndExplicitInputs","Output":"=== RUN   TestPluginPlansUseSharedServiceAndExplicitInputs\n","OutputType":"frame"}
{"Time":"2026-09-08T17:32:53.922459678+03:00","Action":"output","Package":"virmill.local/core/internal/ui/cli","Test":"TestPluginPlansUseSharedServiceAndExplicitInputs","Output":"--- PASS: TestPluginPlansUseSharedServiceAndExplicitInputs (0.00s)\n","OutputType":"frame"}
{"Time":"2026-09-08T17:32:53.922486453+03:00","Action":"pass","Package":"virmill.local/core/internal/ui/cli","Test":"TestPluginPlansUseSharedServiceAndExplicitInputs","Elapsed":0}
{"Time":"2026-09-08T17:32:53.922491636+03:00","Action":"run","Package":"virmill.local/core/internal/ui/cli","Test":"TestImportPreparationUsesSharedService"}
{"Time":"2026-09-08T17:32:53.922494095+03:00","Action":"output","Package":"virmill.local/core/internal/ui/cli","Test":"TestImportPreparationUsesSharedService","Output":"=== RUN   TestImportPreparationUsesSharedService\n","OutputType":"frame"}
{"Time":"2026-09-08T17:32:53.923283541+03:00","Action":"output","Package":"virmill.local/core/internal/ui/cli","Test":"TestImportPreparationUsesSharedService","Output":"--- PASS: TestImportPreparationUsesSharedService (0.00s)\n","OutputType":"frame"}
{"Time":"2026-09-08T17:32:53.923301271+03:00","Action":"pass","Package":"virmill.local/core/internal/ui/cli","Test":"TestImportPreparationUsesSharedService","Elapsed":0}
{"Time":"2026-09-08T17:32:53.923325861+03:00","Action":"run","Package":"virmill.local/core/internal/ui/cli","Test":"TestExistingDiskPreparationUsesSharedService"}
{"Time":"2026-09-08T17:32:53.923329804+03:00","Action":"output","Package":"virmill.local/core/internal/ui/cli","Test":"TestExistingDiskPreparationUsesSharedService","Output":"=== RUN   TestExistingDiskPreparationUsesSharedService\n","OutputType":"frame"}
{"Time":"2026-09-08T17:32:53.925355574+03:00","Action":"output","Package":"virmill.local/core/internal/ui/tui","Test":"TestGuestRecipeTUIFailuresClearSuccessfulPreviewAndAuthority/result/SOURCE_CHANGED","Output":"--- PASS: TestGuestRecipeTUIFailuresClearSuccessfulPreviewAndAuthority/result/SOURCE_CHANGED (0.01s)\n","OutputType":"frame"}
{"Time":"2026-09-08T17:32:53.925404627+03:00","Action":"pass","Package":"virmill.local/core/internal/ui/tui","Test":"TestGuestRecipeTUIFailuresClearSuccessfulPreviewAndAuthority/result/SOURCE_CHANGED","Elapsed":0.01}
{"Time":"2026-09-08T17:32:53.925423028+03:00","Action":"run","Package":"virmill.local/core/internal/ui/tui","Test":"TestGuestRecipeTUIFailuresClearSuccessfulPreviewAndAuthority/result/PERMISSION_DENIED"}
{"Time":"2026-09-08T17:32:53.925425336+03:00","Action":"output","Package":"virmill.local/core/internal/ui/tui","Test":"TestGuestRecipeTUIFailuresClearSuccessfulPreviewAndAuthority/result/PERMISSION_DENIED","Output":"=== RUN   TestGuestRecipeTUIFailuresClearSuccessfulPreviewAndAuthority/result/PERMISSION_DENIED\n","OutputType":"frame"}
{"Time":"2026-09-08T17:32:53.925517975+03:00","Action":"output","Package":"virmill.local/core/internal/ui/cli","Test":"TestExistingDiskPreparationUsesSharedService","Output":"--- PASS: TestExistingDiskPreparationUsesSharedService (0.00s)\n","OutputType":"frame"}
{"Time":"2026-09-08T17:32:53.925527976+03:00","Action":"pass","Package":"virmill.local/core/internal/ui/cli","Test":"TestExistingDiskPreparationUsesSharedService","Elapsed":0}
{"Time":"2026-09-08T17:32:53.925551774+03:00","Action":"run","Package":"virmill.local/core/internal/ui/cli","Test":"TestInstallationPreparationUsesSharedService"}
{"Time":"2026-09-08T17:32:53.925556132+03:00","Action":"output","Package":"virmill.local/core/internal/ui/cli","Test":"TestInstallationPreparationUsesSharedService","Output":"=== RUN   TestInstallationPreparationUsesSharedService\n","OutputType":"frame"}
{"Time":"2026-09-08T17:32:53.926547363+03:00","Action":"output","Package":"virmill.local/core/internal/ui/cli","Test":"TestInstallationPreparationUsesSharedService","Output":"--- PASS: TestInstallationPreparationUsesSharedService (0.00s)\n","OutputType":"frame"}
{"Time":"2026-09-08T17:32:53.926552622+03:00","Action":"pass","Package":"virmill.local/core/internal/ui/cli","Test":"TestInstallationPreparationUsesSharedService","Elapsed":0}
{"Time":"2026-09-08T17:32:53.926566846+03:00","Action":"run","Package":"virmill.local/core/internal/ui/cli","Test":"TestResourceInventoryCommandsPreserveExplicitConnection"}
{"Time":"2026-09-08T17:32:53.926571053+03:00","Action":"output","Package":"virmill.local/core/internal/ui/cli","Test":"TestResourceInventoryCommandsPreserveExplicitConnection","Output":"=== RUN   TestResourceInventoryCommandsPreserveExplicitConnection\n","OutputType":"frame"}
{"Time":"2026-09-08T17:32:53.9285956+03:00","Action":"output","Package":"virmill.local/core/internal/ui/cli","Test":"TestResourceInventoryCommandsPreserveExplicitConnection","Output":"--- PASS: TestResourceInventoryCommandsPreserveExplicitConnection (0.00s)\n","OutputType":"frame"}
{"Time":"2026-09-08T17:32:53.928609614+03:00","Action":"pass","Package":"virmill.local/core/internal/ui/cli","Test":"TestResourceInventoryCommandsPreserveExplicitConnection","Elapsed":0}
{"Time":"2026-09-08T17:32:53.928621355+03:00","Action":"run","Package":"virmill.local/core/internal/ui/cli","Test":"TestCreationAndRecoveryCommandsUseSharedService"}
{"Time":"2026-09-08T17:32:53.928623609+03:00","Action":"output","Package":"virmill.local/core/internal/ui/cli","Test":"TestCreationAndRecoveryCommandsUseSharedService","Output":"=== RUN   TestCreationAndRecoveryCommandsUseSharedService\n","OutputType":"frame"}
{"Time":"2026-09-08T17:32:53.932064701+03:00","Action":"output","Package":"virmill.local/core/internal/ui/cli","Test":"TestCreationAndRecoveryCommandsUseSharedService","Output":"--- PASS: TestCreationAndRecoveryCommandsUseSharedService (0.00s)\n","OutputType":"frame"}
{"Time":"2026-09-08T17:32:53.932092923+03:00","Action":"pass","Package":"virmill.local/core/internal/ui/cli","Test":"TestCreationAndRecoveryCommandsUseSharedService","Elapsed":0}
{"Time":"2026-09-08T17:32:53.932098695+03:00","Action":"run","Package":"virmill.local/core/internal/ui/cli","Test":"TestNoCloudCreationOptionsUseSharedService"}
{"Time":"2026-09-08T17:32:53.932102569+03:00","Action":"output","Package":"virmill.local/core/internal/ui/cli","Test":"TestNoCloudCreationOptionsUseSharedService","Output":"=== RUN   TestNoCloudCreationOptionsUseSharedService\n","OutputType":"frame"}
{"Time":"2026-09-08T17:32:53.93321625+03:00","Action":"output","Package":"virmill.local/core/internal/ui/cli","Test":"TestNoCloudCreationOptionsUseSharedService","Output":"--- PASS: TestNoCloudCreationOptionsUseSharedService (0.00s)\n","OutputType":"frame"}
{"Time":"2026-09-08T17:32:53.933231611+03:00","Action":"pass","Package":"virmill.local/core/internal/ui/cli","Test":"TestNoCloudCreationOptionsUseSharedService","Elapsed":0}
{"Time":"2026-09-08T17:32:53.933239035+03:00","Action":"run","Package":"virmill.local/core/internal/ui/cli","Test":"TestFixedResourcesUseSharedPlanning"}
{"Time":"2026-09-08T17:32:53.933241912+03:00","Action":"output","Package":"virmill.local/core/internal/ui/cli","Test":"TestFixedResourcesUseSharedPlanning","Output":"=== RUN   TestFixedResourcesUseSharedPlanning\n","OutputType":"frame"}
{"Time":"2026-09-08T17:32:53.933798661+03:00","Action":"output","Package":"virmill.local/core/internal/ui/cli","Test":"TestFixedResourcesUseSharedPlanning","Output":"--- PASS: TestFixedResourcesUseSharedPlanning (0.00s)\n","OutputType":"frame"}
{"Time":"2026-09-08T17:32:53.933804169+03:00","Action":"pass","Package":"virmill.local/core/internal/ui/cli","Test":"TestFixedResourcesUseSharedPlanning","Elapsed":0}
{"Time":"2026-09-08T17:32:53.933808305+03:00","Action":"run","Package":"virmill.local/core/internal/ui/cli","Test":"TestBootAndMediaCommandsUseSharedService"}
{"Time":"2026-09-08T17:32:53.933810828+03:00","Action":"output","Package":"virmill.local/core/internal/ui/cli","Test":"TestBootAndMediaCommandsUseSharedService","Output":"=== RUN   TestBootAndMediaCommandsUseSharedService\n","OutputType":"frame"}
{"Time":"2026-09-08T17:32:53.934256143+03:00","Action":"output","Package":"virmill.local/core/internal/ui/tui","Test":"TestGuestRecipeTUIFailuresClearSuccessfulPreviewAndAuthority/result/PERMISSION_DENIED","Output":"--- PASS: TestGuestRecipeTUIFailuresClearSuccessfulPreviewAndAuthority/result/PERMISSION_DENIED (0.01s)\n","OutputType":"frame"}
{"Time":"2026-09-08T17:32:53.934276739+03:00","Action":"pass","Package":"virmill.local/core/internal/ui/tui","Test":"TestGuestRecipeTUIFailuresClearSuccessfulPreviewAndAuthority/result/PERMISSION_DENIED","Elapsed":0.01}
{"Time":"2026-09-08T17:32:53.934294488+03:00","Action":"run","Package":"virmill.local/core/internal/ui/tui","Test":"TestGuestRecipeTUIFailuresClearSuccessfulPreviewAndAuthority/result/INVALID_INPUT"}
{"Time":"2026-09-08T17:32:53.93429666+03:00","Action":"output","Package":"virmill.local/core/internal/ui/tui","Test":"TestGuestRecipeTUIFailuresClearSuccessfulPreviewAndAuthority/result/INVALID_INPUT","Output":"=== RUN   TestGuestRecipeTUIFailuresClearSuccessfulPreviewAndAuthority/result/INVALID_INPUT\n","OutputType":"frame"}
{"Time":"2026-09-08T17:32:53.934843568+03:00","Action":"output","Package":"virmill.local/core/internal/ui/cli","Test":"TestBootAndMediaCommandsUseSharedService","Output":"--- PASS: TestBootAndMediaCommandsUseSharedService (0.00s)\n","OutputType":"frame"}
{"Time":"2026-09-08T17:32:53.934849304+03:00","Action":"pass","Package":"virmill.local/core/internal/ui/cli","Test":"TestBootAndMediaCommandsUseSharedService","Elapsed":0}
{"Time":"2026-09-08T17:32:53.934867095+03:00","Action":"run","Package":"virmill.local/core/internal/ui/cli","Test":"TestCLIPlanDisplaysSharedDowntimeEstimate"}
{"Time":"2026-09-08T17:32:53.934869419+03:00","Action":"output","Package":"virmill.local/core/internal/ui/cli","Test":"TestCLIPlanDisplaysSharedDowntimeEstimate","Output":"=== RUN   TestCLIPlanDisplaysSharedDowntimeEstimate\n","OutputType":"frame"}
{"Time":"2026-09-08T17:32:53.936238531+03:00","Action":"output","Package":"virmill.local/core/internal/ui/cli","Test":"TestCLIPlanDisplaysSharedDowntimeEstimate","Output":"--- PASS: TestCLIPlanDisplaysSharedDowntimeEstimate (0.00s)\n","OutputType":"frame"}
{"Time":"2026-09-08T17:32:53.936255599+03:00","Action":"pass","Package":"virmill.local/core/internal/ui/cli","Test":"TestCLIPlanDisplaysSharedDowntimeEstimate","Elapsed":0}
{"Time":"2026-09-08T17:32:53.936275478+03:00","Action":"run","Package":"virmill.local/core/internal/ui/cli","Test":"TestCLIActiveCreationResultIsObservationNotFailureOrCompletion"}
{"Time":"2026-09-08T17:32:53.936280662+03:00","Action":"output","Package":"virmill.local/core/internal/ui/cli","Test":"TestCLIActiveCreationResultIsObservationNotFailureOrCompletion","Output":"=== RUN   TestCLIActiveCreationResultIsObservationNotFailureOrCompletion\n","OutputType":"frame"}
{"Time":"2026-09-08T17:32:53.936998338+03:00","Action":"output","Package":"virmill.local/core/internal/ui/cli","Test":"TestCLIActiveCreationResultIsObservationNotFailureOrCompletion","Output":"--- PASS: TestCLIActiveCreationResultIsObservationNotFailureOrCompletion (0.00s)\n","OutputType":"frame"}
{"Time":"2026-09-08T17:32:53.937002573+03:00","Action":"pass","Package":"virmill.local/core/internal/ui/cli","Test":"TestCLIActiveCreationResultIsObservationNotFailureOrCompletion","Elapsed":0}
{"Time":"2026-09-08T17:32:53.937021666+03:00","Action":"output","Package":"virmill.local/core/internal/ui/cli","Output":"PASS\n","OutputType":"frame"}
{"Time":"2026-09-08T17:32:53.943851838+03:00","Action":"output","Package":"virmill.local/core/internal/ui/tui","Test":"TestGuestRecipeTUIFailuresClearSuccessfulPreviewAndAuthority/result/INVALID_INPUT","Output":"--- PASS: TestGuestRecipeTUIFailuresClearSuccessfulPreviewAndAuthority/result/INVALID_INPUT (0.01s)\n","OutputType":"frame"}
{"Time":"2026-09-08T17:32:53.943864296+03:00","Action":"pass","Package":"virmill.local/core/internal/ui/tui","Test":"TestGuestRecipeTUIFailuresClearSuccessfulPreviewAndAuthority/result/INVALID_INPUT","Elapsed":0.01}
{"Time":"2026-09-08T17:32:53.94387254+03:00","Action":"run","Package":"virmill.local/core/internal/ui/tui","Test":"TestGuestRecipeTUIFailuresClearSuccessfulPreviewAndAuthority/result/RECOVERY_REQUIRED"}
{"Time":"2026-09-08T17:32:53.943874365+03:00","Action":"output","Package":"virmill.local/core/internal/ui/tui","Test":"TestGuestRecipeTUIFailuresClearSuccessfulPreviewAndAuthority/result/RECOVERY_REQUIRED","Output":"=== RUN   TestGuestRecipeTUIFailuresClearSuccessfulPreviewAndAuthority/result/RECOVERY_REQUIRED\n","OutputType":"frame"}
{"Time":"2026-09-08T17:32:53.95245172+03:00","Action":"output","Package":"virmill.local/core/internal/ui/tui","Test":"TestGuestRecipeTUIFailuresClearSuccessfulPreviewAndAuthority/result/RECOVERY_REQUIRED","Output":"--- PASS: TestGuestRecipeTUIFailuresClearSuccessfulPreviewAndAuthority/result/RECOVERY_REQUIRED (0.01s)\n","OutputType":"frame"}
{"Time":"2026-09-08T17:32:53.952573084+03:00","Action":"pass","Package":"virmill.local/core/internal/ui/tui","Test":"TestGuestRecipeTUIFailuresClearSuccessfulPreviewAndAuthority/result/RECOVERY_REQUIRED","Elapsed":0.01}
{"Time":"2026-09-08T17:32:53.952674244+03:00","Action":"run","Package":"virmill.local/core/internal/ui/tui","Test":"TestGuestRecipeTUIFailuresClearSuccessfulPreviewAndAuthority/result/canceled"}
{"Time":"2026-09-08T17:32:53.95267696+03:00","Action":"output","Package":"virmill.local/core/internal/ui/tui","Test":"TestGuestRecipeTUIFailuresClearSuccessfulPreviewAndAuthority/result/canceled","Output":"=== RUN   TestGuestRecipeTUIFailuresClearSuccessfulPreviewAndAuthority/result/canceled\n","OutputType":"frame"}
{"Time":"2026-09-08T17:32:53.961507745+03:00","Action":"output","Package":"virmill.local/core/internal/ui/tui","Test":"TestGuestRecipeTUIFailuresClearSuccessfulPreviewAndAuthority/result/canceled","Output":"--- PASS: TestGuestRecipeTUIFailuresClearSuccessfulPreviewAndAuthority/result/canceled (0.01s)\n","OutputType":"frame"}
{"Time":"2026-09-08T17:32:53.961523039+03:00","Action":"pass","Package":"virmill.local/core/internal/ui/tui","Test":"TestGuestRecipeTUIFailuresClearSuccessfulPreviewAndAuthority/result/canceled","Elapsed":0.01}
{"Time":"2026-09-08T17:32:53.961533283+03:00","Action":"run","Package":"virmill.local/core/internal/ui/tui","Test":"TestGuestRecipeTUIFailuresClearSuccessfulPreviewAndAuthority/result/transport"}
{"Time":"2026-09-08T17:32:53.961534955+03:00","Action":"output","Package":"virmill.local/core/internal/ui/tui","Test":"TestGuestRecipeTUIFailuresClearSuccessfulPreviewAndAuthority/result/transport","Output":"=== RUN   TestGuestRecipeTUIFailuresClearSuccessfulPreviewAndAuthority/result/transport\n","OutputType":"frame"}
{"Time":"2026-09-08T17:32:53.969778417+03:00","Action":"output","Package":"virmill.local/core/internal/ui/tui","Test":"TestGuestRecipeTUIFailuresClearSuccessfulPreviewAndAuthority/result/transport","Output":"--- PASS: TestGuestRecipeTUIFailuresClearSuccessfulPreviewAndAuthority/result/transport (0.01s)\n","OutputType":"frame"}
{"Time":"2026-09-08T17:32:53.969788079+03:00","Action":"pass","Package":"virmill.local/core/internal/ui/tui","Test":"TestGuestRecipeTUIFailuresClearSuccessfulPreviewAndAuthority/result/transport","Elapsed":0.01}
{"Time":"2026-09-08T17:32:53.969806415+03:00","Action":"output","Package":"virmill.local/core/internal/ui/tui","Test":"TestGuestRecipeTUIFailuresClearSuccessfulPreviewAndAuthority","Output":"--- PASS: TestGuestRecipeTUIFailuresClearSuccessfulPreviewAndAuthority (0.44s)\n","OutputType":"frame"}
{"Time":"2026-09-08T17:32:53.969809754+03:00","Action":"pass","Package":"virmill.local/core/internal/ui/tui","Test":"TestGuestRecipeTUIFailuresClearSuccessfulPreviewAndAuthority","Elapsed":0.44}
{"Time":"2026-09-08T17:32:53.969828338+03:00","Action":"run","Package":"virmill.local/core/internal/ui/tui","Test":"TestGuidedFormsExactPreviewRequests"}
{"Time":"2026-09-08T17:32:53.969831436+03:00","Action":"output","Package":"virmill.local/core/internal/ui/tui","Test":"TestGuidedFormsExactPreviewRequests","Output":"=== RUN   TestGuidedFormsExactPreviewRequests\n","OutputType":"frame"}
{"Time":"2026-09-08T17:32:53.969867327+03:00","Action":"run","Package":"virmill.local/core/internal/ui/tui","Test":"TestGuidedFormsExactPreviewRequests/resources-both"}
{"Time":"2026-09-08T17:32:53.969870216+03:00","Action":"output","Package":"virmill.local/core/internal/ui/tui","Test":"TestGuidedFormsExactPreviewRequests/resources-both","Output":"=== RUN   TestGuidedFormsExactPreviewRequests/resources-both\n","OutputType":"frame"}
{"Time":"2026-09-08T17:32:53.970056743+03:00","Action":"output","Package":"virmill.local/core/internal/ui/tui","Test":"TestGuidedFormsExactPreviewRequests/resources-both","Output":"--- PASS: TestGuidedFormsExactPreviewRequests/resources-both (0.00s)\n","OutputType":"frame"}
{"Time":"2026-09-08T17:32:53.970071054+03:00","Action":"pass","Package":"virmill.local/core/internal/ui/tui","Test":"TestGuidedFormsExactPreviewRequests/resources-both","Elapsed":0}
{"Time":"2026-09-08T17:32:53.97008084+03:00","Action":"run","Package":"virmill.local/core/internal/ui/tui","Test":"TestGuidedFormsExactPreviewRequests/resources-cpu-only"}
{"Time":"2026-09-08T17:32:53.970083141+03:00","Action":"output","Package":"virmill.local/core/internal/ui/tui","Test":"TestGuidedFormsExactPreviewRequests/resources-cpu-only","Output":"=== RUN   TestGuidedFormsExactPreviewRequests/resources-cpu-only\n","OutputType":"frame"}
{"Time":"2026-09-08T17:32:53.970229968+03:00","Action":"output","Package":"virmill.local/core/internal/ui/tui","Test":"TestGuidedFormsExactPreviewRequests/resources-cpu-only","Output":"--- PASS: TestGuidedFormsExactPreviewRequests/resources-cpu-only (0.00s)\n","OutputType":"frame"}
{"Time":"2026-09-08T17:32:53.97023317+03:00","Action":"pass","Package":"virmill.local/core/internal/ui/tui","Test":"TestGuidedFormsExactPreviewRequests/resources-cpu-only","Elapsed":0}
{"Time":"2026-09-08T17:32:53.97024861+03:00","Action":"run","Package":"virmill.local/core/internal/ui/tui","Test":"TestGuidedFormsExactPreviewRequests/resources-memory-only"}
{"Time":"2026-09-08T17:32:53.970250885+03:00","Action":"output","Package":"virmill.local/core/internal/ui/tui","Test":"TestGuidedFormsExactPreviewRequests/resources-memory-only","Output":"=== RUN   TestGuidedFormsExactPreviewRequests/resources-memory-only\n","OutputType":"frame"}
{"Time":"2026-09-08T17:32:53.970398747+03:00","Action":"output","Package":"virmill.local/core/internal/ui/tui","Test":"TestGuidedFormsExactPreviewRequests/resources-memory-only","Output":"--- PASS: TestGuidedFormsExactPreviewRequests/resources-memory-only (0.00s)\n","OutputType":"frame"}
{"Time":"2026-09-08T17:32:53.970402476+03:00","Action":"pass","Package":"virmill.local/core/internal/ui/tui","Test":"TestGuidedFormsExactPreviewRequests/resources-memory-only","Elapsed":0}
{"Time":"2026-09-08T17:32:53.970413304+03:00","Action":"run","Package":"virmill.local/core/internal/ui/tui","Test":"TestGuidedFormsExactPreviewRequests/capture"}
{"Time":"2026-09-08T17:32:53.970415444+03:00","Action":"output","Package":"virmill.local/core/internal/ui/tui","Test":"TestGuidedFormsExactPreviewRequests/capture","Output":"=== RUN   TestGuidedFormsExactPreviewRequests/capture\n","OutputType":"frame"}
{"Time":"2026-09-08T17:32:53.97057707+03:00","Action":"output","Package":"virmill.local/core/internal/ui/tui","Test":"TestGuidedFormsExactPreviewRequests/capture","Output":"--- PASS: TestGuidedFormsExactPreviewRequests/capture (0.00s)\n","OutputType":"frame"}
{"Time":"2026-09-08T17:32:53.970580229+03:00","Action":"pass","Package":"virmill.local/core/internal/ui/tui","Test":"TestGuidedFormsExactPreviewRequests/capture","Elapsed":0}
{"Time":"2026-09-08T17:32:53.970592637+03:00","Action":"run","Package":"virmill.local/core/internal/ui/tui","Test":"TestGuidedFormsExactPreviewRequests/capture-auxiliary"}
{"Time":"2026-09-08T17:32:53.970596869+03:00","Action":"output","Package":"virmill.local/core/internal/ui/tui","Test":"TestGuidedFormsExactPreviewRequests/capture-auxiliary","Output":"=== RUN   TestGuidedFormsExactPreviewRequests/capture-auxiliary\n","OutputType":"frame"}
{"Time":"2026-09-08T17:32:53.970764508+03:00","Action":"output","Package":"virmill.local/core/internal/ui/tui","Test":"TestGuidedFormsExactPreviewRequests/capture-auxiliary","Output":"--- PASS: TestGuidedFormsExactPreviewRequests/capture-auxiliary (0.00s)\n","OutputType":"frame"}
{"Time":"2026-09-08T17:32:53.970772123+03:00","Action":"pass","Package":"virmill.local/core/internal/ui/tui","Test":"TestGuidedFormsExactPreviewRequests/capture-auxiliary","Elapsed":0}
{"Time":"2026-09-08T17:32:53.97078382+03:00","Action":"run","Package":"virmill.local/core/internal/ui/tui","Test":"TestGuidedFormsExactPreviewRequests/guest-default-port-empty-arguments"}
{"Time":"2026-09-08T17:32:53.970786145+03:00","Action":"output","Package":"virmill.local/core/internal/ui/tui","Test":"TestGuidedFormsExactPreviewRequests/guest-default-port-empty-arguments","Output":"=== RUN   TestGuidedFormsExactPreviewRequests/guest-default-port-empty-arguments\n","OutputType":"frame"}
{"Time":"2026-09-08T17:32:53.971094967+03:00","Action":"output","Package":"virmill.local/core/internal/ui/tui","Test":"TestGuidedFormsExactPreviewRequests/guest-default-port-empty-arguments","Output":"--- PASS: TestGuidedFormsExactPreviewRequests/guest-default-port-empty-arguments (0.00s)\n","OutputType":"frame"}
{"Time":"2026-09-08T17:32:53.971098042+03:00","Action":"pass","Package":"virmill.local/core/internal/ui/tui","Test":"TestGuidedFormsExactPreviewRequests/guest-default-port-empty-arguments","Elapsed":0}
{"Time":"2026-09-08T17:32:53.971110743+03:00","Action":"run","Package":"virmill.local/core/internal/ui/tui","Test":"TestGuidedFormsExactPreviewRequests/repository-init"}
{"Time":"2026-09-08T17:32:53.971112617+03:00","Action":"output","Package":"virmill.local/core/internal/ui/tui","Test":"TestGuidedFormsExactPreviewRequests/repository-init","Output":"=== RUN   TestGuidedFormsExactPreviewRequests/repository-init\n","OutputType":"frame"}
{"Time":"2026-09-08T17:32:53.971259013+03:00","Action":"output","Package":"virmill.local/core/internal/ui/tui","Test":"TestGuidedFormsExactPreviewRequests/repository-init","Output":"--- PASS: TestGuidedFormsExactPreviewRequests/repository-init (0.00s)\n","OutputType":"frame"}
{"Time":"2026-09-08T17:32:53.971262142+03:00","Action":"pass","Package":"virmill.local/core/internal/ui/tui","Test":"TestGuidedFormsExactPreviewRequests/repository-init","Elapsed":0}
{"Time":"2026-09-08T17:32:53.971272181+03:00","Action":"run","Package":"virmill.local/core/internal/ui/tui","Test":"TestGuidedFormsExactPreviewRequests/repository-check"}
{"Time":"2026-09-08T17:32:53.971274243+03:00","Action":"output","Package":"virmill.local/core/internal/ui/tui","Test":"TestGuidedFormsExactPreviewRequests/repository-check","Output":"=== RUN   TestGuidedFormsExactPreviewRequests/repository-check\n","OutputType":"frame"}
{"Time":"2026-09-08T17:32:53.971436384+03:00","Action":"output","Package":"virmill.local/core/internal/ui/tui","Test":"TestGuidedFormsExactPreviewRequests/repository-check","Output":"--- PASS: TestGuidedFormsExactPreviewRequests/repository-check (0.00s)\n","OutputType":"frame"}
{"Time":"2026-09-08T17:32:53.97143983+03:00","Action":"pass","Package":"virmill.local/core/internal/ui/tui","Test":"TestGuidedFormsExactPreviewRequests/repository-check","Elapsed":0}
{"Time":"2026-09-08T17:32:53.971456126+03:00","Action":"output","Package":"virmill.local/core/internal/ui/tui","Test":"TestGuidedFormsExactPreviewRequests","Output":"--- PASS: TestGuidedFormsExactPreviewRequests (0.00s)\n","OutputType":"frame"}
{"Time":"2026-09-08T17:32:53.971458969+03:00","Action":"pass","Package":"virmill.local/core/internal/ui/tui","Test":"TestGuidedFormsExactPreviewRequests","Elapsed":0}
{"Time":"2026-09-08T17:32:53.971474769+03:00","Action":"run","Package":"virmill.local/core/internal/ui/tui","Test":"TestGuidedGuestArgumentsAreLiteralAndBounded"}
{"Time":"2026-09-08T17:32:53.971476707+03:00","Action":"output","Package":"virmill.local/core/internal/ui/tui","Test":"TestGuidedGuestArgumentsAreLiteralAndBounded","Output":"=== RUN   TestGuidedGuestArgumentsAreLiteralAndBounded\n","OutputType":"frame"}
{"Time":"2026-09-08T17:32:53.971500046+03:00","Action":"run","Package":"virmill.local/core/internal/ui/tui","Test":"TestGuidedGuestArgumentsAreLiteralAndBounded/#00"}
{"Time":"2026-09-08T17:32:53.971501916+03:00","Action":"output","Package":"virmill.local/core/internal/ui/tui","Test":"TestGuidedGuestArgumentsAreLiteralAndBounded/#00","Output":"=== RUN   TestGuidedGuestArgumentsAreLiteralAndBounded/#00\n","OutputType":"frame"}
{"Time":"2026-09-08T17:32:53.971602193+03:00","Action":"output","Package":"virmill.local/core/internal/ui/tui","Test":"TestGuidedGuestArgumentsAreLiteralAndBounded/#00","Output":"--- PASS: TestGuidedGuestArgumentsAreLiteralAndBounded/#00 (0.00s)\n","OutputType":"frame"}
{"Time":"2026-09-08T17:32:53.97161268+03:00","Action":"pass","Package":"virmill.local/core/internal/ui/tui","Test":"TestGuidedGuestArgumentsAreLiteralAndBounded/#00","Elapsed":0}
{"Time":"2026-09-08T17:32:53.971632547+03:00","Action":"run","Package":"virmill.local/core/internal/ui/tui","Test":"TestGuidedGuestArgumentsAreLiteralAndBounded/alpha_\"two_words\"_'ضيف'_escaped\\_space_''_\"\""}
{"Time":"2026-09-08T17:32:53.971635163+03:00","Action":"output","Package":"virmill.local/core/internal/ui/tui","Test":"TestGuidedGuestArgumentsAreLiteralAndBounded/alpha_\"two_words\"_'ضيف'_escaped\\_space_''_\"\"","Output":"=== RUN   TestGuidedGuestArgumentsAreLiteralAndBounded/alpha_\"two_words\"_'ضيف'_escaped\\_space_''_\"\"\n","OutputType":"frame"}
{"Time":"2026-09-08T17:32:53.971737426+03:00","Action":"output","Package":"virmill.local/core/internal/ui/tui","Test":"TestGuidedGuestArgumentsAreLiteralAndBounded/alpha_\"two_words\"_'ضيف'_escaped\\_space_''_\"\"","Output":"--- PASS: TestGuidedGuestArgumentsAreLiteralAndBounded/alpha_\"two_words\"_'ضيف'_escaped\\_space_''_\"\" (0.00s)\n","OutputType":"frame"}
{"Time":"2026-09-08T17:32:53.971742252+03:00","Action":"pass","Package":"virmill.local/core/internal/ui/tui","Test":"TestGuidedGuestArgumentsAreLiteralAndBounded/alpha_\"two_words\"_'ضيف'_escaped\\_space_''_\"\"","Elapsed":0}
{"Time":"2026-09-08T17:32:53.971757482+03:00","Action":"run","Package":"virmill.local/core/internal/ui/tui","Test":"TestGuidedGuestArgumentsAreLiteralAndBounded/'$(touch_never)'_'$HOME'_'`id`'_'*'_';'_'--flag'"}
{"Time":"2026-09-08T17:32:53.971759519+03:00","Action":"output","Package":"virmill.local/core/internal/ui/tui","Test":"TestGuidedGuestArgumentsAreLiteralAndBounded/'$(touch_never)'_'$HOME'_'`id`'_'*'_';'_'--flag'","Output":"=== RUN   TestGuidedGuestArgumentsAreLiteralAndBounded/'$(touch_never)'_'$HOME'_'`id`'_'*'_';'_'--flag'\n","OutputType":"frame"}
{"Time":"2026-09-08T17:32:53.971857625+03:00","Action":"output","Package":"virmill.local/core/internal/ui/tui","Test":"TestGuidedGuestArgumentsAreLiteralAndBounded/'$(touch_never)'_'$HOME'_'`id`'_'*'_';'_'--flag'","Output":"--- PASS: TestGuidedGuestArgumentsAreLiteralAndBounded/'$(touch_never)'_'$HOME'_'`id`'_'*'_';'_'--flag' (0.00s)\n","OutputType":"frame"}
{"Time":"2026-09-08T17:32:53.971861035+03:00","Action":"pass","Package":"virmill.local/core/internal/ui/tui","Test":"TestGuidedGuestArgumentsAreLiteralAndBounded/'$(touch_never)'_'$HOME'_'`id`'_'*'_';'_'--flag'","Elapsed":0}
{"Time":"2026-09-08T17:32:53.971881826+03:00","Action":"run","Package":"virmill.local/core/internal/ui/tui","Test":"TestGuidedGuestArgumentsAreLiteralAndBounded/'a\\b'_\"c\\\\d\"_a\"b\"c"}
{"Time":"2026-09-08T17:32:53.971884178+03:00","Action":"output","Package":"virmill.local/core/internal/ui/tui","Test":"TestGuidedGuestArgumentsAreLiteralAndBounded/'a\\b'_\"c\\\\d\"_a\"b\"c","Output":"=== RUN   TestGuidedGuestArgumentsAreLiteralAndBounded/'a\\b'_\"c\\\\d\"_a\"b\"c\n","OutputType":"frame"}
{"Time":"2026-09-08T17:32:53.971972871+03:00","Action":"output","Package":"virmill.local/core/internal/ui/tui","Test":"TestGuidedGuestArgumentsAreLiteralAndBounded/'a\\b'_\"c\\\\d\"_a\"b\"c","Output":"--- PASS: TestGuidedGuestArgumentsAreLiteralAndBounded/'a\\b'_\"c\\\\d\"_a\"b\"c (0.00s)\n","OutputType":"frame"}
{"Time":"2026-09-08T17:32:53.971976359+03:00","Action":"pass","Package":"virmill.local/core/internal/ui/tui","Test":"TestGuidedGuestArgumentsAreLiteralAndBounded/'a\\b'_\"c\\\\d\"_a\"b\"c","Elapsed":0}
{"Time":"2026-09-08T17:32:53.973387706+03:00","Action":"output","Package":"virmill.local/core/internal/ui/tui","Test":"TestGuidedGuestArgumentsAreLiteralAndBounded","Output":"--- PASS: TestGuidedGuestArgumentsAreLiteralAndBounded (0.00s)\n","OutputType":"frame"}
{"Time":"2026-09-08T17:32:53.973397882+03:00","Action":"pass","Package":"virmill.local/core/internal/ui/tui","Test":"TestGuidedGuestArgumentsAreLiteralAndBounded","Elapsed":0}
{"Time":"2026-09-08T17:32:53.97341238+03:00","Action":"run","Package":"virmill.local/core/internal/ui/tui","Test":"TestGuidedFormsInvalidFieldsStayInlineAndDoNotSubmit"}
{"Time":"2026-09-08T17:32:53.973414661+03:00","Action":"output","Package":"virmill.local/core/internal/ui/tui","Test":"TestGuidedFormsInvalidFieldsStayInlineAndDoNotSubmit","Output":"=== RUN   TestGuidedFormsInvalidFieldsStayInlineAndDoNotSubmit\n","OutputType":"frame"}
{"Time":"2026-09-08T17:32:53.97344087+03:00","Action":"run","Package":"virmill.local/core/internal/ui/tui","Test":"TestGuidedFormsInvalidFieldsStayInlineAndDoNotSubmit/resources/vcpus/"}
{"Time":"2026-09-08T17:32:53.973442818+03:00","Action":"output","Package":"virmill.local/core/internal/ui/tui","Test":"TestGuidedFormsInvalidFieldsStayInlineAndDoNotSubmit/resources/vcpus/","Output":"=== RUN   TestGuidedFormsInvalidFieldsStayInlineAndDoNotSubmit/resources/vcpus/\n","OutputType":"frame"}
{"Time":"2026-09-08T17:32:53.973633232+03:00","Action":"output","Package":"virmill.local/core/internal/ui/tui","Test":"TestGuidedFormsInvalidFieldsStayInlineAndDoNotSubmit/resources/vcpus/","Output":"--- PASS: TestGuidedFormsInvalidFieldsStayInlineAndDoNotSubmit/resources/vcpus/ (0.00s)\n","OutputType":"frame"}
{"Time":"2026-09-08T17:32:53.973637538+03:00","Action":"pass","Package":"virmill.local/core/internal/ui/tui","Test":"TestGuidedFormsInvalidFieldsStayInlineAndDoNotSubmit/resources/vcpus/","Elapsed":0}
{"Time":"2026-09-08T17:32:53.973652033+03:00","Action":"run","Package":"virmill.local/core/internal/ui/tui","Test":"TestGuidedFormsInvalidFieldsStayInlineAndDoNotSubmit/resources/vcpus/0"}
{"Time":"2026-09-08T17:32:53.973654008+03:00","Action":"output","Package":"virmill.local/core/internal/ui/tui","Test":"TestGuidedFormsInvalidFieldsStayInlineAndDoNotSubmit/resources/vcpus/0","Output":"=== RUN   TestGuidedFormsInvalidFieldsStayInlineAndDoNotSubmit/resources/vcpus/0\n","OutputType":"frame"}
{"Time":"2026-09-08T17:32:53.973793859+03:00","Action":"output","Package":"virmill.local/core/internal/ui/tui","Test":"TestGuidedFormsInvalidFieldsStayInlineAndDoNotSubmit/resources/vcpus/0","Output":"--- PASS: TestGuidedFormsInvalidFieldsStayInlineAndDoNotSubmit/resources/vcpus/0 (0.00s)\n","OutputType":"frame"}
{"Time":"2026-09-08T17:32:53.973796891+03:00","Action":"pass","Package":"virmill.local/core/internal/ui/tui","Test":"TestGuidedFormsInvalidFieldsStayInlineAndDoNotSubmit/resources/vcpus/0","Elapsed":0}
{"Time":"2026-09-08T17:32:53.97381221+03:00","Action":"run","Package":"virmill.local/core/internal/ui/tui","Test":"TestGuidedFormsInvalidFieldsStayInlineAndDoNotSubmit/resources/vcpus/513"}
{"Time":"2026-09-08T17:32:53.97381422+03:00","Action":"output","Package":"virmill.local/core/internal/ui/tui","Test":"TestGuidedFormsInvalidFieldsStayInlineAndDoNotSubmit/resources/vcpus/513","Output":"=== RUN   TestGuidedFormsInvalidFieldsStayInlineAndDoNotSubmit/resources/vcpus/513\n","OutputType":"frame"}
{"Time":"2026-09-08T17:32:53.973958995+03:00","Action":"output","Package":"virmill.local/core/internal/ui/tui","Test":"TestGuidedFormsInvalidFieldsStayInlineAndDoNotSubmit/resources/vcpus/513","Output":"--- PASS: TestGuidedFormsInvalidFieldsStayInlineAndDoNotSubmit/resources/vcpus/513 (0.00s)\n","OutputType":"frame"}
{"Time":"2026-09-08T17:32:53.973970565+03:00","Action":"pass","Package":"virmill.local/core/internal/ui/tui","Test":"TestGuidedFormsInvalidFieldsStayInlineAndDoNotSubmit/resources/vcpus/513","Elapsed":0}
{"Time":"2026-09-08T17:32:53.973978696+03:00","Action":"run","Package":"virmill.local/core/internal/ui/tui","Test":"TestGuidedFormsInvalidFieldsStayInlineAndDoNotSubmit/resources/vcpus/1.5"}
{"Time":"2026-09-08T17:32:53.973980572+03:00","Action":"output","Package":"virmill.local/core/internal/ui/tui","Test":"TestGuidedFormsInvalidFieldsStayInlineAndDoNotSubmit/resources/vcpus/1.5","Output":"=== RUN   TestGuidedFormsInvalidFieldsStayInlineAndDoNotSubmit/resources/vcpus/1.5\n","OutputType":"frame"}
{"Time":"2026-09-08T17:32:53.974130303+03:00","Action":"output","Package":"virmill.local/core/internal/ui/tui","Test":"TestGuidedFormsInvalidFieldsStayInlineAndDoNotSubmit/resources/vcpus/1.5","Output":"--- PASS: TestGuidedFormsInvalidFieldsStayInlineAndDoNotSubmit/resources/vcpus/1.5 (0.00s)\n","OutputType":"frame"}
{"Time":"2026-09-08T17:32:53.974133365+03:00","Action":"pass","Package":"virmill.local/core/internal/ui/tui","Test":"TestGuidedFormsInvalidFieldsStayInlineAndDoNotSubmit/resources/vcpus/1.5","Elapsed":0}
{"Time":"2026-09-08T17:32:53.974146475+03:00","Action":"run","Package":"virmill.local/core/internal/ui/tui","Test":"TestGuidedFormsInvalidFieldsStayInlineAndDoNotSubmit/resources/vcpus/+1"}
{"Time":"2026-09-08T17:32:53.974148833+03:00","Action":"output","Package":"virmill.local/core/internal/ui/tui","Test":"TestGuidedFormsInvalidFieldsStayInlineAndDoNotSubmit/resources/vcpus/+1","Output":"=== RUN   TestGuidedFormsInvalidFieldsStayInlineAndDoNotSubmit/resources/vcpus/+1\n","OutputType":"frame"}
{"Time":"2026-09-08T17:32:53.97428171+03:00","Action":"output","Package":"virmill.local/core/internal/ui/tui","Test":"TestGuidedFormsInvalidFieldsStayInlineAndDoNotSubmit/resources/vcpus/+1","Output":"--- PASS: TestGuidedFormsInvalidFieldsStayInlineAndDoNotSubmit/resources/vcpus/+1 (0.00s)\n","OutputType":"frame"}
{"Time":"2026-09-08T17:32:53.974288933+03:00","Action":"pass","Package":"virmill.local/core/internal/ui/tui","Test":"TestGuidedFormsInvalidFieldsStayInlineAndDoNotSubmit/resources/vcpus/+1","Elapsed":0}
{"Time":"2026-09-08T17:32:53.974301057+03:00","Action":"run","Package":"virmill.local/core/internal/ui/tui","Test":"TestGuidedFormsInvalidFieldsStayInlineAndDoNotSubmit/resources/vcpus/01"}
{"Time":"2026-09-08T17:32:53.974303127+03:00","Action":"output","Package":"virmill.local/core/internal/ui/tui","Test":"TestGuidedFormsInvalidFieldsStayInlineAndDoNotSubmit/resources/vcpus/01","Output":"=== RUN   TestGuidedFormsInvalidFieldsStayInlineAndDoNotSubmit/resources/vcpus/01\n","OutputType":"frame"}
{"Time":"2026-09-08T17:32:53.974450234+03:00","Action":"output","Package":"virmill.local/core/internal/ui/tui","Test":"TestGuidedFormsInvalidFieldsStayInlineAndDoNotSubmit/resources/vcpus/01","Output":"--- PASS: TestGuidedFormsInvalidFieldsStayInlineAndDoNotSubmit/resources/vcpus/01 (0.00s)\n","OutputType":"frame"}
{"Time":"2026-09-08T17:32:53.97445362+03:00","Action":"pass","Package":"virmill.local/core/internal/ui/tui","Test":"TestGuidedFormsInvalidFieldsStayInlineAndDoNotSubmit/resources/vcpus/01","Elapsed":0}
{"Time":"2026-09-08T17:32:53.974472614+03:00","Action":"run","Package":"virmill.local/core/internal/ui/tui","Test":"TestGuidedFormsInvalidFieldsStayInlineAndDoNotSubmit/resources/memoryMiB/1048577"}
{"Time":"2026-09-08T17:32:53.974474418+03:00","Action":"output","Package":"virmill.local/core/internal/ui/tui","Test":"TestGuidedFormsInvalidFieldsStayInlineAndDoNotSubmit/resources/memoryMiB/1048577","Output":"=== RUN   TestGuidedFormsInvalidFieldsStayInlineAndDoNotSubmit/resources/memoryMiB/1048577\n","OutputType":"frame"}
{"Time":"2026-09-08T17:32:53.974608073+03:00","Action":"output","Package":"virmill.local/core/internal/ui/tui","Test":"TestGuidedFormsInvalidFieldsStayInlineAndDoNotSubmit/resources/memoryMiB/1048577","Output":"--- PASS: TestGuidedFormsInvalidFieldsStayInlineAndDoNotSubmit/resources/memoryMiB/1048577 (0.00s)\n","OutputType":"frame"}
{"Time":"2026-09-08T17:32:53.974611383+03:00","Action":"pass","Package":"virmill.local/core/internal/ui/tui","Test":"TestGuidedFormsInvalidFieldsStayInlineAndDoNotSubmit/resources/memoryMiB/1048577","Elapsed":0}
{"Time":"2026-09-08T17:32:53.97462265+03:00","Action":"run","Package":"virmill.local/core/internal/ui/tui","Test":"TestGuidedFormsInvalidFieldsStayInlineAndDoNotSubmit/resources/memoryMiB/-2"}
{"Time":"2026-09-08T17:32:53.974624716+03:00","Action":"output","Package":"virmill.local/core/internal/ui/tui","Test":"TestGuidedFormsInvalidFieldsStayInlineAndDoNotSubmit/resources/memoryMiB/-2","Output":"=== RUN   TestGuidedFormsInvalidFieldsStayInlineAndDoNotSubmit/resources/memoryMiB/-2\n","OutputType":"frame"}
{"Time":"2026-09-08T17:32:53.974761554+03:00","Action":"output","Package":"virmill.local/core/internal/ui/tui","Test":"TestGuidedFormsInvalidFieldsStayInlineAndDoNotSubmit/resources/memoryMiB/-2","Output":"--- PASS: TestGuidedFormsInvalidFieldsStayInlineAndDoNotSubmit/resources/memoryMiB/-2 (0.00s)\n","OutputType":"frame"}
{"Time":"2026-09-08T17:32:53.974768702+03:00","Action":"pass","Package":"virmill.local/core/internal/ui/tui","Test":"TestGuidedFormsInvalidFieldsStayInlineAndDoNotSubmit/resources/memoryMiB/-2","Elapsed":0}
{"Time":"2026-09-08T17:32:53.974784428+03:00","Action":"run","Package":"virmill.local/core/internal/ui/tui","Test":"TestGuidedFormsInvalidFieldsStayInlineAndDoNotSubmit/capture/sourceRoot/relative"}
{"Time":"2026-09-08T17:32:53.974786409+03:00","Action":"output","Package":"virmill.local/core/internal/ui/tui","Test":"TestGuidedFormsInvalidFieldsStayInlineAndDoNotSubmit/capture/sourceRoot/relative","Output":"=== RUN   TestGuidedFormsInvalidFieldsStayInlineAndDoNotSubmit/capture/sourceRoot/relative\n","OutputType":"frame"}
{"Time":"2026-09-08T17:32:53.974923317+03:00","Action":"output","Package":"virmill.local/core/internal/ui/tui","Test":"TestGuidedFormsInvalidFieldsStayInlineAndDoNotSubmit/capture/sourceRoot/relative","Output":"--- PASS: TestGuidedFormsInvalidFieldsStayInlineAndDoNotSubmit/capture/sourceRoot/relative (0.00s)\n","OutputType":"frame"}
{"Time":"2026-09-08T17:32:53.974926435+03:00","Action":"pass","Package":"virmill.local/core/internal/ui/tui","Test":"TestGuidedFormsInvalidFieldsStayInlineAndDoNotSubmit/capture/sourceRoot/relative","Elapsed":0}
{"Time":"2026-09-08T17:32:53.974941947+03:00","Action":"run","Package":"virmill.local/core/internal/ui/tui","Test":"TestGuidedFormsInvalidFieldsStayInlineAndDoNotSubmit/capture/sourceRoot//private/../other"}
{"Time":"2026-09-08T17:32:53.974943873+03:00","Action":"output","Package":"virmill.local/core/internal/ui/tui","Test":"TestGuidedFormsInvalidFieldsStayInlineAndDoNotSubmit/capture/sourceRoot//private/../other","Output":"=== RUN   TestGuidedFormsInvalidFieldsStayInlineAndDoNotSubmit/capture/sourceRoot//private/../other\n","OutputType":"frame"}
{"Time":"2026-09-08T17:32:53.975099038+03:00","Action":"output","Package":"virmill.local/core/internal/ui/tui","Test":"TestGuidedFormsInvalidFieldsStayInlineAndDoNotSubmit/capture/sourceRoot//private/../other","Output":"--- PASS: TestGuidedFormsInvalidFieldsStayInlineAndDoNotSubmit/capture/sourceRoot//private/../other (0.00s)\n","OutputType":"frame"}
{"Time":"2026-09-08T17:32:53.975102627+03:00","Action":"pass","Package":"virmill.local/core/internal/ui/tui","Test":"TestGuidedFormsInvalidFieldsStayInlineAndDoNotSubmit/capture/sourceRoot//private/../other","Elapsed":0}
{"Time":"2026-09-08T17:32:53.975118161+03:00","Action":"run","Package":"virmill.local/core/internal/ui/tui","Test":"TestGuidedFormsInvalidFieldsStayInlineAndDoNotSubmit/capture/sourceRoot//private/source/"}
{"Time":"2026-09-08T17:32:53.975119679+03:00","Action":"output","Package":"virmill.local/core/internal/ui/tui","Test":"TestGuidedFormsInvalidFieldsStayInlineAndDoNotSubmit/capture/sourceRoot//private/source/","Output":"=== RUN   TestGuidedFormsInvalidFieldsStayInlineAndDoNotSubmit/capture/sourceRoot//private/source/\n","OutputType":"frame"}
{"Time":"2026-09-08T17:32:53.975269217+03:00","Action":"output","Package":"virmill.local/core/internal/ui/tui","Test":"TestGuidedFormsInvalidFieldsStayInlineAndDoNotSubmit/capture/sourceRoot//private/source/","Output":"--- PASS: TestGuidedFormsInvalidFieldsStayInlineAndDoNotSubmit/capture/sourceRoot//private/source/ (0.00s)\n","OutputType":"frame"}
{"Time":"2026-09-08T17:32:53.975274354+03:00","Action":"pass","Package":"virmill.local/core/internal/ui/tui","Test":"TestGuidedFormsInvalidFieldsStayInlineAndDoNotSubmit/capture/sourceRoot//private/source/","Elapsed":0}
{"Time":"2026-09-08T17:32:53.975288845+03:00","Action":"run","Package":"virmill.local/core/internal/ui/tui","Test":"TestGuidedFormsInvalidFieldsStayInlineAndDoNotSubmit/capture/sourceRoot/_/private/source"}
{"Time":"2026-09-08T17:32:53.975291055+03:00","Action":"output","Package":"virmill.local/core/internal/ui/tui","Test":"TestGuidedFormsInvalidFieldsStayInlineAndDoNotSubmit/capture/sourceRoot/_/private/source","Output":"=== RUN   TestGuidedFormsInvalidFieldsStayInlineAndDoNotSubmit/capture/sourceRoot/_/private/source\n","OutputType":"frame"}
{"Time":"2026-09-08T17:32:53.975443335+03:00","Action":"output","Package":"virmill.local/core/internal/ui/tui","Test":"TestGuidedFormsInvalidFieldsStayInlineAndDoNotSubmit/capture/sourceRoot/_/private/source","Output":"--- PASS: TestGuidedFormsInvalidFieldsStayInlineAndDoNotSubmit/capture/sourceRoot/_/private/source (0.00s)\n","OutputType":"frame"}
{"Time":"2026-09-08T17:32:53.975450796+03:00","Action":"pass","Package":"virmill.local/core/internal/ui/tui","Test":"TestGuidedFormsInvalidFieldsStayInlineAndDoNotSubmit/capture/sourceRoot/_/private/source","Elapsed":0}
{"Time":"2026-09-08T17:32:53.975462101+03:00","Action":"run","Package":"virmill.local/core/internal/ui/tui","Test":"TestGuidedFormsInvalidFieldsStayInlineAndDoNotSubmit/capture/auxiliaryRootID/../other"}
{"Time":"2026-09-08T17:32:53.975464161+03:00","Action":"output","Package":"virmill.local/core/internal/ui/tui","Test":"TestGuidedFormsInvalidFieldsStayInlineAndDoNotSubmit/capture/auxiliaryRootID/../other","Output":"=== RUN   TestGuidedFormsInvalidFieldsStayInlineAndDoNotSubmit/capture/auxiliaryRootID/../other\n","OutputType":"frame"}
{"Time":"2026-09-08T17:32:53.975644298+03:00","Action":"output","Package":"virmill.local/core/internal/ui/tui","Test":"TestGuidedFormsInvalidFieldsStayInlineAndDoNotSubmit/capture/auxiliaryRootID/../other","Output":"--- PASS: TestGuidedFormsInvalidFieldsStayInlineAndDoNotSubmit/capture/auxiliaryRootID/../other (0.00s)\n","OutputType":"frame"}
{"Time":"2026-09-08T17:32:53.975647374+03:00","Action":"pass","Package":"virmill.local/core/internal/ui/tui","Test":"TestGuidedFormsInvalidFieldsStayInlineAndDoNotSubmit/capture/auxiliaryRootID/../other","Elapsed":0}
{"Time":"2026-09-08T17:32:53.975662337+03:00","Action":"run","Package":"virmill.local/core/internal/ui/tui","Test":"TestGuidedFormsInvalidFieldsStayInlineAndDoNotSubmit/guest-recipe/recipe/relative.json"}
{"Time":"2026-09-08T17:32:53.975664421+03:00","Action":"output","Package":"virmill.local/core/internal/ui/tui","Test":"TestGuidedFormsInvalidFieldsStayInlineAndDoNotSubmit/guest-recipe/recipe/relative.json","Output":"=== RUN   TestGuidedFormsInvalidFieldsStayInlineAndDoNotSubmit/guest-recipe/recipe/relative.json\n","OutputType":"frame"}
{"Time":"2026-09-08T17:32:53.975928248+03:00","Action":"output","Package":"virmill.local/core/internal/ui/tui","Test":"TestGuidedFormsInvalidFieldsStayInlineAndDoNotSubmit/guest-recipe/recipe/relative.json","Output":"--- PASS: TestGuidedFormsInvalidFieldsStayInlineAndDoNotSubmit/guest-recipe/recipe/relative.json (0.00s)\n","OutputType":"frame"}
{"Time":"2026-09-08T17:32:53.975934119+03:00","Action":"pass","Package":"virmill.local/core/internal/ui/tui","Test":"TestGuidedFormsInvalidFieldsStayInlineAndDoNotSubmit/guest-recipe/recipe/relative.json","Elapsed":0}
{"Time":"2026-09-08T17:32:53.975946039+03:00","Action":"run","Package":"virmill.local/core/internal/ui/tui","Test":"TestGuidedFormsInvalidFieldsStayInlineAndDoNotSubmit/guest-recipe/address/host.example"}
{"Time":"2026-09-08T17:32:53.975948184+03:00","Action":"output","Package":"virmill.local/core/internal/ui/tui","Test":"TestGuidedFormsInvalidFieldsStayInlineAndDoNotSubmit/guest-recipe/address/host.example","Output":"=== RUN   TestGuidedFormsInvalidFieldsStayInlineAndDoNotSubmit/guest-recipe/address/host.example\n","OutputType":"frame"}
{"Time":"2026-09-08T17:32:53.976247992+03:00","Action":"output","Package":"virmill.local/core/internal/ui/tui","Test":"TestGuidedFormsInvalidFieldsStayInlineAndDoNotSubmit/guest-recipe/address/host.example","Output":"--- PASS: TestGuidedFormsInvalidFieldsStayInlineAndDoNotSubmit/guest-recipe/address/host.example (0.00s)\n","OutputType":"frame"}
{"Time":"2026-09-08T17:32:53.976252428+03:00","Action":"pass","Package":"virmill.local/core/internal/ui/tui","Test":"TestGuidedFormsInvalidFieldsStayInlineAndDoNotSubmit/guest-recipe/address/host.example","Elapsed":0}
{"Time":"2026-09-08T17:32:53.976263517+03:00","Action":"run","Package":"virmill.local/core/internal/ui/tui","Test":"TestGuidedFormsInvalidFieldsStayInlineAndDoNotSubmit/guest-recipe/address/127.0.0.1"}
{"Time":"2026-09-08T17:32:53.976265417+03:00","Action":"output","Package":"virmill.local/core/internal/ui/tui","Test":"TestGuidedFormsInvalidFieldsStayInlineAndDoNotSubmit/guest-recipe/address/127.0.0.1","Output":"=== RUN   TestGuidedFormsInvalidFieldsStayInlineAndDoNotSubmit/guest-recipe/address/127.0.0.1\n","OutputType":"frame"}
{"Time":"2026-09-08T17:32:53.976579058+03:00","Action":"output","Package":"virmill.local/core/internal/ui/tui","Test":"TestGuidedFormsInvalidFieldsStayInlineAndDoNotSubmit/guest-recipe/address/127.0.0.1","Output":"--- PASS: TestGuidedFormsInvalidFieldsStayInlineAndDoNotSubmit/guest-recipe/address/127.0.0.1 (0.00s)\n","OutputType":"frame"}
{"Time":"2026-09-08T17:32:53.976588336+03:00","Action":"pass","Package":"virmill.local/core/internal/ui/tui","Test":"TestGuidedFormsInvalidFieldsStayInlineAndDoNotSubmit/guest-recipe/address/127.0.0.1","Elapsed":0}
{"Time":"2026-09-08T17:32:53.976600975+03:00","Action":"run","Package":"virmill.local/core/internal/ui/tui","Test":"TestGuidedFormsInvalidFieldsStayInlineAndDoNotSubmit/guest-recipe/address/fe80::1"}
{"Time":"2026-09-08T17:32:53.976603058+03:00","Action":"output","Package":"virmill.local/core/internal/ui/tui","Test":"TestGuidedFormsInvalidFieldsStayInlineAndDoNotSubmit/guest-recipe/address/fe80::1","Output":"=== RUN   TestGuidedFormsInvalidFieldsStayInlineAndDoNotSubmit/guest-recipe/address/fe80::1\n","OutputType":"frame"}
{"Time":"2026-09-08T17:32:53.97690235+03:00","Action":"output","Package":"virmill.local/core/internal/ui/tui","Test":"TestGuidedFormsInvalidFieldsStayInlineAndDoNotSubmit/guest-recipe/address/fe80::1","Output":"--- PASS: TestGuidedFormsInvalidFieldsStayInlineAndDoNotSubmit/guest-recipe/address/fe80::1 (0.00s)\n","OutputType":"frame"}
{"Time":"2026-09-08T17:32:53.976911278+03:00","Action":"pass","Package":"virmill.local/core/internal/ui/tui","Test":"TestGuidedFormsInvalidFieldsStayInlineAndDoNotSubmit/guest-recipe/address/fe80::1","Elapsed":0}
{"Time":"2026-09-08T17:32:53.976925107+03:00","Action":"run","Package":"virmill.local/core/internal/ui/tui","Test":"TestGuidedFormsInvalidFieldsStayInlineAndDoNotSubmit/guest-recipe/address/::ffff:192.0.2.25"}
{"Time":"2026-09-08T17:32:53.976927052+03:00","Action":"output","Package":"virmill.local/core/internal/ui/tui","Test":"TestGuidedFormsInvalidFieldsStayInlineAndDoNotSubmit/guest-recipe/address/::ffff:192.0.2.25","Output":"=== RUN   TestGuidedFormsInvalidFieldsStayInlineAndDoNotSubmit/guest-recipe/address/::ffff:192.0.2.25\n","OutputType":"frame"}
{"Time":"2026-09-08T17:32:53.977227348+03:00","Action":"output","Package":"virmill.local/core/internal/ui/tui","Test":"TestGuidedFormsInvalidFieldsStayInlineAndDoNotSubmit/guest-recipe/address/::ffff:192.0.2.25","Output":"--- PASS: TestGuidedFormsInvalidFieldsStayInlineAndDoNotSubmit/guest-recipe/address/::ffff:192.0.2.25 (0.00s)\n","OutputType":"frame"}
{"Time":"2026-09-08T17:32:53.977230568+03:00","Action":"pass","Package":"virmill.local/core/internal/ui/tui","Test":"TestGuidedFormsInvalidFieldsStayInlineAndDoNotSubmit/guest-recipe/address/::ffff:192.0.2.25","Elapsed":0}
{"Time":"2026-09-08T17:32:53.977244428+03:00","Action":"run","Package":"virmill.local/core/internal/ui/tui","Test":"TestGuidedFormsInvalidFieldsStayInlineAndDoNotSubmit/guest-recipe/port/0"}
{"Time":"2026-09-08T17:32:53.97724661+03:00","Action":"output","Package":"virmill.local/core/internal/ui/tui","Test":"TestGuidedFormsInvalidFieldsStayInlineAndDoNotSubmit/guest-recipe/port/0","Output":"=== RUN   TestGuidedFormsInvalidFieldsStayInlineAndDoNotSubmit/guest-recipe/port/0\n","OutputType":"frame"}
{"Time":"2026-09-08T17:32:53.977538638+03:00","Action":"output","Package":"virmill.local/core/internal/ui/tui","Test":"TestGuidedFormsInvalidFieldsStayInlineAndDoNotSubmit/guest-recipe/port/0","Output":"--- PASS: TestGuidedFormsInvalidFieldsStayInlineAndDoNotSubmit/guest-recipe/port/0 (0.00s)\n","OutputType":"frame"}
{"Time":"2026-09-08T17:32:53.977541665+03:00","Action":"pass","Package":"virmill.local/core/internal/ui/tui","Test":"TestGuidedFormsInvalidFieldsStayInlineAndDoNotSubmit/guest-recipe/port/0","Elapsed":0}
{"Time":"2026-09-08T17:32:53.977555777+03:00","Action":"run","Package":"virmill.local/core/internal/ui/tui","Test":"TestGuidedFormsInvalidFieldsStayInlineAndDoNotSubmit/guest-recipe/port/65536"}
{"Time":"2026-09-08T17:32:53.9775581+03:00","Action":"output","Package":"virmill.local/core/internal/ui/tui","Test":"TestGuidedFormsInvalidFieldsStayInlineAndDoNotSubmit/guest-recipe/port/65536","Output":"=== RUN   TestGuidedFormsInvalidFieldsStayInlineAndDoNotSubmit/guest-recipe/port/65536\n","OutputType":"frame"}
{"Time":"2026-09-08T17:32:53.977853298+03:00","Action":"output","Package":"virmill.local/core/internal/ui/tui","Test":"TestGuidedFormsInvalidFieldsStayInlineAndDoNotSubmit/guest-recipe/port/65536","Output":"--- PASS: TestGuidedFormsInvalidFieldsStayInlineAndDoNotSubmit/guest-recipe/port/65536 (0.00s)\n","OutputType":"frame"}
{"Time":"2026-09-08T17:32:53.977856655+03:00","Action":"pass","Package":"virmill.local/core/internal/ui/tui","Test":"TestGuidedFormsInvalidFieldsStayInlineAndDoNotSubmit/guest-recipe/port/65536","Elapsed":0}
{"Time":"2026-09-08T17:32:53.977869635+03:00","Action":"run","Package":"virmill.local/core/internal/ui/tui","Test":"TestGuidedFormsInvalidFieldsStayInlineAndDoNotSubmit/guest-recipe/user/ROOT"}
{"Time":"2026-09-08T17:32:53.977871813+03:00","Action":"output","Package":"virmill.local/core/internal/ui/tui","Test":"TestGuidedFormsInvalidFieldsStayInlineAndDoNotSubmit/guest-recipe/user/ROOT","Output":"=== RUN   TestGuidedFormsInvalidFieldsStayInlineAndDoNotSubmit/guest-recipe/user/ROOT\n","OutputType":"frame"}
{"Time":"2026-09-08T17:32:53.978176243+03:00","Action":"output","Package":"virmill.local/core/internal/ui/tui","Test":"TestGuidedFormsInvalidFieldsStayInlineAndDoNotSubmit/guest-recipe/user/ROOT","Output":"--- PASS: TestGuidedFormsInvalidFieldsStayInlineAndDoNotSubmit/guest-recipe/user/ROOT (0.00s)\n","OutputType":"frame"}
{"Time":"2026-09-08T17:32:53.978179418+03:00","Action":"pass","Package":"virmill.local/core/internal/ui/tui","Test":"TestGuidedFormsInvalidFieldsStayInlineAndDoNotSubmit/guest-recipe/user/ROOT","Elapsed":0}
{"Time":"2026-09-08T17:32:53.978192661+03:00","Action":"run","Package":"virmill.local/core/internal/ui/tui","Test":"TestGuidedFormsInvalidFieldsStayInlineAndDoNotSubmit/guest-recipe/user/-option"}
{"Time":"2026-09-08T17:32:53.978194668+03:00","Action":"output","Package":"virmill.local/core/internal/ui/tui","Test":"TestGuidedFormsInvalidFieldsStayInlineAndDoNotSubmit/guest-recipe/user/-option","Output":"=== RUN   TestGuidedFormsInvalidFieldsStayInlineAndDoNotSubmit/guest-recipe/user/-option\n","OutputType":"frame"}
{"Time":"2026-09-08T17:32:53.978502602+03:00","Action":"output","Package":"virmill.local/core/internal/ui/tui","Test":"TestGuidedFormsInvalidFieldsStayInlineAndDoNotSubmit/guest-recipe/user/-option","Output":"--- PASS: TestGuidedFormsInvalidFieldsStayInlineAndDoNotSubmit/guest-recipe/user/-option (0.00s)\n","OutputType":"frame"}
{"Time":"2026-09-08T17:32:53.978506956+03:00","Action":"pass","Package":"virmill.local/core/internal/ui/tui","Test":"TestGuidedFormsInvalidFieldsStayInlineAndDoNotSubmit/guest-recipe/user/-option","Elapsed":0}
{"Time":"2026-09-08T17:32:53.9785198+03:00","Action":"run","Package":"virmill.local/core/internal/ui/tui","Test":"TestGuidedFormsInvalidFieldsStayInlineAndDoNotSubmit/guest-recipe/identityFile/paste-a-key"}
{"Time":"2026-09-08T17:32:53.978521894+03:00","Action":"output","Package":"virmill.local/core/internal/ui/tui","Test":"TestGuidedFormsInvalidFieldsStayInlineAndDoNotSubmit/guest-recipe/identityFile/paste-a-key","Output":"=== RUN   TestGuidedFormsInvalidFieldsStayInlineAndDoNotSubmit/guest-recipe/identityFile/paste-a-key\n","OutputType":"frame"}
{"Time":"2026-09-08T17:32:53.978808773+03:00","Action":"output","Package":"virmill.local/core/internal/ui/tui","Test":"TestGuidedFormsInvalidFieldsStayInlineAndDoNotSubmit/guest-recipe/identityFile/paste-a-key","Output":"--- PASS: TestGuidedFormsInvalidFieldsStayInlineAndDoNotSubmit/guest-recipe/identityFile/paste-a-key (0.00s)\n","OutputType":"frame"}
{"Time":"2026-09-08T17:32:53.978818847+03:00","Action":"pass","Package":"virmill.local/core/internal/ui/tui","Test":"TestGuidedFormsInvalidFieldsStayInlineAndDoNotSubmit/guest-recipe/identityFile/paste-a-key","Elapsed":0}
{"Time":"2026-09-08T17:32:53.978823358+03:00","Action":"run","Package":"virmill.local/core/internal/ui/tui","Test":"TestGuidedFormsInvalidFieldsStayInlineAndDoNotSubmit/guest-recipe/knownHostsFile//private/../hosts"}
{"Time":"2026-09-08T17:32:53.978825017+03:00","Action":"output","Package":"virmill.local/core/internal/ui/tui","Test":"TestGuidedFormsInvalidFieldsStayInlineAndDoNotSubmit/guest-recipe/knownHostsFile//private/../hosts","Output":"=== RUN   TestGuidedFormsInvalidFieldsStayInlineAndDoNotSubmit/guest-recipe/knownHostsFile//private/../hosts\n","OutputType":"frame"}
{"Time":"2026-09-08T17:32:53.979101806+03:00","Action":"output","Package":"virmill.local/core/internal/ui/tui","Test":"TestGuidedFormsInvalidFieldsStayInlineAndDoNotSubmit/guest-recipe/knownHostsFile//private/../hosts","Output":"--- PASS: TestGuidedFormsInvalidFieldsStayInlineAndDoNotSubmit/guest-recipe/knownHostsFile//private/../hosts (0.00s)\n","OutputType":"frame"}
{"Time":"2026-09-08T17:32:53.979107087+03:00","Action":"pass","Package":"virmill.local/core/internal/ui/tui","Test":"TestGuidedFormsInvalidFieldsStayInlineAndDoNotSubmit/guest-recipe/knownHostsFile//private/../hosts","Elapsed":0}
{"Time":"2026-09-08T17:32:53.979121237+03:00","Action":"run","Package":"virmill.local/core/internal/ui/tui","Test":"TestGuidedFormsInvalidFieldsStayInlineAndDoNotSubmit/guest-recipe/arguments/'unfinished"}
{"Time":"2026-09-08T17:32:53.979122999+03:00","Action":"output","Package":"virmill.local/core/internal/ui/tui","Test":"TestGuidedFormsInvalidFieldsStayInlineAndDoNotSubmit/guest-recipe/arguments/'unfinished","Output":"=== RUN   TestGuidedFormsInvalidFieldsStayInlineAndDoNotSubmit/guest-recipe/arguments/'unfinished\n","OutputType":"frame"}
{"Time":"2026-09-08T17:32:53.97943646+03:00","Action":"output","Package":"virmill.local/core/internal/ui/tui","Test":"TestGuidedFormsInvalidFieldsStayInlineAndDoNotSubmit/guest-recipe/arguments/'unfinished","Output":"--- PASS: TestGuidedFormsInvalidFieldsStayInlineAndDoNotSubmit/guest-recipe/arguments/'unfinished (0.00s)\n","OutputType":"frame"}
{"Time":"2026-09-08T17:32:53.97944544+03:00","Action":"pass","Package":"virmill.local/core/internal/ui/tui","Test":"TestGuidedFormsInvalidFieldsStayInlineAndDoNotSubmit/guest-recipe/arguments/'unfinished","Elapsed":0}
{"Time":"2026-09-08T17:32:53.979458496+03:00","Action":"run","Package":"virmill.local/core/internal/ui/tui","Test":"TestGuidedFormsInvalidFieldsStayInlineAndDoNotSubmit/repository-init/repository/relative"}
{"Time":"2026-09-08T17:32:53.979461331+03:00","Action":"output","Package":"virmill.local/core/internal/ui/tui","Test":"TestGuidedFormsInvalidFieldsStayInlineAndDoNotSubmit/repository-init/repository/relative","Output":"=== RUN   TestGuidedFormsInvalidFieldsStayInlineAndDoNotSubmit/repository-init/repository/relative\n","OutputType":"frame"}
{"Time":"2026-09-08T17:32:53.979610203+03:00","Action":"output","Package":"virmill.local/core/internal/ui/tui","Test":"TestGuidedFormsInvalidFieldsStayInlineAndDoNotSubmit/repository-init/repository/relative","Output":"--- PASS: TestGuidedFormsInvalidFieldsStayInlineAndDoNotSubmit/repository-init/repository/relative (0.00s)\n","OutputType":"frame"}
{"Time":"2026-09-08T17:32:53.979613396+03:00","Action":"pass","Package":"virmill.local/core/internal/ui/tui","Test":"TestGuidedFormsInvalidFieldsStayInlineAndDoNotSubmit/repository-init/repository/relative","Elapsed":0}
{"Time":"2026-09-08T17:32:53.979629282+03:00","Action":"run","Package":"virmill.local/core/internal/ui/tui","Test":"TestGuidedFormsInvalidFieldsStayInlineAndDoNotSubmit/repository-check/passwordFile/plaintext-password"}
{"Time":"2026-09-08T17:32:53.979631712+03:00","Action":"output","Package":"virmill.local/core/internal/ui/tui","Test":"TestGuidedFormsInvalidFieldsStayInlineAndDoNotSubmit/repository-check/passwordFile/plaintext-password","Output":"=== RUN   TestGuidedFormsInvalidFieldsStayInlineAndDoNotSubmit/repository-check/passwordFile/plaintext-password\n","OutputType":"frame"}
{"Time":"2026-09-08T17:32:53.979776672+03:00","Action":"output","Package":"virmill.local/core/internal/ui/tui","Test":"TestGuidedFormsInvalidFieldsStayInlineAndDoNotSubmit/repository-check/passwordFile/plaintext-password","Output":"--- PASS: TestGuidedFormsInvalidFieldsStayInlineAndDoNotSubmit/repository-check/passwordFile/plaintext-password (0.00s)\n","OutputType":"frame"}
{"Time":"2026-09-08T17:32:53.979784978+03:00","Action":"pass","Package":"virmill.local/core/internal/ui/tui","Test":"TestGuidedFormsInvalidFieldsStayInlineAndDoNotSubmit/repository-check/passwordFile/plaintext-password","Elapsed":0}
{"Time":"2026-09-08T17:32:53.979800758+03:00","Action":"run","Package":"virmill.local/core/internal/ui/tui","Test":"TestGuidedFormsInvalidFieldsStayInlineAndDoNotSubmit/repository-check/passwordFile//private/repository/key"}
{"Time":"2026-09-08T17:32:53.979805151+03:00","Action":"output","Package":"virmill.local/core/internal/ui/tui","Test":"TestGuidedFormsInvalidFieldsStayInlineAndDoNotSubmit/repository-check/passwordFile//private/repository/key","Output":"=== RUN   TestGuidedFormsInvalidFieldsStayInlineAndDoNotSubmit/repository-check/passwordFile//private/repository/key\n","OutputType":"frame"}
{"Time":"2026-09-08T17:32:53.979947186+03:00","Action":"output","Package":"virmill.local/core/internal/ui/tui","Test":"TestGuidedFormsInvalidFieldsStayInlineAndDoNotSubmit/repository-check/passwordFile//private/repository/key","Output":"--- PASS: TestGuidedFormsInvalidFieldsStayInlineAndDoNotSubmit/repository-check/passwordFile//private/repository/key (0.00s)\n","OutputType":"frame"}
{"Time":"2026-09-08T17:32:53.97995071+03:00","Action":"pass","Package":"virmill.local/core/internal/ui/tui","Test":"TestGuidedFormsInvalidFieldsStayInlineAndDoNotSubmit/repository-check/passwordFile//private/repository/key","Elapsed":0}
{"Time":"2026-09-08T17:32:53.979965483+03:00","Action":"run","Package":"virmill.local/core/internal/ui/tui","Test":"TestGuidedFormsInvalidFieldsStayInlineAndDoNotSubmit/repository-check/passwordFile//private/repository"}
{"Time":"2026-09-08T17:32:53.979967857+03:00","Action":"output","Package":"virmill.local/core/internal/ui/tui","Test":"TestGuidedFormsInvalidFieldsStayInlineAndDoNotSubmit/repository-check/passwordFile//private/repository","Output":"=== RUN   TestGuidedFormsInvalidFieldsStayInlineAndDoNotSubmit/repository-check/passwordFile//private/repository\n","OutputType":"frame"}
{"Time":"2026-09-08T17:32:53.980102646+03:00","Action":"output","Package":"virmill.local/core/internal/ui/tui","Test":"TestGuidedFormsInvalidFieldsStayInlineAndDoNotSubmit/repository-check/passwordFile//private/repository","Output":"--- PASS: TestGuidedFormsInvalidFieldsStayInlineAndDoNotSubmit/repository-check/passwordFile//private/repository (0.00s)\n","OutputType":"frame"}
{"Time":"2026-09-08T17:32:53.980106019+03:00","Action":"pass","Package":"virmill.local/core/internal/ui/tui","Test":"TestGuidedFormsInvalidFieldsStayInlineAndDoNotSubmit/repository-check/passwordFile//private/repository","Elapsed":0}
{"Time":"2026-09-08T17:32:53.980124246+03:00","Action":"output","Package":"virmill.local/core/internal/ui/tui","Test":"TestGuidedFormsInvalidFieldsStayInlineAndDoNotSubmit","Output":"--- PASS: TestGuidedFormsInvalidFieldsStayInlineAndDoNotSubmit (0.01s)\n","OutputType":"frame"}
{"Time":"2026-09-08T17:32:53.980134601+03:00","Action":"pass","Package":"virmill.local/core/internal/ui/tui","Test":"TestGuidedFormsInvalidFieldsStayInlineAndDoNotSubmit","Elapsed":0.01}
{"Time":"2026-09-08T17:32:53.98014667+03:00","Action":"run","Package":"virmill.local/core/internal/ui/tui","Test":"TestGuidedFormsFocusUnicodeEditingAndValueIsolation"}
{"Time":"2026-09-08T17:32:53.980148985+03:00","Action":"output","Package":"virmill.local/core/internal/ui/tui","Test":"TestGuidedFormsFocusUnicodeEditingAndValueIsolation","Output":"=== RUN   TestGuidedFormsFocusUnicodeEditingAndValueIsolation\n","OutputType":"frame"}
{"Time":"2026-09-08T17:32:53.980193801+03:00","Action":"output","Package":"virmill.local/core/internal/ui/tui","Test":"TestGuidedFormsFocusUnicodeEditingAndValueIsolation","Output":"--- PASS: TestGuidedFormsFocusUnicodeEditingAndValueIsolation (0.00s)\n","OutputType":"frame"}
{"Time":"2026-09-08T17:32:53.980197067+03:00","Action":"pass","Package":"virmill.local/core/internal/ui/tui","Test":"TestGuidedFormsFocusUnicodeEditingAndValueIsolation","Elapsed":0}
{"Time":"2026-09-08T17:32:53.980206454+03:00","Action":"run","Package":"virmill.local/core/internal/ui/tui","Test":"TestGuidedFormsRejectControlsAndExcessWithoutLosingInput"}
{"Time":"2026-09-08T17:32:53.980208761+03:00","Action":"output","Package":"virmill.local/core/internal/ui/tui","Test":"TestGuidedFormsRejectControlsAndExcessWithoutLosingInput","Output":"=== RUN   TestGuidedFormsRejectControlsAndExcessWithoutLosingInput\n","OutputType":"frame"}
{"Time":"2026-09-08T17:32:53.980644675+03:00","Action":"output","Package":"virmill.local/core/internal/ui/tui","Test":"TestGuidedFormsRejectControlsAndExcessWithoutLosingInput","Output":"--- PASS: TestGuidedFormsRejectControlsAndExcessWithoutLosingInput (0.00s)\n","OutputType":"frame"}
{"Time":"2026-09-08T17:32:53.980648085+03:00","Action":"pass","Package":"virmill.local/core/internal/ui/tui","Test":"TestGuidedFormsRejectControlsAndExcessWithoutLosingInput","Elapsed":0}
{"Time":"2026-09-08T17:32:53.98066315+03:00","Action":"run","Package":"virmill.local/core/internal/ui/tui","Test":"TestGuidedFormsIdentityAndConnectionRefusals"}
{"Time":"2026-09-08T17:32:53.980665407+03:00","Action":"output","Package":"virmill.local/core/internal/ui/tui","Test":"TestGuidedFormsIdentityAndConnectionRefusals","Output":"=== RUN   TestGuidedFormsIdentityAndConnectionRefusals\n","OutputType":"frame"}
{"Time":"2026-09-08T17:32:53.980785581+03:00","Action":"output","Package":"virmill.local/core/internal/ui/tui","Test":"TestGuidedFormsIdentityAndConnectionRefusals","Output":"--- PASS: TestGuidedFormsIdentityAndConnectionRefusals (0.00s)\n","OutputType":"frame"}
{"Time":"2026-09-08T17:32:53.980793485+03:00","Action":"pass","Package":"virmill.local/core/internal/ui/tui","Test":"TestGuidedFormsIdentityAndConnectionRefusals","Elapsed":0}
{"Time":"2026-09-08T17:32:53.98080306+03:00","Action":"run","Package":"virmill.local/core/internal/ui/tui","Test":"TestGuidedFormsResizeSanitizationAndFocusVisible"}
{"Time":"2026-09-08T17:32:53.980805134+03:00","Action":"output","Package":"virmill.local/core/internal/ui/tui","Test":"TestGuidedFormsResizeSanitizationAndFocusVisible","Output":"=== RUN   TestGuidedFormsResizeSanitizationAndFocusVisible\n","OutputType":"frame"}
{"Time":"2026-09-08T17:32:54.008788405+03:00","Action":"output","Package":"virmill.local/core/internal/ui/tui","Test":"TestGuidedFormsResizeSanitizationAndFocusVisible","Output":"--- PASS: TestGuidedFormsResizeSanitizationAndFocusVisible (0.03s)\n","OutputType":"frame"}
{"Time":"2026-09-08T17:32:54.008813099+03:00","Action":"pass","Package":"virmill.local/core/internal/ui/tui","Test":"TestGuidedFormsResizeSanitizationAndFocusVisible","Elapsed":0.03}
{"Time":"2026-09-08T17:32:54.008818627+03:00","Action":"run","Package":"virmill.local/core/internal/ui/tui","Test":"TestReadOnlyHostInventoryNavigation"}
{"Time":"2026-09-08T17:32:54.008820301+03:00","Action":"output","Package":"virmill.local/core/internal/ui/tui","Test":"TestReadOnlyHostInventoryNavigation","Output":"=== RUN   TestReadOnlyHostInventoryNavigation\n","OutputType":"frame"}
{"Time":"2026-09-08T17:32:54.009467689+03:00","Action":"output","Package":"virmill.local/core/internal/ui/tui","Test":"TestReadOnlyHostInventoryNavigation","Output":"--- PASS: TestReadOnlyHostInventoryNavigation (0.00s)\n","OutputType":"frame"}
{"Time":"2026-09-08T17:32:54.009477261+03:00","Action":"pass","Package":"virmill.local/core/internal/ui/tui","Test":"TestReadOnlyHostInventoryNavigation","Elapsed":0}
{"Time":"2026-09-08T17:32:54.009489266+03:00","Action":"run","Package":"virmill.local/core/internal/ui/tui","Test":"TestLocalBackupTUIServiceParity"}
{"Time":"2026-09-08T17:32:54.009491701+03:00","Action":"output","Package":"virmill.local/core/internal/ui/tui","Test":"TestLocalBackupTUIServiceParity","Output":"=== RUN   TestLocalBackupTUIServiceParity\n","OutputType":"frame"}
{"Time":"2026-09-08T17:32:54.009518831+03:00","Action":"run","Package":"virmill.local/core/internal/ui/tui","Test":"TestLocalBackupTUIServiceParity/backup.repository.init"}
{"Time":"2026-09-08T17:32:54.009521548+03:00","Action":"output","Package":"virmill.local/core/internal/ui/tui","Test":"TestLocalBackupTUIServiceParity/backup.repository.init","Output":"=== RUN   TestLocalBackupTUIServiceParity/backup.repository.init\n","OutputType":"frame"}
{"Time":"2026-09-08T17:32:54.021762359+03:00","Action":"output","Package":"virmill.local/core/internal/ui/tui","Test":"TestLocalBackupTUIServiceParity/backup.repository.init","Output":"--- PASS: TestLocalBackupTUIServiceParity/backup.repository.init (0.01s)\n","OutputType":"frame"}
{"Time":"2026-09-08T17:32:54.021778767+03:00","Action":"pass","Package":"virmill.local/core/internal/ui/tui","Test":"TestLocalBackupTUIServiceParity/backup.repository.init","Elapsed":0.01}
{"Time":"2026-09-08T17:32:54.021794885+03:00","Action":"run","Package":"virmill.local/core/internal/ui/tui","Test":"TestLocalBackupTUIServiceParity/backup.repository.check"}
{"Time":"2026-09-08T17:32:54.021797289+03:00","Action":"output","Package":"virmill.local/core/internal/ui/tui","Test":"TestLocalBackupTUIServiceParity/backup.repository.check","Output":"=== RUN   TestLocalBackupTUIServiceParity/backup.repository.check\n","OutputType":"frame"}
{"Time":"2026-09-08T17:32:54.033686826+03:00","Action":"output","Package":"virmill.local/core/internal/ui/tui","Test":"TestLocalBackupTUIServiceParity/backup.repository.check","Output":"--- PASS: TestLocalBackupTUIServiceParity/backup.repository.check (0.01s)\n","OutputType":"frame"}
{"Time":"2026-09-08T17:32:54.033703522+03:00","Action":"pass","Package":"virmill.local/core/internal/ui/tui","Test":"TestLocalBackupTUIServiceParity/backup.repository.check","Elapsed":0.01}
{"Time":"2026-09-08T17:32:54.033707265+03:00","Action":"run","Package":"virmill.local/core/internal/ui/tui","Test":"TestLocalBackupTUIServiceParity/backup.create"}
{"Time":"2026-09-08T17:32:54.033708742+03:00","Action":"output","Package":"virmill.local/core/internal/ui/tui","Test":"TestLocalBackupTUIServiceParity/backup.create","Output":"=== RUN   TestLocalBackupTUIServiceParity/backup.create\n","OutputType":"frame"}
{"Time":"2026-09-08T17:32:54.04903535+03:00","Action":"output","Package":"virmill.local/core/internal/ui/tui","Test":"TestLocalBackupTUIServiceParity/backup.create","Output":"--- PASS: TestLocalBackupTUIServiceParity/backup.create (0.02s)\n","OutputType":"frame"}
{"Time":"2026-09-08T17:32:54.049056931+03:00","Action":"pass","Package":"virmill.local/core/internal/ui/tui","Test":"TestLocalBackupTUIServiceParity/backup.create","Elapsed":0.02}
{"Time":"2026-09-08T17:32:54.049061319+03:00","Action":"run","Package":"virmill.local/core/internal/ui/tui","Test":"TestLocalBackupTUIServiceParity/backup.restore"}
{"Time":"2026-09-08T17:32:54.049067565+03:00","Action":"output","Package":"virmill.local/core/internal/ui/tui","Test":"TestLocalBackupTUIServiceParity/backup.restore","Output":"=== RUN   TestLocalBackupTUIServiceParity/backup.restore\n","OutputType":"frame"}
{"Time":"2026-09-08T17:32:54.072253458+03:00","Action":"output","Package":"virmill.local/core/internal/ui/tui","Test":"TestLocalBackupTUIServiceParity/backup.restore","Output":"--- PASS: TestLocalBackupTUIServiceParity/backup.restore (0.02s)\n","OutputType":"frame"}
{"Time":"2026-09-08T17:32:54.072274628+03:00","Action":"pass","Package":"virmill.local/core/internal/ui/tui","Test":"TestLocalBackupTUIServiceParity/backup.restore","Elapsed":0.02}
{"Time":"2026-09-08T17:32:54.072279274+03:00","Action":"run","Package":"virmill.local/core/internal/ui/tui","Test":"TestLocalBackupTUIServiceParity/backup.result"}
{"Time":"2026-09-08T17:32:54.072285334+03:00","Action":"output","Package":"virmill.local/core/internal/ui/tui","Test":"TestLocalBackupTUIServiceParity/backup.result","Output":"=== RUN   TestLocalBackupTUIServiceParity/backup.result\n","OutputType":"frame"}
{"Time":"2026-09-08T17:32:54.074262752+03:00","Action":"output","Package":"virmill.local/core/internal/ui/tui","Test":"TestLocalBackupTUIServiceParity/backup.result","Output":"--- PASS: TestLocalBackupTUIServiceParity/backup.result (0.00s)\n","OutputType":"frame"}
{"Time":"2026-09-08T17:32:54.07427264+03:00","Action":"pass","Package":"virmill.local/core/internal/ui/tui","Test":"TestLocalBackupTUIServiceParity/backup.result","Elapsed":0}
{"Time":"2026-09-08T17:32:54.074275666+03:00","Action":"output","Package":"virmill.local/core/internal/ui/tui","Test":"TestLocalBackupTUIServiceParity","Output":"--- PASS: TestLocalBackupTUIServiceParity (0.06s)\n","OutputType":"frame"}
{"Time":"2026-09-08T17:32:54.074277693+03:00","Action":"pass","Package":"virmill.local/core/internal/ui/tui","Test":"TestLocalBackupTUIServiceParity","Elapsed":0.06}
{"Time":"2026-09-08T17:32:54.074279455+03:00","Action":"run","Package":"virmill.local/core/internal/ui/tui","Test":"TestManagedVolumeAccessFormUsesSharedService"}
{"Time":"2026-09-08T17:32:54.074280559+03:00","Action":"output","Package":"virmill.local/core/internal/ui/tui","Test":"TestManagedVolumeAccessFormUsesSharedService","Output":"=== RUN   TestManagedVolumeAccessFormUsesSharedService\n","OutputType":"frame"}
{"Time":"2026-09-08T17:32:54.075061982+03:00","Action":"output","Package":"virmill.local/core/internal/ui/tui","Test":"TestManagedVolumeAccessFormUsesSharedService","Output":"--- PASS: TestManagedVolumeAccessFormUsesSharedService (0.00s)\n","OutputType":"frame"}
{"Time":"2026-09-08T17:32:54.075071588+03:00","Action":"pass","Package":"virmill.local/core/internal/ui/tui","Test":"TestManagedVolumeAccessFormUsesSharedService","Elapsed":0}
{"Time":"2026-09-08T17:32:54.075074541+03:00","Action":"run","Package":"virmill.local/core/internal/ui/tui","Test":"TestKeyboardNavigationSharedServiceAndResize"}
{"Time":"2026-09-08T17:32:54.075076314+03:00","Action":"output","Package":"virmill.local/core/internal/ui/tui","Test":"TestKeyboardNavigationSharedServiceAndResize","Output":"=== RUN   TestKeyboardNavigationSharedServiceAndResize\n","OutputType":"frame"}
{"Time":"2026-09-08T17:32:54.075821598+03:00","Action":"output","Package":"virmill.local/core/internal/ui/tui","Test":"TestKeyboardNavigationSharedServiceAndResize","Output":"--- PASS: TestKeyboardNavigationSharedServiceAndResize (0.00s)\n","OutputType":"frame"}
{"Time":"2026-09-08T17:32:54.075830329+03:00","Action":"pass","Package":"virmill.local/core/internal/ui/tui","Test":"TestKeyboardNavigationSharedServiceAndResize","Elapsed":0}
{"Time":"2026-09-08T17:32:54.075833171+03:00","Action":"run","Package":"virmill.local/core/internal/ui/tui","Test":"TestEscDiscardsApprovalWithoutMutation"}
{"Time":"2026-09-08T17:32:54.075834775+03:00","Action":"output","Package":"virmill.local/core/internal/ui/tui","Test":"TestEscDiscardsApprovalWithoutMutation","Output":"=== RUN   TestEscDiscardsApprovalWithoutMutation\n","OutputType":"frame"}
{"Time":"2026-09-08T17:32:54.075836938+03:00","Action":"output","Package":"virmill.local/core/internal/ui/tui","Test":"TestEscDiscardsApprovalWithoutMutation","Output":"--- PASS: TestEscDiscardsApprovalWithoutMutation (0.00s)\n","OutputType":"frame"}
{"Time":"2026-09-08T17:32:54.075838495+03:00","Action":"pass","Package":"virmill.local/core/internal/ui/tui","Test":"TestEscDiscardsApprovalWithoutMutation","Elapsed":0}
{"Time":"2026-09-08T17:32:54.075839865+03:00","Action":"run","Package":"virmill.local/core/internal/ui/tui","Test":"TestPluginFormDispatchAndScrollableActionMenu"}
{"Time":"2026-09-08T17:32:54.07584106+03:00","Action":"output","Package":"virmill.local/core/internal/ui/tui","Test":"TestPluginFormDispatchAndScrollableActionMenu","Output":"=== RUN   TestPluginFormDispatchAndScrollableActionMenu\n","OutputType":"frame"}
{"Time":"2026-09-08T17:32:54.077398338+03:00","Action":"output","Package":"virmill.local/core/internal/ui/tui","Test":"TestPluginFormDispatchAndScrollableActionMenu","Output":"--- PASS: TestPluginFormDispatchAndScrollableActionMenu (0.00s)\n","OutputType":"frame"}
{"Time":"2026-09-08T17:32:54.077407182+03:00","Action":"pass","Package":"virmill.local/core/internal/ui/tui","Test":"TestPluginFormDispatchAndScrollableActionMenu","Elapsed":0}
{"Time":"2026-09-08T17:32:54.077410072+03:00","Action":"run","Package":"virmill.local/core/internal/ui/tui","Test":"TestImportFormDispatchesCompleteMappingToSharedService"}
{"Time":"2026-09-08T17:32:54.077411413+03:00","Action":"output","Package":"virmill.local/core/internal/ui/tui","Test":"TestImportFormDispatchesCompleteMappingToSharedService","Output":"=== RUN   TestImportFormDispatchesCompleteMappingToSharedService\n","OutputType":"frame"}
{"Time":"2026-09-08T17:32:54.078638296+03:00","Action":"output","Package":"virmill.local/core/internal/ui/tui","Test":"TestImportFormDispatchesCompleteMappingToSharedService","Output":"--- PASS: TestImportFormDispatchesCompleteMappingToSharedService (0.00s)\n","OutputType":"frame"}
{"Time":"2026-09-08T17:32:54.078646652+03:00","Action":"pass","Package":"virmill.local/core/internal/ui/tui","Test":"TestImportFormDispatchesCompleteMappingToSharedService","Elapsed":0}
{"Time":"2026-09-08T17:32:54.078649469+03:00","Action":"run","Package":"virmill.local/core/internal/ui/tui","Test":"TestSelectedDiskPreparationFormUsesSharedService"}
{"Time":"2026-09-08T17:32:54.078650817+03:00","Action":"output","Package":"virmill.local/core/internal/ui/tui","Test":"TestSelectedDiskPreparationFormUsesSharedService","Output":"=== RUN   TestSelectedDiskPreparationFormUsesSharedService\n","OutputType":"frame"}
{"Time":"2026-09-08T17:32:54.079864201+03:00","Action":"output","Package":"virmill.local/core/internal/ui/tui","Test":"TestSelectedDiskPreparationFormUsesSharedService","Output":"--- PASS: TestSelectedDiskPreparationFormUsesSharedService (0.00s)\n","OutputType":"frame"}
{"Time":"2026-09-08T17:32:54.079872997+03:00","Action":"pass","Package":"virmill.local/core/internal/ui/tui","Test":"TestSelectedDiskPreparationFormUsesSharedService","Elapsed":0}
{"Time":"2026-09-08T17:32:54.079875573+03:00","Action":"run","Package":"virmill.local/core/internal/ui/tui","Test":"TestInstallationPreparationFormUsesSharedService"}
{"Time":"2026-09-08T17:32:54.079876879+03:00","Action":"output","Package":"virmill.local/core/internal/ui/tui","Test":"TestInstallationPreparationFormUsesSharedService","Output":"=== RUN   TestInstallationPreparationFormUsesSharedService\n","OutputType":"frame"}
{"Time":"2026-09-08T17:32:54.081026765+03:00","Action":"output","Package":"virmill.local/core/internal/ui/tui","Test":"TestInstallationPreparationFormUsesSharedService","Output":"--- PASS: TestInstallationPreparationFormUsesSharedService (0.00s)\n","OutputType":"frame"}
{"Time":"2026-09-08T17:32:54.081035676+03:00","Action":"pass","Package":"virmill.local/core/internal/ui/tui","Test":"TestInstallationPreparationFormUsesSharedService","Elapsed":0}
{"Time":"2026-09-08T17:32:54.081038272+03:00","Action":"run","Package":"virmill.local/core/internal/ui/tui","Test":"TestStorageAndNetworkInventoryAreReachableWithoutApproval"}
{"Time":"2026-09-08T17:32:54.081039874+03:00","Action":"output","Package":"virmill.local/core/internal/ui/tui","Test":"TestStorageAndNetworkInventoryAreReachableWithoutApproval","Output":"=== RUN   TestStorageAndNetworkInventoryAreReachableWithoutApproval\n","OutputType":"frame"}
{"Time":"2026-09-08T17:32:54.081261014+03:00","Action":"output","Package":"virmill.local/core/internal/ui/tui","Test":"TestStorageAndNetworkInventoryAreReachableWithoutApproval","Output":"--- PASS: TestStorageAndNetworkInventoryAreReachableWithoutApproval (0.00s)\n","OutputType":"frame"}
{"Time":"2026-09-08T17:32:54.081271104+03:00","Action":"pass","Package":"virmill.local/core/internal/ui/tui","Test":"TestStorageAndNetworkInventoryAreReachableWithoutApproval","Elapsed":0}
{"Time":"2026-09-08T17:32:54.081277795+03:00","Action":"run","Package":"virmill.local/core/internal/ui/tui","Test":"TestCreationAndDefinitionRecoveryHaveSharedTUIAccess"}
{"Time":"2026-09-08T17:32:54.081279295+03:00","Action":"output","Package":"virmill.local/core/internal/ui/tui","Test":"TestCreationAndDefinitionRecoveryHaveSharedTUIAccess","Output":"=== RUN   TestCreationAndDefinitionRecoveryHaveSharedTUIAccess\n","OutputType":"frame"}
{"Time":"2026-09-08T17:32:54.087501691+03:00","Action":"output","Package":"virmill.local/core/internal/ui/tui","Test":"TestCreationAndDefinitionRecoveryHaveSharedTUIAccess","Output":"--- PASS: TestCreationAndDefinitionRecoveryHaveSharedTUIAccess (0.01s)\n","OutputType":"frame"}
{"Time":"2026-09-08T17:32:54.087506872+03:00","Action":"pass","Package":"virmill.local/core/internal/ui/tui","Test":"TestCreationAndDefinitionRecoveryHaveSharedTUIAccess","Elapsed":0.01}
{"Time":"2026-09-08T17:32:54.087518335+03:00","Action":"run","Package":"virmill.local/core/internal/ui/tui","Test":"TestLargeCreationFormRemainsBoundedAndVisible"}
{"Time":"2026-09-08T17:32:54.0875204+03:00","Action":"output","Package":"virmill.local/core/internal/ui/tui","Test":"TestLargeCreationFormRemainsBoundedAndVisible","Output":"=== RUN   TestLargeCreationFormRemainsBoundedAndVisible\n","OutputType":"frame"}
{"Time":"2026-09-08T17:32:54.09693768+03:00","Action":"output","Package":"virmill.local/core/internal/ui/tui","Test":"TestLargeCreationFormRemainsBoundedAndVisible","Output":"--- PASS: TestLargeCreationFormRemainsBoundedAndVisible (0.01s)\n","OutputType":"frame"}
{"Time":"2026-09-08T17:32:54.096947124+03:00","Action":"pass","Package":"virmill.local/core/internal/ui/tui","Test":"TestLargeCreationFormRemainsBoundedAndVisible","Elapsed":0.01}
{"Time":"2026-09-08T17:32:54.096953+03:00","Action":"run","Package":"virmill.local/core/internal/ui/tui","Test":"TestNoCloudCreationFormUsesSharedService"}
{"Time":"2026-09-08T17:32:54.096954515+03:00","Action":"output","Package":"virmill.local/core/internal/ui/tui","Test":"TestNoCloudCreationFormUsesSharedService","Output":"=== RUN   TestNoCloudCreationFormUsesSharedService\n","OutputType":"frame"}
{"Time":"2026-09-08T17:32:54.098827846+03:00","Action":"output","Package":"virmill.local/core/internal/ui/tui","Test":"TestNoCloudCreationFormUsesSharedService","Output":"--- PASS: TestNoCloudCreationFormUsesSharedService (0.00s)\n","OutputType":"frame"}
{"Time":"2026-09-08T17:32:54.098832839+03:00","Action":"pass","Package":"virmill.local/core/internal/ui/tui","Test":"TestNoCloudCreationFormUsesSharedService","Elapsed":0}
{"Time":"2026-09-08T17:32:54.098844932+03:00","Action":"run","Package":"virmill.local/core/internal/ui/tui","Test":"TestFixedResourceFormUsesSharedPlanning"}
{"Time":"2026-09-08T17:32:54.098846841+03:00","Action":"output","Package":"virmill.local/core/internal/ui/tui","Test":"TestFixedResourceFormUsesSharedPlanning","Output":"=== RUN   TestFixedResourceFormUsesSharedPlanning\n","OutputType":"frame"}
{"Time":"2026-09-08T17:32:54.100312849+03:00","Action":"output","Package":"virmill.local/core/internal/ui/tui","Test":"TestFixedResourceFormUsesSharedPlanning","Output":"--- PASS: TestFixedResourceFormUsesSharedPlanning (0.00s)\n","OutputType":"frame"}
{"Time":"2026-09-08T17:32:54.100323648+03:00","Action":"pass","Package":"virmill.local/core/internal/ui/tui","Test":"TestFixedResourceFormUsesSharedPlanning","Elapsed":0}
{"Time":"2026-09-08T17:32:54.100334631+03:00","Action":"run","Package":"virmill.local/core/internal/ui/tui","Test":"TestBootInspectionAndMediaEditingHaveSharedTUIAccess"}
{"Time":"2026-09-08T17:32:54.100336423+03:00","Action":"output","Package":"virmill.local/core/internal/ui/tui","Test":"TestBootInspectionAndMediaEditingHaveSharedTUIAccess","Output":"=== RUN   TestBootInspectionAndMediaEditingHaveSharedTUIAccess\n","OutputType":"frame"}
{"Time":"2026-09-08T17:32:54.102163429+03:00","Action":"output","Package":"virmill.local/core/internal/ui/tui","Test":"TestBootInspectionAndMediaEditingHaveSharedTUIAccess","Output":"--- PASS: TestBootInspectionAndMediaEditingHaveSharedTUIAccess (0.00s)\n","OutputType":"frame"}
{"Time":"2026-09-08T17:32:54.102179902+03:00","Action":"pass","Package":"virmill.local/core/internal/ui/tui","Test":"TestBootInspectionAndMediaEditingHaveSharedTUIAccess","Elapsed":0}
{"Time":"2026-09-08T17:32:54.102193049+03:00","Action":"run","Package":"virmill.local/core/internal/ui/tui","Test":"TestTUIReviewShowsSharedDowntimeEstimate"}
{"Time":"2026-09-08T17:32:54.10219516+03:00","Action":"output","Package":"virmill.local/core/internal/ui/tui","Test":"TestTUIReviewShowsSharedDowntimeEstimate","Output":"=== RUN   TestTUIReviewShowsSharedDowntimeEstimate\n","OutputType":"frame"}
{"Time":"2026-09-08T17:32:54.103354887+03:00","Action":"output","Package":"virmill.local/core/internal/ui/tui","Test":"TestTUIReviewShowsSharedDowntimeEstimate","Output":"--- PASS: TestTUIReviewShowsSharedDowntimeEstimate (0.00s)\n","OutputType":"frame"}
{"Time":"2026-09-08T17:32:54.103364748+03:00","Action":"pass","Package":"virmill.local/core/internal/ui/tui","Test":"TestTUIReviewShowsSharedDowntimeEstimate","Elapsed":0}
{"Time":"2026-09-08T17:32:54.10337795+03:00","Action":"run","Package":"virmill.local/core/internal/ui/tui","Test":"TestTUIActiveCreationResultIsProgressWithoutApproval"}
{"Time":"2026-09-08T17:32:54.103380406+03:00","Action":"output","Package":"virmill.local/core/internal/ui/tui","Test":"TestTUIActiveCreationResultIsProgressWithoutApproval","Output":"=== RUN   TestTUIActiveCreationResultIsProgressWithoutApproval\n","OutputType":"frame"}
{"Time":"2026-09-08T17:32:54.104180764+03:00","Action":"output","Package":"virmill.local/core/internal/ui/tui","Test":"TestTUIActiveCreationResultIsProgressWithoutApproval","Output":"--- PASS: TestTUIActiveCreationResultIsProgressWithoutApproval (0.00s)\n","OutputType":"frame"}
{"Time":"2026-09-08T17:32:54.104185111+03:00","Action":"pass","Package":"virmill.local/core/internal/ui/tui","Test":"TestTUIActiveCreationResultIsProgressWithoutApproval","Elapsed":0}
{"Time":"2026-09-08T17:32:54.10419845+03:00","Action":"run","Package":"virmill.local/core/internal/ui/tui","Test":"TestNetworkAllocationTUIExactReviewApprovalAndPathCancellation"}
{"Time":"2026-09-08T17:32:54.10420076+03:00","Action":"output","Package":"virmill.local/core/internal/ui/tui","Test":"TestNetworkAllocationTUIExactReviewApprovalAndPathCancellation","Output":"=== RUN   TestNetworkAllocationTUIExactReviewApprovalAndPathCancellation\n","OutputType":"frame"}
{"Time":"2026-09-08T17:32:54.19800509+03:00","Action":"output","Package":"virmill.local/core/internal/ui/tui","Test":"TestNetworkAllocationTUIExactReviewApprovalAndPathCancellation","Output":"--- PASS: TestNetworkAllocationTUIExactReviewApprovalAndPathCancellation (0.09s)\n","OutputType":"frame"}
{"Time":"2026-09-08T17:32:54.198038855+03:00","Action":"pass","Package":"virmill.local/core/internal/ui/tui","Test":"TestNetworkAllocationTUIExactReviewApprovalAndPathCancellation","Elapsed":0.09}
{"Time":"2026-09-08T17:32:54.198047669+03:00","Action":"run","Package":"virmill.local/core/internal/ui/tui","Test":"TestNetworkAllocationTUIFailedSelectionClearsPriorApproval"}
{"Time":"2026-09-08T17:32:54.198049744+03:00","Action":"output","Package":"virmill.local/core/internal/ui/tui","Test":"TestNetworkAllocationTUIFailedSelectionClearsPriorApproval","Output":"=== RUN   TestNetworkAllocationTUIFailedSelectionClearsPriorApproval\n","OutputType":"frame"}
{"Time":"2026-09-08T17:32:54.19805178+03:00","Action":"run","Package":"virmill.local/core/internal/ui/tui","Test":"TestNetworkAllocationTUIFailedSelectionClearsPriorApproval/canceled"}
{"Time":"2026-09-08T17:32:54.198053319+03:00","Action":"output","Package":"virmill.local/core/internal/ui/tui","Test":"TestNetworkAllocationTUIFailedSelectionClearsPriorApproval/canceled","Output":"=== RUN   TestNetworkAllocationTUIFailedSelectionClearsPriorApproval/canceled\n","OutputType":"frame"}
{"Time":"2026-09-08T17:32:54.224180786+03:00","Action":"output","Package":"virmill.local/core/internal/ui/tui","Test":"TestNetworkAllocationTUIFailedSelectionClearsPriorApproval/canceled","Output":"--- PASS: TestNetworkAllocationTUIFailedSelectionClearsPriorApproval/canceled (0.03s)\n","OutputType":"frame"}
{"Time":"2026-09-08T17:32:54.224210037+03:00","Action":"pass","Package":"virmill.local/core/internal/ui/tui","Test":"TestNetworkAllocationTUIFailedSelectionClearsPriorApproval/canceled","Elapsed":0.03}
{"Time":"2026-09-08T17:32:54.224217328+03:00","Action":"run","Package":"virmill.local/core/internal/ui/tui","Test":"TestNetworkAllocationTUIFailedSelectionClearsPriorApproval/settings-unavailable"}
{"Time":"2026-09-08T17:32:54.224218769+03:00","Action":"output","Package":"virmill.local/core/internal/ui/tui","Test":"TestNetworkAllocationTUIFailedSelectionClearsPriorApproval/settings-unavailable","Output":"=== RUN   TestNetworkAllocationTUIFailedSelectionClearsPriorApproval/settings-unavailable\n","OutputType":"frame"}
{"Time":"2026-09-08T17:32:54.253622842+03:00","Action":"output","Package":"virmill.local/core/internal/ui/tui","Test":"TestNetworkAllocationTUIFailedSelectionClearsPriorApproval/settings-unavailable","Output":"--- PASS: TestNetworkAllocationTUIFailedSelectionClearsPriorApproval/settings-unavailable (0.03s)\n","OutputType":"frame"}
{"Time":"2026-09-08T17:32:54.253655767+03:00","Action":"pass","Package":"virmill.local/core/internal/ui/tui","Test":"TestNetworkAllocationTUIFailedSelectionClearsPriorApproval/settings-unavailable","Elapsed":0.03}
{"Time":"2026-09-08T17:32:54.25366172+03:00","Action":"output","Package":"virmill.local/core/internal/ui/tui","Test":"TestNetworkAllocationTUIFailedSelectionClearsPriorApproval","Output":"--- PASS: TestNetworkAllocationTUIFailedSelectionClearsPriorApproval (0.06s)\n","OutputType":"frame"}
{"Time":"2026-09-08T17:32:54.253664298+03:00","Action":"pass","Package":"virmill.local/core/internal/ui/tui","Test":"TestNetworkAllocationTUIFailedSelectionClearsPriorApproval","Elapsed":0.06}
{"Time":"2026-09-08T17:32:54.25367259+03:00","Action":"run","Package":"virmill.local/core/internal/ui/tui","Test":"TestNetworkCreationAndRecoveryUseSharedPreview"}
{"Time":"2026-09-08T17:32:54.253673964+03:00","Action":"output","Package":"virmill.local/core/internal/ui/tui","Test":"TestNetworkCreationAndRecoveryUseSharedPreview","Output":"=== RUN   TestNetworkCreationAndRecoveryUseSharedPreview\n","OutputType":"frame"}
{"Time":"2026-09-08T17:32:54.255260078+03:00","Action":"output","Package":"virmill.local/core/internal/ui/tui","Test":"TestNetworkCreationAndRecoveryUseSharedPreview","Output":"--- PASS: TestNetworkCreationAndRecoveryUseSharedPreview (0.00s)\n","OutputType":"frame"}
{"Time":"2026-09-08T17:32:54.255274936+03:00","Action":"pass","Package":"virmill.local/core/internal/ui/tui","Test":"TestNetworkCreationAndRecoveryUseSharedPreview","Elapsed":0}
{"Time":"2026-09-08T17:32:54.255284251+03:00","Action":"run","Package":"virmill.local/core/internal/ui/tui","Test":"TestProtectedNetworkTUIReviewAndApprovalPreservePolicy"}
{"Time":"2026-09-08T17:32:54.255286282+03:00","Action":"output","Package":"virmill.local/core/internal/ui/tui","Test":"TestProtectedNetworkTUIReviewAndApprovalPreservePolicy","Output":"=== RUN   TestProtectedNetworkTUIReviewAndApprovalPreservePolicy\n","OutputType":"frame"}
{"Time":"2026-09-08T17:32:54.255317206+03:00","Action":"run","Package":"virmill.local/core/internal/ui/tui","Test":"TestProtectedNetworkTUIReviewAndApprovalPreservePolicy/protected-nat.yaml"}
{"Time":"2026-09-08T17:32:54.255324583+03:00","Action":"output","Package":"virmill.local/core/internal/ui/tui","Test":"TestProtectedNetworkTUIReviewAndApprovalPreservePolicy/protected-nat.yaml","Output":"=== RUN   TestProtectedNetworkTUIReviewAndApprovalPreservePolicy/protected-nat.yaml\n","OutputType":"frame"}
{"Time":"2026-09-08T17:32:54.324232932+03:00","Action":"output","Package":"virmill.local/core/internal/ui/tui","Test":"TestProtectedNetworkTUIReviewAndApprovalPreservePolicy/protected-nat.yaml","Output":"--- PASS: TestProtectedNetworkTUIReviewAndApprovalPreservePolicy/protected-nat.yaml (0.07s)\n","OutputType":"frame"}
{"Time":"2026-09-08T17:32:54.32427052+03:00","Action":"pass","Package":"virmill.local/core/internal/ui/tui","Test":"TestProtectedNetworkTUIReviewAndApprovalPreservePolicy/protected-nat.yaml","Elapsed":0.07}
{"Time":"2026-09-08T17:32:54.324276484+03:00","Action":"run","Package":"virmill.local/core/internal/ui/tui","Test":"TestProtectedNetworkTUIReviewAndApprovalPreservePolicy/protected-lab.yaml"}
{"Time":"2026-09-08T17:32:54.324278271+03:00","Action":"output","Package":"virmill.local/core/internal/ui/tui","Test":"TestProtectedNetworkTUIReviewAndApprovalPreservePolicy/protected-lab.yaml","Output":"=== RUN   TestProtectedNetworkTUIReviewAndApprovalPreservePolicy/protected-lab.yaml\n","OutputType":"frame"}
{"Time":"2026-09-08T17:32:54.391716244+03:00","Action":"output","Package":"virmill.local/core/internal/ui/tui","Test":"TestProtectedNetworkTUIReviewAndApprovalPreservePolicy/protected-lab.yaml","Output":"--- PASS: TestProtectedNetworkTUIReviewAndApprovalPreservePolicy/protected-lab.yaml (0.07s)\n","OutputType":"frame"}
{"Time":"2026-09-08T17:32:54.391749852+03:00","Action":"pass","Package":"virmill.local/core/internal/ui/tui","Test":"TestProtectedNetworkTUIReviewAndApprovalPreservePolicy/protected-lab.yaml","Elapsed":0.07}
{"Time":"2026-09-08T17:32:54.391757702+03:00","Action":"run","Package":"virmill.local/core/internal/ui/tui","Test":"TestProtectedNetworkTUIReviewAndApprovalPreservePolicy/protected-static-lab.yaml"}
{"Time":"2026-09-08T17:32:54.391759108+03:00","Action":"output","Package":"virmill.local/core/internal/ui/tui","Test":"TestProtectedNetworkTUIReviewAndApprovalPreservePolicy/protected-static-lab.yaml","Output":"=== RUN   TestProtectedNetworkTUIReviewAndApprovalPreservePolicy/protected-static-lab.yaml\n","OutputType":"frame"}
{"Time":"2026-09-08T17:32:54.457754474+03:00","Action":"output","Package":"virmill.local/core/internal/ui/tui","Test":"TestProtectedNetworkTUIReviewAndApprovalPreservePolicy/protected-static-lab.yaml","Output":"--- PASS: TestProtectedNetworkTUIReviewAndApprovalPreservePolicy/protected-static-lab.yaml (0.07s)\n","OutputType":"frame"}
{"Time":"2026-09-08T17:32:54.457792199+03:00","Action":"pass","Package":"virmill.local/core/internal/ui/tui","Test":"TestProtectedNetworkTUIReviewAndApprovalPreservePolicy/protected-static-lab.yaml","Elapsed":0.07}
{"Time":"2026-09-08T17:32:54.457800855+03:00","Action":"run","Package":"virmill.local/core/internal/ui/tui","Test":"TestProtectedNetworkTUIReviewAndApprovalPreservePolicy/guest-only.yaml"}
{"Time":"2026-09-08T17:32:54.45780298+03:00","Action":"output","Package":"virmill.local/core/internal/ui/tui","Test":"TestProtectedNetworkTUIReviewAndApprovalPreservePolicy/guest-only.yaml","Output":"=== RUN   TestProtectedNetworkTUIReviewAndApprovalPreservePolicy/guest-only.yaml\n","OutputType":"frame"}
{"Time":"2026-09-08T17:32:54.526360862+03:00","Action":"output","Package":"virmill.local/core/internal/ui/tui","Test":"TestProtectedNetworkTUIReviewAndApprovalPreservePolicy/guest-only.yaml","Output":"--- PASS: TestProtectedNetworkTUIReviewAndApprovalPreservePolicy/guest-only.yaml (0.07s)\n","OutputType":"frame"}
{"Time":"2026-09-08T17:32:54.526395385+03:00","Action":"pass","Package":"virmill.local/core/internal/ui/tui","Test":"TestProtectedNetworkTUIReviewAndApprovalPreservePolicy/guest-only.yaml","Elapsed":0.07}
{"Time":"2026-09-08T17:32:54.526400399+03:00","Action":"run","Package":"virmill.local/core/internal/ui/tui","Test":"TestProtectedNetworkTUIReviewAndApprovalPreservePolicy/protected-guest-only-no-cidr.yaml"}
{"Time":"2026-09-08T17:32:54.526401677+03:00","Action":"output","Package":"virmill.local/core/internal/ui/tui","Test":"TestProtectedNetworkTUIReviewAndApprovalPreservePolicy/protected-guest-only-no-cidr.yaml","Output":"=== RUN   TestProtectedNetworkTUIReviewAndApprovalPreservePolicy/protected-guest-only-no-cidr.yaml\n","OutputType":"frame"}
{"Time":"2026-09-08T17:32:54.590865679+03:00","Action":"output","Package":"virmill.local/core/internal/ui/tui","Test":"TestProtectedNetworkTUIReviewAndApprovalPreservePolicy/protected-guest-only-no-cidr.yaml","Output":"--- PASS: TestProtectedNetworkTUIReviewAndApprovalPreservePolicy/protected-guest-only-no-cidr.yaml (0.06s)\n","OutputType":"frame"}
{"Time":"2026-09-08T17:32:54.59090222+03:00","Action":"pass","Package":"virmill.local/core/internal/ui/tui","Test":"TestProtectedNetworkTUIReviewAndApprovalPreservePolicy/protected-guest-only-no-cidr.yaml","Elapsed":0.06}
{"Time":"2026-09-08T17:32:54.590911874+03:00","Action":"run","Package":"virmill.local/core/internal/ui/tui","Test":"TestProtectedNetworkTUIReviewAndApprovalPreservePolicy/allowed-host-nat.yaml"}
{"Time":"2026-09-08T17:32:54.590914206+03:00","Action":"output","Package":"virmill.local/core/internal/ui/tui","Test":"TestProtectedNetworkTUIReviewAndApprovalPreservePolicy/allowed-host-nat.yaml","Output":"=== RUN   TestProtectedNetworkTUIReviewAndApprovalPreservePolicy/allowed-host-nat.yaml\n","OutputType":"frame"}
{"Time":"2026-09-08T17:32:54.657055605+03:00","Action":"output","Package":"virmill.local/core/internal/ui/tui","Test":"TestProtectedNetworkTUIReviewAndApprovalPreservePolicy/allowed-host-nat.yaml","Output":"--- PASS: TestProtectedNetworkTUIReviewAndApprovalPreservePolicy/allowed-host-nat.yaml (0.07s)\n","OutputType":"frame"}
{"Time":"2026-09-08T17:32:54.657089394+03:00","Action":"pass","Package":"virmill.local/core/internal/ui/tui","Test":"TestProtectedNetworkTUIReviewAndApprovalPreservePolicy/allowed-host-nat.yaml","Elapsed":0.07}
{"Time":"2026-09-08T17:32:54.657097804+03:00","Action":"run","Package":"virmill.local/core/internal/ui/tui","Test":"TestProtectedNetworkTUIReviewAndApprovalPreservePolicy/allowed-host-lab.yaml"}
{"Time":"2026-09-08T17:32:54.657100014+03:00","Action":"output","Package":"virmill.local/core/internal/ui/tui","Test":"TestProtectedNetworkTUIReviewAndApprovalPreservePolicy/allowed-host-lab.yaml","Output":"=== RUN   TestProtectedNetworkTUIReviewAndApprovalPreservePolicy/allowed-host-lab.yaml\n","OutputType":"frame"}
{"Time":"2026-09-08T17:32:54.722652335+03:00","Action":"output","Package":"virmill.local/core/internal/ui/tui","Test":"TestProtectedNetworkTUIReviewAndApprovalPreservePolicy/allowed-host-lab.yaml","Output":"--- PASS: TestProtectedNetworkTUIReviewAndApprovalPreservePolicy/allowed-host-lab.yaml (0.07s)\n","OutputType":"frame"}
{"Time":"2026-09-08T17:32:54.722684301+03:00","Action":"pass","Package":"virmill.local/core/internal/ui/tui","Test":"TestProtectedNetworkTUIReviewAndApprovalPreservePolicy/allowed-host-lab.yaml","Elapsed":0.07}
{"Time":"2026-09-08T17:32:54.722690693+03:00","Action":"output","Package":"virmill.local/core/internal/ui/tui","Test":"TestProtectedNetworkTUIReviewAndApprovalPreservePolicy","Output":"--- PASS: TestProtectedNetworkTUIReviewAndApprovalPreservePolicy (0.47s)\n","OutputType":"frame"}
{"Time":"2026-09-08T17:32:54.722692763+03:00","Action":"pass","Package":"virmill.local/core/internal/ui/tui","Test":"TestProtectedNetworkTUIReviewAndApprovalPreservePolicy","Elapsed":0.47}
{"Time":"2026-09-08T17:32:54.722700922+03:00","Action":"run","Package":"virmill.local/core/internal/ui/tui","Test":"TestProtectedNetworkTUIFailedPreviewClearsPriorApproval"}
{"Time":"2026-09-08T17:32:54.722702316+03:00","Action":"output","Package":"virmill.local/core/internal/ui/tui","Test":"TestProtectedNetworkTUIFailedPreviewClearsPriorApproval","Output":"=== RUN   TestProtectedNetworkTUIFailedPreviewClearsPriorApproval\n","OutputType":"frame"}
{"Time":"2026-09-08T17:32:54.722717965+03:00","Action":"run","Package":"virmill.local/core/internal/ui/tui","Test":"TestProtectedNetworkTUIFailedPreviewClearsPriorApproval/canceled"}
{"Time":"2026-09-08T17:32:54.722719476+03:00","Action":"output","Package":"virmill.local/core/internal/ui/tui","Test":"TestProtectedNetworkTUIFailedPreviewClearsPriorApproval/canceled","Output":"=== RUN   TestProtectedNetworkTUIFailedPreviewClearsPriorApproval/canceled\n","OutputType":"frame"}
{"Time":"2026-09-08T17:32:54.735898713+03:00","Action":"output","Package":"virmill.local/core/internal/ui/tui","Test":"TestProtectedNetworkTUIFailedPreviewClearsPriorApproval/canceled","Output":"--- PASS: TestProtectedNetworkTUIFailedPreviewClearsPriorApproval/canceled (0.01s)\n","OutputType":"frame"}
{"Time":"2026-09-08T17:32:54.735929356+03:00","Action":"pass","Package":"virmill.local/core/internal/ui/tui","Test":"TestProtectedNetworkTUIFailedPreviewClearsPriorApproval/canceled","Elapsed":0.01}
{"Time":"2026-09-08T17:32:54.735934462+03:00","Action":"run","Package":"virmill.local/core/internal/ui/tui","Test":"TestProtectedNetworkTUIFailedPreviewClearsPriorApproval/session"}
{"Time":"2026-09-08T17:32:54.735936448+03:00","Action":"output","Package":"virmill.local/core/internal/ui/tui","Test":"TestProtectedNetworkTUIFailedPreviewClearsPriorApproval/session","Output":"=== RUN   TestProtectedNetworkTUIFailedPreviewClearsPriorApproval/session\n","OutputType":"frame"}
{"Time":"2026-09-08T17:32:54.748215194+03:00","Action":"output","Package":"virmill.local/core/internal/ui/tui","Test":"TestProtectedNetworkTUIFailedPreviewClearsPriorApproval/session","Output":"--- PASS: TestProtectedNetworkTUIFailedPreviewClearsPriorApproval/session (0.01s)\n","OutputType":"frame"}
{"Time":"2026-09-08T17:32:54.748233958+03:00","Action":"pass","Package":"virmill.local/core/internal/ui/tui","Test":"TestProtectedNetworkTUIFailedPreviewClearsPriorApproval/session","Elapsed":0.01}
{"Time":"2026-09-08T17:32:54.748238247+03:00","Action":"run","Package":"virmill.local/core/internal/ui/tui","Test":"TestProtectedNetworkTUIFailedPreviewClearsPriorApproval/missing-path"}
{"Time":"2026-09-08T17:32:54.748240382+03:00","Action":"output","Package":"virmill.local/core/internal/ui/tui","Test":"TestProtectedNetworkTUIFailedPreviewClearsPriorApproval/missing-path","Output":"=== RUN   TestProtectedNetworkTUIFailedPreviewClearsPriorApproval/missing-path\n","OutputType":"frame"}
{"Time":"2026-09-08T17:32:54.761275175+03:00","Action":"output","Package":"virmill.local/core/internal/ui/tui","Test":"TestProtectedNetworkTUIFailedPreviewClearsPriorApproval/missing-path","Output":"--- PASS: TestProtectedNetworkTUIFailedPreviewClearsPriorApproval/missing-path (0.01s)\n","OutputType":"frame"}
{"Time":"2026-09-08T17:32:54.761291815+03:00","Action":"pass","Package":"virmill.local/core/internal/ui/tui","Test":"TestProtectedNetworkTUIFailedPreviewClearsPriorApproval/missing-path","Elapsed":0.01}
{"Time":"2026-09-08T17:32:54.761313582+03:00","Action":"output","Package":"virmill.local/core/internal/ui/tui","Test":"TestProtectedNetworkTUIFailedPreviewClearsPriorApproval","Output":"--- PASS: TestProtectedNetworkTUIFailedPreviewClearsPriorApproval (0.04s)\n","OutputType":"frame"}
{"Time":"2026-09-08T17:32:54.76133147+03:00","Action":"pass","Package":"virmill.local/core/internal/ui/tui","Test":"TestProtectedNetworkTUIFailedPreviewClearsPriorApproval","Elapsed":0.04}
{"Time":"2026-09-08T17:32:54.761726924+03:00","Action":"run","Package":"virmill.local/core/internal/ui/tui","Test":"TestBackupPolicyFormsUseSharedReadOnlyMethods"}
{"Time":"2026-09-08T17:32:54.761738121+03:00","Action":"output","Package":"virmill.local/core/internal/ui/tui","Test":"TestBackupPolicyFormsUseSharedReadOnlyMethods","Output":"=== RUN   TestBackupPolicyFormsUseSharedReadOnlyMethods\n","OutputType":"frame"}
{"Time":"2026-09-08T17:32:54.76319778+03:00","Action":"output","Package":"virmill.local/core/internal/ui/tui","Test":"TestBackupPolicyFormsUseSharedReadOnlyMethods","Output":"--- PASS: TestBackupPolicyFormsUseSharedReadOnlyMethods (0.00s)\n","OutputType":"frame"}
{"Time":"2026-09-08T17:32:54.763206805+03:00","Action":"pass","Package":"virmill.local/core/internal/ui/tui","Test":"TestBackupPolicyFormsUseSharedReadOnlyMethods","Elapsed":0}
{"Time":"2026-09-08T17:32:54.763211695+03:00","Action":"run","Package":"virmill.local/core/internal/ui/tui","Test":"TestHumanDetailsStableReadableCollections"}
{"Time":"2026-09-08T17:32:54.763214076+03:00","Action":"output","Package":"virmill.local/core/internal/ui/tui","Test":"TestHumanDetailsStableReadableCollections","Output":"=== RUN   TestHumanDetailsStableReadableCollections\n","OutputType":"frame"}
{"Time":"2026-09-08T17:32:54.772709522+03:00","Action":"output","Package":"virmill.local/core/internal/ui/tui","Test":"TestHumanDetailsStableReadableCollections","Output":"--- PASS: TestHumanDetailsStableReadableCollections (0.01s)\n","OutputType":"frame"}
{"Time":"2026-09-08T17:32:54.772726481+03:00","Action":"pass","Package":"virmill.local/core/internal/ui/tui","Test":"TestHumanDetailsStableReadableCollections","Elapsed":0.01}
{"Time":"2026-09-08T17:32:54.772731048+03:00","Action":"run","Package":"virmill.local/core/internal/ui/tui","Test":"TestHumanDetailsWrapsCompleteValuesAndSanitizes"}
{"Time":"2026-09-08T17:32:54.772732556+03:00","Action":"output","Package":"virmill.local/core/internal/ui/tui","Test":"TestHumanDetailsWrapsCompleteValuesAndSanitizes","Output":"=== RUN   TestHumanDetailsWrapsCompleteValuesAndSanitizes\n","OutputType":"frame"}
{"Time":"2026-09-08T17:32:54.772736264+03:00","Action":"output","Package":"virmill.local/core/internal/ui/tui","Test":"TestHumanDetailsWrapsCompleteValuesAndSanitizes","Output":"--- PASS: TestHumanDetailsWrapsCompleteValuesAndSanitizes (0.00s)\n","OutputType":"frame"}
{"Time":"2026-09-08T17:32:54.772737882+03:00","Action":"pass","Package":"virmill.local/core/internal/ui/tui","Test":"TestHumanDetailsWrapsCompleteValuesAndSanitizes","Elapsed":0}
{"Time":"2026-09-08T17:32:54.772739986+03:00","Action":"run","Package":"virmill.local/core/internal/ui/tui","Test":"TestHumanDetailsNativeXMLNoticeDoesNotHideOtherFacts"}
{"Time":"2026-09-08T17:32:54.772741213+03:00","Action":"output","Package":"virmill.local/core/internal/ui/tui","Test":"TestHumanDetailsNativeXMLNoticeDoesNotHideOtherFacts","Output":"=== RUN   TestHumanDetailsNativeXMLNoticeDoesNotHideOtherFacts\n","OutputType":"frame"}
{"Time":"2026-09-08T17:32:54.773521474+03:00","Action":"output","Package":"virmill.local/core/internal/ui/tui","Test":"TestHumanDetailsNativeXMLNoticeDoesNotHideOtherFacts","Output":"--- PASS: TestHumanDetailsNativeXMLNoticeDoesNotHideOtherFacts (0.00s)\n","OutputType":"frame"}
{"Time":"2026-09-08T17:32:54.773530729+03:00","Action":"pass","Package":"virmill.local/core/internal/ui/tui","Test":"TestHumanDetailsNativeXMLNoticeDoesNotHideOtherFacts","Elapsed":0}
{"Time":"2026-09-08T17:32:54.773533517+03:00","Action":"run","Package":"virmill.local/core/internal/ui/tui","Test":"TestPlanDetailsPreservesEveryApprovalAndPolicyFact"}
{"Time":"2026-09-08T17:32:54.773534964+03:00","Action":"output","Package":"virmill.local/core/internal/ui/tui","Test":"TestPlanDetailsPreservesEveryApprovalAndPolicyFact","Output":"=== RUN   TestPlanDetailsPreservesEveryApprovalAndPolicyFact\n","OutputType":"frame"}
{"Time":"2026-09-08T17:32:54.774950135+03:00","Action":"output","Package":"virmill.local/core/internal/ui/tui","Test":"TestPlanDetailsPreservesEveryApprovalAndPolicyFact","Output":"--- PASS: TestPlanDetailsPreservesEveryApprovalAndPolicyFact (0.00s)\n","OutputType":"frame"}
{"Time":"2026-09-08T17:32:54.774959229+03:00","Action":"pass","Package":"virmill.local/core/internal/ui/tui","Test":"TestPlanDetailsPreservesEveryApprovalAndPolicyFact","Elapsed":0}
{"Time":"2026-09-08T17:32:54.774962047+03:00","Action":"run","Package":"virmill.local/core/internal/ui/tui","Test":"TestHumanDetailsExactIdentifierMapKeysAndNumbers"}
{"Time":"2026-09-08T17:32:54.774963473+03:00","Action":"output","Package":"virmill.local/core/internal/ui/tui","Test":"TestHumanDetailsExactIdentifierMapKeysAndNumbers","Output":"=== RUN   TestHumanDetailsExactIdentifierMapKeysAndNumbers\n","OutputType":"frame"}
{"Time":"2026-09-08T17:32:54.77496637+03:00","Action":"output","Package":"virmill.local/core/internal/ui/tui","Test":"TestHumanDetailsExactIdentifierMapKeysAndNumbers","Output":"--- PASS: TestHumanDetailsExactIdentifierMapKeysAndNumbers (0.00s)\n","OutputType":"frame"}
{"Time":"2026-09-08T17:32:54.77498646+03:00","Action":"pass","Package":"virmill.local/core/internal/ui/tui","Test":"TestHumanDetailsExactIdentifierMapKeysAndNumbers","Elapsed":0}
{"Time":"2026-09-08T17:32:54.774989715+03:00","Action":"run","Package":"virmill.local/core/internal/ui/tui","Test":"TestHumanDetailsPathologicalDataHasExplicitBoundedNotice"}
{"Time":"2026-09-08T17:32:54.774991003+03:00","Action":"output","Package":"virmill.local/core/internal/ui/tui","Test":"TestHumanDetailsPathologicalDataHasExplicitBoundedNotice","Output":"=== RUN   TestHumanDetailsPathologicalDataHasExplicitBoundedNotice\n","OutputType":"frame"}
{"Time":"2026-09-08T17:32:54.862341413+03:00","Action":"output","Package":"virmill.local/core/internal/ui/tui","Test":"TestHumanDetailsPathologicalDataHasExplicitBoundedNotice","Output":"--- PASS: TestHumanDetailsPathologicalDataHasExplicitBoundedNotice (0.09s)\n","OutputType":"frame"}
{"Time":"2026-09-08T17:32:54.862370338+03:00","Action":"pass","Package":"virmill.local/core/internal/ui/tui","Test":"TestHumanDetailsPathologicalDataHasExplicitBoundedNotice","Elapsed":0.09}
{"Time":"2026-09-08T17:32:54.862376509+03:00","Action":"run","Package":"virmill.local/core/internal/ui/tui","Test":"TestProviderConformanceUsesSharedPluginTest"}
{"Time":"2026-09-08T17:32:54.86237786+03:00","Action":"output","Package":"virmill.local/core/internal/ui/tui","Test":"TestProviderConformanceUsesSharedPluginTest","Output":"=== RUN   TestProviderConformanceUsesSharedPluginTest\n","OutputType":"frame"}
{"Time":"2026-09-08T17:32:54.863003067+03:00","Action":"output","Package":"virmill.local/core/internal/ui/tui","Test":"TestProviderConformanceUsesSharedPluginTest","Output":"--- PASS: TestProviderConformanceUsesSharedPluginTest (0.00s)\n","OutputType":"frame"}
{"Time":"2026-09-08T17:32:54.863012242+03:00","Action":"pass","Package":"virmill.local/core/internal/ui/tui","Test":"TestProviderConformanceUsesSharedPluginTest","Elapsed":0}
{"Time":"2026-09-08T17:32:54.863016333+03:00","Action":"run","Package":"virmill.local/core/internal/ui/tui","Test":"TestRebootFormUsesSharedPreview"}
{"Time":"2026-09-08T17:32:54.863018218+03:00","Action":"output","Package":"virmill.local/core/internal/ui/tui","Test":"TestRebootFormUsesSharedPreview","Output":"=== RUN   TestRebootFormUsesSharedPreview\n","OutputType":"frame"}
{"Time":"2026-09-08T17:32:54.864048507+03:00","Action":"output","Package":"virmill.local/core/internal/ui/tui","Test":"TestRebootFormUsesSharedPreview","Output":"--- PASS: TestRebootFormUsesSharedPreview (0.00s)\n","OutputType":"frame"}
{"Time":"2026-09-08T17:32:54.864056584+03:00","Action":"pass","Package":"virmill.local/core/internal/ui/tui","Test":"TestRebootFormUsesSharedPreview","Elapsed":0}
{"Time":"2026-09-08T17:32:54.864058878+03:00","Action":"run","Package":"virmill.local/core/internal/ui/tui","Test":"TestProtectionInspectionAndManifestForms"}
{"Time":"2026-09-08T17:32:54.864061023+03:00","Action":"output","Package":"virmill.local/core/internal/ui/tui","Test":"TestProtectionInspectionAndManifestForms","Output":"=== RUN   TestProtectionInspectionAndManifestForms\n","OutputType":"frame"}
{"Time":"2026-09-08T17:32:54.865571443+03:00","Action":"output","Package":"virmill.local/core/internal/ui/tui","Test":"TestProtectionInspectionAndManifestForms","Output":"--- PASS: TestProtectionInspectionAndManifestForms (0.00s)\n","OutputType":"frame"}
{"Time":"2026-09-08T17:32:54.865579374+03:00","Action":"pass","Package":"virmill.local/core/internal/ui/tui","Test":"TestProtectionInspectionAndManifestForms","Elapsed":0}
{"Time":"2026-09-08T17:32:54.865581654+03:00","Action":"run","Package":"virmill.local/core/internal/ui/tui","Test":"TestRecoveryTUIManifestRootReachesActualMemberVerification"}
{"Time":"2026-09-08T17:32:54.865583544+03:00","Action":"output","Package":"virmill.local/core/internal/ui/tui","Test":"TestRecoveryTUIManifestRootReachesActualMemberVerification","Output":"=== RUN   TestRecoveryTUIManifestRootReachesActualMemberVerification\n","OutputType":"frame"}
{"Time":"2026-09-08T17:32:54.872369432+03:00","Action":"output","Package":"virmill.local/core/internal/ui/tui","Test":"TestRecoveryTUIManifestRootReachesActualMemberVerification","Output":"--- PASS: TestRecoveryTUIManifestRootReachesActualMemberVerification (0.01s)\n","OutputType":"frame"}
{"Time":"2026-09-08T17:32:54.872384129+03:00","Action":"pass","Package":"virmill.local/core/internal/ui/tui","Test":"TestRecoveryTUIManifestRootReachesActualMemberVerification","Elapsed":0.01}
{"Time":"2026-09-08T17:32:54.872402745+03:00","Action":"run","Package":"virmill.local/core/internal/ui/tui","Test":"TestRecoveryTUIFailuresClearStaleApprovalAndRemainVisible"}
{"Time":"2026-09-08T17:32:54.872404343+03:00","Action":"output","Package":"virmill.local/core/internal/ui/tui","Test":"TestRecoveryTUIFailuresClearStaleApprovalAndRemainVisible","Output":"=== RUN   TestRecoveryTUIFailuresClearStaleApprovalAndRemainVisible\n","OutputType":"frame"}
{"Time":"2026-09-08T17:32:54.872433208+03:00","Action":"run","Package":"virmill.local/core/internal/ui/tui","Test":"TestRecoveryTUIFailuresClearStaleApprovalAndRemainVisible/unsupported-native"}
{"Time":"2026-09-08T17:32:54.872436284+03:00","Action":"output","Package":"virmill.local/core/internal/ui/tui","Test":"TestRecoveryTUIFailuresClearStaleApprovalAndRemainVisible/unsupported-native","Output":"=== RUN   TestRecoveryTUIFailuresClearStaleApprovalAndRemainVisible/unsupported-native\n","OutputType":"frame"}
{"Time":"2026-09-08T17:32:54.875569602+03:00","Action":"output","Package":"virmill.local/core/internal/ui/tui","Test":"TestRecoveryTUIFailuresClearStaleApprovalAndRemainVisible/unsupported-native","Output":"--- PASS: TestRecoveryTUIFailuresClearStaleApprovalAndRemainVisible/unsupported-native (0.00s)\n","OutputType":"frame"}
{"Time":"2026-09-08T17:32:54.875588912+03:00","Action":"pass","Package":"virmill.local/core/internal/ui/tui","Test":"TestRecoveryTUIFailuresClearStaleApprovalAndRemainVisible/unsupported-native","Elapsed":0}
{"Time":"2026-09-08T17:32:54.875605442+03:00","Action":"run","Package":"virmill.local/core/internal/ui/tui","Test":"TestRecoveryTUIFailuresClearStaleApprovalAndRemainVisible/transport-error"}
{"Time":"2026-09-08T17:32:54.875607867+03:00","Action":"output","Package":"virmill.local/core/internal/ui/tui","Test":"TestRecoveryTUIFailuresClearStaleApprovalAndRemainVisible/transport-error","Output":"=== RUN   TestRecoveryTUIFailuresClearStaleApprovalAndRemainVisible/transport-error\n","OutputType":"frame"}
{"Time":"2026-09-08T17:32:54.878402705+03:00","Action":"output","Package":"virmill.local/core/internal/ui/tui","Test":"TestRecoveryTUIFailuresClearStaleApprovalAndRemainVisible/transport-error","Output":"--- PASS: TestRecoveryTUIFailuresClearStaleApprovalAndRemainVisible/transport-error (0.00s)\n","OutputType":"frame"}
{"Time":"2026-09-08T17:32:54.878420306+03:00","Action":"pass","Package":"virmill.local/core/internal/ui/tui","Test":"TestRecoveryTUIFailuresClearStaleApprovalAndRemainVisible/transport-error","Elapsed":0}
{"Time":"2026-09-08T17:32:54.8784427+03:00","Action":"run","Package":"virmill.local/core/internal/ui/tui","Test":"TestRecoveryTUIFailuresClearStaleApprovalAndRemainVisible/canceled-observation"}
{"Time":"2026-09-08T17:32:54.878445913+03:00","Action":"output","Package":"virmill.local/core/internal/ui/tui","Test":"TestRecoveryTUIFailuresClearStaleApprovalAndRemainVisible/canceled-observation","Output":"=== RUN   TestRecoveryTUIFailuresClearStaleApprovalAndRemainVisible/canceled-observation\n","OutputType":"frame"}
{"Time":"2026-09-08T17:32:54.881568072+03:00","Action":"output","Package":"virmill.local/core/internal/ui/tui","Test":"TestRecoveryTUIFailuresClearStaleApprovalAndRemainVisible/canceled-observation","Output":"--- PASS: TestRecoveryTUIFailuresClearStaleApprovalAndRemainVisible/canceled-observation (0.00s)\n","OutputType":"frame"}
{"Time":"2026-09-08T17:32:54.881589466+03:00","Action":"pass","Package":"virmill.local/core/internal/ui/tui","Test":"TestRecoveryTUIFailuresClearStaleApprovalAndRemainVisible/canceled-observation","Elapsed":0}
{"Time":"2026-09-08T17:32:54.881620987+03:00","Action":"output","Package":"virmill.local/core/internal/ui/tui","Test":"TestRecoveryTUIFailuresClearStaleApprovalAndRemainVisible","Output":"--- PASS: TestRecoveryTUIFailuresClearStaleApprovalAndRemainVisible (0.01s)\n","OutputType":"frame"}
{"Time":"2026-09-08T17:32:54.881632799+03:00","Action":"pass","Package":"virmill.local/core/internal/ui/tui","Test":"TestRecoveryTUIFailuresClearStaleApprovalAndRemainVisible","Elapsed":0.01}
{"Time":"2026-09-08T17:32:54.881648228+03:00","Action":"run","Package":"virmill.local/core/internal/ui/tui","Test":"TestRecoveryTUIStrictFormsPathsAndEscapeNeverDispatchUnsafeInput"}
{"Time":"2026-09-08T17:32:54.881650606+03:00","Action":"output","Package":"virmill.local/core/internal/ui/tui","Test":"TestRecoveryTUIStrictFormsPathsAndEscapeNeverDispatchUnsafeInput","Output":"=== RUN   TestRecoveryTUIStrictFormsPathsAndEscapeNeverDispatchUnsafeInput\n","OutputType":"frame"}
{"Time":"2026-09-08T17:32:54.886454856+03:00","Action":"output","Package":"virmill.local/core/internal/ui/tui","Test":"TestRecoveryTUIStrictFormsPathsAndEscapeNeverDispatchUnsafeInput","Output":"--- PASS: TestRecoveryTUIStrictFormsPathsAndEscapeNeverDispatchUnsafeInput (0.00s)\n","OutputType":"frame"}
{"Time":"2026-09-08T17:32:54.886465395+03:00","Action":"pass","Package":"virmill.local/core/internal/ui/tui","Test":"TestRecoveryTUIStrictFormsPathsAndEscapeNeverDispatchUnsafeInput","Elapsed":0}
{"Time":"2026-09-08T17:32:54.886482298+03:00","Action":"run","Package":"virmill.local/core/internal/ui/tui","Test":"TestSearchEnterSelectsWithoutExecutingAndNextEnterUsesRegistry"}
{"Time":"2026-09-08T17:32:54.886484384+03:00","Action":"output","Package":"virmill.local/core/internal/ui/tui","Test":"TestSearchEnterSelectsWithoutExecutingAndNextEnterUsesRegistry","Output":"=== RUN   TestSearchEnterSelectsWithoutExecutingAndNextEnterUsesRegistry\n","OutputType":"frame"}
{"Time":"2026-09-08T17:32:54.887166705+03:00","Action":"output","Package":"virmill.local/core/internal/ui/tui","Test":"TestSearchEnterSelectsWithoutExecutingAndNextEnterUsesRegistry","Output":"--- PASS: TestSearchEnterSelectsWithoutExecutingAndNextEnterUsesRegistry (0.00s)\n","OutputType":"frame"}
{"Time":"2026-09-08T17:32:54.887180669+03:00","Action":"pass","Package":"virmill.local/core/internal/ui/tui","Test":"TestSearchEnterSelectsWithoutExecutingAndNextEnterUsesRegistry","Elapsed":0}
{"Time":"2026-09-08T17:32:54.887193338+03:00","Action":"run","Package":"virmill.local/core/internal/ui/tui","Test":"TestSearchPreservesSelectedIdentityWhileFilteringAndClearing"}
{"Time":"2026-09-08T17:32:54.88719504+03:00","Action":"output","Package":"virmill.local/core/internal/ui/tui","Test":"TestSearchPreservesSelectedIdentityWhileFilteringAndClearing","Output":"=== RUN   TestSearchPreservesSelectedIdentityWhileFilteringAndClearing\n","OutputType":"frame"}
{"Time":"2026-09-08T17:32:54.88788175+03:00","Action":"output","Package":"virmill.local/core/internal/ui/tui","Test":"TestSearchPreservesSelectedIdentityWhileFilteringAndClearing","Output":"--- PASS: TestSearchPreservesSelectedIdentityWhileFilteringAndClearing (0.00s)\n","OutputType":"frame"}
{"Time":"2026-09-08T17:32:54.887894237+03:00","Action":"pass","Package":"virmill.local/core/internal/ui/tui","Test":"TestSearchPreservesSelectedIdentityWhileFilteringAndClearing","Elapsed":0}
{"Time":"2026-09-08T17:32:54.887911039+03:00","Action":"run","Package":"virmill.local/core/internal/ui/tui","Test":"TestSearchKeepsSelectionAndFocusAcrossSections"}
{"Time":"2026-09-08T17:32:54.887913522+03:00","Action":"output","Package":"virmill.local/core/internal/ui/tui","Test":"TestSearchKeepsSelectionAndFocusAcrossSections","Output":"=== RUN   TestSearchKeepsSelectionAndFocusAcrossSections\n","OutputType":"frame"}
{"Time":"2026-09-08T17:32:54.888437808+03:00","Action":"output","Package":"virmill.local/core/internal/ui/tui","Test":"TestSearchKeepsSelectionAndFocusAcrossSections","Output":"--- PASS: TestSearchKeepsSelectionAndFocusAcrossSections (0.00s)\n","OutputType":"frame"}
{"Time":"2026-09-08T17:32:54.888448164+03:00","Action":"pass","Package":"virmill.local/core/internal/ui/tui","Test":"TestSearchKeepsSelectionAndFocusAcrossSections","Elapsed":0}
{"Time":"2026-09-08T17:32:54.888459689+03:00","Action":"run","Package":"virmill.local/core/internal/ui/tui","Test":"TestSearchUnicodeCaseFoldingBackspaceAndWordMatching"}
{"Time":"2026-09-08T17:32:54.888461384+03:00","Action":"output","Package":"virmill.local/core/internal/ui/tui","Test":"TestSearchUnicodeCaseFoldingBackspaceAndWordMatching","Output":"=== RUN   TestSearchUnicodeCaseFoldingBackspaceAndWordMatching\n","OutputType":"frame"}
{"Time":"2026-09-08T17:32:54.888494331+03:00","Action":"run","Package":"virmill.local/core/internal/ui/tui","Test":"TestSearchUnicodeCaseFoldingBackspaceAndWordMatching/résumé"}
{"Time":"2026-09-08T17:32:54.888496741+03:00","Action":"output","Package":"virmill.local/core/internal/ui/tui","Test":"TestSearchUnicodeCaseFoldingBackspaceAndWordMatching/résumé","Output":"=== RUN   TestSearchUnicodeCaseFoldingBackspaceAndWordMatching/résumé\n","OutputType":"frame"}
{"Time":"2026-09-08T17:32:54.88865717+03:00","Action":"output","Package":"virmill.local/core/internal/ui/tui","Test":"TestSearchUnicodeCaseFoldingBackspaceAndWordMatching/résumé","Output":"--- PASS: TestSearchUnicodeCaseFoldingBackspaceAndWordMatching/résumé (0.00s)\n","OutputType":"frame"}
{"Time":"2026-09-08T17:32:54.888673439+03:00","Action":"pass","Package":"virmill.local/core/internal/ui/tui","Test":"TestSearchUnicodeCaseFoldingBackspaceAndWordMatching/résumé","Elapsed":0}
{"Time":"2026-09-08T17:32:54.888685661+03:00","Action":"run","Package":"virmill.local/core/internal/ui/tui","Test":"TestSearchUnicodeCaseFoldingBackspaceAndWordMatching/RÉSUMÉ"}
{"Time":"2026-09-08T17:32:54.888688504+03:00","Action":"output","Package":"virmill.local/core/internal/ui/tui","Test":"TestSearchUnicodeCaseFoldingBackspaceAndWordMatching/RÉSUMÉ","Output":"=== RUN   TestSearchUnicodeCaseFoldingBackspaceAndWordMatching/RÉSUMÉ\n","OutputType":"frame"}
{"Time":"2026-09-08T17:32:54.888814021+03:00","Action":"output","Package":"virmill.local/core/internal/ui/tui","Test":"TestSearchUnicodeCaseFoldingBackspaceAndWordMatching/RÉSUMÉ","Output":"--- PASS: TestSearchUnicodeCaseFoldingBackspaceAndWordMatching/RÉSUMÉ (0.00s)\n","OutputType":"frame"}
{"Time":"2026-09-08T17:32:54.888817361+03:00","Action":"pass","Package":"virmill.local/core/internal/ui/tui","Test":"TestSearchUnicodeCaseFoldingBackspaceAndWordMatching/RÉSUMÉ","Elapsed":0}
{"Time":"2026-09-08T17:32:54.888829746+03:00","Action":"run","Package":"virmill.local/core/internal/ui/tui","Test":"TestSearchUnicodeCaseFoldingBackspaceAndWordMatching/café"}
{"Time":"2026-09-08T17:32:54.888831876+03:00","Action":"output","Package":"virmill.local/core/internal/ui/tui","Test":"TestSearchUnicodeCaseFoldingBackspaceAndWordMatching/café","Output":"=== RUN   TestSearchUnicodeCaseFoldingBackspaceAndWordMatching/café\n","OutputType":"frame"}
{"Time":"2026-09-08T17:32:54.88895156+03:00","Action":"output","Package":"virmill.local/core/internal/ui/tui","Test":"TestSearchUnicodeCaseFoldingBackspaceAndWordMatching/café","Output":"--- PASS: TestSearchUnicodeCaseFoldingBackspaceAndWordMatching/café (0.00s)\n","OutputType":"frame"}
{"Time":"2026-09-08T17:32:54.888954405+03:00","Action":"pass","Package":"virmill.local/core/internal/ui/tui","Test":"TestSearchUnicodeCaseFoldingBackspaceAndWordMatching/café","Elapsed":0}
{"Time":"2026-09-08T17:32:54.888968174+03:00","Action":"run","Package":"virmill.local/core/internal/ui/tui","Test":"TestSearchUnicodeCaseFoldingBackspaceAndWordMatching/ς"}
{"Time":"2026-09-08T17:32:54.888970144+03:00","Action":"output","Package":"virmill.local/core/internal/ui/tui","Test":"TestSearchUnicodeCaseFoldingBackspaceAndWordMatching/ς","Output":"=== RUN   TestSearchUnicodeCaseFoldingBackspaceAndWordMatching/ς\n","OutputType":"frame"}
{"Time":"2026-09-08T17:32:54.889099574+03:00","Action":"output","Package":"virmill.local/core/internal/ui/tui","Test":"TestSearchUnicodeCaseFoldingBackspaceAndWordMatching/ς","Output":"--- PASS: TestSearchUnicodeCaseFoldingBackspaceAndWordMatching/ς (0.00s)\n","OutputType":"frame"}
{"Time":"2026-09-08T17:32:54.889109464+03:00","Action":"pass","Package":"virmill.local/core/internal/ui/tui","Test":"TestSearchUnicodeCaseFoldingBackspaceAndWordMatching/ς","Elapsed":0}
{"Time":"2026-09-08T17:32:54.889123155+03:00","Action":"run","Package":"virmill.local/core/internal/ui/tui","Test":"TestSearchUnicodeCaseFoldingBackspaceAndWordMatching/界面"}
{"Time":"2026-09-08T17:32:54.889125365+03:00","Action":"output","Package":"virmill.local/core/internal/ui/tui","Test":"TestSearchUnicodeCaseFoldingBackspaceAndWordMatching/界面","Output":"=== RUN   TestSearchUnicodeCaseFoldingBackspaceAndWordMatching/界面\n","OutputType":"frame"}
{"Time":"2026-09-08T17:32:54.889242435+03:00","Action":"output","Package":"virmill.local/core/internal/ui/tui","Test":"TestSearchUnicodeCaseFoldingBackspaceAndWordMatching/界面","Output":"--- PASS: TestSearchUnicodeCaseFoldingBackspaceAndWordMatching/界面 (0.00s)\n","OutputType":"frame"}
{"Time":"2026-09-08T17:32:54.889246842+03:00","Action":"pass","Package":"virmill.local/core/internal/ui/tui","Test":"TestSearchUnicodeCaseFoldingBackspaceAndWordMatching/界面","Elapsed":0}
{"Time":"2026-09-08T17:32:54.889261501+03:00","Action":"run","Package":"virmill.local/core/internal/ui/tui","Test":"TestSearchUnicodeCaseFoldingBackspaceAndWordMatching/VM_café"}
{"Time":"2026-09-08T17:32:54.889263564+03:00","Action":"output","Package":"virmill.local/core/internal/ui/tui","Test":"TestSearchUnicodeCaseFoldingBackspaceAndWordMatching/VM_café","Output":"=== RUN   TestSearchUnicodeCaseFoldingBackspaceAndWordMatching/VM_café\n","OutputType":"frame"}
{"Time":"2026-09-08T17:32:54.889399007+03:00","Action":"output","Package":"virmill.local/core/internal/ui/tui","Test":"TestSearchUnicodeCaseFoldingBackspaceAndWordMatching/VM_café","Output":"--- PASS: TestSearchUnicodeCaseFoldingBackspaceAndWordMatching/VM_café (0.00s)\n","OutputType":"frame"}
{"Time":"2026-09-08T17:32:54.889439165+03:00","Action":"pass","Package":"virmill.local/core/internal/ui/tui","Test":"TestSearchUnicodeCaseFoldingBackspaceAndWordMatching/VM_café","Elapsed":0}
{"Time":"2026-09-08T17:32:54.889718893+03:00","Action":"output","Package":"virmill.local/core/internal/ui/tui","Test":"TestSearchUnicodeCaseFoldingBackspaceAndWordMatching","Output":"--- PASS: TestSearchUnicodeCaseFoldingBackspaceAndWordMatching (0.00s)\n","OutputType":"frame"}
{"Time":"2026-09-08T17:32:54.889742057+03:00","Action":"pass","Package":"virmill.local/core/internal/ui/tui","Test":"TestSearchUnicodeCaseFoldingBackspaceAndWordMatching","Elapsed":0}
{"Time":"2026-09-08T17:32:54.889756632+03:00","Action":"run","Package":"virmill.local/core/internal/ui/tui","Test":"TestSearchSpaceEventsAndShortcutTextAreInput"}
{"Time":"2026-09-08T17:32:54.889758107+03:00","Action":"output","Package":"virmill.local/core/internal/ui/tui","Test":"TestSearchSpaceEventsAndShortcutTextAreInput","Output":"=== RUN   TestSearchSpaceEventsAndShortcutTextAreInput\n","OutputType":"frame"}
{"Time":"2026-09-08T17:32:54.889960548+03:00","Action":"output","Package":"virmill.local/core/internal/ui/tui","Test":"TestSearchSpaceEventsAndShortcutTextAreInput","Output":"--- PASS: TestSearchSpaceEventsAndShortcutTextAreInput (0.00s)\n","OutputType":"frame"}
{"Time":"2026-09-08T17:32:54.88997777+03:00","Action":"pass","Package":"virmill.local/core/internal/ui/tui","Test":"TestSearchSpaceEventsAndShortcutTextAreInput","Elapsed":0}
{"Time":"2026-09-08T17:32:54.88998287+03:00","Action":"run","Package":"virmill.local/core/internal/ui/tui","Test":"TestSearchInputLimitsAndControlsRefuseWholePaste"}
{"Time":"2026-09-08T17:32:54.889984266+03:00","Action":"output","Package":"virmill.local/core/internal/ui/tui","Test":"TestSearchInputLimitsAndControlsRefuseWholePaste","Output":"=== RUN   TestSearchInputLimitsAndControlsRefuseWholePaste\n","OutputType":"frame"}
{"Time":"2026-09-08T17:32:54.891141646+03:00","Action":"output","Package":"virmill.local/core/internal/ui/tui","Test":"TestSearchInputLimitsAndControlsRefuseWholePaste","Output":"--- PASS: TestSearchInputLimitsAndControlsRefuseWholePaste (0.00s)\n","OutputType":"frame"}
{"Time":"2026-09-08T17:32:54.891146262+03:00","Action":"pass","Package":"virmill.local/core/internal/ui/tui","Test":"TestSearchInputLimitsAndControlsRefuseWholePaste","Elapsed":0}
{"Time":"2026-09-08T17:32:54.891160042+03:00","Action":"run","Package":"virmill.local/core/internal/ui/tui","Test":"TestSearchNoResultsCannotExecuteOrDiscardPlan"}
{"Time":"2026-09-08T17:32:54.891163231+03:00","Action":"output","Package":"virmill.local/core/internal/ui/tui","Test":"TestSearchNoResultsCannotExecuteOrDiscardPlan","Output":"=== RUN   TestSearchNoResultsCannotExecuteOrDiscardPlan\n","OutputType":"frame"}
{"Time":"2026-09-08T17:32:54.891325798+03:00","Action":"output","Package":"virmill.local/core/internal/ui/tui","Test":"TestSearchNoResultsCannotExecuteOrDiscardPlan","Output":"--- PASS: TestSearchNoResultsCannotExecuteOrDiscardPlan (0.00s)\n","OutputType":"frame"}
{"Time":"2026-09-08T17:32:54.891337217+03:00","Action":"pass","Package":"virmill.local/core/internal/ui/tui","Test":"TestSearchNoResultsCannotExecuteOrDiscardPlan","Elapsed":0}
{"Time":"2026-09-08T17:32:54.891348821+03:00","Action":"run","Package":"virmill.local/core/internal/ui/tui","Test":"TestSearchDoesNotInterceptFormOrDigestEditing"}
{"Time":"2026-09-08T17:32:54.891350673+03:00","Action":"output","Package":"virmill.local/core/internal/ui/tui","Test":"TestSearchDoesNotInterceptFormOrDigestEditing","Output":"=== RUN   TestSearchDoesNotInterceptFormOrDigestEditing\n","OutputType":"frame"}
{"Time":"2026-09-08T17:32:54.89153698+03:00","Action":"output","Package":"virmill.local/core/internal/ui/tui","Test":"TestSearchDoesNotInterceptFormOrDigestEditing","Output":"--- PASS: TestSearchDoesNotInterceptFormOrDigestEditing (0.00s)\n","OutputType":"frame"}
{"Time":"2026-09-08T17:32:54.891539943+03:00","Action":"pass","Package":"virmill.local/core/internal/ui/tui","Test":"TestSearchDoesNotInterceptFormOrDigestEditing","Elapsed":0}
{"Time":"2026-09-08T17:32:54.891549011+03:00","Action":"run","Package":"virmill.local/core/internal/ui/tui","Test":"TestSearchResultAndBusyStateKeepFocusWithoutReexecution"}
{"Time":"2026-09-08T17:32:54.891551035+03:00","Action":"output","Package":"virmill.local/core/internal/ui/tui","Test":"TestSearchResultAndBusyStateKeepFocusWithoutReexecution","Output":"=== RUN   TestSearchResultAndBusyStateKeepFocusWithoutReexecution\n","OutputType":"frame"}
{"Time":"2026-09-08T17:32:54.891660826+03:00","Action":"output","Package":"virmill.local/core/internal/ui/tui","Test":"TestSearchResultAndBusyStateKeepFocusWithoutReexecution","Output":"--- PASS: TestSearchResultAndBusyStateKeepFocusWithoutReexecution (0.00s)\n","OutputType":"frame"}
{"Time":"2026-09-08T17:32:54.891663506+03:00","Action":"pass","Package":"virmill.local/core/internal/ui/tui","Test":"TestSearchResultAndBusyStateKeepFocusWithoutReexecution","Elapsed":0}
{"Time":"2026-09-08T17:32:54.891669649+03:00","Action":"run","Package":"virmill.local/core/internal/ui/tui","Test":"TestSearchNarrowResizeBoundsAndSelectedActionRemainVisible"}
{"Time":"2026-09-08T17:32:54.891672509+03:00","Action":"output","Package":"virmill.local/core/internal/ui/tui","Test":"TestSearchNarrowResizeBoundsAndSelectedActionRemainVisible","Output":"=== RUN   TestSearchNarrowResizeBoundsAndSelectedActionRemainVisible\n","OutputType":"frame"}
{"Time":"2026-09-08T17:32:54.900561938+03:00","Action":"output","Package":"virmill.local/core/internal/ui/tui","Test":"TestSearchNarrowResizeBoundsAndSelectedActionRemainVisible","Output":"--- PASS: TestSearchNarrowResizeBoundsAndSelectedActionRemainVisible (0.01s)\n","OutputType":"frame"}
{"Time":"2026-09-08T17:32:54.900581338+03:00","Action":"pass","Package":"virmill.local/core/internal/ui/tui","Test":"TestSearchNarrowResizeBoundsAndSelectedActionRemainVisible","Elapsed":0.01}
{"Time":"2026-09-08T17:32:54.90058537+03:00","Action":"run","Package":"virmill.local/core/internal/ui/tui","Test":"TestSearchCompactResultPagingHasNoGaps"}
{"Time":"2026-09-08T17:32:54.90058688+03:00","Action":"output","Package":"virmill.local/core/internal/ui/tui","Test":"TestSearchCompactResultPagingHasNoGaps","Output":"=== RUN   TestSearchCompactResultPagingHasNoGaps\n","OutputType":"frame"}
{"Time":"2026-09-08T17:32:54.904005306+03:00","Action":"output","Package":"virmill.local/core/internal/ui/tui","Test":"TestSearchCompactResultPagingHasNoGaps","Output":"--- PASS: TestSearchCompactResultPagingHasNoGaps (0.00s)\n","OutputType":"frame"}
{"Time":"2026-09-08T17:32:54.904021147+03:00","Action":"pass","Package":"virmill.local/core/internal/ui/tui","Test":"TestSearchCompactResultPagingHasNoGaps","Elapsed":0}
{"Time":"2026-09-08T17:32:54.904025113+03:00","Action":"run","Package":"virmill.local/core/internal/ui/tui","Test":"TestSearchCtrlCOnlyDetaches"}
{"Time":"2026-09-08T17:32:54.904026525+03:00","Action":"output","Package":"virmill.local/core/internal/ui/tui","Test":"TestSearchCtrlCOnlyDetaches","Output":"=== RUN   TestSearchCtrlCOnlyDetaches\n","OutputType":"frame"}
{"Time":"2026-09-08T17:32:54.904111398+03:00","Action":"output","Package":"virmill.local/core/internal/ui/tui","Test":"TestSearchCtrlCOnlyDetaches","Output":"--- PASS: TestSearchCtrlCOnlyDetaches (0.00s)\n","OutputType":"frame"}
{"Time":"2026-09-08T17:32:54.904124553+03:00","Action":"pass","Package":"virmill.local/core/internal/ui/tui","Test":"TestSearchCtrlCOnlyDetaches","Elapsed":0}
{"Time":"2026-09-08T17:32:54.904137052+03:00","Action":"run","Package":"virmill.local/core/internal/ui/tui","Test":"TestTerminalPhysicalSpaceAndShortcutWordsRemainLiteralFormInput"}
{"Time":"2026-09-08T17:32:54.904139096+03:00","Action":"output","Package":"virmill.local/core/internal/ui/tui","Test":"TestTerminalPhysicalSpaceAndShortcutWordsRemainLiteralFormInput","Output":"=== RUN   TestTerminalPhysicalSpaceAndShortcutWordsRemainLiteralFormInput\n","OutputType":"frame"}
{"Time":"2026-09-08T17:32:54.904156067+03:00","Action":"run","Package":"virmill.local/core/internal/ui/tui","Test":"TestTerminalPhysicalSpaceAndShortcutWordsRemainLiteralFormInput/0"}
{"Time":"2026-09-08T17:32:54.904158237+03:00","Action":"output","Package":"virmill.local/core/internal/ui/tui","Test":"TestTerminalPhysicalSpaceAndShortcutWordsRemainLiteralFormInput/0","Output":"=== RUN   TestTerminalPhysicalSpaceAndShortcutWordsRemainLiteralFormInput/0\n","OutputType":"frame"}
{"Time":"2026-09-08T17:32:54.904610164+03:00","Action":"output","Package":"virmill.local/core/internal/ui/tui","Test":"TestTerminalPhysicalSpaceAndShortcutWordsRemainLiteralFormInput/0","Output":"--- PASS: TestTerminalPhysicalSpaceAndShortcutWordsRemainLiteralFormInput/0 (0.00s)\n","OutputType":"frame"}
{"Time":"2026-09-08T17:32:54.904619101+03:00","Action":"pass","Package":"virmill.local/core/internal/ui/tui","Test":"TestTerminalPhysicalSpaceAndShortcutWordsRemainLiteralFormInput/0","Elapsed":0}
{"Time":"2026-09-08T17:32:54.904628696+03:00","Action":"run","Package":"virmill.local/core/internal/ui/tui","Test":"TestTerminalPhysicalSpaceAndShortcutWordsRemainLiteralFormInput/1"}
{"Time":"2026-09-08T17:32:54.904631039+03:00","Action":"output","Package":"virmill.local/core/internal/ui/tui","Test":"TestTerminalPhysicalSpaceAndShortcutWordsRemainLiteralFormInput/1","Output":"=== RUN   TestTerminalPhysicalSpaceAndShortcutWordsRemainLiteralFormInput/1\n","OutputType":"frame"}
{"Time":"2026-09-08T17:32:54.905052175+03:00","Action":"output","Package":"virmill.local/core/internal/ui/tui","Test":"TestTerminalPhysicalSpaceAndShortcutWordsRemainLiteralFormInput/1","Output":"--- PASS: TestTerminalPhysicalSpaceAndShortcutWordsRemainLiteralFormInput/1 (0.00s)\n","OutputType":"frame"}
{"Time":"2026-09-08T17:32:54.905061969+03:00","Action":"pass","Package":"virmill.local/core/internal/ui/tui","Test":"TestTerminalPhysicalSpaceAndShortcutWordsRemainLiteralFormInput/1","Elapsed":0}
{"Time":"2026-09-08T17:32:54.905085936+03:00","Action":"output","Package":"virmill.local/core/internal/ui/tui","Test":"TestTerminalPhysicalSpaceAndShortcutWordsRemainLiteralFormInput","Output":"--- PASS: TestTerminalPhysicalSpaceAndShortcutWordsRemainLiteralFormInput (0.00s)\n","OutputType":"frame"}
{"Time":"2026-09-08T17:32:54.90509432+03:00","Action":"pass","Package":"virmill.local/core/internal/ui/tui","Test":"TestTerminalPhysicalSpaceAndShortcutWordsRemainLiteralFormInput","Elapsed":0}
{"Time":"2026-09-08T17:32:54.905106805+03:00","Action":"run","Package":"virmill.local/core/internal/ui/tui","Test":"TestTerminalPathWithPhysicalSpacesReachesOnlySelectedService"}
{"Time":"2026-09-08T17:32:54.905108888+03:00","Action":"output","Package":"virmill.local/core/internal/ui/tui","Test":"TestTerminalPathWithPhysicalSpacesReachesOnlySelectedService","Output":"=== RUN   TestTerminalPathWithPhysicalSpacesReachesOnlySelectedService\n","OutputType":"frame"}
{"Time":"2026-09-08T17:32:54.905383181+03:00","Action":"output","Package":"virmill.local/core/internal/ui/tui","Test":"TestTerminalPathWithPhysicalSpacesReachesOnlySelectedService","Output":"--- PASS: TestTerminalPathWithPhysicalSpacesReachesOnlySelectedService (0.00s)\n","OutputType":"frame"}
{"Time":"2026-09-08T17:32:54.905393122+03:00","Action":"pass","Package":"virmill.local/core/internal/ui/tui","Test":"TestTerminalPathWithPhysicalSpacesReachesOnlySelectedService","Elapsed":0}
{"Time":"2026-09-08T17:32:54.90540329+03:00","Action":"run","Package":"virmill.local/core/internal/ui/tui","Test":"TestTerminalLongApprovalRetainsVisibleInputAndPageableExactReview"}
{"Time":"2026-09-08T17:32:54.905405416+03:00","Action":"output","Package":"virmill.local/core/internal/ui/tui","Test":"TestTerminalLongApprovalRetainsVisibleInputAndPageableExactReview","Output":"=== RUN   TestTerminalLongApprovalRetainsVisibleInputAndPageableExactReview\n","OutputType":"frame"}
{"Time":"2026-09-08T17:32:54.946583277+03:00","Action":"output","Package":"virmill.local/core/internal/ui/cli","Output":"ok  \tvirmill.local/core/internal/ui/cli\t3.328s\n"}
{"Time":"2026-09-08T17:32:54.953471672+03:00","Action":"pass","Package":"virmill.local/core/internal/ui/cli","Elapsed":3.335}
{"Time":"2026-09-08T17:32:55.257764725+03:00","Action":"output","Package":"virmill.local/core/internal/ui/tui","Test":"TestTerminalLongApprovalRetainsVisibleInputAndPageableExactReview","Output":"--- PASS: TestTerminalLongApprovalRetainsVisibleInputAndPageableExactReview (0.35s)\n","OutputType":"frame"}
{"Time":"2026-09-08T17:32:55.257830057+03:00","Action":"pass","Package":"virmill.local/core/internal/ui/tui","Test":"TestTerminalLongApprovalRetainsVisibleInputAndPageableExactReview","Elapsed":0.35}
{"Time":"2026-09-08T17:32:55.257842406+03:00","Action":"run","Package":"virmill.local/core/internal/ui/tui","Test":"TestTerminalResizeRevealsDetailsAfterPriorNarrowScroll"}
{"Time":"2026-09-08T17:32:55.257844462+03:00","Action":"output","Package":"virmill.local/core/internal/ui/tui","Test":"TestTerminalResizeRevealsDetailsAfterPriorNarrowScroll","Output":"=== RUN   TestTerminalResizeRevealsDetailsAfterPriorNarrowScroll\n","OutputType":"frame"}
{"Time":"2026-09-08T17:32:55.266075548+03:00","Action":"output","Package":"virmill.local/core/internal/ui/tui","Test":"TestTerminalResizeRevealsDetailsAfterPriorNarrowScroll","Output":"--- PASS: TestTerminalResizeRevealsDetailsAfterPriorNarrowScroll (0.01s)\n","OutputType":"frame"}
{"Time":"2026-09-08T17:32:55.26608551+03:00","Action":"pass","Package":"virmill.local/core/internal/ui/tui","Test":"TestTerminalResizeRevealsDetailsAfterPriorNarrowScroll","Elapsed":0.01}
{"Time":"2026-09-08T17:32:55.266101731+03:00","Action":"run","Package":"virmill.local/core/internal/ui/tui","Test":"TestTerminalDialogFocusCannotRetargetSubmitOrLoseCancellation"}
{"Time":"2026-09-08T17:32:55.266104448+03:00","Action":"output","Package":"virmill.local/core/internal/ui/tui","Test":"TestTerminalDialogFocusCannotRetargetSubmitOrLoseCancellation","Output":"=== RUN   TestTerminalDialogFocusCannotRetargetSubmitOrLoseCancellation\n","OutputType":"frame"}
{"Time":"2026-09-08T17:32:55.266127992+03:00","Action":"run","Package":"virmill.local/core/internal/ui/tui","Test":"TestTerminalDialogFocusCannotRetargetSubmitOrLoseCancellation/false"}
{"Time":"2026-09-08T17:32:55.26613307+03:00","Action":"output","Package":"virmill.local/core/internal/ui/tui","Test":"TestTerminalDialogFocusCannotRetargetSubmitOrLoseCancellation/false","Output":"=== RUN   TestTerminalDialogFocusCannotRetargetSubmitOrLoseCancellation/false\n","OutputType":"frame"}
{"Time":"2026-09-08T17:32:55.266650737+03:00","Action":"output","Package":"virmill.local/core/internal/ui/tui","Test":"TestTerminalDialogFocusCannotRetargetSubmitOrLoseCancellation/false","Output":"--- PASS: TestTerminalDialogFocusCannotRetargetSubmitOrLoseCancellation/false (0.00s)\n","OutputType":"frame"}
{"Time":"2026-09-08T17:32:55.266661512+03:00","Action":"pass","Package":"virmill.local/core/internal/ui/tui","Test":"TestTerminalDialogFocusCannotRetargetSubmitOrLoseCancellation/false","Elapsed":0}
{"Time":"2026-09-08T17:32:55.266674758+03:00","Action":"run","Package":"virmill.local/core/internal/ui/tui","Test":"TestTerminalDialogFocusCannotRetargetSubmitOrLoseCancellation/true"}
{"Time":"2026-09-08T17:32:55.266677045+03:00","Action":"output","Package":"virmill.local/core/internal/ui/tui","Test":"TestTerminalDialogFocusCannotRetargetSubmitOrLoseCancellation/true","Output":"=== RUN   TestTerminalDialogFocusCannotRetargetSubmitOrLoseCancellation/true\n","OutputType":"frame"}
{"Time":"2026-09-08T17:32:55.270516457+03:00","Action":"output","Package":"virmill.local/core/internal/ui/tui","Test":"TestTerminalDialogFocusCannotRetargetSubmitOrLoseCancellation/true","Output":"--- PASS: TestTerminalDialogFocusCannotRetargetSubmitOrLoseCancellation/true (0.00s)\n","OutputType":"frame"}
{"Time":"2026-09-08T17:32:55.270535845+03:00","Action":"pass","Package":"virmill.local/core/internal/ui/tui","Test":"TestTerminalDialogFocusCannotRetargetSubmitOrLoseCancellation/true","Elapsed":0}
{"Time":"2026-09-08T17:32:55.270565995+03:00","Action":"output","Package":"virmill.local/core/internal/ui/tui","Test":"TestTerminalDialogFocusCannotRetargetSubmitOrLoseCancellation","Output":"--- PASS: TestTerminalDialogFocusCannotRetargetSubmitOrLoseCancellation (0.00s)\n","OutputType":"frame"}
{"Time":"2026-09-08T17:32:55.27057518+03:00","Action":"pass","Package":"virmill.local/core/internal/ui/tui","Test":"TestTerminalDialogFocusCannotRetargetSubmitOrLoseCancellation","Elapsed":0}
{"Time":"2026-09-08T17:32:55.270591961+03:00","Action":"run","Package":"virmill.local/core/internal/ui/tui","Test":"TestTerminalApprovalMismatchRemainsReadableAfterReviewPaging"}
{"Time":"2026-09-08T17:32:55.270594102+03:00","Action":"output","Package":"virmill.local/core/internal/ui/tui","Test":"TestTerminalApprovalMismatchRemainsReadableAfterReviewPaging","Output":"=== RUN   TestTerminalApprovalMismatchRemainsReadableAfterReviewPaging\n","OutputType":"frame"}
{"Time":"2026-09-08T17:32:55.289408806+03:00","Action":"output","Package":"virmill.local/core/internal/ui/tui","Test":"TestTerminalApprovalMismatchRemainsReadableAfterReviewPaging","Output":"--- PASS: TestTerminalApprovalMismatchRemainsReadableAfterReviewPaging (0.02s)\n","OutputType":"frame"}
{"Time":"2026-09-08T17:32:55.289439152+03:00","Action":"pass","Package":"virmill.local/core/internal/ui/tui","Test":"TestTerminalApprovalMismatchRemainsReadableAfterReviewPaging","Elapsed":0.02}
{"Time":"2026-09-08T17:32:55.28944442+03:00","Action":"run","Package":"virmill.local/core/internal/ui/tui","Test":"TestTerminalBackendErrorsPreserveNavigationAndHaveTextMeaning"}
{"Time":"2026-09-08T17:32:55.289446075+03:00","Action":"output","Package":"virmill.local/core/internal/ui/tui","Test":"TestTerminalBackendErrorsPreserveNavigationAndHaveTextMeaning","Output":"=== RUN   TestTerminalBackendErrorsPreserveNavigationAndHaveTextMeaning\n","OutputType":"frame"}
{"Time":"2026-09-08T17:32:55.290474053+03:00","Action":"output","Package":"virmill.local/core/internal/ui/tui","Test":"TestTerminalBackendErrorsPreserveNavigationAndHaveTextMeaning","Output":"--- PASS: TestTerminalBackendErrorsPreserveNavigationAndHaveTextMeaning (0.00s)\n","OutputType":"frame"}
{"Time":"2026-09-08T17:32:55.290482745+03:00","Action":"pass","Package":"virmill.local/core/internal/ui/tui","Test":"TestTerminalBackendErrorsPreserveNavigationAndHaveTextMeaning","Elapsed":0}
{"Time":"2026-09-08T17:32:55.29049375+03:00","Action":"run","Package":"virmill.local/core/internal/ui/tui","Test":"TestTerminalTopLevelTextDoesNotMasqueradeAsControl"}
{"Time":"2026-09-08T17:32:55.290496188+03:00","Action":"output","Package":"virmill.local/core/internal/ui/tui","Test":"TestTerminalTopLevelTextDoesNotMasqueradeAsControl","Output":"=== RUN   TestTerminalTopLevelTextDoesNotMasqueradeAsControl\n","OutputType":"frame"}
{"Time":"2026-09-08T17:32:55.290599378+03:00","Action":"output","Package":"virmill.local/core/internal/ui/tui","Test":"TestTerminalTopLevelTextDoesNotMasqueradeAsControl","Output":"--- PASS: TestTerminalTopLevelTextDoesNotMasqueradeAsControl (0.00s)\n","OutputType":"frame"}
{"Time":"2026-09-08T17:32:55.290605809+03:00","Action":"pass","Package":"virmill.local/core/internal/ui/tui","Test":"TestTerminalTopLevelTextDoesNotMasqueradeAsControl","Elapsed":0}
{"Time":"2026-09-08T17:32:55.290614421+03:00","Action":"run","Package":"virmill.local/core/internal/ui/tui","Test":"TestTerminalExactApprovalDigestAndAcknowledgementsUnchanged"}
{"Time":"2026-09-08T17:32:55.290616278+03:00","Action":"output","Package":"virmill.local/core/internal/ui/tui","Test":"TestTerminalExactApprovalDigestAndAcknowledgementsUnchanged","Output":"=== RUN   TestTerminalExactApprovalDigestAndAcknowledgementsUnchanged\n","OutputType":"frame"}
{"Time":"2026-09-08T17:32:55.290978701+03:00","Action":"output","Package":"virmill.local/core/internal/ui/tui","Test":"TestTerminalExactApprovalDigestAndAcknowledgementsUnchanged","Output":"--- PASS: TestTerminalExactApprovalDigestAndAcknowledgementsUnchanged (0.00s)\n","OutputType":"frame"}
{"Time":"2026-09-08T17:32:55.290983841+03:00","Action":"pass","Package":"virmill.local/core/internal/ui/tui","Test":"TestTerminalExactApprovalDigestAndAcknowledgementsUnchanged","Elapsed":0}
{"Time":"2026-09-08T17:32:55.29099498+03:00","Action":"run","Package":"virmill.local/core/internal/ui/tui","Test":"TestTerminalFormsPreserveInputAcrossResizeAndExposeErrors"}
{"Time":"2026-09-08T17:32:55.290997334+03:00","Action":"output","Package":"virmill.local/core/internal/ui/tui","Test":"TestTerminalFormsPreserveInputAcrossResizeAndExposeErrors","Output":"=== RUN   TestTerminalFormsPreserveInputAcrossResizeAndExposeErrors\n","OutputType":"frame"}
{"Time":"2026-09-08T17:32:55.291013494+03:00","Action":"run","Package":"virmill.local/core/internal/ui/tui","Test":"TestTerminalFormsPreserveInputAcrossResizeAndExposeErrors/0"}
{"Time":"2026-09-08T17:32:55.291015577+03:00","Action":"output","Package":"virmill.local/core/internal/ui/tui","Test":"TestTerminalFormsPreserveInputAcrossResizeAndExposeErrors/0","Output":"=== RUN   TestTerminalFormsPreserveInputAcrossResizeAndExposeErrors/0\n","OutputType":"frame"}
{"Time":"2026-09-08T17:32:55.302633624+03:00","Action":"output","Package":"virmill.local/core/internal/ui/tui","Test":"TestTerminalFormsPreserveInputAcrossResizeAndExposeErrors/0","Output":"--- PASS: TestTerminalFormsPreserveInputAcrossResizeAndExposeErrors/0 (0.01s)\n","OutputType":"frame"}
{"Time":"2026-09-08T17:32:55.302654421+03:00","Action":"pass","Package":"virmill.local/core/internal/ui/tui","Test":"TestTerminalFormsPreserveInputAcrossResizeAndExposeErrors/0","Elapsed":0.01}
{"Time":"2026-09-08T17:32:55.302658198+03:00","Action":"run","Package":"virmill.local/core/internal/ui/tui","Test":"TestTerminalFormsPreserveInputAcrossResizeAndExposeErrors/1"}
{"Time":"2026-09-08T17:32:55.30265941+03:00","Action":"output","Package":"virmill.local/core/internal/ui/tui","Test":"TestTerminalFormsPreserveInputAcrossResizeAndExposeErrors/1","Output":"=== RUN   TestTerminalFormsPreserveInputAcrossResizeAndExposeErrors/1\n","OutputType":"frame"}
{"Time":"2026-09-08T17:32:55.315973126+03:00","Action":"output","Package":"virmill.local/core/internal/ui/tui","Test":"TestTerminalFormsPreserveInputAcrossResizeAndExposeErrors/1","Output":"--- PASS: TestTerminalFormsPreserveInputAcrossResizeAndExposeErrors/1 (0.01s)\n","OutputType":"frame"}
{"Time":"2026-09-08T17:32:55.315983222+03:00","Action":"pass","Package":"virmill.local/core/internal/ui/tui","Test":"TestTerminalFormsPreserveInputAcrossResizeAndExposeErrors/1","Elapsed":0.01}
{"Time":"2026-09-08T17:32:55.316014256+03:00","Action":"output","Package":"virmill.local/core/internal/ui/tui","Test":"TestTerminalFormsPreserveInputAcrossResizeAndExposeErrors","Output":"--- PASS: TestTerminalFormsPreserveInputAcrossResizeAndExposeErrors (0.02s)\n","OutputType":"frame"}
{"Time":"2026-09-08T17:32:55.316024534+03:00","Action":"pass","Package":"virmill.local/core/internal/ui/tui","Test":"TestTerminalFormsPreserveInputAcrossResizeAndExposeErrors","Elapsed":0.02}
{"Time":"2026-09-08T17:32:55.316039532+03:00","Action":"run","Package":"virmill.local/core/internal/ui/tui","Test":"TestTerminalBusyDetachDoesNotCancelOrResubmit"}
{"Time":"2026-09-08T17:32:55.3160453+03:00","Action":"output","Package":"virmill.local/core/internal/ui/tui","Test":"TestTerminalBusyDetachDoesNotCancelOrResubmit","Output":"=== RUN   TestTerminalBusyDetachDoesNotCancelOrResubmit\n","OutputType":"frame"}
{"Time":"2026-09-08T17:32:55.316526004+03:00","Action":"output","Package":"virmill.local/core/internal/ui/tui","Test":"TestTerminalBusyDetachDoesNotCancelOrResubmit","Output":"--- PASS: TestTerminalBusyDetachDoesNotCancelOrResubmit (0.00s)\n","OutputType":"frame"}
{"Time":"2026-09-08T17:32:55.316539078+03:00","Action":"pass","Package":"virmill.local/core/internal/ui/tui","Test":"TestTerminalBusyDetachDoesNotCancelOrResubmit","Elapsed":0}
{"Time":"2026-09-08T17:32:55.316550707+03:00","Action":"run","Package":"virmill.local/core/internal/ui/tui","Test":"TestWorkspaceResourceFirstDefaultAndNativeUUID"}
{"Time":"2026-09-08T17:32:55.316552848+03:00","Action":"output","Package":"virmill.local/core/internal/ui/tui","Test":"TestWorkspaceResourceFirstDefaultAndNativeUUID","Output":"=== RUN   TestWorkspaceResourceFirstDefaultAndNativeUUID\n","OutputType":"frame"}
{"Time":"2026-09-08T17:32:55.317761327+03:00","Action":"output","Package":"virmill.local/core/internal/ui/tui","Test":"TestWorkspaceResourceFirstDefaultAndNativeUUID","Output":"--- PASS: TestWorkspaceResourceFirstDefaultAndNativeUUID (0.00s)\n","OutputType":"frame"}
{"Time":"2026-09-08T17:32:55.317772589+03:00","Action":"pass","Package":"virmill.local/core/internal/ui/tui","Test":"TestWorkspaceResourceFirstDefaultAndNativeUUID","Elapsed":0}
{"Time":"2026-09-08T17:32:55.317790993+03:00","Action":"run","Package":"virmill.local/core/internal/ui/tui","Test":"TestWorkspaceCanceledDetailCannotReopenAndRefreshRetainsIdentity"}
{"Time":"2026-09-08T17:32:55.317793068+03:00","Action":"output","Package":"virmill.local/core/internal/ui/tui","Test":"TestWorkspaceCanceledDetailCannotReopenAndRefreshRetainsIdentity","Output":"=== RUN   TestWorkspaceCanceledDetailCannotReopenAndRefreshRetainsIdentity\n","OutputType":"frame"}
{"Time":"2026-09-08T17:32:55.319585953+03:00","Action":"output","Package":"virmill.local/core/internal/ui/tui","Test":"TestWorkspaceCanceledDetailCannotReopenAndRefreshRetainsIdentity","Output":"--- PASS: TestWorkspaceCanceledDetailCannotReopenAndRefreshRetainsIdentity (0.00s)\n","OutputType":"frame"}
{"Time":"2026-09-08T17:32:55.319594077+03:00","Action":"pass","Package":"virmill.local/core/internal/ui/tui","Test":"TestWorkspaceCanceledDetailCannotReopenAndRefreshRetainsIdentity","Elapsed":0}
{"Time":"2026-09-08T17:32:55.319608008+03:00","Action":"run","Package":"virmill.local/core/internal/ui/tui","Test":"TestWorkspaceApprovalRequiresVisibleExplicitAcknowledgements"}
{"Time":"2026-09-08T17:32:55.319610164+03:00","Action":"output","Package":"virmill.local/core/internal/ui/tui","Test":"TestWorkspaceApprovalRequiresVisibleExplicitAcknowledgements","Output":"=== RUN   TestWorkspaceApprovalRequiresVisibleExplicitAcknowledgements\n","OutputType":"frame"}
{"Time":"2026-09-08T17:32:55.320501509+03:00","Action":"output","Package":"virmill.local/core/internal/ui/tui","Test":"TestWorkspaceApprovalRequiresVisibleExplicitAcknowledgements","Output":"--- PASS: TestWorkspaceApprovalRequiresVisibleExplicitAcknowledgements (0.00s)\n","OutputType":"frame"}
{"Time":"2026-09-08T17:32:55.320518525+03:00","Action":"pass","Package":"virmill.local/core/internal/ui/tui","Test":"TestWorkspaceApprovalRequiresVisibleExplicitAcknowledgements","Elapsed":0}
{"Time":"2026-09-08T17:32:55.32053011+03:00","Action":"run","Package":"virmill.local/core/internal/ui/tui","Test":"TestWorkspaceHelpAndSmallTerminalNeverSubmitHiddenActions"}
{"Time":"2026-09-08T17:32:55.320532462+03:00","Action":"output","Package":"virmill.local/core/internal/ui/tui","Test":"TestWorkspaceHelpAndSmallTerminalNeverSubmitHiddenActions","Output":"=== RUN   TestWorkspaceHelpAndSmallTerminalNeverSubmitHiddenActions\n","OutputType":"frame"}
{"Time":"2026-09-08T17:32:55.320547785+03:00","Action":"run","Package":"virmill.local/core/internal/ui/tui","Test":"TestWorkspaceHelpAndSmallTerminalNeverSubmitHiddenActions/help"}
{"Time":"2026-09-08T17:32:55.320550405+03:00","Action":"output","Package":"virmill.local/core/internal/ui/tui","Test":"TestWorkspaceHelpAndSmallTerminalNeverSubmitHiddenActions/help","Output":"=== RUN   TestWorkspaceHelpAndSmallTerminalNeverSubmitHiddenActions/help\n","OutputType":"frame"}
{"Time":"2026-09-08T17:32:55.321367621+03:00","Action":"output","Package":"virmill.local/core/internal/ui/tui","Test":"TestWorkspaceHelpAndSmallTerminalNeverSubmitHiddenActions/help","Output":"--- PASS: TestWorkspaceHelpAndSmallTerminalNeverSubmitHiddenActions/help (0.00s)\n","OutputType":"frame"}
{"Time":"2026-09-08T17:32:55.321370909+03:00","Action":"pass","Package":"virmill.local/core/internal/ui/tui","Test":"TestWorkspaceHelpAndSmallTerminalNeverSubmitHiddenActions/help","Elapsed":0}
{"Time":"2026-09-08T17:32:55.321386391+03:00","Action":"run","Package":"virmill.local/core/internal/ui/tui","Test":"TestWorkspaceHelpAndSmallTerminalNeverSubmitHiddenActions/small"}
{"Time":"2026-09-08T17:32:55.321388455+03:00","Action":"output","Package":"virmill.local/core/internal/ui/tui","Test":"TestWorkspaceHelpAndSmallTerminalNeverSubmitHiddenActions/small","Output":"=== RUN   TestWorkspaceHelpAndSmallTerminalNeverSubmitHiddenActions/small\n","OutputType":"frame"}
{"Time":"2026-09-08T17:32:55.322219545+03:00","Action":"output","Package":"virmill.local/core/internal/ui/tui","Test":"TestWorkspaceHelpAndSmallTerminalNeverSubmitHiddenActions/small","Output":"--- PASS: TestWorkspaceHelpAndSmallTerminalNeverSubmitHiddenActions/small (0.00s)\n","OutputType":"frame"}
{"Time":"2026-09-08T17:32:55.322231673+03:00","Action":"pass","Package":"virmill.local/core/internal/ui/tui","Test":"TestWorkspaceHelpAndSmallTerminalNeverSubmitHiddenActions/small","Elapsed":0}
{"Time":"2026-09-08T17:32:55.322255974+03:00","Action":"output","Package":"virmill.local/core/internal/ui/tui","Test":"TestWorkspaceHelpAndSmallTerminalNeverSubmitHiddenActions","Output":"--- PASS: TestWorkspaceHelpAndSmallTerminalNeverSubmitHiddenActions (0.00s)\n","OutputType":"frame"}
{"Time":"2026-09-08T17:32:55.322260435+03:00","Action":"pass","Package":"virmill.local/core/internal/ui/tui","Test":"TestWorkspaceHelpAndSmallTerminalNeverSubmitHiddenActions","Elapsed":0}
{"Time":"2026-09-08T17:32:55.32227517+03:00","Action":"run","Package":"virmill.local/core/internal/ui/tui","Test":"TestWorkspaceEveryRegisteredActionIsSelectable"}
{"Time":"2026-09-08T17:32:55.322277269+03:00","Action":"output","Package":"virmill.local/core/internal/ui/tui","Test":"TestWorkspaceEveryRegisteredActionIsSelectable","Output":"=== RUN   TestWorkspaceEveryRegisteredActionIsSelectable\n","OutputType":"frame"}
{"Time":"2026-09-08T17:32:55.334121827+03:00","Action":"output","Package":"virmill.local/core/internal/ui/tui","Test":"TestWorkspaceEveryRegisteredActionIsSelectable","Output":"--- PASS: TestWorkspaceEveryRegisteredActionIsSelectable (0.01s)\n","OutputType":"frame"}
{"Time":"2026-09-08T17:32:55.334144623+03:00","Action":"pass","Package":"virmill.local/core/internal/ui/tui","Test":"TestWorkspaceEveryRegisteredActionIsSelectable","Elapsed":0.01}
{"Time":"2026-09-08T17:32:55.334149687+03:00","Action":"run","Package":"virmill.local/core/internal/ui/tui","Test":"TestWorkspaceBadPlanDigestAndCanceledFormRefuseLateAuthority"}
{"Time":"2026-09-08T17:32:55.334151025+03:00","Action":"output","Package":"virmill.local/core/internal/ui/tui","Test":"TestWorkspaceBadPlanDigestAndCanceledFormRefuseLateAuthority","Output":"=== RUN   TestWorkspaceBadPlanDigestAndCanceledFormRefuseLateAuthority\n","OutputType":"frame"}
{"Time":"2026-09-08T17:32:55.336394289+03:00","Action":"output","Package":"virmill.local/core/internal/ui/tui","Test":"TestWorkspaceBadPlanDigestAndCanceledFormRefuseLateAuthority","Output":"--- PASS: TestWorkspaceBadPlanDigestAndCanceledFormRefuseLateAuthority (0.00s)\n","OutputType":"frame"}
{"Time":"2026-09-08T17:32:55.336399467+03:00","Action":"pass","Package":"virmill.local/core/internal/ui/tui","Test":"TestWorkspaceBadPlanDigestAndCanceledFormRefuseLateAuthority","Elapsed":0}
{"Time":"2026-09-08T17:32:55.336412377+03:00","Action":"run","Package":"virmill.local/core/internal/ui/tui","Test":"TestWorkspaceSearchTextCannotExecuteAndScalarCaptureIDs"}
{"Time":"2026-09-08T17:32:55.336414966+03:00","Action":"output","Package":"virmill.local/core/internal/ui/tui","Test":"TestWorkspaceSearchTextCannotExecuteAndScalarCaptureIDs","Output":"=== RUN   TestWorkspaceSearchTextCannotExecuteAndScalarCaptureIDs\n","OutputType":"frame"}
{"Time":"2026-09-08T17:32:55.336740108+03:00","Action":"output","Package":"virmill.local/core/internal/ui/tui","Test":"TestWorkspaceSearchTextCannotExecuteAndScalarCaptureIDs","Output":"--- PASS: TestWorkspaceSearchTextCannotExecuteAndScalarCaptureIDs (0.00s)\n","OutputType":"frame"}
{"Time":"2026-09-08T17:32:55.336748931+03:00","Action":"pass","Package":"virmill.local/core/internal/ui/tui","Test":"TestWorkspaceSearchTextCannotExecuteAndScalarCaptureIDs","Elapsed":0}
{"Time":"2026-09-08T17:32:55.336761619+03:00","Action":"run","Package":"virmill.local/core/internal/ui/tui","Test":"TestWorkspaceRenderingFitsAndSanitizes"}
{"Time":"2026-09-08T17:32:55.336764297+03:00","Action":"output","Package":"virmill.local/core/internal/ui/tui","Test":"TestWorkspaceRenderingFitsAndSanitizes","Output":"=== RUN   TestWorkspaceRenderingFitsAndSanitizes\n","OutputType":"frame"}
{"Time":"2026-09-08T17:32:55.337073451+03:00","Action":"run","Package":"virmill.local/core/internal/ui/tui","Test":"TestWorkspaceRenderingFitsAndSanitizes/overviewP"}
{"Time":"2026-09-08T17:32:55.337076198+03:00","Action":"output","Package":"virmill.local/core/internal/ui/tui","Test":"TestWorkspaceRenderingFitsAndSanitizes/overviewP","Output":"=== RUN   TestWorkspaceRenderingFitsAndSanitizes/overviewP\n","OutputType":"frame"}
{"Time":"2026-09-08T17:32:55.337215726+03:00","Action":"output","Package":"virmill.local/core/internal/ui/tui","Test":"TestWorkspaceRenderingFitsAndSanitizes/overviewP","Output":"--- PASS: TestWorkspaceRenderingFitsAndSanitizes/overviewP (0.00s)\n","OutputType":"frame"}
{"Time":"2026-09-08T17:32:55.337224172+03:00","Action":"pass","Package":"virmill.local/core/internal/ui/tui","Test":"TestWorkspaceRenderingFitsAndSanitizes/overviewP","Elapsed":0}
{"Time":"2026-09-08T17:32:55.337238982+03:00","Action":"run","Package":"virmill.local/core/internal/ui/tui","Test":"TestWorkspaceRenderingFitsAndSanitizes/detailsP"}
{"Time":"2026-09-08T17:32:55.337241562+03:00","Action":"output","Package":"virmill.local/core/internal/ui/tui","Test":"TestWorkspaceRenderingFitsAndSanitizes/detailsP","Output":"=== RUN   TestWorkspaceRenderingFitsAndSanitizes/detailsP\n","OutputType":"frame"}
{"Time":"2026-09-08T17:32:55.338064396+03:00","Action":"output","Package":"virmill.local/core/internal/ui/tui","Test":"TestWorkspaceRenderingFitsAndSanitizes/detailsP","Output":"--- PASS: TestWorkspaceRenderingFitsAndSanitizes/detailsP (0.00s)\n","OutputType":"frame"}
{"Time":"2026-09-08T17:32:55.338074459+03:00","Action":"pass","Package":"virmill.local/core/internal/ui/tui","Test":"TestWorkspaceRenderingFitsAndSanitizes/detailsP","Elapsed":0}
{"Time":"2026-09-08T17:32:55.338090686+03:00","Action":"run","Package":"virmill.local/core/internal/ui/tui","Test":"TestWorkspaceRenderingFitsAndSanitizes/catalogP"}
{"Time":"2026-09-08T17:32:55.338092669+03:00","Action":"output","Package":"virmill.local/core/internal/ui/tui","Test":"TestWorkspaceRenderingFitsAndSanitizes/catalogP","Output":"=== RUN   TestWorkspaceRenderingFitsAndSanitizes/catalogP\n","OutputType":"frame"}
{"Time":"2026-09-08T17:32:55.33838911+03:00","Action":"output","Package":"virmill.local/core/internal/ui/tui","Test":"TestWorkspaceRenderingFitsAndSanitizes/catalogP","Output":"--- PASS: TestWorkspaceRenderingFitsAndSanitizes/catalogP (0.00s)\n","OutputType":"frame"}
{"Time":"2026-09-08T17:32:55.338394095+03:00","Action":"pass","Package":"virmill.local/core/internal/ui/tui","Test":"TestWorkspaceRenderingFitsAndSanitizes/catalogP","Elapsed":0}
{"Time":"2026-09-08T17:32:55.338408932+03:00","Action":"run","Package":"virmill.local/core/internal/ui/tui","Test":"TestWorkspaceRenderingFitsAndSanitizes/planP"}
{"Time":"2026-09-08T17:32:55.338410833+03:00","Action":"output","Package":"virmill.local/core/internal/ui/tui","Test":"TestWorkspaceRenderingFitsAndSanitizes/planP","Output":"=== RUN   TestWorkspaceRenderingFitsAndSanitizes/planP\n","OutputType":"frame"}
{"Time":"2026-09-08T17:32:55.339796524+03:00","Action":"output","Package":"virmill.local/core/internal/ui/tui","Test":"TestWorkspaceRenderingFitsAndSanitizes/planP","Output":"--- PASS: TestWorkspaceRenderingFitsAndSanitizes/planP (0.00s)\n","OutputType":"frame"}
{"Time":"2026-09-08T17:32:55.339802889+03:00","Action":"pass","Package":"virmill.local/core/internal/ui/tui","Test":"TestWorkspaceRenderingFitsAndSanitizes/planP","Elapsed":0}
{"Time":"2026-09-08T17:32:55.339820776+03:00","Action":"run","Package":"virmill.local/core/internal/ui/tui","Test":"TestWorkspaceRenderingFitsAndSanitizes/approvalP"}
{"Time":"2026-09-08T17:32:55.339823723+03:00","Action":"output","Package":"virmill.local/core/internal/ui/tui","Test":"TestWorkspaceRenderingFitsAndSanitizes/approvalP","Output":"=== RUN   TestWorkspaceRenderingFitsAndSanitizes/approvalP\n","OutputType":"frame"}
{"Time":"2026-09-08T17:32:55.340653931+03:00","Action":"output","Package":"virmill.local/core/internal/ui/tui","Test":"TestWorkspaceRenderingFitsAndSanitizes/approvalP","Output":"--- PASS: TestWorkspaceRenderingFitsAndSanitizes/approvalP (0.00s)\n","OutputType":"frame"}
{"Time":"2026-09-08T17:32:55.340668642+03:00","Action":"pass","Package":"virmill.local/core/internal/ui/tui","Test":"TestWorkspaceRenderingFitsAndSanitizes/approvalP","Elapsed":0}
{"Time":"2026-09-08T17:32:55.340957382+03:00","Action":"run","Package":"virmill.local/core/internal/ui/tui","Test":"TestWorkspaceRenderingFitsAndSanitizes/overviewx"}
{"Time":"2026-09-08T17:32:55.340959759+03:00","Action":"output","Package":"virmill.local/core/internal/ui/tui","Test":"TestWorkspaceRenderingFitsAndSanitizes/overviewx","Output":"=== RUN   TestWorkspaceRenderingFitsAndSanitizes/overviewx\n","OutputType":"frame"}
{"Time":"2026-09-08T17:32:55.341111776+03:00","Action":"output","Package":"virmill.local/core/internal/ui/tui","Test":"TestWorkspaceRenderingFitsAndSanitizes/overviewx","Output":"--- PASS: TestWorkspaceRenderingFitsAndSanitizes/overviewx (0.00s)\n","OutputType":"frame"}
{"Time":"2026-09-08T17:32:55.341121925+03:00","Action":"pass","Package":"virmill.local/core/internal/ui/tui","Test":"TestWorkspaceRenderingFitsAndSanitizes/overviewx","Elapsed":0}
{"Time":"2026-09-08T17:32:55.341133828+03:00","Action":"run","Package":"virmill.local/core/internal/ui/tui","Test":"TestWorkspaceRenderingFitsAndSanitizes/detailsx"}
{"Time":"2026-09-08T17:32:55.341135319+03:00","Action":"output","Package":"virmill.local/core/internal/ui/tui","Test":"TestWorkspaceRenderingFitsAndSanitizes/detailsx","Output":"=== RUN   TestWorkspaceRenderingFitsAndSanitizes/detailsx\n","OutputType":"frame"}
{"Time":"2026-09-08T17:32:55.341969255+03:00","Action":"output","Package":"virmill.local/core/internal/ui/tui","Test":"TestWorkspaceRenderingFitsAndSanitizes/detailsx","Output":"--- PASS: TestWorkspaceRenderingFitsAndSanitizes/detailsx (0.00s)\n","OutputType":"frame"}
{"Time":"2026-09-08T17:32:55.341974133+03:00","Action":"pass","Package":"virmill.local/core/internal/ui/tui","Test":"TestWorkspaceRenderingFitsAndSanitizes/detailsx","Elapsed":0}
{"Time":"2026-09-08T17:32:55.341988017+03:00","Action":"run","Package":"virmill.local/core/internal/ui/tui","Test":"TestWorkspaceRenderingFitsAndSanitizes/catalogx"}
{"Time":"2026-09-08T17:32:55.341990462+03:00","Action":"output","Package":"virmill.local/core/internal/ui/tui","Test":"TestWorkspaceRenderingFitsAndSanitizes/catalogx","Output":"=== RUN   TestWorkspaceRenderingFitsAndSanitizes/catalogx\n","OutputType":"frame"}
{"Time":"2026-09-08T17:32:55.342341962+03:00","Action":"output","Package":"virmill.local/core/internal/ui/tui","Test":"TestWorkspaceRenderingFitsAndSanitizes/catalogx","Output":"--- PASS: TestWorkspaceRenderingFitsAndSanitizes/catalogx (0.00s)\n","OutputType":"frame"}
{"Time":"2026-09-08T17:32:55.342352359+03:00","Action":"pass","Package":"virmill.local/core/internal/ui/tui","Test":"TestWorkspaceRenderingFitsAndSanitizes/catalogx","Elapsed":0}
{"Time":"2026-09-08T17:32:55.34236305+03:00","Action":"run","Package":"virmill.local/core/internal/ui/tui","Test":"TestWorkspaceRenderingFitsAndSanitizes/planx"}
{"Time":"2026-09-08T17:32:55.342365552+03:00","Action":"output","Package":"virmill.local/core/internal/ui/tui","Test":"TestWorkspaceRenderingFitsAndSanitizes/planx","Output":"=== RUN   TestWorkspaceRenderingFitsAndSanitizes/planx\n","OutputType":"frame"}
{"Time":"2026-09-08T17:32:55.343804274+03:00","Action":"output","Package":"virmill.local/core/internal/ui/tui","Test":"TestWorkspaceRenderingFitsAndSanitizes/planx","Output":"--- PASS: TestWorkspaceRenderingFitsAndSanitizes/planx (0.00s)\n","OutputType":"frame"}
{"Time":"2026-09-08T17:32:55.343814226+03:00","Action":"pass","Package":"virmill.local/core/internal/ui/tui","Test":"TestWorkspaceRenderingFitsAndSanitizes/planx","Elapsed":0}
{"Time":"2026-09-08T17:32:55.34383199+03:00","Action":"run","Package":"virmill.local/core/internal/ui/tui","Test":"TestWorkspaceRenderingFitsAndSanitizes/approvalx"}
{"Time":"2026-09-08T17:32:55.343834566+03:00","Action":"output","Package":"virmill.local/core/internal/ui/tui","Test":"TestWorkspaceRenderingFitsAndSanitizes/approvalx","Output":"=== RUN   TestWorkspaceRenderingFitsAndSanitizes/approvalx\n","OutputType":"frame"}
{"Time":"2026-09-08T17:32:55.344680801+03:00","Action":"output","Package":"virmill.local/core/internal/ui/tui","Test":"TestWorkspaceRenderingFitsAndSanitizes/approvalx","Output":"--- PASS: TestWorkspaceRenderingFitsAndSanitizes/approvalx (0.00s)\n","OutputType":"frame"}
{"Time":"2026-09-08T17:32:55.344690143+03:00","Action":"pass","Package":"virmill.local/core/internal/ui/tui","Test":"TestWorkspaceRenderingFitsAndSanitizes/approvalx","Elapsed":0}
{"Time":"2026-09-08T17:32:55.344977503+03:00","Action":"run","Package":"virmill.local/core/internal/ui/tui","Test":"TestWorkspaceRenderingFitsAndSanitizes/overview\u003c"}
{"Time":"2026-09-08T17:32:55.344980126+03:00","Action":"output","Package":"virmill.local/core/internal/ui/tui","Test":"TestWorkspaceRenderingFitsAndSanitizes/overview\u003c","Output":"=== RUN   TestWorkspaceRenderingFitsAndSanitizes/overview\u003c\n","OutputType":"frame"}
{"Time":"2026-09-08T17:32:55.345119148+03:00","Action":"output","Package":"virmill.local/core/internal/ui/tui","Test":"TestWorkspaceRenderingFitsAndSanitizes/overview\u003c","Output":"--- PASS: TestWorkspaceRenderingFitsAndSanitizes/overview\u003c (0.00s)\n","OutputType":"frame"}
{"Time":"2026-09-08T17:32:55.345130037+03:00","Action":"pass","Package":"virmill.local/core/internal/ui/tui","Test":"TestWorkspaceRenderingFitsAndSanitizes/overview\u003c","Elapsed":0}
{"Time":"2026-09-08T17:32:55.345139297+03:00","Action":"run","Package":"virmill.local/core/internal/ui/tui","Test":"TestWorkspaceRenderingFitsAndSanitizes/details\u003c"}
{"Time":"2026-09-08T17:32:55.345141737+03:00","Action":"output","Package":"virmill.local/core/internal/ui/tui","Test":"TestWorkspaceRenderingFitsAndSanitizes/details\u003c","Output":"=== RUN   TestWorkspaceRenderingFitsAndSanitizes/details\u003c\n","OutputType":"frame"}
{"Time":"2026-09-08T17:32:55.345983284+03:00","Action":"output","Package":"virmill.local/core/internal/ui/tui","Test":"TestWorkspaceRenderingFitsAndSanitizes/details\u003c","Output":"--- PASS: TestWorkspaceRenderingFitsAndSanitizes/details\u003c (0.00s)\n","OutputType":"frame"}
{"Time":"2026-09-08T17:32:55.345994069+03:00","Action":"pass","Package":"virmill.local/core/internal/ui/tui","Test":"TestWorkspaceRenderingFitsAndSanitizes/details\u003c","Elapsed":0}
{"Time":"2026-09-08T17:32:55.346004885+03:00","Action":"run","Package":"virmill.local/core/internal/ui/tui","Test":"TestWorkspaceRenderingFitsAndSanitizes/catalog\u003c"}
{"Time":"2026-09-08T17:32:55.346007176+03:00","Action":"output","Package":"virmill.local/core/internal/ui/tui","Test":"TestWorkspaceRenderingFitsAndSanitizes/catalog\u003c","Output":"=== RUN   TestWorkspaceRenderingFitsAndSanitizes/catalog\u003c\n","OutputType":"frame"}
{"Time":"2026-09-08T17:32:55.346290681+03:00","Action":"output","Package":"virmill.local/core/internal/ui/tui","Test":"TestWorkspaceRenderingFitsAndSanitizes/catalog\u003c","Output":"--- PASS: TestWorkspaceRenderingFitsAndSanitizes/catalog\u003c (0.00s)\n","OutputType":"frame"}
{"Time":"2026-09-08T17:32:55.346295072+03:00","Action":"pass","Package":"virmill.local/core/internal/ui/tui","Test":"TestWorkspaceRenderingFitsAndSanitizes/catalog\u003c","Elapsed":0}
{"Time":"2026-09-08T17:32:55.346308151+03:00","Action":"run","Package":"virmill.local/core/internal/ui/tui","Test":"TestWorkspaceRenderingFitsAndSanitizes/plan\u003c"}
{"Time":"2026-09-08T17:32:55.346310491+03:00","Action":"output","Package":"virmill.local/core/internal/ui/tui","Test":"TestWorkspaceRenderingFitsAndSanitizes/plan\u003c","Output":"=== RUN   TestWorkspaceRenderingFitsAndSanitizes/plan\u003c\n","OutputType":"frame"}
{"Time":"2026-09-08T17:32:55.348430063+03:00","Action":"output","Package":"virmill.local/core/internal/ui/tui","Test":"TestWorkspaceRenderingFitsAndSanitizes/plan\u003c","Output":"--- PASS: TestWorkspaceRenderingFitsAndSanitizes/plan\u003c (0.00s)\n","OutputType":"frame"}
{"Time":"2026-09-08T17:32:55.348438654+03:00","Action":"pass","Package":"virmill.local/core/internal/ui/tui","Test":"TestWorkspaceRenderingFitsAndSanitizes/plan\u003c","Elapsed":0}
{"Time":"2026-09-08T17:32:55.348457689+03:00","Action":"run","Package":"virmill.local/core/internal/ui/tui","Test":"TestWorkspaceRenderingFitsAndSanitizes/approval\u003c"}
{"Time":"2026-09-08T17:32:55.348459821+03:00","Action":"output","Package":"virmill.local/core/internal/ui/tui","Test":"TestWorkspaceRenderingFitsAndSanitizes/approval\u003c","Output":"=== RUN   TestWorkspaceRenderingFitsAndSanitizes/approval\u003c\n","OutputType":"frame"}
{"Time":"2026-09-08T17:32:55.34931395+03:00","Action":"output","Package":"virmill.local/core/internal/ui/tui","Test":"TestWorkspaceRenderingFitsAndSanitizes/approval\u003c","Output":"--- PASS: TestWorkspaceRenderingFitsAndSanitizes/approval\u003c (0.00s)\n","OutputType":"frame"}
{"Time":"2026-09-08T17:32:55.349330364+03:00","Action":"pass","Package":"virmill.local/core/internal/ui/tui","Test":"TestWorkspaceRenderingFitsAndSanitizes/approval\u003c","Elapsed":0}
{"Time":"2026-09-08T17:32:55.349624447+03:00","Action":"run","Package":"virmill.local/core/internal/ui/tui","Test":"TestWorkspaceRenderingFitsAndSanitizes/overview("}
{"Time":"2026-09-08T17:32:55.349626657+03:00","Action":"output","Package":"virmill.local/core/internal/ui/tui","Test":"TestWorkspaceRenderingFitsAndSanitizes/overview(","Output":"=== RUN   TestWorkspaceRenderingFitsAndSanitizes/overview(\n","OutputType":"frame"}
{"Time":"2026-09-08T17:32:55.349689751+03:00","Action":"output","Package":"virmill.local/core/internal/ui/tui","Test":"TestWorkspaceRenderingFitsAndSanitizes/overview(","Output":"--- PASS: TestWorkspaceRenderingFitsAndSanitizes/overview( (0.00s)\n","OutputType":"frame"}
{"Time":"2026-09-08T17:32:55.349699349+03:00","Action":"pass","Package":"virmill.local/core/internal/ui/tui","Test":"TestWorkspaceRenderingFitsAndSanitizes/overview(","Elapsed":0}
{"Time":"2026-09-08T17:32:55.34970856+03:00","Action":"run","Package":"virmill.local/core/internal/ui/tui","Test":"TestWorkspaceRenderingFitsAndSanitizes/details("}
{"Time":"2026-09-08T17:32:55.349710679+03:00","Action":"output","Package":"virmill.local/core/internal/ui/tui","Test":"TestWorkspaceRenderingFitsAndSanitizes/details(","Output":"=== RUN   TestWorkspaceRenderingFitsAndSanitizes/details(\n","OutputType":"frame"}
{"Time":"2026-09-08T17:32:55.349908215+03:00","Action":"output","Package":"virmill.local/core/internal/ui/tui","Test":"TestWorkspaceRenderingFitsAndSanitizes/details(","Output":"--- PASS: TestWorkspaceRenderingFitsAndSanitizes/details( (0.00s)\n","OutputType":"frame"}
{"Time":"2026-09-08T17:32:55.349912246+03:00","Action":"pass","Package":"virmill.local/core/internal/ui/tui","Test":"TestWorkspaceRenderingFitsAndSanitizes/details(","Elapsed":0}
{"Time":"2026-09-08T17:32:55.349925028+03:00","Action":"run","Package":"virmill.local/core/internal/ui/tui","Test":"TestWorkspaceRenderingFitsAndSanitizes/catalog("}
{"Time":"2026-09-08T17:32:55.349926601+03:00","Action":"output","Package":"virmill.local/core/internal/ui/tui","Test":"TestWorkspaceRenderingFitsAndSanitizes/catalog(","Output":"=== RUN   TestWorkspaceRenderingFitsAndSanitizes/catalog(\n","OutputType":"frame"}
{"Time":"2026-09-08T17:32:55.349980452+03:00","Action":"output","Package":"virmill.local/core/internal/ui/tui","Test":"TestWorkspaceRenderingFitsAndSanitizes/catalog(","Output":"--- PASS: TestWorkspaceRenderingFitsAndSanitizes/catalog( (0.00s)\n","OutputType":"frame"}
{"Time":"2026-09-08T17:32:55.349990192+03:00","Action":"pass","Package":"virmill.local/core/internal/ui/tui","Test":"TestWorkspaceRenderingFitsAndSanitizes/catalog(","Elapsed":0}
{"Time":"2026-09-08T17:32:55.349995443+03:00","Action":"run","Package":"virmill.local/core/internal/ui/tui","Test":"TestWorkspaceRenderingFitsAndSanitizes/plan("}
{"Time":"2026-09-08T17:32:55.349996706+03:00","Action":"output","Package":"virmill.local/core/internal/ui/tui","Test":"TestWorkspaceRenderingFitsAndSanitizes/plan(","Output":"=== RUN   TestWorkspaceRenderingFitsAndSanitizes/plan(\n","OutputType":"frame"}
{"Time":"2026-09-08T17:32:55.350701488+03:00","Action":"output","Package":"virmill.local/core/internal/ui/tui","Test":"TestWorkspaceRenderingFitsAndSanitizes/plan(","Output":"--- PASS: TestWorkspaceRenderingFitsAndSanitizes/plan( (0.00s)\n","OutputType":"frame"}
{"Time":"2026-09-08T17:32:55.350715108+03:00","Action":"pass","Package":"virmill.local/core/internal/ui/tui","Test":"TestWorkspaceRenderingFitsAndSanitizes/plan(","Elapsed":0}
{"Time":"2026-09-08T17:32:55.350727211+03:00","Action":"run","Package":"virmill.local/core/internal/ui/tui","Test":"TestWorkspaceRenderingFitsAndSanitizes/approval("}
{"Time":"2026-09-08T17:32:55.35072942+03:00","Action":"output","Package":"virmill.local/core/internal/ui/tui","Test":"TestWorkspaceRenderingFitsAndSanitizes/approval(","Output":"=== RUN   TestWorkspaceRenderingFitsAndSanitizes/approval(\n","OutputType":"frame"}
{"Time":"2026-09-08T17:32:55.351434305+03:00","Action":"output","Package":"virmill.local/core/internal/ui/tui","Test":"TestWorkspaceRenderingFitsAndSanitizes/approval(","Output":"--- PASS: TestWorkspaceRenderingFitsAndSanitizes/approval( (0.00s)\n","OutputType":"frame"}
{"Time":"2026-09-08T17:32:55.3514399+03:00","Action":"pass","Package":"virmill.local/core/internal/ui/tui","Test":"TestWorkspaceRenderingFitsAndSanitizes/approval(","Elapsed":0}
{"Time":"2026-09-08T17:32:55.351456242+03:00","Action":"output","Package":"virmill.local/core/internal/ui/tui","Test":"TestWorkspaceRenderingFitsAndSanitizes","Output":"--- PASS: TestWorkspaceRenderingFitsAndSanitizes (0.01s)\n","OutputType":"frame"}
{"Time":"2026-09-08T17:32:55.351465676+03:00","Action":"pass","Package":"virmill.local/core/internal/ui/tui","Test":"TestWorkspaceRenderingFitsAndSanitizes","Elapsed":0.01}
{"Time":"2026-09-08T17:32:55.35148172+03:00","Action":"run","Package":"virmill.local/core/internal/ui/tui","Test":"TestWorkspaceRenderFixtures"}
{"Time":"2026-09-08T17:32:55.351485415+03:00","Action":"output","Package":"virmill.local/core/internal/ui/tui","Test":"TestWorkspaceRenderFixtures","Output":"=== RUN   TestWorkspaceRenderFixtures\n","OutputType":"frame"}
{"Time":"2026-09-08T17:32:55.351508841+03:00","Action":"output","Package":"virmill.local/core/internal/ui/tui","Test":"TestWorkspaceRenderFixtures","Output":"--- PASS: TestWorkspaceRenderFixtures (0.00s)\n","OutputType":"frame"}
{"Time":"2026-09-08T17:32:55.351512021+03:00","Action":"pass","Package":"virmill.local/core/internal/ui/tui","Test":"TestWorkspaceRenderFixtures","Elapsed":0}
{"Time":"2026-09-08T17:32:55.351523793+03:00","Action":"run","Package":"virmill.local/core/internal/ui/tui","Test":"TestWorkspaceActionButtonsAreKeyboardSelectable"}
{"Time":"2026-09-08T17:32:55.351525776+03:00","Action":"output","Package":"virmill.local/core/internal/ui/tui","Test":"TestWorkspaceActionButtonsAreKeyboardSelectable","Output":"=== RUN   TestWorkspaceActionButtonsAreKeyboardSelectable\n","OutputType":"frame"}
{"Time":"2026-09-08T17:32:55.351828717+03:00","Action":"output","Package":"virmill.local/core/internal/ui/tui","Test":"TestWorkspaceActionButtonsAreKeyboardSelectable","Output":"--- PASS: TestWorkspaceActionButtonsAreKeyboardSelectable (0.00s)\n","OutputType":"frame"}
{"Time":"2026-09-08T17:32:55.351839906+03:00","Action":"pass","Package":"virmill.local/core/internal/ui/tui","Test":"TestWorkspaceActionButtonsAreKeyboardSelectable","Elapsed":0}
{"Time":"2026-09-08T17:32:55.351858735+03:00","Action":"output","Package":"virmill.local/core/internal/ui/tui","Output":"PASS\n","OutputType":"frame"}
{"Time":"2026-09-08T17:32:56.362051225+03:00","Action":"output","Package":"virmill.local/core/internal/ui/tui","Output":"ok  \tvirmill.local/core/internal/ui/tui\t4.744s\n"}
{"Time":"2026-09-08T17:32:56.366807065+03:00","Action":"pass","Package":"virmill.local/core/internal/ui/tui","Elapsed":4.749}
