{"Time":"2026-09-08T19:30:48.114836275+03:00","Action":"start","Package":"virmill.local/core/internal/ui/tui"}
{"Time":"2026-09-08T19:30:48.14667357+03:00","Action":"run","Package":"virmill.local/core/internal/ui/tui","Test":"TestActionFormParameterReaderRefusesSpecialLinksAndDirectory"}
{"Time":"2026-09-08T19:30:48.146744134+03:00","Action":"output","Package":"virmill.local/core/internal/ui/tui","Test":"TestActionFormParameterReaderRefusesSpecialLinksAndDirectory","Output":"=== RUN   TestActionFormParameterReaderRefusesSpecialLinksAndDirectory\n","OutputType":"frame"}
{"Time":"2026-09-08T19:30:48.149100159+03:00","Action":"output","Package":"virmill.local/core/internal/ui/tui","Test":"TestActionFormParameterReaderRefusesSpecialLinksAndDirectory","Output":"--- PASS: TestActionFormParameterReaderRefusesSpecialLinksAndDirectory (0.00s)\n","OutputType":"frame"}
{"Time":"2026-09-08T19:30:48.149130797+03:00","Action":"pass","Package":"virmill.local/core/internal/ui/tui","Test":"TestActionFormParameterReaderRefusesSpecialLinksAndDirectory","Elapsed":0}
{"Time":"2026-09-08T19:30:48.1491443+03:00","Action":"run","Package":"virmill.local/core/internal/ui/tui","Test":"TestActionFormEveryRegisteredActionMapsExactRequest"}
{"Time":"2026-09-08T19:30:48.149149532+03:00","Action":"output","Package":"virmill.local/core/internal/ui/tui","Test":"TestActionFormEveryRegisteredActionMapsExactRequest","Output":"=== RUN   TestActionFormEveryRegisteredActionMapsExactRequest\n","OutputType":"frame"}
{"Time":"2026-09-08T19:30:48.14919052+03:00","Action":"run","Package":"virmill.local/core/internal/ui/tui","Test":"TestActionFormEveryRegisteredActionMapsExactRequest/plugin_call"}
{"Time":"2026-09-08T19:30:48.149195+03:00","Action":"output","Package":"virmill.local/core/internal/ui/tui","Test":"TestActionFormEveryRegisteredActionMapsExactRequest/plugin_call","Output":"=== RUN   TestActionFormEveryRegisteredActionMapsExactRequest/plugin_call\n","OutputType":"frame"}
{"Time":"2026-09-08T19:30:48.15054337+03:00","Action":"start","Package":"virmill.local/core/internal/ui/cli"}
{"Time":"2026-09-08T19:30:48.150703267+03:00","Action":"output","Package":"virmill.local/core/internal/ui/tui","Test":"TestActionFormEveryRegisteredActionMapsExactRequest/plugin_call","Output":"--- PASS: TestActionFormEveryRegisteredActionMapsExactRequest/plugin_call (0.00s)\n","OutputType":"frame"}
{"Time":"2026-09-08T19:30:48.150730931+03:00","Action":"pass","Package":"virmill.local/core/internal/ui/tui","Test":"TestActionFormEveryRegisteredActionMapsExactRequest/plugin_call","Elapsed":0}
{"Time":"2026-09-08T19:30:48.150752092+03:00","Action":"run","Package":"virmill.local/core/internal/ui/tui","Test":"TestActionFormEveryRegisteredActionMapsExactRequest/plugin_result"}
{"Time":"2026-09-08T19:30:48.150756134+03:00","Action":"output","Package":"virmill.local/core/internal/ui/tui","Test":"TestActionFormEveryRegisteredActionMapsExactRequest/plugin_result","Output":"=== RUN   TestActionFormEveryRegisteredActionMapsExactRequest/plugin_result\n","OutputType":"frame"}
{"Time":"2026-09-08T19:30:48.151067175+03:00","Action":"output","Package":"virmill.local/core/internal/ui/tui","Test":"TestActionFormEveryRegisteredActionMapsExactRequest/plugin_result","Output":"--- PASS: TestActionFormEveryRegisteredActionMapsExactRequest/plugin_result (0.00s)\n","OutputType":"frame"}
{"Time":"2026-09-08T19:30:48.151083411+03:00","Action":"pass","Package":"virmill.local/core/internal/ui/tui","Test":"TestActionFormEveryRegisteredActionMapsExactRequest/plugin_result","Elapsed":0}
{"Time":"2026-09-08T19:30:48.151099965+03:00","Action":"run","Package":"virmill.local/core/internal/ui/tui","Test":"TestActionFormEveryRegisteredActionMapsExactRequest/plugin_new"}
{"Time":"2026-09-08T19:30:48.151104363+03:00","Action":"output","Package":"virmill.local/core/internal/ui/tui","Test":"TestActionFormEveryRegisteredActionMapsExactRequest/plugin_new","Output":"=== RUN   TestActionFormEveryRegisteredActionMapsExactRequest/plugin_new\n","OutputType":"frame"}
{"Time":"2026-09-08T19:30:48.152224263+03:00","Action":"output","Package":"virmill.local/core/internal/ui/tui","Test":"TestActionFormEveryRegisteredActionMapsExactRequest/plugin_new","Output":"--- PASS: TestActionFormEveryRegisteredActionMapsExactRequest/plugin_new (0.00s)\n","OutputType":"frame"}
{"Time":"2026-09-08T19:30:48.152238996+03:00","Action":"pass","Package":"virmill.local/core/internal/ui/tui","Test":"TestActionFormEveryRegisteredActionMapsExactRequest/plugin_new","Elapsed":0}
{"Time":"2026-09-08T19:30:48.152243502+03:00","Action":"run","Package":"virmill.local/core/internal/ui/tui","Test":"TestActionFormEveryRegisteredActionMapsExactRequest/plugin_pack"}
{"Time":"2026-09-08T19:30:48.152245371+03:00","Action":"output","Package":"virmill.local/core/internal/ui/tui","Test":"TestActionFormEveryRegisteredActionMapsExactRequest/plugin_pack","Output":"=== RUN   TestActionFormEveryRegisteredActionMapsExactRequest/plugin_pack\n","OutputType":"frame"}
{"Time":"2026-09-08T19:30:48.153138284+03:00","Action":"output","Package":"virmill.local/core/internal/ui/tui","Test":"TestActionFormEveryRegisteredActionMapsExactRequest/plugin_pack","Output":"--- PASS: TestActionFormEveryRegisteredActionMapsExactRequest/plugin_pack (0.00s)\n","OutputType":"frame"}
{"Time":"2026-09-08T19:30:48.153147781+03:00","Action":"pass","Package":"virmill.local/core/internal/ui/tui","Test":"TestActionFormEveryRegisteredActionMapsExactRequest/plugin_pack","Elapsed":0}
{"Time":"2026-09-08T19:30:48.153162522+03:00","Action":"run","Package":"virmill.local/core/internal/ui/tui","Test":"TestActionFormEveryRegisteredActionMapsExactRequest/plugin_list"}
{"Time":"2026-09-08T19:30:48.153164714+03:00","Action":"output","Package":"virmill.local/core/internal/ui/tui","Test":"TestActionFormEveryRegisteredActionMapsExactRequest/plugin_list","Output":"=== RUN   TestActionFormEveryRegisteredActionMapsExactRequest/plugin_list\n","OutputType":"frame"}
{"Time":"2026-09-08T19:30:48.153333162+03:00","Action":"output","Package":"virmill.local/core/internal/ui/tui","Test":"TestActionFormEveryRegisteredActionMapsExactRequest/plugin_list","Output":"--- PASS: TestActionFormEveryRegisteredActionMapsExactRequest/plugin_list (0.00s)\n","OutputType":"frame"}
{"Time":"2026-09-08T19:30:48.153345534+03:00","Action":"pass","Package":"virmill.local/core/internal/ui/tui","Test":"TestActionFormEveryRegisteredActionMapsExactRequest/plugin_list","Elapsed":0}
{"Time":"2026-09-08T19:30:48.153357885+03:00","Action":"run","Package":"virmill.local/core/internal/ui/tui","Test":"TestActionFormEveryRegisteredActionMapsExactRequest/plugin_show"}
{"Time":"2026-09-08T19:30:48.153360052+03:00","Action":"output","Package":"virmill.local/core/internal/ui/tui","Test":"TestActionFormEveryRegisteredActionMapsExactRequest/plugin_show","Output":"=== RUN   TestActionFormEveryRegisteredActionMapsExactRequest/plugin_show\n","OutputType":"frame"}
{"Time":"2026-09-08T19:30:48.153554852+03:00","Action":"output","Package":"virmill.local/core/internal/ui/tui","Test":"TestActionFormEveryRegisteredActionMapsExactRequest/plugin_show","Output":"--- PASS: TestActionFormEveryRegisteredActionMapsExactRequest/plugin_show (0.00s)\n","OutputType":"frame"}
{"Time":"2026-09-08T19:30:48.153558938+03:00","Action":"pass","Package":"virmill.local/core/internal/ui/tui","Test":"TestActionFormEveryRegisteredActionMapsExactRequest/plugin_show","Elapsed":0}
{"Time":"2026-09-08T19:30:48.153577033+03:00","Action":"run","Package":"virmill.local/core/internal/ui/tui","Test":"TestActionFormEveryRegisteredActionMapsExactRequest/plugin_install"}
{"Time":"2026-09-08T19:30:48.153579199+03:00","Action":"output","Package":"virmill.local/core/internal/ui/tui","Test":"TestActionFormEveryRegisteredActionMapsExactRequest/plugin_install","Output":"=== RUN   TestActionFormEveryRegisteredActionMapsExactRequest/plugin_install\n","OutputType":"frame"}
{"Time":"2026-09-08T19:30:48.154505978+03:00","Action":"output","Package":"virmill.local/core/internal/ui/tui","Test":"TestActionFormEveryRegisteredActionMapsExactRequest/plugin_install","Output":"--- PASS: TestActionFormEveryRegisteredActionMapsExactRequest/plugin_install (0.00s)\n","OutputType":"frame"}
{"Time":"2026-09-08T19:30:48.154514727+03:00","Action":"pass","Package":"virmill.local/core/internal/ui/tui","Test":"TestActionFormEveryRegisteredActionMapsExactRequest/plugin_install","Elapsed":0}
{"Time":"2026-09-08T19:30:48.154532117+03:00","Action":"run","Package":"virmill.local/core/internal/ui/tui","Test":"TestActionFormEveryRegisteredActionMapsExactRequest/plugin_update"}
{"Time":"2026-09-08T19:30:48.154534311+03:00","Action":"output","Package":"virmill.local/core/internal/ui/tui","Test":"TestActionFormEveryRegisteredActionMapsExactRequest/plugin_update","Output":"=== RUN   TestActionFormEveryRegisteredActionMapsExactRequest/plugin_update\n","OutputType":"frame"}
{"Time":"2026-09-08T19:30:48.155444974+03:00","Action":"output","Package":"virmill.local/core/internal/ui/tui","Test":"TestActionFormEveryRegisteredActionMapsExactRequest/plugin_update","Output":"--- PASS: TestActionFormEveryRegisteredActionMapsExactRequest/plugin_update (0.00s)\n","OutputType":"frame"}
{"Time":"2026-09-08T19:30:48.155452274+03:00","Action":"pass","Package":"virmill.local/core/internal/ui/tui","Test":"TestActionFormEveryRegisteredActionMapsExactRequest/plugin_update","Elapsed":0}
{"Time":"2026-09-08T19:30:48.155472799+03:00","Action":"run","Package":"virmill.local/core/internal/ui/tui","Test":"TestActionFormEveryRegisteredActionMapsExactRequest/plugin_enable"}
{"Time":"2026-09-08T19:30:48.155474756+03:00","Action":"output","Package":"virmill.local/core/internal/ui/tui","Test":"TestActionFormEveryRegisteredActionMapsExactRequest/plugin_enable","Output":"=== RUN   TestActionFormEveryRegisteredActionMapsExactRequest/plugin_enable\n","OutputType":"frame"}
{"Time":"2026-09-08T19:30:48.156225385+03:00","Action":"output","Package":"virmill.local/core/internal/ui/tui","Test":"TestActionFormEveryRegisteredActionMapsExactRequest/plugin_enable","Output":"--- PASS: TestActionFormEveryRegisteredActionMapsExactRequest/plugin_enable (0.00s)\n","OutputType":"frame"}
{"Time":"2026-09-08T19:30:48.156231885+03:00","Action":"pass","Package":"virmill.local/core/internal/ui/tui","Test":"TestActionFormEveryRegisteredActionMapsExactRequest/plugin_enable","Elapsed":0}
{"Time":"2026-09-08T19:30:48.156244468+03:00","Action":"run","Package":"virmill.local/core/internal/ui/tui","Test":"TestActionFormEveryRegisteredActionMapsExactRequest/plugin_disable"}
{"Time":"2026-09-08T19:30:48.156246978+03:00","Action":"output","Package":"virmill.local/core/internal/ui/tui","Test":"TestActionFormEveryRegisteredActionMapsExactRequest/plugin_disable","Output":"=== RUN   TestActionFormEveryRegisteredActionMapsExactRequest/plugin_disable\n","OutputType":"frame"}
{"Time":"2026-09-08T19:30:48.157076077+03:00","Action":"output","Package":"virmill.local/core/internal/ui/tui","Test":"TestActionFormEveryRegisteredActionMapsExactRequest/plugin_disable","Output":"--- PASS: TestActionFormEveryRegisteredActionMapsExactRequest/plugin_disable (0.00s)\n","OutputType":"frame"}
{"Time":"2026-09-08T19:30:48.157082602+03:00","Action":"pass","Package":"virmill.local/core/internal/ui/tui","Test":"TestActionFormEveryRegisteredActionMapsExactRequest/plugin_disable","Elapsed":0}
{"Time":"2026-09-08T19:30:48.157095165+03:00","Action":"run","Package":"virmill.local/core/internal/ui/tui","Test":"TestActionFormEveryRegisteredActionMapsExactRequest/plugin_remove"}
{"Time":"2026-09-08T19:30:48.157097137+03:00","Action":"output","Package":"virmill.local/core/internal/ui/tui","Test":"TestActionFormEveryRegisteredActionMapsExactRequest/plugin_remove","Output":"=== RUN   TestActionFormEveryRegisteredActionMapsExactRequest/plugin_remove\n","OutputType":"frame"}
{"Time":"2026-09-08T19:30:48.157869763+03:00","Action":"output","Package":"virmill.local/core/internal/ui/tui","Test":"TestActionFormEveryRegisteredActionMapsExactRequest/plugin_remove","Output":"--- PASS: TestActionFormEveryRegisteredActionMapsExactRequest/plugin_remove (0.00s)\n","OutputType":"frame"}
{"Time":"2026-09-08T19:30:48.157875782+03:00","Action":"pass","Package":"virmill.local/core/internal/ui/tui","Test":"TestActionFormEveryRegisteredActionMapsExactRequest/plugin_remove","Elapsed":0}
{"Time":"2026-09-08T19:30:48.157896214+03:00","Action":"run","Package":"virmill.local/core/internal/ui/tui","Test":"TestActionFormEveryRegisteredActionMapsExactRequest/plugin_rollback"}
{"Time":"2026-09-08T19:30:48.157898167+03:00","Action":"output","Package":"virmill.local/core/internal/ui/tui","Test":"TestActionFormEveryRegisteredActionMapsExactRequest/plugin_rollback","Output":"=== RUN   TestActionFormEveryRegisteredActionMapsExactRequest/plugin_rollback\n","OutputType":"frame"}
{"Time":"2026-09-08T19:30:48.158643604+03:00","Action":"output","Package":"virmill.local/core/internal/ui/tui","Test":"TestActionFormEveryRegisteredActionMapsExactRequest/plugin_rollback","Output":"--- PASS: TestActionFormEveryRegisteredActionMapsExactRequest/plugin_rollback (0.00s)\n","OutputType":"frame"}
{"Time":"2026-09-08T19:30:48.158649077+03:00","Action":"pass","Package":"virmill.local/core/internal/ui/tui","Test":"TestActionFormEveryRegisteredActionMapsExactRequest/plugin_rollback","Elapsed":0}
{"Time":"2026-09-08T19:30:48.158665271+03:00","Action":"run","Package":"virmill.local/core/internal/ui/tui","Test":"TestActionFormEveryRegisteredActionMapsExactRequest/plugin_permissions_show"}
{"Time":"2026-09-08T19:30:48.158667217+03:00","Action":"output","Package":"virmill.local/core/internal/ui/tui","Test":"TestActionFormEveryRegisteredActionMapsExactRequest/plugin_permissions_show","Output":"=== RUN   TestActionFormEveryRegisteredActionMapsExactRequest/plugin_permissions_show\n","OutputType":"frame"}
{"Time":"2026-09-08T19:30:48.158851902+03:00","Action":"output","Package":"virmill.local/core/internal/ui/tui","Test":"TestActionFormEveryRegisteredActionMapsExactRequest/plugin_permissions_show","Output":"--- PASS: TestActionFormEveryRegisteredActionMapsExactRequest/plugin_permissions_show (0.00s)\n","OutputType":"frame"}
{"Time":"2026-09-08T19:30:48.158856408+03:00","Action":"pass","Package":"virmill.local/core/internal/ui/tui","Test":"TestActionFormEveryRegisteredActionMapsExactRequest/plugin_permissions_show","Elapsed":0}
{"Time":"2026-09-08T19:30:48.158872121+03:00","Action":"run","Package":"virmill.local/core/internal/ui/tui","Test":"TestActionFormEveryRegisteredActionMapsExactRequest/plugin_permissions_grant"}
{"Time":"2026-09-08T19:30:48.15887424+03:00","Action":"output","Package":"virmill.local/core/internal/ui/tui","Test":"TestActionFormEveryRegisteredActionMapsExactRequest/plugin_permissions_grant","Output":"=== RUN   TestActionFormEveryRegisteredActionMapsExactRequest/plugin_permissions_grant\n","OutputType":"frame"}
{"Time":"2026-09-08T19:30:48.159611566+03:00","Action":"output","Package":"virmill.local/core/internal/ui/tui","Test":"TestActionFormEveryRegisteredActionMapsExactRequest/plugin_permissions_grant","Output":"--- PASS: TestActionFormEveryRegisteredActionMapsExactRequest/plugin_permissions_grant (0.00s)\n","OutputType":"frame"}
{"Time":"2026-09-08T19:30:48.159622282+03:00","Action":"pass","Package":"virmill.local/core/internal/ui/tui","Test":"TestActionFormEveryRegisteredActionMapsExactRequest/plugin_permissions_grant","Elapsed":0}
{"Time":"2026-09-08T19:30:48.159654061+03:00","Action":"run","Package":"virmill.local/core/internal/ui/tui","Test":"TestActionFormEveryRegisteredActionMapsExactRequest/plugin_permissions_revoke"}
{"Time":"2026-09-08T19:30:48.159655894+03:00","Action":"output","Package":"virmill.local/core/internal/ui/tui","Test":"TestActionFormEveryRegisteredActionMapsExactRequest/plugin_permissions_revoke","Output":"=== RUN   TestActionFormEveryRegisteredActionMapsExactRequest/plugin_permissions_revoke\n","OutputType":"frame"}
{"Time":"2026-09-08T19:30:48.160432077+03:00","Action":"output","Package":"virmill.local/core/internal/ui/tui","Test":"TestActionFormEveryRegisteredActionMapsExactRequest/plugin_permissions_revoke","Output":"--- PASS: TestActionFormEveryRegisteredActionMapsExactRequest/plugin_permissions_revoke (0.00s)\n","OutputType":"frame"}
{"Time":"2026-09-08T19:30:48.160444398+03:00","Action":"pass","Package":"virmill.local/core/internal/ui/tui","Test":"TestActionFormEveryRegisteredActionMapsExactRequest/plugin_permissions_revoke","Elapsed":0}
{"Time":"2026-09-08T19:30:48.160460846+03:00","Action":"run","Package":"virmill.local/core/internal/ui/tui","Test":"TestActionFormEveryRegisteredActionMapsExactRequest/plugin_validate"}
{"Time":"2026-09-08T19:30:48.160463676+03:00","Action":"output","Package":"virmill.local/core/internal/ui/tui","Test":"TestActionFormEveryRegisteredActionMapsExactRequest/plugin_validate","Output":"=== RUN   TestActionFormEveryRegisteredActionMapsExactRequest/plugin_validate\n","OutputType":"frame"}
{"Time":"2026-09-08T19:30:48.160666369+03:00","Action":"output","Package":"virmill.local/core/internal/ui/tui","Test":"TestActionFormEveryRegisteredActionMapsExactRequest/plugin_validate","Output":"--- PASS: TestActionFormEveryRegisteredActionMapsExactRequest/plugin_validate (0.00s)\n","OutputType":"frame"}
{"Time":"2026-09-08T19:30:48.160676951+03:00","Action":"pass","Package":"virmill.local/core/internal/ui/tui","Test":"TestActionFormEveryRegisteredActionMapsExactRequest/plugin_validate","Elapsed":0}
{"Time":"2026-09-08T19:30:48.160694162+03:00","Action":"run","Package":"virmill.local/core/internal/ui/tui","Test":"TestActionFormEveryRegisteredActionMapsExactRequest/plugin_test"}
{"Time":"2026-09-08T19:30:48.160696356+03:00","Action":"output","Package":"virmill.local/core/internal/ui/tui","Test":"TestActionFormEveryRegisteredActionMapsExactRequest/plugin_test","Output":"=== RUN   TestActionFormEveryRegisteredActionMapsExactRequest/plugin_test\n","OutputType":"frame"}
{"Time":"2026-09-08T19:30:48.160894842+03:00","Action":"output","Package":"virmill.local/core/internal/ui/tui","Test":"TestActionFormEveryRegisteredActionMapsExactRequest/plugin_test","Output":"--- PASS: TestActionFormEveryRegisteredActionMapsExactRequest/plugin_test (0.00s)\n","OutputType":"frame"}
{"Time":"2026-09-08T19:30:48.16090174+03:00","Action":"pass","Package":"virmill.local/core/internal/ui/tui","Test":"TestActionFormEveryRegisteredActionMapsExactRequest/plugin_test","Elapsed":0}
{"Time":"2026-09-08T19:30:48.16091907+03:00","Action":"run","Package":"virmill.local/core/internal/ui/tui","Test":"TestActionFormEveryRegisteredActionMapsExactRequest/host_inspect"}
{"Time":"2026-09-08T19:30:48.160921371+03:00","Action":"output","Package":"virmill.local/core/internal/ui/tui","Test":"TestActionFormEveryRegisteredActionMapsExactRequest/host_inspect","Output":"=== RUN   TestActionFormEveryRegisteredActionMapsExactRequest/host_inspect\n","OutputType":"frame"}
{"Time":"2026-09-08T19:30:48.161068679+03:00","Action":"output","Package":"virmill.local/core/internal/ui/tui","Test":"TestActionFormEveryRegisteredActionMapsExactRequest/host_inspect","Output":"--- PASS: TestActionFormEveryRegisteredActionMapsExactRequest/host_inspect (0.00s)\n","OutputType":"frame"}
{"Time":"2026-09-08T19:30:48.161079669+03:00","Action":"pass","Package":"virmill.local/core/internal/ui/tui","Test":"TestActionFormEveryRegisteredActionMapsExactRequest/host_inspect","Elapsed":0}
{"Time":"2026-09-08T19:30:48.161091963+03:00","Action":"run","Package":"virmill.local/core/internal/ui/tui","Test":"TestActionFormEveryRegisteredActionMapsExactRequest/host_capabilities"}
{"Time":"2026-09-08T19:30:48.161094099+03:00","Action":"output","Package":"virmill.local/core/internal/ui/tui","Test":"TestActionFormEveryRegisteredActionMapsExactRequest/host_capabilities","Output":"=== RUN   TestActionFormEveryRegisteredActionMapsExactRequest/host_capabilities\n","OutputType":"frame"}
{"Time":"2026-09-08T19:30:48.161244218+03:00","Action":"output","Package":"virmill.local/core/internal/ui/tui","Test":"TestActionFormEveryRegisteredActionMapsExactRequest/host_capabilities","Output":"--- PASS: TestActionFormEveryRegisteredActionMapsExactRequest/host_capabilities (0.00s)\n","OutputType":"frame"}
{"Time":"2026-09-08T19:30:48.161248077+03:00","Action":"pass","Package":"virmill.local/core/internal/ui/tui","Test":"TestActionFormEveryRegisteredActionMapsExactRequest/host_capabilities","Elapsed":0}
{"Time":"2026-09-08T19:30:48.161260707+03:00","Action":"run","Package":"virmill.local/core/internal/ui/tui","Test":"TestActionFormEveryRegisteredActionMapsExactRequest/storage_pool_list"}
{"Time":"2026-09-08T19:30:48.161263052+03:00","Action":"output","Package":"virmill.local/core/internal/ui/tui","Test":"TestActionFormEveryRegisteredActionMapsExactRequest/storage_pool_list","Output":"=== RUN   TestActionFormEveryRegisteredActionMapsExactRequest/storage_pool_list\n","OutputType":"frame"}
{"Time":"2026-09-08T19:30:48.161406818+03:00","Action":"output","Package":"virmill.local/core/internal/ui/tui","Test":"TestActionFormEveryRegisteredActionMapsExactRequest/storage_pool_list","Output":"--- PASS: TestActionFormEveryRegisteredActionMapsExactRequest/storage_pool_list (0.00s)\n","OutputType":"frame"}
{"Time":"2026-09-08T19:30:48.161412394+03:00","Action":"pass","Package":"virmill.local/core/internal/ui/tui","Test":"TestActionFormEveryRegisteredActionMapsExactRequest/storage_pool_list","Elapsed":0}
{"Time":"2026-09-08T19:30:48.161425931+03:00","Action":"run","Package":"virmill.local/core/internal/ui/tui","Test":"TestActionFormEveryRegisteredActionMapsExactRequest/storage_pool_show"}
{"Time":"2026-09-08T19:30:48.161427741+03:00","Action":"output","Package":"virmill.local/core/internal/ui/tui","Test":"TestActionFormEveryRegisteredActionMapsExactRequest/storage_pool_show","Output":"=== RUN   TestActionFormEveryRegisteredActionMapsExactRequest/storage_pool_show\n","OutputType":"frame"}
{"Time":"2026-09-08T19:30:48.161600918+03:00","Action":"output","Package":"virmill.local/core/internal/ui/tui","Test":"TestActionFormEveryRegisteredActionMapsExactRequest/storage_pool_show","Output":"--- PASS: TestActionFormEveryRegisteredActionMapsExactRequest/storage_pool_show (0.00s)\n","OutputType":"frame"}
{"Time":"2026-09-08T19:30:48.16160694+03:00","Action":"pass","Package":"virmill.local/core/internal/ui/tui","Test":"TestActionFormEveryRegisteredActionMapsExactRequest/storage_pool_show","Elapsed":0}
{"Time":"2026-09-08T19:30:48.161635951+03:00","Action":"run","Package":"virmill.local/core/internal/ui/tui","Test":"TestActionFormEveryRegisteredActionMapsExactRequest/storage_access_grant"}
{"Time":"2026-09-08T19:30:48.161638316+03:00","Action":"output","Package":"virmill.local/core/internal/ui/tui","Test":"TestActionFormEveryRegisteredActionMapsExactRequest/storage_access_grant","Output":"=== RUN   TestActionFormEveryRegisteredActionMapsExactRequest/storage_access_grant\n","OutputType":"frame"}
{"Time":"2026-09-08T19:30:48.162523951+03:00","Action":"output","Package":"virmill.local/core/internal/ui/tui","Test":"TestActionFormEveryRegisteredActionMapsExactRequest/storage_access_grant","Output":"--- PASS: TestActionFormEveryRegisteredActionMapsExactRequest/storage_access_grant (0.00s)\n","OutputType":"frame"}
{"Time":"2026-09-08T19:30:48.162538622+03:00","Action":"pass","Package":"virmill.local/core/internal/ui/tui","Test":"TestActionFormEveryRegisteredActionMapsExactRequest/storage_access_grant","Elapsed":0}
{"Time":"2026-09-08T19:30:48.162555632+03:00","Action":"run","Package":"virmill.local/core/internal/ui/tui","Test":"TestActionFormEveryRegisteredActionMapsExactRequest/storage_access_revoke"}
{"Time":"2026-09-08T19:30:48.162558876+03:00","Action":"output","Package":"virmill.local/core/internal/ui/tui","Test":"TestActionFormEveryRegisteredActionMapsExactRequest/storage_access_revoke","Output":"=== RUN   TestActionFormEveryRegisteredActionMapsExactRequest/storage_access_revoke\n","OutputType":"frame"}
{"Time":"2026-09-08T19:30:48.162741188+03:00","Action":"output","Package":"virmill.local/core/internal/ui/tui","Test":"TestActionFormEveryRegisteredActionMapsExactRequest/storage_access_revoke","Output":"--- PASS: TestActionFormEveryRegisteredActionMapsExactRequest/storage_access_revoke (0.00s)\n","OutputType":"frame"}
{"Time":"2026-09-08T19:30:48.16274977+03:00","Action":"pass","Package":"virmill.local/core/internal/ui/tui","Test":"TestActionFormEveryRegisteredActionMapsExactRequest/storage_access_revoke","Elapsed":0}
{"Time":"2026-09-08T19:30:48.162763914+03:00","Action":"run","Package":"virmill.local/core/internal/ui/tui","Test":"TestActionFormEveryRegisteredActionMapsExactRequest/storage_access_result"}
{"Time":"2026-09-08T19:30:48.162766186+03:00","Action":"output","Package":"virmill.local/core/internal/ui/tui","Test":"TestActionFormEveryRegisteredActionMapsExactRequest/storage_access_result","Output":"=== RUN   TestActionFormEveryRegisteredActionMapsExactRequest/storage_access_result\n","OutputType":"frame"}
{"Time":"2026-09-08T19:30:48.162939143+03:00","Action":"output","Package":"virmill.local/core/internal/ui/tui","Test":"TestActionFormEveryRegisteredActionMapsExactRequest/storage_access_result","Output":"--- PASS: TestActionFormEveryRegisteredActionMapsExactRequest/storage_access_result (0.00s)\n","OutputType":"frame"}
{"Time":"2026-09-08T19:30:48.16294727+03:00","Action":"pass","Package":"virmill.local/core/internal/ui/tui","Test":"TestActionFormEveryRegisteredActionMapsExactRequest/storage_access_result","Elapsed":0}
{"Time":"2026-09-08T19:30:48.162965796+03:00","Action":"run","Package":"virmill.local/core/internal/ui/tui","Test":"TestActionFormEveryRegisteredActionMapsExactRequest/host_helper_identity"}
{"Time":"2026-09-08T19:30:48.162967886+03:00","Action":"output","Package":"virmill.local/core/internal/ui/tui","Test":"TestActionFormEveryRegisteredActionMapsExactRequest/host_helper_identity","Output":"=== RUN   TestActionFormEveryRegisteredActionMapsExactRequest/host_helper_identity\n","OutputType":"frame"}
{"Time":"2026-09-08T19:30:48.163117546+03:00","Action":"output","Package":"virmill.local/core/internal/ui/tui","Test":"TestActionFormEveryRegisteredActionMapsExactRequest/host_helper_identity","Output":"--- PASS: TestActionFormEveryRegisteredActionMapsExactRequest/host_helper_identity (0.00s)\n","OutputType":"frame"}
{"Time":"2026-09-08T19:30:48.163120625+03:00","Action":"pass","Package":"virmill.local/core/internal/ui/tui","Test":"TestActionFormEveryRegisteredActionMapsExactRequest/host_helper_identity","Elapsed":0}
{"Time":"2026-09-08T19:30:48.163137796+03:00","Action":"run","Package":"virmill.local/core/internal/ui/tui","Test":"TestActionFormEveryRegisteredActionMapsExactRequest/network_list"}
{"Time":"2026-09-08T19:30:48.163139834+03:00","Action":"output","Package":"virmill.local/core/internal/ui/tui","Test":"TestActionFormEveryRegisteredActionMapsExactRequest/network_list","Output":"=== RUN   TestActionFormEveryRegisteredActionMapsExactRequest/network_list\n","OutputType":"frame"}
{"Time":"2026-09-08T19:30:48.163278305+03:00","Action":"output","Package":"virmill.local/core/internal/ui/tui","Test":"TestActionFormEveryRegisteredActionMapsExactRequest/network_list","Output":"--- PASS: TestActionFormEveryRegisteredActionMapsExactRequest/network_list (0.00s)\n","OutputType":"frame"}
{"Time":"2026-09-08T19:30:48.16328845+03:00","Action":"pass","Package":"virmill.local/core/internal/ui/tui","Test":"TestActionFormEveryRegisteredActionMapsExactRequest/network_list","Elapsed":0}
{"Time":"2026-09-08T19:30:48.16329743+03:00","Action":"run","Package":"virmill.local/core/internal/ui/tui","Test":"TestActionFormEveryRegisteredActionMapsExactRequest/network_create"}
{"Time":"2026-09-08T19:30:48.163299554+03:00","Action":"output","Package":"virmill.local/core/internal/ui/tui","Test":"TestActionFormEveryRegisteredActionMapsExactRequest/network_create","Output":"=== RUN   TestActionFormEveryRegisteredActionMapsExactRequest/network_create\n","OutputType":"frame"}
{"Time":"2026-09-08T19:30:48.163512333+03:00","Action":"output","Package":"virmill.local/core/internal/ui/tui","Test":"TestActionFormEveryRegisteredActionMapsExactRequest/network_create","Output":"--- PASS: TestActionFormEveryRegisteredActionMapsExactRequest/network_create (0.00s)\n","OutputType":"frame"}
{"Time":"2026-09-08T19:30:48.163520208+03:00","Action":"pass","Package":"virmill.local/core/internal/ui/tui","Test":"TestActionFormEveryRegisteredActionMapsExactRequest/network_create","Elapsed":0}
{"Time":"2026-09-08T19:30:48.163531896+03:00","Action":"run","Package":"virmill.local/core/internal/ui/tui","Test":"TestActionFormEveryRegisteredActionMapsExactRequest/network_creation_result"}
{"Time":"2026-09-08T19:30:48.163534069+03:00","Action":"output","Package":"virmill.local/core/internal/ui/tui","Test":"TestActionFormEveryRegisteredActionMapsExactRequest/network_creation_result","Output":"=== RUN   TestActionFormEveryRegisteredActionMapsExactRequest/network_creation_result\n","OutputType":"frame"}
{"Time":"2026-09-08T19:30:48.163702176+03:00","Action":"output","Package":"virmill.local/core/internal/ui/tui","Test":"TestActionFormEveryRegisteredActionMapsExactRequest/network_creation_result","Output":"--- PASS: TestActionFormEveryRegisteredActionMapsExactRequest/network_creation_result (0.00s)\n","OutputType":"frame"}
{"Time":"2026-09-08T19:30:48.163705102+03:00","Action":"pass","Package":"virmill.local/core/internal/ui/tui","Test":"TestActionFormEveryRegisteredActionMapsExactRequest/network_creation_result","Elapsed":0}
{"Time":"2026-09-08T19:30:48.163726308+03:00","Action":"run","Package":"virmill.local/core/internal/ui/tui","Test":"TestActionFormEveryRegisteredActionMapsExactRequest/network_creation_resume"}
{"Time":"2026-09-08T19:30:48.163728262+03:00","Action":"output","Package":"virmill.local/core/internal/ui/tui","Test":"TestActionFormEveryRegisteredActionMapsExactRequest/network_creation_resume","Output":"=== RUN   TestActionFormEveryRegisteredActionMapsExactRequest/network_creation_resume\n","OutputType":"frame"}
{"Time":"2026-09-08T19:30:48.163897947+03:00","Action":"output","Package":"virmill.local/core/internal/ui/tui","Test":"TestActionFormEveryRegisteredActionMapsExactRequest/network_creation_resume","Output":"--- PASS: TestActionFormEveryRegisteredActionMapsExactRequest/network_creation_resume (0.00s)\n","OutputType":"frame"}
{"Time":"2026-09-08T19:30:48.163907467+03:00","Action":"pass","Package":"virmill.local/core/internal/ui/tui","Test":"TestActionFormEveryRegisteredActionMapsExactRequest/network_creation_resume","Elapsed":0}
{"Time":"2026-09-08T19:30:48.163918728+03:00","Action":"run","Package":"virmill.local/core/internal/ui/tui","Test":"TestActionFormEveryRegisteredActionMapsExactRequest/network_cidr_check"}
{"Time":"2026-09-08T19:30:48.163920792+03:00","Action":"output","Package":"virmill.local/core/internal/ui/tui","Test":"TestActionFormEveryRegisteredActionMapsExactRequest/network_cidr_check","Output":"=== RUN   TestActionFormEveryRegisteredActionMapsExactRequest/network_cidr_check\n","OutputType":"frame"}
{"Time":"2026-09-08T19:30:48.164752264+03:00","Action":"output","Package":"virmill.local/core/internal/ui/tui","Test":"TestActionFormEveryRegisteredActionMapsExactRequest/network_cidr_check","Output":"--- PASS: TestActionFormEveryRegisteredActionMapsExactRequest/network_cidr_check (0.00s)\n","OutputType":"frame"}
{"Time":"2026-09-08T19:30:48.164771249+03:00","Action":"pass","Package":"virmill.local/core/internal/ui/tui","Test":"TestActionFormEveryRegisteredActionMapsExactRequest/network_cidr_check","Elapsed":0}
{"Time":"2026-09-08T19:30:48.164785788+03:00","Action":"run","Package":"virmill.local/core/internal/ui/tui","Test":"TestActionFormEveryRegisteredActionMapsExactRequest/host_pci_list"}
{"Time":"2026-09-08T19:30:48.164787923+03:00","Action":"output","Package":"virmill.local/core/internal/ui/tui","Test":"TestActionFormEveryRegisteredActionMapsExactRequest/host_pci_list","Output":"=== RUN   TestActionFormEveryRegisteredActionMapsExactRequest/host_pci_list\n","OutputType":"frame"}
{"Time":"2026-09-08T19:30:48.165052154+03:00","Action":"output","Package":"virmill.local/core/internal/ui/tui","Test":"TestActionFormEveryRegisteredActionMapsExactRequest/host_pci_list","Output":"--- PASS: TestActionFormEveryRegisteredActionMapsExactRequest/host_pci_list (0.00s)\n","OutputType":"frame"}
{"Time":"2026-09-08T19:30:48.165056998+03:00","Action":"pass","Package":"virmill.local/core/internal/ui/tui","Test":"TestActionFormEveryRegisteredActionMapsExactRequest/host_pci_list","Elapsed":0}
{"Time":"2026-09-08T19:30:48.16507068+03:00","Action":"run","Package":"virmill.local/core/internal/ui/tui","Test":"TestActionFormEveryRegisteredActionMapsExactRequest/device_usb_list"}
{"Time":"2026-09-08T19:30:48.165072935+03:00","Action":"output","Package":"virmill.local/core/internal/ui/tui","Test":"TestActionFormEveryRegisteredActionMapsExactRequest/device_usb_list","Output":"=== RUN   TestActionFormEveryRegisteredActionMapsExactRequest/device_usb_list\n","OutputType":"frame"}
{"Time":"2026-09-08T19:30:48.165226736+03:00","Action":"output","Package":"virmill.local/core/internal/ui/tui","Test":"TestActionFormEveryRegisteredActionMapsExactRequest/device_usb_list","Output":"--- PASS: TestActionFormEveryRegisteredActionMapsExactRequest/device_usb_list (0.00s)\n","OutputType":"frame"}
{"Time":"2026-09-08T19:30:48.165229826+03:00","Action":"pass","Package":"virmill.local/core/internal/ui/tui","Test":"TestActionFormEveryRegisteredActionMapsExactRequest/device_usb_list","Elapsed":0}
{"Time":"2026-09-08T19:30:48.165243089+03:00","Action":"run","Package":"virmill.local/core/internal/ui/tui","Test":"TestActionFormEveryRegisteredActionMapsExactRequest/network_show"}
{"Time":"2026-09-08T19:30:48.165245518+03:00","Action":"output","Package":"virmill.local/core/internal/ui/tui","Test":"TestActionFormEveryRegisteredActionMapsExactRequest/network_show","Output":"=== RUN   TestActionFormEveryRegisteredActionMapsExactRequest/network_show\n","OutputType":"frame"}
{"Time":"2026-09-08T19:30:48.165429049+03:00","Action":"output","Package":"virmill.local/core/internal/ui/tui","Test":"TestActionFormEveryRegisteredActionMapsExactRequest/network_show","Output":"--- PASS: TestActionFormEveryRegisteredActionMapsExactRequest/network_show (0.00s)\n","OutputType":"frame"}
{"Time":"2026-09-08T19:30:48.165439407+03:00","Action":"pass","Package":"virmill.local/core/internal/ui/tui","Test":"TestActionFormEveryRegisteredActionMapsExactRequest/network_show","Elapsed":0}
{"Time":"2026-09-08T19:30:48.165448441+03:00","Action":"run","Package":"virmill.local/core/internal/ui/tui","Test":"TestActionFormEveryRegisteredActionMapsExactRequest/vm_list"}
{"Time":"2026-09-08T19:30:48.1654505+03:00","Action":"output","Package":"virmill.local/core/internal/ui/tui","Test":"TestActionFormEveryRegisteredActionMapsExactRequest/vm_list","Output":"=== RUN   TestActionFormEveryRegisteredActionMapsExactRequest/vm_list\n","OutputType":"frame"}
{"Time":"2026-09-08T19:30:48.165597603+03:00","Action":"output","Package":"virmill.local/core/internal/ui/tui","Test":"TestActionFormEveryRegisteredActionMapsExactRequest/vm_list","Output":"--- PASS: TestActionFormEveryRegisteredActionMapsExactRequest/vm_list (0.00s)\n","OutputType":"frame"}
{"Time":"2026-09-08T19:30:48.165607512+03:00","Action":"pass","Package":"virmill.local/core/internal/ui/tui","Test":"TestActionFormEveryRegisteredActionMapsExactRequest/vm_list","Elapsed":0}
{"Time":"2026-09-08T19:30:48.165619718+03:00","Action":"run","Package":"virmill.local/core/internal/ui/tui","Test":"TestActionFormEveryRegisteredActionMapsExactRequest/vm_show"}
{"Time":"2026-09-08T19:30:48.165621823+03:00","Action":"output","Package":"virmill.local/core/internal/ui/tui","Test":"TestActionFormEveryRegisteredActionMapsExactRequest/vm_show","Output":"=== RUN   TestActionFormEveryRegisteredActionMapsExactRequest/vm_show\n","OutputType":"frame"}
{"Time":"2026-09-08T19:30:48.165795336+03:00","Action":"output","Package":"virmill.local/core/internal/ui/tui","Test":"TestActionFormEveryRegisteredActionMapsExactRequest/vm_show","Output":"--- PASS: TestActionFormEveryRegisteredActionMapsExactRequest/vm_show (0.00s)\n","OutputType":"frame"}
{"Time":"2026-09-08T19:30:48.165805603+03:00","Action":"pass","Package":"virmill.local/core/internal/ui/tui","Test":"TestActionFormEveryRegisteredActionMapsExactRequest/vm_show","Elapsed":0}
{"Time":"2026-09-08T19:30:48.165818369+03:00","Action":"run","Package":"virmill.local/core/internal/ui/tui","Test":"TestActionFormEveryRegisteredActionMapsExactRequest/vm_recovery_inspect"}
{"Time":"2026-09-08T19:30:48.165820573+03:00","Action":"output","Package":"virmill.local/core/internal/ui/tui","Test":"TestActionFormEveryRegisteredActionMapsExactRequest/vm_recovery_inspect","Output":"=== RUN   TestActionFormEveryRegisteredActionMapsExactRequest/vm_recovery_inspect\n","OutputType":"frame"}
{"Time":"2026-09-08T19:30:48.165995083+03:00","Action":"output","Package":"virmill.local/core/internal/ui/tui","Test":"TestActionFormEveryRegisteredActionMapsExactRequest/vm_recovery_inspect","Output":"--- PASS: TestActionFormEveryRegisteredActionMapsExactRequest/vm_recovery_inspect (0.00s)\n","OutputType":"frame"}
{"Time":"2026-09-08T19:30:48.166004899+03:00","Action":"pass","Package":"virmill.local/core/internal/ui/tui","Test":"TestActionFormEveryRegisteredActionMapsExactRequest/vm_recovery_inspect","Elapsed":0}
{"Time":"2026-09-08T19:30:48.166020038+03:00","Action":"run","Package":"virmill.local/core/internal/ui/tui","Test":"TestActionFormEveryRegisteredActionMapsExactRequest/vm_recovery_auxiliary_inspect"}
{"Time":"2026-09-08T19:30:48.166022084+03:00","Action":"output","Package":"virmill.local/core/internal/ui/tui","Test":"TestActionFormEveryRegisteredActionMapsExactRequest/vm_recovery_auxiliary_inspect","Output":"=== RUN   TestActionFormEveryRegisteredActionMapsExactRequest/vm_recovery_auxiliary_inspect\n","OutputType":"frame"}
{"Time":"2026-09-08T19:30:48.166951751+03:00","Action":"output","Package":"virmill.local/core/internal/ui/tui","Test":"TestActionFormEveryRegisteredActionMapsExactRequest/vm_recovery_auxiliary_inspect","Output":"--- PASS: TestActionFormEveryRegisteredActionMapsExactRequest/vm_recovery_auxiliary_inspect (0.00s)\n","OutputType":"frame"}
{"Time":"2026-09-08T19:30:48.166962946+03:00","Action":"pass","Package":"virmill.local/core/internal/ui/tui","Test":"TestActionFormEveryRegisteredActionMapsExactRequest/vm_recovery_auxiliary_inspect","Elapsed":0}
{"Time":"2026-09-08T19:30:48.166976933+03:00","Action":"run","Package":"virmill.local/core/internal/ui/tui","Test":"TestActionFormEveryRegisteredActionMapsExactRequest/snapshot_create"}
{"Time":"2026-09-08T19:30:48.166979031+03:00","Action":"output","Package":"virmill.local/core/internal/ui/tui","Test":"TestActionFormEveryRegisteredActionMapsExactRequest/snapshot_create","Output":"=== RUN   TestActionFormEveryRegisteredActionMapsExactRequest/snapshot_create\n","OutputType":"frame"}
{"Time":"2026-09-08T19:30:48.167836689+03:00","Action":"output","Package":"virmill.local/core/internal/ui/tui","Test":"TestActionFormEveryRegisteredActionMapsExactRequest/snapshot_create","Output":"--- PASS: TestActionFormEveryRegisteredActionMapsExactRequest/snapshot_create (0.00s)\n","OutputType":"frame"}
{"Time":"2026-09-08T19:30:48.16784905+03:00","Action":"pass","Package":"virmill.local/core/internal/ui/tui","Test":"TestActionFormEveryRegisteredActionMapsExactRequest/snapshot_create","Elapsed":0}
{"Time":"2026-09-08T19:30:48.167864946+03:00","Action":"run","Package":"virmill.local/core/internal/ui/tui","Test":"TestActionFormEveryRegisteredActionMapsExactRequest/snapshot_list"}
{"Time":"2026-09-08T19:30:48.167867124+03:00","Action":"output","Package":"virmill.local/core/internal/ui/tui","Test":"TestActionFormEveryRegisteredActionMapsExactRequest/snapshot_list","Output":"=== RUN   TestActionFormEveryRegisteredActionMapsExactRequest/snapshot_list\n","OutputType":"frame"}
{"Time":"2026-09-08T19:30:48.168074334+03:00","Action":"output","Package":"virmill.local/core/internal/ui/tui","Test":"TestActionFormEveryRegisteredActionMapsExactRequest/snapshot_list","Output":"--- PASS: TestActionFormEveryRegisteredActionMapsExactRequest/snapshot_list (0.00s)\n","OutputType":"frame"}
{"Time":"2026-09-08T19:30:48.168084419+03:00","Action":"pass","Package":"virmill.local/core/internal/ui/tui","Test":"TestActionFormEveryRegisteredActionMapsExactRequest/snapshot_list","Elapsed":0}
{"Time":"2026-09-08T19:30:48.16810231+03:00","Action":"run","Package":"virmill.local/core/internal/ui/tui","Test":"TestActionFormEveryRegisteredActionMapsExactRequest/snapshot_show"}
{"Time":"2026-09-08T19:30:48.168104361+03:00","Action":"output","Package":"virmill.local/core/internal/ui/tui","Test":"TestActionFormEveryRegisteredActionMapsExactRequest/snapshot_show","Output":"=== RUN   TestActionFormEveryRegisteredActionMapsExactRequest/snapshot_show\n","OutputType":"frame"}
{"Time":"2026-09-08T19:30:48.168291963+03:00","Action":"output","Package":"virmill.local/core/internal/ui/tui","Test":"TestActionFormEveryRegisteredActionMapsExactRequest/snapshot_show","Output":"--- PASS: TestActionFormEveryRegisteredActionMapsExactRequest/snapshot_show (0.00s)\n","OutputType":"frame"}
{"Time":"2026-09-08T19:30:48.168301666+03:00","Action":"pass","Package":"virmill.local/core/internal/ui/tui","Test":"TestActionFormEveryRegisteredActionMapsExactRequest/snapshot_show","Elapsed":0}
{"Time":"2026-09-08T19:30:48.168311983+03:00","Action":"run","Package":"virmill.local/core/internal/ui/tui","Test":"TestActionFormEveryRegisteredActionMapsExactRequest/snapshot_restore"}
{"Time":"2026-09-08T19:30:48.168314125+03:00","Action":"output","Package":"virmill.local/core/internal/ui/tui","Test":"TestActionFormEveryRegisteredActionMapsExactRequest/snapshot_restore","Output":"=== RUN   TestActionFormEveryRegisteredActionMapsExactRequest/snapshot_restore\n","OutputType":"frame"}
{"Time":"2026-09-08T19:30:48.169164946+03:00","Action":"output","Package":"virmill.local/core/internal/ui/tui","Test":"TestActionFormEveryRegisteredActionMapsExactRequest/snapshot_restore","Output":"--- PASS: TestActionFormEveryRegisteredActionMapsExactRequest/snapshot_restore (0.00s)\n","OutputType":"frame"}
{"Time":"2026-09-08T19:30:48.169175814+03:00","Action":"pass","Package":"virmill.local/core/internal/ui/tui","Test":"TestActionFormEveryRegisteredActionMapsExactRequest/snapshot_restore","Elapsed":0}
{"Time":"2026-09-08T19:30:48.169193064+03:00","Action":"run","Package":"virmill.local/core/internal/ui/tui","Test":"TestActionFormEveryRegisteredActionMapsExactRequest/vm_boot_show"}
{"Time":"2026-09-08T19:30:48.169195328+03:00","Action":"output","Package":"virmill.local/core/internal/ui/tui","Test":"TestActionFormEveryRegisteredActionMapsExactRequest/vm_boot_show","Output":"=== RUN   TestActionFormEveryRegisteredActionMapsExactRequest/vm_boot_show\n","OutputType":"frame"}
{"Time":"2026-09-08T19:30:48.169429395+03:00","Action":"output","Package":"virmill.local/core/internal/ui/tui","Test":"TestActionFormEveryRegisteredActionMapsExactRequest/vm_boot_show","Output":"--- PASS: TestActionFormEveryRegisteredActionMapsExactRequest/vm_boot_show (0.00s)\n","OutputType":"frame"}
{"Time":"2026-09-08T19:30:48.169439988+03:00","Action":"pass","Package":"virmill.local/core/internal/ui/tui","Test":"TestActionFormEveryRegisteredActionMapsExactRequest/vm_boot_show","Elapsed":0}
{"Time":"2026-09-08T19:30:48.169458653+03:00","Action":"run","Package":"virmill.local/core/internal/ui/tui","Test":"TestActionFormEveryRegisteredActionMapsExactRequest/vm_readiness_show"}
{"Time":"2026-09-08T19:30:48.169461587+03:00","Action":"output","Package":"virmill.local/core/internal/ui/tui","Test":"TestActionFormEveryRegisteredActionMapsExactRequest/vm_readiness_show","Output":"=== RUN   TestActionFormEveryRegisteredActionMapsExactRequest/vm_readiness_show\n","OutputType":"frame"}
{"Time":"2026-09-08T19:30:48.16964293+03:00","Action":"output","Package":"virmill.local/core/internal/ui/tui","Test":"TestActionFormEveryRegisteredActionMapsExactRequest/vm_readiness_show","Output":"--- PASS: TestActionFormEveryRegisteredActionMapsExactRequest/vm_readiness_show (0.00s)\n","OutputType":"frame"}
{"Time":"2026-09-08T19:30:48.169652478+03:00","Action":"pass","Package":"virmill.local/core/internal/ui/tui","Test":"TestActionFormEveryRegisteredActionMapsExactRequest/vm_readiness_show","Elapsed":0}
{"Time":"2026-09-08T19:30:48.169666185+03:00","Action":"run","Package":"virmill.local/core/internal/ui/tui","Test":"TestActionFormEveryRegisteredActionMapsExactRequest/guest_recipe_run"}
{"Time":"2026-09-08T19:30:48.16966824+03:00","Action":"output","Package":"virmill.local/core/internal/ui/tui","Test":"TestActionFormEveryRegisteredActionMapsExactRequest/guest_recipe_run","Output":"=== RUN   TestActionFormEveryRegisteredActionMapsExactRequest/guest_recipe_run\n","OutputType":"frame"}
{"Time":"2026-09-08T19:30:48.170606661+03:00","Action":"output","Package":"virmill.local/core/internal/ui/tui","Test":"TestActionFormEveryRegisteredActionMapsExactRequest/guest_recipe_run","Output":"--- PASS: TestActionFormEveryRegisteredActionMapsExactRequest/guest_recipe_run (0.00s)\n","OutputType":"frame"}
{"Time":"2026-09-08T19:30:48.170623155+03:00","Action":"pass","Package":"virmill.local/core/internal/ui/tui","Test":"TestActionFormEveryRegisteredActionMapsExactRequest/guest_recipe_run","Elapsed":0}
{"Time":"2026-09-08T19:30:48.170634652+03:00","Action":"run","Package":"virmill.local/core/internal/ui/tui","Test":"TestActionFormEveryRegisteredActionMapsExactRequest/guest_recipe_result"}
{"Time":"2026-09-08T19:30:48.170637232+03:00","Action":"output","Package":"virmill.local/core/internal/ui/tui","Test":"TestActionFormEveryRegisteredActionMapsExactRequest/guest_recipe_result","Output":"=== RUN   TestActionFormEveryRegisteredActionMapsExactRequest/guest_recipe_result\n","OutputType":"frame"}
{"Time":"2026-09-08T19:30:48.170833024+03:00","Action":"output","Package":"virmill.local/core/internal/ui/tui","Test":"TestActionFormEveryRegisteredActionMapsExactRequest/guest_recipe_result","Output":"--- PASS: TestActionFormEveryRegisteredActionMapsExactRequest/guest_recipe_result (0.00s)\n","OutputType":"frame"}
{"Time":"2026-09-08T19:30:48.170844098+03:00","Action":"pass","Package":"virmill.local/core/internal/ui/tui","Test":"TestActionFormEveryRegisteredActionMapsExactRequest/guest_recipe_result","Elapsed":0}
{"Time":"2026-09-08T19:30:48.170855062+03:00","Action":"run","Package":"virmill.local/core/internal/ui/tui","Test":"TestActionFormEveryRegisteredActionMapsExactRequest/vm_create"}
{"Time":"2026-09-08T19:30:48.17085708+03:00","Action":"output","Package":"virmill.local/core/internal/ui/tui","Test":"TestActionFormEveryRegisteredActionMapsExactRequest/vm_create","Output":"=== RUN   TestActionFormEveryRegisteredActionMapsExactRequest/vm_create\n","OutputType":"frame"}
{"Time":"2026-09-08T19:30:48.171745572+03:00","Action":"output","Package":"virmill.local/core/internal/ui/tui","Test":"TestActionFormEveryRegisteredActionMapsExactRequest/vm_create","Output":"--- PASS: TestActionFormEveryRegisteredActionMapsExactRequest/vm_create (0.00s)\n","OutputType":"frame"}
{"Time":"2026-09-08T19:30:48.171760844+03:00","Action":"pass","Package":"virmill.local/core/internal/ui/tui","Test":"TestActionFormEveryRegisteredActionMapsExactRequest/vm_create","Elapsed":0}
{"Time":"2026-09-08T19:30:48.171776821+03:00","Action":"run","Package":"virmill.local/core/internal/ui/tui","Test":"TestActionFormEveryRegisteredActionMapsExactRequest/vm_creation_result"}
{"Time":"2026-09-08T19:30:48.171779241+03:00","Action":"output","Package":"virmill.local/core/internal/ui/tui","Test":"TestActionFormEveryRegisteredActionMapsExactRequest/vm_creation_result","Output":"=== RUN   TestActionFormEveryRegisteredActionMapsExactRequest/vm_creation_result\n","OutputType":"frame"}
{"Time":"2026-09-08T19:30:48.171990529+03:00","Action":"output","Package":"virmill.local/core/internal/ui/tui","Test":"TestActionFormEveryRegisteredActionMapsExactRequest/vm_creation_result","Output":"--- PASS: TestActionFormEveryRegisteredActionMapsExactRequest/vm_creation_result (0.00s)\n","OutputType":"frame"}
{"Time":"2026-09-08T19:30:48.172005294+03:00","Action":"pass","Package":"virmill.local/core/internal/ui/tui","Test":"TestActionFormEveryRegisteredActionMapsExactRequest/vm_creation_result","Elapsed":0}
{"Time":"2026-09-08T19:30:48.17201614+03:00","Action":"run","Package":"virmill.local/core/internal/ui/tui","Test":"TestActionFormEveryRegisteredActionMapsExactRequest/vm_creation_resume"}
{"Time":"2026-09-08T19:30:48.172018809+03:00","Action":"output","Package":"virmill.local/core/internal/ui/tui","Test":"TestActionFormEveryRegisteredActionMapsExactRequest/vm_creation_resume","Output":"=== RUN   TestActionFormEveryRegisteredActionMapsExactRequest/vm_creation_resume\n","OutputType":"frame"}
{"Time":"2026-09-08T19:30:48.172224073+03:00","Action":"output","Package":"virmill.local/core/internal/ui/tui","Test":"TestActionFormEveryRegisteredActionMapsExactRequest/vm_creation_resume","Output":"--- PASS: TestActionFormEveryRegisteredActionMapsExactRequest/vm_creation_resume (0.00s)\n","OutputType":"frame"}
{"Time":"2026-09-08T19:30:48.172232932+03:00","Action":"pass","Package":"virmill.local/core/internal/ui/tui","Test":"TestActionFormEveryRegisteredActionMapsExactRequest/vm_creation_resume","Elapsed":0}
{"Time":"2026-09-08T19:30:48.172245387+03:00","Action":"run","Package":"virmill.local/core/internal/ui/tui","Test":"TestActionFormEveryRegisteredActionMapsExactRequest/vm_creation_cleanup"}
{"Time":"2026-09-08T19:30:48.172247227+03:00","Action":"output","Package":"virmill.local/core/internal/ui/tui","Test":"TestActionFormEveryRegisteredActionMapsExactRequest/vm_creation_cleanup","Output":"=== RUN   TestActionFormEveryRegisteredActionMapsExactRequest/vm_creation_cleanup\n","OutputType":"frame"}
{"Time":"2026-09-08T19:30:48.173154403+03:00","Action":"output","Package":"virmill.local/core/internal/ui/tui","Test":"TestActionFormEveryRegisteredActionMapsExactRequest/vm_creation_cleanup","Output":"--- PASS: TestActionFormEveryRegisteredActionMapsExactRequest/vm_creation_cleanup (0.00s)\n","OutputType":"frame"}
{"Time":"2026-09-08T19:30:48.173173691+03:00","Action":"pass","Package":"virmill.local/core/internal/ui/tui","Test":"TestActionFormEveryRegisteredActionMapsExactRequest/vm_creation_cleanup","Elapsed":0}
{"Time":"2026-09-08T19:30:48.173180342+03:00","Action":"run","Package":"virmill.local/core/internal/ui/tui","Test":"TestActionFormEveryRegisteredActionMapsExactRequest/vm_creation_accept"}
{"Time":"2026-09-08T19:30:48.173183886+03:00","Action":"output","Package":"virmill.local/core/internal/ui/tui","Test":"TestActionFormEveryRegisteredActionMapsExactRequest/vm_creation_accept","Output":"=== RUN   TestActionFormEveryRegisteredActionMapsExactRequest/vm_creation_accept\n","OutputType":"frame"}
{"Time":"2026-09-08T19:30:48.174052589+03:00","Action":"output","Package":"virmill.local/core/internal/ui/tui","Test":"TestActionFormEveryRegisteredActionMapsExactRequest/vm_creation_accept","Output":"--- PASS: TestActionFormEveryRegisteredActionMapsExactRequest/vm_creation_accept (0.00s)\n","OutputType":"frame"}
{"Time":"2026-09-08T19:30:48.174063119+03:00","Action":"pass","Package":"virmill.local/core/internal/ui/tui","Test":"TestActionFormEveryRegisteredActionMapsExactRequest/vm_creation_accept","Elapsed":0}
{"Time":"2026-09-08T19:30:48.174074362+03:00","Action":"run","Package":"virmill.local/core/internal/ui/tui","Test":"TestActionFormEveryRegisteredActionMapsExactRequest/vm_start"}
{"Time":"2026-09-08T19:30:48.174076511+03:00","Action":"output","Package":"virmill.local/core/internal/ui/tui","Test":"TestActionFormEveryRegisteredActionMapsExactRequest/vm_start","Output":"=== RUN   TestActionFormEveryRegisteredActionMapsExactRequest/vm_start\n","OutputType":"frame"}
{"Time":"2026-09-08T19:30:48.174286116+03:00","Action":"output","Package":"virmill.local/core/internal/ui/tui","Test":"TestActionFormEveryRegisteredActionMapsExactRequest/vm_start","Output":"--- PASS: TestActionFormEveryRegisteredActionMapsExactRequest/vm_start (0.00s)\n","OutputType":"frame"}
{"Time":"2026-09-08T19:30:48.1742961+03:00","Action":"pass","Package":"virmill.local/core/internal/ui/tui","Test":"TestActionFormEveryRegisteredActionMapsExactRequest/vm_start","Elapsed":0}
{"Time":"2026-09-08T19:30:48.174308667+03:00","Action":"run","Package":"virmill.local/core/internal/ui/tui","Test":"TestActionFormEveryRegisteredActionMapsExactRequest/vm_stop"}
{"Time":"2026-09-08T19:30:48.174312266+03:00","Action":"output","Package":"virmill.local/core/internal/ui/tui","Test":"TestActionFormEveryRegisteredActionMapsExactRequest/vm_stop","Output":"=== RUN   TestActionFormEveryRegisteredActionMapsExactRequest/vm_stop\n","OutputType":"frame"}
{"Time":"2026-09-08T19:30:48.174519398+03:00","Action":"output","Package":"virmill.local/core/internal/ui/tui","Test":"TestActionFormEveryRegisteredActionMapsExactRequest/vm_stop","Output":"--- PASS: TestActionFormEveryRegisteredActionMapsExactRequest/vm_stop (0.00s)\n","OutputType":"frame"}
{"Time":"2026-09-08T19:30:48.174530026+03:00","Action":"pass","Package":"virmill.local/core/internal/ui/tui","Test":"TestActionFormEveryRegisteredActionMapsExactRequest/vm_stop","Elapsed":0}
{"Time":"2026-09-08T19:30:48.174552169+03:00","Action":"run","Package":"virmill.local/core/internal/ui/tui","Test":"TestActionFormEveryRegisteredActionMapsExactRequest/vm_reboot"}
{"Time":"2026-09-08T19:30:48.174554183+03:00","Action":"output","Package":"virmill.local/core/internal/ui/tui","Test":"TestActionFormEveryRegisteredActionMapsExactRequest/vm_reboot","Output":"=== RUN   TestActionFormEveryRegisteredActionMapsExactRequest/vm_reboot\n","OutputType":"frame"}
{"Time":"2026-09-08T19:30:48.174748003+03:00","Action":"output","Package":"virmill.local/core/internal/ui/tui","Test":"TestActionFormEveryRegisteredActionMapsExactRequest/vm_reboot","Output":"--- PASS: TestActionFormEveryRegisteredActionMapsExactRequest/vm_reboot (0.00s)\n","OutputType":"frame"}
{"Time":"2026-09-08T19:30:48.174757167+03:00","Action":"pass","Package":"virmill.local/core/internal/ui/tui","Test":"TestActionFormEveryRegisteredActionMapsExactRequest/vm_reboot","Elapsed":0}
{"Time":"2026-09-08T19:30:48.174768971+03:00","Action":"run","Package":"virmill.local/core/internal/ui/tui","Test":"TestActionFormEveryRegisteredActionMapsExactRequest/vm_pause"}
{"Time":"2026-09-08T19:30:48.174770798+03:00","Action":"output","Package":"virmill.local/core/internal/ui/tui","Test":"TestActionFormEveryRegisteredActionMapsExactRequest/vm_pause","Output":"=== RUN   TestActionFormEveryRegisteredActionMapsExactRequest/vm_pause\n","OutputType":"frame"}
{"Time":"2026-09-08T19:30:48.174952873+03:00","Action":"output","Package":"virmill.local/core/internal/ui/tui","Test":"TestActionFormEveryRegisteredActionMapsExactRequest/vm_pause","Output":"--- PASS: TestActionFormEveryRegisteredActionMapsExactRequest/vm_pause (0.00s)\n","OutputType":"frame"}
{"Time":"2026-09-08T19:30:48.174962064+03:00","Action":"pass","Package":"virmill.local/core/internal/ui/tui","Test":"TestActionFormEveryRegisteredActionMapsExactRequest/vm_pause","Elapsed":0}
{"Time":"2026-09-08T19:30:48.174971893+03:00","Action":"run","Package":"virmill.local/core/internal/ui/tui","Test":"TestActionFormEveryRegisteredActionMapsExactRequest/vm_resume"}
{"Time":"2026-09-08T19:30:48.17497384+03:00","Action":"output","Package":"virmill.local/core/internal/ui/tui","Test":"TestActionFormEveryRegisteredActionMapsExactRequest/vm_resume","Output":"=== RUN   TestActionFormEveryRegisteredActionMapsExactRequest/vm_resume\n","OutputType":"frame"}
{"Time":"2026-09-08T19:30:48.175163126+03:00","Action":"output","Package":"virmill.local/core/internal/ui/tui","Test":"TestActionFormEveryRegisteredActionMapsExactRequest/vm_resume","Output":"--- PASS: TestActionFormEveryRegisteredActionMapsExactRequest/vm_resume (0.00s)\n","OutputType":"frame"}
{"Time":"2026-09-08T19:30:48.175171958+03:00","Action":"pass","Package":"virmill.local/core/internal/ui/tui","Test":"TestActionFormEveryRegisteredActionMapsExactRequest/vm_resume","Elapsed":0}
{"Time":"2026-09-08T19:30:48.175180894+03:00","Action":"run","Package":"virmill.local/core/internal/ui/tui","Test":"TestActionFormEveryRegisteredActionMapsExactRequest/vm_save"}
{"Time":"2026-09-08T19:30:48.175182679+03:00","Action":"output","Package":"virmill.local/core/internal/ui/tui","Test":"TestActionFormEveryRegisteredActionMapsExactRequest/vm_save","Output":"=== RUN   TestActionFormEveryRegisteredActionMapsExactRequest/vm_save\n","OutputType":"frame"}
{"Time":"2026-09-08T19:30:48.175379395+03:00","Action":"output","Package":"virmill.local/core/internal/ui/tui","Test":"TestActionFormEveryRegisteredActionMapsExactRequest/vm_save","Output":"--- PASS: TestActionFormEveryRegisteredActionMapsExactRequest/vm_save (0.00s)\n","OutputType":"frame"}
{"Time":"2026-09-08T19:30:48.175392706+03:00","Action":"pass","Package":"virmill.local/core/internal/ui/tui","Test":"TestActionFormEveryRegisteredActionMapsExactRequest/vm_save","Elapsed":0}
{"Time":"2026-09-08T19:30:48.175414171+03:00","Action":"run","Package":"virmill.local/core/internal/ui/tui","Test":"TestActionFormEveryRegisteredActionMapsExactRequest/vm_restore-saved"}
{"Time":"2026-09-08T19:30:48.175416089+03:00","Action":"output","Package":"virmill.local/core/internal/ui/tui","Test":"TestActionFormEveryRegisteredActionMapsExactRequest/vm_restore-saved","Output":"=== RUN   TestActionFormEveryRegisteredActionMapsExactRequest/vm_restore-saved\n","OutputType":"frame"}
{"Time":"2026-09-08T19:30:48.175601215+03:00","Action":"output","Package":"virmill.local/core/internal/ui/tui","Test":"TestActionFormEveryRegisteredActionMapsExactRequest/vm_restore-saved","Output":"--- PASS: TestActionFormEveryRegisteredActionMapsExactRequest/vm_restore-saved (0.00s)\n","OutputType":"frame"}
{"Time":"2026-09-08T19:30:48.175610158+03:00","Action":"pass","Package":"virmill.local/core/internal/ui/tui","Test":"TestActionFormEveryRegisteredActionMapsExactRequest/vm_restore-saved","Elapsed":0}
{"Time":"2026-09-08T19:30:48.175622707+03:00","Action":"run","Package":"virmill.local/core/internal/ui/tui","Test":"TestActionFormEveryRegisteredActionMapsExactRequest/vm_autostart"}
{"Time":"2026-09-08T19:30:48.175624495+03:00","Action":"output","Package":"virmill.local/core/internal/ui/tui","Test":"TestActionFormEveryRegisteredActionMapsExactRequest/vm_autostart","Output":"=== RUN   TestActionFormEveryRegisteredActionMapsExactRequest/vm_autostart\n","OutputType":"frame"}
{"Time":"2026-09-08T19:30:48.176532818+03:00","Action":"output","Package":"virmill.local/core/internal/ui/tui","Test":"TestActionFormEveryRegisteredActionMapsExactRequest/vm_autostart","Output":"--- PASS: TestActionFormEveryRegisteredActionMapsExactRequest/vm_autostart (0.00s)\n","OutputType":"frame"}
{"Time":"2026-09-08T19:30:48.176546318+03:00","Action":"pass","Package":"virmill.local/core/internal/ui/tui","Test":"TestActionFormEveryRegisteredActionMapsExactRequest/vm_autostart","Elapsed":0}
{"Time":"2026-09-08T19:30:48.176562225+03:00","Action":"run","Package":"virmill.local/core/internal/ui/tui","Test":"TestActionFormEveryRegisteredActionMapsExactRequest/vm_set"}
{"Time":"2026-09-08T19:30:48.176564181+03:00","Action":"output","Package":"virmill.local/core/internal/ui/tui","Test":"TestActionFormEveryRegisteredActionMapsExactRequest/vm_set","Output":"=== RUN   TestActionFormEveryRegisteredActionMapsExactRequest/vm_set\n","OutputType":"frame"}
{"Time":"2026-09-08T19:30:48.177420115+03:00","Action":"output","Package":"virmill.local/core/internal/ui/tui","Test":"TestActionFormEveryRegisteredActionMapsExactRequest/vm_set","Output":"--- PASS: TestActionFormEveryRegisteredActionMapsExactRequest/vm_set (0.00s)\n","OutputType":"frame"}
{"Time":"2026-09-08T19:30:48.17743401+03:00","Action":"pass","Package":"virmill.local/core/internal/ui/tui","Test":"TestActionFormEveryRegisteredActionMapsExactRequest/vm_set","Elapsed":0}
{"Time":"2026-09-08T19:30:48.177451497+03:00","Action":"run","Package":"virmill.local/core/internal/ui/tui","Test":"TestActionFormEveryRegisteredActionMapsExactRequest/import_inspect"}
{"Time":"2026-09-08T19:30:48.177453688+03:00","Action":"output","Package":"virmill.local/core/internal/ui/tui","Test":"TestActionFormEveryRegisteredActionMapsExactRequest/import_inspect","Output":"=== RUN   TestActionFormEveryRegisteredActionMapsExactRequest/import_inspect\n","OutputType":"frame"}
{"Time":"2026-09-08T19:30:48.177691913+03:00","Action":"output","Package":"virmill.local/core/internal/ui/tui","Test":"TestActionFormEveryRegisteredActionMapsExactRequest/import_inspect","Output":"--- PASS: TestActionFormEveryRegisteredActionMapsExactRequest/import_inspect (0.00s)\n","OutputType":"frame"}
{"Time":"2026-09-08T19:30:48.17770669+03:00","Action":"pass","Package":"virmill.local/core/internal/ui/tui","Test":"TestActionFormEveryRegisteredActionMapsExactRequest/import_inspect","Elapsed":0}
{"Time":"2026-09-08T19:30:48.17772887+03:00","Action":"run","Package":"virmill.local/core/internal/ui/tui","Test":"TestActionFormEveryRegisteredActionMapsExactRequest/import_prepare"}
{"Time":"2026-09-08T19:30:48.177731291+03:00","Action":"output","Package":"virmill.local/core/internal/ui/tui","Test":"TestActionFormEveryRegisteredActionMapsExactRequest/import_prepare","Output":"=== RUN   TestActionFormEveryRegisteredActionMapsExactRequest/import_prepare\n","OutputType":"frame"}
{"Time":"2026-09-08T19:30:48.17865934+03:00","Action":"output","Package":"virmill.local/core/internal/ui/tui","Test":"TestActionFormEveryRegisteredActionMapsExactRequest/import_prepare","Output":"--- PASS: TestActionFormEveryRegisteredActionMapsExactRequest/import_prepare (0.00s)\n","OutputType":"frame"}
{"Time":"2026-09-08T19:30:48.178672198+03:00","Action":"pass","Package":"virmill.local/core/internal/ui/tui","Test":"TestActionFormEveryRegisteredActionMapsExactRequest/import_prepare","Elapsed":0}
{"Time":"2026-09-08T19:30:48.178690213+03:00","Action":"run","Package":"virmill.local/core/internal/ui/tui","Test":"TestActionFormEveryRegisteredActionMapsExactRequest/import_prepare-disks"}
{"Time":"2026-09-08T19:30:48.178692497+03:00","Action":"output","Package":"virmill.local/core/internal/ui/tui","Test":"TestActionFormEveryRegisteredActionMapsExactRequest/import_prepare-disks","Output":"=== RUN   TestActionFormEveryRegisteredActionMapsExactRequest/import_prepare-disks\n","OutputType":"frame"}
{"Time":"2026-09-08T19:30:48.179602088+03:00","Action":"output","Package":"virmill.local/core/internal/ui/tui","Test":"TestActionFormEveryRegisteredActionMapsExactRequest/import_prepare-disks","Output":"--- PASS: TestActionFormEveryRegisteredActionMapsExactRequest/import_prepare-disks (0.00s)\n","OutputType":"frame"}
{"Time":"2026-09-08T19:30:48.17960904+03:00","Action":"pass","Package":"virmill.local/core/internal/ui/tui","Test":"TestActionFormEveryRegisteredActionMapsExactRequest/import_prepare-disks","Elapsed":0}
{"Time":"2026-09-08T19:30:48.179626939+03:00","Action":"run","Package":"virmill.local/core/internal/ui/tui","Test":"TestActionFormEveryRegisteredActionMapsExactRequest/import_prepare-install"}
{"Time":"2026-09-08T19:30:48.179629389+03:00","Action":"output","Package":"virmill.local/core/internal/ui/tui","Test":"TestActionFormEveryRegisteredActionMapsExactRequest/import_prepare-install","Output":"=== RUN   TestActionFormEveryRegisteredActionMapsExactRequest/import_prepare-install\n","OutputType":"frame"}
{"Time":"2026-09-08T19:30:48.180706482+03:00","Action":"output","Package":"virmill.local/core/internal/ui/tui","Test":"TestActionFormEveryRegisteredActionMapsExactRequest/import_prepare-install","Output":"--- PASS: TestActionFormEveryRegisteredActionMapsExactRequest/import_prepare-install (0.00s)\n","OutputType":"frame"}
{"Time":"2026-09-08T19:30:48.180715964+03:00","Action":"pass","Package":"virmill.local/core/internal/ui/tui","Test":"TestActionFormEveryRegisteredActionMapsExactRequest/import_prepare-install","Elapsed":0}
{"Time":"2026-09-08T19:30:48.180733523+03:00","Action":"run","Package":"virmill.local/core/internal/ui/tui","Test":"TestActionFormEveryRegisteredActionMapsExactRequest/import_result"}
{"Time":"2026-09-08T19:30:48.180735983+03:00","Action":"output","Package":"virmill.local/core/internal/ui/tui","Test":"TestActionFormEveryRegisteredActionMapsExactRequest/import_result","Output":"=== RUN   TestActionFormEveryRegisteredActionMapsExactRequest/import_result\n","OutputType":"frame"}
{"Time":"2026-09-08T19:30:48.18095378+03:00","Action":"output","Package":"virmill.local/core/internal/ui/tui","Test":"TestActionFormEveryRegisteredActionMapsExactRequest/import_result","Output":"--- PASS: TestActionFormEveryRegisteredActionMapsExactRequest/import_result (0.00s)\n","OutputType":"frame"}
{"Time":"2026-09-08T19:30:48.180963488+03:00","Action":"pass","Package":"virmill.local/core/internal/ui/tui","Test":"TestActionFormEveryRegisteredActionMapsExactRequest/import_result","Elapsed":0}
{"Time":"2026-09-08T19:30:48.180985082+03:00","Action":"run","Package":"virmill.local/core/internal/ui/tui","Test":"TestActionFormEveryRegisteredActionMapsExactRequest/import_verify"}
{"Time":"2026-09-08T19:30:48.1809874+03:00","Action":"output","Package":"virmill.local/core/internal/ui/tui","Test":"TestActionFormEveryRegisteredActionMapsExactRequest/import_verify","Output":"=== RUN   TestActionFormEveryRegisteredActionMapsExactRequest/import_verify\n","OutputType":"frame"}
{"Time":"2026-09-08T19:30:48.1812205+03:00","Action":"output","Package":"virmill.local/core/internal/ui/tui","Test":"TestActionFormEveryRegisteredActionMapsExactRequest/import_verify","Output":"--- PASS: TestActionFormEveryRegisteredActionMapsExactRequest/import_verify (0.00s)\n","OutputType":"frame"}
{"Time":"2026-09-08T19:30:48.181225963+03:00","Action":"pass","Package":"virmill.local/core/internal/ui/tui","Test":"TestActionFormEveryRegisteredActionMapsExactRequest/import_verify","Elapsed":0}
{"Time":"2026-09-08T19:30:48.181239522+03:00","Action":"run","Package":"virmill.local/core/internal/ui/tui","Test":"TestActionFormEveryRegisteredActionMapsExactRequest/lab_validate"}
{"Time":"2026-09-08T19:30:48.181241923+03:00","Action":"output","Package":"virmill.local/core/internal/ui/tui","Test":"TestActionFormEveryRegisteredActionMapsExactRequest/lab_validate","Output":"=== RUN   TestActionFormEveryRegisteredActionMapsExactRequest/lab_validate\n","OutputType":"frame"}
{"Time":"2026-09-08T19:30:48.181471328+03:00","Action":"output","Package":"virmill.local/core/internal/ui/tui","Test":"TestActionFormEveryRegisteredActionMapsExactRequest/lab_validate","Output":"--- PASS: TestActionFormEveryRegisteredActionMapsExactRequest/lab_validate (0.00s)\n","OutputType":"frame"}
{"Time":"2026-09-08T19:30:48.181477083+03:00","Action":"pass","Package":"virmill.local/core/internal/ui/tui","Test":"TestActionFormEveryRegisteredActionMapsExactRequest/lab_validate","Elapsed":0}
{"Time":"2026-09-08T19:30:48.181493778+03:00","Action":"run","Package":"virmill.local/core/internal/ui/tui","Test":"TestActionFormEveryRegisteredActionMapsExactRequest/config_validate"}
{"Time":"2026-09-08T19:30:48.18149654+03:00","Action":"output","Package":"virmill.local/core/internal/ui/tui","Test":"TestActionFormEveryRegisteredActionMapsExactRequest/config_validate","Output":"=== RUN   TestActionFormEveryRegisteredActionMapsExactRequest/config_validate\n","OutputType":"frame"}
{"Time":"2026-09-08T19:30:48.181722764+03:00","Action":"output","Package":"virmill.local/core/internal/ui/tui","Test":"TestActionFormEveryRegisteredActionMapsExactRequest/config_validate","Output":"--- PASS: TestActionFormEveryRegisteredActionMapsExactRequest/config_validate (0.00s)\n","OutputType":"frame"}
{"Time":"2026-09-08T19:30:48.181734547+03:00","Action":"pass","Package":"virmill.local/core/internal/ui/tui","Test":"TestActionFormEveryRegisteredActionMapsExactRequest/config_validate","Elapsed":0}
{"Time":"2026-09-08T19:30:48.18174344+03:00","Action":"run","Package":"virmill.local/core/internal/ui/tui","Test":"TestActionFormEveryRegisteredActionMapsExactRequest/backup_policy_validate"}
{"Time":"2026-09-08T19:30:48.181745455+03:00","Action":"output","Package":"virmill.local/core/internal/ui/tui","Test":"TestActionFormEveryRegisteredActionMapsExactRequest/backup_policy_validate","Output":"=== RUN   TestActionFormEveryRegisteredActionMapsExactRequest/backup_policy_validate\n","OutputType":"frame"}
{"Time":"2026-09-08T19:30:48.18197099+03:00","Action":"output","Package":"virmill.local/core/internal/ui/tui","Test":"TestActionFormEveryRegisteredActionMapsExactRequest/backup_policy_validate","Output":"--- PASS: TestActionFormEveryRegisteredActionMapsExactRequest/backup_policy_validate (0.00s)\n","OutputType":"frame"}
{"Time":"2026-09-08T19:30:48.181975121+03:00","Action":"pass","Package":"virmill.local/core/internal/ui/tui","Test":"TestActionFormEveryRegisteredActionMapsExactRequest/backup_policy_validate","Elapsed":0}
{"Time":"2026-09-08T19:30:48.181991096+03:00","Action":"run","Package":"virmill.local/core/internal/ui/tui","Test":"TestActionFormEveryRegisteredActionMapsExactRequest/backup_repository_init"}
{"Time":"2026-09-08T19:30:48.181993274+03:00","Action":"output","Package":"virmill.local/core/internal/ui/tui","Test":"TestActionFormEveryRegisteredActionMapsExactRequest/backup_repository_init","Output":"=== RUN   TestActionFormEveryRegisteredActionMapsExactRequest/backup_repository_init\n","OutputType":"frame"}
{"Time":"2026-09-08T19:30:48.182937868+03:00","Action":"output","Package":"virmill.local/core/internal/ui/tui","Test":"TestActionFormEveryRegisteredActionMapsExactRequest/backup_repository_init","Output":"--- PASS: TestActionFormEveryRegisteredActionMapsExactRequest/backup_repository_init (0.00s)\n","OutputType":"frame"}
{"Time":"2026-09-08T19:30:48.18294441+03:00","Action":"pass","Package":"virmill.local/core/internal/ui/tui","Test":"TestActionFormEveryRegisteredActionMapsExactRequest/backup_repository_init","Elapsed":0}
{"Time":"2026-09-08T19:30:48.182961055+03:00","Action":"run","Package":"virmill.local/core/internal/ui/tui","Test":"TestActionFormEveryRegisteredActionMapsExactRequest/backup_repository_check"}
{"Time":"2026-09-08T19:30:48.182963294+03:00","Action":"output","Package":"virmill.local/core/internal/ui/tui","Test":"TestActionFormEveryRegisteredActionMapsExactRequest/backup_repository_check","Output":"=== RUN   TestActionFormEveryRegisteredActionMapsExactRequest/backup_repository_check\n","OutputType":"frame"}
{"Time":"2026-09-08T19:30:48.183898216+03:00","Action":"output","Package":"virmill.local/core/internal/ui/tui","Test":"TestActionFormEveryRegisteredActionMapsExactRequest/backup_repository_check","Output":"--- PASS: TestActionFormEveryRegisteredActionMapsExactRequest/backup_repository_check (0.00s)\n","OutputType":"frame"}
{"Time":"2026-09-08T19:30:48.183910342+03:00","Action":"pass","Package":"virmill.local/core/internal/ui/tui","Test":"TestActionFormEveryRegisteredActionMapsExactRequest/backup_repository_check","Elapsed":0}
{"Time":"2026-09-08T19:30:48.183917429+03:00","Action":"run","Package":"virmill.local/core/internal/ui/tui","Test":"TestActionFormEveryRegisteredActionMapsExactRequest/backup_create"}
{"Time":"2026-09-08T19:30:48.183918981+03:00","Action":"output","Package":"virmill.local/core/internal/ui/tui","Test":"TestActionFormEveryRegisteredActionMapsExactRequest/backup_create","Output":"=== RUN   TestActionFormEveryRegisteredActionMapsExactRequest/backup_create\n","OutputType":"frame"}
{"Time":"2026-09-08T19:30:48.184829851+03:00","Action":"output","Package":"virmill.local/core/internal/ui/tui","Test":"TestActionFormEveryRegisteredActionMapsExactRequest/backup_create","Output":"--- PASS: TestActionFormEveryRegisteredActionMapsExactRequest/backup_create (0.00s)\n","OutputType":"frame"}
{"Time":"2026-09-08T19:30:48.184840178+03:00","Action":"pass","Package":"virmill.local/core/internal/ui/tui","Test":"TestActionFormEveryRegisteredActionMapsExactRequest/backup_create","Elapsed":0}
{"Time":"2026-09-08T19:30:48.184851742+03:00","Action":"run","Package":"virmill.local/core/internal/ui/tui","Test":"TestActionFormEveryRegisteredActionMapsExactRequest/backup_restore"}
{"Time":"2026-09-08T19:30:48.184853721+03:00","Action":"output","Package":"virmill.local/core/internal/ui/tui","Test":"TestActionFormEveryRegisteredActionMapsExactRequest/backup_restore","Output":"=== RUN   TestActionFormEveryRegisteredActionMapsExactRequest/backup_restore\n","OutputType":"frame"}
{"Time":"2026-09-08T19:30:48.18525739+03:00","Action":"run","Package":"virmill.local/core/internal/ui/cli","Test":"TestAuxiliaryCLIMachineOutputPreservesSharedReadOnlyObservation"}
{"Time":"2026-09-08T19:30:48.185273822+03:00","Action":"output","Package":"virmill.local/core/internal/ui/cli","Test":"TestAuxiliaryCLIMachineOutputPreservesSharedReadOnlyObservation","Output":"=== RUN   TestAuxiliaryCLIMachineOutputPreservesSharedReadOnlyObservation\n","OutputType":"frame"}
{"Time":"2026-09-08T19:30:48.185751814+03:00","Action":"output","Package":"virmill.local/core/internal/ui/tui","Test":"TestActionFormEveryRegisteredActionMapsExactRequest/backup_restore","Output":"--- PASS: TestActionFormEveryRegisteredActionMapsExactRequest/backup_restore (0.00s)\n","OutputType":"frame"}
{"Time":"2026-09-08T19:30:48.185767475+03:00","Action":"pass","Package":"virmill.local/core/internal/ui/tui","Test":"TestActionFormEveryRegisteredActionMapsExactRequest/backup_restore","Elapsed":0}
{"Time":"2026-09-08T19:30:48.185780001+03:00","Action":"run","Package":"virmill.local/core/internal/ui/tui","Test":"TestActionFormEveryRegisteredActionMapsExactRequest/backup_result"}
{"Time":"2026-09-08T19:30:48.185782511+03:00","Action":"output","Package":"virmill.local/core/internal/ui/tui","Test":"TestActionFormEveryRegisteredActionMapsExactRequest/backup_result","Output":"=== RUN   TestActionFormEveryRegisteredActionMapsExactRequest/backup_result\n","OutputType":"frame"}
{"Time":"2026-09-08T19:30:48.18580641+03:00","Action":"run","Package":"virmill.local/core/internal/ui/cli","Test":"TestAuxiliaryCLIMachineOutputPreservesSharedReadOnlyObservation/json"}
{"Time":"2026-09-08T19:30:48.185808527+03:00","Action":"output","Package":"virmill.local/core/internal/ui/cli","Test":"TestAuxiliaryCLIMachineOutputPreservesSharedReadOnlyObservation/json","Output":"=== RUN   TestAuxiliaryCLIMachineOutputPreservesSharedReadOnlyObservation/json\n","OutputType":"frame"}
{"Time":"2026-09-08T19:30:48.186011436+03:00","Action":"output","Package":"virmill.local/core/internal/ui/tui","Test":"TestActionFormEveryRegisteredActionMapsExactRequest/backup_result","Output":"--- PASS: TestActionFormEveryRegisteredActionMapsExactRequest/backup_result (0.00s)\n","OutputType":"frame"}
{"Time":"2026-09-08T19:30:48.186019241+03:00","Action":"pass","Package":"virmill.local/core/internal/ui/tui","Test":"TestActionFormEveryRegisteredActionMapsExactRequest/backup_result","Elapsed":0}
{"Time":"2026-09-08T19:30:48.186032903+03:00","Action":"run","Package":"virmill.local/core/internal/ui/tui","Test":"TestActionFormEveryRegisteredActionMapsExactRequest/backup_policy_preview"}
{"Time":"2026-09-08T19:30:48.186034963+03:00","Action":"output","Package":"virmill.local/core/internal/ui/tui","Test":"TestActionFormEveryRegisteredActionMapsExactRequest/backup_policy_preview","Output":"=== RUN   TestActionFormEveryRegisteredActionMapsExactRequest/backup_policy_preview\n","OutputType":"frame"}
{"Time":"2026-09-08T19:30:48.186950575+03:00","Action":"output","Package":"virmill.local/core/internal/ui/tui","Test":"TestActionFormEveryRegisteredActionMapsExactRequest/backup_policy_preview","Output":"--- PASS: TestActionFormEveryRegisteredActionMapsExactRequest/backup_policy_preview (0.00s)\n","OutputType":"frame"}
{"Time":"2026-09-08T19:30:48.186963255+03:00","Action":"pass","Package":"virmill.local/core/internal/ui/tui","Test":"TestActionFormEveryRegisteredActionMapsExactRequest/backup_policy_preview","Elapsed":0}
{"Time":"2026-09-08T19:30:48.186981722+03:00","Action":"run","Package":"virmill.local/core/internal/ui/tui","Test":"TestActionFormEveryRegisteredActionMapsExactRequest/backup_verify-manifest"}
{"Time":"2026-09-08T19:30:48.186984099+03:00","Action":"output","Package":"virmill.local/core/internal/ui/tui","Test":"TestActionFormEveryRegisteredActionMapsExactRequest/backup_verify-manifest","Output":"=== RUN   TestActionFormEveryRegisteredActionMapsExactRequest/backup_verify-manifest\n","OutputType":"frame"}
{"Time":"2026-09-08T19:30:48.187906941+03:00","Action":"output","Package":"virmill.local/core/internal/ui/tui","Test":"TestActionFormEveryRegisteredActionMapsExactRequest/backup_verify-manifest","Output":"--- PASS: TestActionFormEveryRegisteredActionMapsExactRequest/backup_verify-manifest (0.00s)\n","OutputType":"frame"}
{"Time":"2026-09-08T19:30:48.187920874+03:00","Action":"pass","Package":"virmill.local/core/internal/ui/tui","Test":"TestActionFormEveryRegisteredActionMapsExactRequest/backup_verify-manifest","Elapsed":0}
{"Time":"2026-09-08T19:30:48.187938368+03:00","Action":"run","Package":"virmill.local/core/internal/ui/tui","Test":"TestActionFormEveryRegisteredActionMapsExactRequest/operation_list"}
{"Time":"2026-09-08T19:30:48.187942963+03:00","Action":"output","Package":"virmill.local/core/internal/ui/tui","Test":"TestActionFormEveryRegisteredActionMapsExactRequest/operation_list","Output":"=== RUN   TestActionFormEveryRegisteredActionMapsExactRequest/operation_list\n","OutputType":"frame"}
{"Time":"2026-09-08T19:30:48.188132272+03:00","Action":"output","Package":"virmill.local/core/internal/ui/tui","Test":"TestActionFormEveryRegisteredActionMapsExactRequest/operation_list","Output":"--- PASS: TestActionFormEveryRegisteredActionMapsExactRequest/operation_list (0.00s)\n","OutputType":"frame"}
{"Time":"2026-09-08T19:30:48.188146613+03:00","Action":"pass","Package":"virmill.local/core/internal/ui/tui","Test":"TestActionFormEveryRegisteredActionMapsExactRequest/operation_list","Elapsed":0}
{"Time":"2026-09-08T19:30:48.18816299+03:00","Action":"run","Package":"virmill.local/core/internal/ui/tui","Test":"TestActionFormEveryRegisteredActionMapsExactRequest/operation_show"}
{"Time":"2026-09-08T19:30:48.188164973+03:00","Action":"output","Package":"virmill.local/core/internal/ui/tui","Test":"TestActionFormEveryRegisteredActionMapsExactRequest/operation_show","Output":"=== RUN   TestActionFormEveryRegisteredActionMapsExactRequest/operation_show\n","OutputType":"frame"}
{"Time":"2026-09-08T19:30:48.188396384+03:00","Action":"output","Package":"virmill.local/core/internal/ui/tui","Test":"TestActionFormEveryRegisteredActionMapsExactRequest/operation_show","Output":"--- PASS: TestActionFormEveryRegisteredActionMapsExactRequest/operation_show (0.00s)\n","OutputType":"frame"}
{"Time":"2026-09-08T19:30:48.18841136+03:00","Action":"pass","Package":"virmill.local/core/internal/ui/tui","Test":"TestActionFormEveryRegisteredActionMapsExactRequest/operation_show","Elapsed":0}
{"Time":"2026-09-08T19:30:48.188421087+03:00","Action":"run","Package":"virmill.local/core/internal/ui/tui","Test":"TestActionFormEveryRegisteredActionMapsExactRequest/operation_watch"}
{"Time":"2026-09-08T19:30:48.188423072+03:00","Action":"output","Package":"virmill.local/core/internal/ui/tui","Test":"TestActionFormEveryRegisteredActionMapsExactRequest/operation_watch","Output":"=== RUN   TestActionFormEveryRegisteredActionMapsExactRequest/operation_watch\n","OutputType":"frame"}
{"Time":"2026-09-08T19:30:48.188662036+03:00","Action":"output","Package":"virmill.local/core/internal/ui/tui","Test":"TestActionFormEveryRegisteredActionMapsExactRequest/operation_watch","Output":"--- PASS: TestActionFormEveryRegisteredActionMapsExactRequest/operation_watch (0.00s)\n","OutputType":"frame"}
{"Time":"2026-09-08T19:30:48.188671654+03:00","Action":"pass","Package":"virmill.local/core/internal/ui/tui","Test":"TestActionFormEveryRegisteredActionMapsExactRequest/operation_watch","Elapsed":0}
{"Time":"2026-09-08T19:30:48.188683079+03:00","Action":"run","Package":"virmill.local/core/internal/ui/tui","Test":"TestActionFormEveryRegisteredActionMapsExactRequest/operation_cancel"}
{"Time":"2026-09-08T19:30:48.188685107+03:00","Action":"output","Package":"virmill.local/core/internal/ui/tui","Test":"TestActionFormEveryRegisteredActionMapsExactRequest/operation_cancel","Output":"=== RUN   TestActionFormEveryRegisteredActionMapsExactRequest/operation_cancel\n","OutputType":"frame"}
{"Time":"2026-09-08T19:30:48.188895836+03:00","Action":"output","Package":"virmill.local/core/internal/ui/tui","Test":"TestActionFormEveryRegisteredActionMapsExactRequest/operation_cancel","Output":"--- PASS: TestActionFormEveryRegisteredActionMapsExactRequest/operation_cancel (0.00s)\n","OutputType":"frame"}
{"Time":"2026-09-08T19:30:48.188905415+03:00","Action":"pass","Package":"virmill.local/core/internal/ui/tui","Test":"TestActionFormEveryRegisteredActionMapsExactRequest/operation_cancel","Elapsed":0}
{"Time":"2026-09-08T19:30:48.188916981+03:00","Action":"run","Package":"virmill.local/core/internal/ui/tui","Test":"TestActionFormEveryRegisteredActionMapsExactRequest/operation_reconcile"}
{"Time":"2026-09-08T19:30:48.188918826+03:00","Action":"output","Package":"virmill.local/core/internal/ui/tui","Test":"TestActionFormEveryRegisteredActionMapsExactRequest/operation_reconcile","Output":"=== RUN   TestActionFormEveryRegisteredActionMapsExactRequest/operation_reconcile\n","OutputType":"frame"}
{"Time":"2026-09-08T19:30:48.189125299+03:00","Action":"output","Package":"virmill.local/core/internal/ui/tui","Test":"TestActionFormEveryRegisteredActionMapsExactRequest/operation_reconcile","Output":"--- PASS: TestActionFormEveryRegisteredActionMapsExactRequest/operation_reconcile (0.00s)\n","OutputType":"frame"}
{"Time":"2026-09-08T19:30:48.189132878+03:00","Action":"pass","Package":"virmill.local/core/internal/ui/tui","Test":"TestActionFormEveryRegisteredActionMapsExactRequest/operation_reconcile","Elapsed":0}
{"Time":"2026-09-08T19:30:48.189143178+03:00","Action":"run","Package":"virmill.local/core/internal/ui/tui","Test":"TestActionFormEveryRegisteredActionMapsExactRequest/plan_show"}
{"Time":"2026-09-08T19:30:48.189145296+03:00","Action":"output","Package":"virmill.local/core/internal/ui/tui","Test":"TestActionFormEveryRegisteredActionMapsExactRequest/plan_show","Output":"=== RUN   TestActionFormEveryRegisteredActionMapsExactRequest/plan_show\n","OutputType":"frame"}
{"Time":"2026-09-08T19:30:48.189351275+03:00","Action":"output","Package":"virmill.local/core/internal/ui/tui","Test":"TestActionFormEveryRegisteredActionMapsExactRequest/plan_show","Output":"--- PASS: TestActionFormEveryRegisteredActionMapsExactRequest/plan_show (0.00s)\n","OutputType":"frame"}
{"Time":"2026-09-08T19:30:48.189362846+03:00","Action":"pass","Package":"virmill.local/core/internal/ui/tui","Test":"TestActionFormEveryRegisteredActionMapsExactRequest/plan_show","Elapsed":0}
{"Time":"2026-09-08T19:30:48.18949089+03:00","Action":"output","Package":"virmill.local/core/internal/ui/tui","Test":"TestActionFormEveryRegisteredActionMapsExactRequest","Output":"--- PASS: TestActionFormEveryRegisteredActionMapsExactRequest (0.04s)\n","OutputType":"frame"}
{"Time":"2026-09-08T19:30:48.189505299+03:00","Action":"pass","Package":"virmill.local/core/internal/ui/tui","Test":"TestActionFormEveryRegisteredActionMapsExactRequest","Elapsed":0.04}
{"Time":"2026-09-08T19:30:48.189519351+03:00","Action":"run","Package":"virmill.local/core/internal/ui/tui","Test":"TestActionFormPrimaryIDNeverPrefillsPathOrParameters"}
{"Time":"2026-09-08T19:30:48.189521505+03:00","Action":"output","Package":"virmill.local/core/internal/ui/tui","Test":"TestActionFormPrimaryIDNeverPrefillsPathOrParameters","Output":"=== RUN   TestActionFormPrimaryIDNeverPrefillsPathOrParameters\n","OutputType":"frame"}
{"Time":"2026-09-08T19:30:48.189603486+03:00","Action":"output","Package":"virmill.local/core/internal/ui/tui","Test":"TestActionFormPrimaryIDNeverPrefillsPathOrParameters","Output":"--- PASS: TestActionFormPrimaryIDNeverPrefillsPathOrParameters (0.00s)\n","OutputType":"frame"}
{"Time":"2026-09-08T19:30:48.189612332+03:00","Action":"pass","Package":"virmill.local/core/internal/ui/tui","Test":"TestActionFormPrimaryIDNeverPrefillsPathOrParameters","Elapsed":0}
{"Time":"2026-09-08T19:30:48.189620786+03:00","Action":"run","Package":"virmill.local/core/internal/ui/tui","Test":"TestActionFormOptionalParametersAndExplicitCompoundArguments"}
{"Time":"2026-09-08T19:30:48.189622652+03:00","Action":"output","Package":"virmill.local/core/internal/ui/tui","Test":"TestActionFormOptionalParametersAndExplicitCompoundArguments","Output":"=== RUN   TestActionFormOptionalParametersAndExplicitCompoundArguments\n","OutputType":"frame"}
{"Time":"2026-09-08T19:30:48.189791771+03:00","Action":"output","Package":"virmill.local/core/internal/ui/tui","Test":"TestActionFormOptionalParametersAndExplicitCompoundArguments","Output":"--- PASS: TestActionFormOptionalParametersAndExplicitCompoundArguments (0.00s)\n","OutputType":"frame"}
{"Time":"2026-09-08T19:30:48.189796561+03:00","Action":"pass","Package":"virmill.local/core/internal/ui/tui","Test":"TestActionFormOptionalParametersAndExplicitCompoundArguments","Elapsed":0}
{"Time":"2026-09-08T19:30:48.189809858+03:00","Action":"run","Package":"virmill.local/core/internal/ui/tui","Test":"TestActionFormBadParametersRefusedWithoutSuccessfulRequest"}
{"Time":"2026-09-08T19:30:48.189812144+03:00","Action":"output","Package":"virmill.local/core/internal/ui/tui","Test":"TestActionFormBadParametersRefusedWithoutSuccessfulRequest","Output":"=== RUN   TestActionFormBadParametersRefusedWithoutSuccessfulRequest\n","OutputType":"frame"}
{"Time":"2026-09-08T19:30:48.196889398+03:00","Action":"output","Package":"virmill.local/core/internal/ui/tui","Test":"TestActionFormBadParametersRefusedWithoutSuccessfulRequest","Output":"--- PASS: TestActionFormBadParametersRefusedWithoutSuccessfulRequest (0.01s)\n","OutputType":"frame"}
{"Time":"2026-09-08T19:30:48.196909587+03:00","Action":"pass","Package":"virmill.local/core/internal/ui/tui","Test":"TestActionFormBadParametersRefusedWithoutSuccessfulRequest","Elapsed":0.01}
{"Time":"2026-09-08T19:30:48.196915232+03:00","Action":"run","Package":"virmill.local/core/internal/ui/tui","Test":"TestActionFormMissingBadFieldsAndCancel"}
{"Time":"2026-09-08T19:30:48.196916904+03:00","Action":"output","Package":"virmill.local/core/internal/ui/tui","Test":"TestActionFormMissingBadFieldsAndCancel","Output":"=== RUN   TestActionFormMissingBadFieldsAndCancel\n","OutputType":"frame"}
{"Time":"2026-09-08T19:30:48.19696008+03:00","Action":"run","Package":"virmill.local/core/internal/ui/tui","Test":"TestActionFormMissingBadFieldsAndCancel/vm_show/id/"}
{"Time":"2026-09-08T19:30:48.196962788+03:00","Action":"output","Package":"virmill.local/core/internal/ui/tui","Test":"TestActionFormMissingBadFieldsAndCancel/vm_show/id/","Output":"=== RUN   TestActionFormMissingBadFieldsAndCancel/vm_show/id/\n","OutputType":"frame"}
{"Time":"2026-09-08T19:30:48.197026373+03:00","Action":"output","Package":"virmill.local/core/internal/ui/tui","Test":"TestActionFormMissingBadFieldsAndCancel/vm_show/id/","Output":"--- PASS: TestActionFormMissingBadFieldsAndCancel/vm_show/id/ (0.00s)\n","OutputType":"frame"}
{"Time":"2026-09-08T19:30:48.197036912+03:00","Action":"pass","Package":"virmill.local/core/internal/ui/tui","Test":"TestActionFormMissingBadFieldsAndCancel/vm_show/id/","Elapsed":0}
{"Time":"2026-09-08T19:30:48.197049322+03:00","Action":"run","Package":"virmill.local/core/internal/ui/tui","Test":"TestActionFormMissingBadFieldsAndCancel/vm_show/id/_padded_"}
{"Time":"2026-09-08T19:30:48.197051285+03:00","Action":"output","Package":"virmill.local/core/internal/ui/tui","Test":"TestActionFormMissingBadFieldsAndCancel/vm_show/id/_padded_","Output":"=== RUN   TestActionFormMissingBadFieldsAndCancel/vm_show/id/_padded_\n","OutputType":"frame"}
{"Time":"2026-09-08T19:30:48.197105781+03:00","Action":"output","Package":"virmill.local/core/internal/ui/tui","Test":"TestActionFormMissingBadFieldsAndCancel/vm_show/id/_padded_","Output":"--- PASS: TestActionFormMissingBadFieldsAndCancel/vm_show/id/_padded_ (0.00s)\n","OutputType":"frame"}
{"Time":"2026-09-08T19:30:48.197115613+03:00","Action":"pass","Package":"virmill.local/core/internal/ui/tui","Test":"TestActionFormMissingBadFieldsAndCancel/vm_show/id/_padded_","Elapsed":0}
{"Time":"2026-09-08T19:30:48.197125151+03:00","Action":"run","Package":"virmill.local/core/internal/ui/tui","Test":"TestActionFormMissingBadFieldsAndCancel/network_create/path/"}
{"Time":"2026-09-08T19:30:48.197127158+03:00","Action":"output","Package":"virmill.local/core/internal/ui/tui","Test":"TestActionFormMissingBadFieldsAndCancel/network_create/path/","Output":"=== RUN   TestActionFormMissingBadFieldsAndCancel/network_create/path/\n","OutputType":"frame"}
{"Time":"2026-09-08T19:30:48.197179941+03:00","Action":"output","Package":"virmill.local/core/internal/ui/tui","Test":"TestActionFormMissingBadFieldsAndCancel/network_create/path/","Output":"--- PASS: TestActionFormMissingBadFieldsAndCancel/network_create/path/ (0.00s)\n","OutputType":"frame"}
{"Time":"2026-09-08T19:30:48.197183149+03:00","Action":"pass","Package":"virmill.local/core/internal/ui/tui","Test":"TestActionFormMissingBadFieldsAndCancel/network_create/path/","Elapsed":0}
{"Time":"2026-09-08T19:30:48.197197966+03:00","Action":"run","Package":"virmill.local/core/internal/ui/tui","Test":"TestActionFormMissingBadFieldsAndCancel/network_create/path/relative.yaml"}
{"Time":"2026-09-08T19:30:48.197200138+03:00","Action":"output","Package":"virmill.local/core/internal/ui/tui","Test":"TestActionFormMissingBadFieldsAndCancel/network_create/path/relative.yaml","Output":"=== RUN   TestActionFormMissingBadFieldsAndCancel/network_create/path/relative.yaml\n","OutputType":"frame"}
{"Time":"2026-09-08T19:30:48.197249465+03:00","Action":"output","Package":"virmill.local/core/internal/ui/tui","Test":"TestActionFormMissingBadFieldsAndCancel/network_create/path/relative.yaml","Output":"--- PASS: TestActionFormMissingBadFieldsAndCancel/network_create/path/relative.yaml (0.00s)\n","OutputType":"frame"}
{"Time":"2026-09-08T19:30:48.197258404+03:00","Action":"pass","Package":"virmill.local/core/internal/ui/tui","Test":"TestActionFormMissingBadFieldsAndCancel/network_create/path/relative.yaml","Elapsed":0}
{"Time":"2026-09-08T19:30:48.197269221+03:00","Action":"run","Package":"virmill.local/core/internal/ui/tui","Test":"TestActionFormMissingBadFieldsAndCancel/network_create/path//private/../network.yaml"}
{"Time":"2026-09-08T19:30:48.197271311+03:00","Action":"output","Package":"virmill.local/core/internal/ui/tui","Test":"TestActionFormMissingBadFieldsAndCancel/network_create/path//private/../network.yaml","Output":"=== RUN   TestActionFormMissingBadFieldsAndCancel/network_create/path//private/../network.yaml\n","OutputType":"frame"}
{"Time":"2026-09-08T19:30:48.19737117+03:00","Action":"output","Package":"virmill.local/core/internal/ui/tui","Test":"TestActionFormMissingBadFieldsAndCancel/network_create/path//private/../network.yaml","Output":"--- PASS: TestActionFormMissingBadFieldsAndCancel/network_create/path//private/../network.yaml (0.00s)\n","OutputType":"frame"}
{"Time":"2026-09-08T19:30:48.197374043+03:00","Action":"pass","Package":"virmill.local/core/internal/ui/tui","Test":"TestActionFormMissingBadFieldsAndCancel/network_create/path//private/../network.yaml","Elapsed":0}
{"Time":"2026-09-08T19:30:48.197375641+03:00","Action":"run","Package":"virmill.local/core/internal/ui/tui","Test":"TestActionFormMissingBadFieldsAndCancel/guest_recipe_run/path/"}
{"Time":"2026-09-08T19:30:48.197377489+03:00","Action":"output","Package":"virmill.local/core/internal/ui/tui","Test":"TestActionFormMissingBadFieldsAndCancel/guest_recipe_run/path/","Output":"=== RUN   TestActionFormMissingBadFieldsAndCancel/guest_recipe_run/path/\n","OutputType":"frame"}
{"Time":"2026-09-08T19:30:48.197410416+03:00","Action":"output","Package":"virmill.local/core/internal/ui/tui","Test":"TestActionFormMissingBadFieldsAndCancel/guest_recipe_run/path/","Output":"--- PASS: TestActionFormMissingBadFieldsAndCancel/guest_recipe_run/path/ (0.00s)\n","OutputType":"frame"}
{"Time":"2026-09-08T19:30:48.197419478+03:00","Action":"pass","Package":"virmill.local/core/internal/ui/tui","Test":"TestActionFormMissingBadFieldsAndCancel/guest_recipe_run/path/","Elapsed":0}
{"Time":"2026-09-08T19:30:48.19743845+03:00","Action":"run","Package":"virmill.local/core/internal/ui/tui","Test":"TestActionFormMissingBadFieldsAndCancel/plugin_call/pluginAction/"}
{"Time":"2026-09-08T19:30:48.197440995+03:00","Action":"output","Package":"virmill.local/core/internal/ui/tui","Test":"TestActionFormMissingBadFieldsAndCancel/plugin_call/pluginAction/","Output":"=== RUN   TestActionFormMissingBadFieldsAndCancel/plugin_call/pluginAction/\n","OutputType":"frame"}
{"Time":"2026-09-08T19:30:48.197478714+03:00","Action":"output","Package":"virmill.local/core/internal/ui/tui","Test":"TestActionFormMissingBadFieldsAndCancel/plugin_call/pluginAction/","Output":"--- PASS: TestActionFormMissingBadFieldsAndCancel/plugin_call/pluginAction/ (0.00s)\n","OutputType":"frame"}
{"Time":"2026-09-08T19:30:48.197486385+03:00","Action":"pass","Package":"virmill.local/core/internal/ui/tui","Test":"TestActionFormMissingBadFieldsAndCancel/plugin_call/pluginAction/","Elapsed":0}
{"Time":"2026-09-08T19:30:48.197499088+03:00","Action":"run","Package":"virmill.local/core/internal/ui/tui","Test":"TestActionFormMissingBadFieldsAndCancel/operation_watch/after/-1"}
{"Time":"2026-09-08T19:30:48.197501012+03:00","Action":"output","Package":"virmill.local/core/internal/ui/tui","Test":"TestActionFormMissingBadFieldsAndCancel/operation_watch/after/-1","Output":"=== RUN   TestActionFormMissingBadFieldsAndCancel/operation_watch/after/-1\n","OutputType":"frame"}
{"Time":"2026-09-08T19:30:48.197566016+03:00","Action":"output","Package":"virmill.local/core/internal/ui/tui","Test":"TestActionFormMissingBadFieldsAndCancel/operation_watch/after/-1","Output":"--- PASS: TestActionFormMissingBadFieldsAndCancel/operation_watch/after/-1 (0.00s)\n","OutputType":"frame"}
{"Time":"2026-09-08T19:30:48.197569383+03:00","Action":"pass","Package":"virmill.local/core/internal/ui/tui","Test":"TestActionFormMissingBadFieldsAndCancel/operation_watch/after/-1","Elapsed":0}
{"Time":"2026-09-08T19:30:48.197577954+03:00","Action":"run","Package":"virmill.local/core/internal/ui/tui","Test":"TestActionFormMissingBadFieldsAndCancel/operation_watch/after/01"}
{"Time":"2026-09-08T19:30:48.197579882+03:00","Action":"output","Package":"virmill.local/core/internal/ui/tui","Test":"TestActionFormMissingBadFieldsAndCancel/operation_watch/after/01","Output":"=== RUN   TestActionFormMissingBadFieldsAndCancel/operation_watch/after/01\n","OutputType":"frame"}
{"Time":"2026-09-08T19:30:48.197645292+03:00","Action":"output","Package":"virmill.local/core/internal/ui/tui","Test":"TestActionFormMissingBadFieldsAndCancel/operation_watch/after/01","Output":"--- PASS: TestActionFormMissingBadFieldsAndCancel/operation_watch/after/01 (0.00s)\n","OutputType":"frame"}
{"Time":"2026-09-08T19:30:48.197652161+03:00","Action":"pass","Package":"virmill.local/core/internal/ui/tui","Test":"TestActionFormMissingBadFieldsAndCancel/operation_watch/after/01","Elapsed":0}
{"Time":"2026-09-08T19:30:48.197662105+03:00","Action":"run","Package":"virmill.local/core/internal/ui/tui","Test":"TestActionFormMissingBadFieldsAndCancel/operation_watch/after/9223372036854775808"}
{"Time":"2026-09-08T19:30:48.197664223+03:00","Action":"output","Package":"virmill.local/core/internal/ui/tui","Test":"TestActionFormMissingBadFieldsAndCancel/operation_watch/after/9223372036854775808","Output":"=== RUN   TestActionFormMissingBadFieldsAndCancel/operation_watch/after/9223372036854775808\n","OutputType":"frame"}
{"Time":"2026-09-08T19:30:48.197730122+03:00","Action":"output","Package":"virmill.local/core/internal/ui/tui","Test":"TestActionFormMissingBadFieldsAndCancel/operation_watch/after/9223372036854775808","Output":"--- PASS: TestActionFormMissingBadFieldsAndCancel/operation_watch/after/9223372036854775808 (0.00s)\n","OutputType":"frame"}
{"Time":"2026-09-08T19:30:48.197733601+03:00","Action":"pass","Package":"virmill.local/core/internal/ui/tui","Test":"TestActionFormMissingBadFieldsAndCancel/operation_watch/after/9223372036854775808","Elapsed":0}
{"Time":"2026-09-08T19:30:48.197744534+03:00","Action":"run","Package":"virmill.local/core/internal/ui/tui","Test":"TestActionFormMissingBadFieldsAndCancel/network_cidr_check/parametersFile//missing/explicit-file.json"}
{"Time":"2026-09-08T19:30:48.197746692+03:00","Action":"output","Package":"virmill.local/core/internal/ui/tui","Test":"TestActionFormMissingBadFieldsAndCancel/network_cidr_check/parametersFile//missing/explicit-file.json","Output":"=== RUN   TestActionFormMissingBadFieldsAndCancel/network_cidr_check/parametersFile//missing/explicit-file.json\n","OutputType":"frame"}
{"Time":"2026-09-08T19:30:48.197800481+03:00","Action":"output","Package":"virmill.local/core/internal/ui/tui","Test":"TestActionFormMissingBadFieldsAndCancel/network_cidr_check/parametersFile//missing/explicit-file.json","Output":"--- PASS: TestActionFormMissingBadFieldsAndCancel/network_cidr_check/parametersFile//missing/explicit-file.json (0.00s)\n","OutputType":"frame"}
{"Time":"2026-09-08T19:30:48.197811649+03:00","Action":"pass","Package":"virmill.local/core/internal/ui/tui","Test":"TestActionFormMissingBadFieldsAndCancel/network_cidr_check/parametersFile//missing/explicit-file.json","Elapsed":0}
{"Time":"2026-09-08T19:30:48.197816825+03:00","Action":"run","Package":"virmill.local/core/internal/ui/tui","Test":"TestActionFormMissingBadFieldsAndCancel/network_cidr_check/parametersFile/relative.json"}
{"Time":"2026-09-08T19:30:48.197818729+03:00","Action":"output","Package":"virmill.local/core/internal/ui/tui","Test":"TestActionFormMissingBadFieldsAndCancel/network_cidr_check/parametersFile/relative.json","Output":"=== RUN   TestActionFormMissingBadFieldsAndCancel/network_cidr_check/parametersFile/relative.json\n","OutputType":"frame"}
{"Time":"2026-09-08T19:30:48.197861118+03:00","Action":"output","Package":"virmill.local/core/internal/ui/tui","Test":"TestActionFormMissingBadFieldsAndCancel/network_cidr_check/parametersFile/relative.json","Output":"--- PASS: TestActionFormMissingBadFieldsAndCancel/network_cidr_check/parametersFile/relative.json (0.00s)\n","OutputType":"frame"}
{"Time":"2026-09-08T19:30:48.197870229+03:00","Action":"pass","Package":"virmill.local/core/internal/ui/tui","Test":"TestActionFormMissingBadFieldsAndCancel/network_cidr_check/parametersFile/relative.json","Elapsed":0}
{"Time":"2026-09-08T19:30:48.197885133+03:00","Action":"output","Package":"virmill.local/core/internal/ui/tui","Test":"TestActionFormMissingBadFieldsAndCancel","Output":"--- PASS: TestActionFormMissingBadFieldsAndCancel (0.00s)\n","OutputType":"frame"}
{"Time":"2026-09-08T19:30:48.197888301+03:00","Action":"pass","Package":"virmill.local/core/internal/ui/tui","Test":"TestActionFormMissingBadFieldsAndCancel","Elapsed":0}
{"Time":"2026-09-08T19:30:48.197906134+03:00","Action":"run","Package":"virmill.local/core/internal/ui/tui","Test":"TestActionFormFocusLiteralEditingAndDisplayBounds"}
{"Time":"2026-09-08T19:30:48.197908407+03:00","Action":"output","Package":"virmill.local/core/internal/ui/tui","Test":"TestActionFormFocusLiteralEditingAndDisplayBounds","Output":"=== RUN   TestActionFormFocusLiteralEditingAndDisplayBounds\n","OutputType":"frame"}
{"Time":"2026-09-08T19:30:48.198743411+03:00","Action":"output","Package":"virmill.local/core/internal/ui/tui","Test":"TestActionFormFocusLiteralEditingAndDisplayBounds","Output":"--- PASS: TestActionFormFocusLiteralEditingAndDisplayBounds (0.00s)\n","OutputType":"frame"}
{"Time":"2026-09-08T19:30:48.198750834+03:00","Action":"pass","Package":"virmill.local/core/internal/ui/tui","Test":"TestActionFormFocusLiteralEditingAndDisplayBounds","Elapsed":0}
{"Time":"2026-09-08T19:30:48.198762385+03:00","Action":"run","Package":"virmill.local/core/internal/ui/tui","Test":"TestActionFormRejectsInventedMethodsAndCorruptForm"}
{"Time":"2026-09-08T19:30:48.198764603+03:00","Action":"output","Package":"virmill.local/core/internal/ui/tui","Test":"TestActionFormRejectsInventedMethodsAndCorruptForm","Output":"=== RUN   TestActionFormRejectsInventedMethodsAndCorruptForm\n","OutputType":"frame"}
{"Time":"2026-09-08T19:30:48.198858466+03:00","Action":"output","Package":"virmill.local/core/internal/ui/tui","Test":"TestActionFormRejectsInventedMethodsAndCorruptForm","Output":"--- PASS: TestActionFormRejectsInventedMethodsAndCorruptForm (0.00s)\n","OutputType":"frame"}
{"Time":"2026-09-08T19:30:48.198867534+03:00","Action":"pass","Package":"virmill.local/core/internal/ui/tui","Test":"TestActionFormRejectsInventedMethodsAndCorruptForm","Elapsed":0}
{"Time":"2026-09-08T19:30:48.198874297+03:00","Action":"run","Package":"virmill.local/core/internal/ui/tui","Test":"TestActionLanguageCoversRegistry"}
{"Time":"2026-09-08T19:30:48.198876196+03:00","Action":"output","Package":"virmill.local/core/internal/ui/tui","Test":"TestActionLanguageCoversRegistry","Output":"=== RUN   TestActionLanguageCoversRegistry\n","OutputType":"frame"}
{"Time":"2026-09-08T19:30:48.198892958+03:00","Action":"run","Package":"virmill.local/core/internal/ui/tui","Test":"TestActionLanguageCoversRegistry/plugin_call"}
{"Time":"2026-09-08T19:30:48.198895097+03:00","Action":"output","Package":"virmill.local/core/internal/ui/tui","Test":"TestActionLanguageCoversRegistry/plugin_call","Output":"=== RUN   TestActionLanguageCoversRegistry/plugin_call\n","OutputType":"frame"}
{"Time":"2026-09-08T19:30:48.198928029+03:00","Action":"output","Package":"virmill.local/core/internal/ui/tui","Test":"TestActionLanguageCoversRegistry/plugin_call","Output":"--- PASS: TestActionLanguageCoversRegistry/plugin_call (0.00s)\n","OutputType":"frame"}
{"Time":"2026-09-08T19:30:48.19893741+03:00","Action":"pass","Package":"virmill.local/core/internal/ui/tui","Test":"TestActionLanguageCoversRegistry/plugin_call","Elapsed":0}
{"Time":"2026-09-08T19:30:48.198948872+03:00","Action":"run","Package":"virmill.local/core/internal/ui/tui","Test":"TestActionLanguageCoversRegistry/plugin_result"}
{"Time":"2026-09-08T19:30:48.198950935+03:00","Action":"output","Package":"virmill.local/core/internal/ui/tui","Test":"TestActionLanguageCoversRegistry/plugin_result","Output":"=== RUN   TestActionLanguageCoversRegistry/plugin_result\n","OutputType":"frame"}
{"Time":"2026-09-08T19:30:48.198970786+03:00","Action":"output","Package":"virmill.local/core/internal/ui/tui","Test":"TestActionLanguageCoversRegistry/plugin_result","Output":"--- PASS: TestActionLanguageCoversRegistry/plugin_result (0.00s)\n","OutputType":"frame"}
{"Time":"2026-09-08T19:30:48.198979965+03:00","Action":"pass","Package":"virmill.local/core/internal/ui/tui","Test":"TestActionLanguageCoversRegistry/plugin_result","Elapsed":0}
{"Time":"2026-09-08T19:30:48.19898807+03:00","Action":"run","Package":"virmill.local/core/internal/ui/tui","Test":"TestActionLanguageCoversRegistry/plugin_new"}
{"Time":"2026-09-08T19:30:48.198990819+03:00","Action":"output","Package":"virmill.local/core/internal/ui/tui","Test":"TestActionLanguageCoversRegistry/plugin_new","Output":"=== RUN   TestActionLanguageCoversRegistry/plugin_new\n","OutputType":"frame"}
{"Time":"2026-09-08T19:30:48.199010356+03:00","Action":"output","Package":"virmill.local/core/internal/ui/tui","Test":"TestActionLanguageCoversRegistry/plugin_new","Output":"--- PASS: TestActionLanguageCoversRegistry/plugin_new (0.00s)\n","OutputType":"frame"}
{"Time":"2026-09-08T19:30:48.199018977+03:00","Action":"pass","Package":"virmill.local/core/internal/ui/tui","Test":"TestActionLanguageCoversRegistry/plugin_new","Elapsed":0}
{"Time":"2026-09-08T19:30:48.199027546+03:00","Action":"run","Package":"virmill.local/core/internal/ui/tui","Test":"TestActionLanguageCoversRegistry/plugin_pack"}
{"Time":"2026-09-08T19:30:48.199029405+03:00","Action":"output","Package":"virmill.local/core/internal/ui/tui","Test":"TestActionLanguageCoversRegistry/plugin_pack","Output":"=== RUN   TestActionLanguageCoversRegistry/plugin_pack\n","OutputType":"frame"}
{"Time":"2026-09-08T19:30:48.199058862+03:00","Action":"output","Package":"virmill.local/core/internal/ui/tui","Test":"TestActionLanguageCoversRegistry/plugin_pack","Output":"--- PASS: TestActionLanguageCoversRegistry/plugin_pack (0.00s)\n","OutputType":"frame"}
{"Time":"2026-09-08T19:30:48.199069718+03:00","Action":"pass","Package":"virmill.local/core/internal/ui/tui","Test":"TestActionLanguageCoversRegistry/plugin_pack","Elapsed":0}
{"Time":"2026-09-08T19:30:48.199074097+03:00","Action":"run","Package":"virmill.local/core/internal/ui/tui","Test":"TestActionLanguageCoversRegistry/plugin_list"}
{"Time":"2026-09-08T19:30:48.199076275+03:00","Action":"output","Package":"virmill.local/core/internal/ui/tui","Test":"TestActionLanguageCoversRegistry/plugin_list","Output":"=== RUN   TestActionLanguageCoversRegistry/plugin_list\n","OutputType":"frame"}
{"Time":"2026-09-08T19:30:48.19909928+03:00","Action":"output","Package":"virmill.local/core/internal/ui/tui","Test":"TestActionLanguageCoversRegistry/plugin_list","Output":"--- PASS: TestActionLanguageCoversRegistry/plugin_list (0.00s)\n","OutputType":"frame"}
{"Time":"2026-09-08T19:30:48.19910398+03:00","Action":"pass","Package":"virmill.local/core/internal/ui/tui","Test":"TestActionLanguageCoversRegistry/plugin_list","Elapsed":0}
{"Time":"2026-09-08T19:30:48.199128958+03:00","Action":"run","Package":"virmill.local/core/internal/ui/tui","Test":"TestActionLanguageCoversRegistry/plugin_show"}
{"Time":"2026-09-08T19:30:48.199131119+03:00","Action":"output","Package":"virmill.local/core/internal/ui/tui","Test":"TestActionLanguageCoversRegistry/plugin_show","Output":"=== RUN   TestActionLanguageCoversRegistry/plugin_show\n","OutputType":"frame"}
{"Time":"2026-09-08T19:30:48.199151118+03:00","Action":"output","Package":"virmill.local/core/internal/ui/tui","Test":"TestActionLanguageCoversRegistry/plugin_show","Output":"--- PASS: TestActionLanguageCoversRegistry/plugin_show (0.00s)\n","OutputType":"frame"}
{"Time":"2026-09-08T19:30:48.199154853+03:00","Action":"pass","Package":"virmill.local/core/internal/ui/tui","Test":"TestActionLanguageCoversRegistry/plugin_show","Elapsed":0}
{"Time":"2026-09-08T19:30:48.199164206+03:00","Action":"run","Package":"virmill.local/core/internal/ui/tui","Test":"TestActionLanguageCoversRegistry/plugin_install"}
{"Time":"2026-09-08T19:30:48.199166189+03:00","Action":"output","Package":"virmill.local/core/internal/ui/tui","Test":"TestActionLanguageCoversRegistry/plugin_install","Output":"=== RUN   TestActionLanguageCoversRegistry/plugin_install\n","OutputType":"frame"}
{"Time":"2026-09-08T19:30:48.199186381+03:00","Action":"output","Package":"virmill.local/core/internal/ui/tui","Test":"TestActionLanguageCoversRegistry/plugin_install","Output":"--- PASS: TestActionLanguageCoversRegistry/plugin_install (0.00s)\n","OutputType":"frame"}
{"Time":"2026-09-08T19:30:48.199189218+03:00","Action":"pass","Package":"virmill.local/core/internal/ui/tui","Test":"TestActionLanguageCoversRegistry/plugin_install","Elapsed":0}
{"Time":"2026-09-08T19:30:48.199197771+03:00","Action":"run","Package":"virmill.local/core/internal/ui/tui","Test":"TestActionLanguageCoversRegistry/plugin_update"}
{"Time":"2026-09-08T19:30:48.199199793+03:00","Action":"output","Package":"virmill.local/core/internal/ui/tui","Test":"TestActionLanguageCoversRegistry/plugin_update","Output":"=== RUN   TestActionLanguageCoversRegistry/plugin_update\n","OutputType":"frame"}
{"Time":"2026-09-08T19:30:48.199215977+03:00","Action":"output","Package":"virmill.local/core/internal/ui/tui","Test":"TestActionLanguageCoversRegistry/plugin_update","Output":"--- PASS: TestActionLanguageCoversRegistry/plugin_update (0.00s)\n","OutputType":"frame"}
{"Time":"2026-09-08T19:30:48.199224643+03:00","Action":"pass","Package":"virmill.local/core/internal/ui/tui","Test":"TestActionLanguageCoversRegistry/plugin_update","Elapsed":0}
{"Time":"2026-09-08T19:30:48.199232714+03:00","Action":"run","Package":"virmill.local/core/internal/ui/tui","Test":"TestActionLanguageCoversRegistry/plugin_enable"}
{"Time":"2026-09-08T19:30:48.199234625+03:00","Action":"output","Package":"virmill.local/core/internal/ui/tui","Test":"TestActionLanguageCoversRegistry/plugin_enable","Output":"=== RUN   TestActionLanguageCoversRegistry/plugin_enable\n","OutputType":"frame"}
{"Time":"2026-09-08T19:30:48.1992533+03:00","Action":"output","Package":"virmill.local/core/internal/ui/tui","Test":"TestActionLanguageCoversRegistry/plugin_enable","Output":"--- PASS: TestActionLanguageCoversRegistry/plugin_enable (0.00s)\n","OutputType":"frame"}
{"Time":"2026-09-08T19:30:48.199261761+03:00","Action":"pass","Package":"virmill.local/core/internal/ui/tui","Test":"TestActionLanguageCoversRegistry/plugin_enable","Elapsed":0}
{"Time":"2026-09-08T19:30:48.199274087+03:00","Action":"run","Package":"virmill.local/core/internal/ui/tui","Test":"TestActionLanguageCoversRegistry/plugin_disable"}
{"Time":"2026-09-08T19:30:48.199276246+03:00","Action":"output","Package":"virmill.local/core/internal/ui/tui","Test":"TestActionLanguageCoversRegistry/plugin_disable","Output":"=== RUN   TestActionLanguageCoversRegistry/plugin_disable\n","OutputType":"frame"}
{"Time":"2026-09-08T19:30:48.199297329+03:00","Action":"output","Package":"virmill.local/core/internal/ui/tui","Test":"TestActionLanguageCoversRegistry/plugin_disable","Output":"--- PASS: TestActionLanguageCoversRegistry/plugin_disable (0.00s)\n","OutputType":"frame"}
{"Time":"2026-09-08T19:30:48.199300079+03:00","Action":"pass","Package":"virmill.local/core/internal/ui/tui","Test":"TestActionLanguageCoversRegistry/plugin_disable","Elapsed":0}
{"Time":"2026-09-08T19:30:48.19931056+03:00","Action":"run","Package":"virmill.local/core/internal/ui/tui","Test":"TestActionLanguageCoversRegistry/plugin_remove"}
{"Time":"2026-09-08T19:30:48.199312612+03:00","Action":"output","Package":"virmill.local/core/internal/ui/tui","Test":"TestActionLanguageCoversRegistry/plugin_remove","Output":"=== RUN   TestActionLanguageCoversRegistry/plugin_remove\n","OutputType":"frame"}
{"Time":"2026-09-08T19:30:48.199337947+03:00","Action":"output","Package":"virmill.local/core/internal/ui/tui","Test":"TestActionLanguageCoversRegistry/plugin_remove","Output":"--- PASS: TestActionLanguageCoversRegistry/plugin_remove (0.00s)\n","OutputType":"frame"}
{"Time":"2026-09-08T19:30:48.199342874+03:00","Action":"pass","Package":"virmill.local/core/internal/ui/tui","Test":"TestActionLanguageCoversRegistry/plugin_remove","Elapsed":0}
{"Time":"2026-09-08T19:30:48.199352194+03:00","Action":"run","Package":"virmill.local/core/internal/ui/tui","Test":"TestActionLanguageCoversRegistry/plugin_rollback"}
{"Time":"2026-09-08T19:30:48.199354302+03:00","Action":"output","Package":"virmill.local/core/internal/ui/tui","Test":"TestActionLanguageCoversRegistry/plugin_rollback","Output":"=== RUN   TestActionLanguageCoversRegistry/plugin_rollback\n","OutputType":"frame"}
{"Time":"2026-09-08T19:30:48.199372472+03:00","Action":"output","Package":"virmill.local/core/internal/ui/tui","Test":"TestActionLanguageCoversRegistry/plugin_rollback","Output":"--- PASS: TestActionLanguageCoversRegistry/plugin_rollback (0.00s)\n","OutputType":"frame"}
{"Time":"2026-09-08T19:30:48.199380961+03:00","Action":"pass","Package":"virmill.local/core/internal/ui/tui","Test":"TestActionLanguageCoversRegistry/plugin_rollback","Elapsed":0}
{"Time":"2026-09-08T19:30:48.199387661+03:00","Action":"run","Package":"virmill.local/core/internal/ui/tui","Test":"TestActionLanguageCoversRegistry/plugin_permissions_show"}
{"Time":"2026-09-08T19:30:48.199389583+03:00","Action":"output","Package":"virmill.local/core/internal/ui/tui","Test":"TestActionLanguageCoversRegistry/plugin_permissions_show","Output":"=== RUN   TestActionLanguageCoversRegistry/plugin_permissions_show\n","OutputType":"frame"}
{"Time":"2026-09-08T19:30:48.199409592+03:00","Action":"output","Package":"virmill.local/core/internal/ui/tui","Test":"TestActionLanguageCoversRegistry/plugin_permissions_show","Output":"--- PASS: TestActionLanguageCoversRegistry/plugin_permissions_show (0.00s)\n","OutputType":"frame"}
{"Time":"2026-09-08T19:30:48.19941933+03:00","Action":"pass","Package":"virmill.local/core/internal/ui/tui","Test":"TestActionLanguageCoversRegistry/plugin_permissions_show","Elapsed":0}
{"Time":"2026-09-08T19:30:48.199428357+03:00","Action":"run","Package":"virmill.local/core/internal/ui/tui","Test":"TestActionLanguageCoversRegistry/plugin_permissions_grant"}
{"Time":"2026-09-08T19:30:48.199430355+03:00","Action":"output","Package":"virmill.local/core/internal/ui/tui","Test":"TestActionLanguageCoversRegistry/plugin_permissions_grant","Output":"=== RUN   TestActionLanguageCoversRegistry/plugin_permissions_grant\n","OutputType":"frame"}
{"Time":"2026-09-08T19:30:48.199447229+03:00","Action":"output","Package":"virmill.local/core/internal/ui/tui","Test":"TestActionLanguageCoversRegistry/plugin_permissions_grant","Output":"--- PASS: TestActionLanguageCoversRegistry/plugin_permissions_grant (0.00s)\n","OutputType":"frame"}
{"Time":"2026-09-08T19:30:48.199456522+03:00","Action":"pass","Package":"virmill.local/core/internal/ui/tui","Test":"TestActionLanguageCoversRegistry/plugin_permissions_grant","Elapsed":0}
{"Time":"2026-09-08T19:30:48.199462496+03:00","Action":"run","Package":"virmill.local/core/internal/ui/tui","Test":"TestActionLanguageCoversRegistry/plugin_permissions_revoke"}
{"Time":"2026-09-08T19:30:48.199464369+03:00","Action":"output","Package":"virmill.local/core/internal/ui/tui","Test":"TestActionLanguageCoversRegistry/plugin_permissions_revoke","Output":"=== RUN   TestActionLanguageCoversRegistry/plugin_permissions_revoke\n","OutputType":"frame"}
{"Time":"2026-09-08T19:30:48.199489176+03:00","Action":"output","Package":"virmill.local/core/internal/ui/tui","Test":"TestActionLanguageCoversRegistry/plugin_permissions_revoke","Output":"--- PASS: TestActionLanguageCoversRegistry/plugin_permissions_revoke (0.00s)\n","OutputType":"frame"}
{"Time":"2026-09-08T19:30:48.199496653+03:00","Action":"pass","Package":"virmill.local/core/internal/ui/tui","Test":"TestActionLanguageCoversRegistry/plugin_permissions_revoke","Elapsed":0}
{"Time":"2026-09-08T19:30:48.199505819+03:00","Action":"run","Package":"virmill.local/core/internal/ui/tui","Test":"TestActionLanguageCoversRegistry/plugin_validate"}
{"Time":"2026-09-08T19:30:48.199507821+03:00","Action":"output","Package":"virmill.local/core/internal/ui/tui","Test":"TestActionLanguageCoversRegistry/plugin_validate","Output":"=== RUN   TestActionLanguageCoversRegistry/plugin_validate\n","OutputType":"frame"}
{"Time":"2026-09-08T19:30:48.199525946+03:00","Action":"output","Package":"virmill.local/core/internal/ui/tui","Test":"TestActionLanguageCoversRegistry/plugin_validate","Output":"--- PASS: TestActionLanguageCoversRegistry/plugin_validate (0.00s)\n","OutputType":"frame"}
{"Time":"2026-09-08T19:30:48.199535156+03:00","Action":"pass","Package":"virmill.local/core/internal/ui/tui","Test":"TestActionLanguageCoversRegistry/plugin_validate","Elapsed":0}
{"Time":"2026-09-08T19:30:48.199537737+03:00","Action":"run","Package":"virmill.local/core/internal/ui/tui","Test":"TestActionLanguageCoversRegistry/plugin_test"}
{"Time":"2026-09-08T19:30:48.199538921+03:00","Action":"output","Package":"virmill.local/core/internal/ui/tui","Test":"TestActionLanguageCoversRegistry/plugin_test","Output":"=== RUN   TestActionLanguageCoversRegistry/plugin_test\n","OutputType":"frame"}
{"Time":"2026-09-08T19:30:48.199557552+03:00","Action":"output","Package":"virmill.local/core/internal/ui/tui","Test":"TestActionLanguageCoversRegistry/plugin_test","Output":"--- PASS: TestActionLanguageCoversRegistry/plugin_test (0.00s)\n","OutputType":"frame"}
{"Time":"2026-09-08T19:30:48.19956447+03:00","Action":"pass","Package":"virmill.local/core/internal/ui/tui","Test":"TestActionLanguageCoversRegistry/plugin_test","Elapsed":0}
{"Time":"2026-09-08T19:30:48.199573806+03:00","Action":"run","Package":"virmill.local/core/internal/ui/tui","Test":"TestActionLanguageCoversRegistry/host_inspect"}
{"Time":"2026-09-08T19:30:48.199575936+03:00","Action":"output","Package":"virmill.local/core/internal/ui/tui","Test":"TestActionLanguageCoversRegistry/host_inspect","Output":"=== RUN   TestActionLanguageCoversRegistry/host_inspect\n","OutputType":"frame"}
{"Time":"2026-09-08T19:30:48.199593488+03:00","Action":"output","Package":"virmill.local/core/internal/ui/tui","Test":"TestActionLanguageCoversRegistry/host_inspect","Output":"--- PASS: TestActionLanguageCoversRegistry/host_inspect (0.00s)\n","OutputType":"frame"}
{"Time":"2026-09-08T19:30:48.199596167+03:00","Action":"pass","Package":"virmill.local/core/internal/ui/tui","Test":"TestActionLanguageCoversRegistry/host_inspect","Elapsed":0}
{"Time":"2026-09-08T19:30:48.199605753+03:00","Action":"run","Package":"virmill.local/core/internal/ui/tui","Test":"TestActionLanguageCoversRegistry/host_capabilities"}
{"Time":"2026-09-08T19:30:48.199607945+03:00","Action":"output","Package":"virmill.local/core/internal/ui/tui","Test":"TestActionLanguageCoversRegistry/host_capabilities","Output":"=== RUN   TestActionLanguageCoversRegistry/host_capabilities\n","OutputType":"frame"}
{"Time":"2026-09-08T19:30:48.199630589+03:00","Action":"output","Package":"virmill.local/core/internal/ui/tui","Test":"TestActionLanguageCoversRegistry/host_capabilities","Output":"--- PASS: TestActionLanguageCoversRegistry/host_capabilities (0.00s)\n","OutputType":"frame"}
{"Time":"2026-09-08T19:30:48.199633665+03:00","Action":"pass","Package":"virmill.local/core/internal/ui/tui","Test":"TestActionLanguageCoversRegistry/host_capabilities","Elapsed":0}
{"Time":"2026-09-08T19:30:48.199664213+03:00","Action":"run","Package":"virmill.local/core/internal/ui/tui","Test":"TestActionLanguageCoversRegistry/storage_pool_list"}
{"Time":"2026-09-08T19:30:48.199666331+03:00","Action":"output","Package":"virmill.local/core/internal/ui/tui","Test":"TestActionLanguageCoversRegistry/storage_pool_list","Output":"=== RUN   TestActionLanguageCoversRegistry/storage_pool_list\n","OutputType":"frame"}
{"Time":"2026-09-08T19:30:48.199683042+03:00","Action":"output","Package":"virmill.local/core/internal/ui/tui","Test":"TestActionLanguageCoversRegistry/storage_pool_list","Output":"--- PASS: TestActionLanguageCoversRegistry/storage_pool_list (0.00s)\n","OutputType":"frame"}
{"Time":"2026-09-08T19:30:48.199686013+03:00","Action":"pass","Package":"virmill.local/core/internal/ui/tui","Test":"TestActionLanguageCoversRegistry/storage_pool_list","Elapsed":0}
{"Time":"2026-09-08T19:30:48.199698426+03:00","Action":"run","Package":"virmill.local/core/internal/ui/tui","Test":"TestActionLanguageCoversRegistry/storage_pool_show"}
{"Time":"2026-09-08T19:30:48.199700369+03:00","Action":"output","Package":"virmill.local/core/internal/ui/tui","Test":"TestActionLanguageCoversRegistry/storage_pool_show","Output":"=== RUN   TestActionLanguageCoversRegistry/storage_pool_show\n","OutputType":"frame"}
{"Time":"2026-09-08T19:30:48.19972335+03:00","Action":"output","Package":"virmill.local/core/internal/ui/tui","Test":"TestActionLanguageCoversRegistry/storage_pool_show","Output":"--- PASS: TestActionLanguageCoversRegistry/storage_pool_show (0.00s)\n","OutputType":"frame"}
{"Time":"2026-09-08T19:30:48.199726312+03:00","Action":"pass","Package":"virmill.local/core/internal/ui/tui","Test":"TestActionLanguageCoversRegistry/storage_pool_show","Elapsed":0}
{"Time":"2026-09-08T19:30:48.199734898+03:00","Action":"run","Package":"virmill.local/core/internal/ui/tui","Test":"TestActionLanguageCoversRegistry/storage_access_grant"}
{"Time":"2026-09-08T19:30:48.199736781+03:00","Action":"output","Package":"virmill.local/core/internal/ui/tui","Test":"TestActionLanguageCoversRegistry/storage_access_grant","Output":"=== RUN   TestActionLanguageCoversRegistry/storage_access_grant\n","OutputType":"frame"}
{"Time":"2026-09-08T19:30:48.199754197+03:00","Action":"output","Package":"virmill.local/core/internal/ui/tui","Test":"TestActionLanguageCoversRegistry/storage_access_grant","Output":"--- PASS: TestActionLanguageCoversRegistry/storage_access_grant (0.00s)\n","OutputType":"frame"}
{"Time":"2026-09-08T19:30:48.199760752+03:00","Action":"pass","Package":"virmill.local/core/internal/ui/tui","Test":"TestActionLanguageCoversRegistry/storage_access_grant","Elapsed":0}
{"Time":"2026-09-08T19:30:48.199769108+03:00","Action":"run","Package":"virmill.local/core/internal/ui/tui","Test":"TestActionLanguageCoversRegistry/storage_access_revoke"}
{"Time":"2026-09-08T19:30:48.199770618+03:00","Action":"output","Package":"virmill.local/core/internal/ui/tui","Test":"TestActionLanguageCoversRegistry/storage_access_revoke","Output":"=== RUN   TestActionLanguageCoversRegistry/storage_access_revoke\n","OutputType":"frame"}
{"Time":"2026-09-08T19:30:48.199793398+03:00","Action":"output","Package":"virmill.local/core/internal/ui/tui","Test":"TestActionLanguageCoversRegistry/storage_access_revoke","Output":"--- PASS: TestActionLanguageCoversRegistry/storage_access_revoke (0.00s)\n","OutputType":"frame"}
{"Time":"2026-09-08T19:30:48.19979633+03:00","Action":"pass","Package":"virmill.local/core/internal/ui/tui","Test":"TestActionLanguageCoversRegistry/storage_access_revoke","Elapsed":0}
{"Time":"2026-09-08T19:30:48.199805287+03:00","Action":"run","Package":"virmill.local/core/internal/ui/tui","Test":"TestActionLanguageCoversRegistry/storage_access_result"}
{"Time":"2026-09-08T19:30:48.19980726+03:00","Action":"output","Package":"virmill.local/core/internal/ui/tui","Test":"TestActionLanguageCoversRegistry/storage_access_result","Output":"=== RUN   TestActionLanguageCoversRegistry/storage_access_result\n","OutputType":"frame"}
{"Time":"2026-09-08T19:30:48.199828336+03:00","Action":"output","Package":"virmill.local/core/internal/ui/tui","Test":"TestActionLanguageCoversRegistry/storage_access_result","Output":"--- PASS: TestActionLanguageCoversRegistry/storage_access_result (0.00s)\n","OutputType":"frame"}
{"Time":"2026-09-08T19:30:48.199831256+03:00","Action":"pass","Package":"virmill.local/core/internal/ui/tui","Test":"TestActionLanguageCoversRegistry/storage_access_result","Elapsed":0}
{"Time":"2026-09-08T19:30:48.199839225+03:00","Action":"run","Package":"virmill.local/core/internal/ui/tui","Test":"TestActionLanguageCoversRegistry/host_helper_identity"}
{"Time":"2026-09-08T19:30:48.19984163+03:00","Action":"output","Package":"virmill.local/core/internal/ui/tui","Test":"TestActionLanguageCoversRegistry/host_helper_identity","Output":"=== RUN   TestActionLanguageCoversRegistry/host_helper_identity\n","OutputType":"frame"}
{"Time":"2026-09-08T19:30:48.199859102+03:00","Action":"output","Package":"virmill.local/core/internal/ui/tui","Test":"TestActionLanguageCoversRegistry/host_helper_identity","Output":"--- PASS: TestActionLanguageCoversRegistry/host_helper_identity (0.00s)\n","OutputType":"frame"}
{"Time":"2026-09-08T19:30:48.199861702+03:00","Action":"pass","Package":"virmill.local/core/internal/ui/tui","Test":"TestActionLanguageCoversRegistry/host_helper_identity","Elapsed":0}
{"Time":"2026-09-08T19:30:48.199869626+03:00","Action":"run","Package":"virmill.local/core/internal/ui/tui","Test":"TestActionLanguageCoversRegistry/network_list"}
{"Time":"2026-09-08T19:30:48.199871484+03:00","Action":"output","Package":"virmill.local/core/internal/ui/tui","Test":"TestActionLanguageCoversRegistry/network_list","Output":"=== RUN   TestActionLanguageCoversRegistry/network_list\n","OutputType":"frame"}
{"Time":"2026-09-08T19:30:48.199888246+03:00","Action":"output","Package":"virmill.local/core/internal/ui/tui","Test":"TestActionLanguageCoversRegistry/network_list","Output":"--- PASS: TestActionLanguageCoversRegistry/network_list (0.00s)\n","OutputType":"frame"}
{"Time":"2026-09-08T19:30:48.199894796+03:00","Action":"pass","Package":"virmill.local/core/internal/ui/tui","Test":"TestActionLanguageCoversRegistry/network_list","Elapsed":0}
{"Time":"2026-09-08T19:30:48.199902968+03:00","Action":"run","Package":"virmill.local/core/internal/ui/tui","Test":"TestActionLanguageCoversRegistry/network_create"}
{"Time":"2026-09-08T19:30:48.199904886+03:00","Action":"output","Package":"virmill.local/core/internal/ui/tui","Test":"TestActionLanguageCoversRegistry/network_create","Output":"=== RUN   TestActionLanguageCoversRegistry/network_create\n","OutputType":"frame"}
{"Time":"2026-09-08T19:30:48.199924962+03:00","Action":"output","Package":"virmill.local/core/internal/ui/tui","Test":"TestActionLanguageCoversRegistry/network_create","Output":"--- PASS: TestActionLanguageCoversRegistry/network_create (0.00s)\n","OutputType":"frame"}
{"Time":"2026-09-08T19:30:48.19993417+03:00","Action":"pass","Package":"virmill.local/core/internal/ui/tui","Test":"TestActionLanguageCoversRegistry/network_create","Elapsed":0}
{"Time":"2026-09-08T19:30:48.19993699+03:00","Action":"run","Package":"virmill.local/core/internal/ui/tui","Test":"TestActionLanguageCoversRegistry/network_creation_result"}
{"Time":"2026-09-08T19:30:48.199940648+03:00","Action":"output","Package":"virmill.local/core/internal/ui/tui","Test":"TestActionLanguageCoversRegistry/network_creation_result","Output":"=== RUN   TestActionLanguageCoversRegistry/network_creation_result\n","OutputType":"frame"}
{"Time":"2026-09-08T19:30:48.199960435+03:00","Action":"output","Package":"virmill.local/core/internal/ui/tui","Test":"TestActionLanguageCoversRegistry/network_creation_result","Output":"--- PASS: TestActionLanguageCoversRegistry/network_creation_result (0.00s)\n","OutputType":"frame"}
{"Time":"2026-09-08T19:30:48.199963308+03:00","Action":"pass","Package":"virmill.local/core/internal/ui/tui","Test":"TestActionLanguageCoversRegistry/network_creation_result","Elapsed":0}
{"Time":"2026-09-08T19:30:48.19997182+03:00","Action":"run","Package":"virmill.local/core/internal/ui/tui","Test":"TestActionLanguageCoversRegistry/network_creation_resume"}
{"Time":"2026-09-08T19:30:48.199973693+03:00","Action":"output","Package":"virmill.local/core/internal/ui/tui","Test":"TestActionLanguageCoversRegistry/network_creation_resume","Output":"=== RUN   TestActionLanguageCoversRegistry/network_creation_resume\n","OutputType":"frame"}
{"Time":"2026-09-08T19:30:48.199997424+03:00","Action":"output","Package":"virmill.local/core/internal/ui/tui","Test":"TestActionLanguageCoversRegistry/network_creation_resume","Output":"--- PASS: TestActionLanguageCoversRegistry/network_creation_resume (0.00s)\n","OutputType":"frame"}
{"Time":"2026-09-08T19:30:48.200002011+03:00","Action":"pass","Package":"virmill.local/core/internal/ui/tui","Test":"TestActionLanguageCoversRegistry/network_creation_resume","Elapsed":0}
{"Time":"2026-09-08T19:30:48.200011344+03:00","Action":"run","Package":"virmill.local/core/internal/ui/tui","Test":"TestActionLanguageCoversRegistry/network_cidr_check"}
{"Time":"2026-09-08T19:30:48.200013228+03:00","Action":"output","Package":"virmill.local/core/internal/ui/tui","Test":"TestActionLanguageCoversRegistry/network_cidr_check","Output":"=== RUN   TestActionLanguageCoversRegistry/network_cidr_check\n","OutputType":"frame"}
{"Time":"2026-09-08T19:30:48.200029038+03:00","Action":"output","Package":"virmill.local/core/internal/ui/tui","Test":"TestActionLanguageCoversRegistry/network_cidr_check","Output":"--- PASS: TestActionLanguageCoversRegistry/network_cidr_check (0.00s)\n","OutputType":"frame"}
{"Time":"2026-09-08T19:30:48.200041641+03:00","Action":"pass","Package":"virmill.local/core/internal/ui/tui","Test":"TestActionLanguageCoversRegistry/network_cidr_check","Elapsed":0}
{"Time":"2026-09-08T19:30:48.200045863+03:00","Action":"run","Package":"virmill.local/core/internal/ui/tui","Test":"TestActionLanguageCoversRegistry/host_pci_list"}
{"Time":"2026-09-08T19:30:48.200047047+03:00","Action":"output","Package":"virmill.local/core/internal/ui/tui","Test":"TestActionLanguageCoversRegistry/host_pci_list","Output":"=== RUN   TestActionLanguageCoversRegistry/host_pci_list\n","OutputType":"frame"}
{"Time":"2026-09-08T19:30:48.200065772+03:00","Action":"output","Package":"virmill.local/core/internal/ui/tui","Test":"TestActionLanguageCoversRegistry/host_pci_list","Output":"--- PASS: TestActionLanguageCoversRegistry/host_pci_list (0.00s)\n","OutputType":"frame"}
{"Time":"2026-09-08T19:30:48.200072541+03:00","Action":"pass","Package":"virmill.local/core/internal/ui/tui","Test":"TestActionLanguageCoversRegistry/host_pci_list","Elapsed":0}
{"Time":"2026-09-08T19:30:48.200080303+03:00","Action":"run","Package":"virmill.local/core/internal/ui/tui","Test":"TestActionLanguageCoversRegistry/device_usb_list"}
{"Time":"2026-09-08T19:30:48.200082189+03:00","Action":"output","Package":"virmill.local/core/internal/ui/tui","Test":"TestActionLanguageCoversRegistry/device_usb_list","Output":"=== RUN   TestActionLanguageCoversRegistry/device_usb_list\n","OutputType":"frame"}
{"Time":"2026-09-08T19:30:48.200097231+03:00","Action":"output","Package":"virmill.local/core/internal/ui/tui","Test":"TestActionLanguageCoversRegistry/device_usb_list","Output":"--- PASS: TestActionLanguageCoversRegistry/device_usb_list (0.00s)\n","OutputType":"frame"}
{"Time":"2026-09-08T19:30:48.200109863+03:00","Action":"pass","Package":"virmill.local/core/internal/ui/tui","Test":"TestActionLanguageCoversRegistry/device_usb_list","Elapsed":0}
{"Time":"2026-09-08T19:30:48.200113234+03:00","Action":"run","Package":"virmill.local/core/internal/ui/tui","Test":"TestActionLanguageCoversRegistry/network_show"}
{"Time":"2026-09-08T19:30:48.200114453+03:00","Action":"output","Package":"virmill.local/core/internal/ui/tui","Test":"TestActionLanguageCoversRegistry/network_show","Output":"=== RUN   TestActionLanguageCoversRegistry/network_show\n","OutputType":"frame"}
{"Time":"2026-09-08T19:30:48.200136747+03:00","Action":"output","Package":"virmill.local/core/internal/ui/tui","Test":"TestActionLanguageCoversRegistry/network_show","Output":"--- PASS: TestActionLanguageCoversRegistry/network_show (0.00s)\n","OutputType":"frame"}
{"Time":"2026-09-08T19:30:48.200139578+03:00","Action":"pass","Package":"virmill.local/core/internal/ui/tui","Test":"TestActionLanguageCoversRegistry/network_show","Elapsed":0}
{"Time":"2026-09-08T19:30:48.20014843+03:00","Action":"run","Package":"virmill.local/core/internal/ui/tui","Test":"TestActionLanguageCoversRegistry/vm_list"}
{"Time":"2026-09-08T19:30:48.200150311+03:00","Action":"output","Package":"virmill.local/core/internal/ui/tui","Test":"TestActionLanguageCoversRegistry/vm_list","Output":"=== RUN   TestActionLanguageCoversRegistry/vm_list\n","OutputType":"frame"}
{"Time":"2026-09-08T19:30:48.200166604+03:00","Action":"output","Package":"virmill.local/core/internal/ui/tui","Test":"TestActionLanguageCoversRegistry/vm_list","Output":"--- PASS: TestActionLanguageCoversRegistry/vm_list (0.00s)\n","OutputType":"frame"}
{"Time":"2026-09-08T19:30:48.200169304+03:00","Action":"pass","Package":"virmill.local/core/internal/ui/tui","Test":"TestActionLanguageCoversRegistry/vm_list","Elapsed":0}
{"Time":"2026-09-08T19:30:48.200178643+03:00","Action":"run","Package":"virmill.local/core/internal/ui/tui","Test":"TestActionLanguageCoversRegistry/vm_show"}
{"Time":"2026-09-08T19:30:48.200180632+03:00","Action":"output","Package":"virmill.local/core/internal/ui/tui","Test":"TestActionLanguageCoversRegistry/vm_show","Output":"=== RUN   TestActionLanguageCoversRegistry/vm_show\n","OutputType":"frame"}
{"Time":"2026-09-08T19:30:48.200199971+03:00","Action":"output","Package":"virmill.local/core/internal/ui/tui","Test":"TestActionLanguageCoversRegistry/vm_show","Output":"--- PASS: TestActionLanguageCoversRegistry/vm_show (0.00s)\n","OutputType":"frame"}
{"Time":"2026-09-08T19:30:48.200206886+03:00","Action":"pass","Package":"virmill.local/core/internal/ui/tui","Test":"TestActionLanguageCoversRegistry/vm_show","Elapsed":0}
{"Time":"2026-09-08T19:30:48.200215618+03:00","Action":"run","Package":"virmill.local/core/internal/ui/tui","Test":"TestActionLanguageCoversRegistry/vm_recovery_inspect"}
{"Time":"2026-09-08T19:30:48.200217895+03:00","Action":"output","Package":"virmill.local/core/internal/ui/tui","Test":"TestActionLanguageCoversRegistry/vm_recovery_inspect","Output":"=== RUN   TestActionLanguageCoversRegistry/vm_recovery_inspect\n","OutputType":"frame"}
{"Time":"2026-09-08T19:30:48.200236027+03:00","Action":"output","Package":"virmill.local/core/internal/ui/tui","Test":"TestActionLanguageCoversRegistry/vm_recovery_inspect","Output":"--- PASS: TestActionLanguageCoversRegistry/vm_recovery_inspect (0.00s)\n","OutputType":"frame"}
{"Time":"2026-09-08T19:30:48.200242748+03:00","Action":"pass","Package":"virmill.local/core/internal/ui/tui","Test":"TestActionLanguageCoversRegistry/vm_recovery_inspect","Elapsed":0}
{"Time":"2026-09-08T19:30:48.200250711+03:00","Action":"run","Package":"virmill.local/core/internal/ui/tui","Test":"TestActionLanguageCoversRegistry/vm_recovery_auxiliary_inspect"}
{"Time":"2026-09-08T19:30:48.200253294+03:00","Action":"output","Package":"virmill.local/core/internal/ui/tui","Test":"TestActionLanguageCoversRegistry/vm_recovery_auxiliary_inspect","Output":"=== RUN   TestActionLanguageCoversRegistry/vm_recovery_auxiliary_inspect\n","OutputType":"frame"}
{"Time":"2026-09-08T19:30:48.200269013+03:00","Action":"output","Package":"virmill.local/core/internal/ui/tui","Test":"TestActionLanguageCoversRegistry/vm_recovery_auxiliary_inspect","Output":"--- PASS: TestActionLanguageCoversRegistry/vm_recovery_auxiliary_inspect (0.00s)\n","OutputType":"frame"}
{"Time":"2026-09-08T19:30:48.200277484+03:00","Action":"pass","Package":"virmill.local/core/internal/ui/tui","Test":"TestActionLanguageCoversRegistry/vm_recovery_auxiliary_inspect","Elapsed":0}
{"Time":"2026-09-08T19:30:48.200285668+03:00","Action":"run","Package":"virmill.local/core/internal/ui/tui","Test":"TestActionLanguageCoversRegistry/snapshot_create"}
{"Time":"2026-09-08T19:30:48.200287789+03:00","Action":"output","Package":"virmill.local/core/internal/ui/tui","Test":"TestActionLanguageCoversRegistry/snapshot_create","Output":"=== RUN   TestActionLanguageCoversRegistry/snapshot_create\n","OutputType":"frame"}
{"Time":"2026-09-08T19:30:48.200305119+03:00","Action":"output","Package":"virmill.local/core/internal/ui/tui","Test":"TestActionLanguageCoversRegistry/snapshot_create","Output":"--- PASS: TestActionLanguageCoversRegistry/snapshot_create (0.00s)\n","OutputType":"frame"}
{"Time":"2026-09-08T19:30:48.20030903+03:00","Action":"pass","Package":"virmill.local/core/internal/ui/tui","Test":"TestActionLanguageCoversRegistry/snapshot_create","Elapsed":0}
{"Time":"2026-09-08T19:30:48.200316934+03:00","Action":"run","Package":"virmill.local/core/internal/ui/tui","Test":"TestActionLanguageCoversRegistry/snapshot_list"}
{"Time":"2026-09-08T19:30:48.200322293+03:00","Action":"output","Package":"virmill.local/core/internal/ui/tui","Test":"TestActionLanguageCoversRegistry/snapshot_list","Output":"=== RUN   TestActionLanguageCoversRegistry/snapshot_list\n","OutputType":"frame"}
{"Time":"2026-09-08T19:30:48.200343049+03:00","Action":"output","Package":"virmill.local/core/internal/ui/tui","Test":"TestActionLanguageCoversRegistry/snapshot_list","Output":"--- PASS: TestActionLanguageCoversRegistry/snapshot_list (0.00s)\n","OutputType":"frame"}
{"Time":"2026-09-08T19:30:48.200348703+03:00","Action":"pass","Package":"virmill.local/core/internal/ui/tui","Test":"TestActionLanguageCoversRegistry/snapshot_list","Elapsed":0}
{"Time":"2026-09-08T19:30:48.200359811+03:00","Action":"run","Package":"virmill.local/core/internal/ui/tui","Test":"TestActionLanguageCoversRegistry/snapshot_show"}
{"Time":"2026-09-08T19:30:48.200361256+03:00","Action":"output","Package":"virmill.local/core/internal/ui/tui","Test":"TestActionLanguageCoversRegistry/snapshot_show","Output":"=== RUN   TestActionLanguageCoversRegistry/snapshot_show\n","OutputType":"frame"}
{"Time":"2026-09-08T19:30:48.200375604+03:00","Action":"output","Package":"virmill.local/core/internal/ui/tui","Test":"TestActionLanguageCoversRegistry/snapshot_show","Output":"--- PASS: TestActionLanguageCoversRegistry/snapshot_show (0.00s)\n","OutputType":"frame"}
{"Time":"2026-09-08T19:30:48.20038649+03:00","Action":"pass","Package":"virmill.local/core/internal/ui/tui","Test":"TestActionLanguageCoversRegistry/snapshot_show","Elapsed":0}
{"Time":"2026-09-08T19:30:48.20038873+03:00","Action":"run","Package":"virmill.local/core/internal/ui/tui","Test":"TestActionLanguageCoversRegistry/snapshot_restore"}
{"Time":"2026-09-08T19:30:48.200389928+03:00","Action":"output","Package":"virmill.local/core/internal/ui/tui","Test":"TestActionLanguageCoversRegistry/snapshot_restore","Output":"=== RUN   TestActionLanguageCoversRegistry/snapshot_restore\n","OutputType":"frame"}
{"Time":"2026-09-08T19:30:48.200410401+03:00","Action":"output","Package":"virmill.local/core/internal/ui/tui","Test":"TestActionLanguageCoversRegistry/snapshot_restore","Output":"--- PASS: TestActionLanguageCoversRegistry/snapshot_restore (0.00s)\n","OutputType":"frame"}
{"Time":"2026-09-08T19:30:48.200413554+03:00","Action":"pass","Package":"virmill.local/core/internal/ui/tui","Test":"TestActionLanguageCoversRegistry/snapshot_restore","Elapsed":0}
{"Time":"2026-09-08T19:30:48.200421655+03:00","Action":"run","Package":"virmill.local/core/internal/ui/tui","Test":"TestActionLanguageCoversRegistry/vm_boot_show"}
{"Time":"2026-09-08T19:30:48.200423126+03:00","Action":"output","Package":"virmill.local/core/internal/ui/tui","Test":"TestActionLanguageCoversRegistry/vm_boot_show","Output":"=== RUN   TestActionLanguageCoversRegistry/vm_boot_show\n","OutputType":"frame"}
{"Time":"2026-09-08T19:30:48.200442163+03:00","Action":"output","Package":"virmill.local/core/internal/ui/tui","Test":"TestActionLanguageCoversRegistry/vm_boot_show","Output":"--- PASS: TestActionLanguageCoversRegistry/vm_boot_show (0.00s)\n","OutputType":"frame"}
{"Time":"2026-09-08T19:30:48.200450854+03:00","Action":"pass","Package":"virmill.local/core/internal/ui/tui","Test":"TestActionLanguageCoversRegistry/vm_boot_show","Elapsed":0}
{"Time":"2026-09-08T19:30:48.200459532+03:00","Action":"run","Package":"virmill.local/core/internal/ui/tui","Test":"TestActionLanguageCoversRegistry/vm_readiness_show"}
{"Time":"2026-09-08T19:30:48.200461532+03:00","Action":"output","Package":"virmill.local/core/internal/ui/tui","Test":"TestActionLanguageCoversRegistry/vm_readiness_show","Output":"=== RUN   TestActionLanguageCoversRegistry/vm_readiness_show\n","OutputType":"frame"}
{"Time":"2026-09-08T19:30:48.200477808+03:00","Action":"output","Package":"virmill.local/core/internal/ui/tui","Test":"TestActionLanguageCoversRegistry/vm_readiness_show","Output":"--- PASS: TestActionLanguageCoversRegistry/vm_readiness_show (0.00s)\n","OutputType":"frame"}
{"Time":"2026-09-08T19:30:48.200480394+03:00","Action":"pass","Package":"virmill.local/core/internal/ui/tui","Test":"TestActionLanguageCoversRegistry/vm_readiness_show","Elapsed":0}
{"Time":"2026-09-08T19:30:48.200489135+03:00","Action":"run","Package":"virmill.local/core/internal/ui/tui","Test":"TestActionLanguageCoversRegistry/guest_recipe_run"}
{"Time":"2026-09-08T19:30:48.200491053+03:00","Action":"output","Package":"virmill.local/core/internal/ui/tui","Test":"TestActionLanguageCoversRegistry/guest_recipe_run","Output":"=== RUN   TestActionLanguageCoversRegistry/guest_recipe_run\n","OutputType":"frame"}
{"Time":"2026-09-08T19:30:48.200507574+03:00","Action":"output","Package":"virmill.local/core/internal/ui/tui","Test":"TestActionLanguageCoversRegistry/guest_recipe_run","Output":"--- PASS: TestActionLanguageCoversRegistry/guest_recipe_run (0.00s)\n","OutputType":"frame"}
{"Time":"2026-09-08T19:30:48.200512927+03:00","Action":"pass","Package":"virmill.local/core/internal/ui/tui","Test":"TestActionLanguageCoversRegistry/guest_recipe_run","Elapsed":0}
{"Time":"2026-09-08T19:30:48.200522658+03:00","Action":"run","Package":"virmill.local/core/internal/ui/tui","Test":"TestActionLanguageCoversRegistry/guest_recipe_result"}
{"Time":"2026-09-08T19:30:48.200524578+03:00","Action":"output","Package":"virmill.local/core/internal/ui/tui","Test":"TestActionLanguageCoversRegistry/guest_recipe_result","Output":"=== RUN   TestActionLanguageCoversRegistry/guest_recipe_result\n","OutputType":"frame"}
{"Time":"2026-09-08T19:30:48.200541772+03:00","Action":"output","Package":"virmill.local/core/internal/ui/tui","Test":"TestActionLanguageCoversRegistry/guest_recipe_result","Output":"--- PASS: TestActionLanguageCoversRegistry/guest_recipe_result (0.00s)\n","OutputType":"frame"}
{"Time":"2026-09-08T19:30:48.200546358+03:00","Action":"pass","Package":"virmill.local/core/internal/ui/tui","Test":"TestActionLanguageCoversRegistry/guest_recipe_result","Elapsed":0}
{"Time":"2026-09-08T19:30:48.200554628+03:00","Action":"run","Package":"virmill.local/core/internal/ui/tui","Test":"TestActionLanguageCoversRegistry/vm_create"}
{"Time":"2026-09-08T19:30:48.200557783+03:00","Action":"output","Package":"virmill.local/core/internal/ui/tui","Test":"TestActionLanguageCoversRegistry/vm_create","Output":"=== RUN   TestActionLanguageCoversRegistry/vm_create\n","OutputType":"frame"}
{"Time":"2026-09-08T19:30:48.200572338+03:00","Action":"output","Package":"virmill.local/core/internal/ui/tui","Test":"TestActionLanguageCoversRegistry/vm_create","Output":"--- PASS: TestActionLanguageCoversRegistry/vm_create (0.00s)\n","OutputType":"frame"}
{"Time":"2026-09-08T19:30:48.200579082+03:00","Action":"pass","Package":"virmill.local/core/internal/ui/tui","Test":"TestActionLanguageCoversRegistry/vm_create","Elapsed":0}
{"Time":"2026-09-08T19:30:48.200589283+03:00","Action":"run","Package":"virmill.local/core/internal/ui/tui","Test":"TestActionLanguageCoversRegistry/vm_creation_result"}
{"Time":"2026-09-08T19:30:48.200591084+03:00","Action":"output","Package":"virmill.local/core/internal/ui/tui","Test":"TestActionLanguageCoversRegistry/vm_creation_result","Output":"=== RUN   TestActionLanguageCoversRegistry/vm_creation_result\n","OutputType":"frame"}
{"Time":"2026-09-08T19:30:48.200609116+03:00","Action":"output","Package":"virmill.local/core/internal/ui/tui","Test":"TestActionLanguageCoversRegistry/vm_creation_result","Output":"--- PASS: TestActionLanguageCoversRegistry/vm_creation_result (0.00s)\n","OutputType":"frame"}
{"Time":"2026-09-08T19:30:48.200611595+03:00","Action":"pass","Package":"virmill.local/core/internal/ui/tui","Test":"TestActionLanguageCoversRegistry/vm_creation_result","Elapsed":0}
{"Time":"2026-09-08T19:30:48.20062102+03:00","Action":"run","Package":"virmill.local/core/internal/ui/tui","Test":"TestActionLanguageCoversRegistry/vm_creation_resume"}
{"Time":"2026-09-08T19:30:48.200623373+03:00","Action":"output","Package":"virmill.local/core/internal/ui/tui","Test":"TestActionLanguageCoversRegistry/vm_creation_resume","Output":"=== RUN   TestActionLanguageCoversRegistry/vm_creation_resume\n","OutputType":"frame"}
{"Time":"2026-09-08T19:30:48.200638799+03:00","Action":"output","Package":"virmill.local/core/internal/ui/tui","Test":"TestActionLanguageCoversRegistry/vm_creation_resume","Output":"--- PASS: TestActionLanguageCoversRegistry/vm_creation_resume (0.00s)\n","OutputType":"frame"}
{"Time":"2026-09-08T19:30:48.200650375+03:00","Action":"pass","Package":"virmill.local/core/internal/ui/tui","Test":"TestActionLanguageCoversRegistry/vm_creation_resume","Elapsed":0}
{"Time":"2026-09-08T19:30:48.200661349+03:00","Action":"run","Package":"virmill.local/core/internal/ui/tui","Test":"TestActionLanguageCoversRegistry/vm_creation_cleanup"}
{"Time":"2026-09-08T19:30:48.20066344+03:00","Action":"output","Package":"virmill.local/core/internal/ui/tui","Test":"TestActionLanguageCoversRegistry/vm_creation_cleanup","Output":"=== RUN   TestActionLanguageCoversRegistry/vm_creation_cleanup\n","OutputType":"frame"}
{"Time":"2026-09-08T19:30:48.200686021+03:00","Action":"output","Package":"virmill.local/core/internal/ui/tui","Test":"TestActionLanguageCoversRegistry/vm_creation_cleanup","Output":"--- PASS: TestActionLanguageCoversRegistry/vm_creation_cleanup (0.00s)\n","OutputType":"frame"}
{"Time":"2026-09-08T19:30:48.200694034+03:00","Action":"pass","Package":"virmill.local/core/internal/ui/tui","Test":"TestActionLanguageCoversRegistry/vm_creation_cleanup","Elapsed":0}
{"Time":"2026-09-08T19:30:48.200705551+03:00","Action":"run","Package":"virmill.local/core/internal/ui/tui","Test":"TestActionLanguageCoversRegistry/vm_creation_accept"}
{"Time":"2026-09-08T19:30:48.200707509+03:00","Action":"output","Package":"virmill.local/core/internal/ui/tui","Test":"TestActionLanguageCoversRegistry/vm_creation_accept","Output":"=== RUN   TestActionLanguageCoversRegistry/vm_creation_accept\n","OutputType":"frame"}
{"Time":"2026-09-08T19:30:48.200725202+03:00","Action":"output","Package":"virmill.local/core/internal/ui/tui","Test":"TestActionLanguageCoversRegistry/vm_creation_accept","Output":"--- PASS: TestActionLanguageCoversRegistry/vm_creation_accept (0.00s)\n","OutputType":"frame"}
{"Time":"2026-09-08T19:30:48.200734013+03:00","Action":"pass","Package":"virmill.local/core/internal/ui/tui","Test":"TestActionLanguageCoversRegistry/vm_creation_accept","Elapsed":0}
{"Time":"2026-09-08T19:30:48.200738019+03:00","Action":"run","Package":"virmill.local/core/internal/ui/tui","Test":"TestActionLanguageCoversRegistry/vm_start"}
{"Time":"2026-09-08T19:30:48.200739648+03:00","Action":"output","Package":"virmill.local/core/internal/ui/tui","Test":"TestActionLanguageCoversRegistry/vm_start","Output":"=== RUN   TestActionLanguageCoversRegistry/vm_start\n","OutputType":"frame"}
{"Time":"2026-09-08T19:30:48.200758526+03:00","Action":"output","Package":"virmill.local/core/internal/ui/tui","Test":"TestActionLanguageCoversRegistry/vm_start","Output":"--- PASS: TestActionLanguageCoversRegistry/vm_start (0.00s)\n","OutputType":"frame"}
{"Time":"2026-09-08T19:30:48.200765218+03:00","Action":"pass","Package":"virmill.local/core/internal/ui/tui","Test":"TestActionLanguageCoversRegistry/vm_start","Elapsed":0}
{"Time":"2026-09-08T19:30:48.200773921+03:00","Action":"run","Package":"virmill.local/core/internal/ui/tui","Test":"TestActionLanguageCoversRegistry/vm_stop"}
{"Time":"2026-09-08T19:30:48.200775912+03:00","Action":"output","Package":"virmill.local/core/internal/ui/tui","Test":"TestActionLanguageCoversRegistry/vm_stop","Output":"=== RUN   TestActionLanguageCoversRegistry/vm_stop\n","OutputType":"frame"}
{"Time":"2026-09-08T19:30:48.200792357+03:00","Action":"output","Package":"virmill.local/core/internal/ui/tui","Test":"TestActionLanguageCoversRegistry/vm_stop","Output":"--- PASS: TestActionLanguageCoversRegistry/vm_stop (0.00s)\n","OutputType":"frame"}
{"Time":"2026-09-08T19:30:48.200801196+03:00","Action":"pass","Package":"virmill.local/core/internal/ui/tui","Test":"TestActionLanguageCoversRegistry/vm_stop","Elapsed":0}
{"Time":"2026-09-08T19:30:48.200805098+03:00","Action":"run","Package":"virmill.local/core/internal/ui/tui","Test":"TestActionLanguageCoversRegistry/vm_reboot"}
{"Time":"2026-09-08T19:30:48.200807032+03:00","Action":"output","Package":"virmill.local/core/internal/ui/tui","Test":"TestActionLanguageCoversRegistry/vm_reboot","Output":"=== RUN   TestActionLanguageCoversRegistry/vm_reboot\n","OutputType":"frame"}
{"Time":"2026-09-08T19:30:48.200824245+03:00","Action":"output","Package":"virmill.local/core/internal/ui/tui","Test":"TestActionLanguageCoversRegistry/vm_reboot","Output":"--- PASS: TestActionLanguageCoversRegistry/vm_reboot (0.00s)\n","OutputType":"frame"}
{"Time":"2026-09-08T19:30:48.200830486+03:00","Action":"pass","Package":"virmill.local/core/internal/ui/tui","Test":"TestActionLanguageCoversRegistry/vm_reboot","Elapsed":0}
{"Time":"2026-09-08T19:30:48.200838198+03:00","Action":"run","Package":"virmill.local/core/internal/ui/tui","Test":"TestActionLanguageCoversRegistry/vm_pause"}
{"Time":"2026-09-08T19:30:48.20084009+03:00","Action":"output","Package":"virmill.local/core/internal/ui/tui","Test":"TestActionLanguageCoversRegistry/vm_pause","Output":"=== RUN   TestActionLanguageCoversRegistry/vm_pause\n","OutputType":"frame"}
{"Time":"2026-09-08T19:30:48.20085662+03:00","Action":"output","Package":"virmill.local/core/internal/ui/tui","Test":"TestActionLanguageCoversRegistry/vm_pause","Output":"--- PASS: TestActionLanguageCoversRegistry/vm_pause (0.00s)\n","OutputType":"frame"}
{"Time":"2026-09-08T19:30:48.200861259+03:00","Action":"pass","Package":"virmill.local/core/internal/ui/tui","Test":"TestActionLanguageCoversRegistry/vm_pause","Elapsed":0}
{"Time":"2026-09-08T19:30:48.200869048+03:00","Action":"run","Package":"virmill.local/core/internal/ui/tui","Test":"TestActionLanguageCoversRegistry/vm_resume"}
{"Time":"2026-09-08T19:30:48.200871054+03:00","Action":"output","Package":"virmill.local/core/internal/ui/tui","Test":"TestActionLanguageCoversRegistry/vm_resume","Output":"=== RUN   TestActionLanguageCoversRegistry/vm_resume\n","OutputType":"frame"}
{"Time":"2026-09-08T19:30:48.200890344+03:00","Action":"output","Package":"virmill.local/core/internal/ui/tui","Test":"TestActionLanguageCoversRegistry/vm_resume","Output":"--- PASS: TestActionLanguageCoversRegistry/vm_resume (0.00s)\n","OutputType":"frame"}
{"Time":"2026-09-08T19:30:48.200898719+03:00","Action":"pass","Package":"virmill.local/core/internal/ui/tui","Test":"TestActionLanguageCoversRegistry/vm_resume","Elapsed":0}
{"Time":"2026-09-08T19:30:48.200906682+03:00","Action":"run","Package":"virmill.local/core/internal/ui/tui","Test":"TestActionLanguageCoversRegistry/vm_save"}
{"Time":"2026-09-08T19:30:48.200908426+03:00","Action":"output","Package":"virmill.local/core/internal/ui/tui","Test":"TestActionLanguageCoversRegistry/vm_save","Output":"=== RUN   TestActionLanguageCoversRegistry/vm_save\n","OutputType":"frame"}
{"Time":"2026-09-08T19:30:48.200932729+03:00","Action":"output","Package":"virmill.local/core/internal/ui/tui","Test":"TestActionLanguageCoversRegistry/vm_save","Output":"--- PASS: TestActionLanguageCoversRegistry/vm_save (0.00s)\n","OutputType":"frame"}
{"Time":"2026-09-08T19:30:48.20093507+03:00","Action":"pass","Package":"virmill.local/core/internal/ui/tui","Test":"TestActionLanguageCoversRegistry/vm_save","Elapsed":0}
{"Time":"2026-09-08T19:30:48.200942785+03:00","Action":"run","Package":"virmill.local/core/internal/ui/tui","Test":"TestActionLanguageCoversRegistry/vm_restore-saved"}
{"Time":"2026-09-08T19:30:48.200944789+03:00","Action":"output","Package":"virmill.local/core/internal/ui/tui","Test":"TestActionLanguageCoversRegistry/vm_restore-saved","Output":"=== RUN   TestActionLanguageCoversRegistry/vm_restore-saved\n","OutputType":"frame"}
{"Time":"2026-09-08T19:30:48.200972225+03:00","Action":"output","Package":"virmill.local/core/internal/ui/tui","Test":"TestActionLanguageCoversRegistry/vm_restore-saved","Output":"--- PASS: TestActionLanguageCoversRegistry/vm_restore-saved (0.00s)\n","OutputType":"frame"}
{"Time":"2026-09-08T19:30:48.200978639+03:00","Action":"pass","Package":"virmill.local/core/internal/ui/tui","Test":"TestActionLanguageCoversRegistry/vm_restore-saved","Elapsed":0}
{"Time":"2026-09-08T19:30:48.200986288+03:00","Action":"run","Package":"virmill.local/core/internal/ui/tui","Test":"TestActionLanguageCoversRegistry/vm_autostart"}
{"Time":"2026-09-08T19:30:48.200989065+03:00","Action":"output","Package":"virmill.local/core/internal/ui/tui","Test":"TestActionLanguageCoversRegistry/vm_autostart","Output":"=== RUN   TestActionLanguageCoversRegistry/vm_autostart\n","OutputType":"frame"}
{"Time":"2026-09-08T19:30:48.20100634+03:00","Action":"output","Package":"virmill.local/core/internal/ui/tui","Test":"TestActionLanguageCoversRegistry/vm_autostart","Output":"--- PASS: TestActionLanguageCoversRegistry/vm_autostart (0.00s)\n","OutputType":"frame"}
{"Time":"2026-09-08T19:30:48.201008999+03:00","Action":"pass","Package":"virmill.local/core/internal/ui/tui","Test":"TestActionLanguageCoversRegistry/vm_autostart","Elapsed":0}
{"Time":"2026-09-08T19:30:48.20101943+03:00","Action":"run","Package":"virmill.local/core/internal/ui/tui","Test":"TestActionLanguageCoversRegistry/vm_set"}
{"Time":"2026-09-08T19:30:48.201021214+03:00","Action":"output","Package":"virmill.local/core/internal/ui/tui","Test":"TestActionLanguageCoversRegistry/vm_set","Output":"=== RUN   TestActionLanguageCoversRegistry/vm_set\n","OutputType":"frame"}
{"Time":"2026-09-08T19:30:48.201037849+03:00","Action":"output","Package":"virmill.local/core/internal/ui/tui","Test":"TestActionLanguageCoversRegistry/vm_set","Output":"--- PASS: TestActionLanguageCoversRegistry/vm_set (0.00s)\n","OutputType":"frame"}
{"Time":"2026-09-08T19:30:48.201044459+03:00","Action":"pass","Package":"virmill.local/core/internal/ui/tui","Test":"TestActionLanguageCoversRegistry/vm_set","Elapsed":0}
{"Time":"2026-09-08T19:30:48.201054409+03:00","Action":"run","Package":"virmill.local/core/internal/ui/tui","Test":"TestActionLanguageCoversRegistry/import_inspect"}
{"Time":"2026-09-08T19:30:48.201056385+03:00","Action":"output","Package":"virmill.local/core/internal/ui/tui","Test":"TestActionLanguageCoversRegistry/import_inspect","Output":"=== RUN   TestActionLanguageCoversRegistry/import_inspect\n","OutputType":"frame"}
{"Time":"2026-09-08T19:30:48.201074711+03:00","Action":"output","Package":"virmill.local/core/internal/ui/tui","Test":"TestActionLanguageCoversRegistry/import_inspect","Output":"--- PASS: TestActionLanguageCoversRegistry/import_inspect (0.00s)\n","OutputType":"frame"}
{"Time":"2026-09-08T19:30:48.201077821+03:00","Action":"pass","Package":"virmill.local/core/internal/ui/tui","Test":"TestActionLanguageCoversRegistry/import_inspect","Elapsed":0}
{"Time":"2026-09-08T19:30:48.201086631+03:00","Action":"run","Package":"virmill.local/core/internal/ui/tui","Test":"TestActionLanguageCoversRegistry/import_prepare"}
{"Time":"2026-09-08T19:30:48.201088442+03:00","Action":"output","Package":"virmill.local/core/internal/ui/tui","Test":"TestActionLanguageCoversRegistry/import_prepare","Output":"=== RUN   TestActionLanguageCoversRegistry/import_prepare\n","OutputType":"frame"}
{"Time":"2026-09-08T19:30:48.201106267+03:00","Action":"output","Package":"virmill.local/core/internal/ui/tui","Test":"TestActionLanguageCoversRegistry/import_prepare","Output":"--- PASS: TestActionLanguageCoversRegistry/import_prepare (0.00s)\n","OutputType":"frame"}
{"Time":"2026-09-08T19:30:48.201112499+03:00","Action":"pass","Package":"virmill.local/core/internal/ui/tui","Test":"TestActionLanguageCoversRegistry/import_prepare","Elapsed":0}
{"Time":"2026-09-08T19:30:48.201123115+03:00","Action":"run","Package":"virmill.local/core/internal/ui/tui","Test":"TestActionLanguageCoversRegistry/import_prepare-disks"}
{"Time":"2026-09-08T19:30:48.201125125+03:00","Action":"output","Package":"virmill.local/core/internal/ui/tui","Test":"TestActionLanguageCoversRegistry/import_prepare-disks","Output":"=== RUN   TestActionLanguageCoversRegistry/import_prepare-disks\n","OutputType":"frame"}
{"Time":"2026-09-08T19:30:48.201140427+03:00","Action":"output","Package":"virmill.local/core/internal/ui/tui","Test":"TestActionLanguageCoversRegistry/import_prepare-disks","Output":"--- PASS: TestActionLanguageCoversRegistry/import_prepare-disks (0.00s)\n","OutputType":"frame"}
{"Time":"2026-09-08T19:30:48.20114325+03:00","Action":"pass","Package":"virmill.local/core/internal/ui/tui","Test":"TestActionLanguageCoversRegistry/import_prepare-disks","Elapsed":0}
{"Time":"2026-09-08T19:30:48.201157102+03:00","Action":"run","Package":"virmill.local/core/internal/ui/tui","Test":"TestActionLanguageCoversRegistry/import_prepare-install"}
{"Time":"2026-09-08T19:30:48.20115921+03:00","Action":"output","Package":"virmill.local/core/internal/ui/tui","Test":"TestActionLanguageCoversRegistry/import_prepare-install","Output":"=== RUN   TestActionLanguageCoversRegistry/import_prepare-install\n","OutputType":"frame"}
{"Time":"2026-09-08T19:30:48.20117411+03:00","Action":"output","Package":"virmill.local/core/internal/ui/tui","Test":"TestActionLanguageCoversRegistry/import_prepare-install","Output":"--- PASS: TestActionLanguageCoversRegistry/import_prepare-install (0.00s)\n","OutputType":"frame"}
{"Time":"2026-09-08T19:30:48.201180535+03:00","Action":"pass","Package":"virmill.local/core/internal/ui/tui","Test":"TestActionLanguageCoversRegistry/import_prepare-install","Elapsed":0}
{"Time":"2026-09-08T19:30:48.201194254+03:00","Action":"run","Package":"virmill.local/core/internal/ui/tui","Test":"TestActionLanguageCoversRegistry/import_result"}
{"Time":"2026-09-08T19:30:48.20119613+03:00","Action":"output","Package":"virmill.local/core/internal/ui/tui","Test":"TestActionLanguageCoversRegistry/import_result","Output":"=== RUN   TestActionLanguageCoversRegistry/import_result\n","OutputType":"frame"}
{"Time":"2026-09-08T19:30:48.201210297+03:00","Action":"output","Package":"virmill.local/core/internal/ui/tui","Test":"TestActionLanguageCoversRegistry/import_result","Output":"--- PASS: TestActionLanguageCoversRegistry/import_result (0.00s)\n","OutputType":"frame"}
{"Time":"2026-09-08T19:30:48.20121948+03:00","Action":"pass","Package":"virmill.local/core/internal/ui/tui","Test":"TestActionLanguageCoversRegistry/import_result","Elapsed":0}
{"Time":"2026-09-08T19:30:48.201222069+03:00","Action":"run","Package":"virmill.local/core/internal/ui/tui","Test":"TestActionLanguageCoversRegistry/import_verify"}
{"Time":"2026-09-08T19:30:48.201223156+03:00","Action":"output","Package":"virmill.local/core/internal/ui/tui","Test":"TestActionLanguageCoversRegistry/import_verify","Output":"=== RUN   TestActionLanguageCoversRegistry/import_verify\n","OutputType":"frame"}
{"Time":"2026-09-08T19:30:48.201241988+03:00","Action":"output","Package":"virmill.local/core/internal/ui/tui","Test":"TestActionLanguageCoversRegistry/import_verify","Output":"--- PASS: TestActionLanguageCoversRegistry/import_verify (0.00s)\n","OutputType":"frame"}
{"Time":"2026-09-08T19:30:48.201244776+03:00","Action":"pass","Package":"virmill.local/core/internal/ui/tui","Test":"TestActionLanguageCoversRegistry/import_verify","Elapsed":0}
{"Time":"2026-09-08T19:30:48.201253795+03:00","Action":"run","Package":"virmill.local/core/internal/ui/tui","Test":"TestActionLanguageCoversRegistry/lab_validate"}
{"Time":"2026-09-08T19:30:48.201255837+03:00","Action":"output","Package":"virmill.local/core/internal/ui/tui","Test":"TestActionLanguageCoversRegistry/lab_validate","Output":"=== RUN   TestActionLanguageCoversRegistry/lab_validate\n","OutputType":"frame"}
{"Time":"2026-09-08T19:30:48.201273803+03:00","Action":"output","Package":"virmill.local/core/internal/ui/tui","Test":"TestActionLanguageCoversRegistry/lab_validate","Output":"--- PASS: TestActionLanguageCoversRegistry/lab_validate (0.00s)\n","OutputType":"frame"}
{"Time":"2026-09-08T19:30:48.201276503+03:00","Action":"pass","Package":"virmill.local/core/internal/ui/tui","Test":"TestActionLanguageCoversRegistry/lab_validate","Elapsed":0}
{"Time":"2026-09-08T19:30:48.201284712+03:00","Action":"run","Package":"virmill.local/core/internal/ui/tui","Test":"TestActionLanguageCoversRegistry/config_validate"}
{"Time":"2026-09-08T19:30:48.201286473+03:00","Action":"output","Package":"virmill.local/core/internal/ui/tui","Test":"TestActionLanguageCoversRegistry/config_validate","Output":"=== RUN   TestActionLanguageCoversRegistry/config_validate\n","OutputType":"frame"}
{"Time":"2026-09-08T19:30:48.201305448+03:00","Action":"output","Package":"virmill.local/core/internal/ui/tui","Test":"TestActionLanguageCoversRegistry/config_validate","Output":"--- PASS: TestActionLanguageCoversRegistry/config_validate (0.00s)\n","OutputType":"frame"}
{"Time":"2026-09-08T19:30:48.20130816+03:00","Action":"pass","Package":"virmill.local/core/internal/ui/tui","Test":"TestActionLanguageCoversRegistry/config_validate","Elapsed":0}
{"Time":"2026-09-08T19:30:48.201323079+03:00","Action":"run","Package":"virmill.local/core/internal/ui/tui","Test":"TestActionLanguageCoversRegistry/backup_policy_validate"}
{"Time":"2026-09-08T19:30:48.201325776+03:00","Action":"output","Package":"virmill.local/core/internal/ui/tui","Test":"TestActionLanguageCoversRegistry/backup_policy_validate","Output":"=== RUN   TestActionLanguageCoversRegistry/backup_policy_validate\n","OutputType":"frame"}
{"Time":"2026-09-08T19:30:48.201342568+03:00","Action":"output","Package":"virmill.local/core/internal/ui/tui","Test":"TestActionLanguageCoversRegistry/backup_policy_validate","Output":"--- PASS: TestActionLanguageCoversRegistry/backup_policy_validate (0.00s)\n","OutputType":"frame"}
{"Time":"2026-09-08T19:30:48.201349554+03:00","Action":"pass","Package":"virmill.local/core/internal/ui/tui","Test":"TestActionLanguageCoversRegistry/backup_policy_validate","Elapsed":0}
{"Time":"2026-09-08T19:30:48.201357927+03:00","Action":"run","Package":"virmill.local/core/internal/ui/tui","Test":"TestActionLanguageCoversRegistry/backup_repository_init"}
{"Time":"2026-09-08T19:30:48.201360049+03:00","Action":"output","Package":"virmill.local/core/internal/ui/tui","Test":"TestActionLanguageCoversRegistry/backup_repository_init","Output":"=== RUN   TestActionLanguageCoversRegistry/backup_repository_init\n","OutputType":"frame"}
{"Time":"2026-09-08T19:30:48.201375725+03:00","Action":"output","Package":"virmill.local/core/internal/ui/tui","Test":"TestActionLanguageCoversRegistry/backup_repository_init","Output":"--- PASS: TestActionLanguageCoversRegistry/backup_repository_init (0.00s)\n","OutputType":"frame"}
{"Time":"2026-09-08T19:30:48.201384486+03:00","Action":"pass","Package":"virmill.local/core/internal/ui/tui","Test":"TestActionLanguageCoversRegistry/backup_repository_init","Elapsed":0}
{"Time":"2026-09-08T19:30:48.201392617+03:00","Action":"run","Package":"virmill.local/core/internal/ui/tui","Test":"TestActionLanguageCoversRegistry/backup_repository_check"}
{"Time":"2026-09-08T19:30:48.201394392+03:00","Action":"output","Package":"virmill.local/core/internal/ui/tui","Test":"TestActionLanguageCoversRegistry/backup_repository_check","Output":"=== RUN   TestActionLanguageCoversRegistry/backup_repository_check\n","OutputType":"frame"}
{"Time":"2026-09-08T19:30:48.201411244+03:00","Action":"output","Package":"virmill.local/core/internal/ui/tui","Test":"TestActionLanguageCoversRegistry/backup_repository_check","Output":"--- PASS: TestActionLanguageCoversRegistry/backup_repository_check (0.00s)\n","OutputType":"frame"}
{"Time":"2026-09-08T19:30:48.201420497+03:00","Action":"pass","Package":"virmill.local/core/internal/ui/tui","Test":"TestActionLanguageCoversRegistry/backup_repository_check","Elapsed":0}
{"Time":"2026-09-08T19:30:48.20142315+03:00","Action":"run","Package":"virmill.local/core/internal/ui/tui","Test":"TestActionLanguageCoversRegistry/backup_create"}
{"Time":"2026-09-08T19:30:48.201424295+03:00","Action":"output","Package":"virmill.local/core/internal/ui/tui","Test":"TestActionLanguageCoversRegistry/backup_create","Output":"=== RUN   TestActionLanguageCoversRegistry/backup_create\n","OutputType":"frame"}
{"Time":"2026-09-08T19:30:48.201441698+03:00","Action":"output","Package":"virmill.local/core/internal/ui/tui","Test":"TestActionLanguageCoversRegistry/backup_create","Output":"--- PASS: TestActionLanguageCoversRegistry/backup_create (0.00s)\n","OutputType":"frame"}
{"Time":"2026-09-08T19:30:48.201449792+03:00","Action":"pass","Package":"virmill.local/core/internal/ui/tui","Test":"TestActionLanguageCoversRegistry/backup_create","Elapsed":0}
{"Time":"2026-09-08T19:30:48.201454221+03:00","Action":"run","Package":"virmill.local/core/internal/ui/tui","Test":"TestActionLanguageCoversRegistry/backup_restore"}
{"Time":"2026-09-08T19:30:48.201455414+03:00","Action":"output","Package":"virmill.local/core/internal/ui/tui","Test":"TestActionLanguageCoversRegistry/backup_restore","Output":"=== RUN   TestActionLanguageCoversRegistry/backup_restore\n","OutputType":"frame"}
{"Time":"2026-09-08T19:30:48.201475511+03:00","Action":"output","Package":"virmill.local/core/internal/ui/tui","Test":"TestActionLanguageCoversRegistry/backup_restore","Output":"--- PASS: TestActionLanguageCoversRegistry/backup_restore (0.00s)\n","OutputType":"frame"}
{"Time":"2026-09-08T19:30:48.201478298+03:00","Action":"pass","Package":"virmill.local/core/internal/ui/tui","Test":"TestActionLanguageCoversRegistry/backup_restore","Elapsed":0}
{"Time":"2026-09-08T19:30:48.201487919+03:00","Action":"run","Package":"virmill.local/core/internal/ui/tui","Test":"TestActionLanguageCoversRegistry/backup_result"}
{"Time":"2026-09-08T19:30:48.201489859+03:00","Action":"output","Package":"virmill.local/core/internal/ui/tui","Test":"TestActionLanguageCoversRegistry/backup_result","Output":"=== RUN   TestActionLanguageCoversRegistry/backup_result\n","OutputType":"frame"}
{"Time":"2026-09-08T19:30:48.201521118+03:00","Action":"output","Package":"virmill.local/core/internal/ui/tui","Test":"TestActionLanguageCoversRegistry/backup_result","Output":"--- PASS: TestActionLanguageCoversRegistry/backup_result (0.00s)\n","OutputType":"frame"}
{"Time":"2026-09-08T19:30:48.201523893+03:00","Action":"pass","Package":"virmill.local/core/internal/ui/tui","Test":"TestActionLanguageCoversRegistry/backup_result","Elapsed":0}
{"Time":"2026-09-08T19:30:48.201535293+03:00","Action":"run","Package":"virmill.local/core/internal/ui/tui","Test":"TestActionLanguageCoversRegistry/backup_policy_preview"}
{"Time":"2026-09-08T19:30:48.201537699+03:00","Action":"output","Package":"virmill.local/core/internal/ui/tui","Test":"TestActionLanguageCoversRegistry/backup_policy_preview","Output":"=== RUN   TestActionLanguageCoversRegistry/backup_policy_preview\n","OutputType":"frame"}
{"Time":"2026-09-08T19:30:48.201554047+03:00","Action":"output","Package":"virmill.local/core/internal/ui/tui","Test":"TestActionLanguageCoversRegistry/backup_policy_preview","Output":"--- PASS: TestActionLanguageCoversRegistry/backup_policy_preview (0.00s)\n","OutputType":"frame"}
{"Time":"2026-09-08T19:30:48.201560774+03:00","Action":"pass","Package":"virmill.local/core/internal/ui/tui","Test":"TestActionLanguageCoversRegistry/backup_policy_preview","Elapsed":0}
{"Time":"2026-09-08T19:30:48.201568935+03:00","Action":"run","Package":"virmill.local/core/internal/ui/tui","Test":"TestActionLanguageCoversRegistry/backup_verify-manifest"}
{"Time":"2026-09-08T19:30:48.201570888+03:00","Action":"output","Package":"virmill.local/core/internal/ui/tui","Test":"TestActionLanguageCoversRegistry/backup_verify-manifest","Output":"=== RUN   TestActionLanguageCoversRegistry/backup_verify-manifest\n","OutputType":"frame"}
{"Time":"2026-09-08T19:30:48.201589436+03:00","Action":"output","Package":"virmill.local/core/internal/ui/tui","Test":"TestActionLanguageCoversRegistry/backup_verify-manifest","Output":"--- PASS: TestActionLanguageCoversRegistry/backup_verify-manifest (0.00s)\n","OutputType":"frame"}
{"Time":"2026-09-08T19:30:48.201592005+03:00","Action":"pass","Package":"virmill.local/core/internal/ui/tui","Test":"TestActionLanguageCoversRegistry/backup_verify-manifest","Elapsed":0}
{"Time":"2026-09-08T19:30:48.201604685+03:00","Action":"run","Package":"virmill.local/core/internal/ui/tui","Test":"TestActionLanguageCoversRegistry/operation_list"}
{"Time":"2026-09-08T19:30:48.20160671+03:00","Action":"output","Package":"virmill.local/core/internal/ui/tui","Test":"TestActionLanguageCoversRegistry/operation_list","Output":"=== RUN   TestActionLanguageCoversRegistry/operation_list\n","OutputType":"frame"}
{"Time":"2026-09-08T19:30:48.201623392+03:00","Action":"output","Package":"virmill.local/core/internal/ui/tui","Test":"TestActionLanguageCoversRegistry/operation_list","Output":"--- PASS: TestActionLanguageCoversRegistry/operation_list (0.00s)\n","OutputType":"frame"}
{"Time":"2026-09-08T19:30:48.201625937+03:00","Action":"pass","Package":"virmill.local/core/internal/ui/tui","Test":"TestActionLanguageCoversRegistry/operation_list","Elapsed":0}
{"Time":"2026-09-08T19:30:48.201636122+03:00","Action":"run","Package":"virmill.local/core/internal/ui/tui","Test":"TestActionLanguageCoversRegistry/operation_show"}
{"Time":"2026-09-08T19:30:48.201637981+03:00","Action":"output","Package":"virmill.local/core/internal/ui/tui","Test":"TestActionLanguageCoversRegistry/operation_show","Output":"=== RUN   TestActionLanguageCoversRegistry/operation_show\n","OutputType":"frame"}
{"Time":"2026-09-08T19:30:48.201657586+03:00","Action":"output","Package":"virmill.local/core/internal/ui/tui","Test":"TestActionLanguageCoversRegistry/operation_show","Output":"--- PASS: TestActionLanguageCoversRegistry/operation_show (0.00s)\n","OutputType":"frame"}
{"Time":"2026-09-08T19:30:48.201660345+03:00","Action":"pass","Package":"virmill.local/core/internal/ui/tui","Test":"TestActionLanguageCoversRegistry/operation_show","Elapsed":0}
{"Time":"2026-09-08T19:30:48.201672183+03:00","Action":"run","Package":"virmill.local/core/internal/ui/tui","Test":"TestActionLanguageCoversRegistry/operation_watch"}
{"Time":"2026-09-08T19:30:48.201673997+03:00","Action":"output","Package":"virmill.local/core/internal/ui/tui","Test":"TestActionLanguageCoversRegistry/operation_watch","Output":"=== RUN   TestActionLanguageCoversRegistry/operation_watch\n","OutputType":"frame"}
{"Time":"2026-09-08T19:30:48.201688035+03:00","Action":"output","Package":"virmill.local/core/internal/ui/tui","Test":"TestActionLanguageCoversRegistry/operation_watch","Output":"--- PASS: TestActionLanguageCoversRegistry/operation_watch (0.00s)\n","OutputType":"frame"}
{"Time":"2026-09-08T19:30:48.201695974+03:00","Action":"pass","Package":"virmill.local/core/internal/ui/tui","Test":"TestActionLanguageCoversRegistry/operation_watch","Elapsed":0}
{"Time":"2026-09-08T19:30:48.201704071+03:00","Action":"run","Package":"virmill.local/core/internal/ui/tui","Test":"TestActionLanguageCoversRegistry/operation_cancel"}
{"Time":"2026-09-08T19:30:48.201705936+03:00","Action":"output","Package":"virmill.local/core/internal/ui/tui","Test":"TestActionLanguageCoversRegistry/operation_cancel","Output":"=== RUN   TestActionLanguageCoversRegistry/operation_cancel\n","OutputType":"frame"}
{"Time":"2026-09-08T19:30:48.201724516+03:00","Action":"output","Package":"virmill.local/core/internal/ui/tui","Test":"TestActionLanguageCoversRegistry/operation_cancel","Output":"--- PASS: TestActionLanguageCoversRegistry/operation_cancel (0.00s)\n","OutputType":"frame"}
{"Time":"2026-09-08T19:30:48.201727093+03:00","Action":"pass","Package":"virmill.local/core/internal/ui/tui","Test":"TestActionLanguageCoversRegistry/operation_cancel","Elapsed":0}
{"Time":"2026-09-08T19:30:48.201738581+03:00","Action":"run","Package":"virmill.local/core/internal/ui/tui","Test":"TestActionLanguageCoversRegistry/operation_reconcile"}
{"Time":"2026-09-08T19:30:48.201740464+03:00","Action":"output","Package":"virmill.local/core/internal/ui/tui","Test":"TestActionLanguageCoversRegistry/operation_reconcile","Output":"=== RUN   TestActionLanguageCoversRegistry/operation_reconcile\n","OutputType":"frame"}
{"Time":"2026-09-08T19:30:48.201760284+03:00","Action":"output","Package":"virmill.local/core/internal/ui/tui","Test":"TestActionLanguageCoversRegistry/operation_reconcile","Output":"--- PASS: TestActionLanguageCoversRegistry/operation_reconcile (0.00s)\n","OutputType":"frame"}
{"Time":"2026-09-08T19:30:48.201764759+03:00","Action":"pass","Package":"virmill.local/core/internal/ui/tui","Test":"TestActionLanguageCoversRegistry/operation_reconcile","Elapsed":0}
{"Time":"2026-09-08T19:30:48.201773085+03:00","Action":"run","Package":"virmill.local/core/internal/ui/tui","Test":"TestActionLanguageCoversRegistry/plan_show"}
{"Time":"2026-09-08T19:30:48.201775116+03:00","Action":"output","Package":"virmill.local/core/internal/ui/tui","Test":"TestActionLanguageCoversRegistry/plan_show","Output":"=== RUN   TestActionLanguageCoversRegistry/plan_show\n","OutputType":"frame"}
{"Time":"2026-09-08T19:30:48.201792572+03:00","Action":"output","Package":"virmill.local/core/internal/ui/tui","Test":"TestActionLanguageCoversRegistry/plan_show","Output":"--- PASS: TestActionLanguageCoversRegistry/plan_show (0.00s)\n","OutputType":"frame"}
{"Time":"2026-09-08T19:30:48.201800012+03:00","Action":"pass","Package":"virmill.local/core/internal/ui/tui","Test":"TestActionLanguageCoversRegistry/plan_show","Elapsed":0}
{"Time":"2026-09-08T19:30:48.20181951+03:00","Action":"output","Package":"virmill.local/core/internal/ui/tui","Test":"TestActionLanguageCoversRegistry","Output":"--- PASS: TestActionLanguageCoversRegistry (0.00s)\n","OutputType":"frame"}
{"Time":"2026-09-08T19:30:48.201829375+03:00","Action":"pass","Package":"virmill.local/core/internal/ui/tui","Test":"TestActionLanguageCoversRegistry","Elapsed":0}
{"Time":"2026-09-08T19:30:48.201841695+03:00","Action":"run","Package":"virmill.local/core/internal/ui/tui","Test":"TestActionLanguageExplainsDisruptionAndRecovery"}
{"Time":"2026-09-08T19:30:48.201843651+03:00","Action":"output","Package":"virmill.local/core/internal/ui/tui","Test":"TestActionLanguageExplainsDisruptionAndRecovery","Output":"=== RUN   TestActionLanguageExplainsDisruptionAndRecovery\n","OutputType":"frame"}
{"Time":"2026-09-08T19:30:48.201865193+03:00","Action":"output","Package":"virmill.local/core/internal/ui/tui","Test":"TestActionLanguageExplainsDisruptionAndRecovery","Output":"--- PASS: TestActionLanguageExplainsDisruptionAndRecovery (0.00s)\n","OutputType":"frame"}
{"Time":"2026-09-08T19:30:48.201867958+03:00","Action":"pass","Package":"virmill.local/core/internal/ui/tui","Test":"TestActionLanguageExplainsDisruptionAndRecovery","Elapsed":0}
{"Time":"2026-09-08T19:30:48.201876063+03:00","Action":"run","Package":"virmill.local/core/internal/ui/tui","Test":"TestUnknownActionLanguageDoesNotExposeUntrustedCommand"}
{"Time":"2026-09-08T19:30:48.201878096+03:00","Action":"output","Package":"virmill.local/core/internal/ui/tui","Test":"TestUnknownActionLanguageDoesNotExposeUntrustedCommand","Output":"=== RUN   TestUnknownActionLanguageDoesNotExposeUntrustedCommand\n","OutputType":"frame"}
{"Time":"2026-09-08T19:30:48.201896004+03:00","Action":"output","Package":"virmill.local/core/internal/ui/tui","Test":"TestUnknownActionLanguageDoesNotExposeUntrustedCommand","Output":"--- PASS: TestUnknownActionLanguageDoesNotExposeUntrustedCommand (0.00s)\n","OutputType":"frame"}
{"Time":"2026-09-08T19:30:48.201902422+03:00","Action":"pass","Package":"virmill.local/core/internal/ui/tui","Test":"TestUnknownActionLanguageDoesNotExposeUntrustedCommand","Elapsed":0}
{"Time":"2026-09-08T19:30:48.201910357+03:00","Action":"run","Package":"virmill.local/core/internal/ui/tui","Test":"TestTaskMenuGroupsAndSearchByPlainLanguage"}
{"Time":"2026-09-08T19:30:48.201912378+03:00","Action":"output","Package":"virmill.local/core/internal/ui/tui","Test":"TestTaskMenuGroupsAndSearchByPlainLanguage","Output":"=== RUN   TestTaskMenuGroupsAndSearchByPlainLanguage\n","OutputType":"frame"}
{"Time":"2026-09-08T19:30:48.205490947+03:00","Action":"output","Package":"virmill.local/core/internal/ui/tui","Test":"TestTaskMenuGroupsAndSearchByPlainLanguage","Output":"--- PASS: TestTaskMenuGroupsAndSearchByPlainLanguage (0.00s)\n","OutputType":"frame"}
{"Time":"2026-09-08T19:30:48.205506742+03:00","Action":"pass","Package":"virmill.local/core/internal/ui/tui","Test":"TestTaskMenuGroupsAndSearchByPlainLanguage","Elapsed":0}
{"Time":"2026-09-08T19:30:48.20552378+03:00","Action":"run","Package":"virmill.local/core/internal/ui/tui","Test":"TestPowerTaskUsesSelectedVMWithoutAnotherIDForm"}
{"Time":"2026-09-08T19:30:48.205525764+03:00","Action":"output","Package":"virmill.local/core/internal/ui/tui","Test":"TestPowerTaskUsesSelectedVMWithoutAnotherIDForm","Output":"=== RUN   TestPowerTaskUsesSelectedVMWithoutAnotherIDForm\n","OutputType":"frame"}
{"Time":"2026-09-08T19:30:48.208177327+03:00","Action":"output","Package":"virmill.local/core/internal/ui/tui","Test":"TestPowerTaskUsesSelectedVMWithoutAnotherIDForm","Output":"--- PASS: TestPowerTaskUsesSelectedVMWithoutAnotherIDForm (0.00s)\n","OutputType":"frame"}
{"Time":"2026-09-08T19:30:48.208185879+03:00","Action":"pass","Package":"virmill.local/core/internal/ui/tui","Test":"TestPowerTaskUsesSelectedVMWithoutAnotherIDForm","Elapsed":0}
{"Time":"2026-09-08T19:30:48.208199373+03:00","Action":"run","Package":"virmill.local/core/internal/ui/tui","Test":"TestTaskMenuEveryRowAndFocusedButtonVisibleWhenNarrow"}
{"Time":"2026-09-08T19:30:48.208201109+03:00","Action":"output","Package":"virmill.local/core/internal/ui/tui","Test":"TestTaskMenuEveryRowAndFocusedButtonVisibleWhenNarrow","Output":"=== RUN   TestTaskMenuEveryRowAndFocusedButtonVisibleWhenNarrow\n","OutputType":"frame"}
{"Time":"2026-09-08T19:30:48.248179259+03:00","Action":"output","Package":"virmill.local/core/internal/ui/tui","Test":"TestTaskMenuEveryRowAndFocusedButtonVisibleWhenNarrow","Output":"--- PASS: TestTaskMenuEveryRowAndFocusedButtonVisibleWhenNarrow (0.04s)\n","OutputType":"frame"}
{"Time":"2026-09-08T19:30:48.248211608+03:00","Action":"pass","Package":"virmill.local/core/internal/ui/tui","Test":"TestTaskMenuEveryRowAndFocusedButtonVisibleWhenNarrow","Elapsed":0.04}
{"Time":"2026-09-08T19:30:48.248217809+03:00","Action":"run","Package":"virmill.local/core/internal/ui/tui","Test":"TestAllToolsCategoriesAndImportSources"}
{"Time":"2026-09-08T19:30:48.248219583+03:00","Action":"output","Package":"virmill.local/core/internal/ui/tui","Test":"TestAllToolsCategoriesAndImportSources","Output":"=== RUN   TestAllToolsCategoriesAndImportSources\n","OutputType":"frame"}
{"Time":"2026-09-08T19:30:48.249081309+03:00","Action":"output","Package":"virmill.local/core/internal/ui/tui","Test":"TestAllToolsCategoriesAndImportSources","Output":"--- PASS: TestAllToolsCategoriesAndImportSources (0.00s)\n","OutputType":"frame"}
{"Time":"2026-09-08T19:30:48.249097171+03:00","Action":"pass","Package":"virmill.local/core/internal/ui/tui","Test":"TestAllToolsCategoriesAndImportSources","Elapsed":0}
{"Time":"2026-09-08T19:30:48.249109581+03:00","Action":"run","Package":"virmill.local/core/internal/ui/tui","Test":"TestCancelReadOnlyTaskIgnoresLateDetail"}
{"Time":"2026-09-08T19:30:48.249111609+03:00","Action":"output","Package":"virmill.local/core/internal/ui/tui","Test":"TestCancelReadOnlyTaskIgnoresLateDetail","Output":"=== RUN   TestCancelReadOnlyTaskIgnoresLateDetail\n","OutputType":"frame"}
{"Time":"2026-09-08T19:30:48.249515095+03:00","Action":"output","Package":"virmill.local/core/internal/ui/tui","Test":"TestCancelReadOnlyTaskIgnoresLateDetail","Output":"--- PASS: TestCancelReadOnlyTaskIgnoresLateDetail (0.00s)\n","OutputType":"frame"}
{"Time":"2026-09-08T19:30:48.249520446+03:00","Action":"pass","Package":"virmill.local/core/internal/ui/tui","Test":"TestCancelReadOnlyTaskIgnoresLateDetail","Elapsed":0}
{"Time":"2026-09-08T19:30:48.249533712+03:00","Action":"run","Package":"virmill.local/core/internal/ui/tui","Test":"TestAuxiliaryTUIJSONFormAndCurrentPagedSharedObservation"}
{"Time":"2026-09-08T19:30:48.249535564+03:00","Action":"output","Package":"virmill.local/core/internal/ui/tui","Test":"TestAuxiliaryTUIJSONFormAndCurrentPagedSharedObservation","Output":"=== RUN   TestAuxiliaryTUIJSONFormAndCurrentPagedSharedObservation\n","OutputType":"frame"}
{"Time":"2026-09-08T19:30:48.252298794+03:00","Action":"output","Package":"virmill.local/core/internal/ui/cli","Test":"TestAuxiliaryCLIMachineOutputPreservesSharedReadOnlyObservation/json","Output":"--- PASS: TestAuxiliaryCLIMachineOutputPreservesSharedReadOnlyObservation/json (0.07s)\n","OutputType":"frame"}
{"Time":"2026-09-08T19:30:48.252341784+03:00","Action":"pass","Package":"virmill.local/core/internal/ui/cli","Test":"TestAuxiliaryCLIMachineOutputPreservesSharedReadOnlyObservation/json","Elapsed":0.07}
{"Time":"2026-09-08T19:30:48.252373592+03:00","Action":"run","Package":"virmill.local/core/internal/ui/cli","Test":"TestAuxiliaryCLIMachineOutputPreservesSharedReadOnlyObservation/ndjson"}
{"Time":"2026-09-08T19:30:48.252375826+03:00","Action":"output","Package":"virmill.local/core/internal/ui/cli","Test":"TestAuxiliaryCLIMachineOutputPreservesSharedReadOnlyObservation/ndjson","Output":"=== RUN   TestAuxiliaryCLIMachineOutputPreservesSharedReadOnlyObservation/ndjson\n","OutputType":"frame"}
{"Time":"2026-09-08T19:30:48.255229457+03:00","Action":"output","Package":"virmill.local/core/internal/ui/cli","Test":"TestAuxiliaryCLIMachineOutputPreservesSharedReadOnlyObservation/ndjson","Output":"--- PASS: TestAuxiliaryCLIMachineOutputPreservesSharedReadOnlyObservation/ndjson (0.00s)\n","OutputType":"frame"}
{"Time":"2026-09-08T19:30:48.255244892+03:00","Action":"pass","Package":"virmill.local/core/internal/ui/cli","Test":"TestAuxiliaryCLIMachineOutputPreservesSharedReadOnlyObservation/ndjson","Elapsed":0}
{"Time":"2026-09-08T19:30:48.255800153+03:00","Action":"output","Package":"virmill.local/core/internal/ui/cli","Test":"TestAuxiliaryCLIMachineOutputPreservesSharedReadOnlyObservation","Output":"--- PASS: TestAuxiliaryCLIMachineOutputPreservesSharedReadOnlyObservation (0.07s)\n","OutputType":"frame"}
{"Time":"2026-09-08T19:30:48.255809872+03:00","Action":"pass","Package":"virmill.local/core/internal/ui/cli","Test":"TestAuxiliaryCLIMachineOutputPreservesSharedReadOnlyObservation","Elapsed":0.07}
{"Time":"2026-09-08T19:30:48.255832005+03:00","Action":"run","Package":"virmill.local/core/internal/ui/cli","Test":"TestAuxiliaryCLIErrorsAndCancellationDoNotReturnMetadata"}
{"Time":"2026-09-08T19:30:48.25583374+03:00","Action":"output","Package":"virmill.local/core/internal/ui/cli","Test":"TestAuxiliaryCLIErrorsAndCancellationDoNotReturnMetadata","Output":"=== RUN   TestAuxiliaryCLIErrorsAndCancellationDoNotReturnMetadata\n","OutputType":"frame"}
{"Time":"2026-09-08T19:30:48.255855227+03:00","Action":"run","Package":"virmill.local/core/internal/ui/cli","Test":"TestAuxiliaryCLIErrorsAndCancellationDoNotReturnMetadata/json/unknown-input"}
{"Time":"2026-09-08T19:30:48.255857564+03:00","Action":"output","Package":"virmill.local/core/internal/ui/cli","Test":"TestAuxiliaryCLIErrorsAndCancellationDoNotReturnMetadata/json/unknown-input","Output":"=== RUN   TestAuxiliaryCLIErrorsAndCancellationDoNotReturnMetadata/json/unknown-input\n","OutputType":"frame"}
{"Time":"2026-09-08T19:30:48.257345692+03:00","Action":"output","Package":"virmill.local/core/internal/ui/cli","Test":"TestAuxiliaryCLIErrorsAndCancellationDoNotReturnMetadata/json/unknown-input","Output":"--- PASS: TestAuxiliaryCLIErrorsAndCancellationDoNotReturnMetadata/json/unknown-input (0.00s)\n","OutputType":"frame"}
{"Time":"2026-09-08T19:30:48.25736098+03:00","Action":"pass","Package":"virmill.local/core/internal/ui/cli","Test":"TestAuxiliaryCLIErrorsAndCancellationDoNotReturnMetadata/json/unknown-input","Elapsed":0}
{"Time":"2026-09-08T19:30:48.25737595+03:00","Action":"run","Package":"virmill.local/core/internal/ui/cli","Test":"TestAuxiliaryCLIErrorsAndCancellationDoNotReturnMetadata/json/missing-root"}
{"Time":"2026-09-08T19:30:48.257379426+03:00","Action":"output","Package":"virmill.local/core/internal/ui/cli","Test":"TestAuxiliaryCLIErrorsAndCancellationDoNotReturnMetadata/json/missing-root","Output":"=== RUN   TestAuxiliaryCLIErrorsAndCancellationDoNotReturnMetadata/json/missing-root\n","OutputType":"frame"}
{"Time":"2026-09-08T19:30:48.258536907+03:00","Action":"output","Package":"virmill.local/core/internal/ui/cli","Test":"TestAuxiliaryCLIErrorsAndCancellationDoNotReturnMetadata/json/missing-root","Output":"--- PASS: TestAuxiliaryCLIErrorsAndCancellationDoNotReturnMetadata/json/missing-root (0.00s)\n","OutputType":"frame"}
{"Time":"2026-09-08T19:30:48.25855183+03:00","Action":"pass","Package":"virmill.local/core/internal/ui/cli","Test":"TestAuxiliaryCLIErrorsAndCancellationDoNotReturnMetadata/json/missing-root","Elapsed":0}
{"Time":"2026-09-08T19:30:48.258568862+03:00","Action":"run","Package":"virmill.local/core/internal/ui/cli","Test":"TestAuxiliaryCLIErrorsAndCancellationDoNotReturnMetadata/json/unapproved-root"}
{"Time":"2026-09-08T19:30:48.258570963+03:00","Action":"output","Package":"virmill.local/core/internal/ui/cli","Test":"TestAuxiliaryCLIErrorsAndCancellationDoNotReturnMetadata/json/unapproved-root","Output":"=== RUN   TestAuxiliaryCLIErrorsAndCancellationDoNotReturnMetadata/json/unapproved-root\n","OutputType":"frame"}
{"Time":"2026-09-08T19:30:48.259874178+03:00","Action":"output","Package":"virmill.local/core/internal/ui/cli","Test":"TestAuxiliaryCLIErrorsAndCancellationDoNotReturnMetadata/json/unapproved-root","Output":"--- PASS: TestAuxiliaryCLIErrorsAndCancellationDoNotReturnMetadata/json/unapproved-root (0.00s)\n","OutputType":"frame"}
{"Time":"2026-09-08T19:30:48.25988348+03:00","Action":"pass","Package":"virmill.local/core/internal/ui/cli","Test":"TestAuxiliaryCLIErrorsAndCancellationDoNotReturnMetadata/json/unapproved-root","Elapsed":0}
{"Time":"2026-09-08T19:30:48.259907937+03:00","Action":"run","Package":"virmill.local/core/internal/ui/cli","Test":"TestAuxiliaryCLIErrorsAndCancellationDoNotReturnMetadata/json/session"}
{"Time":"2026-09-08T19:30:48.259911813+03:00","Action":"output","Package":"virmill.local/core/internal/ui/cli","Test":"TestAuxiliaryCLIErrorsAndCancellationDoNotReturnMetadata/json/session","Output":"=== RUN   TestAuxiliaryCLIErrorsAndCancellationDoNotReturnMetadata/json/session\n","OutputType":"frame"}
{"Time":"2026-09-08T19:30:48.261983659+03:00","Action":"output","Package":"virmill.local/core/internal/ui/cli","Test":"TestAuxiliaryCLIErrorsAndCancellationDoNotReturnMetadata/json/session","Output":"--- PASS: TestAuxiliaryCLIErrorsAndCancellationDoNotReturnMetadata/json/session (0.00s)\n","OutputType":"frame"}
{"Time":"2026-09-08T19:30:48.262007074+03:00","Action":"pass","Package":"virmill.local/core/internal/ui/cli","Test":"TestAuxiliaryCLIErrorsAndCancellationDoNotReturnMetadata/json/session","Elapsed":0}
{"Time":"2026-09-08T19:30:48.262030723+03:00","Action":"run","Package":"virmill.local/core/internal/ui/cli","Test":"TestAuxiliaryCLIErrorsAndCancellationDoNotReturnMetadata/json/root-actor"}
{"Time":"2026-09-08T19:30:48.262033167+03:00","Action":"output","Package":"virmill.local/core/internal/ui/cli","Test":"TestAuxiliaryCLIErrorsAndCancellationDoNotReturnMetadata/json/root-actor","Output":"=== RUN   TestAuxiliaryCLIErrorsAndCancellationDoNotReturnMetadata/json/root-actor\n","OutputType":"frame"}
{"Time":"2026-09-08T19:30:48.263062588+03:00","Action":"output","Package":"virmill.local/core/internal/ui/cli","Test":"TestAuxiliaryCLIErrorsAndCancellationDoNotReturnMetadata/json/root-actor","Output":"--- PASS: TestAuxiliaryCLIErrorsAndCancellationDoNotReturnMetadata/json/root-actor (0.00s)\n","OutputType":"frame"}
{"Time":"2026-09-08T19:30:48.263079867+03:00","Action":"pass","Package":"virmill.local/core/internal/ui/cli","Test":"TestAuxiliaryCLIErrorsAndCancellationDoNotReturnMetadata/json/root-actor","Elapsed":0}
{"Time":"2026-09-08T19:30:48.263095135+03:00","Action":"run","Package":"virmill.local/core/internal/ui/cli","Test":"TestAuxiliaryCLIErrorsAndCancellationDoNotReturnMetadata/json/native-error"}
{"Time":"2026-09-08T19:30:48.263097937+03:00","Action":"output","Package":"virmill.local/core/internal/ui/cli","Test":"TestAuxiliaryCLIErrorsAndCancellationDoNotReturnMetadata/json/native-error","Output":"=== RUN   TestAuxiliaryCLIErrorsAndCancellationDoNotReturnMetadata/json/native-error\n","OutputType":"frame"}
{"Time":"2026-09-08T19:30:48.264346583+03:00","Action":"output","Package":"virmill.local/core/internal/ui/cli","Test":"TestAuxiliaryCLIErrorsAndCancellationDoNotReturnMetadata/json/native-error","Output":"--- PASS: TestAuxiliaryCLIErrorsAndCancellationDoNotReturnMetadata/json/native-error (0.00s)\n","OutputType":"frame"}
{"Time":"2026-09-08T19:30:48.26436206+03:00","Action":"pass","Package":"virmill.local/core/internal/ui/cli","Test":"TestAuxiliaryCLIErrorsAndCancellationDoNotReturnMetadata/json/native-error","Elapsed":0}
{"Time":"2026-09-08T19:30:48.264386093+03:00","Action":"run","Package":"virmill.local/core/internal/ui/cli","Test":"TestAuxiliaryCLIErrorsAndCancellationDoNotReturnMetadata/json/helper-denied"}
{"Time":"2026-09-08T19:30:48.264388611+03:00","Action":"output","Package":"virmill.local/core/internal/ui/cli","Test":"TestAuxiliaryCLIErrorsAndCancellationDoNotReturnMetadata/json/helper-denied","Output":"=== RUN   TestAuxiliaryCLIErrorsAndCancellationDoNotReturnMetadata/json/helper-denied\n","OutputType":"frame"}
{"Time":"2026-09-08T19:30:48.265809613+03:00","Action":"output","Package":"virmill.local/core/internal/ui/cli","Test":"TestAuxiliaryCLIErrorsAndCancellationDoNotReturnMetadata/json/helper-denied","Output":"--- PASS: TestAuxiliaryCLIErrorsAndCancellationDoNotReturnMetadata/json/helper-denied (0.00s)\n","OutputType":"frame"}
{"Time":"2026-09-08T19:30:48.26582704+03:00","Action":"pass","Package":"virmill.local/core/internal/ui/cli","Test":"TestAuxiliaryCLIErrorsAndCancellationDoNotReturnMetadata/json/helper-denied","Elapsed":0}
{"Time":"2026-09-08T19:30:48.265844446+03:00","Action":"run","Package":"virmill.local/core/internal/ui/cli","Test":"TestAuxiliaryCLIErrorsAndCancellationDoNotReturnMetadata/json/source-change"}
{"Time":"2026-09-08T19:30:48.265846839+03:00","Action":"output","Package":"virmill.local/core/internal/ui/cli","Test":"TestAuxiliaryCLIErrorsAndCancellationDoNotReturnMetadata/json/source-change","Output":"=== RUN   TestAuxiliaryCLIErrorsAndCancellationDoNotReturnMetadata/json/source-change\n","OutputType":"frame"}
{"Time":"2026-09-08T19:30:48.267562486+03:00","Action":"output","Package":"virmill.local/core/internal/ui/cli","Test":"TestAuxiliaryCLIErrorsAndCancellationDoNotReturnMetadata/json/source-change","Output":"--- PASS: TestAuxiliaryCLIErrorsAndCancellationDoNotReturnMetadata/json/source-change (0.00s)\n","OutputType":"frame"}
{"Time":"2026-09-08T19:30:48.267577349+03:00","Action":"pass","Package":"virmill.local/core/internal/ui/cli","Test":"TestAuxiliaryCLIErrorsAndCancellationDoNotReturnMetadata/json/source-change","Elapsed":0}
{"Time":"2026-09-08T19:30:48.267598472+03:00","Action":"run","Package":"virmill.local/core/internal/ui/cli","Test":"TestAuxiliaryCLIErrorsAndCancellationDoNotReturnMetadata/json/pre-cancel"}
{"Time":"2026-09-08T19:30:48.2676011+03:00","Action":"output","Package":"virmill.local/core/internal/ui/cli","Test":"TestAuxiliaryCLIErrorsAndCancellationDoNotReturnMetadata/json/pre-cancel","Output":"=== RUN   TestAuxiliaryCLIErrorsAndCancellationDoNotReturnMetadata/json/pre-cancel\n","OutputType":"frame"}
{"Time":"2026-09-08T19:30:48.268439031+03:00","Action":"output","Package":"virmill.local/core/internal/ui/cli","Test":"TestAuxiliaryCLIErrorsAndCancellationDoNotReturnMetadata/json/pre-cancel","Output":"--- PASS: TestAuxiliaryCLIErrorsAndCancellationDoNotReturnMetadata/json/pre-cancel (0.00s)\n","OutputType":"frame"}
{"Time":"2026-09-08T19:30:48.268449672+03:00","Action":"pass","Package":"virmill.local/core/internal/ui/cli","Test":"TestAuxiliaryCLIErrorsAndCancellationDoNotReturnMetadata/json/pre-cancel","Elapsed":0}
{"Time":"2026-09-08T19:30:48.268471244+03:00","Action":"run","Package":"virmill.local/core/internal/ui/cli","Test":"TestAuxiliaryCLIErrorsAndCancellationDoNotReturnMetadata/json/post-cancel"}
{"Time":"2026-09-08T19:30:48.268473127+03:00","Action":"output","Package":"virmill.local/core/internal/ui/cli","Test":"TestAuxiliaryCLIErrorsAndCancellationDoNotReturnMetadata/json/post-cancel","Output":"=== RUN   TestAuxiliaryCLIErrorsAndCancellationDoNotReturnMetadata/json/post-cancel\n","OutputType":"frame"}
{"Time":"2026-09-08T19:30:48.270758351+03:00","Action":"output","Package":"virmill.local/core/internal/ui/cli","Test":"TestAuxiliaryCLIErrorsAndCancellationDoNotReturnMetadata/json/post-cancel","Output":"--- PASS: TestAuxiliaryCLIErrorsAndCancellationDoNotReturnMetadata/json/post-cancel (0.00s)\n","OutputType":"frame"}
{"Time":"2026-09-08T19:30:48.27078454+03:00","Action":"pass","Package":"virmill.local/core/internal/ui/cli","Test":"TestAuxiliaryCLIErrorsAndCancellationDoNotReturnMetadata/json/post-cancel","Elapsed":0}
{"Time":"2026-09-08T19:30:48.270794362+03:00","Action":"run","Package":"virmill.local/core/internal/ui/cli","Test":"TestAuxiliaryCLIErrorsAndCancellationDoNotReturnMetadata/json/transport"}
{"Time":"2026-09-08T19:30:48.270801842+03:00","Action":"output","Package":"virmill.local/core/internal/ui/cli","Test":"TestAuxiliaryCLIErrorsAndCancellationDoNotReturnMetadata/json/transport","Output":"=== RUN   TestAuxiliaryCLIErrorsAndCancellationDoNotReturnMetadata/json/transport\n","OutputType":"frame"}
{"Time":"2026-09-08T19:30:48.271532811+03:00","Action":"output","Package":"virmill.local/core/internal/ui/cli","Test":"TestAuxiliaryCLIErrorsAndCancellationDoNotReturnMetadata/json/transport","Output":"--- PASS: TestAuxiliaryCLIErrorsAndCancellationDoNotReturnMetadata/json/transport (0.00s)\n","OutputType":"frame"}
{"Time":"2026-09-08T19:30:48.271539978+03:00","Action":"pass","Package":"virmill.local/core/internal/ui/cli","Test":"TestAuxiliaryCLIErrorsAndCancellationDoNotReturnMetadata/json/transport","Elapsed":0}
{"Time":"2026-09-08T19:30:48.271556513+03:00","Action":"run","Package":"virmill.local/core/internal/ui/cli","Test":"TestAuxiliaryCLIErrorsAndCancellationDoNotReturnMetadata/ndjson/unknown-input"}
{"Time":"2026-09-08T19:30:48.271560412+03:00","Action":"output","Package":"virmill.local/core/internal/ui/cli","Test":"TestAuxiliaryCLIErrorsAndCancellationDoNotReturnMetadata/ndjson/unknown-input","Output":"=== RUN   TestAuxiliaryCLIErrorsAndCancellationDoNotReturnMetadata/ndjson/unknown-input\n","OutputType":"frame"}
{"Time":"2026-09-08T19:30:48.272580247+03:00","Action":"output","Package":"virmill.local/core/internal/ui/cli","Test":"TestAuxiliaryCLIErrorsAndCancellationDoNotReturnMetadata/ndjson/unknown-input","Output":"--- PASS: TestAuxiliaryCLIErrorsAndCancellationDoNotReturnMetadata/ndjson/unknown-input (0.00s)\n","OutputType":"frame"}
{"Time":"2026-09-08T19:30:48.272588242+03:00","Action":"pass","Package":"virmill.local/core/internal/ui/cli","Test":"TestAuxiliaryCLIErrorsAndCancellationDoNotReturnMetadata/ndjson/unknown-input","Elapsed":0}
{"Time":"2026-09-08T19:30:48.272609606+03:00","Action":"run","Package":"virmill.local/core/internal/ui/cli","Test":"TestAuxiliaryCLIErrorsAndCancellationDoNotReturnMetadata/ndjson/missing-root"}
{"Time":"2026-09-08T19:30:48.272612784+03:00","Action":"output","Package":"virmill.local/core/internal/ui/cli","Test":"TestAuxiliaryCLIErrorsAndCancellationDoNotReturnMetadata/ndjson/missing-root","Output":"=== RUN   TestAuxiliaryCLIErrorsAndCancellationDoNotReturnMetadata/ndjson/missing-root\n","OutputType":"frame"}
{"Time":"2026-09-08T19:30:48.273502085+03:00","Action":"output","Package":"virmill.local/core/internal/ui/cli","Test":"TestAuxiliaryCLIErrorsAndCancellationDoNotReturnMetadata/ndjson/missing-root","Output":"--- PASS: TestAuxiliaryCLIErrorsAndCancellationDoNotReturnMetadata/ndjson/missing-root (0.00s)\n","OutputType":"frame"}
{"Time":"2026-09-08T19:30:48.27351074+03:00","Action":"pass","Package":"virmill.local/core/internal/ui/cli","Test":"TestAuxiliaryCLIErrorsAndCancellationDoNotReturnMetadata/ndjson/missing-root","Elapsed":0}
{"Time":"2026-09-08T19:30:48.273527282+03:00","Action":"run","Package":"virmill.local/core/internal/ui/cli","Test":"TestAuxiliaryCLIErrorsAndCancellationDoNotReturnMetadata/ndjson/unapproved-root"}
{"Time":"2026-09-08T19:30:48.273530845+03:00","Action":"output","Package":"virmill.local/core/internal/ui/cli","Test":"TestAuxiliaryCLIErrorsAndCancellationDoNotReturnMetadata/ndjson/unapproved-root","Output":"=== RUN   TestAuxiliaryCLIErrorsAndCancellationDoNotReturnMetadata/ndjson/unapproved-root\n","OutputType":"frame"}
{"Time":"2026-09-08T19:30:48.274540089+03:00","Action":"output","Package":"virmill.local/core/internal/ui/cli","Test":"TestAuxiliaryCLIErrorsAndCancellationDoNotReturnMetadata/ndjson/unapproved-root","Output":"--- PASS: TestAuxiliaryCLIErrorsAndCancellationDoNotReturnMetadata/ndjson/unapproved-root (0.00s)\n","OutputType":"frame"}
{"Time":"2026-09-08T19:30:48.274556278+03:00","Action":"pass","Package":"virmill.local/core/internal/ui/cli","Test":"TestAuxiliaryCLIErrorsAndCancellationDoNotReturnMetadata/ndjson/unapproved-root","Elapsed":0}
{"Time":"2026-09-08T19:30:48.274561985+03:00","Action":"run","Package":"virmill.local/core/internal/ui/cli","Test":"TestAuxiliaryCLIErrorsAndCancellationDoNotReturnMetadata/ndjson/session"}
{"Time":"2026-09-08T19:30:48.274565166+03:00","Action":"output","Package":"virmill.local/core/internal/ui/cli","Test":"TestAuxiliaryCLIErrorsAndCancellationDoNotReturnMetadata/ndjson/session","Output":"=== RUN   TestAuxiliaryCLIErrorsAndCancellationDoNotReturnMetadata/ndjson/session\n","OutputType":"frame"}
{"Time":"2026-09-08T19:30:48.275394996+03:00","Action":"output","Package":"virmill.local/core/internal/ui/cli","Test":"TestAuxiliaryCLIErrorsAndCancellationDoNotReturnMetadata/ndjson/session","Output":"--- PASS: TestAuxiliaryCLIErrorsAndCancellationDoNotReturnMetadata/ndjson/session (0.00s)\n","OutputType":"frame"}
{"Time":"2026-09-08T19:30:48.275411473+03:00","Action":"pass","Package":"virmill.local/core/internal/ui/cli","Test":"TestAuxiliaryCLIErrorsAndCancellationDoNotReturnMetadata/ndjson/session","Elapsed":0}
{"Time":"2026-09-08T19:30:48.275416118+03:00","Action":"run","Package":"virmill.local/core/internal/ui/cli","Test":"TestAuxiliaryCLIErrorsAndCancellationDoNotReturnMetadata/ndjson/root-actor"}
{"Time":"2026-09-08T19:30:48.275419347+03:00","Action":"output","Package":"virmill.local/core/internal/ui/cli","Test":"TestAuxiliaryCLIErrorsAndCancellationDoNotReturnMetadata/ndjson/root-actor","Output":"=== RUN   TestAuxiliaryCLIErrorsAndCancellationDoNotReturnMetadata/ndjson/root-actor\n","OutputType":"frame"}
{"Time":"2026-09-08T19:30:48.276260237+03:00","Action":"output","Package":"virmill.local/core/internal/ui/cli","Test":"TestAuxiliaryCLIErrorsAndCancellationDoNotReturnMetadata/ndjson/root-actor","Output":"--- PASS: TestAuxiliaryCLIErrorsAndCancellationDoNotReturnMetadata/ndjson/root-actor (0.00s)\n","OutputType":"frame"}
{"Time":"2026-09-08T19:30:48.276270566+03:00","Action":"pass","Package":"virmill.local/core/internal/ui/cli","Test":"TestAuxiliaryCLIErrorsAndCancellationDoNotReturnMetadata/ndjson/root-actor","Elapsed":0}
{"Time":"2026-09-08T19:30:48.276286271+03:00","Action":"run","Package":"virmill.local/core/internal/ui/cli","Test":"TestAuxiliaryCLIErrorsAndCancellationDoNotReturnMetadata/ndjson/native-error"}
{"Time":"2026-09-08T19:30:48.276289937+03:00","Action":"output","Package":"virmill.local/core/internal/ui/cli","Test":"TestAuxiliaryCLIErrorsAndCancellationDoNotReturnMetadata/ndjson/native-error","Output":"=== RUN   TestAuxiliaryCLIErrorsAndCancellationDoNotReturnMetadata/ndjson/native-error\n","OutputType":"frame"}
{"Time":"2026-09-08T19:30:48.277330768+03:00","Action":"output","Package":"virmill.local/core/internal/ui/cli","Test":"TestAuxiliaryCLIErrorsAndCancellationDoNotReturnMetadata/ndjson/native-error","Output":"--- PASS: TestAuxiliaryCLIErrorsAndCancellationDoNotReturnMetadata/ndjson/native-error (0.00s)\n","OutputType":"frame"}
{"Time":"2026-09-08T19:30:48.277353346+03:00","Action":"pass","Package":"virmill.local/core/internal/ui/cli","Test":"TestAuxiliaryCLIErrorsAndCancellationDoNotReturnMetadata/ndjson/native-error","Elapsed":0}
{"Time":"2026-09-08T19:30:48.277358515+03:00","Action":"run","Package":"virmill.local/core/internal/ui/cli","Test":"TestAuxiliaryCLIErrorsAndCancellationDoNotReturnMetadata/ndjson/helper-denied"}
{"Time":"2026-09-08T19:30:48.277361234+03:00","Action":"output","Package":"virmill.local/core/internal/ui/cli","Test":"TestAuxiliaryCLIErrorsAndCancellationDoNotReturnMetadata/ndjson/helper-denied","Output":"=== RUN   TestAuxiliaryCLIErrorsAndCancellationDoNotReturnMetadata/ndjson/helper-denied\n","OutputType":"frame"}
{"Time":"2026-09-08T19:30:48.279165477+03:00","Action":"output","Package":"virmill.local/core/internal/ui/cli","Test":"TestAuxiliaryCLIErrorsAndCancellationDoNotReturnMetadata/ndjson/helper-denied","Output":"--- PASS: TestAuxiliaryCLIErrorsAndCancellationDoNotReturnMetadata/ndjson/helper-denied (0.00s)\n","OutputType":"frame"}
{"Time":"2026-09-08T19:30:48.27917974+03:00","Action":"pass","Package":"virmill.local/core/internal/ui/cli","Test":"TestAuxiliaryCLIErrorsAndCancellationDoNotReturnMetadata/ndjson/helper-denied","Elapsed":0}
{"Time":"2026-09-08T19:30:48.27918334+03:00","Action":"run","Package":"virmill.local/core/internal/ui/cli","Test":"TestAuxiliaryCLIErrorsAndCancellationDoNotReturnMetadata/ndjson/source-change"}
{"Time":"2026-09-08T19:30:48.27918482+03:00","Action":"output","Package":"virmill.local/core/internal/ui/cli","Test":"TestAuxiliaryCLIErrorsAndCancellationDoNotReturnMetadata/ndjson/source-change","Output":"=== RUN   TestAuxiliaryCLIErrorsAndCancellationDoNotReturnMetadata/ndjson/source-change\n","OutputType":"frame"}
{"Time":"2026-09-08T19:30:48.280776535+03:00","Action":"output","Package":"virmill.local/core/internal/ui/cli","Test":"TestAuxiliaryCLIErrorsAndCancellationDoNotReturnMetadata/ndjson/source-change","Output":"--- PASS: TestAuxiliaryCLIErrorsAndCancellationDoNotReturnMetadata/ndjson/source-change (0.00s)\n","OutputType":"frame"}
{"Time":"2026-09-08T19:30:48.280790929+03:00","Action":"pass","Package":"virmill.local/core/internal/ui/cli","Test":"TestAuxiliaryCLIErrorsAndCancellationDoNotReturnMetadata/ndjson/source-change","Elapsed":0}
{"Time":"2026-09-08T19:30:48.280803701+03:00","Action":"run","Package":"virmill.local/core/internal/ui/cli","Test":"TestAuxiliaryCLIErrorsAndCancellationDoNotReturnMetadata/ndjson/pre-cancel"}
{"Time":"2026-09-08T19:30:48.280806552+03:00","Action":"output","Package":"virmill.local/core/internal/ui/cli","Test":"TestAuxiliaryCLIErrorsAndCancellationDoNotReturnMetadata/ndjson/pre-cancel","Output":"=== RUN   TestAuxiliaryCLIErrorsAndCancellationDoNotReturnMetadata/ndjson/pre-cancel\n","OutputType":"frame"}
{"Time":"2026-09-08T19:30:48.281823092+03:00","Action":"output","Package":"virmill.local/core/internal/ui/cli","Test":"TestAuxiliaryCLIErrorsAndCancellationDoNotReturnMetadata/ndjson/pre-cancel","Output":"--- PASS: TestAuxiliaryCLIErrorsAndCancellationDoNotReturnMetadata/ndjson/pre-cancel (0.00s)\n","OutputType":"frame"}
{"Time":"2026-09-08T19:30:48.281830701+03:00","Action":"pass","Package":"virmill.local/core/internal/ui/cli","Test":"TestAuxiliaryCLIErrorsAndCancellationDoNotReturnMetadata/ndjson/pre-cancel","Elapsed":0}
{"Time":"2026-09-08T19:30:48.281859884+03:00","Action":"run","Package":"virmill.local/core/internal/ui/cli","Test":"TestAuxiliaryCLIErrorsAndCancellationDoNotReturnMetadata/ndjson/post-cancel"}
{"Time":"2026-09-08T19:30:48.281862555+03:00","Action":"output","Package":"virmill.local/core/internal/ui/cli","Test":"TestAuxiliaryCLIErrorsAndCancellationDoNotReturnMetadata/ndjson/post-cancel","Output":"=== RUN   TestAuxiliaryCLIErrorsAndCancellationDoNotReturnMetadata/ndjson/post-cancel\n","OutputType":"frame"}
{"Time":"2026-09-08T19:30:48.283565878+03:00","Action":"output","Package":"virmill.local/core/internal/ui/cli","Test":"TestAuxiliaryCLIErrorsAndCancellationDoNotReturnMetadata/ndjson/post-cancel","Output":"--- PASS: TestAuxiliaryCLIErrorsAndCancellationDoNotReturnMetadata/ndjson/post-cancel (0.00s)\n","OutputType":"frame"}
{"Time":"2026-09-08T19:30:48.283575096+03:00","Action":"pass","Package":"virmill.local/core/internal/ui/cli","Test":"TestAuxiliaryCLIErrorsAndCancellationDoNotReturnMetadata/ndjson/post-cancel","Elapsed":0}
{"Time":"2026-09-08T19:30:48.2835933+03:00","Action":"run","Package":"virmill.local/core/internal/ui/cli","Test":"TestAuxiliaryCLIErrorsAndCancellationDoNotReturnMetadata/ndjson/transport"}
{"Time":"2026-09-08T19:30:48.283595098+03:00","Action":"output","Package":"virmill.local/core/internal/ui/cli","Test":"TestAuxiliaryCLIErrorsAndCancellationDoNotReturnMetadata/ndjson/transport","Output":"=== RUN   TestAuxiliaryCLIErrorsAndCancellationDoNotReturnMetadata/ndjson/transport\n","OutputType":"frame"}
{"Time":"2026-09-08T19:30:48.284388158+03:00","Action":"output","Package":"virmill.local/core/internal/ui/cli","Test":"TestAuxiliaryCLIErrorsAndCancellationDoNotReturnMetadata/ndjson/transport","Output":"--- PASS: TestAuxiliaryCLIErrorsAndCancellationDoNotReturnMetadata/ndjson/transport (0.00s)\n","OutputType":"frame"}
{"Time":"2026-09-08T19:30:48.284396333+03:00","Action":"pass","Package":"virmill.local/core/internal/ui/cli","Test":"TestAuxiliaryCLIErrorsAndCancellationDoNotReturnMetadata/ndjson/transport","Elapsed":0}
{"Time":"2026-09-08T19:30:48.284419629+03:00","Action":"output","Package":"virmill.local/core/internal/ui/cli","Test":"TestAuxiliaryCLIErrorsAndCancellationDoNotReturnMetadata","Output":"--- PASS: TestAuxiliaryCLIErrorsAndCancellationDoNotReturnMetadata (0.03s)\n","OutputType":"frame"}
{"Time":"2026-09-08T19:30:48.284430132+03:00","Action":"pass","Package":"virmill.local/core/internal/ui/cli","Test":"TestAuxiliaryCLIErrorsAndCancellationDoNotReturnMetadata","Elapsed":0.03}
{"Time":"2026-09-08T19:30:48.284442478+03:00","Action":"run","Package":"virmill.local/core/internal/ui/cli","Test":"TestAuxiliaryCLIStrictJSONRefusesBeforeDispatch"}
{"Time":"2026-09-08T19:30:48.284444871+03:00","Action":"output","Package":"virmill.local/core/internal/ui/cli","Test":"TestAuxiliaryCLIStrictJSONRefusesBeforeDispatch","Output":"=== RUN   TestAuxiliaryCLIStrictJSONRefusesBeforeDispatch\n","OutputType":"frame"}
{"Time":"2026-09-08T19:30:48.284464609+03:00","Action":"run","Package":"virmill.local/core/internal/ui/cli","Test":"TestAuxiliaryCLIStrictJSONRefusesBeforeDispatch/{\"rootID\":\"state\",\"rootID\":\"other\"}"}
{"Time":"2026-09-08T19:30:48.284467824+03:00","Action":"output","Package":"virmill.local/core/internal/ui/cli","Test":"TestAuxiliaryCLIStrictJSONRefusesBeforeDispatch/{\"rootID\":\"state\",\"rootID\":\"other\"}","Output":"=== RUN   TestAuxiliaryCLIStrictJSONRefusesBeforeDispatch/{\"rootID\":\"state\",\"rootID\":\"other\"}\n","OutputType":"frame"}
{"Time":"2026-09-08T19:30:48.284928191+03:00","Action":"output","Package":"virmill.local/core/internal/ui/cli","Test":"TestAuxiliaryCLIStrictJSONRefusesBeforeDispatch/{\"rootID\":\"state\",\"rootID\":\"other\"}","Output":"--- PASS: TestAuxiliaryCLIStrictJSONRefusesBeforeDispatch/{\"rootID\":\"state\",\"rootID\":\"other\"} (0.00s)\n","OutputType":"frame"}
{"Time":"2026-09-08T19:30:48.284938539+03:00","Action":"pass","Package":"virmill.local/core/internal/ui/cli","Test":"TestAuxiliaryCLIStrictJSONRefusesBeforeDispatch/{\"rootID\":\"state\",\"rootID\":\"other\"}","Elapsed":0}
{"Time":"2026-09-08T19:30:48.284950246+03:00","Action":"run","Package":"virmill.local/core/internal/ui/cli","Test":"TestAuxiliaryCLIStrictJSONRefusesBeforeDispatch/{\"rootID\":"}
{"Time":"2026-09-08T19:30:48.284952589+03:00","Action":"output","Package":"virmill.local/core/internal/ui/cli","Test":"TestAuxiliaryCLIStrictJSONRefusesBeforeDispatch/{\"rootID\":","Output":"=== RUN   TestAuxiliaryCLIStrictJSONRefusesBeforeDispatch/{\"rootID\":\n","OutputType":"frame"}
{"Time":"2026-09-08T19:30:48.285421521+03:00","Action":"output","Package":"virmill.local/core/internal/ui/cli","Test":"TestAuxiliaryCLIStrictJSONRefusesBeforeDispatch/{\"rootID\":","Output":"--- PASS: TestAuxiliaryCLIStrictJSONRefusesBeforeDispatch/{\"rootID\": (0.00s)\n","OutputType":"frame"}
{"Time":"2026-09-08T19:30:48.28542825+03:00","Action":"pass","Package":"virmill.local/core/internal/ui/cli","Test":"TestAuxiliaryCLIStrictJSONRefusesBeforeDispatch/{\"rootID\":","Elapsed":0}
{"Time":"2026-09-08T19:30:48.285440692+03:00","Action":"run","Package":"virmill.local/core/internal/ui/cli","Test":"TestAuxiliaryCLIStrictJSONRefusesBeforeDispatch/[]"}
{"Time":"2026-09-08T19:30:48.285442817+03:00","Action":"output","Package":"virmill.local/core/internal/ui/cli","Test":"TestAuxiliaryCLIStrictJSONRefusesBeforeDispatch/[]","Output":"=== RUN   TestAuxiliaryCLIStrictJSONRefusesBeforeDispatch/[]\n","OutputType":"frame"}
{"Time":"2026-09-08T19:30:48.286669145+03:00","Action":"output","Package":"virmill.local/core/internal/ui/cli","Test":"TestAuxiliaryCLIStrictJSONRefusesBeforeDispatch/[]","Output":"--- PASS: TestAuxiliaryCLIStrictJSONRefusesBeforeDispatch/[] (0.00s)\n","OutputType":"frame"}
{"Time":"2026-09-08T19:30:48.286686953+03:00","Action":"pass","Package":"virmill.local/core/internal/ui/cli","Test":"TestAuxiliaryCLIStrictJSONRefusesBeforeDispatch/[]","Elapsed":0}
{"Time":"2026-09-08T19:30:48.286710505+03:00","Action":"run","Package":"virmill.local/core/internal/ui/cli","Test":"TestAuxiliaryCLIStrictJSONRefusesBeforeDispatch/{\"rootID\":\"state\"}_{}"}
{"Time":"2026-09-08T19:30:48.286712901+03:00","Action":"output","Package":"virmill.local/core/internal/ui/cli","Test":"TestAuxiliaryCLIStrictJSONRefusesBeforeDispatch/{\"rootID\":\"state\"}_{}","Output":"=== RUN   TestAuxiliaryCLIStrictJSONRefusesBeforeDispatch/{\"rootID\":\"state\"}_{}\n","OutputType":"frame"}
{"Time":"2026-09-08T19:30:48.287590543+03:00","Action":"output","Package":"virmill.local/core/internal/ui/cli","Test":"TestAuxiliaryCLIStrictJSONRefusesBeforeDispatch/{\"rootID\":\"state\"}_{}","Output":"--- PASS: TestAuxiliaryCLIStrictJSONRefusesBeforeDispatch/{\"rootID\":\"state\"}_{} (0.00s)\n","OutputType":"frame"}
{"Time":"2026-09-08T19:30:48.287609678+03:00","Action":"pass","Package":"virmill.local/core/internal/ui/cli","Test":"TestAuxiliaryCLIStrictJSONRefusesBeforeDispatch/{\"rootID\":\"state\"}_{}","Elapsed":0}
{"Time":"2026-09-08T19:30:48.287654172+03:00","Action":"output","Package":"virmill.local/core/internal/ui/cli","Test":"TestAuxiliaryCLIStrictJSONRefusesBeforeDispatch","Output":"--- PASS: TestAuxiliaryCLIStrictJSONRefusesBeforeDispatch (0.00s)\n","OutputType":"frame"}
{"Time":"2026-09-08T19:30:48.287681233+03:00","Action":"pass","Package":"virmill.local/core/internal/ui/cli","Test":"TestAuxiliaryCLIStrictJSONRefusesBeforeDispatch","Elapsed":0}
{"Time":"2026-09-08T19:30:48.287696743+03:00","Action":"run","Package":"virmill.local/core/internal/ui/cli","Test":"TestVersionedCaptureCLIDeclarationAndTamperedAuxiliaryMember"}
{"Time":"2026-09-08T19:30:48.2876989+03:00","Action":"output","Package":"virmill.local/core/internal/ui/cli","Test":"TestVersionedCaptureCLIDeclarationAndTamperedAuxiliaryMember","Output":"=== RUN   TestVersionedCaptureCLIDeclarationAndTamperedAuxiliaryMember\n","OutputType":"frame"}
{"Time":"2026-09-08T19:30:48.303912903+03:00","Action":"output","Package":"virmill.local/core/internal/ui/cli","Test":"TestVersionedCaptureCLIDeclarationAndTamperedAuxiliaryMember","Output":"--- PASS: TestVersionedCaptureCLIDeclarationAndTamperedAuxiliaryMember (0.02s)\n","OutputType":"frame"}
{"Time":"2026-09-08T19:30:48.3039392+03:00","Action":"pass","Package":"virmill.local/core/internal/ui/cli","Test":"TestVersionedCaptureCLIDeclarationAndTamperedAuxiliaryMember","Elapsed":0.02}
{"Time":"2026-09-08T19:30:48.303947968+03:00","Action":"run","Package":"virmill.local/core/internal/ui/cli","Test":"TestColdRecoveryCLIExactPreviewAndExplicitApply"}
{"Time":"2026-09-08T19:30:48.30395+03:00","Action":"output","Package":"virmill.local/core/internal/ui/cli","Test":"TestColdRecoveryCLIExactPreviewAndExplicitApply","Output":"=== RUN   TestColdRecoveryCLIExactPreviewAndExplicitApply\n","OutputType":"frame"}
{"Time":"2026-09-08T19:30:48.303952182+03:00","Action":"run","Package":"virmill.local/core/internal/ui/cli","Test":"TestColdRecoveryCLIExactPreviewAndExplicitApply/json/create"}
{"Time":"2026-09-08T19:30:48.303953444+03:00","Action":"output","Package":"virmill.local/core/internal/ui/cli","Test":"TestColdRecoveryCLIExactPreviewAndExplicitApply/json/create","Output":"=== RUN   TestColdRecoveryCLIExactPreviewAndExplicitApply/json/create\n","OutputType":"frame"}
{"Time":"2026-09-08T19:30:48.308787571+03:00","Action":"output","Package":"virmill.local/core/internal/ui/cli","Test":"TestColdRecoveryCLIExactPreviewAndExplicitApply/json/create","Output":"--- PASS: TestColdRecoveryCLIExactPreviewAndExplicitApply/json/create (0.00s)\n","OutputType":"frame"}
{"Time":"2026-09-08T19:30:48.308805015+03:00","Action":"pass","Package":"virmill.local/core/internal/ui/cli","Test":"TestColdRecoveryCLIExactPreviewAndExplicitApply/json/create","Elapsed":0}
{"Time":"2026-09-08T19:30:48.308808058+03:00","Action":"run","Package":"virmill.local/core/internal/ui/cli","Test":"TestColdRecoveryCLIExactPreviewAndExplicitApply/json/restore"}
{"Time":"2026-09-08T19:30:48.308809382+03:00","Action":"output","Package":"virmill.local/core/internal/ui/cli","Test":"TestColdRecoveryCLIExactPreviewAndExplicitApply/json/restore","Output":"=== RUN   TestColdRecoveryCLIExactPreviewAndExplicitApply/json/restore\n","OutputType":"frame"}
{"Time":"2026-09-08T19:30:48.312532263+03:00","Action":"output","Package":"virmill.local/core/internal/ui/cli","Test":"TestColdRecoveryCLIExactPreviewAndExplicitApply/json/restore","Output":"--- PASS: TestColdRecoveryCLIExactPreviewAndExplicitApply/json/restore (0.00s)\n","OutputType":"frame"}
{"Time":"2026-09-08T19:30:48.312538666+03:00","Action":"pass","Package":"virmill.local/core/internal/ui/cli","Test":"TestColdRecoveryCLIExactPreviewAndExplicitApply/json/restore","Elapsed":0}
{"Time":"2026-09-08T19:30:48.312557294+03:00","Action":"run","Package":"virmill.local/core/internal/ui/cli","Test":"TestColdRecoveryCLIExactPreviewAndExplicitApply/ndjson/create"}
{"Time":"2026-09-08T19:30:48.312559992+03:00","Action":"output","Package":"virmill.local/core/internal/ui/cli","Test":"TestColdRecoveryCLIExactPreviewAndExplicitApply/ndjson/create","Output":"=== RUN   TestColdRecoveryCLIExactPreviewAndExplicitApply/ndjson/create\n","OutputType":"frame"}
{"Time":"2026-09-08T19:30:48.316518425+03:00","Action":"output","Package":"virmill.local/core/internal/ui/cli","Test":"TestColdRecoveryCLIExactPreviewAndExplicitApply/ndjson/create","Output":"--- PASS: TestColdRecoveryCLIExactPreviewAndExplicitApply/ndjson/create (0.00s)\n","OutputType":"frame"}
{"Time":"2026-09-08T19:30:48.31653565+03:00","Action":"pass","Package":"virmill.local/core/internal/ui/cli","Test":"TestColdRecoveryCLIExactPreviewAndExplicitApply/ndjson/create","Elapsed":0}
{"Time":"2026-09-08T19:30:48.316552388+03:00","Action":"run","Package":"virmill.local/core/internal/ui/cli","Test":"TestColdRecoveryCLIExactPreviewAndExplicitApply/ndjson/restore"}
{"Time":"2026-09-08T19:30:48.316554061+03:00","Action":"output","Package":"virmill.local/core/internal/ui/cli","Test":"TestColdRecoveryCLIExactPreviewAndExplicitApply/ndjson/restore","Output":"=== RUN   TestColdRecoveryCLIExactPreviewAndExplicitApply/ndjson/restore\n","OutputType":"frame"}
{"Time":"2026-09-08T19:30:48.321767283+03:00","Action":"output","Package":"virmill.local/core/internal/ui/cli","Test":"TestColdRecoveryCLIExactPreviewAndExplicitApply/ndjson/restore","Output":"--- PASS: TestColdRecoveryCLIExactPreviewAndExplicitApply/ndjson/restore (0.01s)\n","OutputType":"frame"}
{"Time":"2026-09-08T19:30:48.321785263+03:00","Action":"pass","Package":"virmill.local/core/internal/ui/cli","Test":"TestColdRecoveryCLIExactPreviewAndExplicitApply/ndjson/restore","Elapsed":0.01}
{"Time":"2026-09-08T19:30:48.321800788+03:00","Action":"output","Package":"virmill.local/core/internal/ui/cli","Test":"TestColdRecoveryCLIExactPreviewAndExplicitApply","Output":"--- PASS: TestColdRecoveryCLIExactPreviewAndExplicitApply (0.02s)\n","OutputType":"frame"}
{"Time":"2026-09-08T19:30:48.321812436+03:00","Action":"pass","Package":"virmill.local/core/internal/ui/cli","Test":"TestColdRecoveryCLIExactPreviewAndExplicitApply","Elapsed":0.02}
{"Time":"2026-09-08T19:30:48.32182698+03:00","Action":"run","Package":"virmill.local/core/internal/ui/cli","Test":"TestColdRecoveryCLIReadOnlyMappingsAndFailures"}
{"Time":"2026-09-08T19:30:48.321829381+03:00","Action":"output","Package":"virmill.local/core/internal/ui/cli","Test":"TestColdRecoveryCLIReadOnlyMappingsAndFailures","Output":"=== RUN   TestColdRecoveryCLIReadOnlyMappingsAndFailures\n","OutputType":"frame"}
{"Time":"2026-09-08T19:30:48.321856075+03:00","Action":"run","Package":"virmill.local/core/internal/ui/cli","Test":"TestColdRecoveryCLIReadOnlyMappingsAndFailures/list"}
{"Time":"2026-09-08T19:30:48.321858705+03:00","Action":"output","Package":"virmill.local/core/internal/ui/cli","Test":"TestColdRecoveryCLIReadOnlyMappingsAndFailures/list","Output":"=== RUN   TestColdRecoveryCLIReadOnlyMappingsAndFailures/list\n","OutputType":"frame"}
{"Time":"2026-09-08T19:30:48.322446901+03:00","Action":"output","Package":"virmill.local/core/internal/ui/cli","Test":"TestColdRecoveryCLIReadOnlyMappingsAndFailures/list","Output":"--- PASS: TestColdRecoveryCLIReadOnlyMappingsAndFailures/list (0.00s)\n","OutputType":"frame"}
{"Time":"2026-09-08T19:30:48.322465317+03:00","Action":"pass","Package":"virmill.local/core/internal/ui/cli","Test":"TestColdRecoveryCLIReadOnlyMappingsAndFailures/list","Elapsed":0}
{"Time":"2026-09-08T19:30:48.322477198+03:00","Action":"run","Package":"virmill.local/core/internal/ui/cli","Test":"TestColdRecoveryCLIReadOnlyMappingsAndFailures/show"}
{"Time":"2026-09-08T19:30:48.322481434+03:00","Action":"output","Package":"virmill.local/core/internal/ui/cli","Test":"TestColdRecoveryCLIReadOnlyMappingsAndFailures/show","Output":"=== RUN   TestColdRecoveryCLIReadOnlyMappingsAndFailures/show\n","OutputType":"frame"}
{"Time":"2026-09-08T19:30:48.323056312+03:00","Action":"output","Package":"virmill.local/core/internal/ui/cli","Test":"TestColdRecoveryCLIReadOnlyMappingsAndFailures/show","Output":"--- PASS: TestColdRecoveryCLIReadOnlyMappingsAndFailures/show (0.00s)\n","OutputType":"frame"}
{"Time":"2026-09-08T19:30:48.323071573+03:00","Action":"pass","Package":"virmill.local/core/internal/ui/cli","Test":"TestColdRecoveryCLIReadOnlyMappingsAndFailures/show","Elapsed":0}
{"Time":"2026-09-08T19:30:48.323082198+03:00","Action":"run","Package":"virmill.local/core/internal/ui/cli","Test":"TestColdRecoveryCLIReadOnlyMappingsAndFailures/canceled"}
{"Time":"2026-09-08T19:30:48.323083889+03:00","Action":"output","Package":"virmill.local/core/internal/ui/cli","Test":"TestColdRecoveryCLIReadOnlyMappingsAndFailures/canceled","Output":"=== RUN   TestColdRecoveryCLIReadOnlyMappingsAndFailures/canceled\n","OutputType":"frame"}
{"Time":"2026-09-08T19:30:48.323678988+03:00","Action":"output","Package":"virmill.local/core/internal/ui/cli","Test":"TestColdRecoveryCLIReadOnlyMappingsAndFailures/canceled","Output":"--- PASS: TestColdRecoveryCLIReadOnlyMappingsAndFailures/canceled (0.00s)\n","OutputType":"frame"}
{"Time":"2026-09-08T19:30:48.323698044+03:00","Action":"pass","Package":"virmill.local/core/internal/ui/cli","Test":"TestColdRecoveryCLIReadOnlyMappingsAndFailures/canceled","Elapsed":0}
{"Time":"2026-09-08T19:30:48.323703688+03:00","Action":"run","Package":"virmill.local/core/internal/ui/cli","Test":"TestColdRecoveryCLIReadOnlyMappingsAndFailures/disconnected"}
{"Time":"2026-09-08T19:30:48.323707118+03:00","Action":"output","Package":"virmill.local/core/internal/ui/cli","Test":"TestColdRecoveryCLIReadOnlyMappingsAndFailures/disconnected","Output":"=== RUN   TestColdRecoveryCLIReadOnlyMappingsAndFailures/disconnected\n","OutputType":"frame"}
{"Time":"2026-09-08T19:30:48.324850628+03:00","Action":"output","Package":"virmill.local/core/internal/ui/cli","Test":"TestColdRecoveryCLIReadOnlyMappingsAndFailures/disconnected","Output":"--- PASS: TestColdRecoveryCLIReadOnlyMappingsAndFailures/disconnected (0.00s)\n","OutputType":"frame"}
{"Time":"2026-09-08T19:30:48.325023796+03:00","Action":"pass","Package":"virmill.local/core/internal/ui/cli","Test":"TestColdRecoveryCLIReadOnlyMappingsAndFailures/disconnected","Elapsed":0}
{"Time":"2026-09-08T19:30:48.325045252+03:00","Action":"run","Package":"virmill.local/core/internal/ui/cli","Test":"TestColdRecoveryCLIReadOnlyMappingsAndFailures/incomplete"}
{"Time":"2026-09-08T19:30:48.325049548+03:00","Action":"output","Package":"virmill.local/core/internal/ui/cli","Test":"TestColdRecoveryCLIReadOnlyMappingsAndFailures/incomplete","Output":"=== RUN   TestColdRecoveryCLIReadOnlyMappingsAndFailures/incomplete\n","OutputType":"frame"}
{"Time":"2026-09-08T19:30:48.325975038+03:00","Action":"output","Package":"virmill.local/core/internal/ui/cli","Test":"TestColdRecoveryCLIReadOnlyMappingsAndFailures/incomplete","Output":"--- PASS: TestColdRecoveryCLIReadOnlyMappingsAndFailures/incomplete (0.00s)\n","OutputType":"frame"}
{"Time":"2026-09-08T19:30:48.325995036+03:00","Action":"pass","Package":"virmill.local/core/internal/ui/cli","Test":"TestColdRecoveryCLIReadOnlyMappingsAndFailures/incomplete","Elapsed":0}
{"Time":"2026-09-08T19:30:48.326037438+03:00","Action":"output","Package":"virmill.local/core/internal/ui/cli","Test":"TestColdRecoveryCLIReadOnlyMappingsAndFailures","Output":"--- PASS: TestColdRecoveryCLIReadOnlyMappingsAndFailures (0.00s)\n","OutputType":"frame"}
{"Time":"2026-09-08T19:30:48.326049786+03:00","Action":"pass","Package":"virmill.local/core/internal/ui/cli","Test":"TestColdRecoveryCLIReadOnlyMappingsAndFailures","Elapsed":0}
{"Time":"2026-09-08T19:30:48.326058222+03:00","Action":"run","Package":"virmill.local/core/internal/ui/cli","Test":"TestColdRecoveryCLIRefusesImplicitApplyAndMalformedInput"}
{"Time":"2026-09-08T19:30:48.326061002+03:00","Action":"output","Package":"virmill.local/core/internal/ui/cli","Test":"TestColdRecoveryCLIRefusesImplicitApplyAndMalformedInput","Output":"=== RUN   TestColdRecoveryCLIRefusesImplicitApplyAndMalformedInput\n","OutputType":"frame"}
{"Time":"2026-09-08T19:30:48.326101567+03:00","Action":"run","Package":"virmill.local/core/internal/ui/cli","Test":"TestColdRecoveryCLIRefusesImplicitApplyAndMalformedInput/create--plan=false"}
{"Time":"2026-09-08T19:30:48.326105573+03:00","Action":"output","Package":"virmill.local/core/internal/ui/cli","Test":"TestColdRecoveryCLIRefusesImplicitApplyAndMalformedInput/create--plan=false","Output":"=== RUN   TestColdRecoveryCLIRefusesImplicitApplyAndMalformedInput/create--plan=false\n","OutputType":"frame"}
{"Time":"2026-09-08T19:30:48.326591028+03:00","Action":"output","Package":"virmill.local/core/internal/ui/cli","Test":"TestColdRecoveryCLIRefusesImplicitApplyAndMalformedInput/create--plan=false","Output":"--- PASS: TestColdRecoveryCLIRefusesImplicitApplyAndMalformedInput/create--plan=false (0.00s)\n","OutputType":"frame"}
{"Time":"2026-09-08T19:30:48.326597716+03:00","Action":"pass","Package":"virmill.local/core/internal/ui/cli","Test":"TestColdRecoveryCLIRefusesImplicitApplyAndMalformedInput/create--plan=false","Elapsed":0}
{"Time":"2026-09-08T19:30:48.326615727+03:00","Action":"run","Package":"virmill.local/core/internal/ui/cli","Test":"TestColdRecoveryCLIRefusesImplicitApplyAndMalformedInput/create--input_{\"sourceRoot\":\"/a\",\"sourceRoot\":\"/b\"}"}
{"Time":"2026-09-08T19:30:48.326619444+03:00","Action":"output","Package":"virmill.local/core/internal/ui/cli","Test":"TestColdRecoveryCLIRefusesImplicitApplyAndMalformedInput/create--input_{\"sourceRoot\":\"/a\",\"sourceRoot\":\"/b\"}","Output":"=== RUN   TestColdRecoveryCLIRefusesImplicitApplyAndMalformedInput/create--input_{\"sourceRoot\":\"/a\",\"sourceRoot\":\"/b\"}\n","OutputType":"frame"}
{"Time":"2026-09-08T19:30:48.32706431+03:00","Action":"output","Package":"virmill.local/core/internal/ui/cli","Test":"TestColdRecoveryCLIRefusesImplicitApplyAndMalformedInput/create--input_{\"sourceRoot\":\"/a\",\"sourceRoot\":\"/b\"}","Output":"--- PASS: TestColdRecoveryCLIRefusesImplicitApplyAndMalformedInput/create--input_{\"sourceRoot\":\"/a\",\"sourceRoot\":\"/b\"} (0.00s)\n","OutputType":"frame"}
{"Time":"2026-09-08T19:30:48.327069544+03:00","Action":"pass","Package":"virmill.local/core/internal/ui/cli","Test":"TestColdRecoveryCLIRefusesImplicitApplyAndMalformedInput/create--input_{\"sourceRoot\":\"/a\",\"sourceRoot\":\"/b\"}","Elapsed":0}
{"Time":"2026-09-08T19:30:48.327086919+03:00","Action":"run","Package":"virmill.local/core/internal/ui/cli","Test":"TestColdRecoveryCLIRefusesImplicitApplyAndMalformedInput/create--input_[]"}
{"Time":"2026-09-08T19:30:48.327090263+03:00","Action":"output","Package":"virmill.local/core/internal/ui/cli","Test":"TestColdRecoveryCLIRefusesImplicitApplyAndMalformedInput/create--input_[]","Output":"=== RUN   TestColdRecoveryCLIRefusesImplicitApplyAndMalformedInput/create--input_[]\n","OutputType":"frame"}
{"Time":"2026-09-08T19:30:48.327532668+03:00","Action":"output","Package":"virmill.local/core/internal/ui/cli","Test":"TestColdRecoveryCLIRefusesImplicitApplyAndMalformedInput/create--input_[]","Output":"--- PASS: TestColdRecoveryCLIRefusesImplicitApplyAndMalformedInput/create--input_[] (0.00s)\n","OutputType":"frame"}
{"Time":"2026-09-08T19:30:48.327539905+03:00","Action":"pass","Package":"virmill.local/core/internal/ui/cli","Test":"TestColdRecoveryCLIRefusesImplicitApplyAndMalformedInput/create--input_[]","Elapsed":0}
{"Time":"2026-09-08T19:30:48.327555823+03:00","Action":"run","Package":"virmill.local/core/internal/ui/cli","Test":"TestColdRecoveryCLIRefusesImplicitApplyAndMalformedInput/restore--plan=false"}
{"Time":"2026-09-08T19:30:48.32755936+03:00","Action":"output","Package":"virmill.local/core/internal/ui/cli","Test":"TestColdRecoveryCLIRefusesImplicitApplyAndMalformedInput/restore--plan=false","Output":"=== RUN   TestColdRecoveryCLIRefusesImplicitApplyAndMalformedInput/restore--plan=false\n","OutputType":"frame"}
{"Time":"2026-09-08T19:30:48.327996782+03:00","Action":"output","Package":"virmill.local/core/internal/ui/cli","Test":"TestColdRecoveryCLIRefusesImplicitApplyAndMalformedInput/restore--plan=false","Output":"--- PASS: TestColdRecoveryCLIRefusesImplicitApplyAndMalformedInput/restore--plan=false (0.00s)\n","OutputType":"frame"}
{"Time":"2026-09-08T19:30:48.328003011+03:00","Action":"pass","Package":"virmill.local/core/internal/ui/cli","Test":"TestColdRecoveryCLIRefusesImplicitApplyAndMalformedInput/restore--plan=false","Elapsed":0}
{"Time":"2026-09-08T19:30:48.328023144+03:00","Action":"run","Package":"virmill.local/core/internal/ui/cli","Test":"TestColdRecoveryCLIRefusesImplicitApplyAndMalformedInput/restore--input_{\"sourceRoot\":\"/a\",\"sourceRoot\":\"/b\"}"}
{"Time":"2026-09-08T19:30:48.328027262+03:00","Action":"output","Package":"virmill.local/core/internal/ui/cli","Test":"TestColdRecoveryCLIRefusesImplicitApplyAndMalformedInput/restore--input_{\"sourceRoot\":\"/a\",\"sourceRoot\":\"/b\"}","Output":"=== RUN   TestColdRecoveryCLIRefusesImplicitApplyAndMalformedInput/restore--input_{\"sourceRoot\":\"/a\",\"sourceRoot\":\"/b\"}\n","OutputType":"frame"}
{"Time":"2026-09-08T19:30:48.328482474+03:00","Action":"output","Package":"virmill.local/core/internal/ui/cli","Test":"TestColdRecoveryCLIRefusesImplicitApplyAndMalformedInput/restore--input_{\"sourceRoot\":\"/a\",\"sourceRoot\":\"/b\"}","Output":"--- PASS: TestColdRecoveryCLIRefusesImplicitApplyAndMalformedInput/restore--input_{\"sourceRoot\":\"/a\",\"sourceRoot\":\"/b\"} (0.00s)\n","OutputType":"frame"}
{"Time":"2026-09-08T19:30:48.328494791+03:00","Action":"pass","Package":"virmill.local/core/internal/ui/cli","Test":"TestColdRecoveryCLIRefusesImplicitApplyAndMalformedInput/restore--input_{\"sourceRoot\":\"/a\",\"sourceRoot\":\"/b\"}","Elapsed":0}
{"Time":"2026-09-08T19:30:48.328502527+03:00","Action":"run","Package":"virmill.local/core/internal/ui/cli","Test":"TestColdRecoveryCLIRefusesImplicitApplyAndMalformedInput/restore--input_[]"}
{"Time":"2026-09-08T19:30:48.32850622+03:00","Action":"output","Package":"virmill.local/core/internal/ui/cli","Test":"TestColdRecoveryCLIRefusesImplicitApplyAndMalformedInput/restore--input_[]","Output":"=== RUN   TestColdRecoveryCLIRefusesImplicitApplyAndMalformedInput/restore--input_[]\n","OutputType":"frame"}
{"Time":"2026-09-08T19:30:48.329664379+03:00","Action":"output","Package":"virmill.local/core/internal/ui/cli","Test":"TestColdRecoveryCLIRefusesImplicitApplyAndMalformedInput/restore--input_[]","Output":"--- PASS: TestColdRecoveryCLIRefusesImplicitApplyAndMalformedInput/restore--input_[] (0.00s)\n","OutputType":"frame"}
{"Time":"2026-09-08T19:30:48.32967663+03:00","Action":"pass","Package":"virmill.local/core/internal/ui/cli","Test":"TestColdRecoveryCLIRefusesImplicitApplyAndMalformedInput/restore--input_[]","Elapsed":0}
{"Time":"2026-09-08T19:30:48.329703402+03:00","Action":"output","Package":"virmill.local/core/internal/ui/cli","Test":"TestColdRecoveryCLIRefusesImplicitApplyAndMalformedInput","Output":"--- PASS: TestColdRecoveryCLIRefusesImplicitApplyAndMalformedInput (0.00s)\n","OutputType":"frame"}
{"Time":"2026-09-08T19:30:48.329716091+03:00","Action":"pass","Package":"virmill.local/core/internal/ui/cli","Test":"TestColdRecoveryCLIRefusesImplicitApplyAndMalformedInput","Elapsed":0}
{"Time":"2026-09-08T19:30:48.329735578+03:00","Action":"run","Package":"virmill.local/core/internal/ui/cli","Test":"TestCreationEstimateCLIShowsAndReusesPersistedReview"}
{"Time":"2026-09-08T19:30:48.329740005+03:00","Action":"output","Package":"virmill.local/core/internal/ui/cli","Test":"TestCreationEstimateCLIShowsAndReusesPersistedReview","Output":"=== RUN   TestCreationEstimateCLIShowsAndReusesPersistedReview\n","OutputType":"frame"}
{"Time":"2026-09-08T19:30:48.329778384+03:00","Action":"run","Package":"virmill.local/core/internal/ui/cli","Test":"TestCreationEstimateCLIShowsAndReusesPersistedReview/table"}
{"Time":"2026-09-08T19:30:48.329782326+03:00","Action":"output","Package":"virmill.local/core/internal/ui/cli","Test":"TestCreationEstimateCLIShowsAndReusesPersistedReview/table","Output":"=== RUN   TestCreationEstimateCLIShowsAndReusesPersistedReview/table\n","OutputType":"frame"}
{"Time":"2026-09-08T19:30:48.341789704+03:00","Action":"output","Package":"virmill.local/core/internal/ui/tui","Test":"TestAuxiliaryTUIJSONFormAndCurrentPagedSharedObservation","Output":"--- PASS: TestAuxiliaryTUIJSONFormAndCurrentPagedSharedObservation (0.09s)\n","OutputType":"frame"}
{"Time":"2026-09-08T19:30:48.341820043+03:00","Action":"pass","Package":"virmill.local/core/internal/ui/tui","Test":"TestAuxiliaryTUIJSONFormAndCurrentPagedSharedObservation","Elapsed":0.09}
{"Time":"2026-09-08T19:30:48.341825995+03:00","Action":"run","Package":"virmill.local/core/internal/ui/tui","Test":"TestAuxiliaryTUIFailuresClearStaleMetadataAndApproval"}
{"Time":"2026-09-08T19:30:48.341827759+03:00","Action":"output","Package":"virmill.local/core/internal/ui/tui","Test":"TestAuxiliaryTUIFailuresClearStaleMetadataAndApproval","Output":"=== RUN   TestAuxiliaryTUIFailuresClearStaleMetadataAndApproval\n","OutputType":"frame"}
{"Time":"2026-09-08T19:30:48.341841913+03:00","Action":"run","Package":"virmill.local/core/internal/ui/tui","Test":"TestAuxiliaryTUIFailuresClearStaleMetadataAndApproval/unknown-input"}
{"Time":"2026-09-08T19:30:48.341843367+03:00","Action":"output","Package":"virmill.local/core/internal/ui/tui","Test":"TestAuxiliaryTUIFailuresClearStaleMetadataAndApproval/unknown-input","Output":"=== RUN   TestAuxiliaryTUIFailuresClearStaleMetadataAndApproval/unknown-input\n","OutputType":"frame"}
{"Time":"2026-09-08T19:30:48.345948938+03:00","Action":"output","Package":"virmill.local/core/internal/ui/tui","Test":"TestAuxiliaryTUIFailuresClearStaleMetadataAndApproval/unknown-input","Output":"--- PASS: TestAuxiliaryTUIFailuresClearStaleMetadataAndApproval/unknown-input (0.00s)\n","OutputType":"frame"}
{"Time":"2026-09-08T19:30:48.345963463+03:00","Action":"pass","Package":"virmill.local/core/internal/ui/tui","Test":"TestAuxiliaryTUIFailuresClearStaleMetadataAndApproval/unknown-input","Elapsed":0}
{"Time":"2026-09-08T19:30:48.345973265+03:00","Action":"run","Package":"virmill.local/core/internal/ui/tui","Test":"TestAuxiliaryTUIFailuresClearStaleMetadataAndApproval/missing-root"}
{"Time":"2026-09-08T19:30:48.345974535+03:00","Action":"output","Package":"virmill.local/core/internal/ui/tui","Test":"TestAuxiliaryTUIFailuresClearStaleMetadataAndApproval/missing-root","Output":"=== RUN   TestAuxiliaryTUIFailuresClearStaleMetadataAndApproval/missing-root\n","OutputType":"frame"}
{"Time":"2026-09-08T19:30:48.349316462+03:00","Action":"output","Package":"virmill.local/core/internal/ui/tui","Test":"TestAuxiliaryTUIFailuresClearStaleMetadataAndApproval/missing-root","Output":"--- PASS: TestAuxiliaryTUIFailuresClearStaleMetadataAndApproval/missing-root (0.00s)\n","OutputType":"frame"}
{"Time":"2026-09-08T19:30:48.349344402+03:00","Action":"pass","Package":"virmill.local/core/internal/ui/tui","Test":"TestAuxiliaryTUIFailuresClearStaleMetadataAndApproval/missing-root","Elapsed":0}
{"Time":"2026-09-08T19:30:48.349357949+03:00","Action":"run","Package":"virmill.local/core/internal/ui/tui","Test":"TestAuxiliaryTUIFailuresClearStaleMetadataAndApproval/unapproved-root"}
{"Time":"2026-09-08T19:30:48.349359292+03:00","Action":"output","Package":"virmill.local/core/internal/ui/tui","Test":"TestAuxiliaryTUIFailuresClearStaleMetadataAndApproval/unapproved-root","Output":"=== RUN   TestAuxiliaryTUIFailuresClearStaleMetadataAndApproval/unapproved-root\n","OutputType":"frame"}
{"Time":"2026-09-08T19:30:48.353288412+03:00","Action":"output","Package":"virmill.local/core/internal/ui/tui","Test":"TestAuxiliaryTUIFailuresClearStaleMetadataAndApproval/unapproved-root","Output":"--- PASS: TestAuxiliaryTUIFailuresClearStaleMetadataAndApproval/unapproved-root (0.00s)\n","OutputType":"frame"}
{"Time":"2026-09-08T19:30:48.353299919+03:00","Action":"pass","Package":"virmill.local/core/internal/ui/tui","Test":"TestAuxiliaryTUIFailuresClearStaleMetadataAndApproval/unapproved-root","Elapsed":0}
{"Time":"2026-09-08T19:30:48.353322869+03:00","Action":"run","Package":"virmill.local/core/internal/ui/tui","Test":"TestAuxiliaryTUIFailuresClearStaleMetadataAndApproval/session"}
{"Time":"2026-09-08T19:30:48.353324556+03:00","Action":"output","Package":"virmill.local/core/internal/ui/tui","Test":"TestAuxiliaryTUIFailuresClearStaleMetadataAndApproval/session","Output":"=== RUN   TestAuxiliaryTUIFailuresClearStaleMetadataAndApproval/session\n","OutputType":"frame"}
{"Time":"2026-09-08T19:30:48.357013746+03:00","Action":"output","Package":"virmill.local/core/internal/ui/tui","Test":"TestAuxiliaryTUIFailuresClearStaleMetadataAndApproval/session","Output":"--- PASS: TestAuxiliaryTUIFailuresClearStaleMetadataAndApproval/session (0.00s)\n","OutputType":"frame"}
{"Time":"2026-09-08T19:30:48.357039915+03:00","Action":"pass","Package":"virmill.local/core/internal/ui/tui","Test":"TestAuxiliaryTUIFailuresClearStaleMetadataAndApproval/session","Elapsed":0}
{"Time":"2026-09-08T19:30:48.35706163+03:00","Action":"run","Package":"virmill.local/core/internal/ui/tui","Test":"TestAuxiliaryTUIFailuresClearStaleMetadataAndApproval/root-actor"}
{"Time":"2026-09-08T19:30:48.35706394+03:00","Action":"output","Package":"virmill.local/core/internal/ui/tui","Test":"TestAuxiliaryTUIFailuresClearStaleMetadataAndApproval/root-actor","Output":"=== RUN   TestAuxiliaryTUIFailuresClearStaleMetadataAndApproval/root-actor\n","OutputType":"frame"}
{"Time":"2026-09-08T19:30:48.361329576+03:00","Action":"output","Package":"virmill.local/core/internal/ui/cli","Test":"TestCreationEstimateCLIShowsAndReusesPersistedReview/table","Output":"--- PASS: TestCreationEstimateCLIShowsAndReusesPersistedReview/table (0.03s)\n","OutputType":"frame"}
{"Time":"2026-09-08T19:30:48.361341636+03:00","Action":"pass","Package":"virmill.local/core/internal/ui/cli","Test":"TestCreationEstimateCLIShowsAndReusesPersistedReview/table","Elapsed":0.03}
{"Time":"2026-09-08T19:30:48.36136273+03:00","Action":"run","Package":"virmill.local/core/internal/ui/cli","Test":"TestCreationEstimateCLIShowsAndReusesPersistedReview/json"}
{"Time":"2026-09-08T19:30:48.361364931+03:00","Action":"output","Package":"virmill.local/core/internal/ui/cli","Test":"TestCreationEstimateCLIShowsAndReusesPersistedReview/json","Output":"=== RUN   TestCreationEstimateCLIShowsAndReusesPersistedReview/json\n","OutputType":"frame"}
{"Time":"2026-09-08T19:30:48.362444793+03:00","Action":"output","Package":"virmill.local/core/internal/ui/tui","Test":"TestAuxiliaryTUIFailuresClearStaleMetadataAndApproval/root-actor","Output":"--- PASS: TestAuxiliaryTUIFailuresClearStaleMetadataAndApproval/root-actor (0.01s)\n","OutputType":"frame"}
{"Time":"2026-09-08T19:30:48.362464384+03:00","Action":"pass","Package":"virmill.local/core/internal/ui/tui","Test":"TestAuxiliaryTUIFailuresClearStaleMetadataAndApproval/root-actor","Elapsed":0.01}
{"Time":"2026-09-08T19:30:48.362479572+03:00","Action":"run","Package":"virmill.local/core/internal/ui/tui","Test":"TestAuxiliaryTUIFailuresClearStaleMetadataAndApproval/native-error"}
{"Time":"2026-09-08T19:30:48.362481451+03:00","Action":"output","Package":"virmill.local/core/internal/ui/tui","Test":"TestAuxiliaryTUIFailuresClearStaleMetadataAndApproval/native-error","Output":"=== RUN   TestAuxiliaryTUIFailuresClearStaleMetadataAndApproval/native-error\n","OutputType":"frame"}
{"Time":"2026-09-08T19:30:48.365840756+03:00","Action":"output","Package":"virmill.local/core/internal/ui/tui","Test":"TestAuxiliaryTUIFailuresClearStaleMetadataAndApproval/native-error","Output":"--- PASS: TestAuxiliaryTUIFailuresClearStaleMetadataAndApproval/native-error (0.00s)\n","OutputType":"frame"}
{"Time":"2026-09-08T19:30:48.365853897+03:00","Action":"pass","Package":"virmill.local/core/internal/ui/tui","Test":"TestAuxiliaryTUIFailuresClearStaleMetadataAndApproval/native-error","Elapsed":0}
{"Time":"2026-09-08T19:30:48.36587219+03:00","Action":"run","Package":"virmill.local/core/internal/ui/tui","Test":"TestAuxiliaryTUIFailuresClearStaleMetadataAndApproval/helper-denied"}
{"Time":"2026-09-08T19:30:48.36587395+03:00","Action":"output","Package":"virmill.local/core/internal/ui/tui","Test":"TestAuxiliaryTUIFailuresClearStaleMetadataAndApproval/helper-denied","Output":"=== RUN   TestAuxiliaryTUIFailuresClearStaleMetadataAndApproval/helper-denied\n","OutputType":"frame"}
{"Time":"2026-09-08T19:30:48.369440862+03:00","Action":"output","Package":"virmill.local/core/internal/ui/tui","Test":"TestAuxiliaryTUIFailuresClearStaleMetadataAndApproval/helper-denied","Output":"--- PASS: TestAuxiliaryTUIFailuresClearStaleMetadataAndApproval/helper-denied (0.00s)\n","OutputType":"frame"}
{"Time":"2026-09-08T19:30:48.369458623+03:00","Action":"pass","Package":"virmill.local/core/internal/ui/tui","Test":"TestAuxiliaryTUIFailuresClearStaleMetadataAndApproval/helper-denied","Elapsed":0}
{"Time":"2026-09-08T19:30:48.369472683+03:00","Action":"run","Package":"virmill.local/core/internal/ui/tui","Test":"TestAuxiliaryTUIFailuresClearStaleMetadataAndApproval/source-change"}
{"Time":"2026-09-08T19:30:48.369474538+03:00","Action":"output","Package":"virmill.local/core/internal/ui/tui","Test":"TestAuxiliaryTUIFailuresClearStaleMetadataAndApproval/source-change","Output":"=== RUN   TestAuxiliaryTUIFailuresClearStaleMetadataAndApproval/source-change\n","OutputType":"frame"}
{"Time":"2026-09-08T19:30:48.37379736+03:00","Action":"output","Package":"virmill.local/core/internal/ui/tui","Test":"TestAuxiliaryTUIFailuresClearStaleMetadataAndApproval/source-change","Output":"--- PASS: TestAuxiliaryTUIFailuresClearStaleMetadataAndApproval/source-change (0.00s)\n","OutputType":"frame"}
{"Time":"2026-09-08T19:30:48.373818942+03:00","Action":"pass","Package":"virmill.local/core/internal/ui/tui","Test":"TestAuxiliaryTUIFailuresClearStaleMetadataAndApproval/source-change","Elapsed":0}
{"Time":"2026-09-08T19:30:48.37384165+03:00","Action":"run","Package":"virmill.local/core/internal/ui/tui","Test":"TestAuxiliaryTUIFailuresClearStaleMetadataAndApproval/pre-cancel"}
{"Time":"2026-09-08T19:30:48.373848721+03:00","Action":"output","Package":"virmill.local/core/internal/ui/tui","Test":"TestAuxiliaryTUIFailuresClearStaleMetadataAndApproval/pre-cancel","Output":"=== RUN   TestAuxiliaryTUIFailuresClearStaleMetadataAndApproval/pre-cancel\n","OutputType":"frame"}
{"Time":"2026-09-08T19:30:48.377390889+03:00","Action":"output","Package":"virmill.local/core/internal/ui/tui","Test":"TestAuxiliaryTUIFailuresClearStaleMetadataAndApproval/pre-cancel","Output":"--- PASS: TestAuxiliaryTUIFailuresClearStaleMetadataAndApproval/pre-cancel (0.00s)\n","OutputType":"frame"}
{"Time":"2026-09-08T19:30:48.377411654+03:00","Action":"pass","Package":"virmill.local/core/internal/ui/tui","Test":"TestAuxiliaryTUIFailuresClearStaleMetadataAndApproval/pre-cancel","Elapsed":0}
{"Time":"2026-09-08T19:30:48.377431281+03:00","Action":"run","Package":"virmill.local/core/internal/ui/tui","Test":"TestAuxiliaryTUIFailuresClearStaleMetadataAndApproval/post-cancel"}
{"Time":"2026-09-08T19:30:48.377433363+03:00","Action":"output","Package":"virmill.local/core/internal/ui/tui","Test":"TestAuxiliaryTUIFailuresClearStaleMetadataAndApproval/post-cancel","Output":"=== RUN   TestAuxiliaryTUIFailuresClearStaleMetadataAndApproval/post-cancel\n","OutputType":"frame"}
{"Time":"2026-09-08T19:30:48.382390257+03:00","Action":"output","Package":"virmill.local/core/internal/ui/tui","Test":"TestAuxiliaryTUIFailuresClearStaleMetadataAndApproval/post-cancel","Output":"--- PASS: TestAuxiliaryTUIFailuresClearStaleMetadataAndApproval/post-cancel (0.00s)\n","OutputType":"frame"}
{"Time":"2026-09-08T19:30:48.38240844+03:00","Action":"pass","Package":"virmill.local/core/internal/ui/tui","Test":"TestAuxiliaryTUIFailuresClearStaleMetadataAndApproval/post-cancel","Elapsed":0}
{"Time":"2026-09-08T19:30:48.38241207+03:00","Action":"run","Package":"virmill.local/core/internal/ui/tui","Test":"TestAuxiliaryTUIFailuresClearStaleMetadataAndApproval/transport"}
{"Time":"2026-09-08T19:30:48.382413791+03:00","Action":"output","Package":"virmill.local/core/internal/ui/tui","Test":"TestAuxiliaryTUIFailuresClearStaleMetadataAndApproval/transport","Output":"=== RUN   TestAuxiliaryTUIFailuresClearStaleMetadataAndApproval/transport\n","OutputType":"frame"}
{"Time":"2026-09-08T19:30:48.385273384+03:00","Action":"output","Package":"virmill.local/core/internal/ui/tui","Test":"TestAuxiliaryTUIFailuresClearStaleMetadataAndApproval/transport","Output":"--- PASS: TestAuxiliaryTUIFailuresClearStaleMetadataAndApproval/transport (0.00s)\n","OutputType":"frame"}
{"Time":"2026-09-08T19:30:48.385288239+03:00","Action":"pass","Package":"virmill.local/core/internal/ui/tui","Test":"TestAuxiliaryTUIFailuresClearStaleMetadataAndApproval/transport","Elapsed":0}
{"Time":"2026-09-08T19:30:48.3853134+03:00","Action":"output","Package":"virmill.local/core/internal/ui/tui","Test":"TestAuxiliaryTUIFailuresClearStaleMetadataAndApproval","Output":"--- PASS: TestAuxiliaryTUIFailuresClearStaleMetadataAndApproval (0.04s)\n","OutputType":"frame"}
{"Time":"2026-09-08T19:30:48.385364329+03:00","Action":"pass","Package":"virmill.local/core/internal/ui/tui","Test":"TestAuxiliaryTUIFailuresClearStaleMetadataAndApproval","Elapsed":0.04}
{"Time":"2026-09-08T19:30:48.385390341+03:00","Action":"run","Package":"virmill.local/core/internal/ui/tui","Test":"TestAuxiliaryTUIStrictJSONAndEscapeNeverDispatch"}
{"Time":"2026-09-08T19:30:48.385403343+03:00","Action":"output","Package":"virmill.local/core/internal/ui/tui","Test":"TestAuxiliaryTUIStrictJSONAndEscapeNeverDispatch","Output":"=== RUN   TestAuxiliaryTUIStrictJSONAndEscapeNeverDispatch\n","OutputType":"frame"}
{"Time":"2026-09-08T19:30:48.385439317+03:00","Action":"run","Package":"virmill.local/core/internal/ui/tui","Test":"TestAuxiliaryTUIStrictJSONAndEscapeNeverDispatch/12345678-1234-4234-8234-123456789abc"}
{"Time":"2026-09-08T19:30:48.385448946+03:00","Action":"output","Package":"virmill.local/core/internal/ui/tui","Test":"TestAuxiliaryTUIStrictJSONAndEscapeNeverDispatch/12345678-1234-4234-8234-123456789abc","Output":"=== RUN   TestAuxiliaryTUIStrictJSONAndEscapeNeverDispatch/12345678-1234-4234-8234-123456789abc\n","OutputType":"frame"}
{"Time":"2026-09-08T19:30:48.387152998+03:00","Action":"output","Package":"virmill.local/core/internal/ui/tui","Test":"TestAuxiliaryTUIStrictJSONAndEscapeNeverDispatch/12345678-1234-4234-8234-123456789abc","Output":"--- PASS: TestAuxiliaryTUIStrictJSONAndEscapeNeverDispatch/12345678-1234-4234-8234-123456789abc (0.00s)\n","OutputType":"frame"}
{"Time":"2026-09-08T19:30:48.387160464+03:00","Action":"pass","Package":"virmill.local/core/internal/ui/tui","Test":"TestAuxiliaryTUIStrictJSONAndEscapeNeverDispatch/12345678-1234-4234-8234-123456789abc","Elapsed":0}
{"Time":"2026-09-08T19:30:48.387180695+03:00","Action":"run","Package":"virmill.local/core/internal/ui/tui","Test":"TestAuxiliaryTUIStrictJSONAndEscapeNeverDispatch/{\"id\":\"12345678-1234-4234-8234-123456789abc\",\"id\":\"other\",\"input\":{\"rootID\":\"state\"}}"}
{"Time":"2026-09-08T19:30:48.387188678+03:00","Action":"output","Package":"virmill.local/core/internal/ui/tui","Test":"TestAuxiliaryTUIStrictJSONAndEscapeNeverDispatch/{\"id\":\"12345678-1234-4234-8234-123456789abc\",\"id\":\"other\",\"input\":{\"rootID\":\"state\"}}","Output":"=== RUN   TestAuxiliaryTUIStrictJSONAndEscapeNeverDispatch/{\"id\":\"12345678-1234-4234-8234-123456789abc\",\"id\":\"other\",\"input\":{\"rootID\":\"state\"}}\n","OutputType":"frame"}
{"Time":"2026-09-08T19:30:48.388887776+03:00","Action":"output","Package":"virmill.local/core/internal/ui/tui","Test":"TestAuxiliaryTUIStrictJSONAndEscapeNeverDispatch/{\"id\":\"12345678-1234-4234-8234-123456789abc\",\"id\":\"other\",\"input\":{\"rootID\":\"state\"}}","Output":"--- PASS: TestAuxiliaryTUIStrictJSONAndEscapeNeverDispatch/{\"id\":\"12345678-1234-4234-8234-123456789abc\",\"id\":\"other\",\"input\":{\"rootID\":\"state\"}} (0.00s)\n","OutputType":"frame"}
{"Time":"2026-09-08T19:30:48.388902455+03:00","Action":"pass","Package":"virmill.local/core/internal/ui/tui","Test":"TestAuxiliaryTUIStrictJSONAndEscapeNeverDispatch/{\"id\":\"12345678-1234-4234-8234-123456789abc\",\"id\":\"other\",\"input\":{\"rootID\":\"state\"}}","Elapsed":0}
{"Time":"2026-09-08T19:30:48.38892085+03:00","Action":"run","Package":"virmill.local/core/internal/ui/tui","Test":"TestAuxiliaryTUIStrictJSONAndEscapeNeverDispatch/{\"id\":\"12345678-1234-4234-8234-123456789abc\",\"input\":{\"rootID\":\"state\",\"rootID\":\"other\"}}"}
{"Time":"2026-09-08T19:30:48.388924985+03:00","Action":"output","Package":"virmill.local/core/internal/ui/tui","Test":"TestAuxiliaryTUIStrictJSONAndEscapeNeverDispatch/{\"id\":\"12345678-1234-4234-8234-123456789abc\",\"input\":{\"rootID\":\"state\",\"rootID\":\"other\"}}","Output":"=== RUN   TestAuxiliaryTUIStrictJSONAndEscapeNeverDispatch/{\"id\":\"12345678-1234-4234-8234-123456789abc\",\"input\":{\"rootID\":\"state\",\"rootID\":\"other\"}}\n","OutputType":"frame"}
{"Time":"2026-09-08T19:30:48.390737199+03:00","Action":"output","Package":"virmill.local/core/internal/ui/tui","Test":"TestAuxiliaryTUIStrictJSONAndEscapeNeverDispatch/{\"id\":\"12345678-1234-4234-8234-123456789abc\",\"input\":{\"rootID\":\"state\",\"rootID\":\"other\"}}","Output":"--- PASS: TestAuxiliaryTUIStrictJSONAndEscapeNeverDispatch/{\"id\":\"12345678-1234-4234-8234-123456789abc\",\"input\":{\"rootID\":\"state\",\"rootID\":\"other\"}} (0.00s)\n","OutputType":"frame"}
{"Time":"2026-09-08T19:30:48.390753963+03:00","Action":"pass","Package":"virmill.local/core/internal/ui/tui","Test":"TestAuxiliaryTUIStrictJSONAndEscapeNeverDispatch/{\"id\":\"12345678-1234-4234-8234-123456789abc\",\"input\":{\"rootID\":\"state\",\"rootID\":\"other\"}}","Elapsed":0}
{"Time":"2026-09-08T19:30:48.39077108+03:00","Action":"run","Package":"virmill.local/core/internal/ui/tui","Test":"TestAuxiliaryTUIStrictJSONAndEscapeNeverDispatch/{\"id\":\"12345678-1234-4234-8234-123456789abc\",\"input\":{\"rootID\":\"state\"},\"apply\":{}}"}
{"Time":"2026-09-08T19:30:48.390775137+03:00","Action":"output","Package":"virmill.local/core/internal/ui/tui","Test":"TestAuxiliaryTUIStrictJSONAndEscapeNeverDispatch/{\"id\":\"12345678-1234-4234-8234-123456789abc\",\"input\":{\"rootID\":\"state\"},\"apply\":{}}","Output":"=== RUN   TestAuxiliaryTUIStrictJSONAndEscapeNeverDispatch/{\"id\":\"12345678-1234-4234-8234-123456789abc\",\"input\":{\"rootID\":\"state\"},\"apply\":{}}\n","OutputType":"frame"}
{"Time":"2026-09-08T19:30:48.392632822+03:00","Action":"output","Package":"virmill.local/core/internal/ui/tui","Test":"TestAuxiliaryTUIStrictJSONAndEscapeNeverDispatch/{\"id\":\"12345678-1234-4234-8234-123456789abc\",\"input\":{\"rootID\":\"state\"},\"apply\":{}}","Output":"--- PASS: TestAuxiliaryTUIStrictJSONAndEscapeNeverDispatch/{\"id\":\"12345678-1234-4234-8234-123456789abc\",\"input\":{\"rootID\":\"state\"},\"apply\":{}} (0.00s)\n","OutputType":"frame"}
{"Time":"2026-09-08T19:30:48.392640011+03:00","Action":"pass","Package":"virmill.local/core/internal/ui/tui","Test":"TestAuxiliaryTUIStrictJSONAndEscapeNeverDispatch/{\"id\":\"12345678-1234-4234-8234-123456789abc\",\"input\":{\"rootID\":\"state\"},\"apply\":{}}","Elapsed":0}
{"Time":"2026-09-08T19:30:48.392656239+03:00","Action":"run","Package":"virmill.local/core/internal/ui/tui","Test":"TestAuxiliaryTUIStrictJSONAndEscapeNeverDispatch/{\"id\":"}
{"Time":"2026-09-08T19:30:48.392659567+03:00","Action":"output","Package":"virmill.local/core/internal/ui/tui","Test":"TestAuxiliaryTUIStrictJSONAndEscapeNeverDispatch/{\"id\":","Output":"=== RUN   TestAuxiliaryTUIStrictJSONAndEscapeNeverDispatch/{\"id\":\n","OutputType":"frame"}
{"Time":"2026-09-08T19:30:48.393613993+03:00","Action":"output","Package":"virmill.local/core/internal/ui/cli","Test":"TestCreationEstimateCLIShowsAndReusesPersistedReview/json","Output":"--- PASS: TestCreationEstimateCLIShowsAndReusesPersistedReview/json (0.03s)\n","OutputType":"frame"}
{"Time":"2026-09-08T19:30:48.393639437+03:00","Action":"pass","Package":"virmill.local/core/internal/ui/cli","Test":"TestCreationEstimateCLIShowsAndReusesPersistedReview/json","Elapsed":0.03}
{"Time":"2026-09-08T19:30:48.393663941+03:00","Action":"run","Package":"virmill.local/core/internal/ui/cli","Test":"TestCreationEstimateCLIShowsAndReusesPersistedReview/ndjson"}
{"Time":"2026-09-08T19:30:48.393667475+03:00","Action":"output","Package":"virmill.local/core/internal/ui/cli","Test":"TestCreationEstimateCLIShowsAndReusesPersistedReview/ndjson","Output":"=== RUN   TestCreationEstimateCLIShowsAndReusesPersistedReview/ndjson\n","OutputType":"frame"}
{"Time":"2026-09-08T19:30:48.394435042+03:00","Action":"output","Package":"virmill.local/core/internal/ui/tui","Test":"TestAuxiliaryTUIStrictJSONAndEscapeNeverDispatch/{\"id\":","Output":"--- PASS: TestAuxiliaryTUIStrictJSONAndEscapeNeverDispatch/{\"id\": (0.00s)\n","OutputType":"frame"}
{"Time":"2026-09-08T19:30:48.394449285+03:00","Action":"pass","Package":"virmill.local/core/internal/ui/tui","Test":"TestAuxiliaryTUIStrictJSONAndEscapeNeverDispatch/{\"id\":","Elapsed":0}
{"Time":"2026-09-08T19:30:48.39513158+03:00","Action":"output","Package":"virmill.local/core/internal/ui/tui","Test":"TestAuxiliaryTUIStrictJSONAndEscapeNeverDispatch","Output":"--- PASS: TestAuxiliaryTUIStrictJSONAndEscapeNeverDispatch (0.01s)\n","OutputType":"frame"}
{"Time":"2026-09-08T19:30:48.395139554+03:00","Action":"pass","Package":"virmill.local/core/internal/ui/tui","Test":"TestAuxiliaryTUIStrictJSONAndEscapeNeverDispatch","Elapsed":0.01}
{"Time":"2026-09-08T19:30:48.395155171+03:00","Action":"run","Package":"virmill.local/core/internal/ui/tui","Test":"TestVersionedCaptureTUIIncludesAuxiliaryVerificationAndClearsSuccess"}
{"Time":"2026-09-08T19:30:48.395158995+03:00","Action":"output","Package":"virmill.local/core/internal/ui/tui","Test":"TestVersionedCaptureTUIIncludesAuxiliaryVerificationAndClearsSuccess","Output":"=== RUN   TestVersionedCaptureTUIIncludesAuxiliaryVerificationAndClearsSuccess\n","OutputType":"frame"}
{"Time":"2026-09-08T19:30:48.410076344+03:00","Action":"output","Package":"virmill.local/core/internal/ui/tui","Test":"TestVersionedCaptureTUIIncludesAuxiliaryVerificationAndClearsSuccess","Output":"--- PASS: TestVersionedCaptureTUIIncludesAuxiliaryVerificationAndClearsSuccess (0.01s)\n","OutputType":"frame"}
{"Time":"2026-09-08T19:30:48.410104167+03:00","Action":"pass","Package":"virmill.local/core/internal/ui/tui","Test":"TestVersionedCaptureTUIIncludesAuxiliaryVerificationAndClearsSuccess","Elapsed":0.01}
{"Time":"2026-09-08T19:30:48.410109932+03:00","Action":"run","Package":"virmill.local/core/internal/ui/tui","Test":"TestColdRecoveryTUIExactFormsPreviewAndApproval"}
{"Time":"2026-09-08T19:30:48.410111643+03:00","Action":"output","Package":"virmill.local/core/internal/ui/tui","Test":"TestColdRecoveryTUIExactFormsPreviewAndApproval","Output":"=== RUN   TestColdRecoveryTUIExactFormsPreviewAndApproval\n","OutputType":"frame"}
{"Time":"2026-09-08T19:30:48.41011369+03:00","Action":"run","Package":"virmill.local/core/internal/ui/tui","Test":"TestColdRecoveryTUIExactFormsPreviewAndApproval/create"}
{"Time":"2026-09-08T19:30:48.410114918+03:00","Action":"output","Package":"virmill.local/core/internal/ui/tui","Test":"TestColdRecoveryTUIExactFormsPreviewAndApproval/create","Output":"=== RUN   TestColdRecoveryTUIExactFormsPreviewAndApproval/create\n","OutputType":"frame"}
{"Time":"2026-09-08T19:30:48.423092935+03:00","Action":"output","Package":"virmill.local/core/internal/ui/cli","Test":"TestCreationEstimateCLIShowsAndReusesPersistedReview/ndjson","Output":"--- PASS: TestCreationEstimateCLIShowsAndReusesPersistedReview/ndjson (0.03s)\n","OutputType":"frame"}
{"Time":"2026-09-08T19:30:48.42312579+03:00","Action":"pass","Package":"virmill.local/core/internal/ui/cli","Test":"TestCreationEstimateCLIShowsAndReusesPersistedReview/ndjson","Elapsed":0.03}
{"Time":"2026-09-08T19:30:48.423135098+03:00","Action":"output","Package":"virmill.local/core/internal/ui/cli","Test":"TestCreationEstimateCLIShowsAndReusesPersistedReview","Output":"--- PASS: TestCreationEstimateCLIShowsAndReusesPersistedReview (0.09s)\n","OutputType":"frame"}
{"Time":"2026-09-08T19:30:48.423138774+03:00","Action":"pass","Package":"virmill.local/core/internal/ui/cli","Test":"TestCreationEstimateCLIShowsAndReusesPersistedReview","Elapsed":0.09}
{"Time":"2026-09-08T19:30:48.423142808+03:00","Action":"run","Package":"virmill.local/core/internal/ui/cli","Test":"TestCreationEstimateCLIFailuresDoNotPrintSuccessfulEstimate"}
{"Time":"2026-09-08T19:30:48.423145267+03:00","Action":"output","Package":"virmill.local/core/internal/ui/cli","Test":"TestCreationEstimateCLIFailuresDoNotPrintSuccessfulEstimate","Output":"=== RUN   TestCreationEstimateCLIFailuresDoNotPrintSuccessfulEstimate\n","OutputType":"frame"}
{"Time":"2026-09-08T19:30:48.423165725+03:00","Action":"run","Package":"virmill.local/core/internal/ui/cli","Test":"TestCreationEstimateCLIFailuresDoNotPrintSuccessfulEstimate/preflight-error"}
{"Time":"2026-09-08T19:30:48.423169352+03:00","Action":"output","Package":"virmill.local/core/internal/ui/cli","Test":"TestCreationEstimateCLIFailuresDoNotPrintSuccessfulEstimate/preflight-error","Output":"=== RUN   TestCreationEstimateCLIFailuresDoNotPrintSuccessfulEstimate/preflight-error\n","OutputType":"frame"}
{"Time":"2026-09-08T19:30:48.448776616+03:00","Action":"output","Package":"virmill.local/core/internal/ui/cli","Test":"TestCreationEstimateCLIFailuresDoNotPrintSuccessfulEstimate/preflight-error","Output":"--- PASS: TestCreationEstimateCLIFailuresDoNotPrintSuccessfulEstimate/preflight-error (0.03s)\n","OutputType":"frame"}
{"Time":"2026-09-08T19:30:48.448808437+03:00","Action":"pass","Package":"virmill.local/core/internal/ui/cli","Test":"TestCreationEstimateCLIFailuresDoNotPrintSuccessfulEstimate/preflight-error","Elapsed":0.03}
{"Time":"2026-09-08T19:30:48.448814216+03:00","Action":"run","Package":"virmill.local/core/internal/ui/cli","Test":"TestCreationEstimateCLIFailuresDoNotPrintSuccessfulEstimate/canceled-creation"}
{"Time":"2026-09-08T19:30:48.448815834+03:00","Action":"output","Package":"virmill.local/core/internal/ui/cli","Test":"TestCreationEstimateCLIFailuresDoNotPrintSuccessfulEstimate/canceled-creation","Output":"=== RUN   TestCreationEstimateCLIFailuresDoNotPrintSuccessfulEstimate/canceled-creation\n","OutputType":"frame"}
{"Time":"2026-09-08T19:30:48.469586355+03:00","Action":"output","Package":"virmill.local/core/internal/ui/cli","Test":"TestCreationEstimateCLIFailuresDoNotPrintSuccessfulEstimate/canceled-creation","Output":"--- PASS: TestCreationEstimateCLIFailuresDoNotPrintSuccessfulEstimate/canceled-creation (0.02s)\n","OutputType":"frame"}
{"Time":"2026-09-08T19:30:48.469615418+03:00","Action":"pass","Package":"virmill.local/core/internal/ui/cli","Test":"TestCreationEstimateCLIFailuresDoNotPrintSuccessfulEstimate/canceled-creation","Elapsed":0.02}
{"Time":"2026-09-08T19:30:48.469620236+03:00","Action":"run","Package":"virmill.local/core/internal/ui/cli","Test":"TestCreationEstimateCLIFailuresDoNotPrintSuccessfulEstimate/canceled-plan-show"}
{"Time":"2026-09-08T19:30:48.469621562+03:00","Action":"output","Package":"virmill.local/core/internal/ui/cli","Test":"TestCreationEstimateCLIFailuresDoNotPrintSuccessfulEstimate/canceled-plan-show","Output":"=== RUN   TestCreationEstimateCLIFailuresDoNotPrintSuccessfulEstimate/canceled-plan-show\n","OutputType":"frame"}
{"Time":"2026-09-08T19:30:48.488069385+03:00","Action":"output","Package":"virmill.local/core/internal/ui/cli","Test":"TestCreationEstimateCLIFailuresDoNotPrintSuccessfulEstimate/canceled-plan-show","Output":"--- PASS: TestCreationEstimateCLIFailuresDoNotPrintSuccessfulEstimate/canceled-plan-show (0.02s)\n","OutputType":"frame"}
{"Time":"2026-09-08T19:30:48.488093584+03:00","Action":"pass","Package":"virmill.local/core/internal/ui/cli","Test":"TestCreationEstimateCLIFailuresDoNotPrintSuccessfulEstimate/canceled-plan-show","Elapsed":0.02}
{"Time":"2026-09-08T19:30:48.488098184+03:00","Action":"run","Package":"virmill.local/core/internal/ui/cli","Test":"TestCreationEstimateCLIFailuresDoNotPrintSuccessfulEstimate/transport-error"}
{"Time":"2026-09-08T19:30:48.488099433+03:00","Action":"output","Package":"virmill.local/core/internal/ui/cli","Test":"TestCreationEstimateCLIFailuresDoNotPrintSuccessfulEstimate/transport-error","Output":"=== RUN   TestCreationEstimateCLIFailuresDoNotPrintSuccessfulEstimate/transport-error\n","OutputType":"frame"}
{"Time":"2026-09-08T19:30:48.506269116+03:00","Action":"output","Package":"virmill.local/core/internal/ui/cli","Test":"TestCreationEstimateCLIFailuresDoNotPrintSuccessfulEstimate/transport-error","Output":"--- PASS: TestCreationEstimateCLIFailuresDoNotPrintSuccessfulEstimate/transport-error (0.02s)\n","OutputType":"frame"}
{"Time":"2026-09-08T19:30:48.506290966+03:00","Action":"pass","Package":"virmill.local/core/internal/ui/cli","Test":"TestCreationEstimateCLIFailuresDoNotPrintSuccessfulEstimate/transport-error","Elapsed":0.02}
{"Time":"2026-09-08T19:30:48.506295812+03:00","Action":"run","Package":"virmill.local/core/internal/ui/cli","Test":"TestCreationEstimateCLIFailuresDoNotPrintSuccessfulEstimate/missing-plan"}
{"Time":"2026-09-08T19:30:48.506297506+03:00","Action":"output","Package":"virmill.local/core/internal/ui/cli","Test":"TestCreationEstimateCLIFailuresDoNotPrintSuccessfulEstimate/missing-plan","Output":"=== RUN   TestCreationEstimateCLIFailuresDoNotPrintSuccessfulEstimate/missing-plan\n","OutputType":"frame"}
{"Time":"2026-09-08T19:30:48.513042543+03:00","Action":"output","Package":"virmill.local/core/internal/ui/tui","Test":"TestColdRecoveryTUIExactFormsPreviewAndApproval/create","Output":"--- PASS: TestColdRecoveryTUIExactFormsPreviewAndApproval/create (0.10s)\n","OutputType":"frame"}
{"Time":"2026-09-08T19:30:48.513052305+03:00","Action":"pass","Package":"virmill.local/core/internal/ui/tui","Test":"TestColdRecoveryTUIExactFormsPreviewAndApproval/create","Elapsed":0.1}
{"Time":"2026-09-08T19:30:48.513070685+03:00","Action":"run","Package":"virmill.local/core/internal/ui/tui","Test":"TestColdRecoveryTUIExactFormsPreviewAndApproval/restore"}
{"Time":"2026-09-08T19:30:48.51307265+03:00","Action":"output","Package":"virmill.local/core/internal/ui/tui","Test":"TestColdRecoveryTUIExactFormsPreviewAndApproval/restore","Output":"=== RUN   TestColdRecoveryTUIExactFormsPreviewAndApproval/restore\n","OutputType":"frame"}
{"Time":"2026-09-08T19:30:48.522653991+03:00","Action":"output","Package":"virmill.local/core/internal/ui/cli","Test":"TestCreationEstimateCLIFailuresDoNotPrintSuccessfulEstimate/missing-plan","Output":"--- PASS: TestCreationEstimateCLIFailuresDoNotPrintSuccessfulEstimate/missing-plan (0.02s)\n","OutputType":"frame"}
{"Time":"2026-09-08T19:30:48.522667979+03:00","Action":"pass","Package":"virmill.local/core/internal/ui/cli","Test":"TestCreationEstimateCLIFailuresDoNotPrintSuccessfulEstimate/missing-plan","Elapsed":0.02}
{"Time":"2026-09-08T19:30:48.522696177+03:00","Action":"output","Package":"virmill.local/core/internal/ui/cli","Test":"TestCreationEstimateCLIFailuresDoNotPrintSuccessfulEstimate","Output":"--- PASS: TestCreationEstimateCLIFailuresDoNotPrintSuccessfulEstimate (0.10s)\n","OutputType":"frame"}
{"Time":"2026-09-08T19:30:48.522700685+03:00","Action":"pass","Package":"virmill.local/core/internal/ui/cli","Test":"TestCreationEstimateCLIFailuresDoNotPrintSuccessfulEstimate","Elapsed":0.1}
{"Time":"2026-09-08T19:30:48.522718488+03:00","Action":"run","Package":"virmill.local/core/internal/ui/cli","Test":"TestCreationNVRAMCLIReviewAndAuthorization"}
{"Time":"2026-09-08T19:30:48.522721073+03:00","Action":"output","Package":"virmill.local/core/internal/ui/cli","Test":"TestCreationNVRAMCLIReviewAndAuthorization","Output":"=== RUN   TestCreationNVRAMCLIReviewAndAuthorization\n","OutputType":"frame"}
{"Time":"2026-09-08T19:30:48.522752375+03:00","Action":"run","Package":"virmill.local/core/internal/ui/cli","Test":"TestCreationNVRAMCLIReviewAndAuthorization/table"}
{"Time":"2026-09-08T19:30:48.522754724+03:00","Action":"output","Package":"virmill.local/core/internal/ui/cli","Test":"TestCreationNVRAMCLIReviewAndAuthorization/table","Output":"=== RUN   TestCreationNVRAMCLIReviewAndAuthorization/table\n","OutputType":"frame"}
{"Time":"2026-09-08T19:30:48.570548511+03:00","Action":"output","Package":"virmill.local/core/internal/ui/cli","Test":"TestCreationNVRAMCLIReviewAndAuthorization/table","Output":"--- PASS: TestCreationNVRAMCLIReviewAndAuthorization/table (0.05s)\n","OutputType":"frame"}
{"Time":"2026-09-08T19:30:48.570575623+03:00","Action":"pass","Package":"virmill.local/core/internal/ui/cli","Test":"TestCreationNVRAMCLIReviewAndAuthorization/table","Elapsed":0.05}
{"Time":"2026-09-08T19:30:48.57058032+03:00","Action":"run","Package":"virmill.local/core/internal/ui/cli","Test":"TestCreationNVRAMCLIReviewAndAuthorization/json"}
{"Time":"2026-09-08T19:30:48.570587241+03:00","Action":"output","Package":"virmill.local/core/internal/ui/cli","Test":"TestCreationNVRAMCLIReviewAndAuthorization/json","Output":"=== RUN   TestCreationNVRAMCLIReviewAndAuthorization/json\n","OutputType":"frame"}
{"Time":"2026-09-08T19:30:48.610382875+03:00","Action":"output","Package":"virmill.local/core/internal/ui/cli","Test":"TestCreationNVRAMCLIReviewAndAuthorization/json","Output":"--- PASS: TestCreationNVRAMCLIReviewAndAuthorization/json (0.04s)\n","OutputType":"frame"}
{"Time":"2026-09-08T19:30:48.610413481+03:00","Action":"pass","Package":"virmill.local/core/internal/ui/cli","Test":"TestCreationNVRAMCLIReviewAndAuthorization/json","Elapsed":0.04}
{"Time":"2026-09-08T19:30:48.610459339+03:00","Action":"run","Package":"virmill.local/core/internal/ui/cli","Test":"TestCreationNVRAMCLIReviewAndAuthorization/ndjson"}
{"Time":"2026-09-08T19:30:48.610471935+03:00","Action":"output","Package":"virmill.local/core/internal/ui/cli","Test":"TestCreationNVRAMCLIReviewAndAuthorization/ndjson","Output":"=== RUN   TestCreationNVRAMCLIReviewAndAuthorization/ndjson\n","OutputType":"frame"}
{"Time":"2026-09-08T19:30:48.623959587+03:00","Action":"output","Package":"virmill.local/core/internal/ui/tui","Test":"TestColdRecoveryTUIExactFormsPreviewAndApproval/restore","Output":"--- PASS: TestColdRecoveryTUIExactFormsPreviewAndApproval/restore (0.11s)\n","OutputType":"frame"}
{"Time":"2026-09-08T19:30:48.623998951+03:00","Action":"pass","Package":"virmill.local/core/internal/ui/tui","Test":"TestColdRecoveryTUIExactFormsPreviewAndApproval/restore","Elapsed":0.11}
{"Time":"2026-09-08T19:30:48.624006873+03:00","Action":"output","Package":"virmill.local/core/internal/ui/tui","Test":"TestColdRecoveryTUIExactFormsPreviewAndApproval","Output":"--- PASS: TestColdRecoveryTUIExactFormsPreviewAndApproval (0.21s)\n","OutputType":"frame"}
{"Time":"2026-09-08T19:30:48.624015748+03:00","Action":"pass","Package":"virmill.local/core/internal/ui/tui","Test":"TestColdRecoveryTUIExactFormsPreviewAndApproval","Elapsed":0.21}
{"Time":"2026-09-08T19:30:48.62404148+03:00","Action":"run","Package":"virmill.local/core/internal/ui/tui","Test":"TestColdRecoveryTUIReadOnlyMappingsAndErrorClearsApproval"}
{"Time":"2026-09-08T19:30:48.624049616+03:00","Action":"output","Package":"virmill.local/core/internal/ui/tui","Test":"TestColdRecoveryTUIReadOnlyMappingsAndErrorClearsApproval","Output":"=== RUN   TestColdRecoveryTUIReadOnlyMappingsAndErrorClearsApproval\n","OutputType":"frame"}
{"Time":"2026-09-08T19:30:48.624080725+03:00","Action":"run","Package":"virmill.local/core/internal/ui/tui","Test":"TestColdRecoveryTUIReadOnlyMappingsAndErrorClearsApproval/list"}
{"Time":"2026-09-08T19:30:48.624082875+03:00","Action":"output","Package":"virmill.local/core/internal/ui/tui","Test":"TestColdRecoveryTUIReadOnlyMappingsAndErrorClearsApproval/list","Output":"=== RUN   TestColdRecoveryTUIReadOnlyMappingsAndErrorClearsApproval/list\n","OutputType":"frame"}
{"Time":"2026-09-08T19:30:48.624935972+03:00","Action":"output","Package":"virmill.local/core/internal/ui/tui","Test":"TestColdRecoveryTUIReadOnlyMappingsAndErrorClearsApproval/list","Output":"--- PASS: TestColdRecoveryTUIReadOnlyMappingsAndErrorClearsApproval/list (0.00s)\n","OutputType":"frame"}
{"Time":"2026-09-08T19:30:48.624945195+03:00","Action":"pass","Package":"virmill.local/core/internal/ui/tui","Test":"TestColdRecoveryTUIReadOnlyMappingsAndErrorClearsApproval/list","Elapsed":0}
{"Time":"2026-09-08T19:30:48.624962231+03:00","Action":"run","Package":"virmill.local/core/internal/ui/tui","Test":"TestColdRecoveryTUIReadOnlyMappingsAndErrorClearsApproval/show"}
{"Time":"2026-09-08T19:30:48.624964235+03:00","Action":"output","Package":"virmill.local/core/internal/ui/tui","Test":"TestColdRecoveryTUIReadOnlyMappingsAndErrorClearsApproval/show","Output":"=== RUN   TestColdRecoveryTUIReadOnlyMappingsAndErrorClearsApproval/show\n","OutputType":"frame"}
{"Time":"2026-09-08T19:30:48.632337125+03:00","Action":"output","Package":"virmill.local/core/internal/ui/tui","Test":"TestColdRecoveryTUIReadOnlyMappingsAndErrorClearsApproval/show","Output":"--- PASS: TestColdRecoveryTUIReadOnlyMappingsAndErrorClearsApproval/show (0.01s)\n","OutputType":"frame"}
{"Time":"2026-09-08T19:30:48.632362685+03:00","Action":"pass","Package":"virmill.local/core/internal/ui/tui","Test":"TestColdRecoveryTUIReadOnlyMappingsAndErrorClearsApproval/show","Elapsed":0.01}
{"Time":"2026-09-08T19:30:48.632369017+03:00","Action":"run","Package":"virmill.local/core/internal/ui/tui","Test":"TestColdRecoveryTUIReadOnlyMappingsAndErrorClearsApproval/canceled"}
{"Time":"2026-09-08T19:30:48.632371349+03:00","Action":"output","Package":"virmill.local/core/internal/ui/tui","Test":"TestColdRecoveryTUIReadOnlyMappingsAndErrorClearsApproval/canceled","Output":"=== RUN   TestColdRecoveryTUIReadOnlyMappingsAndErrorClearsApproval/canceled\n","OutputType":"frame"}
{"Time":"2026-09-08T19:30:48.640484437+03:00","Action":"output","Package":"virmill.local/core/internal/ui/tui","Test":"TestColdRecoveryTUIReadOnlyMappingsAndErrorClearsApproval/canceled","Output":"--- PASS: TestColdRecoveryTUIReadOnlyMappingsAndErrorClearsApproval/canceled (0.01s)\n","OutputType":"frame"}
{"Time":"2026-09-08T19:30:48.640501899+03:00","Action":"pass","Package":"virmill.local/core/internal/ui/tui","Test":"TestColdRecoveryTUIReadOnlyMappingsAndErrorClearsApproval/canceled","Elapsed":0.01}
{"Time":"2026-09-08T19:30:48.640517139+03:00","Action":"run","Package":"virmill.local/core/internal/ui/tui","Test":"TestColdRecoveryTUIReadOnlyMappingsAndErrorClearsApproval/transport"}
{"Time":"2026-09-08T19:30:48.640519552+03:00","Action":"output","Package":"virmill.local/core/internal/ui/tui","Test":"TestColdRecoveryTUIReadOnlyMappingsAndErrorClearsApproval/transport","Output":"=== RUN   TestColdRecoveryTUIReadOnlyMappingsAndErrorClearsApproval/transport\n","OutputType":"frame"}
{"Time":"2026-09-08T19:30:48.649940928+03:00","Action":"output","Package":"virmill.local/core/internal/ui/tui","Test":"TestColdRecoveryTUIReadOnlyMappingsAndErrorClearsApproval/transport","Output":"--- PASS: TestColdRecoveryTUIReadOnlyMappingsAndErrorClearsApproval/transport (0.01s)\n","OutputType":"frame"}
{"Time":"2026-09-08T19:30:48.649980014+03:00","Action":"pass","Package":"virmill.local/core/internal/ui/tui","Test":"TestColdRecoveryTUIReadOnlyMappingsAndErrorClearsApproval/transport","Elapsed":0.01}
{"Time":"2026-09-08T19:30:48.649989684+03:00","Action":"run","Package":"virmill.local/core/internal/ui/tui","Test":"TestColdRecoveryTUIReadOnlyMappingsAndErrorClearsApproval/incomplete"}
{"Time":"2026-09-08T19:30:48.649993017+03:00","Action":"output","Package":"virmill.local/core/internal/ui/tui","Test":"TestColdRecoveryTUIReadOnlyMappingsAndErrorClearsApproval/incomplete","Output":"=== RUN   TestColdRecoveryTUIReadOnlyMappingsAndErrorClearsApproval/incomplete\n","OutputType":"frame"}
{"Time":"2026-09-08T19:30:48.65548275+03:00","Action":"output","Package":"virmill.local/core/internal/ui/cli","Test":"TestCreationNVRAMCLIReviewAndAuthorization/ndjson","Output":"--- PASS: TestCreationNVRAMCLIReviewAndAuthorization/ndjson (0.04s)\n","OutputType":"frame"}
{"Time":"2026-09-08T19:30:48.655577852+03:00","Action":"pass","Package":"virmill.local/core/internal/ui/cli","Test":"TestCreationNVRAMCLIReviewAndAuthorization/ndjson","Elapsed":0.04}
{"Time":"2026-09-08T19:30:48.655590993+03:00","Action":"output","Package":"virmill.local/core/internal/ui/cli","Test":"TestCreationNVRAMCLIReviewAndAuthorization","Output":"--- PASS: TestCreationNVRAMCLIReviewAndAuthorization (0.13s)\n","OutputType":"frame"}
{"Time":"2026-09-08T19:30:48.655596478+03:00","Action":"pass","Package":"virmill.local/core/internal/ui/cli","Test":"TestCreationNVRAMCLIReviewAndAuthorization","Elapsed":0.13}
{"Time":"2026-09-08T19:30:48.655601444+03:00","Action":"run","Package":"virmill.local/core/internal/ui/cli","Test":"TestCreationNVRAMCLIResultStages"}
{"Time":"2026-09-08T19:30:48.655605166+03:00","Action":"output","Package":"virmill.local/core/internal/ui/cli","Test":"TestCreationNVRAMCLIResultStages","Output":"=== RUN   TestCreationNVRAMCLIResultStages\n","OutputType":"frame"}
{"Time":"2026-09-08T19:30:48.655671307+03:00","Action":"run","Package":"virmill.local/core/internal/ui/cli","Test":"TestCreationNVRAMCLIResultStages/table/bound"}
{"Time":"2026-09-08T19:30:48.655677474+03:00","Action":"output","Package":"virmill.local/core/internal/ui/cli","Test":"TestCreationNVRAMCLIResultStages/table/bound","Output":"=== RUN   TestCreationNVRAMCLIResultStages/table/bound\n","OutputType":"frame"}
{"Time":"2026-09-08T19:30:48.657498+03:00","Action":"output","Package":"virmill.local/core/internal/ui/tui","Test":"TestColdRecoveryTUIReadOnlyMappingsAndErrorClearsApproval/incomplete","Output":"--- PASS: TestColdRecoveryTUIReadOnlyMappingsAndErrorClearsApproval/incomplete (0.01s)\n","OutputType":"frame"}
{"Time":"2026-09-08T19:30:48.657521155+03:00","Action":"pass","Package":"virmill.local/core/internal/ui/tui","Test":"TestColdRecoveryTUIReadOnlyMappingsAndErrorClearsApproval/incomplete","Elapsed":0.01}
{"Time":"2026-09-08T19:30:48.657540718+03:00","Action":"output","Package":"virmill.local/core/internal/ui/tui","Test":"TestColdRecoveryTUIReadOnlyMappingsAndErrorClearsApproval","Output":"--- PASS: TestColdRecoveryTUIReadOnlyMappingsAndErrorClearsApproval (0.03s)\n","OutputType":"frame"}
{"Time":"2026-09-08T19:30:48.657550356+03:00","Action":"pass","Package":"virmill.local/core/internal/ui/tui","Test":"TestColdRecoveryTUIReadOnlyMappingsAndErrorClearsApproval","Elapsed":0.03}
{"Time":"2026-09-08T19:30:48.657569072+03:00","Action":"run","Package":"virmill.local/core/internal/ui/tui","Test":"TestColdRecoveryTUIMalformedFormsNeverDispatch"}
{"Time":"2026-09-08T19:30:48.657573952+03:00","Action":"output","Package":"virmill.local/core/internal/ui/tui","Test":"TestColdRecoveryTUIMalformedFormsNeverDispatch","Output":"=== RUN   TestColdRecoveryTUIMalformedFormsNeverDispatch\n","OutputType":"frame"}
{"Time":"2026-09-08T19:30:48.657603095+03:00","Action":"run","Package":"virmill.local/core/internal/ui/tui","Test":"TestColdRecoveryTUIMalformedFormsNeverDispatch/create/not-json"}
{"Time":"2026-09-08T19:30:48.657607291+03:00","Action":"output","Package":"virmill.local/core/internal/ui/tui","Test":"TestColdRecoveryTUIMalformedFormsNeverDispatch/create/not-json","Output":"=== RUN   TestColdRecoveryTUIMalformedFormsNeverDispatch/create/not-json\n","OutputType":"frame"}
{"Time":"2026-09-08T19:30:48.659660747+03:00","Action":"output","Package":"virmill.local/core/internal/ui/tui","Test":"TestColdRecoveryTUIMalformedFormsNeverDispatch/create/not-json","Output":"--- PASS: TestColdRecoveryTUIMalformedFormsNeverDispatch/create/not-json (0.00s)\n","OutputType":"frame"}
{"Time":"2026-09-08T19:30:48.65968428+03:00","Action":"pass","Package":"virmill.local/core/internal/ui/tui","Test":"TestColdRecoveryTUIMalformedFormsNeverDispatch/create/not-json","Elapsed":0}
{"Time":"2026-09-08T19:30:48.65969576+03:00","Action":"run","Package":"virmill.local/core/internal/ui/tui","Test":"TestColdRecoveryTUIMalformedFormsNeverDispatch/create/{\"id\":\"one\",\"id\":\"two\",\"input\":{}}"}
{"Time":"2026-09-08T19:30:48.659698985+03:00","Action":"output","Package":"virmill.local/core/internal/ui/tui","Test":"TestColdRecoveryTUIMalformedFormsNeverDispatch/create/{\"id\":\"one\",\"id\":\"two\",\"input\":{}}","Output":"=== RUN   TestColdRecoveryTUIMalformedFormsNeverDispatch/create/{\"id\":\"one\",\"id\":\"two\",\"input\":{}}\n","OutputType":"frame"}
{"Time":"2026-09-08T19:30:48.666528165+03:00","Action":"output","Package":"virmill.local/core/internal/ui/tui","Test":"TestColdRecoveryTUIMalformedFormsNeverDispatch/create/{\"id\":\"one\",\"id\":\"two\",\"input\":{}}","Output":"--- PASS: TestColdRecoveryTUIMalformedFormsNeverDispatch/create/{\"id\":\"one\",\"id\":\"two\",\"input\":{}} (0.01s)\n","OutputType":"frame"}
{"Time":"2026-09-08T19:30:48.666586502+03:00","Action":"pass","Package":"virmill.local/core/internal/ui/tui","Test":"TestColdRecoveryTUIMalformedFormsNeverDispatch/create/{\"id\":\"one\",\"id\":\"two\",\"input\":{}}","Elapsed":0.01}
{"Time":"2026-09-08T19:30:48.666598423+03:00","Action":"run","Package":"virmill.local/core/internal/ui/tui","Test":"TestColdRecoveryTUIMalformedFormsNeverDispatch/create/{\"id\":\"one\",\"input\":{\"name\":\"first\",\"name\":\"second\"}}"}
{"Time":"2026-09-08T19:30:48.66660246+03:00","Action":"output","Package":"virmill.local/core/internal/ui/tui","Test":"TestColdRecoveryTUIMalformedFormsNeverDispatch/create/{\"id\":\"one\",\"input\":{\"name\":\"first\",\"name\":\"second\"}}","Output":"=== RUN   TestColdRecoveryTUIMalformedFormsNeverDispatch/create/{\"id\":\"one\",\"input\":{\"name\":\"first\",\"name\":\"second\"}}\n","OutputType":"frame"}
{"Time":"2026-09-08T19:30:48.676084731+03:00","Action":"output","Package":"virmill.local/core/internal/ui/tui","Test":"TestColdRecoveryTUIMalformedFormsNeverDispatch/create/{\"id\":\"one\",\"input\":{\"name\":\"first\",\"name\":\"second\"}}","Output":"--- PASS: TestColdRecoveryTUIMalformedFormsNeverDispatch/create/{\"id\":\"one\",\"input\":{\"name\":\"first\",\"name\":\"second\"}} (0.01s)\n","OutputType":"frame"}
{"Time":"2026-09-08T19:30:48.676109444+03:00","Action":"pass","Package":"virmill.local/core/internal/ui/tui","Test":"TestColdRecoveryTUIMalformedFormsNeverDispatch/create/{\"id\":\"one\",\"input\":{\"name\":\"first\",\"name\":\"second\"}}","Elapsed":0.01}
{"Time":"2026-09-08T19:30:48.676124515+03:00","Action":"run","Package":"virmill.local/core/internal/ui/tui","Test":"TestColdRecoveryTUIMalformedFormsNeverDispatch/create/{\"id\":\"one\",\"apply\":{\"planID\":\"hidden\"}}"}
{"Time":"2026-09-08T19:30:48.676126844+03:00","Action":"output","Package":"virmill.local/core/internal/ui/tui","Test":"TestColdRecoveryTUIMalformedFormsNeverDispatch/create/{\"id\":\"one\",\"apply\":{\"planID\":\"hidden\"}}","Output":"=== RUN   TestColdRecoveryTUIMalformedFormsNeverDispatch/create/{\"id\":\"one\",\"apply\":{\"planID\":\"hidden\"}}\n","OutputType":"frame"}
{"Time":"2026-09-08T19:30:48.684699269+03:00","Action":"output","Package":"virmill.local/core/internal/ui/tui","Test":"TestColdRecoveryTUIMalformedFormsNeverDispatch/create/{\"id\":\"one\",\"apply\":{\"planID\":\"hidden\"}}","Output":"--- PASS: TestColdRecoveryTUIMalformedFormsNeverDispatch/create/{\"id\":\"one\",\"apply\":{\"planID\":\"hidden\"}} (0.01s)\n","OutputType":"frame"}
{"Time":"2026-09-08T19:30:48.684729147+03:00","Action":"pass","Package":"virmill.local/core/internal/ui/tui","Test":"TestColdRecoveryTUIMalformedFormsNeverDispatch/create/{\"id\":\"one\",\"apply\":{\"planID\":\"hidden\"}}","Elapsed":0.01}
{"Time":"2026-09-08T19:30:48.684753177+03:00","Action":"run","Package":"virmill.local/core/internal/ui/tui","Test":"TestColdRecoveryTUIMalformedFormsNeverDispatch/restore/not-json"}
{"Time":"2026-09-08T19:30:48.684755794+03:00","Action":"output","Package":"virmill.local/core/internal/ui/tui","Test":"TestColdRecoveryTUIMalformedFormsNeverDispatch/restore/not-json","Output":"=== RUN   TestColdRecoveryTUIMalformedFormsNeverDispatch/restore/not-json\n","OutputType":"frame"}
{"Time":"2026-09-08T19:30:48.68751744+03:00","Action":"output","Package":"virmill.local/core/internal/ui/tui","Test":"TestColdRecoveryTUIMalformedFormsNeverDispatch/restore/not-json","Output":"--- PASS: TestColdRecoveryTUIMalformedFormsNeverDispatch/restore/not-json (0.00s)\n","OutputType":"frame"}
{"Time":"2026-09-08T19:30:48.687590502+03:00","Action":"pass","Package":"virmill.local/core/internal/ui/tui","Test":"TestColdRecoveryTUIMalformedFormsNeverDispatch/restore/not-json","Elapsed":0}
{"Time":"2026-09-08T19:30:48.687596261+03:00","Action":"run","Package":"virmill.local/core/internal/ui/tui","Test":"TestColdRecoveryTUIMalformedFormsNeverDispatch/restore/{\"id\":\"one\",\"id\":\"two\",\"input\":{}}"}
{"Time":"2026-09-08T19:30:48.68759865+03:00","Action":"output","Package":"virmill.local/core/internal/ui/tui","Test":"TestColdRecoveryTUIMalformedFormsNeverDispatch/restore/{\"id\":\"one\",\"id\":\"two\",\"input\":{}}","Output":"=== RUN   TestColdRecoveryTUIMalformedFormsNeverDispatch/restore/{\"id\":\"one\",\"id\":\"two\",\"input\":{}}\n","OutputType":"frame"}
{"Time":"2026-09-08T19:30:48.69190591+03:00","Action":"output","Package":"virmill.local/core/internal/ui/cli","Test":"TestCreationNVRAMCLIResultStages/table/bound","Output":"--- PASS: TestCreationNVRAMCLIResultStages/table/bound (0.04s)\n","OutputType":"frame"}
{"Time":"2026-09-08T19:30:48.691924654+03:00","Action":"pass","Package":"virmill.local/core/internal/ui/cli","Test":"TestCreationNVRAMCLIResultStages/table/bound","Elapsed":0.04}
{"Time":"2026-09-08T19:30:48.691956276+03:00","Action":"run","Package":"virmill.local/core/internal/ui/cli","Test":"TestCreationNVRAMCLIResultStages/table/bound-running"}
{"Time":"2026-09-08T19:30:48.691958134+03:00","Action":"output","Package":"virmill.local/core/internal/ui/cli","Test":"TestCreationNVRAMCLIResultStages/table/bound-running","Output":"=== RUN   TestCreationNVRAMCLIResultStages/table/bound-running\n","OutputType":"frame"}
{"Time":"2026-09-08T19:30:48.695572331+03:00","Action":"output","Package":"virmill.local/core/internal/ui/tui","Test":"TestColdRecoveryTUIMalformedFormsNeverDispatch/restore/{\"id\":\"one\",\"id\":\"two\",\"input\":{}}","Output":"--- PASS: TestColdRecoveryTUIMalformedFormsNeverDispatch/restore/{\"id\":\"one\",\"id\":\"two\",\"input\":{}} (0.01s)\n","OutputType":"frame"}
{"Time":"2026-09-08T19:30:48.695604099+03:00","Action":"pass","Package":"virmill.local/core/internal/ui/tui","Test":"TestColdRecoveryTUIMalformedFormsNeverDispatch/restore/{\"id\":\"one\",\"id\":\"two\",\"input\":{}}","Elapsed":0.01}
{"Time":"2026-09-08T19:30:48.69563343+03:00","Action":"run","Package":"virmill.local/core/internal/ui/tui","Test":"TestColdRecoveryTUIMalformedFormsNeverDispatch/restore/{\"id\":\"one\",\"input\":{\"name\":\"first\",\"name\":\"second\"}}"}
{"Time":"2026-09-08T19:30:48.695635679+03:00","Action":"output","Package":"virmill.local/core/internal/ui/tui","Test":"TestColdRecoveryTUIMalformedFormsNeverDispatch/restore/{\"id\":\"one\",\"input\":{\"name\":\"first\",\"name\":\"second\"}}","Output":"=== RUN   TestColdRecoveryTUIMalformedFormsNeverDispatch/restore/{\"id\":\"one\",\"input\":{\"name\":\"first\",\"name\":\"second\"}}\n","OutputType":"frame"}
{"Time":"2026-09-08T19:30:48.706094667+03:00","Action":"output","Package":"virmill.local/core/internal/ui/tui","Test":"TestColdRecoveryTUIMalformedFormsNeverDispatch/restore/{\"id\":\"one\",\"input\":{\"name\":\"first\",\"name\":\"second\"}}","Output":"--- PASS: TestColdRecoveryTUIMalformedFormsNeverDispatch/restore/{\"id\":\"one\",\"input\":{\"name\":\"first\",\"name\":\"second\"}} (0.01s)\n","OutputType":"frame"}
{"Time":"2026-09-08T19:30:48.706127905+03:00","Action":"pass","Package":"virmill.local/core/internal/ui/tui","Test":"TestColdRecoveryTUIMalformedFormsNeverDispatch/restore/{\"id\":\"one\",\"input\":{\"name\":\"first\",\"name\":\"second\"}}","Elapsed":0.01}
{"Time":"2026-09-08T19:30:48.706147488+03:00","Action":"run","Package":"virmill.local/core/internal/ui/tui","Test":"TestColdRecoveryTUIMalformedFormsNeverDispatch/restore/{\"id\":\"one\",\"apply\":{\"planID\":\"hidden\"}}"}
{"Time":"2026-09-08T19:30:48.706150742+03:00","Action":"output","Package":"virmill.local/core/internal/ui/tui","Test":"TestColdRecoveryTUIMalformedFormsNeverDispatch/restore/{\"id\":\"one\",\"apply\":{\"planID\":\"hidden\"}}","Output":"=== RUN   TestColdRecoveryTUIMalformedFormsNeverDispatch/restore/{\"id\":\"one\",\"apply\":{\"planID\":\"hidden\"}}\n","OutputType":"frame"}
{"Time":"2026-09-08T19:30:48.71271476+03:00","Action":"output","Package":"virmill.local/core/internal/ui/tui","Test":"TestColdRecoveryTUIMalformedFormsNeverDispatch/restore/{\"id\":\"one\",\"apply\":{\"planID\":\"hidden\"}}","Output":"--- PASS: TestColdRecoveryTUIMalformedFormsNeverDispatch/restore/{\"id\":\"one\",\"apply\":{\"planID\":\"hidden\"}} (0.01s)\n","OutputType":"frame"}
{"Time":"2026-09-08T19:30:48.712751397+03:00","Action":"pass","Package":"virmill.local/core/internal/ui/tui","Test":"TestColdRecoveryTUIMalformedFormsNeverDispatch/restore/{\"id\":\"one\",\"apply\":{\"planID\":\"hidden\"}}","Elapsed":0.01}
{"Time":"2026-09-08T19:30:48.712762117+03:00","Action":"output","Package":"virmill.local/core/internal/ui/tui","Test":"TestColdRecoveryTUIMalformedFormsNeverDispatch","Output":"--- PASS: TestColdRecoveryTUIMalformedFormsNeverDispatch (0.06s)\n","OutputType":"frame"}
{"Time":"2026-09-08T19:30:48.712766569+03:00","Action":"pass","Package":"virmill.local/core/internal/ui/tui","Test":"TestColdRecoveryTUIMalformedFormsNeverDispatch","Elapsed":0.06}
{"Time":"2026-09-08T19:30:48.712771772+03:00","Action":"run","Package":"virmill.local/core/internal/ui/tui","Test":"TestCreationEstimateTUIShowsPagedSharedReviewAndReusesDigest"}
{"Time":"2026-09-08T19:30:48.712774574+03:00","Action":"output","Package":"virmill.local/core/internal/ui/tui","Test":"TestCreationEstimateTUIShowsPagedSharedReviewAndReusesDigest","Output":"=== RUN   TestCreationEstimateTUIShowsPagedSharedReviewAndReusesDigest\n","OutputType":"frame"}
{"Time":"2026-09-08T19:30:48.730135349+03:00","Action":"output","Package":"virmill.local/core/internal/ui/cli","Test":"TestCreationNVRAMCLIResultStages/table/bound-running","Output":"--- PASS: TestCreationNVRAMCLIResultStages/table/bound-running (0.04s)\n","OutputType":"frame"}
{"Time":"2026-09-08T19:30:48.730164488+03:00","Action":"pass","Package":"virmill.local/core/internal/ui/cli","Test":"TestCreationNVRAMCLIResultStages/table/bound-running","Elapsed":0.04}
{"Time":"2026-09-08T19:30:48.73017276+03:00","Action":"run","Package":"virmill.local/core/internal/ui/cli","Test":"TestCreationNVRAMCLIResultStages/table/pending"}
{"Time":"2026-09-08T19:30:48.730174231+03:00","Action":"output","Package":"virmill.local/core/internal/ui/cli","Test":"TestCreationNVRAMCLIResultStages/table/pending","Output":"=== RUN   TestCreationNVRAMCLIResultStages/table/pending\n","OutputType":"frame"}
{"Time":"2026-09-08T19:30:48.76149231+03:00","Action":"output","Package":"virmill.local/core/internal/ui/cli","Test":"TestCreationNVRAMCLIResultStages/table/pending","Output":"--- PASS: TestCreationNVRAMCLIResultStages/table/pending (0.03s)\n","OutputType":"frame"}
{"Time":"2026-09-08T19:30:48.761519653+03:00","Action":"pass","Package":"virmill.local/core/internal/ui/cli","Test":"TestCreationNVRAMCLIResultStages/table/pending","Elapsed":0.03}
{"Time":"2026-09-08T19:30:48.76152423+03:00","Action":"run","Package":"virmill.local/core/internal/ui/cli","Test":"TestCreationNVRAMCLIResultStages/table/pending-partial"}
{"Time":"2026-09-08T19:30:48.761525644+03:00","Action":"output","Package":"virmill.local/core/internal/ui/cli","Test":"TestCreationNVRAMCLIResultStages/table/pending-partial","Output":"=== RUN   TestCreationNVRAMCLIResultStages/table/pending-partial\n","OutputType":"frame"}
{"Time":"2026-09-08T19:30:48.79148212+03:00","Action":"output","Package":"virmill.local/core/internal/ui/cli","Test":"TestCreationNVRAMCLIResultStages/table/pending-partial","Output":"--- PASS: TestCreationNVRAMCLIResultStages/table/pending-partial (0.03s)\n","OutputType":"frame"}
{"Time":"2026-09-08T19:30:48.791523422+03:00","Action":"pass","Package":"virmill.local/core/internal/ui/cli","Test":"TestCreationNVRAMCLIResultStages/table/pending-partial","Elapsed":0.03}
{"Time":"2026-09-08T19:30:48.791536857+03:00","Action":"run","Package":"virmill.local/core/internal/ui/cli","Test":"TestCreationNVRAMCLIResultStages/table/legacy-succeeded"}
{"Time":"2026-09-08T19:30:48.791539964+03:00","Action":"output","Package":"virmill.local/core/internal/ui/cli","Test":"TestCreationNVRAMCLIResultStages/table/legacy-succeeded","Output":"=== RUN   TestCreationNVRAMCLIResultStages/table/legacy-succeeded\n","OutputType":"frame"}
{"Time":"2026-09-08T19:30:48.826785076+03:00","Action":"output","Package":"virmill.local/core/internal/ui/tui","Test":"TestCreationEstimateTUIShowsPagedSharedReviewAndReusesDigest","Output":"--- PASS: TestCreationEstimateTUIShowsPagedSharedReviewAndReusesDigest (0.11s)\n","OutputType":"frame"}
{"Time":"2026-09-08T19:30:48.826811525+03:00","Action":"pass","Package":"virmill.local/core/internal/ui/tui","Test":"TestCreationEstimateTUIShowsPagedSharedReviewAndReusesDigest","Elapsed":0.11}
{"Time":"2026-09-08T19:30:48.826822366+03:00","Action":"run","Package":"virmill.local/core/internal/ui/tui","Test":"TestCreationEstimateTUIFailuresClearStaleBudgetAndApproval"}
{"Time":"2026-09-08T19:30:48.826824662+03:00","Action":"output","Package":"virmill.local/core/internal/ui/tui","Test":"TestCreationEstimateTUIFailuresClearStaleBudgetAndApproval","Output":"=== RUN   TestCreationEstimateTUIFailuresClearStaleBudgetAndApproval\n","OutputType":"frame"}
{"Time":"2026-09-08T19:30:48.82715898+03:00","Action":"run","Package":"virmill.local/core/internal/ui/tui","Test":"TestCreationEstimateTUIFailuresClearStaleBudgetAndApproval/preflight-error"}
{"Time":"2026-09-08T19:30:48.8271733+03:00","Action":"output","Package":"virmill.local/core/internal/ui/tui","Test":"TestCreationEstimateTUIFailuresClearStaleBudgetAndApproval/preflight-error","Output":"=== RUN   TestCreationEstimateTUIFailuresClearStaleBudgetAndApproval/preflight-error\n","OutputType":"frame"}
{"Time":"2026-09-08T19:30:48.836216646+03:00","Action":"output","Package":"virmill.local/core/internal/ui/cli","Test":"TestCreationNVRAMCLIResultStages/table/legacy-succeeded","Output":"--- PASS: TestCreationNVRAMCLIResultStages/table/legacy-succeeded (0.04s)\n","OutputType":"frame"}
{"Time":"2026-09-08T19:30:48.836246584+03:00","Action":"pass","Package":"virmill.local/core/internal/ui/cli","Test":"TestCreationNVRAMCLIResultStages/table/legacy-succeeded","Elapsed":0.04}
{"Time":"2026-09-08T19:30:48.836252582+03:00","Action":"run","Package":"virmill.local/core/internal/ui/cli","Test":"TestCreationNVRAMCLIResultStages/table/legacy-pending"}
{"Time":"2026-09-08T19:30:48.836254137+03:00","Action":"output","Package":"virmill.local/core/internal/ui/cli","Test":"TestCreationNVRAMCLIResultStages/table/legacy-pending","Output":"=== RUN   TestCreationNVRAMCLIResultStages/table/legacy-pending\n","OutputType":"frame"}
{"Time":"2026-09-08T19:30:48.845992219+03:00","Action":"output","Package":"virmill.local/core/internal/ui/tui","Test":"TestCreationEstimateTUIFailuresClearStaleBudgetAndApproval/preflight-error","Output":"--- PASS: TestCreationEstimateTUIFailuresClearStaleBudgetAndApproval/preflight-error (0.02s)\n","OutputType":"frame"}
{"Time":"2026-09-08T19:30:48.846012798+03:00","Action":"pass","Package":"virmill.local/core/internal/ui/tui","Test":"TestCreationEstimateTUIFailuresClearStaleBudgetAndApproval/preflight-error","Elapsed":0.02}
{"Time":"2026-09-08T19:30:48.846017898+03:00","Action":"run","Package":"virmill.local/core/internal/ui/tui","Test":"TestCreationEstimateTUIFailuresClearStaleBudgetAndApproval/canceled-creation"}
{"Time":"2026-09-08T19:30:48.846019259+03:00","Action":"output","Package":"virmill.local/core/internal/ui/tui","Test":"TestCreationEstimateTUIFailuresClearStaleBudgetAndApproval/canceled-creation","Output":"=== RUN   TestCreationEstimateTUIFailuresClearStaleBudgetAndApproval/canceled-creation\n","OutputType":"frame"}
{"Time":"2026-09-08T19:30:48.865646137+03:00","Action":"output","Package":"virmill.local/core/internal/ui/tui","Test":"TestCreationEstimateTUIFailuresClearStaleBudgetAndApproval/canceled-creation","Output":"--- PASS: TestCreationEstimateTUIFailuresClearStaleBudgetAndApproval/canceled-creation (0.02s)\n","OutputType":"frame"}
{"Time":"2026-09-08T19:30:48.865671738+03:00","Action":"pass","Package":"virmill.local/core/internal/ui/tui","Test":"TestCreationEstimateTUIFailuresClearStaleBudgetAndApproval/canceled-creation","Elapsed":0.02}
{"Time":"2026-09-08T19:30:48.865678388+03:00","Action":"run","Package":"virmill.local/core/internal/ui/tui","Test":"TestCreationEstimateTUIFailuresClearStaleBudgetAndApproval/canceled-plan-show"}
{"Time":"2026-09-08T19:30:48.86568532+03:00","Action":"output","Package":"virmill.local/core/internal/ui/tui","Test":"TestCreationEstimateTUIFailuresClearStaleBudgetAndApproval/canceled-plan-show","Output":"=== RUN   TestCreationEstimateTUIFailuresClearStaleBudgetAndApproval/canceled-plan-show\n","OutputType":"frame"}
{"Time":"2026-09-08T19:30:48.878932198+03:00","Action":"output","Package":"virmill.local/core/internal/ui/cli","Test":"TestCreationNVRAMCLIResultStages/table/legacy-pending","Output":"--- PASS: TestCreationNVRAMCLIResultStages/table/legacy-pending (0.04s)\n","OutputType":"frame"}
{"Time":"2026-09-08T19:30:48.87895717+03:00","Action":"pass","Package":"virmill.local/core/internal/ui/cli","Test":"TestCreationNVRAMCLIResultStages/table/legacy-pending","Elapsed":0.04}
{"Time":"2026-09-08T19:30:48.878966406+03:00","Action":"run","Package":"virmill.local/core/internal/ui/cli","Test":"TestCreationNVRAMCLIResultStages/table/missing-binding"}
{"Time":"2026-09-08T19:30:48.878967941+03:00","Action":"output","Package":"virmill.local/core/internal/ui/cli","Test":"TestCreationNVRAMCLIResultStages/table/missing-binding","Output":"=== RUN   TestCreationNVRAMCLIResultStages/table/missing-binding\n","OutputType":"frame"}
{"Time":"2026-09-08T19:30:48.882829657+03:00","Action":"output","Package":"virmill.local/core/internal/ui/tui","Test":"TestCreationEstimateTUIFailuresClearStaleBudgetAndApproval/canceled-plan-show","Output":"--- PASS: TestCreationEstimateTUIFailuresClearStaleBudgetAndApproval/canceled-plan-show (0.02s)\n","OutputType":"frame"}
{"Time":"2026-09-08T19:30:48.882871461+03:00","Action":"pass","Package":"virmill.local/core/internal/ui/tui","Test":"TestCreationEstimateTUIFailuresClearStaleBudgetAndApproval/canceled-plan-show","Elapsed":0.02}
{"Time":"2026-09-08T19:30:48.882893758+03:00","Action":"run","Package":"virmill.local/core/internal/ui/tui","Test":"TestCreationEstimateTUIFailuresClearStaleBudgetAndApproval/transport-error"}
{"Time":"2026-09-08T19:30:48.882898211+03:00","Action":"output","Package":"virmill.local/core/internal/ui/tui","Test":"TestCreationEstimateTUIFailuresClearStaleBudgetAndApproval/transport-error","Output":"=== RUN   TestCreationEstimateTUIFailuresClearStaleBudgetAndApproval/transport-error\n","OutputType":"frame"}
{"Time":"2026-09-08T19:30:48.901902865+03:00","Action":"output","Package":"virmill.local/core/internal/ui/tui","Test":"TestCreationEstimateTUIFailuresClearStaleBudgetAndApproval/transport-error","Output":"--- PASS: TestCreationEstimateTUIFailuresClearStaleBudgetAndApproval/transport-error (0.02s)\n","OutputType":"frame"}
{"Time":"2026-09-08T19:30:48.901926996+03:00","Action":"pass","Package":"virmill.local/core/internal/ui/tui","Test":"TestCreationEstimateTUIFailuresClearStaleBudgetAndApproval/transport-error","Elapsed":0.02}
{"Time":"2026-09-08T19:30:48.901933584+03:00","Action":"run","Package":"virmill.local/core/internal/ui/tui","Test":"TestCreationEstimateTUIFailuresClearStaleBudgetAndApproval/missing-plan"}
{"Time":"2026-09-08T19:30:48.901935259+03:00","Action":"output","Package":"virmill.local/core/internal/ui/tui","Test":"TestCreationEstimateTUIFailuresClearStaleBudgetAndApproval/missing-plan","Output":"=== RUN   TestCreationEstimateTUIFailuresClearStaleBudgetAndApproval/missing-plan\n","OutputType":"frame"}
{"Time":"2026-09-08T19:30:48.912002813+03:00","Action":"output","Package":"virmill.local/core/internal/ui/cli","Test":"TestCreationNVRAMCLIResultStages/table/missing-binding","Output":"--- PASS: TestCreationNVRAMCLIResultStages/table/missing-binding (0.03s)\n","OutputType":"frame"}
{"Time":"2026-09-08T19:30:48.912031654+03:00","Action":"pass","Package":"virmill.local/core/internal/ui/cli","Test":"TestCreationNVRAMCLIResultStages/table/missing-binding","Elapsed":0.03}
{"Time":"2026-09-08T19:30:48.912037679+03:00","Action":"run","Package":"virmill.local/core/internal/ui/cli","Test":"TestCreationNVRAMCLIResultStages/table/conflicting-binding"}
{"Time":"2026-09-08T19:30:48.912039965+03:00","Action":"output","Package":"virmill.local/core/internal/ui/cli","Test":"TestCreationNVRAMCLIResultStages/table/conflicting-binding","Output":"=== RUN   TestCreationNVRAMCLIResultStages/table/conflicting-binding\n","OutputType":"frame"}
{"Time":"2026-09-08T19:30:48.920644507+03:00","Action":"output","Package":"virmill.local/core/internal/ui/tui","Test":"TestCreationEstimateTUIFailuresClearStaleBudgetAndApproval/missing-plan","Output":"--- PASS: TestCreationEstimateTUIFailuresClearStaleBudgetAndApproval/missing-plan (0.02s)\n","OutputType":"frame"}
{"Time":"2026-09-08T19:30:48.920672286+03:00","Action":"pass","Package":"virmill.local/core/internal/ui/tui","Test":"TestCreationEstimateTUIFailuresClearStaleBudgetAndApproval/missing-plan","Elapsed":0.02}
{"Time":"2026-09-08T19:30:48.920700598+03:00","Action":"output","Package":"virmill.local/core/internal/ui/tui","Test":"TestCreationEstimateTUIFailuresClearStaleBudgetAndApproval","Output":"--- PASS: TestCreationEstimateTUIFailuresClearStaleBudgetAndApproval (0.09s)\n","OutputType":"frame"}
{"Time":"2026-09-08T19:30:48.921143205+03:00","Action":"pass","Package":"virmill.local/core/internal/ui/tui","Test":"TestCreationEstimateTUIFailuresClearStaleBudgetAndApproval","Elapsed":0.09}
{"Time":"2026-09-08T19:30:48.921158744+03:00","Action":"run","Package":"virmill.local/core/internal/ui/tui","Test":"TestCreationEstimateTUIEscapeCancelsAuthorizationWithoutSubmission"}
{"Time":"2026-09-08T19:30:48.921168634+03:00","Action":"output","Package":"virmill.local/core/internal/ui/tui","Test":"TestCreationEstimateTUIEscapeCancelsAuthorizationWithoutSubmission","Output":"=== RUN   TestCreationEstimateTUIEscapeCancelsAuthorizationWithoutSubmission\n","OutputType":"frame"}
{"Time":"2026-09-08T19:30:48.936457924+03:00","Action":"output","Package":"virmill.local/core/internal/ui/tui","Test":"TestCreationEstimateTUIEscapeCancelsAuthorizationWithoutSubmission","Output":"--- PASS: TestCreationEstimateTUIEscapeCancelsAuthorizationWithoutSubmission (0.02s)\n","OutputType":"frame"}
{"Time":"2026-09-08T19:30:48.936491003+03:00","Action":"pass","Package":"virmill.local/core/internal/ui/tui","Test":"TestCreationEstimateTUIEscapeCancelsAuthorizationWithoutSubmission","Elapsed":0.02}
{"Time":"2026-09-08T19:30:48.936501606+03:00","Action":"run","Package":"virmill.local/core/internal/ui/tui","Test":"TestCreationNVRAMTUIReviewAndAuthorization"}
{"Time":"2026-09-08T19:30:48.93650438+03:00","Action":"output","Package":"virmill.local/core/internal/ui/tui","Test":"TestCreationNVRAMTUIReviewAndAuthorization","Output":"=== RUN   TestCreationNVRAMTUIReviewAndAuthorization\n","OutputType":"frame"}
{"Time":"2026-09-08T19:30:48.945917343+03:00","Action":"output","Package":"virmill.local/core/internal/ui/cli","Test":"TestCreationNVRAMCLIResultStages/table/conflicting-binding","Output":"--- PASS: TestCreationNVRAMCLIResultStages/table/conflicting-binding (0.03s)\n","OutputType":"frame"}
{"Time":"2026-09-08T19:30:48.94594321+03:00","Action":"pass","Package":"virmill.local/core/internal/ui/cli","Test":"TestCreationNVRAMCLIResultStages/table/conflicting-binding","Elapsed":0.03}
{"Time":"2026-09-08T19:30:48.945948294+03:00","Action":"run","Package":"virmill.local/core/internal/ui/cli","Test":"TestCreationNVRAMCLIResultStages/table/failed-bound"}
{"Time":"2026-09-08T19:30:48.945950051+03:00","Action":"output","Package":"virmill.local/core/internal/ui/cli","Test":"TestCreationNVRAMCLIResultStages/table/failed-bound","Output":"=== RUN   TestCreationNVRAMCLIResultStages/table/failed-bound\n","OutputType":"frame"}
{"Time":"2026-09-08T19:30:48.979462039+03:00","Action":"output","Package":"virmill.local/core/internal/ui/cli","Test":"TestCreationNVRAMCLIResultStages/table/failed-bound","Output":"--- PASS: TestCreationNVRAMCLIResultStages/table/failed-bound (0.03s)\n","OutputType":"frame"}
{"Time":"2026-09-08T19:30:48.979492247+03:00","Action":"pass","Package":"virmill.local/core/internal/ui/cli","Test":"TestCreationNVRAMCLIResultStages/table/failed-bound","Elapsed":0.03}
{"Time":"2026-09-08T19:30:48.979505435+03:00","Action":"run","Package":"virmill.local/core/internal/ui/cli","Test":"TestCreationNVRAMCLIResultStages/json/bound"}
{"Time":"2026-09-08T19:30:48.979507032+03:00","Action":"output","Package":"virmill.local/core/internal/ui/cli","Test":"TestCreationNVRAMCLIResultStages/json/bound","Output":"=== RUN   TestCreationNVRAMCLIResultStages/json/bound\n","OutputType":"frame"}
{"Time":"2026-09-08T19:30:49.013264899+03:00","Action":"output","Package":"virmill.local/core/internal/ui/cli","Test":"TestCreationNVRAMCLIResultStages/json/bound","Output":"--- PASS: TestCreationNVRAMCLIResultStages/json/bound (0.03s)\n","OutputType":"frame"}
{"Time":"2026-09-08T19:30:49.013294618+03:00","Action":"pass","Package":"virmill.local/core/internal/ui/cli","Test":"TestCreationNVRAMCLIResultStages/json/bound","Elapsed":0.03}
{"Time":"2026-09-08T19:30:49.01329974+03:00","Action":"run","Package":"virmill.local/core/internal/ui/cli","Test":"TestCreationNVRAMCLIResultStages/json/bound-running"}
{"Time":"2026-09-08T19:30:49.013301268+03:00","Action":"output","Package":"virmill.local/core/internal/ui/cli","Test":"TestCreationNVRAMCLIResultStages/json/bound-running","Output":"=== RUN   TestCreationNVRAMCLIResultStages/json/bound-running\n","OutputType":"frame"}
{"Time":"2026-09-08T19:30:49.041144283+03:00","Action":"output","Package":"virmill.local/core/internal/ui/cli","Test":"TestCreationNVRAMCLIResultStages/json/bound-running","Output":"--- PASS: TestCreationNVRAMCLIResultStages/json/bound-running (0.03s)\n","OutputType":"frame"}
{"Time":"2026-09-08T19:30:49.041177463+03:00","Action":"pass","Package":"virmill.local/core/internal/ui/cli","Test":"TestCreationNVRAMCLIResultStages/json/bound-running","Elapsed":0.03}
{"Time":"2026-09-08T19:30:49.04118622+03:00","Action":"run","Package":"virmill.local/core/internal/ui/cli","Test":"TestCreationNVRAMCLIResultStages/json/pending"}
{"Time":"2026-09-08T19:30:49.041187746+03:00","Action":"output","Package":"virmill.local/core/internal/ui/cli","Test":"TestCreationNVRAMCLIResultStages/json/pending","Output":"=== RUN   TestCreationNVRAMCLIResultStages/json/pending\n","OutputType":"frame"}
{"Time":"2026-09-08T19:30:49.059722531+03:00","Action":"output","Package":"virmill.local/core/internal/ui/tui","Test":"TestCreationNVRAMTUIReviewAndAuthorization","Output":"--- PASS: TestCreationNVRAMTUIReviewAndAuthorization (0.12s)\n","OutputType":"frame"}
{"Time":"2026-09-08T19:30:49.059748565+03:00","Action":"pass","Package":"virmill.local/core/internal/ui/tui","Test":"TestCreationNVRAMTUIReviewAndAuthorization","Elapsed":0.12}
{"Time":"2026-09-08T19:30:49.059754163+03:00","Action":"run","Package":"virmill.local/core/internal/ui/tui","Test":"TestCreationNVRAMTUIResultStages"}
{"Time":"2026-09-08T19:30:49.059755879+03:00","Action":"output","Package":"virmill.local/core/internal/ui/tui","Test":"TestCreationNVRAMTUIResultStages","Output":"=== RUN   TestCreationNVRAMTUIResultStages\n","OutputType":"frame"}
{"Time":"2026-09-08T19:30:49.059778647+03:00","Action":"run","Package":"virmill.local/core/internal/ui/tui","Test":"TestCreationNVRAMTUIResultStages/bound"}
{"Time":"2026-09-08T19:30:49.059780358+03:00","Action":"output","Package":"virmill.local/core/internal/ui/tui","Test":"TestCreationNVRAMTUIResultStages/bound","Output":"=== RUN   TestCreationNVRAMTUIResultStages/bound\n","OutputType":"frame"}
{"Time":"2026-09-08T19:30:49.064786167+03:00","Action":"output","Package":"virmill.local/core/internal/ui/cli","Test":"TestCreationNVRAMCLIResultStages/json/pending","Output":"--- PASS: TestCreationNVRAMCLIResultStages/json/pending (0.02s)\n","OutputType":"frame"}
{"Time":"2026-09-08T19:30:49.064800722+03:00","Action":"pass","Package":"virmill.local/core/internal/ui/cli","Test":"TestCreationNVRAMCLIResultStages/json/pending","Elapsed":0.02}
{"Time":"2026-09-08T19:30:49.064810872+03:00","Action":"run","Package":"virmill.local/core/internal/ui/cli","Test":"TestCreationNVRAMCLIResultStages/json/pending-partial"}
{"Time":"2026-09-08T19:30:49.064813073+03:00","Action":"output","Package":"virmill.local/core/internal/ui/cli","Test":"TestCreationNVRAMCLIResultStages/json/pending-partial","Output":"=== RUN   TestCreationNVRAMCLIResultStages/json/pending-partial\n","OutputType":"frame"}
{"Time":"2026-09-08T19:30:49.098213703+03:00","Action":"output","Package":"virmill.local/core/internal/ui/cli","Test":"TestCreationNVRAMCLIResultStages/json/pending-partial","Output":"--- PASS: TestCreationNVRAMCLIResultStages/json/pending-partial (0.03s)\n","OutputType":"frame"}
{"Time":"2026-09-08T19:30:49.098253435+03:00","Action":"pass","Package":"virmill.local/core/internal/ui/cli","Test":"TestCreationNVRAMCLIResultStages/json/pending-partial","Elapsed":0.03}
{"Time":"2026-09-08T19:30:49.098262875+03:00","Action":"run","Package":"virmill.local/core/internal/ui/cli","Test":"TestCreationNVRAMCLIResultStages/json/legacy-succeeded"}
{"Time":"2026-09-08T19:30:49.098265769+03:00","Action":"output","Package":"virmill.local/core/internal/ui/cli","Test":"TestCreationNVRAMCLIResultStages/json/legacy-succeeded","Output":"=== RUN   TestCreationNVRAMCLIResultStages/json/legacy-succeeded\n","OutputType":"frame"}
{"Time":"2026-09-08T19:30:49.109740486+03:00","Action":"output","Package":"virmill.local/core/internal/ui/tui","Test":"TestCreationNVRAMTUIResultStages/bound","Output":"--- PASS: TestCreationNVRAMTUIResultStages/bound (0.05s)\n","OutputType":"frame"}
{"Time":"2026-09-08T19:30:49.109768881+03:00","Action":"pass","Package":"virmill.local/core/internal/ui/tui","Test":"TestCreationNVRAMTUIResultStages/bound","Elapsed":0.05}
{"Time":"2026-09-08T19:30:49.109801736+03:00","Action":"run","Package":"virmill.local/core/internal/ui/tui","Test":"TestCreationNVRAMTUIResultStages/bound-running"}
{"Time":"2026-09-08T19:30:49.109803793+03:00","Action":"output","Package":"virmill.local/core/internal/ui/tui","Test":"TestCreationNVRAMTUIResultStages/bound-running","Output":"=== RUN   TestCreationNVRAMTUIResultStages/bound-running\n","OutputType":"frame"}
{"Time":"2026-09-08T19:30:49.13625723+03:00","Action":"output","Package":"virmill.local/core/internal/ui/cli","Test":"TestCreationNVRAMCLIResultStages/json/legacy-succeeded","Output":"--- PASS: TestCreationNVRAMCLIResultStages/json/legacy-succeeded (0.04s)\n","OutputType":"frame"}
{"Time":"2026-09-08T19:30:49.136285915+03:00","Action":"pass","Package":"virmill.local/core/internal/ui/cli","Test":"TestCreationNVRAMCLIResultStages/json/legacy-succeeded","Elapsed":0.04}
{"Time":"2026-09-08T19:30:49.136297862+03:00","Action":"run","Package":"virmill.local/core/internal/ui/cli","Test":"TestCreationNVRAMCLIResultStages/json/legacy-pending"}
{"Time":"2026-09-08T19:30:49.136299766+03:00","Action":"output","Package":"virmill.local/core/internal/ui/cli","Test":"TestCreationNVRAMCLIResultStages/json/legacy-pending","Output":"=== RUN   TestCreationNVRAMCLIResultStages/json/legacy-pending\n","OutputType":"frame"}
{"Time":"2026-09-08T19:30:49.162469002+03:00","Action":"output","Package":"virmill.local/core/internal/ui/tui","Test":"TestCreationNVRAMTUIResultStages/bound-running","Output":"--- PASS: TestCreationNVRAMTUIResultStages/bound-running (0.05s)\n","OutputType":"frame"}
{"Time":"2026-09-08T19:30:49.162500951+03:00","Action":"pass","Package":"virmill.local/core/internal/ui/tui","Test":"TestCreationNVRAMTUIResultStages/bound-running","Elapsed":0.05}
{"Time":"2026-09-08T19:30:49.16250835+03:00","Action":"run","Package":"virmill.local/core/internal/ui/tui","Test":"TestCreationNVRAMTUIResultStages/pending"}
{"Time":"2026-09-08T19:30:49.16251611+03:00","Action":"output","Package":"virmill.local/core/internal/ui/tui","Test":"TestCreationNVRAMTUIResultStages/pending","Output":"=== RUN   TestCreationNVRAMTUIResultStages/pending\n","OutputType":"frame"}
{"Time":"2026-09-08T19:30:49.173333634+03:00","Action":"output","Package":"virmill.local/core/internal/ui/cli","Test":"TestCreationNVRAMCLIResultStages/json/legacy-pending","Output":"--- PASS: TestCreationNVRAMCLIResultStages/json/legacy-pending (0.04s)\n","OutputType":"frame"}
{"Time":"2026-09-08T19:30:49.173363668+03:00","Action":"pass","Package":"virmill.local/core/internal/ui/cli","Test":"TestCreationNVRAMCLIResultStages/json/legacy-pending","Elapsed":0.04}
{"Time":"2026-09-08T19:30:49.173369462+03:00","Action":"run","Package":"virmill.local/core/internal/ui/cli","Test":"TestCreationNVRAMCLIResultStages/json/missing-binding"}
{"Time":"2026-09-08T19:30:49.173371111+03:00","Action":"output","Package":"virmill.local/core/internal/ui/cli","Test":"TestCreationNVRAMCLIResultStages/json/missing-binding","Output":"=== RUN   TestCreationNVRAMCLIResultStages/json/missing-binding\n","OutputType":"frame"}
{"Time":"2026-09-08T19:30:49.198779955+03:00","Action":"output","Package":"virmill.local/core/internal/ui/tui","Test":"TestCreationNVRAMTUIResultStages/pending","Output":"--- PASS: TestCreationNVRAMTUIResultStages/pending (0.04s)\n","OutputType":"frame"}
{"Time":"2026-09-08T19:30:49.198816011+03:00","Action":"pass","Package":"virmill.local/core/internal/ui/tui","Test":"TestCreationNVRAMTUIResultStages/pending","Elapsed":0.04}
{"Time":"2026-09-08T19:30:49.198822274+03:00","Action":"run","Package":"virmill.local/core/internal/ui/tui","Test":"TestCreationNVRAMTUIResultStages/pending-partial"}
{"Time":"2026-09-08T19:30:49.198823538+03:00","Action":"output","Package":"virmill.local/core/internal/ui/tui","Test":"TestCreationNVRAMTUIResultStages/pending-partial","Output":"=== RUN   TestCreationNVRAMTUIResultStages/pending-partial\n","OutputType":"frame"}
{"Time":"2026-09-08T19:30:49.206143759+03:00","Action":"output","Package":"virmill.local/core/internal/ui/cli","Test":"TestCreationNVRAMCLIResultStages/json/missing-binding","Output":"--- PASS: TestCreationNVRAMCLIResultStages/json/missing-binding (0.03s)\n","OutputType":"frame"}
{"Time":"2026-09-08T19:30:49.206189642+03:00","Action":"pass","Package":"virmill.local/core/internal/ui/cli","Test":"TestCreationNVRAMCLIResultStages/json/missing-binding","Elapsed":0.03}
{"Time":"2026-09-08T19:30:49.206209238+03:00","Action":"run","Package":"virmill.local/core/internal/ui/cli","Test":"TestCreationNVRAMCLIResultStages/json/conflicting-binding"}
{"Time":"2026-09-08T19:30:49.206213256+03:00","Action":"output","Package":"virmill.local/core/internal/ui/cli","Test":"TestCreationNVRAMCLIResultStages/json/conflicting-binding","Output":"=== RUN   TestCreationNVRAMCLIResultStages/json/conflicting-binding\n","OutputType":"frame"}
{"Time":"2026-09-08T19:30:49.236605049+03:00","Action":"output","Package":"virmill.local/core/internal/ui/cli","Test":"TestCreationNVRAMCLIResultStages/json/conflicting-binding","Output":"--- PASS: TestCreationNVRAMCLIResultStages/json/conflicting-binding (0.03s)\n","OutputType":"frame"}
{"Time":"2026-09-08T19:30:49.236642567+03:00","Action":"pass","Package":"virmill.local/core/internal/ui/cli","Test":"TestCreationNVRAMCLIResultStages/json/conflicting-binding","Elapsed":0.03}
{"Time":"2026-09-08T19:30:49.236649399+03:00","Action":"run","Package":"virmill.local/core/internal/ui/cli","Test":"TestCreationNVRAMCLIResultStages/json/failed-bound"}
{"Time":"2026-09-08T19:30:49.23665168+03:00","Action":"output","Package":"virmill.local/core/internal/ui/cli","Test":"TestCreationNVRAMCLIResultStages/json/failed-bound","Output":"=== RUN   TestCreationNVRAMCLIResultStages/json/failed-bound\n","OutputType":"frame"}
{"Time":"2026-09-08T19:30:49.240942652+03:00","Action":"output","Package":"virmill.local/core/internal/ui/tui","Test":"TestCreationNVRAMTUIResultStages/pending-partial","Output":"--- PASS: TestCreationNVRAMTUIResultStages/pending-partial (0.04s)\n","OutputType":"frame"}
{"Time":"2026-09-08T19:30:49.240957564+03:00","Action":"pass","Package":"virmill.local/core/internal/ui/tui","Test":"TestCreationNVRAMTUIResultStages/pending-partial","Elapsed":0.04}
{"Time":"2026-09-08T19:30:49.240962905+03:00","Action":"run","Package":"virmill.local/core/internal/ui/tui","Test":"TestCreationNVRAMTUIResultStages/legacy-succeeded"}
{"Time":"2026-09-08T19:30:49.240965681+03:00","Action":"output","Package":"virmill.local/core/internal/ui/tui","Test":"TestCreationNVRAMTUIResultStages/legacy-succeeded","Output":"=== RUN   TestCreationNVRAMTUIResultStages/legacy-succeeded\n","OutputType":"frame"}
{"Time":"2026-09-08T19:30:49.26880984+03:00","Action":"output","Package":"virmill.local/core/internal/ui/cli","Test":"TestCreationNVRAMCLIResultStages/json/failed-bound","Output":"--- PASS: TestCreationNVRAMCLIResultStages/json/failed-bound (0.03s)\n","OutputType":"frame"}
{"Time":"2026-09-08T19:30:49.268838456+03:00","Action":"pass","Package":"virmill.local/core/internal/ui/cli","Test":"TestCreationNVRAMCLIResultStages/json/failed-bound","Elapsed":0.03}
{"Time":"2026-09-08T19:30:49.268846083+03:00","Action":"run","Package":"virmill.local/core/internal/ui/cli","Test":"TestCreationNVRAMCLIResultStages/ndjson/bound"}
{"Time":"2026-09-08T19:30:49.268847751+03:00","Action":"output","Package":"virmill.local/core/internal/ui/cli","Test":"TestCreationNVRAMCLIResultStages/ndjson/bound","Output":"=== RUN   TestCreationNVRAMCLIResultStages/ndjson/bound\n","OutputType":"frame"}
{"Time":"2026-09-08T19:30:49.289987919+03:00","Action":"output","Package":"virmill.local/core/internal/ui/tui","Test":"TestCreationNVRAMTUIResultStages/legacy-succeeded","Output":"--- PASS: TestCreationNVRAMTUIResultStages/legacy-succeeded (0.05s)\n","OutputType":"frame"}
{"Time":"2026-09-08T19:30:49.29000206+03:00","Action":"pass","Package":"virmill.local/core/internal/ui/tui","Test":"TestCreationNVRAMTUIResultStages/legacy-succeeded","Elapsed":0.05}
{"Time":"2026-09-08T19:30:49.290009667+03:00","Action":"run","Package":"virmill.local/core/internal/ui/tui","Test":"TestCreationNVRAMTUIResultStages/legacy-pending"}
{"Time":"2026-09-08T19:30:49.290015946+03:00","Action":"output","Package":"virmill.local/core/internal/ui/tui","Test":"TestCreationNVRAMTUIResultStages/legacy-pending","Output":"=== RUN   TestCreationNVRAMTUIResultStages/legacy-pending\n","OutputType":"frame"}
{"Time":"2026-09-08T19:30:49.301532636+03:00","Action":"output","Package":"virmill.local/core/internal/ui/cli","Test":"TestCreationNVRAMCLIResultStages/ndjson/bound","Output":"--- PASS: TestCreationNVRAMCLIResultStages/ndjson/bound (0.03s)\n","OutputType":"frame"}
{"Time":"2026-09-08T19:30:49.301549138+03:00","Action":"pass","Package":"virmill.local/core/internal/ui/cli","Test":"TestCreationNVRAMCLIResultStages/ndjson/bound","Elapsed":0.03}
{"Time":"2026-09-08T19:30:49.301565069+03:00","Action":"run","Package":"virmill.local/core/internal/ui/cli","Test":"TestCreationNVRAMCLIResultStages/ndjson/bound-running"}
{"Time":"2026-09-08T19:30:49.301568062+03:00","Action":"output","Package":"virmill.local/core/internal/ui/cli","Test":"TestCreationNVRAMCLIResultStages/ndjson/bound-running","Output":"=== RUN   TestCreationNVRAMCLIResultStages/ndjson/bound-running\n","OutputType":"frame"}
{"Time":"2026-09-08T19:30:49.328535372+03:00","Action":"output","Package":"virmill.local/core/internal/ui/cli","Test":"TestCreationNVRAMCLIResultStages/ndjson/bound-running","Output":"--- PASS: TestCreationNVRAMCLIResultStages/ndjson/bound-running (0.03s)\n","OutputType":"frame"}
{"Time":"2026-09-08T19:30:49.328567958+03:00","Action":"pass","Package":"virmill.local/core/internal/ui/cli","Test":"TestCreationNVRAMCLIResultStages/ndjson/bound-running","Elapsed":0.03}
{"Time":"2026-09-08T19:30:49.328577769+03:00","Action":"run","Package":"virmill.local/core/internal/ui/cli","Test":"TestCreationNVRAMCLIResultStages/ndjson/pending"}
{"Time":"2026-09-08T19:30:49.328580673+03:00","Action":"output","Package":"virmill.local/core/internal/ui/cli","Test":"TestCreationNVRAMCLIResultStages/ndjson/pending","Output":"=== RUN   TestCreationNVRAMCLIResultStages/ndjson/pending\n","OutputType":"frame"}
{"Time":"2026-09-08T19:30:49.340684583+03:00","Action":"output","Package":"virmill.local/core/internal/ui/tui","Test":"TestCreationNVRAMTUIResultStages/legacy-pending","Output":"--- PASS: TestCreationNVRAMTUIResultStages/legacy-pending (0.05s)\n","OutputType":"frame"}
{"Time":"2026-09-08T19:30:49.340712473+03:00","Action":"pass","Package":"virmill.local/core/internal/ui/tui","Test":"TestCreationNVRAMTUIResultStages/legacy-pending","Elapsed":0.05}
{"Time":"2026-09-08T19:30:49.340745593+03:00","Action":"run","Package":"virmill.local/core/internal/ui/tui","Test":"TestCreationNVRAMTUIResultStages/missing-binding"}
{"Time":"2026-09-08T19:30:49.34074925+03:00","Action":"output","Package":"virmill.local/core/internal/ui/tui","Test":"TestCreationNVRAMTUIResultStages/missing-binding","Output":"=== RUN   TestCreationNVRAMTUIResultStages/missing-binding\n","OutputType":"frame"}
{"Time":"2026-09-08T19:30:49.353309001+03:00","Action":"output","Package":"virmill.local/core/internal/ui/cli","Test":"TestCreationNVRAMCLIResultStages/ndjson/pending","Output":"--- PASS: TestCreationNVRAMCLIResultStages/ndjson/pending (0.02s)\n","OutputType":"frame"}
{"Time":"2026-09-08T19:30:49.353345976+03:00","Action":"pass","Package":"virmill.local/core/internal/ui/cli","Test":"TestCreationNVRAMCLIResultStages/ndjson/pending","Elapsed":0.02}
{"Time":"2026-09-08T19:30:49.353355124+03:00","Action":"run","Package":"virmill.local/core/internal/ui/cli","Test":"TestCreationNVRAMCLIResultStages/ndjson/pending-partial"}
{"Time":"2026-09-08T19:30:49.353357849+03:00","Action":"output","Package":"virmill.local/core/internal/ui/cli","Test":"TestCreationNVRAMCLIResultStages/ndjson/pending-partial","Output":"=== RUN   TestCreationNVRAMCLIResultStages/ndjson/pending-partial\n","OutputType":"frame"}
{"Time":"2026-09-08T19:30:49.377568356+03:00","Action":"output","Package":"virmill.local/core/internal/ui/cli","Test":"TestCreationNVRAMCLIResultStages/ndjson/pending-partial","Output":"--- PASS: TestCreationNVRAMCLIResultStages/ndjson/pending-partial (0.02s)\n","OutputType":"frame"}
{"Time":"2026-09-08T19:30:49.377603177+03:00","Action":"pass","Package":"virmill.local/core/internal/ui/cli","Test":"TestCreationNVRAMCLIResultStages/ndjson/pending-partial","Elapsed":0.02}
{"Time":"2026-09-08T19:30:49.377613677+03:00","Action":"run","Package":"virmill.local/core/internal/ui/cli","Test":"TestCreationNVRAMCLIResultStages/ndjson/legacy-succeeded"}
{"Time":"2026-09-08T19:30:49.377616933+03:00","Action":"output","Package":"virmill.local/core/internal/ui/cli","Test":"TestCreationNVRAMCLIResultStages/ndjson/legacy-succeeded","Output":"=== RUN   TestCreationNVRAMCLIResultStages/ndjson/legacy-succeeded\n","OutputType":"frame"}
{"Time":"2026-09-08T19:30:49.380443383+03:00","Action":"output","Package":"virmill.local/core/internal/ui/tui","Test":"TestCreationNVRAMTUIResultStages/missing-binding","Output":"--- PASS: TestCreationNVRAMTUIResultStages/missing-binding (0.04s)\n","OutputType":"frame"}
{"Time":"2026-09-08T19:30:49.380461573+03:00","Action":"pass","Package":"virmill.local/core/internal/ui/tui","Test":"TestCreationNVRAMTUIResultStages/missing-binding","Elapsed":0.04}
{"Time":"2026-09-08T19:30:49.380482934+03:00","Action":"run","Package":"virmill.local/core/internal/ui/tui","Test":"TestCreationNVRAMTUIResultStages/conflicting-binding"}
{"Time":"2026-09-08T19:30:49.380487034+03:00","Action":"output","Package":"virmill.local/core/internal/ui/tui","Test":"TestCreationNVRAMTUIResultStages/conflicting-binding","Output":"=== RUN   TestCreationNVRAMTUIResultStages/conflicting-binding\n","OutputType":"frame"}
{"Time":"2026-09-08T19:30:49.412516538+03:00","Action":"output","Package":"virmill.local/core/internal/ui/cli","Test":"TestCreationNVRAMCLIResultStages/ndjson/legacy-succeeded","Output":"--- PASS: TestCreationNVRAMCLIResultStages/ndjson/legacy-succeeded (0.03s)\n","OutputType":"frame"}
{"Time":"2026-09-08T19:30:49.412551385+03:00","Action":"pass","Package":"virmill.local/core/internal/ui/cli","Test":"TestCreationNVRAMCLIResultStages/ndjson/legacy-succeeded","Elapsed":0.03}
{"Time":"2026-09-08T19:30:49.41259723+03:00","Action":"run","Package":"virmill.local/core/internal/ui/cli","Test":"TestCreationNVRAMCLIResultStages/ndjson/legacy-pending"}
{"Time":"2026-09-08T19:30:49.412599588+03:00","Action":"output","Package":"virmill.local/core/internal/ui/cli","Test":"TestCreationNVRAMCLIResultStages/ndjson/legacy-pending","Output":"=== RUN   TestCreationNVRAMCLIResultStages/ndjson/legacy-pending\n","OutputType":"frame"}
{"Time":"2026-09-08T19:30:49.422069604+03:00","Action":"output","Package":"virmill.local/core/internal/ui/tui","Test":"TestCreationNVRAMTUIResultStages/conflicting-binding","Output":"--- PASS: TestCreationNVRAMTUIResultStages/conflicting-binding (0.04s)\n","OutputType":"frame"}
{"Time":"2026-09-08T19:30:49.422094494+03:00","Action":"pass","Package":"virmill.local/core/internal/ui/tui","Test":"TestCreationNVRAMTUIResultStages/conflicting-binding","Elapsed":0.04}
{"Time":"2026-09-08T19:30:49.422099608+03:00","Action":"run","Package":"virmill.local/core/internal/ui/tui","Test":"TestCreationNVRAMTUIResultStages/failed-bound"}
{"Time":"2026-09-08T19:30:49.42210117+03:00","Action":"output","Package":"virmill.local/core/internal/ui/tui","Test":"TestCreationNVRAMTUIResultStages/failed-bound","Output":"=== RUN   TestCreationNVRAMTUIResultStages/failed-bound\n","OutputType":"frame"}
{"Time":"2026-09-08T19:30:49.455724797+03:00","Action":"output","Package":"virmill.local/core/internal/ui/cli","Test":"TestCreationNVRAMCLIResultStages/ndjson/legacy-pending","Output":"--- PASS: TestCreationNVRAMCLIResultStages/ndjson/legacy-pending (0.04s)\n","OutputType":"frame"}
{"Time":"2026-09-08T19:30:49.45575859+03:00","Action":"pass","Package":"virmill.local/core/internal/ui/cli","Test":"TestCreationNVRAMCLIResultStages/ndjson/legacy-pending","Elapsed":0.04}
{"Time":"2026-09-08T19:30:49.455765651+03:00","Action":"run","Package":"virmill.local/core/internal/ui/cli","Test":"TestCreationNVRAMCLIResultStages/ndjson/missing-binding"}
{"Time":"2026-09-08T19:30:49.455767935+03:00","Action":"output","Package":"virmill.local/core/internal/ui/cli","Test":"TestCreationNVRAMCLIResultStages/ndjson/missing-binding","Output":"=== RUN   TestCreationNVRAMCLIResultStages/ndjson/missing-binding\n","OutputType":"frame"}
{"Time":"2026-09-08T19:30:49.474272541+03:00","Action":"output","Package":"virmill.local/core/internal/ui/tui","Test":"TestCreationNVRAMTUIResultStages/failed-bound","Output":"--- PASS: TestCreationNVRAMTUIResultStages/failed-bound (0.05s)\n","OutputType":"frame"}
{"Time":"2026-09-08T19:30:49.474303906+03:00","Action":"pass","Package":"virmill.local/core/internal/ui/tui","Test":"TestCreationNVRAMTUIResultStages/failed-bound","Elapsed":0.05}
{"Time":"2026-09-08T19:30:49.474316811+03:00","Action":"output","Package":"virmill.local/core/internal/ui/tui","Test":"TestCreationNVRAMTUIResultStages","Output":"--- PASS: TestCreationNVRAMTUIResultStages (0.41s)\n","OutputType":"frame"}
{"Time":"2026-09-08T19:30:49.474330614+03:00","Action":"pass","Package":"virmill.local/core/internal/ui/tui","Test":"TestCreationNVRAMTUIResultStages","Elapsed":0.41}
{"Time":"2026-09-08T19:30:49.474334043+03:00","Action":"run","Package":"virmill.local/core/internal/ui/tui","Test":"TestCreationNVRAMTUIFailedObservationDiscardsPriorSuccess"}
{"Time":"2026-09-08T19:30:49.474335995+03:00","Action":"output","Package":"virmill.local/core/internal/ui/tui","Test":"TestCreationNVRAMTUIFailedObservationDiscardsPriorSuccess","Output":"=== RUN   TestCreationNVRAMTUIFailedObservationDiscardsPriorSuccess\n","OutputType":"frame"}
{"Time":"2026-09-08T19:30:49.474371307+03:00","Action":"run","Package":"virmill.local/core/internal/ui/tui","Test":"TestCreationNVRAMTUIFailedObservationDiscardsPriorSuccess/cancellation"}
{"Time":"2026-09-08T19:30:49.4743747+03:00","Action":"output","Package":"virmill.local/core/internal/ui/tui","Test":"TestCreationNVRAMTUIFailedObservationDiscardsPriorSuccess/cancellation","Output":"=== RUN   TestCreationNVRAMTUIFailedObservationDiscardsPriorSuccess/cancellation\n","OutputType":"frame"}
{"Time":"2026-09-08T19:30:49.480960404+03:00","Action":"output","Package":"virmill.local/core/internal/ui/cli","Test":"TestCreationNVRAMCLIResultStages/ndjson/missing-binding","Output":"--- PASS: TestCreationNVRAMCLIResultStages/ndjson/missing-binding (0.03s)\n","OutputType":"frame"}
{"Time":"2026-09-08T19:30:49.48130586+03:00","Action":"pass","Package":"virmill.local/core/internal/ui/cli","Test":"TestCreationNVRAMCLIResultStages/ndjson/missing-binding","Elapsed":0.03}
{"Time":"2026-09-08T19:30:49.481332976+03:00","Action":"run","Package":"virmill.local/core/internal/ui/cli","Test":"TestCreationNVRAMCLIResultStages/ndjson/conflicting-binding"}
{"Time":"2026-09-08T19:30:49.481337534+03:00","Action":"output","Package":"virmill.local/core/internal/ui/cli","Test":"TestCreationNVRAMCLIResultStages/ndjson/conflicting-binding","Output":"=== RUN   TestCreationNVRAMCLIResultStages/ndjson/conflicting-binding\n","OutputType":"frame"}
{"Time":"2026-09-08T19:30:49.508718481+03:00","Action":"output","Package":"virmill.local/core/internal/ui/tui","Test":"TestCreationNVRAMTUIFailedObservationDiscardsPriorSuccess/cancellation","Output":"--- PASS: TestCreationNVRAMTUIFailedObservationDiscardsPriorSuccess/cancellation (0.03s)\n","OutputType":"frame"}
{"Time":"2026-09-08T19:30:49.508746766+03:00","Action":"pass","Package":"virmill.local/core/internal/ui/tui","Test":"TestCreationNVRAMTUIFailedObservationDiscardsPriorSuccess/cancellation","Elapsed":0.03}
{"Time":"2026-09-08T19:30:49.508761793+03:00","Action":"run","Package":"virmill.local/core/internal/ui/tui","Test":"TestCreationNVRAMTUIFailedObservationDiscardsPriorSuccess/transport"}
{"Time":"2026-09-08T19:30:49.508764499+03:00","Action":"output","Package":"virmill.local/core/internal/ui/tui","Test":"TestCreationNVRAMTUIFailedObservationDiscardsPriorSuccess/transport","Output":"=== RUN   TestCreationNVRAMTUIFailedObservationDiscardsPriorSuccess/transport\n","OutputType":"frame"}
{"Time":"2026-09-08T19:30:49.513144182+03:00","Action":"output","Package":"virmill.local/core/internal/ui/cli","Test":"TestCreationNVRAMCLIResultStages/ndjson/conflicting-binding","Output":"--- PASS: TestCreationNVRAMCLIResultStages/ndjson/conflicting-binding (0.03s)\n","OutputType":"frame"}
{"Time":"2026-09-08T19:30:49.513164349+03:00","Action":"pass","Package":"virmill.local/core/internal/ui/cli","Test":"TestCreationNVRAMCLIResultStages/ndjson/conflicting-binding","Elapsed":0.03}
{"Time":"2026-09-08T19:30:49.513189072+03:00","Action":"run","Package":"virmill.local/core/internal/ui/cli","Test":"TestCreationNVRAMCLIResultStages/ndjson/failed-bound"}
{"Time":"2026-09-08T19:30:49.51319274+03:00","Action":"output","Package":"virmill.local/core/internal/ui/cli","Test":"TestCreationNVRAMCLIResultStages/ndjson/failed-bound","Output":"=== RUN   TestCreationNVRAMCLIResultStages/ndjson/failed-bound\n","OutputType":"frame"}
{"Time":"2026-09-08T19:30:49.543162703+03:00","Action":"output","Package":"virmill.local/core/internal/ui/tui","Test":"TestCreationNVRAMTUIFailedObservationDiscardsPriorSuccess/transport","Output":"--- PASS: TestCreationNVRAMTUIFailedObservationDiscardsPriorSuccess/transport (0.03s)\n","OutputType":"frame"}
{"Time":"2026-09-08T19:30:49.543194983+03:00","Action":"pass","Package":"virmill.local/core/internal/ui/tui","Test":"TestCreationNVRAMTUIFailedObservationDiscardsPriorSuccess/transport","Elapsed":0.03}
{"Time":"2026-09-08T19:30:49.543204466+03:00","Action":"run","Package":"virmill.local/core/internal/ui/tui","Test":"TestCreationNVRAMTUIFailedObservationDiscardsPriorSuccess/missing-job"}
{"Time":"2026-09-08T19:30:49.543207029+03:00","Action":"output","Package":"virmill.local/core/internal/ui/tui","Test":"TestCreationNVRAMTUIFailedObservationDiscardsPriorSuccess/missing-job","Output":"=== RUN   TestCreationNVRAMTUIFailedObservationDiscardsPriorSuccess/missing-job\n","OutputType":"frame"}
{"Time":"2026-09-08T19:30:49.554177014+03:00","Action":"output","Package":"virmill.local/core/internal/ui/cli","Test":"TestCreationNVRAMCLIResultStages/ndjson/failed-bound","Output":"--- PASS: TestCreationNVRAMCLIResultStages/ndjson/failed-bound (0.04s)\n","OutputType":"frame"}
{"Time":"2026-09-08T19:30:49.554194422+03:00","Action":"pass","Package":"virmill.local/core/internal/ui/cli","Test":"TestCreationNVRAMCLIResultStages/ndjson/failed-bound","Elapsed":0.04}
{"Time":"2026-09-08T19:30:49.554222327+03:00","Action":"output","Package":"virmill.local/core/internal/ui/cli","Test":"TestCreationNVRAMCLIResultStages","Output":"--- PASS: TestCreationNVRAMCLIResultStages (0.90s)\n","OutputType":"frame"}
{"Time":"2026-09-08T19:30:49.554231104+03:00","Action":"pass","Package":"virmill.local/core/internal/ui/cli","Test":"TestCreationNVRAMCLIResultStages","Elapsed":0.9}
{"Time":"2026-09-08T19:30:49.554261191+03:00","Action":"run","Package":"virmill.local/core/internal/ui/cli","Test":"TestCreationNVRAMCLIFailedObservationDiscardsPriorSuccess"}
{"Time":"2026-09-08T19:30:49.554264989+03:00","Action":"output","Package":"virmill.local/core/internal/ui/cli","Test":"TestCreationNVRAMCLIFailedObservationDiscardsPriorSuccess","Output":"=== RUN   TestCreationNVRAMCLIFailedObservationDiscardsPriorSuccess\n","OutputType":"frame"}
{"Time":"2026-09-08T19:30:49.554289609+03:00","Action":"run","Package":"virmill.local/core/internal/ui/cli","Test":"TestCreationNVRAMCLIFailedObservationDiscardsPriorSuccess/cancellation"}
{"Time":"2026-09-08T19:30:49.554292961+03:00","Action":"output","Package":"virmill.local/core/internal/ui/cli","Test":"TestCreationNVRAMCLIFailedObservationDiscardsPriorSuccess/cancellation","Output":"=== RUN   TestCreationNVRAMCLIFailedObservationDiscardsPriorSuccess/cancellation\n","OutputType":"frame"}
{"Time":"2026-09-08T19:30:49.579142948+03:00","Action":"output","Package":"virmill.local/core/internal/ui/tui","Test":"TestCreationNVRAMTUIFailedObservationDiscardsPriorSuccess/missing-job","Output":"--- PASS: TestCreationNVRAMTUIFailedObservationDiscardsPriorSuccess/missing-job (0.04s)\n","OutputType":"frame"}
{"Time":"2026-09-08T19:30:49.579169868+03:00","Action":"pass","Package":"virmill.local/core/internal/ui/tui","Test":"TestCreationNVRAMTUIFailedObservationDiscardsPriorSuccess/missing-job","Elapsed":0.04}
{"Time":"2026-09-08T19:30:49.579219656+03:00","Action":"output","Package":"virmill.local/core/internal/ui/tui","Test":"TestCreationNVRAMTUIFailedObservationDiscardsPriorSuccess","Output":"--- PASS: TestCreationNVRAMTUIFailedObservationDiscardsPriorSuccess (0.10s)\n","OutputType":"frame"}
{"Time":"2026-09-08T19:30:49.579230176+03:00","Action":"pass","Package":"virmill.local/core/internal/ui/tui","Test":"TestCreationNVRAMTUIFailedObservationDiscardsPriorSuccess","Elapsed":0.1}
{"Time":"2026-09-08T19:30:49.579264491+03:00","Action":"run","Package":"virmill.local/core/internal/ui/tui","Test":"TestCreationNVRAMTUINewUEFIRequiresInspectionCapability"}
{"Time":"2026-09-08T19:30:49.579266898+03:00","Action":"output","Package":"virmill.local/core/internal/ui/tui","Test":"TestCreationNVRAMTUINewUEFIRequiresInspectionCapability","Output":"=== RUN   TestCreationNVRAMTUINewUEFIRequiresInspectionCapability\n","OutputType":"frame"}
{"Time":"2026-09-08T19:30:49.58438846+03:00","Action":"output","Package":"virmill.local/core/internal/ui/tui","Test":"TestCreationNVRAMTUINewUEFIRequiresInspectionCapability","Output":"--- PASS: TestCreationNVRAMTUINewUEFIRequiresInspectionCapability (0.01s)\n","OutputType":"frame"}
{"Time":"2026-09-08T19:30:49.584413824+03:00","Action":"pass","Package":"virmill.local/core/internal/ui/tui","Test":"TestCreationNVRAMTUINewUEFIRequiresInspectionCapability","Elapsed":0.01}
{"Time":"2026-09-08T19:30:49.584421149+03:00","Action":"run","Package":"virmill.local/core/internal/ui/tui","Test":"TestFilePickerBrowseSelectAndCancel"}
{"Time":"2026-09-08T19:30:49.584430403+03:00","Action":"output","Package":"virmill.local/core/internal/ui/tui","Test":"TestFilePickerBrowseSelectAndCancel","Output":"=== RUN   TestFilePickerBrowseSelectAndCancel\n","OutputType":"frame"}
{"Time":"2026-09-08T19:30:49.585194046+03:00","Action":"output","Package":"virmill.local/core/internal/ui/tui","Test":"TestFilePickerBrowseSelectAndCancel","Output":"--- PASS: TestFilePickerBrowseSelectAndCancel (0.00s)\n","OutputType":"frame"}
{"Time":"2026-09-08T19:30:49.585204094+03:00","Action":"pass","Package":"virmill.local/core/internal/ui/tui","Test":"TestFilePickerBrowseSelectAndCancel","Elapsed":0}
{"Time":"2026-09-08T19:30:49.585218922+03:00","Action":"run","Package":"virmill.local/core/internal/ui/tui","Test":"TestFilePickerFilteringHiddenAndDimensions"}
{"Time":"2026-09-08T19:30:49.585223008+03:00","Action":"output","Package":"virmill.local/core/internal/ui/tui","Test":"TestFilePickerFilteringHiddenAndDimensions","Output":"=== RUN   TestFilePickerFilteringHiddenAndDimensions\n","OutputType":"frame"}
{"Time":"2026-09-08T19:30:49.585395138+03:00","Action":"output","Package":"virmill.local/core/internal/ui/cli","Test":"TestCreationNVRAMCLIFailedObservationDiscardsPriorSuccess/cancellation","Output":"--- PASS: TestCreationNVRAMCLIFailedObservationDiscardsPriorSuccess/cancellation (0.03s)\n","OutputType":"frame"}
{"Time":"2026-09-08T19:30:49.585412719+03:00","Action":"pass","Package":"virmill.local/core/internal/ui/cli","Test":"TestCreationNVRAMCLIFailedObservationDiscardsPriorSuccess/cancellation","Elapsed":0.03}
{"Time":"2026-09-08T19:30:49.585430863+03:00","Action":"run","Package":"virmill.local/core/internal/ui/cli","Test":"TestCreationNVRAMCLIFailedObservationDiscardsPriorSuccess/transport"}
{"Time":"2026-09-08T19:30:49.585434008+03:00","Action":"output","Package":"virmill.local/core/internal/ui/cli","Test":"TestCreationNVRAMCLIFailedObservationDiscardsPriorSuccess/transport","Output":"=== RUN   TestCreationNVRAMCLIFailedObservationDiscardsPriorSuccess/transport\n","OutputType":"frame"}
{"Time":"2026-09-08T19:30:49.586044008+03:00","Action":"output","Package":"virmill.local/core/internal/ui/tui","Test":"TestFilePickerFilteringHiddenAndDimensions","Output":"--- PASS: TestFilePickerFilteringHiddenAndDimensions (0.00s)\n","OutputType":"frame"}
{"Time":"2026-09-08T19:30:49.586053241+03:00","Action":"pass","Package":"virmill.local/core/internal/ui/tui","Test":"TestFilePickerFilteringHiddenAndDimensions","Elapsed":0}
{"Time":"2026-09-08T19:30:49.586071252+03:00","Action":"run","Package":"virmill.local/core/internal/ui/tui","Test":"TestFilePickerRefusesSymlinksSpecialFilesAndChangedSelection"}
{"Time":"2026-09-08T19:30:49.586074792+03:00","Action":"output","Package":"virmill.local/core/internal/ui/tui","Test":"TestFilePickerRefusesSymlinksSpecialFilesAndChangedSelection","Output":"=== RUN   TestFilePickerRefusesSymlinksSpecialFilesAndChangedSelection\n","OutputType":"frame"}
{"Time":"2026-09-08T19:30:49.586530712+03:00","Action":"output","Package":"virmill.local/core/internal/ui/tui","Test":"TestFilePickerRefusesSymlinksSpecialFilesAndChangedSelection","Output":"--- PASS: TestFilePickerRefusesSymlinksSpecialFilesAndChangedSelection (0.00s)\n","OutputType":"frame"}
{"Time":"2026-09-08T19:30:49.586539053+03:00","Action":"pass","Package":"virmill.local/core/internal/ui/tui","Test":"TestFilePickerRefusesSymlinksSpecialFilesAndChangedSelection","Elapsed":0}
{"Time":"2026-09-08T19:30:49.586552248+03:00","Action":"run","Package":"virmill.local/core/internal/ui/tui","Test":"TestFilePickerStaleRepliesAndDirectorySelection"}
{"Time":"2026-09-08T19:30:49.586555208+03:00","Action":"output","Package":"virmill.local/core/internal/ui/tui","Test":"TestFilePickerStaleRepliesAndDirectorySelection","Output":"=== RUN   TestFilePickerStaleRepliesAndDirectorySelection\n","OutputType":"frame"}
{"Time":"2026-09-08T19:30:49.587197768+03:00","Action":"output","Package":"virmill.local/core/internal/ui/tui","Test":"TestFilePickerStaleRepliesAndDirectorySelection","Output":"--- PASS: TestFilePickerStaleRepliesAndDirectorySelection (0.00s)\n","OutputType":"frame"}
{"Time":"2026-09-08T19:30:49.587206219+03:00","Action":"pass","Package":"virmill.local/core/internal/ui/tui","Test":"TestFilePickerStaleRepliesAndDirectorySelection","Elapsed":0}
{"Time":"2026-09-08T19:30:49.587220637+03:00","Action":"run","Package":"virmill.local/core/internal/ui/tui","Test":"TestFilePickerTypedPathAndDefaultHome"}
{"Time":"2026-09-08T19:30:49.587224296+03:00","Action":"output","Package":"virmill.local/core/internal/ui/tui","Test":"TestFilePickerTypedPathAndDefaultHome","Output":"=== RUN   TestFilePickerTypedPathAndDefaultHome\n","OutputType":"frame"}
{"Time":"2026-09-08T19:30:49.587635665+03:00","Action":"output","Package":"virmill.local/core/internal/ui/tui","Test":"TestFilePickerTypedPathAndDefaultHome","Output":"--- PASS: TestFilePickerTypedPathAndDefaultHome (0.00s)\n","OutputType":"frame"}
{"Time":"2026-09-08T19:30:49.587643227+03:00","Action":"pass","Package":"virmill.local/core/internal/ui/tui","Test":"TestFilePickerTypedPathAndDefaultHome","Elapsed":0}
{"Time":"2026-09-08T19:30:49.587659052+03:00","Action":"run","Package":"virmill.local/core/internal/ui/tui","Test":"TestFilePickerBoundedListing"}
{"Time":"2026-09-08T19:30:49.587662738+03:00","Action":"output","Package":"virmill.local/core/internal/ui/tui","Test":"TestFilePickerBoundedListing","Output":"=== RUN   TestFilePickerBoundedListing\n","OutputType":"frame"}
{"Time":"2026-09-08T19:30:49.61668643+03:00","Action":"output","Package":"virmill.local/core/internal/ui/cli","Test":"TestCreationNVRAMCLIFailedObservationDiscardsPriorSuccess/transport","Output":"--- PASS: TestCreationNVRAMCLIFailedObservationDiscardsPriorSuccess/transport (0.03s)\n","OutputType":"frame"}
{"Time":"2026-09-08T19:30:49.616715653+03:00","Action":"pass","Package":"virmill.local/core/internal/ui/cli","Test":"TestCreationNVRAMCLIFailedObservationDiscardsPriorSuccess/transport","Elapsed":0.03}
{"Time":"2026-09-08T19:30:49.616721472+03:00","Action":"run","Package":"virmill.local/core/internal/ui/cli","Test":"TestCreationNVRAMCLIFailedObservationDiscardsPriorSuccess/missing-job"}
{"Time":"2026-09-08T19:30:49.616723294+03:00","Action":"output","Package":"virmill.local/core/internal/ui/cli","Test":"TestCreationNVRAMCLIFailedObservationDiscardsPriorSuccess/missing-job","Output":"=== RUN   TestCreationNVRAMCLIFailedObservationDiscardsPriorSuccess/missing-job\n","OutputType":"frame"}
{"Time":"2026-09-08T19:30:49.651231915+03:00","Action":"output","Package":"virmill.local/core/internal/ui/cli","Test":"TestCreationNVRAMCLIFailedObservationDiscardsPriorSuccess/missing-job","Output":"--- PASS: TestCreationNVRAMCLIFailedObservationDiscardsPriorSuccess/missing-job (0.03s)\n","OutputType":"frame"}
{"Time":"2026-09-08T19:30:49.651266043+03:00","Action":"pass","Package":"virmill.local/core/internal/ui/cli","Test":"TestCreationNVRAMCLIFailedObservationDiscardsPriorSuccess/missing-job","Elapsed":0.03}
{"Time":"2026-09-08T19:30:49.651274862+03:00","Action":"output","Package":"virmill.local/core/internal/ui/cli","Test":"TestCreationNVRAMCLIFailedObservationDiscardsPriorSuccess","Output":"--- PASS: TestCreationNVRAMCLIFailedObservationDiscardsPriorSuccess (0.10s)\n","OutputType":"frame"}
{"Time":"2026-09-08T19:30:49.651279948+03:00","Action":"pass","Package":"virmill.local/core/internal/ui/cli","Test":"TestCreationNVRAMCLIFailedObservationDiscardsPriorSuccess","Elapsed":0.1}
{"Time":"2026-09-08T19:30:49.651309811+03:00","Action":"run","Package":"virmill.local/core/internal/ui/cli","Test":"TestCreationNVRAMCLINewUEFIRequiresInspectionCapability"}
{"Time":"2026-09-08T19:30:49.65131421+03:00","Action":"output","Package":"virmill.local/core/internal/ui/cli","Test":"TestCreationNVRAMCLINewUEFIRequiresInspectionCapability","Output":"=== RUN   TestCreationNVRAMCLINewUEFIRequiresInspectionCapability\n","OutputType":"frame"}
{"Time":"2026-09-08T19:30:49.656646997+03:00","Action":"output","Package":"virmill.local/core/internal/ui/cli","Test":"TestCreationNVRAMCLINewUEFIRequiresInspectionCapability","Output":"--- PASS: TestCreationNVRAMCLINewUEFIRequiresInspectionCapability (0.01s)\n","OutputType":"frame"}
{"Time":"2026-09-08T19:30:49.656675694+03:00","Action":"pass","Package":"virmill.local/core/internal/ui/cli","Test":"TestCreationNVRAMCLINewUEFIRequiresInspectionCapability","Elapsed":0.01}
{"Time":"2026-09-08T19:30:49.656697653+03:00","Action":"run","Package":"virmill.local/core/internal/ui/cli","Test":"TestNDJSONFollowDrainsTerminalEventAndPreservesResumeCursor"}
{"Time":"2026-09-08T19:30:49.656701461+03:00","Action":"output","Package":"virmill.local/core/internal/ui/cli","Test":"TestNDJSONFollowDrainsTerminalEventAndPreservesResumeCursor","Output":"=== RUN   TestNDJSONFollowDrainsTerminalEventAndPreservesResumeCursor\n","OutputType":"frame"}
{"Time":"2026-09-08T19:30:49.659023578+03:00","Action":"output","Package":"virmill.local/core/internal/ui/cli","Test":"TestNDJSONFollowDrainsTerminalEventAndPreservesResumeCursor","Output":"--- PASS: TestNDJSONFollowDrainsTerminalEventAndPreservesResumeCursor (0.00s)\n","OutputType":"frame"}
{"Time":"2026-09-08T19:30:49.659049227+03:00","Action":"pass","Package":"virmill.local/core/internal/ui/cli","Test":"TestNDJSONFollowDrainsTerminalEventAndPreservesResumeCursor","Elapsed":0}
{"Time":"2026-09-08T19:30:49.659055568+03:00","Action":"run","Package":"virmill.local/core/internal/ui/cli","Test":"TestNDJSONFollowDrainsFullBoundedBatches"}
{"Time":"2026-09-08T19:30:49.659058509+03:00","Action":"output","Package":"virmill.local/core/internal/ui/cli","Test":"TestNDJSONFollowDrainsFullBoundedBatches","Output":"=== RUN   TestNDJSONFollowDrainsFullBoundedBatches\n","OutputType":"frame"}
{"Time":"2026-09-08T19:30:49.672895202+03:00","Action":"output","Package":"virmill.local/core/internal/ui/tui","Test":"TestFilePickerBoundedListing","Output":"--- PASS: TestFilePickerBoundedListing (0.09s)\n","OutputType":"frame"}
{"Time":"2026-09-08T19:30:49.672922983+03:00","Action":"pass","Package":"virmill.local/core/internal/ui/tui","Test":"TestFilePickerBoundedListing","Elapsed":0.09}
{"Time":"2026-09-08T19:30:49.672928218+03:00","Action":"run","Package":"virmill.local/core/internal/ui/tui","Test":"TestFilePickerPermissionErrorStaysOpen"}
{"Time":"2026-09-08T19:30:49.672929922+03:00","Action":"output","Package":"virmill.local/core/internal/ui/tui","Test":"TestFilePickerPermissionErrorStaysOpen","Output":"=== RUN   TestFilePickerPermissionErrorStaysOpen\n","OutputType":"frame"}
{"Time":"2026-09-08T19:30:49.673267431+03:00","Action":"output","Package":"virmill.local/core/internal/ui/tui","Test":"TestFilePickerPermissionErrorStaysOpen","Output":"--- PASS: TestFilePickerPermissionErrorStaysOpen (0.00s)\n","OutputType":"frame"}
{"Time":"2026-09-08T19:30:49.673276679+03:00","Action":"pass","Package":"virmill.local/core/internal/ui/tui","Test":"TestFilePickerPermissionErrorStaysOpen","Elapsed":0}
{"Time":"2026-09-08T19:30:49.6732909+03:00","Action":"run","Package":"virmill.local/core/internal/ui/tui","Test":"TestGuestReadinessTUIExactObservationAndNoApplicationClaim"}
{"Time":"2026-09-08T19:30:49.673294884+03:00","Action":"output","Package":"virmill.local/core/internal/ui/tui","Test":"TestGuestReadinessTUIExactObservationAndNoApplicationClaim","Output":"=== RUN   TestGuestReadinessTUIExactObservationAndNoApplicationClaim\n","OutputType":"frame"}
{"Time":"2026-09-08T19:30:49.673328902+03:00","Action":"run","Package":"virmill.local/core/internal/ui/tui","Test":"TestGuestReadinessTUIExactObservationAndNoApplicationClaim/qemu:///session/responsive"}
{"Time":"2026-09-08T19:30:49.673331613+03:00","Action":"output","Package":"virmill.local/core/internal/ui/tui","Test":"TestGuestReadinessTUIExactObservationAndNoApplicationClaim/qemu:///session/responsive","Output":"=== RUN   TestGuestReadinessTUIExactObservationAndNoApplicationClaim/qemu:///session/responsive\n","OutputType":"frame"}
{"Time":"2026-09-08T19:30:49.700687925+03:00","Action":"output","Package":"virmill.local/core/internal/ui/tui","Test":"TestGuestReadinessTUIExactObservationAndNoApplicationClaim/qemu:///session/responsive","Output":"--- PASS: TestGuestReadinessTUIExactObservationAndNoApplicationClaim/qemu:///session/responsive (0.03s)\n","OutputType":"frame"}
{"Time":"2026-09-08T19:30:49.70073032+03:00","Action":"pass","Package":"virmill.local/core/internal/ui/tui","Test":"TestGuestReadinessTUIExactObservationAndNoApplicationClaim/qemu:///session/responsive","Elapsed":0.03}
{"Time":"2026-09-08T19:30:49.700740784+03:00","Action":"run","Package":"virmill.local/core/internal/ui/tui","Test":"TestGuestReadinessTUIExactObservationAndNoApplicationClaim/qemu:///session/unresponsive"}
{"Time":"2026-09-08T19:30:49.700745339+03:00","Action":"output","Package":"virmill.local/core/internal/ui/tui","Test":"TestGuestReadinessTUIExactObservationAndNoApplicationClaim/qemu:///session/unresponsive","Output":"=== RUN   TestGuestReadinessTUIExactObservationAndNoApplicationClaim/qemu:///session/unresponsive\n","OutputType":"frame"}
{"Time":"2026-09-08T19:30:49.726532398+03:00","Action":"output","Package":"virmill.local/core/internal/ui/tui","Test":"TestGuestReadinessTUIExactObservationAndNoApplicationClaim/qemu:///session/unresponsive","Output":"--- PASS: TestGuestReadinessTUIExactObservationAndNoApplicationClaim/qemu:///session/unresponsive (0.03s)\n","OutputType":"frame"}
{"Time":"2026-09-08T19:30:49.726566165+03:00","Action":"pass","Package":"virmill.local/core/internal/ui/tui","Test":"TestGuestReadinessTUIExactObservationAndNoApplicationClaim/qemu:///session/unresponsive","Elapsed":0.03}
{"Time":"2026-09-08T19:30:49.726609695+03:00","Action":"run","Package":"virmill.local/core/internal/ui/tui","Test":"TestGuestReadinessTUIExactObservationAndNoApplicationClaim/qemu:///session/disconnected"}
{"Time":"2026-09-08T19:30:49.72661194+03:00","Action":"output","Package":"virmill.local/core/internal/ui/tui","Test":"TestGuestReadinessTUIExactObservationAndNoApplicationClaim/qemu:///session/disconnected","Output":"=== RUN   TestGuestReadinessTUIExactObservationAndNoApplicationClaim/qemu:///session/disconnected\n","OutputType":"frame"}
{"Time":"2026-09-08T19:30:49.750096138+03:00","Action":"output","Package":"virmill.local/core/internal/ui/tui","Test":"TestGuestReadinessTUIExactObservationAndNoApplicationClaim/qemu:///session/disconnected","Output":"--- PASS: TestGuestReadinessTUIExactObservationAndNoApplicationClaim/qemu:///session/disconnected (0.02s)\n","OutputType":"frame"}
{"Time":"2026-09-08T19:30:49.750121116+03:00","Action":"pass","Package":"virmill.local/core/internal/ui/tui","Test":"TestGuestReadinessTUIExactObservationAndNoApplicationClaim/qemu:///session/disconnected","Elapsed":0.02}
{"Time":"2026-09-08T19:30:49.750127607+03:00","Action":"run","Package":"virmill.local/core/internal/ui/tui","Test":"TestGuestReadinessTUIExactObservationAndNoApplicationClaim/qemu:///session/absent"}
{"Time":"2026-09-08T19:30:49.750130317+03:00","Action":"output","Package":"virmill.local/core/internal/ui/tui","Test":"TestGuestReadinessTUIExactObservationAndNoApplicationClaim/qemu:///session/absent","Output":"=== RUN   TestGuestReadinessTUIExactObservationAndNoApplicationClaim/qemu:///session/absent\n","OutputType":"frame"}
{"Time":"2026-09-08T19:30:49.769264939+03:00","Action":"output","Package":"virmill.local/core/internal/ui/tui","Test":"TestGuestReadinessTUIExactObservationAndNoApplicationClaim/qemu:///session/absent","Output":"--- PASS: TestGuestReadinessTUIExactObservationAndNoApplicationClaim/qemu:///session/absent (0.02s)\n","OutputType":"frame"}
{"Time":"2026-09-08T19:30:49.769301693+03:00","Action":"pass","Package":"virmill.local/core/internal/ui/tui","Test":"TestGuestReadinessTUIExactObservationAndNoApplicationClaim/qemu:///session/absent","Elapsed":0.02}
{"Time":"2026-09-08T19:30:49.769312143+03:00","Action":"run","Package":"virmill.local/core/internal/ui/tui","Test":"TestGuestReadinessTUIExactObservationAndNoApplicationClaim/qemu:///session/unknown"}
{"Time":"2026-09-08T19:30:49.769315525+03:00","Action":"output","Package":"virmill.local/core/internal/ui/tui","Test":"TestGuestReadinessTUIExactObservationAndNoApplicationClaim/qemu:///session/unknown","Output":"=== RUN   TestGuestReadinessTUIExactObservationAndNoApplicationClaim/qemu:///session/unknown\n","OutputType":"frame"}
{"Time":"2026-09-08T19:30:49.784267068+03:00","Action":"output","Package":"virmill.local/core/internal/ui/cli","Test":"TestNDJSONFollowDrainsFullBoundedBatches","Output":"--- PASS: TestNDJSONFollowDrainsFullBoundedBatches (0.13s)\n","OutputType":"frame"}
{"Time":"2026-09-08T19:30:49.784294902+03:00","Action":"pass","Package":"virmill.local/core/internal/ui/cli","Test":"TestNDJSONFollowDrainsFullBoundedBatches","Elapsed":0.13}
{"Time":"2026-09-08T19:30:49.784302124+03:00","Action":"run","Package":"virmill.local/core/internal/ui/cli","Test":"TestNDJSONFollowRefusesEntireAmbiguousBatch"}
{"Time":"2026-09-08T19:30:49.784304222+03:00","Action":"output","Package":"virmill.local/core/internal/ui/cli","Test":"TestNDJSONFollowRefusesEntireAmbiguousBatch","Output":"=== RUN   TestNDJSONFollowRefusesEntireAmbiguousBatch\n","OutputType":"frame"}
{"Time":"2026-09-08T19:30:49.793334165+03:00","Action":"output","Package":"virmill.local/core/internal/ui/tui","Test":"TestGuestReadinessTUIExactObservationAndNoApplicationClaim/qemu:///session/unknown","Output":"--- PASS: TestGuestReadinessTUIExactObservationAndNoApplicationClaim/qemu:///session/unknown (0.02s)\n","OutputType":"frame"}
{"Time":"2026-09-08T19:30:49.793366615+03:00","Action":"pass","Package":"virmill.local/core/internal/ui/tui","Test":"TestGuestReadinessTUIExactObservationAndNoApplicationClaim/qemu:///session/unknown","Elapsed":0.02}
{"Time":"2026-09-08T19:30:49.79337485+03:00","Action":"run","Package":"virmill.local/core/internal/ui/tui","Test":"TestGuestReadinessTUIExactObservationAndNoApplicationClaim/qemu:///system/responsive"}
{"Time":"2026-09-08T19:30:49.793378049+03:00","Action":"output","Package":"virmill.local/core/internal/ui/tui","Test":"TestGuestReadinessTUIExactObservationAndNoApplicationClaim/qemu:///system/responsive","Output":"=== RUN   TestGuestReadinessTUIExactObservationAndNoApplicationClaim/qemu:///system/responsive\n","OutputType":"frame"}
{"Time":"2026-09-08T19:30:49.796640078+03:00","Action":"run","Package":"virmill.local/core/internal/ui/cli","Test":"TestNDJSONFollowRefusesEntireAmbiguousBatch/missing-time"}
{"Time":"2026-09-08T19:30:49.796656616+03:00","Action":"output","Package":"virmill.local/core/internal/ui/cli","Test":"TestNDJSONFollowRefusesEntireAmbiguousBatch/missing-time","Output":"=== RUN   TestNDJSONFollowRefusesEntireAmbiguousBatch/missing-time\n","OutputType":"frame"}
{"Time":"2026-09-08T19:30:49.797899494+03:00","Action":"output","Package":"virmill.local/core/internal/ui/cli","Test":"TestNDJSONFollowRefusesEntireAmbiguousBatch/missing-time","Output":"--- PASS: TestNDJSONFollowRefusesEntireAmbiguousBatch/missing-time (0.00s)\n","OutputType":"frame"}
{"Time":"2026-09-08T19:30:49.7979128+03:00","Action":"pass","Package":"virmill.local/core/internal/ui/cli","Test":"TestNDJSONFollowRefusesEntireAmbiguousBatch/missing-time","Elapsed":0}
{"Time":"2026-09-08T19:30:49.797918423+03:00","Action":"run","Package":"virmill.local/core/internal/ui/cli","Test":"TestNDJSONFollowRefusesEntireAmbiguousBatch/duplicate"}
{"Time":"2026-09-08T19:30:49.797921495+03:00","Action":"output","Package":"virmill.local/core/internal/ui/cli","Test":"TestNDJSONFollowRefusesEntireAmbiguousBatch/duplicate","Output":"=== RUN   TestNDJSONFollowRefusesEntireAmbiguousBatch/duplicate\n","OutputType":"frame"}
{"Time":"2026-09-08T19:30:49.799067014+03:00","Action":"output","Package":"virmill.local/core/internal/ui/cli","Test":"TestNDJSONFollowRefusesEntireAmbiguousBatch/duplicate","Output":"--- PASS: TestNDJSONFollowRefusesEntireAmbiguousBatch/duplicate (0.00s)\n","OutputType":"frame"}
{"Time":"2026-09-08T19:30:49.799086369+03:00","Action":"pass","Package":"virmill.local/core/internal/ui/cli","Test":"TestNDJSONFollowRefusesEntireAmbiguousBatch/duplicate","Elapsed":0}
{"Time":"2026-09-08T19:30:49.799107644+03:00","Action":"run","Package":"virmill.local/core/internal/ui/cli","Test":"TestNDJSONFollowRefusesEntireAmbiguousBatch/object"}
{"Time":"2026-09-08T19:30:49.799111323+03:00","Action":"output","Package":"virmill.local/core/internal/ui/cli","Test":"TestNDJSONFollowRefusesEntireAmbiguousBatch/object","Output":"=== RUN   TestNDJSONFollowRefusesEntireAmbiguousBatch/object\n","OutputType":"frame"}
{"Time":"2026-09-08T19:30:49.800882411+03:00","Action":"output","Package":"virmill.local/core/internal/ui/cli","Test":"TestNDJSONFollowRefusesEntireAmbiguousBatch/object","Output":"--- PASS: TestNDJSONFollowRefusesEntireAmbiguousBatch/object (0.00s)\n","OutputType":"frame"}
{"Time":"2026-09-08T19:30:49.800897913+03:00","Action":"pass","Package":"virmill.local/core/internal/ui/cli","Test":"TestNDJSONFollowRefusesEntireAmbiguousBatch/object","Elapsed":0}
{"Time":"2026-09-08T19:30:49.800902961+03:00","Action":"run","Package":"virmill.local/core/internal/ui/cli","Test":"TestNDJSONFollowRefusesEntireAmbiguousBatch/foreign-job"}
{"Time":"2026-09-08T19:30:49.800905417+03:00","Action":"output","Package":"virmill.local/core/internal/ui/cli","Test":"TestNDJSONFollowRefusesEntireAmbiguousBatch/foreign-job","Output":"=== RUN   TestNDJSONFollowRefusesEntireAmbiguousBatch/foreign-job\n","OutputType":"frame"}
{"Time":"2026-09-08T19:30:49.801681033+03:00","Action":"output","Package":"virmill.local/core/internal/ui/cli","Test":"TestNDJSONFollowRefusesEntireAmbiguousBatch/foreign-job","Output":"--- PASS: TestNDJSONFollowRefusesEntireAmbiguousBatch/foreign-job (0.00s)\n","OutputType":"frame"}
{"Time":"2026-09-08T19:30:49.801693685+03:00","Action":"pass","Package":"virmill.local/core/internal/ui/cli","Test":"TestNDJSONFollowRefusesEntireAmbiguousBatch/foreign-job","Elapsed":0}
{"Time":"2026-09-08T19:30:49.801697072+03:00","Action":"run","Package":"virmill.local/core/internal/ui/cli","Test":"TestNDJSONFollowRefusesEntireAmbiguousBatch/foreign-version"}
{"Time":"2026-09-08T19:30:49.801699273+03:00","Action":"output","Package":"virmill.local/core/internal/ui/cli","Test":"TestNDJSONFollowRefusesEntireAmbiguousBatch/foreign-version","Output":"=== RUN   TestNDJSONFollowRefusesEntireAmbiguousBatch/foreign-version\n","OutputType":"frame"}
{"Time":"2026-09-08T19:30:49.803175277+03:00","Action":"output","Package":"virmill.local/core/internal/ui/cli","Test":"TestNDJSONFollowRefusesEntireAmbiguousBatch/foreign-version","Output":"--- PASS: TestNDJSONFollowRefusesEntireAmbiguousBatch/foreign-version (0.00s)\n","OutputType":"frame"}
{"Time":"2026-09-08T19:30:49.803188994+03:00","Action":"pass","Package":"virmill.local/core/internal/ui/cli","Test":"TestNDJSONFollowRefusesEntireAmbiguousBatch/foreign-version","Elapsed":0}
{"Time":"2026-09-08T19:30:49.80319342+03:00","Action":"run","Package":"virmill.local/core/internal/ui/cli","Test":"TestNDJSONFollowRefusesEntireAmbiguousBatch/over-limit"}
{"Time":"2026-09-08T19:30:49.803196053+03:00","Action":"output","Package":"virmill.local/core/internal/ui/cli","Test":"TestNDJSONFollowRefusesEntireAmbiguousBatch/over-limit","Output":"=== RUN   TestNDJSONFollowRefusesEntireAmbiguousBatch/over-limit\n","OutputType":"frame"}
{"Time":"2026-09-08T19:30:49.822818395+03:00","Action":"output","Package":"virmill.local/core/internal/ui/tui","Test":"TestGuestReadinessTUIExactObservationAndNoApplicationClaim/qemu:///system/responsive","Output":"--- PASS: TestGuestReadinessTUIExactObservationAndNoApplicationClaim/qemu:///system/responsive (0.03s)\n","OutputType":"frame"}
{"Time":"2026-09-08T19:30:49.822851404+03:00","Action":"pass","Package":"virmill.local/core/internal/ui/tui","Test":"TestGuestReadinessTUIExactObservationAndNoApplicationClaim/qemu:///system/responsive","Elapsed":0.03}
{"Time":"2026-09-08T19:30:49.822858695+03:00","Action":"run","Package":"virmill.local/core/internal/ui/tui","Test":"TestGuestReadinessTUIExactObservationAndNoApplicationClaim/qemu:///system/unresponsive"}
{"Time":"2026-09-08T19:30:49.822861545+03:00","Action":"output","Package":"virmill.local/core/internal/ui/tui","Test":"TestGuestReadinessTUIExactObservationAndNoApplicationClaim/qemu:///system/unresponsive","Output":"=== RUN   TestGuestReadinessTUIExactObservationAndNoApplicationClaim/qemu:///system/unresponsive\n","OutputType":"frame"}
{"Time":"2026-09-08T19:30:49.847801484+03:00","Action":"output","Package":"virmill.local/core/internal/ui/tui","Test":"TestGuestReadinessTUIExactObservationAndNoApplicationClaim/qemu:///system/unresponsive","Output":"--- PASS: TestGuestReadinessTUIExactObservationAndNoApplicationClaim/qemu:///system/unresponsive (0.02s)\n","OutputType":"frame"}
{"Time":"2026-09-08T19:30:49.847826432+03:00","Action":"pass","Package":"virmill.local/core/internal/ui/tui","Test":"TestGuestReadinessTUIExactObservationAndNoApplicationClaim/qemu:///system/unresponsive","Elapsed":0.02}
{"Time":"2026-09-08T19:30:49.847833143+03:00","Action":"run","Package":"virmill.local/core/internal/ui/tui","Test":"TestGuestReadinessTUIExactObservationAndNoApplicationClaim/qemu:///system/disconnected"}
{"Time":"2026-09-08T19:30:49.847834887+03:00","Action":"output","Package":"virmill.local/core/internal/ui/tui","Test":"TestGuestReadinessTUIExactObservationAndNoApplicationClaim/qemu:///system/disconnected","Output":"=== RUN   TestGuestReadinessTUIExactObservationAndNoApplicationClaim/qemu:///system/disconnected\n","OutputType":"frame"}
{"Time":"2026-09-08T19:30:49.872683159+03:00","Action":"output","Package":"virmill.local/core/internal/ui/tui","Test":"TestGuestReadinessTUIExactObservationAndNoApplicationClaim/qemu:///system/disconnected","Output":"--- PASS: TestGuestReadinessTUIExactObservationAndNoApplicationClaim/qemu:///system/disconnected (0.02s)\n","OutputType":"frame"}
{"Time":"2026-09-08T19:30:49.872717122+03:00","Action":"pass","Package":"virmill.local/core/internal/ui/tui","Test":"TestGuestReadinessTUIExactObservationAndNoApplicationClaim/qemu:///system/disconnected","Elapsed":0.02}
{"Time":"2026-09-08T19:30:49.872736405+03:00","Action":"run","Package":"virmill.local/core/internal/ui/tui","Test":"TestGuestReadinessTUIExactObservationAndNoApplicationClaim/qemu:///system/absent"}
{"Time":"2026-09-08T19:30:49.872738446+03:00","Action":"output","Package":"virmill.local/core/internal/ui/tui","Test":"TestGuestReadinessTUIExactObservationAndNoApplicationClaim/qemu:///system/absent","Output":"=== RUN   TestGuestReadinessTUIExactObservationAndNoApplicationClaim/qemu:///system/absent\n","OutputType":"frame"}
{"Time":"2026-09-08T19:30:49.882149225+03:00","Action":"output","Package":"virmill.local/core/internal/ui/cli","Test":"TestNDJSONFollowRefusesEntireAmbiguousBatch/over-limit","Output":"--- PASS: TestNDJSONFollowRefusesEntireAmbiguousBatch/over-limit (0.08s)\n","OutputType":"frame"}
{"Time":"2026-09-08T19:30:49.882163994+03:00","Action":"pass","Package":"virmill.local/core/internal/ui/cli","Test":"TestNDJSONFollowRefusesEntireAmbiguousBatch/over-limit","Elapsed":0.08}
{"Time":"2026-09-08T19:30:49.882182245+03:00","Action":"run","Package":"virmill.local/core/internal/ui/cli","Test":"TestNDJSONFollowRefusesEntireAmbiguousBatch/null"}
{"Time":"2026-09-08T19:30:49.882186523+03:00","Action":"output","Package":"virmill.local/core/internal/ui/cli","Test":"TestNDJSONFollowRefusesEntireAmbiguousBatch/null","Output":"=== RUN   TestNDJSONFollowRefusesEntireAmbiguousBatch/null\n","OutputType":"frame"}
{"Time":"2026-09-08T19:30:49.883437127+03:00","Action":"output","Package":"virmill.local/core/internal/ui/cli","Test":"TestNDJSONFollowRefusesEntireAmbiguousBatch/null","Output":"--- PASS: TestNDJSONFollowRefusesEntireAmbiguousBatch/null (0.00s)\n","OutputType":"frame"}
{"Time":"2026-09-08T19:30:49.883443454+03:00","Action":"pass","Package":"virmill.local/core/internal/ui/cli","Test":"TestNDJSONFollowRefusesEntireAmbiguousBatch/null","Elapsed":0}
{"Time":"2026-09-08T19:30:49.883459137+03:00","Action":"run","Package":"virmill.local/core/internal/ui/cli","Test":"TestNDJSONFollowRefusesEntireAmbiguousBatch/reordered"}
{"Time":"2026-09-08T19:30:49.883464637+03:00","Action":"output","Package":"virmill.local/core/internal/ui/cli","Test":"TestNDJSONFollowRefusesEntireAmbiguousBatch/reordered","Output":"=== RUN   TestNDJSONFollowRefusesEntireAmbiguousBatch/reordered\n","OutputType":"frame"}
{"Time":"2026-09-08T19:30:49.884550893+03:00","Action":"output","Package":"virmill.local/core/internal/ui/cli","Test":"TestNDJSONFollowRefusesEntireAmbiguousBatch/reordered","Output":"--- PASS: TestNDJSONFollowRefusesEntireAmbiguousBatch/reordered (0.00s)\n","OutputType":"frame"}
{"Time":"2026-09-08T19:30:49.884556426+03:00","Action":"pass","Package":"virmill.local/core/internal/ui/cli","Test":"TestNDJSONFollowRefusesEntireAmbiguousBatch/reordered","Elapsed":0}
{"Time":"2026-09-08T19:30:49.884571539+03:00","Action":"run","Package":"virmill.local/core/internal/ui/cli","Test":"TestNDJSONFollowRefusesEntireAmbiguousBatch/gap"}
{"Time":"2026-09-08T19:30:49.884574586+03:00","Action":"output","Package":"virmill.local/core/internal/ui/cli","Test":"TestNDJSONFollowRefusesEntireAmbiguousBatch/gap","Output":"=== RUN   TestNDJSONFollowRefusesEntireAmbiguousBatch/gap\n","OutputType":"frame"}
{"Time":"2026-09-08T19:30:49.885843234+03:00","Action":"output","Package":"virmill.local/core/internal/ui/cli","Test":"TestNDJSONFollowRefusesEntireAmbiguousBatch/gap","Output":"--- PASS: TestNDJSONFollowRefusesEntireAmbiguousBatch/gap (0.00s)\n","OutputType":"frame"}
{"Time":"2026-09-08T19:30:49.885851981+03:00","Action":"pass","Package":"virmill.local/core/internal/ui/cli","Test":"TestNDJSONFollowRefusesEntireAmbiguousBatch/gap","Elapsed":0}
{"Time":"2026-09-08T19:30:49.885875196+03:00","Action":"run","Package":"virmill.local/core/internal/ui/cli","Test":"TestNDJSONFollowRefusesEntireAmbiguousBatch/unknown-field"}
{"Time":"2026-09-08T19:30:49.885879194+03:00","Action":"output","Package":"virmill.local/core/internal/ui/cli","Test":"TestNDJSONFollowRefusesEntireAmbiguousBatch/unknown-field","Output":"=== RUN   TestNDJSONFollowRefusesEntireAmbiguousBatch/unknown-field\n","OutputType":"frame"}
{"Time":"2026-09-08T19:30:49.887164786+03:00","Action":"output","Package":"virmill.local/core/internal/ui/cli","Test":"TestNDJSONFollowRefusesEntireAmbiguousBatch/unknown-field","Output":"--- PASS: TestNDJSONFollowRefusesEntireAmbiguousBatch/unknown-field (0.00s)\n","OutputType":"frame"}
{"Time":"2026-09-08T19:30:49.88717907+03:00","Action":"pass","Package":"virmill.local/core/internal/ui/cli","Test":"TestNDJSONFollowRefusesEntireAmbiguousBatch/unknown-field","Elapsed":0}
{"Time":"2026-09-08T19:30:49.887183388+03:00","Action":"run","Package":"virmill.local/core/internal/ui/cli","Test":"TestNDJSONFollowRefusesEntireAmbiguousBatch/encoded-byte-limit"}
{"Time":"2026-09-08T19:30:49.887185459+03:00","Action":"output","Package":"virmill.local/core/internal/ui/cli","Test":"TestNDJSONFollowRefusesEntireAmbiguousBatch/encoded-byte-limit","Output":"=== RUN   TestNDJSONFollowRefusesEntireAmbiguousBatch/encoded-byte-limit\n","OutputType":"frame"}
{"Time":"2026-09-08T19:30:49.896953531+03:00","Action":"output","Package":"virmill.local/core/internal/ui/tui","Test":"TestGuestReadinessTUIExactObservationAndNoApplicationClaim/qemu:///system/absent","Output":"--- PASS: TestGuestReadinessTUIExactObservationAndNoApplicationClaim/qemu:///system/absent (0.02s)\n","OutputType":"frame"}
{"Time":"2026-09-08T19:30:49.896971991+03:00","Action":"pass","Package":"virmill.local/core/internal/ui/tui","Test":"TestGuestReadinessTUIExactObservationAndNoApplicationClaim/qemu:///system/absent","Elapsed":0.02}
{"Time":"2026-09-08T19:30:49.897002908+03:00","Action":"run","Package":"virmill.local/core/internal/ui/tui","Test":"TestGuestReadinessTUIExactObservationAndNoApplicationClaim/qemu:///system/unknown"}
{"Time":"2026-09-08T19:30:49.897004671+03:00","Action":"output","Package":"virmill.local/core/internal/ui/tui","Test":"TestGuestReadinessTUIExactObservationAndNoApplicationClaim/qemu:///system/unknown","Output":"=== RUN   TestGuestReadinessTUIExactObservationAndNoApplicationClaim/qemu:///system/unknown\n","OutputType":"frame"}
{"Time":"2026-09-08T19:30:49.922835303+03:00","Action":"output","Package":"virmill.local/core/internal/ui/tui","Test":"TestGuestReadinessTUIExactObservationAndNoApplicationClaim/qemu:///system/unknown","Output":"--- PASS: TestGuestReadinessTUIExactObservationAndNoApplicationClaim/qemu:///system/unknown (0.03s)\n","OutputType":"frame"}
{"Time":"2026-09-08T19:30:49.92287701+03:00","Action":"pass","Package":"virmill.local/core/internal/ui/tui","Test":"TestGuestReadinessTUIExactObservationAndNoApplicationClaim/qemu:///system/unknown","Elapsed":0.03}
{"Time":"2026-09-08T19:30:49.922886018+03:00","Action":"output","Package":"virmill.local/core/internal/ui/tui","Test":"TestGuestReadinessTUIExactObservationAndNoApplicationClaim","Output":"--- PASS: TestGuestReadinessTUIExactObservationAndNoApplicationClaim (0.25s)\n","OutputType":"frame"}
{"Time":"2026-09-08T19:30:49.922890207+03:00","Action":"pass","Package":"virmill.local/core/internal/ui/tui","Test":"TestGuestReadinessTUIExactObservationAndNoApplicationClaim","Elapsed":0.25}
{"Time":"2026-09-08T19:30:49.922903443+03:00","Action":"run","Package":"virmill.local/core/internal/ui/tui","Test":"TestGuestReadinessTUIErrorsClearObservationAndApproval"}
{"Time":"2026-09-08T19:30:49.922908531+03:00","Action":"output","Package":"virmill.local/core/internal/ui/tui","Test":"TestGuestReadinessTUIErrorsClearObservationAndApproval","Output":"=== RUN   TestGuestReadinessTUIErrorsClearObservationAndApproval\n","OutputType":"frame"}
{"Time":"2026-09-08T19:30:49.922946323+03:00","Action":"run","Package":"virmill.local/core/internal/ui/tui","Test":"TestGuestReadinessTUIErrorsClearObservationAndApproval/native"}
{"Time":"2026-09-08T19:30:49.922950333+03:00","Action":"output","Package":"virmill.local/core/internal/ui/tui","Test":"TestGuestReadinessTUIErrorsClearObservationAndApproval/native","Output":"=== RUN   TestGuestReadinessTUIErrorsClearObservationAndApproval/native\n","OutputType":"frame"}
{"Time":"2026-09-08T19:30:49.936080529+03:00","Action":"output","Package":"virmill.local/core/internal/ui/tui","Test":"TestGuestReadinessTUIErrorsClearObservationAndApproval/native","Output":"--- PASS: TestGuestReadinessTUIErrorsClearObservationAndApproval/native (0.01s)\n","OutputType":"frame"}
{"Time":"2026-09-08T19:30:49.936114737+03:00","Action":"pass","Package":"virmill.local/core/internal/ui/tui","Test":"TestGuestReadinessTUIErrorsClearObservationAndApproval/native","Elapsed":0.01}
{"Time":"2026-09-08T19:30:49.936121814+03:00","Action":"run","Package":"virmill.local/core/internal/ui/tui","Test":"TestGuestReadinessTUIErrorsClearObservationAndApproval/canceled"}
{"Time":"2026-09-08T19:30:49.936124472+03:00","Action":"output","Package":"virmill.local/core/internal/ui/tui","Test":"TestGuestReadinessTUIErrorsClearObservationAndApproval/canceled","Output":"=== RUN   TestGuestReadinessTUIErrorsClearObservationAndApproval/canceled\n","OutputType":"frame"}
{"Time":"2026-09-08T19:30:49.945079526+03:00","Action":"output","Package":"virmill.local/core/internal/ui/tui","Test":"TestGuestReadinessTUIErrorsClearObservationAndApproval/canceled","Output":"--- PASS: TestGuestReadinessTUIErrorsClearObservationAndApproval/canceled (0.01s)\n","OutputType":"frame"}
{"Time":"2026-09-08T19:30:49.94510405+03:00","Action":"pass","Package":"virmill.local/core/internal/ui/tui","Test":"TestGuestReadinessTUIErrorsClearObservationAndApproval/canceled","Elapsed":0.01}
{"Time":"2026-09-08T19:30:49.945111639+03:00","Action":"run","Package":"virmill.local/core/internal/ui/tui","Test":"TestGuestReadinessTUIErrorsClearObservationAndApproval/transport"}
{"Time":"2026-09-08T19:30:49.945114742+03:00","Action":"output","Package":"virmill.local/core/internal/ui/tui","Test":"TestGuestReadinessTUIErrorsClearObservationAndApproval/transport","Output":"=== RUN   TestGuestReadinessTUIErrorsClearObservationAndApproval/transport\n","OutputType":"frame"}
{"Time":"2026-09-08T19:30:49.953697024+03:00","Action":"output","Package":"virmill.local/core/internal/ui/tui","Test":"TestGuestReadinessTUIErrorsClearObservationAndApproval/transport","Output":"--- PASS: TestGuestReadinessTUIErrorsClearObservationAndApproval/transport (0.01s)\n","OutputType":"frame"}
{"Time":"2026-09-08T19:30:49.953715101+03:00","Action":"pass","Package":"virmill.local/core/internal/ui/tui","Test":"TestGuestReadinessTUIErrorsClearObservationAndApproval/transport","Elapsed":0.01}
{"Time":"2026-09-08T19:30:49.953741946+03:00","Action":"output","Package":"virmill.local/core/internal/ui/tui","Test":"TestGuestReadinessTUIErrorsClearObservationAndApproval","Output":"--- PASS: TestGuestReadinessTUIErrorsClearObservationAndApproval (0.03s)\n","OutputType":"frame"}
{"Time":"2026-09-08T19:30:49.953754044+03:00","Action":"pass","Package":"virmill.local/core/internal/ui/tui","Test":"TestGuestReadinessTUIErrorsClearObservationAndApproval","Elapsed":0.03}
{"Time":"2026-09-08T19:30:49.953773207+03:00","Action":"run","Package":"virmill.local/core/internal/ui/tui","Test":"TestGuestRecipeTUIExactFormReviewedPlanAndCancel"}
{"Time":"2026-09-08T19:30:49.953776261+03:00","Action":"output","Package":"virmill.local/core/internal/ui/tui","Test":"TestGuestRecipeTUIExactFormReviewedPlanAndCancel","Output":"=== RUN   TestGuestRecipeTUIExactFormReviewedPlanAndCancel\n","OutputType":"frame"}
{"Time":"2026-09-08T19:30:49.955358784+03:00","Action":"run","Package":"virmill.local/core/internal/ui/tui","Test":"TestGuestRecipeTUIExactFormReviewedPlanAndCancel/qemu:///system"}
{"Time":"2026-09-08T19:30:49.955361963+03:00","Action":"output","Package":"virmill.local/core/internal/ui/tui","Test":"TestGuestRecipeTUIExactFormReviewedPlanAndCancel/qemu:///system","Output":"=== RUN   TestGuestRecipeTUIExactFormReviewedPlanAndCancel/qemu:///system\n","OutputType":"frame"}
{"Time":"2026-09-08T19:30:50.059837972+03:00","Action":"output","Package":"virmill.local/core/internal/ui/cli","Test":"TestNDJSONFollowRefusesEntireAmbiguousBatch/encoded-byte-limit","Output":"--- PASS: TestNDJSONFollowRefusesEntireAmbiguousBatch/encoded-byte-limit (0.17s)\n","OutputType":"frame"}
{"Time":"2026-09-08T19:30:50.059880402+03:00","Action":"pass","Package":"virmill.local/core/internal/ui/cli","Test":"TestNDJSONFollowRefusesEntireAmbiguousBatch/encoded-byte-limit","Elapsed":0.17}
{"Time":"2026-09-08T19:30:50.05988977+03:00","Action":"output","Package":"virmill.local/core/internal/ui/cli","Test":"TestNDJSONFollowRefusesEntireAmbiguousBatch","Output":"--- PASS: TestNDJSONFollowRefusesEntireAmbiguousBatch (0.28s)\n","OutputType":"frame"}
{"Time":"2026-09-08T19:30:50.059893705+03:00","Action":"pass","Package":"virmill.local/core/internal/ui/cli","Test":"TestNDJSONFollowRefusesEntireAmbiguousBatch","Elapsed":0.28}
{"Time":"2026-09-08T19:30:50.059897138+03:00","Action":"run","Package":"virmill.local/core/internal/ui/cli","Test":"TestNDJSONFollowRejectsWrongJobBeforeReadingEvents"}
{"Time":"2026-09-08T19:30:50.059899509+03:00","Action":"output","Package":"virmill.local/core/internal/ui/cli","Test":"TestNDJSONFollowRejectsWrongJobBeforeReadingEvents","Output":"=== RUN   TestNDJSONFollowRejectsWrongJobBeforeReadingEvents\n","OutputType":"frame"}
{"Time":"2026-09-08T19:30:50.05993132+03:00","Action":"run","Package":"virmill.local/core/internal/ui/cli","Test":"TestNDJSONFollowRejectsWrongJobBeforeReadingEvents/foreign"}
{"Time":"2026-09-08T19:30:50.059934472+03:00","Action":"output","Package":"virmill.local/core/internal/ui/cli","Test":"TestNDJSONFollowRejectsWrongJobBeforeReadingEvents/foreign","Output":"=== RUN   TestNDJSONFollowRejectsWrongJobBeforeReadingEvents/foreign\n","OutputType":"frame"}
{"Time":"2026-09-08T19:30:50.060999369+03:00","Action":"output","Package":"virmill.local/core/internal/ui/cli","Test":"TestNDJSONFollowRejectsWrongJobBeforeReadingEvents/foreign","Output":"--- PASS: TestNDJSONFollowRejectsWrongJobBeforeReadingEvents/foreign (0.00s)\n","OutputType":"frame"}
{"Time":"2026-09-08T19:30:50.061005697+03:00","Action":"pass","Package":"virmill.local/core/internal/ui/cli","Test":"TestNDJSONFollowRejectsWrongJobBeforeReadingEvents/foreign","Elapsed":0}
{"Time":"2026-09-08T19:30:50.061022157+03:00","Action":"run","Package":"virmill.local/core/internal/ui/cli","Test":"TestNDJSONFollowRejectsWrongJobBeforeReadingEvents/unknown-state"}
{"Time":"2026-09-08T19:30:50.061025439+03:00","Action":"output","Package":"virmill.local/core/internal/ui/cli","Test":"TestNDJSONFollowRejectsWrongJobBeforeReadingEvents/unknown-state","Output":"=== RUN   TestNDJSONFollowRejectsWrongJobBeforeReadingEvents/unknown-state\n","OutputType":"frame"}
{"Time":"2026-09-08T19:30:50.062072249+03:00","Action":"output","Package":"virmill.local/core/internal/ui/cli","Test":"TestNDJSONFollowRejectsWrongJobBeforeReadingEvents/unknown-state","Output":"--- PASS: TestNDJSONFollowRejectsWrongJobBeforeReadingEvents/unknown-state (0.00s)\n","OutputType":"frame"}
{"Time":"2026-09-08T19:30:50.062078652+03:00","Action":"pass","Package":"virmill.local/core/internal/ui/cli","Test":"TestNDJSONFollowRejectsWrongJobBeforeReadingEvents/unknown-state","Elapsed":0}
{"Time":"2026-09-08T19:30:50.062102312+03:00","Action":"run","Package":"virmill.local/core/internal/ui/cli","Test":"TestNDJSONFollowRejectsWrongJobBeforeReadingEvents/empty"}
{"Time":"2026-09-08T19:30:50.062105285+03:00","Action":"output","Package":"virmill.local/core/internal/ui/cli","Test":"TestNDJSONFollowRejectsWrongJobBeforeReadingEvents/empty","Output":"=== RUN   TestNDJSONFollowRejectsWrongJobBeforeReadingEvents/empty\n","OutputType":"frame"}
{"Time":"2026-09-08T19:30:50.063105706+03:00","Action":"output","Package":"virmill.local/core/internal/ui/cli","Test":"TestNDJSONFollowRejectsWrongJobBeforeReadingEvents/empty","Output":"--- PASS: TestNDJSONFollowRejectsWrongJobBeforeReadingEvents/empty (0.00s)\n","OutputType":"frame"}
{"Time":"2026-09-08T19:30:50.063117196+03:00","Action":"pass","Package":"virmill.local/core/internal/ui/cli","Test":"TestNDJSONFollowRejectsWrongJobBeforeReadingEvents/empty","Elapsed":0}
{"Time":"2026-09-08T19:30:50.063135005+03:00","Action":"output","Package":"virmill.local/core/internal/ui/cli","Test":"TestNDJSONFollowRejectsWrongJobBeforeReadingEvents","Output":"--- PASS: TestNDJSONFollowRejectsWrongJobBeforeReadingEvents (0.00s)\n","OutputType":"frame"}
{"Time":"2026-09-08T19:30:50.063140905+03:00","Action":"pass","Package":"virmill.local/core/internal/ui/cli","Test":"TestNDJSONFollowRejectsWrongJobBeforeReadingEvents","Elapsed":0}
{"Time":"2026-09-08T19:30:50.063158092+03:00","Action":"run","Package":"virmill.local/core/internal/ui/cli","Test":"TestNDJSONFollowDetachRetainsCursorAndNeverCancels"}
{"Time":"2026-09-08T19:30:50.063161258+03:00","Action":"output","Package":"virmill.local/core/internal/ui/cli","Test":"TestNDJSONFollowDetachRetainsCursorAndNeverCancels","Output":"=== RUN   TestNDJSONFollowDetachRetainsCursorAndNeverCancels\n","OutputType":"frame"}
{"Time":"2026-09-08T19:30:50.063177263+03:00","Action":"run","Package":"virmill.local/core/internal/ui/cli","Test":"TestNDJSONFollowDetachRetainsCursorAndNeverCancels/transport"}
{"Time":"2026-09-08T19:30:50.063180546+03:00","Action":"output","Package":"virmill.local/core/internal/ui/cli","Test":"TestNDJSONFollowDetachRetainsCursorAndNeverCancels/transport","Output":"=== RUN   TestNDJSONFollowDetachRetainsCursorAndNeverCancels/transport\n","OutputType":"frame"}
{"Time":"2026-09-08T19:30:50.064509253+03:00","Action":"output","Package":"virmill.local/core/internal/ui/cli","Test":"TestNDJSONFollowDetachRetainsCursorAndNeverCancels/transport","Output":"--- PASS: TestNDJSONFollowDetachRetainsCursorAndNeverCancels/transport (0.00s)\n","OutputType":"frame"}
{"Time":"2026-09-08T19:30:50.064515365+03:00","Action":"pass","Package":"virmill.local/core/internal/ui/cli","Test":"TestNDJSONFollowDetachRetainsCursorAndNeverCancels/transport","Elapsed":0}
{"Time":"2026-09-08T19:30:50.064531979+03:00","Action":"run","Package":"virmill.local/core/internal/ui/cli","Test":"TestNDJSONFollowDetachRetainsCursorAndNeverCancels/timeout"}
{"Time":"2026-09-08T19:30:50.064535849+03:00","Action":"output","Package":"virmill.local/core/internal/ui/cli","Test":"TestNDJSONFollowDetachRetainsCursorAndNeverCancels/timeout","Output":"=== RUN   TestNDJSONFollowDetachRetainsCursorAndNeverCancels/timeout\n","OutputType":"frame"}
{"Time":"2026-09-08T19:30:50.156672408+03:00","Action":"output","Package":"virmill.local/core/internal/ui/tui","Test":"TestGuestRecipeTUIExactFormReviewedPlanAndCancel/qemu:///system","Output":"--- PASS: TestGuestRecipeTUIExactFormReviewedPlanAndCancel/qemu:///system (0.20s)\n","OutputType":"frame"}
{"Time":"2026-09-08T19:30:50.156705615+03:00","Action":"pass","Package":"virmill.local/core/internal/ui/tui","Test":"TestGuestRecipeTUIExactFormReviewedPlanAndCancel/qemu:///system","Elapsed":0.2}
{"Time":"2026-09-08T19:30:50.156710991+03:00","Action":"run","Package":"virmill.local/core/internal/ui/tui","Test":"TestGuestRecipeTUIExactFormReviewedPlanAndCancel/qemu:///session"}
{"Time":"2026-09-08T19:30:50.156712926+03:00","Action":"output","Package":"virmill.local/core/internal/ui/tui","Test":"TestGuestRecipeTUIExactFormReviewedPlanAndCancel/qemu:///session","Output":"=== RUN   TestGuestRecipeTUIExactFormReviewedPlanAndCancel/qemu:///session\n","OutputType":"frame"}
{"Time":"2026-09-08T19:30:50.166215508+03:00","Action":"output","Package":"virmill.local/core/internal/ui/cli","Test":"TestNDJSONFollowDetachRetainsCursorAndNeverCancels/timeout","Output":"--- PASS: TestNDJSONFollowDetachRetainsCursorAndNeverCancels/timeout (0.10s)\n","OutputType":"frame"}
{"Time":"2026-09-08T19:30:50.166224827+03:00","Action":"pass","Package":"virmill.local/core/internal/ui/cli","Test":"TestNDJSONFollowDetachRetainsCursorAndNeverCancels/timeout","Elapsed":0.1}
{"Time":"2026-09-08T19:30:50.166247235+03:00","Action":"run","Package":"virmill.local/core/internal/ui/cli","Test":"TestNDJSONFollowDetachRetainsCursorAndNeverCancels/interrupt"}
{"Time":"2026-09-08T19:30:50.166248711+03:00","Action":"output","Package":"virmill.local/core/internal/ui/cli","Test":"TestNDJSONFollowDetachRetainsCursorAndNeverCancels/interrupt","Output":"=== RUN   TestNDJSONFollowDetachRetainsCursorAndNeverCancels/interrupt\n","OutputType":"frame"}
{"Time":"2026-09-08T19:30:50.168673413+03:00","Action":"output","Package":"virmill.local/core/internal/ui/cli","Test":"TestNDJSONFollowDetachRetainsCursorAndNeverCancels/interrupt","Output":"--- PASS: TestNDJSONFollowDetachRetainsCursorAndNeverCancels/interrupt (0.00s)\n","OutputType":"frame"}
{"Time":"2026-09-08T19:30:50.168689856+03:00","Action":"pass","Package":"virmill.local/core/internal/ui/cli","Test":"TestNDJSONFollowDetachRetainsCursorAndNeverCancels/interrupt","Elapsed":0}
{"Time":"2026-09-08T19:30:50.168711817+03:00","Action":"output","Package":"virmill.local/core/internal/ui/cli","Test":"TestNDJSONFollowDetachRetainsCursorAndNeverCancels","Output":"--- PASS: TestNDJSONFollowDetachRetainsCursorAndNeverCancels (0.11s)\n","OutputType":"frame"}
{"Time":"2026-09-08T19:30:50.168727523+03:00","Action":"pass","Package":"virmill.local/core/internal/ui/cli","Test":"TestNDJSONFollowDetachRetainsCursorAndNeverCancels","Elapsed":0.11}
{"Time":"2026-09-08T19:30:50.168743241+03:00","Action":"run","Package":"virmill.local/core/internal/ui/cli","Test":"TestNDJSONFollowCancellationWhileIdleAndBeforeCall"}
{"Time":"2026-09-08T19:30:50.168746164+03:00","Action":"output","Package":"virmill.local/core/internal/ui/cli","Test":"TestNDJSONFollowCancellationWhileIdleAndBeforeCall","Output":"=== RUN   TestNDJSONFollowCancellationWhileIdleAndBeforeCall\n","OutputType":"frame"}
{"Time":"2026-09-08T19:30:50.168769571+03:00","Action":"run","Package":"virmill.local/core/internal/ui/cli","Test":"TestNDJSONFollowCancellationWhileIdleAndBeforeCall/false"}
{"Time":"2026-09-08T19:30:50.168771462+03:00","Action":"output","Package":"virmill.local/core/internal/ui/cli","Test":"TestNDJSONFollowCancellationWhileIdleAndBeforeCall/false","Output":"=== RUN   TestNDJSONFollowCancellationWhileIdleAndBeforeCall/false\n","OutputType":"frame"}
{"Time":"2026-09-08T19:30:50.17078851+03:00","Action":"output","Package":"virmill.local/core/internal/ui/cli","Test":"TestNDJSONFollowCancellationWhileIdleAndBeforeCall/false","Output":"--- PASS: TestNDJSONFollowCancellationWhileIdleAndBeforeCall/false (0.00s)\n","OutputType":"frame"}
{"Time":"2026-09-08T19:30:50.170810982+03:00","Action":"pass","Package":"virmill.local/core/internal/ui/cli","Test":"TestNDJSONFollowCancellationWhileIdleAndBeforeCall/false","Elapsed":0}
{"Time":"2026-09-08T19:30:50.170829394+03:00","Action":"run","Package":"virmill.local/core/internal/ui/cli","Test":"TestNDJSONFollowCancellationWhileIdleAndBeforeCall/true"}
{"Time":"2026-09-08T19:30:50.170831722+03:00","Action":"output","Package":"virmill.local/core/internal/ui/cli","Test":"TestNDJSONFollowCancellationWhileIdleAndBeforeCall/true","Output":"=== RUN   TestNDJSONFollowCancellationWhileIdleAndBeforeCall/true\n","OutputType":"frame"}
{"Time":"2026-09-08T19:30:50.171967792+03:00","Action":"output","Package":"virmill.local/core/internal/ui/cli","Test":"TestNDJSONFollowCancellationWhileIdleAndBeforeCall/true","Output":"--- PASS: TestNDJSONFollowCancellationWhileIdleAndBeforeCall/true (0.00s)\n","OutputType":"frame"}
{"Time":"2026-09-08T19:30:50.171975163+03:00","Action":"pass","Package":"virmill.local/core/internal/ui/cli","Test":"TestNDJSONFollowCancellationWhileIdleAndBeforeCall/true","Elapsed":0}
{"Time":"2026-09-08T19:30:50.172008442+03:00","Action":"output","Package":"virmill.local/core/internal/ui/cli","Test":"TestNDJSONFollowCancellationWhileIdleAndBeforeCall","Output":"--- PASS: TestNDJSONFollowCancellationWhileIdleAndBeforeCall (0.00s)\n","OutputType":"frame"}
{"Time":"2026-09-08T19:30:50.172017906+03:00","Action":"pass","Package":"virmill.local/core/internal/ui/cli","Test":"TestNDJSONFollowCancellationWhileIdleAndBeforeCall","Elapsed":0}
{"Time":"2026-09-08T19:30:50.172030916+03:00","Action":"run","Package":"virmill.local/core/internal/ui/cli","Test":"TestNDJSONFollowTerminalFailuresAreNonzero"}
{"Time":"2026-09-08T19:30:50.172033523+03:00","Action":"output","Package":"virmill.local/core/internal/ui/cli","Test":"TestNDJSONFollowTerminalFailuresAreNonzero","Output":"=== RUN   TestNDJSONFollowTerminalFailuresAreNonzero\n","OutputType":"frame"}
{"Time":"2026-09-08T19:30:50.172061254+03:00","Action":"run","Package":"virmill.local/core/internal/ui/cli","Test":"TestNDJSONFollowTerminalFailuresAreNonzero/failed"}
{"Time":"2026-09-08T19:30:50.172063513+03:00","Action":"output","Package":"virmill.local/core/internal/ui/cli","Test":"TestNDJSONFollowTerminalFailuresAreNonzero/failed","Output":"=== RUN   TestNDJSONFollowTerminalFailuresAreNonzero/failed\n","OutputType":"frame"}
{"Time":"2026-09-08T19:30:50.173506165+03:00","Action":"output","Package":"virmill.local/core/internal/ui/cli","Test":"TestNDJSONFollowTerminalFailuresAreNonzero/failed","Output":"--- PASS: TestNDJSONFollowTerminalFailuresAreNonzero/failed (0.00s)\n","OutputType":"frame"}
{"Time":"2026-09-08T19:30:50.173516563+03:00","Action":"pass","Package":"virmill.local/core/internal/ui/cli","Test":"TestNDJSONFollowTerminalFailuresAreNonzero/failed","Elapsed":0}
{"Time":"2026-09-08T19:30:50.173565419+03:00","Action":"run","Package":"virmill.local/core/internal/ui/cli","Test":"TestNDJSONFollowTerminalFailuresAreNonzero/canceled"}
{"Time":"2026-09-08T19:30:50.173575474+03:00","Action":"output","Package":"virmill.local/core/internal/ui/cli","Test":"TestNDJSONFollowTerminalFailuresAreNonzero/canceled","Output":"=== RUN   TestNDJSONFollowTerminalFailuresAreNonzero/canceled\n","OutputType":"frame"}
{"Time":"2026-09-08T19:30:50.174586341+03:00","Action":"output","Package":"virmill.local/core/internal/ui/cli","Test":"TestNDJSONFollowTerminalFailuresAreNonzero/canceled","Output":"--- PASS: TestNDJSONFollowTerminalFailuresAreNonzero/canceled (0.00s)\n","OutputType":"frame"}
{"Time":"2026-09-08T19:30:50.174622071+03:00","Action":"pass","Package":"virmill.local/core/internal/ui/cli","Test":"TestNDJSONFollowTerminalFailuresAreNonzero/canceled","Elapsed":0}
{"Time":"2026-09-08T19:30:50.174639374+03:00","Action":"run","Package":"virmill.local/core/internal/ui/cli","Test":"TestNDJSONFollowTerminalFailuresAreNonzero/partial"}
{"Time":"2026-09-08T19:30:50.174641589+03:00","Action":"output","Package":"virmill.local/core/internal/ui/cli","Test":"TestNDJSONFollowTerminalFailuresAreNonzero/partial","Output":"=== RUN   TestNDJSONFollowTerminalFailuresAreNonzero/partial\n","OutputType":"frame"}
{"Time":"2026-09-08T19:30:50.175363622+03:00","Action":"output","Package":"virmill.local/core/internal/ui/cli","Test":"TestNDJSONFollowTerminalFailuresAreNonzero/partial","Output":"--- PASS: TestNDJSONFollowTerminalFailuresAreNonzero/partial (0.00s)\n","OutputType":"frame"}
{"Time":"2026-09-08T19:30:50.175370573+03:00","Action":"pass","Package":"virmill.local/core/internal/ui/cli","Test":"TestNDJSONFollowTerminalFailuresAreNonzero/partial","Elapsed":0}
{"Time":"2026-09-08T19:30:50.175381443+03:00","Action":"run","Package":"virmill.local/core/internal/ui/cli","Test":"TestNDJSONFollowTerminalFailuresAreNonzero/recovery-required"}
{"Time":"2026-09-08T19:30:50.175383678+03:00","Action":"output","Package":"virmill.local/core/internal/ui/cli","Test":"TestNDJSONFollowTerminalFailuresAreNonzero/recovery-required","Output":"=== RUN   TestNDJSONFollowTerminalFailuresAreNonzero/recovery-required\n","OutputType":"frame"}
{"Time":"2026-09-08T19:30:50.177139338+03:00","Action":"output","Package":"virmill.local/core/internal/ui/cli","Test":"TestNDJSONFollowTerminalFailuresAreNonzero/recovery-required","Output":"--- PASS: TestNDJSONFollowTerminalFailuresAreNonzero/recovery-required (0.00s)\n","OutputType":"frame"}
{"Time":"2026-09-08T19:30:50.177154353+03:00","Action":"pass","Package":"virmill.local/core/internal/ui/cli","Test":"TestNDJSONFollowTerminalFailuresAreNonzero/recovery-required","Elapsed":0}
{"Time":"2026-09-08T19:30:50.177470557+03:00","Action":"output","Package":"virmill.local/core/internal/ui/cli","Test":"TestNDJSONFollowTerminalFailuresAreNonzero","Output":"--- PASS: TestNDJSONFollowTerminalFailuresAreNonzero (0.01s)\n","OutputType":"frame"}
{"Time":"2026-09-08T19:30:50.177486169+03:00","Action":"pass","Package":"virmill.local/core/internal/ui/cli","Test":"TestNDJSONFollowTerminalFailuresAreNonzero","Elapsed":0.01}
{"Time":"2026-09-08T19:30:50.17750517+03:00","Action":"run","Package":"virmill.local/core/internal/ui/cli","Test":"TestNDJSONFollowOutputFailureNeverRetriesOrAppends"}
{"Time":"2026-09-08T19:30:50.177508692+03:00","Action":"output","Package":"virmill.local/core/internal/ui/cli","Test":"TestNDJSONFollowOutputFailureNeverRetriesOrAppends","Output":"=== RUN   TestNDJSONFollowOutputFailureNeverRetriesOrAppends\n","OutputType":"frame"}
{"Time":"2026-09-08T19:30:50.177533072+03:00","Action":"run","Package":"virmill.local/core/internal/ui/cli","Test":"TestNDJSONFollowOutputFailureNeverRetriesOrAppends/\u003cnil\u003e"}
{"Time":"2026-09-08T19:30:50.177536597+03:00","Action":"output","Package":"virmill.local/core/internal/ui/cli","Test":"TestNDJSONFollowOutputFailureNeverRetriesOrAppends/\u003cnil\u003e","Output":"=== RUN   TestNDJSONFollowOutputFailureNeverRetriesOrAppends/\u003cnil\u003e\n","OutputType":"frame"}
{"Time":"2026-09-08T19:30:50.178675417+03:00","Action":"output","Package":"virmill.local/core/internal/ui/cli","Test":"TestNDJSONFollowOutputFailureNeverRetriesOrAppends/\u003cnil\u003e","Output":"--- PASS: TestNDJSONFollowOutputFailureNeverRetriesOrAppends/\u003cnil\u003e (0.00s)\n","OutputType":"frame"}
{"Time":"2026-09-08T19:30:50.178685446+03:00","Action":"pass","Package":"virmill.local/core/internal/ui/cli","Test":"TestNDJSONFollowOutputFailureNeverRetriesOrAppends/\u003cnil\u003e","Elapsed":0}
{"Time":"2026-09-08T19:30:50.178727258+03:00","Action":"run","Package":"virmill.local/core/internal/ui/cli","Test":"TestNDJSONFollowOutputFailureNeverRetriesOrAppends/fixture_broken_pipe"}
{"Time":"2026-09-08T19:30:50.178729607+03:00","Action":"output","Package":"virmill.local/core/internal/ui/cli","Test":"TestNDJSONFollowOutputFailureNeverRetriesOrAppends/fixture_broken_pipe","Output":"=== RUN   TestNDJSONFollowOutputFailureNeverRetriesOrAppends/fixture_broken_pipe\n","OutputType":"frame"}
{"Time":"2026-09-08T19:30:50.180018233+03:00","Action":"output","Package":"virmill.local/core/internal/ui/cli","Test":"TestNDJSONFollowOutputFailureNeverRetriesOrAppends/fixture_broken_pipe","Output":"--- PASS: TestNDJSONFollowOutputFailureNeverRetriesOrAppends/fixture_broken_pipe (0.00s)\n","OutputType":"frame"}
{"Time":"2026-09-08T19:30:50.180026037+03:00","Action":"pass","Package":"virmill.local/core/internal/ui/cli","Test":"TestNDJSONFollowOutputFailureNeverRetriesOrAppends/fixture_broken_pipe","Elapsed":0}
{"Time":"2026-09-08T19:30:50.180051103+03:00","Action":"output","Package":"virmill.local/core/internal/ui/cli","Test":"TestNDJSONFollowOutputFailureNeverRetriesOrAppends","Output":"--- PASS: TestNDJSONFollowOutputFailureNeverRetriesOrAppends (0.00s)\n","OutputType":"frame"}
{"Time":"2026-09-08T19:30:50.180062172+03:00","Action":"pass","Package":"virmill.local/core/internal/ui/cli","Test":"TestNDJSONFollowOutputFailureNeverRetriesOrAppends","Elapsed":0}
{"Time":"2026-09-08T19:30:50.180077217+03:00","Action":"run","Package":"virmill.local/core/internal/ui/cli","Test":"TestNDJSONFollowRejectsHiddenInputsAndKeepsSnapshotCompatibility"}
{"Time":"2026-09-08T19:30:50.180080568+03:00","Action":"output","Package":"virmill.local/core/internal/ui/cli","Test":"TestNDJSONFollowRejectsHiddenInputsAndKeepsSnapshotCompatibility","Output":"=== RUN   TestNDJSONFollowRejectsHiddenInputsAndKeepsSnapshotCompatibility\n","OutputType":"frame"}
{"Time":"2026-09-08T19:30:50.180113298+03:00","Action":"run","Package":"virmill.local/core/internal/ui/cli","Test":"TestNDJSONFollowRejectsHiddenInputsAndKeepsSnapshotCompatibility/operation_watch_stream-job_--follow_--output_json"}
{"Time":"2026-09-08T19:30:50.180117168+03:00","Action":"output","Package":"virmill.local/core/internal/ui/cli","Test":"TestNDJSONFollowRejectsHiddenInputsAndKeepsSnapshotCompatibility/operation_watch_stream-job_--follow_--output_json","Output":"=== RUN   TestNDJSONFollowRejectsHiddenInputsAndKeepsSnapshotCompatibility/operation_watch_stream-job_--follow_--output_json\n","OutputType":"frame"}
{"Time":"2026-09-08T19:30:50.180803268+03:00","Action":"output","Package":"virmill.local/core/internal/ui/cli","Test":"TestNDJSONFollowRejectsHiddenInputsAndKeepsSnapshotCompatibility/operation_watch_stream-job_--follow_--output_json","Output":"--- PASS: TestNDJSONFollowRejectsHiddenInputsAndKeepsSnapshotCompatibility/operation_watch_stream-job_--follow_--output_json (0.00s)\n","OutputType":"frame"}
{"Time":"2026-09-08T19:30:50.180810931+03:00","Action":"pass","Package":"virmill.local/core/internal/ui/cli","Test":"TestNDJSONFollowRejectsHiddenInputsAndKeepsSnapshotCompatibility/operation_watch_stream-job_--follow_--output_json","Elapsed":0}
{"Time":"2026-09-08T19:30:50.180839429+03:00","Action":"run","Package":"virmill.local/core/internal/ui/cli","Test":"TestNDJSONFollowRejectsHiddenInputsAndKeepsSnapshotCompatibility/operation_watch_stream-job_--follow_--output_ndjson_--after_-1"}
{"Time":"2026-09-08T19:30:50.180843347+03:00","Action":"output","Package":"virmill.local/core/internal/ui/cli","Test":"TestNDJSONFollowRejectsHiddenInputsAndKeepsSnapshotCompatibility/operation_watch_stream-job_--follow_--output_ndjson_--after_-1","Output":"=== RUN   TestNDJSONFollowRejectsHiddenInputsAndKeepsSnapshotCompatibility/operation_watch_stream-job_--follow_--output_ndjson_--after_-1\n","OutputType":"frame"}
{"Time":"2026-09-08T19:30:50.181495278+03:00","Action":"output","Package":"virmill.local/core/internal/ui/cli","Test":"TestNDJSONFollowRejectsHiddenInputsAndKeepsSnapshotCompatibility/operation_watch_stream-job_--follow_--output_ndjson_--after_-1","Output":"--- PASS: TestNDJSONFollowRejectsHiddenInputsAndKeepsSnapshotCompatibility/operation_watch_stream-job_--follow_--output_ndjson_--after_-1 (0.00s)\n","OutputType":"frame"}
{"Time":"2026-09-08T19:30:50.181505089+03:00","Action":"pass","Package":"virmill.local/core/internal/ui/cli","Test":"TestNDJSONFollowRejectsHiddenInputsAndKeepsSnapshotCompatibility/operation_watch_stream-job_--follow_--output_ndjson_--after_-1","Elapsed":0}
{"Time":"2026-09-08T19:30:50.18152145+03:00","Action":"run","Package":"virmill.local/core/internal/ui/cli","Test":"TestNDJSONFollowRejectsHiddenInputsAndKeepsSnapshotCompatibility/operation_watch_stream-job_--follow_--output_ndjson_--input_{\"cancel\":true}"}
{"Time":"2026-09-08T19:30:50.181525129+03:00","Action":"output","Package":"virmill.local/core/internal/ui/cli","Test":"TestNDJSONFollowRejectsHiddenInputsAndKeepsSnapshotCompatibility/operation_watch_stream-job_--follow_--output_ndjson_--input_{\"cancel\":true}","Output":"=== RUN   TestNDJSONFollowRejectsHiddenInputsAndKeepsSnapshotCompatibility/operation_watch_stream-job_--follow_--output_ndjson_--input_{\"cancel\":true}\n","OutputType":"frame"}
{"Time":"2026-09-08T19:30:50.181924364+03:00","Action":"output","Package":"virmill.local/core/internal/ui/cli","Test":"TestNDJSONFollowRejectsHiddenInputsAndKeepsSnapshotCompatibility/operation_watch_stream-job_--follow_--output_ndjson_--input_{\"cancel\":true}","Output":"--- PASS: TestNDJSONFollowRejectsHiddenInputsAndKeepsSnapshotCompatibility/operation_watch_stream-job_--follow_--output_ndjson_--input_{\"cancel\":true} (0.00s)\n","OutputType":"frame"}
{"Time":"2026-09-08T19:30:50.181930245+03:00","Action":"pass","Package":"virmill.local/core/internal/ui/cli","Test":"TestNDJSONFollowRejectsHiddenInputsAndKeepsSnapshotCompatibility/operation_watch_stream-job_--follow_--output_ndjson_--input_{\"cancel\":true}","Elapsed":0}
{"Time":"2026-09-08T19:30:50.181955318+03:00","Action":"run","Package":"virmill.local/core/internal/ui/cli","Test":"TestNDJSONFollowRejectsHiddenInputsAndKeepsSnapshotCompatibility/operation_watch_bad/id_--follow_--output_ndjson"}
{"Time":"2026-09-08T19:30:50.181958551+03:00","Action":"output","Package":"virmill.local/core/internal/ui/cli","Test":"TestNDJSONFollowRejectsHiddenInputsAndKeepsSnapshotCompatibility/operation_watch_bad/id_--follow_--output_ndjson","Output":"=== RUN   TestNDJSONFollowRejectsHiddenInputsAndKeepsSnapshotCompatibility/operation_watch_bad/id_--follow_--output_ndjson\n","OutputType":"frame"}
{"Time":"2026-09-08T19:30:50.184274617+03:00","Action":"output","Package":"virmill.local/core/internal/ui/cli","Test":"TestNDJSONFollowRejectsHiddenInputsAndKeepsSnapshotCompatibility/operation_watch_bad/id_--follow_--output_ndjson","Output":"--- PASS: TestNDJSONFollowRejectsHiddenInputsAndKeepsSnapshotCompatibility/operation_watch_bad/id_--follow_--output_ndjson (0.00s)\n","OutputType":"frame"}
{"Time":"2026-09-08T19:30:50.184297488+03:00","Action":"pass","Package":"virmill.local/core/internal/ui/cli","Test":"TestNDJSONFollowRejectsHiddenInputsAndKeepsSnapshotCompatibility/operation_watch_bad/id_--follow_--output_ndjson","Elapsed":0}
{"Time":"2026-09-08T19:30:50.184305088+03:00","Action":"run","Package":"virmill.local/core/internal/ui/cli","Test":"TestNDJSONFollowRejectsHiddenInputsAndKeepsSnapshotCompatibility/snapshot-json"}
{"Time":"2026-09-08T19:30:50.184308415+03:00","Action":"output","Package":"virmill.local/core/internal/ui/cli","Test":"TestNDJSONFollowRejectsHiddenInputsAndKeepsSnapshotCompatibility/snapshot-json","Output":"=== RUN   TestNDJSONFollowRejectsHiddenInputsAndKeepsSnapshotCompatibility/snapshot-json\n","OutputType":"frame"}
{"Time":"2026-09-08T19:30:50.185208131+03:00","Action":"output","Package":"virmill.local/core/internal/ui/cli","Test":"TestNDJSONFollowRejectsHiddenInputsAndKeepsSnapshotCompatibility/snapshot-json","Output":"--- PASS: TestNDJSONFollowRejectsHiddenInputsAndKeepsSnapshotCompatibility/snapshot-json (0.00s)\n","OutputType":"frame"}
{"Time":"2026-09-08T19:30:50.185218492+03:00","Action":"pass","Package":"virmill.local/core/internal/ui/cli","Test":"TestNDJSONFollowRejectsHiddenInputsAndKeepsSnapshotCompatibility/snapshot-json","Elapsed":0}
{"Time":"2026-09-08T19:30:50.185240472+03:00","Action":"run","Package":"virmill.local/core/internal/ui/cli","Test":"TestNDJSONFollowRejectsHiddenInputsAndKeepsSnapshotCompatibility/snapshot-ndjson"}
{"Time":"2026-09-08T19:30:50.185244444+03:00","Action":"output","Package":"virmill.local/core/internal/ui/cli","Test":"TestNDJSONFollowRejectsHiddenInputsAndKeepsSnapshotCompatibility/snapshot-ndjson","Output":"=== RUN   TestNDJSONFollowRejectsHiddenInputsAndKeepsSnapshotCompatibility/snapshot-ndjson\n","OutputType":"frame"}
{"Time":"2026-09-08T19:30:50.186014849+03:00","Action":"output","Package":"virmill.local/core/internal/ui/cli","Test":"TestNDJSONFollowRejectsHiddenInputsAndKeepsSnapshotCompatibility/snapshot-ndjson","Output":"--- PASS: TestNDJSONFollowRejectsHiddenInputsAndKeepsSnapshotCompatibility/snapshot-ndjson (0.00s)\n","OutputType":"frame"}
{"Time":"2026-09-08T19:30:50.186026014+03:00","Action":"pass","Package":"virmill.local/core/internal/ui/cli","Test":"TestNDJSONFollowRejectsHiddenInputsAndKeepsSnapshotCompatibility/snapshot-ndjson","Elapsed":0}
{"Time":"2026-09-08T19:30:50.186053106+03:00","Action":"output","Package":"virmill.local/core/internal/ui/cli","Test":"TestNDJSONFollowRejectsHiddenInputsAndKeepsSnapshotCompatibility","Output":"--- PASS: TestNDJSONFollowRejectsHiddenInputsAndKeepsSnapshotCompatibility (0.01s)\n","OutputType":"frame"}
{"Time":"2026-09-08T19:30:50.18607526+03:00","Action":"pass","Package":"virmill.local/core/internal/ui/cli","Test":"TestNDJSONFollowRejectsHiddenInputsAndKeepsSnapshotCompatibility","Elapsed":0.01}
{"Time":"2026-09-08T19:30:50.186094673+03:00","Action":"run","Package":"virmill.local/core/internal/ui/cli","Test":"TestPlanApplyWaitNDJSONUsesOneBoundSubmissionAndSharedFollow"}
{"Time":"2026-09-08T19:30:50.186098691+03:00","Action":"output","Package":"virmill.local/core/internal/ui/cli","Test":"TestPlanApplyWaitNDJSONUsesOneBoundSubmissionAndSharedFollow","Output":"=== RUN   TestPlanApplyWaitNDJSONUsesOneBoundSubmissionAndSharedFollow\n","OutputType":"frame"}
{"Time":"2026-09-08T19:30:50.186119978+03:00","Action":"run","Package":"virmill.local/core/internal/ui/cli","Test":"TestPlanApplyWaitNDJSONUsesOneBoundSubmissionAndSharedFollow/json"}
{"Time":"2026-09-08T19:30:50.186123516+03:00","Action":"output","Package":"virmill.local/core/internal/ui/cli","Test":"TestPlanApplyWaitNDJSONUsesOneBoundSubmissionAndSharedFollow/json","Output":"=== RUN   TestPlanApplyWaitNDJSONUsesOneBoundSubmissionAndSharedFollow/json\n","OutputType":"frame"}
{"Time":"2026-09-08T19:30:50.187212008+03:00","Action":"output","Package":"virmill.local/core/internal/ui/cli","Test":"TestPlanApplyWaitNDJSONUsesOneBoundSubmissionAndSharedFollow/json","Output":"--- PASS: TestPlanApplyWaitNDJSONUsesOneBoundSubmissionAndSharedFollow/json (0.00s)\n","OutputType":"frame"}
{"Time":"2026-09-08T19:30:50.187226923+03:00","Action":"pass","Package":"virmill.local/core/internal/ui/cli","Test":"TestPlanApplyWaitNDJSONUsesOneBoundSubmissionAndSharedFollow/json","Elapsed":0}
{"Time":"2026-09-08T19:30:50.187230852+03:00","Action":"run","Package":"virmill.local/core/internal/ui/cli","Test":"TestPlanApplyWaitNDJSONUsesOneBoundSubmissionAndSharedFollow/ndjson"}
{"Time":"2026-09-08T19:30:50.187233356+03:00","Action":"output","Package":"virmill.local/core/internal/ui/cli","Test":"TestPlanApplyWaitNDJSONUsesOneBoundSubmissionAndSharedFollow/ndjson","Output":"=== RUN   TestPlanApplyWaitNDJSONUsesOneBoundSubmissionAndSharedFollow/ndjson\n","OutputType":"frame"}
{"Time":"2026-09-08T19:30:50.188313946+03:00","Action":"output","Package":"virmill.local/core/internal/ui/cli","Test":"TestPlanApplyWaitNDJSONUsesOneBoundSubmissionAndSharedFollow/ndjson","Output":"--- PASS: TestPlanApplyWaitNDJSONUsesOneBoundSubmissionAndSharedFollow/ndjson (0.00s)\n","OutputType":"frame"}
{"Time":"2026-09-08T19:30:50.188323342+03:00","Action":"pass","Package":"virmill.local/core/internal/ui/cli","Test":"TestPlanApplyWaitNDJSONUsesOneBoundSubmissionAndSharedFollow/ndjson","Elapsed":0}
{"Time":"2026-09-08T19:30:50.18834731+03:00","Action":"output","Package":"virmill.local/core/internal/ui/cli","Test":"TestPlanApplyWaitNDJSONUsesOneBoundSubmissionAndSharedFollow","Output":"--- PASS: TestPlanApplyWaitNDJSONUsesOneBoundSubmissionAndSharedFollow (0.00s)\n","OutputType":"frame"}
{"Time":"2026-09-08T19:30:50.188352253+03:00","Action":"pass","Package":"virmill.local/core/internal/ui/cli","Test":"TestPlanApplyWaitNDJSONUsesOneBoundSubmissionAndSharedFollow","Elapsed":0}
{"Time":"2026-09-08T19:30:50.188365132+03:00","Action":"run","Package":"virmill.local/core/internal/ui/cli","Test":"TestPlanApplyWaitTransportFailureDoesNotResubmit"}
{"Time":"2026-09-08T19:30:50.188369149+03:00","Action":"output","Package":"virmill.local/core/internal/ui/cli","Test":"TestPlanApplyWaitTransportFailureDoesNotResubmit","Output":"=== RUN   TestPlanApplyWaitTransportFailureDoesNotResubmit\n","OutputType":"frame"}
{"Time":"2026-09-08T19:30:50.188382702+03:00","Action":"run","Package":"virmill.local/core/internal/ui/cli","Test":"TestPlanApplyWaitTransportFailureDoesNotResubmit/false"}
{"Time":"2026-09-08T19:30:50.188385841+03:00","Action":"output","Package":"virmill.local/core/internal/ui/cli","Test":"TestPlanApplyWaitTransportFailureDoesNotResubmit/false","Output":"=== RUN   TestPlanApplyWaitTransportFailureDoesNotResubmit/false\n","OutputType":"frame"}
{"Time":"2026-09-08T19:30:50.188985874+03:00","Action":"output","Package":"virmill.local/core/internal/ui/cli","Test":"TestPlanApplyWaitTransportFailureDoesNotResubmit/false","Output":"--- PASS: TestPlanApplyWaitTransportFailureDoesNotResubmit/false (0.00s)\n","OutputType":"frame"}
{"Time":"2026-09-08T19:30:50.188991326+03:00","Action":"pass","Package":"virmill.local/core/internal/ui/cli","Test":"TestPlanApplyWaitTransportFailureDoesNotResubmit/false","Elapsed":0}
{"Time":"2026-09-08T19:30:50.189003687+03:00","Action":"run","Package":"virmill.local/core/internal/ui/cli","Test":"TestPlanApplyWaitTransportFailureDoesNotResubmit/true"}
{"Time":"2026-09-08T19:30:50.189006754+03:00","Action":"output","Package":"virmill.local/core/internal/ui/cli","Test":"TestPlanApplyWaitTransportFailureDoesNotResubmit/true","Output":"=== RUN   TestPlanApplyWaitTransportFailureDoesNotResubmit/true\n","OutputType":"frame"}
{"Time":"2026-09-08T19:30:50.189963219+03:00","Action":"output","Package":"virmill.local/core/internal/ui/cli","Test":"TestPlanApplyWaitTransportFailureDoesNotResubmit/true","Output":"--- PASS: TestPlanApplyWaitTransportFailureDoesNotResubmit/true (0.00s)\n","OutputType":"frame"}
{"Time":"2026-09-08T19:30:50.189973326+03:00","Action":"pass","Package":"virmill.local/core/internal/ui/cli","Test":"TestPlanApplyWaitTransportFailureDoesNotResubmit/true","Elapsed":0}
{"Time":"2026-09-08T19:30:50.190002307+03:00","Action":"output","Package":"virmill.local/core/internal/ui/cli","Test":"TestPlanApplyWaitTransportFailureDoesNotResubmit","Output":"--- PASS: TestPlanApplyWaitTransportFailureDoesNotResubmit (0.00s)\n","OutputType":"frame"}
{"Time":"2026-09-08T19:30:50.190018933+03:00","Action":"pass","Package":"virmill.local/core/internal/ui/cli","Test":"TestPlanApplyWaitTransportFailureDoesNotResubmit","Elapsed":0}
{"Time":"2026-09-08T19:30:50.190036987+03:00","Action":"run","Package":"virmill.local/core/internal/ui/cli","Test":"TestNDJSONFollowReadsRealSharedJournalWithoutChangingIt"}
{"Time":"2026-09-08T19:30:50.190040659+03:00","Action":"output","Package":"virmill.local/core/internal/ui/cli","Test":"TestNDJSONFollowReadsRealSharedJournalWithoutChangingIt","Output":"=== RUN   TestNDJSONFollowReadsRealSharedJournalWithoutChangingIt\n","OutputType":"frame"}
{"Time":"2026-09-08T19:30:50.194212329+03:00","Action":"output","Package":"virmill.local/core/internal/ui/cli","Test":"TestNDJSONFollowReadsRealSharedJournalWithoutChangingIt","Output":"--- PASS: TestNDJSONFollowReadsRealSharedJournalWithoutChangingIt (0.00s)\n","OutputType":"frame"}
{"Time":"2026-09-08T19:30:50.194226049+03:00","Action":"pass","Package":"virmill.local/core/internal/ui/cli","Test":"TestNDJSONFollowReadsRealSharedJournalWithoutChangingIt","Elapsed":0}
{"Time":"2026-09-08T19:30:50.194229455+03:00","Action":"run","Package":"virmill.local/core/internal/ui/cli","Test":"TestPlanApplyWaitRejectsForeignAcceptanceAndPreCanceledContext"}
{"Time":"2026-09-08T19:30:50.194231102+03:00","Action":"output","Package":"virmill.local/core/internal/ui/cli","Test":"TestPlanApplyWaitRejectsForeignAcceptanceAndPreCanceledContext","Output":"=== RUN   TestPlanApplyWaitRejectsForeignAcceptanceAndPreCanceledContext\n","OutputType":"frame"}
{"Time":"2026-09-08T19:30:50.194244468+03:00","Action":"run","Package":"virmill.local/core/internal/ui/cli","Test":"TestPlanApplyWaitRejectsForeignAcceptanceAndPreCanceledContext/foreign-plan"}
{"Time":"2026-09-08T19:30:50.194246251+03:00","Action":"output","Package":"virmill.local/core/internal/ui/cli","Test":"TestPlanApplyWaitRejectsForeignAcceptanceAndPreCanceledContext/foreign-plan","Output":"=== RUN   TestPlanApplyWaitRejectsForeignAcceptanceAndPreCanceledContext/foreign-plan\n","OutputType":"frame"}
{"Time":"2026-09-08T19:30:50.195025959+03:00","Action":"output","Package":"virmill.local/core/internal/ui/cli","Test":"TestPlanApplyWaitRejectsForeignAcceptanceAndPreCanceledContext/foreign-plan","Output":"--- PASS: TestPlanApplyWaitRejectsForeignAcceptanceAndPreCanceledContext/foreign-plan (0.00s)\n","OutputType":"frame"}
{"Time":"2026-09-08T19:30:50.195046757+03:00","Action":"pass","Package":"virmill.local/core/internal/ui/cli","Test":"TestPlanApplyWaitRejectsForeignAcceptanceAndPreCanceledContext/foreign-plan","Elapsed":0}
{"Time":"2026-09-08T19:30:50.195063742+03:00","Action":"run","Package":"virmill.local/core/internal/ui/cli","Test":"TestPlanApplyWaitRejectsForeignAcceptanceAndPreCanceledContext/pre-canceled"}
{"Time":"2026-09-08T19:30:50.195065348+03:00","Action":"output","Package":"virmill.local/core/internal/ui/cli","Test":"TestPlanApplyWaitRejectsForeignAcceptanceAndPreCanceledContext/pre-canceled","Output":"=== RUN   TestPlanApplyWaitRejectsForeignAcceptanceAndPreCanceledContext/pre-canceled\n","OutputType":"frame"}
{"Time":"2026-09-08T19:30:50.195639896+03:00","Action":"output","Package":"virmill.local/core/internal/ui/cli","Test":"TestPlanApplyWaitRejectsForeignAcceptanceAndPreCanceledContext/pre-canceled","Output":"--- PASS: TestPlanApplyWaitRejectsForeignAcceptanceAndPreCanceledContext/pre-canceled (0.00s)\n","OutputType":"frame"}
{"Time":"2026-09-08T19:30:50.195645652+03:00","Action":"pass","Package":"virmill.local/core/internal/ui/cli","Test":"TestPlanApplyWaitRejectsForeignAcceptanceAndPreCanceledContext/pre-canceled","Elapsed":0}
{"Time":"2026-09-08T19:30:50.195658204+03:00","Action":"run","Package":"virmill.local/core/internal/ui/cli","Test":"TestPlanApplyWaitRejectsForeignAcceptanceAndPreCanceledContext/canceled-error-envelope"}
{"Time":"2026-09-08T19:30:50.195660355+03:00","Action":"output","Package":"virmill.local/core/internal/ui/cli","Test":"TestPlanApplyWaitRejectsForeignAcceptanceAndPreCanceledContext/canceled-error-envelope","Output":"=== RUN   TestPlanApplyWaitRejectsForeignAcceptanceAndPreCanceledContext/canceled-error-envelope\n","OutputType":"frame"}
{"Time":"2026-09-08T19:30:50.196217459+03:00","Action":"output","Package":"virmill.local/core/internal/ui/cli","Test":"TestPlanApplyWaitRejectsForeignAcceptanceAndPreCanceledContext/canceled-error-envelope","Output":"--- PASS: TestPlanApplyWaitRejectsForeignAcceptanceAndPreCanceledContext/canceled-error-envelope (0.00s)\n","OutputType":"frame"}
{"Time":"2026-09-08T19:30:50.196227973+03:00","Action":"pass","Package":"virmill.local/core/internal/ui/cli","Test":"TestPlanApplyWaitRejectsForeignAcceptanceAndPreCanceledContext/canceled-error-envelope","Elapsed":0}
{"Time":"2026-09-08T19:30:50.196253038+03:00","Action":"output","Package":"virmill.local/core/internal/ui/cli","Test":"TestPlanApplyWaitRejectsForeignAcceptanceAndPreCanceledContext","Output":"--- PASS: TestPlanApplyWaitRejectsForeignAcceptanceAndPreCanceledContext (0.00s)\n","OutputType":"frame"}
{"Time":"2026-09-08T19:30:50.196257248+03:00","Action":"pass","Package":"virmill.local/core/internal/ui/cli","Test":"TestPlanApplyWaitRejectsForeignAcceptanceAndPreCanceledContext","Elapsed":0}
{"Time":"2026-09-08T19:30:50.196268925+03:00","Action":"run","Package":"virmill.local/core/internal/ui/cli","Test":"TestNDJSONFollowRejectsChangedImmutableJobBinding"}
{"Time":"2026-09-08T19:30:50.196270806+03:00","Action":"output","Package":"virmill.local/core/internal/ui/cli","Test":"TestNDJSONFollowRejectsChangedImmutableJobBinding","Output":"=== RUN   TestNDJSONFollowRejectsChangedImmutableJobBinding\n","OutputType":"frame"}
{"Time":"2026-09-08T19:30:50.196288074+03:00","Action":"run","Package":"virmill.local/core/internal/ui/cli","Test":"TestNDJSONFollowRejectsChangedImmutableJobBinding/plan"}
{"Time":"2026-09-08T19:30:50.196290126+03:00","Action":"output","Package":"virmill.local/core/internal/ui/cli","Test":"TestNDJSONFollowRejectsChangedImmutableJobBinding/plan","Output":"=== RUN   TestNDJSONFollowRejectsChangedImmutableJobBinding/plan\n","OutputType":"frame"}
{"Time":"2026-09-08T19:30:50.197262074+03:00","Action":"output","Package":"virmill.local/core/internal/ui/cli","Test":"TestNDJSONFollowRejectsChangedImmutableJobBinding/plan","Output":"--- PASS: TestNDJSONFollowRejectsChangedImmutableJobBinding/plan (0.00s)\n","OutputType":"frame"}
{"Time":"2026-09-08T19:30:50.197272216+03:00","Action":"pass","Package":"virmill.local/core/internal/ui/cli","Test":"TestNDJSONFollowRejectsChangedImmutableJobBinding/plan","Elapsed":0}
{"Time":"2026-09-08T19:30:50.197284435+03:00","Action":"run","Package":"virmill.local/core/internal/ui/cli","Test":"TestNDJSONFollowRejectsChangedImmutableJobBinding/created-at"}
{"Time":"2026-09-08T19:30:50.197286397+03:00","Action":"output","Package":"virmill.local/core/internal/ui/cli","Test":"TestNDJSONFollowRejectsChangedImmutableJobBinding/created-at","Output":"=== RUN   TestNDJSONFollowRejectsChangedImmutableJobBinding/created-at\n","OutputType":"frame"}
{"Time":"2026-09-08T19:30:50.199780092+03:00","Action":"output","Package":"virmill.local/core/internal/ui/cli","Test":"TestNDJSONFollowRejectsChangedImmutableJobBinding/created-at","Output":"--- PASS: TestNDJSONFollowRejectsChangedImmutableJobBinding/created-at (0.00s)\n","OutputType":"frame"}
{"Time":"2026-09-08T19:30:50.199806576+03:00","Action":"pass","Package":"virmill.local/core/internal/ui/cli","Test":"TestNDJSONFollowRejectsChangedImmutableJobBinding/created-at","Elapsed":0}
{"Time":"2026-09-08T19:30:50.199814124+03:00","Action":"run","Package":"virmill.local/core/internal/ui/cli","Test":"TestNDJSONFollowRejectsChangedImmutableJobBinding/recovery-parent"}
{"Time":"2026-09-08T19:30:50.199818582+03:00","Action":"output","Package":"virmill.local/core/internal/ui/cli","Test":"TestNDJSONFollowRejectsChangedImmutableJobBinding/recovery-parent","Output":"=== RUN   TestNDJSONFollowRejectsChangedImmutableJobBinding/recovery-parent\n","OutputType":"frame"}
{"Time":"2026-09-08T19:30:50.201815684+03:00","Action":"output","Package":"virmill.local/core/internal/ui/cli","Test":"TestNDJSONFollowRejectsChangedImmutableJobBinding/recovery-parent","Output":"--- PASS: TestNDJSONFollowRejectsChangedImmutableJobBinding/recovery-parent (0.00s)\n","OutputType":"frame"}
{"Time":"2026-09-08T19:30:50.201847633+03:00","Action":"pass","Package":"virmill.local/core/internal/ui/cli","Test":"TestNDJSONFollowRejectsChangedImmutableJobBinding/recovery-parent","Elapsed":0}
{"Time":"2026-09-08T19:30:50.201855508+03:00","Action":"output","Package":"virmill.local/core/internal/ui/cli","Test":"TestNDJSONFollowRejectsChangedImmutableJobBinding","Output":"--- PASS: TestNDJSONFollowRejectsChangedImmutableJobBinding (0.01s)\n","OutputType":"frame"}
{"Time":"2026-09-08T19:30:50.201860196+03:00","Action":"pass","Package":"virmill.local/core/internal/ui/cli","Test":"TestNDJSONFollowRejectsChangedImmutableJobBinding","Elapsed":0.01}
{"Time":"2026-09-08T19:30:50.201887165+03:00","Action":"run","Package":"virmill.local/core/internal/ui/cli","Test":"TestPlanApplyDetachedPreservesSingleResponse"}
{"Time":"2026-09-08T19:30:50.201891981+03:00","Action":"output","Package":"virmill.local/core/internal/ui/cli","Test":"TestPlanApplyDetachedPreservesSingleResponse","Output":"=== RUN   TestPlanApplyDetachedPreservesSingleResponse\n","OutputType":"frame"}
{"Time":"2026-09-08T19:30:50.201918261+03:00","Action":"run","Package":"virmill.local/core/internal/ui/cli","Test":"TestPlanApplyDetachedPreservesSingleResponse/json"}
{"Time":"2026-09-08T19:30:50.201922137+03:00","Action":"output","Package":"virmill.local/core/internal/ui/cli","Test":"TestPlanApplyDetachedPreservesSingleResponse/json","Output":"=== RUN   TestPlanApplyDetachedPreservesSingleResponse/json\n","OutputType":"frame"}
{"Time":"2026-09-08T19:30:50.202689196+03:00","Action":"output","Package":"virmill.local/core/internal/ui/cli","Test":"TestPlanApplyDetachedPreservesSingleResponse/json","Output":"--- PASS: TestPlanApplyDetachedPreservesSingleResponse/json (0.00s)\n","OutputType":"frame"}
{"Time":"2026-09-08T19:30:50.202700848+03:00","Action":"pass","Package":"virmill.local/core/internal/ui/cli","Test":"TestPlanApplyDetachedPreservesSingleResponse/json","Elapsed":0}
{"Time":"2026-09-08T19:30:50.202721858+03:00","Action":"run","Package":"virmill.local/core/internal/ui/cli","Test":"TestPlanApplyDetachedPreservesSingleResponse/ndjson"}
{"Time":"2026-09-08T19:30:50.202725193+03:00","Action":"output","Package":"virmill.local/core/internal/ui/cli","Test":"TestPlanApplyDetachedPreservesSingleResponse/ndjson","Output":"=== RUN   TestPlanApplyDetachedPreservesSingleResponse/ndjson\n","OutputType":"frame"}
{"Time":"2026-09-08T19:30:50.203426427+03:00","Action":"output","Package":"virmill.local/core/internal/ui/cli","Test":"TestPlanApplyDetachedPreservesSingleResponse/ndjson","Output":"--- PASS: TestPlanApplyDetachedPreservesSingleResponse/ndjson (0.00s)\n","OutputType":"frame"}
{"Time":"2026-09-08T19:30:50.203438172+03:00","Action":"pass","Package":"virmill.local/core/internal/ui/cli","Test":"TestPlanApplyDetachedPreservesSingleResponse/ndjson","Elapsed":0}
{"Time":"2026-09-08T19:30:50.203472226+03:00","Action":"output","Package":"virmill.local/core/internal/ui/cli","Test":"TestPlanApplyDetachedPreservesSingleResponse","Output":"--- PASS: TestPlanApplyDetachedPreservesSingleResponse (0.00s)\n","OutputType":"frame"}
{"Time":"2026-09-08T19:30:50.203488616+03:00","Action":"pass","Package":"virmill.local/core/internal/ui/cli","Test":"TestPlanApplyDetachedPreservesSingleResponse","Elapsed":0}
{"Time":"2026-09-08T19:30:50.2035003+03:00","Action":"run","Package":"virmill.local/core/internal/ui/cli","Test":"TestNDJSONFollowStoredPartialErrorsRetainCauseAndExitSix"}
{"Time":"2026-09-08T19:30:50.203503903+03:00","Action":"output","Package":"virmill.local/core/internal/ui/cli","Test":"TestNDJSONFollowStoredPartialErrorsRetainCauseAndExitSix","Output":"=== RUN   TestNDJSONFollowStoredPartialErrorsRetainCauseAndExitSix\n","OutputType":"frame"}
{"Time":"2026-09-08T19:30:50.203530098+03:00","Action":"run","Package":"virmill.local/core/internal/ui/cli","Test":"TestNDJSONFollowStoredPartialErrorsRetainCauseAndExitSix/partial"}
{"Time":"2026-09-08T19:30:50.203533673+03:00","Action":"output","Package":"virmill.local/core/internal/ui/cli","Test":"TestNDJSONFollowStoredPartialErrorsRetainCauseAndExitSix/partial","Output":"=== RUN   TestNDJSONFollowStoredPartialErrorsRetainCauseAndExitSix/partial\n","OutputType":"frame"}
{"Time":"2026-09-08T19:30:50.208454027+03:00","Action":"output","Package":"virmill.local/core/internal/ui/cli","Test":"TestNDJSONFollowStoredPartialErrorsRetainCauseAndExitSix/partial","Output":"--- PASS: TestNDJSONFollowStoredPartialErrorsRetainCauseAndExitSix/partial (0.00s)\n","OutputType":"frame"}
{"Time":"2026-09-08T19:30:50.20847082+03:00","Action":"pass","Package":"virmill.local/core/internal/ui/cli","Test":"TestNDJSONFollowStoredPartialErrorsRetainCauseAndExitSix/partial","Elapsed":0}
{"Time":"2026-09-08T19:30:50.208491909+03:00","Action":"run","Package":"virmill.local/core/internal/ui/cli","Test":"TestNDJSONFollowStoredPartialErrorsRetainCauseAndExitSix/recovery-required"}
{"Time":"2026-09-08T19:30:50.208495868+03:00","Action":"output","Package":"virmill.local/core/internal/ui/cli","Test":"TestNDJSONFollowStoredPartialErrorsRetainCauseAndExitSix/recovery-required","Output":"=== RUN   TestNDJSONFollowStoredPartialErrorsRetainCauseAndExitSix/recovery-required\n","OutputType":"frame"}
{"Time":"2026-09-08T19:30:50.211605031+03:00","Action":"output","Package":"virmill.local/core/internal/ui/cli","Test":"TestNDJSONFollowStoredPartialErrorsRetainCauseAndExitSix/recovery-required","Output":"--- PASS: TestNDJSONFollowStoredPartialErrorsRetainCauseAndExitSix/recovery-required (0.00s)\n","OutputType":"frame"}
{"Time":"2026-09-08T19:30:50.211619531+03:00","Action":"pass","Package":"virmill.local/core/internal/ui/cli","Test":"TestNDJSONFollowStoredPartialErrorsRetainCauseAndExitSix/recovery-required","Elapsed":0}
{"Time":"2026-09-08T19:30:50.211632101+03:00","Action":"output","Package":"virmill.local/core/internal/ui/cli","Test":"TestNDJSONFollowStoredPartialErrorsRetainCauseAndExitSix","Output":"--- PASS: TestNDJSONFollowStoredPartialErrorsRetainCauseAndExitSix (0.01s)\n","OutputType":"frame"}
{"Time":"2026-09-08T19:30:50.21163717+03:00","Action":"pass","Package":"virmill.local/core/internal/ui/cli","Test":"TestNDJSONFollowStoredPartialErrorsRetainCauseAndExitSix","Elapsed":0.01}
{"Time":"2026-09-08T19:30:50.211656219+03:00","Action":"run","Package":"virmill.local/core/internal/ui/cli","Test":"TestGuestReadinessCLIExactObservationAndNoApplicationClaim"}
{"Time":"2026-09-08T19:30:50.211660559+03:00","Action":"output","Package":"virmill.local/core/internal/ui/cli","Test":"TestGuestReadinessCLIExactObservationAndNoApplicationClaim","Output":"=== RUN   TestGuestReadinessCLIExactObservationAndNoApplicationClaim\n","OutputType":"frame"}
{"Time":"2026-09-08T19:30:50.211683096+03:00","Action":"run","Package":"virmill.local/core/internal/ui/cli","Test":"TestGuestReadinessCLIExactObservationAndNoApplicationClaim/qemu:///session/responsive"}
{"Time":"2026-09-08T19:30:50.211686729+03:00","Action":"output","Package":"virmill.local/core/internal/ui/cli","Test":"TestGuestReadinessCLIExactObservationAndNoApplicationClaim/qemu:///session/responsive","Output":"=== RUN   TestGuestReadinessCLIExactObservationAndNoApplicationClaim/qemu:///session/responsive\n","OutputType":"frame"}
{"Time":"2026-09-08T19:30:50.213817054+03:00","Action":"output","Package":"virmill.local/core/internal/ui/cli","Test":"TestGuestReadinessCLIExactObservationAndNoApplicationClaim/qemu:///session/responsive","Output":"--- PASS: TestGuestReadinessCLIExactObservationAndNoApplicationClaim/qemu:///session/responsive (0.00s)\n","OutputType":"frame"}
{"Time":"2026-09-08T19:30:50.213835363+03:00","Action":"pass","Package":"virmill.local/core/internal/ui/cli","Test":"TestGuestReadinessCLIExactObservationAndNoApplicationClaim/qemu:///session/responsive","Elapsed":0}
{"Time":"2026-09-08T19:30:50.213845158+03:00","Action":"run","Package":"virmill.local/core/internal/ui/cli","Test":"TestGuestReadinessCLIExactObservationAndNoApplicationClaim/qemu:///session/unresponsive"}
{"Time":"2026-09-08T19:30:50.213848453+03:00","Action":"output","Package":"virmill.local/core/internal/ui/cli","Test":"TestGuestReadinessCLIExactObservationAndNoApplicationClaim/qemu:///session/unresponsive","Output":"=== RUN   TestGuestReadinessCLIExactObservationAndNoApplicationClaim/qemu:///session/unresponsive\n","OutputType":"frame"}
{"Time":"2026-09-08T19:30:50.215505675+03:00","Action":"output","Package":"virmill.local/core/internal/ui/cli","Test":"TestGuestReadinessCLIExactObservationAndNoApplicationClaim/qemu:///session/unresponsive","Output":"--- PASS: TestGuestReadinessCLIExactObservationAndNoApplicationClaim/qemu:///session/unresponsive (0.00s)\n","OutputType":"frame"}
{"Time":"2026-09-08T19:30:50.215518367+03:00","Action":"pass","Package":"virmill.local/core/internal/ui/cli","Test":"TestGuestReadinessCLIExactObservationAndNoApplicationClaim/qemu:///session/unresponsive","Elapsed":0}
{"Time":"2026-09-08T19:30:50.215540396+03:00","Action":"run","Package":"virmill.local/core/internal/ui/cli","Test":"TestGuestReadinessCLIExactObservationAndNoApplicationClaim/qemu:///session/disconnected"}
{"Time":"2026-09-08T19:30:50.215545141+03:00","Action":"output","Package":"virmill.local/core/internal/ui/cli","Test":"TestGuestReadinessCLIExactObservationAndNoApplicationClaim/qemu:///session/disconnected","Output":"=== RUN   TestGuestReadinessCLIExactObservationAndNoApplicationClaim/qemu:///session/disconnected\n","OutputType":"frame"}
{"Time":"2026-09-08T19:30:50.217160586+03:00","Action":"output","Package":"virmill.local/core/internal/ui/cli","Test":"TestGuestReadinessCLIExactObservationAndNoApplicationClaim/qemu:///session/disconnected","Output":"--- PASS: TestGuestReadinessCLIExactObservationAndNoApplicationClaim/qemu:///session/disconnected (0.00s)\n","OutputType":"frame"}
{"Time":"2026-09-08T19:30:50.217174063+03:00","Action":"pass","Package":"virmill.local/core/internal/ui/cli","Test":"TestGuestReadinessCLIExactObservationAndNoApplicationClaim/qemu:///session/disconnected","Elapsed":0}
{"Time":"2026-09-08T19:30:50.217195445+03:00","Action":"run","Package":"virmill.local/core/internal/ui/cli","Test":"TestGuestReadinessCLIExactObservationAndNoApplicationClaim/qemu:///session/absent"}
{"Time":"2026-09-08T19:30:50.217199546+03:00","Action":"output","Package":"virmill.local/core/internal/ui/cli","Test":"TestGuestReadinessCLIExactObservationAndNoApplicationClaim/qemu:///session/absent","Output":"=== RUN   TestGuestReadinessCLIExactObservationAndNoApplicationClaim/qemu:///session/absent\n","OutputType":"frame"}
{"Time":"2026-09-08T19:30:50.218326196+03:00","Action":"output","Package":"virmill.local/core/internal/ui/cli","Test":"TestGuestReadinessCLIExactObservationAndNoApplicationClaim/qemu:///session/absent","Output":"--- PASS: TestGuestReadinessCLIExactObservationAndNoApplicationClaim/qemu:///session/absent (0.00s)\n","OutputType":"frame"}
{"Time":"2026-09-08T19:30:50.218340629+03:00","Action":"pass","Package":"virmill.local/core/internal/ui/cli","Test":"TestGuestReadinessCLIExactObservationAndNoApplicationClaim/qemu:///session/absent","Elapsed":0}
{"Time":"2026-09-08T19:30:50.218343746+03:00","Action":"run","Package":"virmill.local/core/internal/ui/cli","Test":"TestGuestReadinessCLIExactObservationAndNoApplicationClaim/qemu:///session/unknown"}
{"Time":"2026-09-08T19:30:50.218345143+03:00","Action":"output","Package":"virmill.local/core/internal/ui/cli","Test":"TestGuestReadinessCLIExactObservationAndNoApplicationClaim/qemu:///session/unknown","Output":"=== RUN   TestGuestReadinessCLIExactObservationAndNoApplicationClaim/qemu:///session/unknown\n","OutputType":"frame"}
{"Time":"2026-09-08T19:30:50.220719084+03:00","Action":"output","Package":"virmill.local/core/internal/ui/cli","Test":"TestGuestReadinessCLIExactObservationAndNoApplicationClaim/qemu:///session/unknown","Output":"--- PASS: TestGuestReadinessCLIExactObservationAndNoApplicationClaim/qemu:///session/unknown (0.00s)\n","OutputType":"frame"}
{"Time":"2026-09-08T19:30:50.220728207+03:00","Action":"pass","Package":"virmill.local/core/internal/ui/cli","Test":"TestGuestReadinessCLIExactObservationAndNoApplicationClaim/qemu:///session/unknown","Elapsed":0}
{"Time":"2026-09-08T19:30:50.220738515+03:00","Action":"run","Package":"virmill.local/core/internal/ui/cli","Test":"TestGuestReadinessCLIExactObservationAndNoApplicationClaim/qemu:///system/responsive"}
{"Time":"2026-09-08T19:30:50.220740763+03:00","Action":"output","Package":"virmill.local/core/internal/ui/cli","Test":"TestGuestReadinessCLIExactObservationAndNoApplicationClaim/qemu:///system/responsive","Output":"=== RUN   TestGuestReadinessCLIExactObservationAndNoApplicationClaim/qemu:///system/responsive\n","OutputType":"frame"}
{"Time":"2026-09-08T19:30:50.221779543+03:00","Action":"output","Package":"virmill.local/core/internal/ui/cli","Test":"TestGuestReadinessCLIExactObservationAndNoApplicationClaim/qemu:///system/responsive","Output":"--- PASS: TestGuestReadinessCLIExactObservationAndNoApplicationClaim/qemu:///system/responsive (0.00s)\n","OutputType":"frame"}
{"Time":"2026-09-08T19:30:50.221785263+03:00","Action":"pass","Package":"virmill.local/core/internal/ui/cli","Test":"TestGuestReadinessCLIExactObservationAndNoApplicationClaim/qemu:///system/responsive","Elapsed":0}
{"Time":"2026-09-08T19:30:50.221801999+03:00","Action":"run","Package":"virmill.local/core/internal/ui/cli","Test":"TestGuestReadinessCLIExactObservationAndNoApplicationClaim/qemu:///system/unresponsive"}
{"Time":"2026-09-08T19:30:50.221804229+03:00","Action":"output","Package":"virmill.local/core/internal/ui/cli","Test":"TestGuestReadinessCLIExactObservationAndNoApplicationClaim/qemu:///system/unresponsive","Output":"=== RUN   TestGuestReadinessCLIExactObservationAndNoApplicationClaim/qemu:///system/unresponsive\n","OutputType":"frame"}
{"Time":"2026-09-08T19:30:50.222775882+03:00","Action":"output","Package":"virmill.local/core/internal/ui/cli","Test":"TestGuestReadinessCLIExactObservationAndNoApplicationClaim/qemu:///system/unresponsive","Output":"--- PASS: TestGuestReadinessCLIExactObservationAndNoApplicationClaim/qemu:///system/unresponsive (0.00s)\n","OutputType":"frame"}
{"Time":"2026-09-08T19:30:50.222783009+03:00","Action":"pass","Package":"virmill.local/core/internal/ui/cli","Test":"TestGuestReadinessCLIExactObservationAndNoApplicationClaim/qemu:///system/unresponsive","Elapsed":0}
{"Time":"2026-09-08T19:30:50.222796604+03:00","Action":"run","Package":"virmill.local/core/internal/ui/cli","Test":"TestGuestReadinessCLIExactObservationAndNoApplicationClaim/qemu:///system/disconnected"}
{"Time":"2026-09-08T19:30:50.222798563+03:00","Action":"output","Package":"virmill.local/core/internal/ui/cli","Test":"TestGuestReadinessCLIExactObservationAndNoApplicationClaim/qemu:///system/disconnected","Output":"=== RUN   TestGuestReadinessCLIExactObservationAndNoApplicationClaim/qemu:///system/disconnected\n","OutputType":"frame"}
{"Time":"2026-09-08T19:30:50.223816884+03:00","Action":"output","Package":"virmill.local/core/internal/ui/cli","Test":"TestGuestReadinessCLIExactObservationAndNoApplicationClaim/qemu:///system/disconnected","Output":"--- PASS: TestGuestReadinessCLIExactObservationAndNoApplicationClaim/qemu:///system/disconnected (0.00s)\n","OutputType":"frame"}
{"Time":"2026-09-08T19:30:50.223822184+03:00","Action":"pass","Package":"virmill.local/core/internal/ui/cli","Test":"TestGuestReadinessCLIExactObservationAndNoApplicationClaim/qemu:///system/disconnected","Elapsed":0}
{"Time":"2026-09-08T19:30:50.223836097+03:00","Action":"run","Package":"virmill.local/core/internal/ui/cli","Test":"TestGuestReadinessCLIExactObservationAndNoApplicationClaim/qemu:///system/absent"}
{"Time":"2026-09-08T19:30:50.2238382+03:00","Action":"output","Package":"virmill.local/core/internal/ui/cli","Test":"TestGuestReadinessCLIExactObservationAndNoApplicationClaim/qemu:///system/absent","Output":"=== RUN   TestGuestReadinessCLIExactObservationAndNoApplicationClaim/qemu:///system/absent\n","OutputType":"frame"}
{"Time":"2026-09-08T19:30:50.225678081+03:00","Action":"output","Package":"virmill.local/core/internal/ui/cli","Test":"TestGuestReadinessCLIExactObservationAndNoApplicationClaim/qemu:///system/absent","Output":"--- PASS: TestGuestReadinessCLIExactObservationAndNoApplicationClaim/qemu:///system/absent (0.00s)\n","OutputType":"frame"}
{"Time":"2026-09-08T19:30:50.225702923+03:00","Action":"pass","Package":"virmill.local/core/internal/ui/cli","Test":"TestGuestReadinessCLIExactObservationAndNoApplicationClaim/qemu:///system/absent","Elapsed":0}
{"Time":"2026-09-08T19:30:50.225709141+03:00","Action":"run","Package":"virmill.local/core/internal/ui/cli","Test":"TestGuestReadinessCLIExactObservationAndNoApplicationClaim/qemu:///system/unknown"}
{"Time":"2026-09-08T19:30:50.225712256+03:00","Action":"output","Package":"virmill.local/core/internal/ui/cli","Test":"TestGuestReadinessCLIExactObservationAndNoApplicationClaim/qemu:///system/unknown","Output":"=== RUN   TestGuestReadinessCLIExactObservationAndNoApplicationClaim/qemu:///system/unknown\n","OutputType":"frame"}
{"Time":"2026-09-08T19:30:50.226667781+03:00","Action":"output","Package":"virmill.local/core/internal/ui/cli","Test":"TestGuestReadinessCLIExactObservationAndNoApplicationClaim/qemu:///system/unknown","Output":"--- PASS: TestGuestReadinessCLIExactObservationAndNoApplicationClaim/qemu:///system/unknown (0.00s)\n","OutputType":"frame"}
{"Time":"2026-09-08T19:30:50.226681487+03:00","Action":"pass","Package":"virmill.local/core/internal/ui/cli","Test":"TestGuestReadinessCLIExactObservationAndNoApplicationClaim/qemu:///system/unknown","Elapsed":0}
{"Time":"2026-09-08T19:30:50.226686403+03:00","Action":"output","Package":"virmill.local/core/internal/ui/cli","Test":"TestGuestReadinessCLIExactObservationAndNoApplicationClaim","Output":"--- PASS: TestGuestReadinessCLIExactObservationAndNoApplicationClaim (0.02s)\n","OutputType":"frame"}
{"Time":"2026-09-08T19:30:50.226702964+03:00","Action":"pass","Package":"virmill.local/core/internal/ui/cli","Test":"TestGuestReadinessCLIExactObservationAndNoApplicationClaim","Elapsed":0.02}
{"Time":"2026-09-08T19:30:50.226718326+03:00","Action":"run","Package":"virmill.local/core/internal/ui/cli","Test":"TestGuestReadinessCLIErrorsHaveNoObservationOrAuthority"}
{"Time":"2026-09-08T19:30:50.226721704+03:00","Action":"output","Package":"virmill.local/core/internal/ui/cli","Test":"TestGuestReadinessCLIErrorsHaveNoObservationOrAuthority","Output":"=== RUN   TestGuestReadinessCLIErrorsHaveNoObservationOrAuthority\n","OutputType":"frame"}
{"Time":"2026-09-08T19:30:50.226739302+03:00","Action":"run","Package":"virmill.local/core/internal/ui/cli","Test":"TestGuestReadinessCLIErrorsHaveNoObservationOrAuthority/native"}
{"Time":"2026-09-08T19:30:50.226742569+03:00","Action":"output","Package":"virmill.local/core/internal/ui/cli","Test":"TestGuestReadinessCLIErrorsHaveNoObservationOrAuthority/native","Output":"=== RUN   TestGuestReadinessCLIErrorsHaveNoObservationOrAuthority/native\n","OutputType":"frame"}
{"Time":"2026-09-08T19:30:50.2274693+03:00","Action":"output","Package":"virmill.local/core/internal/ui/cli","Test":"TestGuestReadinessCLIErrorsHaveNoObservationOrAuthority/native","Output":"--- PASS: TestGuestReadinessCLIErrorsHaveNoObservationOrAuthority/native (0.00s)\n","OutputType":"frame"}
{"Time":"2026-09-08T19:30:50.227479473+03:00","Action":"pass","Package":"virmill.local/core/internal/ui/cli","Test":"TestGuestReadinessCLIErrorsHaveNoObservationOrAuthority/native","Elapsed":0}
{"Time":"2026-09-08T19:30:50.22748568+03:00","Action":"run","Package":"virmill.local/core/internal/ui/cli","Test":"TestGuestReadinessCLIErrorsHaveNoObservationOrAuthority/canceled"}
{"Time":"2026-09-08T19:30:50.227488759+03:00","Action":"output","Package":"virmill.local/core/internal/ui/cli","Test":"TestGuestReadinessCLIErrorsHaveNoObservationOrAuthority/canceled","Output":"=== RUN   TestGuestReadinessCLIErrorsHaveNoObservationOrAuthority/canceled\n","OutputType":"frame"}
{"Time":"2026-09-08T19:30:50.228283964+03:00","Action":"output","Package":"virmill.local/core/internal/ui/cli","Test":"TestGuestReadinessCLIErrorsHaveNoObservationOrAuthority/canceled","Output":"--- PASS: TestGuestReadinessCLIErrorsHaveNoObservationOrAuthority/canceled (0.00s)\n","OutputType":"frame"}
{"Time":"2026-09-08T19:30:50.228295184+03:00","Action":"pass","Package":"virmill.local/core/internal/ui/cli","Test":"TestGuestReadinessCLIErrorsHaveNoObservationOrAuthority/canceled","Elapsed":0}
{"Time":"2026-09-08T19:30:50.228303822+03:00","Action":"run","Package":"virmill.local/core/internal/ui/cli","Test":"TestGuestReadinessCLIErrorsHaveNoObservationOrAuthority/transport"}
{"Time":"2026-09-08T19:30:50.228307065+03:00","Action":"output","Package":"virmill.local/core/internal/ui/cli","Test":"TestGuestReadinessCLIErrorsHaveNoObservationOrAuthority/transport","Output":"=== RUN   TestGuestReadinessCLIErrorsHaveNoObservationOrAuthority/transport\n","OutputType":"frame"}
{"Time":"2026-09-08T19:30:50.228854421+03:00","Action":"output","Package":"virmill.local/core/internal/ui/cli","Test":"TestGuestReadinessCLIErrorsHaveNoObservationOrAuthority/transport","Output":"--- PASS: TestGuestReadinessCLIErrorsHaveNoObservationOrAuthority/transport (0.00s)\n","OutputType":"frame"}
{"Time":"2026-09-08T19:30:50.228864757+03:00","Action":"pass","Package":"virmill.local/core/internal/ui/cli","Test":"TestGuestReadinessCLIErrorsHaveNoObservationOrAuthority/transport","Elapsed":0}
{"Time":"2026-09-08T19:30:50.228898335+03:00","Action":"output","Package":"virmill.local/core/internal/ui/cli","Test":"TestGuestReadinessCLIErrorsHaveNoObservationOrAuthority","Output":"--- PASS: TestGuestReadinessCLIErrorsHaveNoObservationOrAuthority (0.00s)\n","OutputType":"frame"}
{"Time":"2026-09-08T19:30:50.228907128+03:00","Action":"pass","Package":"virmill.local/core/internal/ui/cli","Test":"TestGuestReadinessCLIErrorsHaveNoObservationOrAuthority","Elapsed":0}
{"Time":"2026-09-08T19:30:50.228924626+03:00","Action":"run","Package":"virmill.local/core/internal/ui/cli","Test":"TestGuestRecipeCLIReviewedPlanAndLiteralInput"}
{"Time":"2026-09-08T19:30:50.228928317+03:00","Action":"output","Package":"virmill.local/core/internal/ui/cli","Test":"TestGuestRecipeCLIReviewedPlanAndLiteralInput","Output":"=== RUN   TestGuestRecipeCLIReviewedPlanAndLiteralInput\n","OutputType":"frame"}
{"Time":"2026-09-08T19:30:50.230398136+03:00","Action":"run","Package":"virmill.local/core/internal/ui/cli","Test":"TestGuestRecipeCLIReviewedPlanAndLiteralInput/json/default-plan"}
{"Time":"2026-09-08T19:30:50.230405814+03:00","Action":"output","Package":"virmill.local/core/internal/ui/cli","Test":"TestGuestRecipeCLIReviewedPlanAndLiteralInput/json/default-plan","Output":"=== RUN   TestGuestRecipeCLIReviewedPlanAndLiteralInput/json/default-plan\n","OutputType":"frame"}
{"Time":"2026-09-08T19:30:50.232591814+03:00","Action":"output","Package":"virmill.local/core/internal/ui/cli","Test":"TestGuestRecipeCLIReviewedPlanAndLiteralInput/json/default-plan","Output":"--- PASS: TestGuestRecipeCLIReviewedPlanAndLiteralInput/json/default-plan (0.00s)\n","OutputType":"frame"}
{"Time":"2026-09-08T19:30:50.2326108+03:00","Action":"pass","Package":"virmill.local/core/internal/ui/cli","Test":"TestGuestRecipeCLIReviewedPlanAndLiteralInput/json/default-plan","Elapsed":0}
{"Time":"2026-09-08T19:30:50.232630717+03:00","Action":"run","Package":"virmill.local/core/internal/ui/cli","Test":"TestGuestRecipeCLIReviewedPlanAndLiteralInput/json/explicit-plan"}
{"Time":"2026-09-08T19:30:50.232633016+03:00","Action":"output","Package":"virmill.local/core/internal/ui/cli","Test":"TestGuestRecipeCLIReviewedPlanAndLiteralInput/json/explicit-plan","Output":"=== RUN   TestGuestRecipeCLIReviewedPlanAndLiteralInput/json/explicit-plan\n","OutputType":"frame"}
{"Time":"2026-09-08T19:30:50.235686105+03:00","Action":"output","Package":"virmill.local/core/internal/ui/cli","Test":"TestGuestRecipeCLIReviewedPlanAndLiteralInput/json/explicit-plan","Output":"--- PASS: TestGuestRecipeCLIReviewedPlanAndLiteralInput/json/explicit-plan (0.00s)\n","OutputType":"frame"}
{"Time":"2026-09-08T19:30:50.235699914+03:00","Action":"pass","Package":"virmill.local/core/internal/ui/cli","Test":"TestGuestRecipeCLIReviewedPlanAndLiteralInput/json/explicit-plan","Elapsed":0}
{"Time":"2026-09-08T19:30:50.235703796+03:00","Action":"run","Package":"virmill.local/core/internal/ui/cli","Test":"TestGuestRecipeCLIReviewedPlanAndLiteralInput/ndjson/default-plan"}
{"Time":"2026-09-08T19:30:50.235705504+03:00","Action":"output","Package":"virmill.local/core/internal/ui/cli","Test":"TestGuestRecipeCLIReviewedPlanAndLiteralInput/ndjson/default-plan","Output":"=== RUN   TestGuestRecipeCLIReviewedPlanAndLiteralInput/ndjson/default-plan\n","OutputType":"frame"}
{"Time":"2026-09-08T19:30:50.237241893+03:00","Action":"output","Package":"virmill.local/core/internal/ui/cli","Test":"TestGuestRecipeCLIReviewedPlanAndLiteralInput/ndjson/default-plan","Output":"--- PASS: TestGuestRecipeCLIReviewedPlanAndLiteralInput/ndjson/default-plan (0.00s)\n","OutputType":"frame"}
{"Time":"2026-09-08T19:30:50.237247705+03:00","Action":"pass","Package":"virmill.local/core/internal/ui/cli","Test":"TestGuestRecipeCLIReviewedPlanAndLiteralInput/ndjson/default-plan","Elapsed":0}
{"Time":"2026-09-08T19:30:50.23726346+03:00","Action":"run","Package":"virmill.local/core/internal/ui/cli","Test":"TestGuestRecipeCLIReviewedPlanAndLiteralInput/ndjson/explicit-plan"}
{"Time":"2026-09-08T19:30:50.237266021+03:00","Action":"output","Package":"virmill.local/core/internal/ui/cli","Test":"TestGuestRecipeCLIReviewedPlanAndLiteralInput/ndjson/explicit-plan","Output":"=== RUN   TestGuestRecipeCLIReviewedPlanAndLiteralInput/ndjson/explicit-plan\n","OutputType":"frame"}
{"Time":"2026-09-08T19:30:50.238887643+03:00","Action":"output","Package":"virmill.local/core/internal/ui/cli","Test":"TestGuestRecipeCLIReviewedPlanAndLiteralInput/ndjson/explicit-plan","Output":"--- PASS: TestGuestRecipeCLIReviewedPlanAndLiteralInput/ndjson/explicit-plan (0.00s)\n","OutputType":"frame"}
{"Time":"2026-09-08T19:30:50.238891236+03:00","Action":"pass","Package":"virmill.local/core/internal/ui/cli","Test":"TestGuestRecipeCLIReviewedPlanAndLiteralInput/ndjson/explicit-plan","Elapsed":0}
{"Time":"2026-09-08T19:30:50.238909118+03:00","Action":"output","Package":"virmill.local/core/internal/ui/cli","Test":"TestGuestRecipeCLIReviewedPlanAndLiteralInput","Output":"--- PASS: TestGuestRecipeCLIReviewedPlanAndLiteralInput (0.01s)\n","OutputType":"frame"}
{"Time":"2026-09-08T19:30:50.238917863+03:00","Action":"pass","Package":"virmill.local/core/internal/ui/cli","Test":"TestGuestRecipeCLIReviewedPlanAndLiteralInput","Elapsed":0.01}
{"Time":"2026-09-08T19:30:50.238931607+03:00","Action":"run","Package":"virmill.local/core/internal/ui/cli","Test":"TestGuestRecipeCLIRejectsMissingPathImplicitApplyAndMalformedInput"}
{"Time":"2026-09-08T19:30:50.238933748+03:00","Action":"output","Package":"virmill.local/core/internal/ui/cli","Test":"TestGuestRecipeCLIRejectsMissingPathImplicitApplyAndMalformedInput","Output":"=== RUN   TestGuestRecipeCLIRejectsMissingPathImplicitApplyAndMalformedInput\n","OutputType":"frame"}
{"Time":"2026-09-08T19:30:50.238951715+03:00","Action":"run","Package":"virmill.local/core/internal/ui/cli","Test":"TestGuestRecipeCLIRejectsMissingPathImplicitApplyAndMalformedInput/missing-vm-and-path"}
{"Time":"2026-09-08T19:30:50.23895388+03:00","Action":"output","Package":"virmill.local/core/internal/ui/cli","Test":"TestGuestRecipeCLIRejectsMissingPathImplicitApplyAndMalformedInput/missing-vm-and-path","Output":"=== RUN   TestGuestRecipeCLIRejectsMissingPathImplicitApplyAndMalformedInput/missing-vm-and-path\n","OutputType":"frame"}
{"Time":"2026-09-08T19:30:50.239381316+03:00","Action":"output","Package":"virmill.local/core/internal/ui/cli","Test":"TestGuestRecipeCLIRejectsMissingPathImplicitApplyAndMalformedInput/missing-vm-and-path","Output":"--- PASS: TestGuestRecipeCLIRejectsMissingPathImplicitApplyAndMalformedInput/missing-vm-and-path (0.00s)\n","OutputType":"frame"}
{"Time":"2026-09-08T19:30:50.239394354+03:00","Action":"pass","Package":"virmill.local/core/internal/ui/cli","Test":"TestGuestRecipeCLIRejectsMissingPathImplicitApplyAndMalformedInput/missing-vm-and-path","Elapsed":0}
{"Time":"2026-09-08T19:30:50.239411134+03:00","Action":"run","Package":"virmill.local/core/internal/ui/cli","Test":"TestGuestRecipeCLIRejectsMissingPathImplicitApplyAndMalformedInput/missing-path"}
{"Time":"2026-09-08T19:30:50.239413339+03:00","Action":"output","Package":"virmill.local/core/internal/ui/cli","Test":"TestGuestRecipeCLIRejectsMissingPathImplicitApplyAndMalformedInput/missing-path","Output":"=== RUN   TestGuestRecipeCLIRejectsMissingPathImplicitApplyAndMalformedInput/missing-path\n","OutputType":"frame"}
{"Time":"2026-09-08T19:30:50.239849126+03:00","Action":"output","Package":"virmill.local/core/internal/ui/cli","Test":"TestGuestRecipeCLIRejectsMissingPathImplicitApplyAndMalformedInput/missing-path","Output":"--- PASS: TestGuestRecipeCLIRejectsMissingPathImplicitApplyAndMalformedInput/missing-path (0.00s)\n","OutputType":"frame"}
{"Time":"2026-09-08T19:30:50.239861722+03:00","Action":"pass","Package":"virmill.local/core/internal/ui/cli","Test":"TestGuestRecipeCLIRejectsMissingPathImplicitApplyAndMalformedInput/missing-path","Elapsed":0}
{"Time":"2026-09-08T19:30:50.239870515+03:00","Action":"run","Package":"virmill.local/core/internal/ui/cli","Test":"TestGuestRecipeCLIRejectsMissingPathImplicitApplyAndMalformedInput/extra-path"}
{"Time":"2026-09-08T19:30:50.23987264+03:00","Action":"output","Package":"virmill.local/core/internal/ui/cli","Test":"TestGuestRecipeCLIRejectsMissingPathImplicitApplyAndMalformedInput/extra-path","Output":"=== RUN   TestGuestRecipeCLIRejectsMissingPathImplicitApplyAndMalformedInput/extra-path\n","OutputType":"frame"}
{"Time":"2026-09-08T19:30:50.240235776+03:00","Action":"output","Package":"virmill.local/core/internal/ui/cli","Test":"TestGuestRecipeCLIRejectsMissingPathImplicitApplyAndMalformedInput/extra-path","Output":"--- PASS: TestGuestRecipeCLIRejectsMissingPathImplicitApplyAndMalformedInput/extra-path (0.00s)\n","OutputType":"frame"}
{"Time":"2026-09-08T19:30:50.240244556+03:00","Action":"pass","Package":"virmill.local/core/internal/ui/cli","Test":"TestGuestRecipeCLIRejectsMissingPathImplicitApplyAndMalformedInput/extra-path","Elapsed":0}
{"Time":"2026-09-08T19:30:50.240256056+03:00","Action":"run","Package":"virmill.local/core/internal/ui/cli","Test":"TestGuestRecipeCLIRejectsMissingPathImplicitApplyAndMalformedInput/implicit-apply"}
{"Time":"2026-09-08T19:30:50.240257909+03:00","Action":"output","Package":"virmill.local/core/internal/ui/cli","Test":"TestGuestRecipeCLIRejectsMissingPathImplicitApplyAndMalformedInput/implicit-apply","Output":"=== RUN   TestGuestRecipeCLIRejectsMissingPathImplicitApplyAndMalformedInput/implicit-apply\n","OutputType":"frame"}
{"Time":"2026-09-08T19:30:50.240672151+03:00","Action":"output","Package":"virmill.local/core/internal/ui/cli","Test":"TestGuestRecipeCLIRejectsMissingPathImplicitApplyAndMalformedInput/implicit-apply","Output":"--- PASS: TestGuestRecipeCLIRejectsMissingPathImplicitApplyAndMalformedInput/implicit-apply (0.00s)\n","OutputType":"frame"}
{"Time":"2026-09-08T19:30:50.240676031+03:00","Action":"pass","Package":"virmill.local/core/internal/ui/cli","Test":"TestGuestRecipeCLIRejectsMissingPathImplicitApplyAndMalformedInput/implicit-apply","Elapsed":0}
{"Time":"2026-09-08T19:30:50.24070355+03:00","Action":"run","Package":"virmill.local/core/internal/ui/cli","Test":"TestGuestRecipeCLIRejectsMissingPathImplicitApplyAndMalformedInput/duplicate-input"}
{"Time":"2026-09-08T19:30:50.240705528+03:00","Action":"output","Package":"virmill.local/core/internal/ui/cli","Test":"TestGuestRecipeCLIRejectsMissingPathImplicitApplyAndMalformedInput/duplicate-input","Output":"=== RUN   TestGuestRecipeCLIRejectsMissingPathImplicitApplyAndMalformedInput/duplicate-input\n","OutputType":"frame"}
{"Time":"2026-09-08T19:30:50.24210385+03:00","Action":"output","Package":"virmill.local/core/internal/ui/cli","Test":"TestGuestRecipeCLIRejectsMissingPathImplicitApplyAndMalformedInput/duplicate-input","Output":"--- PASS: TestGuestRecipeCLIRejectsMissingPathImplicitApplyAndMalformedInput/duplicate-input (0.00s)\n","OutputType":"frame"}
{"Time":"2026-09-08T19:30:50.242115509+03:00","Action":"pass","Package":"virmill.local/core/internal/ui/cli","Test":"TestGuestRecipeCLIRejectsMissingPathImplicitApplyAndMalformedInput/duplicate-input","Elapsed":0}
{"Time":"2026-09-08T19:30:50.242118672+03:00","Action":"run","Package":"virmill.local/core/internal/ui/cli","Test":"TestGuestRecipeCLIRejectsMissingPathImplicitApplyAndMalformedInput/input-array"}
{"Time":"2026-09-08T19:30:50.2421199+03:00","Action":"output","Package":"virmill.local/core/internal/ui/cli","Test":"TestGuestRecipeCLIRejectsMissingPathImplicitApplyAndMalformedInput/input-array","Output":"=== RUN   TestGuestRecipeCLIRejectsMissingPathImplicitApplyAndMalformedInput/input-array\n","OutputType":"frame"}
{"Time":"2026-09-08T19:30:50.242656168+03:00","Action":"output","Package":"virmill.local/core/internal/ui/cli","Test":"TestGuestRecipeCLIRejectsMissingPathImplicitApplyAndMalformedInput/input-array","Output":"--- PASS: TestGuestRecipeCLIRejectsMissingPathImplicitApplyAndMalformedInput/input-array (0.00s)\n","OutputType":"frame"}
{"Time":"2026-09-08T19:30:50.242662563+03:00","Action":"pass","Package":"virmill.local/core/internal/ui/cli","Test":"TestGuestRecipeCLIRejectsMissingPathImplicitApplyAndMalformedInput/input-array","Elapsed":0}
{"Time":"2026-09-08T19:30:50.242677753+03:00","Action":"run","Package":"virmill.local/core/internal/ui/cli","Test":"TestGuestRecipeCLIRejectsMissingPathImplicitApplyAndMalformedInput/trailing-input"}
{"Time":"2026-09-08T19:30:50.2426797+03:00","Action":"output","Package":"virmill.local/core/internal/ui/cli","Test":"TestGuestRecipeCLIRejectsMissingPathImplicitApplyAndMalformedInput/trailing-input","Output":"=== RUN   TestGuestRecipeCLIRejectsMissingPathImplicitApplyAndMalformedInput/trailing-input\n","OutputType":"frame"}
{"Time":"2026-09-08T19:30:50.243113353+03:00","Action":"output","Package":"virmill.local/core/internal/ui/cli","Test":"TestGuestRecipeCLIRejectsMissingPathImplicitApplyAndMalformedInput/trailing-input","Output":"--- PASS: TestGuestRecipeCLIRejectsMissingPathImplicitApplyAndMalformedInput/trailing-input (0.00s)\n","OutputType":"frame"}
{"Time":"2026-09-08T19:30:50.24311818+03:00","Action":"pass","Package":"virmill.local/core/internal/ui/cli","Test":"TestGuestRecipeCLIRejectsMissingPathImplicitApplyAndMalformedInput/trailing-input","Elapsed":0}
{"Time":"2026-09-08T19:30:50.243132595+03:00","Action":"run","Package":"virmill.local/core/internal/ui/cli","Test":"TestGuestRecipeCLIRejectsMissingPathImplicitApplyAndMalformedInput/result-extra-path"}
{"Time":"2026-09-08T19:30:50.243134669+03:00","Action":"output","Package":"virmill.local/core/internal/ui/cli","Test":"TestGuestRecipeCLIRejectsMissingPathImplicitApplyAndMalformedInput/result-extra-path","Output":"=== RUN   TestGuestRecipeCLIRejectsMissingPathImplicitApplyAndMalformedInput/result-extra-path\n","OutputType":"frame"}
{"Time":"2026-09-08T19:30:50.243535242+03:00","Action":"output","Package":"virmill.local/core/internal/ui/cli","Test":"TestGuestRecipeCLIRejectsMissingPathImplicitApplyAndMalformedInput/result-extra-path","Output":"--- PASS: TestGuestRecipeCLIRejectsMissingPathImplicitApplyAndMalformedInput/result-extra-path (0.00s)\n","OutputType":"frame"}
{"Time":"2026-09-08T19:30:50.243538847+03:00","Action":"pass","Package":"virmill.local/core/internal/ui/cli","Test":"TestGuestRecipeCLIRejectsMissingPathImplicitApplyAndMalformedInput/result-extra-path","Elapsed":0}
{"Time":"2026-09-08T19:30:50.24355139+03:00","Action":"run","Package":"virmill.local/core/internal/ui/cli","Test":"TestGuestRecipeCLIRejectsMissingPathImplicitApplyAndMalformedInput/result-plan-flag"}
{"Time":"2026-09-08T19:30:50.243553306+03:00","Action":"output","Package":"virmill.local/core/internal/ui/cli","Test":"TestGuestRecipeCLIRejectsMissingPathImplicitApplyAndMalformedInput/result-plan-flag","Output":"=== RUN   TestGuestRecipeCLIRejectsMissingPathImplicitApplyAndMalformedInput/result-plan-flag\n","OutputType":"frame"}
{"Time":"2026-09-08T19:30:50.2439214+03:00","Action":"output","Package":"virmill.local/core/internal/ui/cli","Test":"TestGuestRecipeCLIRejectsMissingPathImplicitApplyAndMalformedInput/result-plan-flag","Output":"--- PASS: TestGuestRecipeCLIRejectsMissingPathImplicitApplyAndMalformedInput/result-plan-flag (0.00s)\n","OutputType":"frame"}
{"Time":"2026-09-08T19:30:50.243926599+03:00","Action":"pass","Package":"virmill.local/core/internal/ui/cli","Test":"TestGuestRecipeCLIRejectsMissingPathImplicitApplyAndMalformedInput/result-plan-flag","Elapsed":0}
{"Time":"2026-09-08T19:30:50.243943819+03:00","Action":"output","Package":"virmill.local/core/internal/ui/cli","Test":"TestGuestRecipeCLIRejectsMissingPathImplicitApplyAndMalformedInput","Output":"--- PASS: TestGuestRecipeCLIRejectsMissingPathImplicitApplyAndMalformedInput (0.00s)\n","OutputType":"frame"}
{"Time":"2026-09-08T19:30:50.243948536+03:00","Action":"pass","Package":"virmill.local/core/internal/ui/cli","Test":"TestGuestRecipeCLIRejectsMissingPathImplicitApplyAndMalformedInput","Elapsed":0}
{"Time":"2026-09-08T19:30:50.243962558+03:00","Action":"run","Package":"virmill.local/core/internal/ui/cli","Test":"TestGuestRecipeCLIResultIsReadOnlyAndPreservesUnknownEffect"}
{"Time":"2026-09-08T19:30:50.243964931+03:00","Action":"output","Package":"virmill.local/core/internal/ui/cli","Test":"TestGuestRecipeCLIResultIsReadOnlyAndPreservesUnknownEffect","Output":"=== RUN   TestGuestRecipeCLIResultIsReadOnlyAndPreservesUnknownEffect\n","OutputType":"frame"}
{"Time":"2026-09-08T19:30:50.243984915+03:00","Action":"run","Package":"virmill.local/core/internal/ui/cli","Test":"TestGuestRecipeCLIResultIsReadOnlyAndPreservesUnknownEffect/json"}
{"Time":"2026-09-08T19:30:50.243986936+03:00","Action":"output","Package":"virmill.local/core/internal/ui/cli","Test":"TestGuestRecipeCLIResultIsReadOnlyAndPreservesUnknownEffect/json","Output":"=== RUN   TestGuestRecipeCLIResultIsReadOnlyAndPreservesUnknownEffect/json\n","OutputType":"frame"}
{"Time":"2026-09-08T19:30:50.24461755+03:00","Action":"output","Package":"virmill.local/core/internal/ui/cli","Test":"TestGuestRecipeCLIResultIsReadOnlyAndPreservesUnknownEffect/json","Output":"--- PASS: TestGuestRecipeCLIResultIsReadOnlyAndPreservesUnknownEffect/json (0.00s)\n","OutputType":"frame"}
{"Time":"2026-09-08T19:30:50.244626965+03:00","Action":"pass","Package":"virmill.local/core/internal/ui/cli","Test":"TestGuestRecipeCLIResultIsReadOnlyAndPreservesUnknownEffect/json","Elapsed":0}
{"Time":"2026-09-08T19:30:50.244641238+03:00","Action":"run","Package":"virmill.local/core/internal/ui/cli","Test":"TestGuestRecipeCLIResultIsReadOnlyAndPreservesUnknownEffect/ndjson"}
{"Time":"2026-09-08T19:30:50.244643147+03:00","Action":"output","Package":"virmill.local/core/internal/ui/cli","Test":"TestGuestRecipeCLIResultIsReadOnlyAndPreservesUnknownEffect/ndjson","Output":"=== RUN   TestGuestRecipeCLIResultIsReadOnlyAndPreservesUnknownEffect/ndjson\n","OutputType":"frame"}
{"Time":"2026-09-08T19:30:50.245254823+03:00","Action":"output","Package":"virmill.local/core/internal/ui/cli","Test":"TestGuestRecipeCLIResultIsReadOnlyAndPreservesUnknownEffect/ndjson","Output":"--- PASS: TestGuestRecipeCLIResultIsReadOnlyAndPreservesUnknownEffect/ndjson (0.00s)\n","OutputType":"frame"}
{"Time":"2026-09-08T19:30:50.245262092+03:00","Action":"pass","Package":"virmill.local/core/internal/ui/cli","Test":"TestGuestRecipeCLIResultIsReadOnlyAndPreservesUnknownEffect/ndjson","Elapsed":0}
{"Time":"2026-09-08T19:30:50.245286905+03:00","Action":"output","Package":"virmill.local/core/internal/ui/cli","Test":"TestGuestRecipeCLIResultIsReadOnlyAndPreservesUnknownEffect","Output":"--- PASS: TestGuestRecipeCLIResultIsReadOnlyAndPreservesUnknownEffect (0.00s)\n","OutputType":"frame"}
{"Time":"2026-09-08T19:30:50.245301535+03:00","Action":"pass","Package":"virmill.local/core/internal/ui/cli","Test":"TestGuestRecipeCLIResultIsReadOnlyAndPreservesUnknownEffect","Elapsed":0}
{"Time":"2026-09-08T19:30:50.245309966+03:00","Action":"run","Package":"virmill.local/core/internal/ui/cli","Test":"TestGuestRecipeCLIFailuresHaveNoSuccessfulPayload"}
{"Time":"2026-09-08T19:30:50.24531258+03:00","Action":"output","Package":"virmill.local/core/internal/ui/cli","Test":"TestGuestRecipeCLIFailuresHaveNoSuccessfulPayload","Output":"=== RUN   TestGuestRecipeCLIFailuresHaveNoSuccessfulPayload\n","OutputType":"frame"}
{"Time":"2026-09-08T19:30:50.245346908+03:00","Action":"run","Package":"virmill.local/core/internal/ui/cli","Test":"TestGuestRecipeCLIFailuresHaveNoSuccessfulPayload/run/SOURCE_CHANGED"}
{"Time":"2026-09-08T19:30:50.245348775+03:00","Action":"output","Package":"virmill.local/core/internal/ui/cli","Test":"TestGuestRecipeCLIFailuresHaveNoSuccessfulPayload/run/SOURCE_CHANGED","Output":"=== RUN   TestGuestRecipeCLIFailuresHaveNoSuccessfulPayload/run/SOURCE_CHANGED\n","OutputType":"frame"}
{"Time":"2026-09-08T19:30:50.246027873+03:00","Action":"output","Package":"virmill.local/core/internal/ui/cli","Test":"TestGuestRecipeCLIFailuresHaveNoSuccessfulPayload/run/SOURCE_CHANGED","Output":"--- PASS: TestGuestRecipeCLIFailuresHaveNoSuccessfulPayload/run/SOURCE_CHANGED (0.00s)\n","OutputType":"frame"}
{"Time":"2026-09-08T19:30:50.246041004+03:00","Action":"pass","Package":"virmill.local/core/internal/ui/cli","Test":"TestGuestRecipeCLIFailuresHaveNoSuccessfulPayload/run/SOURCE_CHANGED","Elapsed":0}
{"Time":"2026-09-08T19:30:50.246046221+03:00","Action":"run","Package":"virmill.local/core/internal/ui/cli","Test":"TestGuestRecipeCLIFailuresHaveNoSuccessfulPayload/run/PERMISSION_DENIED"}
{"Time":"2026-09-08T19:30:50.246049286+03:00","Action":"output","Package":"virmill.local/core/internal/ui/cli","Test":"TestGuestRecipeCLIFailuresHaveNoSuccessfulPayload/run/PERMISSION_DENIED","Output":"=== RUN   TestGuestRecipeCLIFailuresHaveNoSuccessfulPayload/run/PERMISSION_DENIED\n","OutputType":"frame"}
{"Time":"2026-09-08T19:30:50.247352605+03:00","Action":"output","Package":"virmill.local/core/internal/ui/cli","Test":"TestGuestRecipeCLIFailuresHaveNoSuccessfulPayload/run/PERMISSION_DENIED","Output":"--- PASS: TestGuestRecipeCLIFailuresHaveNoSuccessfulPayload/run/PERMISSION_DENIED (0.00s)\n","OutputType":"frame"}
{"Time":"2026-09-08T19:30:50.247360304+03:00","Action":"pass","Package":"virmill.local/core/internal/ui/cli","Test":"TestGuestRecipeCLIFailuresHaveNoSuccessfulPayload/run/PERMISSION_DENIED","Elapsed":0}
{"Time":"2026-09-08T19:30:50.247392429+03:00","Action":"run","Package":"virmill.local/core/internal/ui/cli","Test":"TestGuestRecipeCLIFailuresHaveNoSuccessfulPayload/run/INVALID_INPUT"}
{"Time":"2026-09-08T19:30:50.247395251+03:00","Action":"output","Package":"virmill.local/core/internal/ui/cli","Test":"TestGuestRecipeCLIFailuresHaveNoSuccessfulPayload/run/INVALID_INPUT","Output":"=== RUN   TestGuestRecipeCLIFailuresHaveNoSuccessfulPayload/run/INVALID_INPUT\n","OutputType":"frame"}
{"Time":"2026-09-08T19:30:50.248555028+03:00","Action":"output","Package":"virmill.local/core/internal/ui/cli","Test":"TestGuestRecipeCLIFailuresHaveNoSuccessfulPayload/run/INVALID_INPUT","Output":"--- PASS: TestGuestRecipeCLIFailuresHaveNoSuccessfulPayload/run/INVALID_INPUT (0.00s)\n","OutputType":"frame"}
{"Time":"2026-09-08T19:30:50.248572709+03:00","Action":"pass","Package":"virmill.local/core/internal/ui/cli","Test":"TestGuestRecipeCLIFailuresHaveNoSuccessfulPayload/run/INVALID_INPUT","Elapsed":0}
{"Time":"2026-09-08T19:30:50.248581446+03:00","Action":"run","Package":"virmill.local/core/internal/ui/cli","Test":"TestGuestRecipeCLIFailuresHaveNoSuccessfulPayload/run/RECOVERY_REQUIRED"}
{"Time":"2026-09-08T19:30:50.248584535+03:00","Action":"output","Package":"virmill.local/core/internal/ui/cli","Test":"TestGuestRecipeCLIFailuresHaveNoSuccessfulPayload/run/RECOVERY_REQUIRED","Output":"=== RUN   TestGuestRecipeCLIFailuresHaveNoSuccessfulPayload/run/RECOVERY_REQUIRED\n","OutputType":"frame"}
{"Time":"2026-09-08T19:30:50.249520757+03:00","Action":"output","Package":"virmill.local/core/internal/ui/cli","Test":"TestGuestRecipeCLIFailuresHaveNoSuccessfulPayload/run/RECOVERY_REQUIRED","Output":"--- PASS: TestGuestRecipeCLIFailuresHaveNoSuccessfulPayload/run/RECOVERY_REQUIRED (0.00s)\n","OutputType":"frame"}
{"Time":"2026-09-08T19:30:50.2495374+03:00","Action":"pass","Package":"virmill.local/core/internal/ui/cli","Test":"TestGuestRecipeCLIFailuresHaveNoSuccessfulPayload/run/RECOVERY_REQUIRED","Elapsed":0}
{"Time":"2026-09-08T19:30:50.249556523+03:00","Action":"run","Package":"virmill.local/core/internal/ui/cli","Test":"TestGuestRecipeCLIFailuresHaveNoSuccessfulPayload/run/canceled"}
{"Time":"2026-09-08T19:30:50.249560202+03:00","Action":"output","Package":"virmill.local/core/internal/ui/cli","Test":"TestGuestRecipeCLIFailuresHaveNoSuccessfulPayload/run/canceled","Output":"=== RUN   TestGuestRecipeCLIFailuresHaveNoSuccessfulPayload/run/canceled\n","OutputType":"frame"}
{"Time":"2026-09-08T19:30:50.250502826+03:00","Action":"output","Package":"virmill.local/core/internal/ui/cli","Test":"TestGuestRecipeCLIFailuresHaveNoSuccessfulPayload/run/canceled","Output":"--- PASS: TestGuestRecipeCLIFailuresHaveNoSuccessfulPayload/run/canceled (0.00s)\n","OutputType":"frame"}
{"Time":"2026-09-08T19:30:50.250512462+03:00","Action":"pass","Package":"virmill.local/core/internal/ui/cli","Test":"TestGuestRecipeCLIFailuresHaveNoSuccessfulPayload/run/canceled","Elapsed":0}
{"Time":"2026-09-08T19:30:50.250515738+03:00","Action":"run","Package":"virmill.local/core/internal/ui/cli","Test":"TestGuestRecipeCLIFailuresHaveNoSuccessfulPayload/run/transport"}
{"Time":"2026-09-08T19:30:50.250519422+03:00","Action":"output","Package":"virmill.local/core/internal/ui/cli","Test":"TestGuestRecipeCLIFailuresHaveNoSuccessfulPayload/run/transport","Output":"=== RUN   TestGuestRecipeCLIFailuresHaveNoSuccessfulPayload/run/transport\n","OutputType":"frame"}
{"Time":"2026-09-08T19:30:50.251136495+03:00","Action":"output","Package":"virmill.local/core/internal/ui/cli","Test":"TestGuestRecipeCLIFailuresHaveNoSuccessfulPayload/run/transport","Output":"--- PASS: TestGuestRecipeCLIFailuresHaveNoSuccessfulPayload/run/transport (0.00s)\n","OutputType":"frame"}
{"Time":"2026-09-08T19:30:50.251142404+03:00","Action":"pass","Package":"virmill.local/core/internal/ui/cli","Test":"TestGuestRecipeCLIFailuresHaveNoSuccessfulPayload/run/transport","Elapsed":0}
{"Time":"2026-09-08T19:30:50.251156634+03:00","Action":"run","Package":"virmill.local/core/internal/ui/cli","Test":"TestGuestRecipeCLIFailuresHaveNoSuccessfulPayload/result/SOURCE_CHANGED"}
{"Time":"2026-09-08T19:30:50.251158179+03:00","Action":"output","Package":"virmill.local/core/internal/ui/cli","Test":"TestGuestRecipeCLIFailuresHaveNoSuccessfulPayload/result/SOURCE_CHANGED","Output":"=== RUN   TestGuestRecipeCLIFailuresHaveNoSuccessfulPayload/result/SOURCE_CHANGED\n","OutputType":"frame"}
{"Time":"2026-09-08T19:30:50.251649748+03:00","Action":"output","Package":"virmill.local/core/internal/ui/cli","Test":"TestGuestRecipeCLIFailuresHaveNoSuccessfulPayload/result/SOURCE_CHANGED","Output":"--- PASS: TestGuestRecipeCLIFailuresHaveNoSuccessfulPayload/result/SOURCE_CHANGED (0.00s)\n","OutputType":"frame"}
{"Time":"2026-09-08T19:30:50.251655811+03:00","Action":"pass","Package":"virmill.local/core/internal/ui/cli","Test":"TestGuestRecipeCLIFailuresHaveNoSuccessfulPayload/result/SOURCE_CHANGED","Elapsed":0}
{"Time":"2026-09-08T19:30:50.251683825+03:00","Action":"run","Package":"virmill.local/core/internal/ui/cli","Test":"TestGuestRecipeCLIFailuresHaveNoSuccessfulPayload/result/PERMISSION_DENIED"}
{"Time":"2026-09-08T19:30:50.251686288+03:00","Action":"output","Package":"virmill.local/core/internal/ui/cli","Test":"TestGuestRecipeCLIFailuresHaveNoSuccessfulPayload/result/PERMISSION_DENIED","Output":"=== RUN   TestGuestRecipeCLIFailuresHaveNoSuccessfulPayload/result/PERMISSION_DENIED\n","OutputType":"frame"}
{"Time":"2026-09-08T19:30:50.252154191+03:00","Action":"output","Package":"virmill.local/core/internal/ui/cli","Test":"TestGuestRecipeCLIFailuresHaveNoSuccessfulPayload/result/PERMISSION_DENIED","Output":"--- PASS: TestGuestRecipeCLIFailuresHaveNoSuccessfulPayload/result/PERMISSION_DENIED (0.00s)\n","OutputType":"frame"}
{"Time":"2026-09-08T19:30:50.252162617+03:00","Action":"pass","Package":"virmill.local/core/internal/ui/cli","Test":"TestGuestRecipeCLIFailuresHaveNoSuccessfulPayload/result/PERMISSION_DENIED","Elapsed":0}
{"Time":"2026-09-08T19:30:50.252173625+03:00","Action":"run","Package":"virmill.local/core/internal/ui/cli","Test":"TestGuestRecipeCLIFailuresHaveNoSuccessfulPayload/result/INVALID_INPUT"}
{"Time":"2026-09-08T19:30:50.252175614+03:00","Action":"output","Package":"virmill.local/core/internal/ui/cli","Test":"TestGuestRecipeCLIFailuresHaveNoSuccessfulPayload/result/INVALID_INPUT","Output":"=== RUN   TestGuestRecipeCLIFailuresHaveNoSuccessfulPayload/result/INVALID_INPUT\n","OutputType":"frame"}
{"Time":"2026-09-08T19:30:50.252652193+03:00","Action":"output","Package":"virmill.local/core/internal/ui/cli","Test":"TestGuestRecipeCLIFailuresHaveNoSuccessfulPayload/result/INVALID_INPUT","Output":"--- PASS: TestGuestRecipeCLIFailuresHaveNoSuccessfulPayload/result/INVALID_INPUT (0.00s)\n","OutputType":"frame"}
{"Time":"2026-09-08T19:30:50.252662282+03:00","Action":"pass","Package":"virmill.local/core/internal/ui/cli","Test":"TestGuestRecipeCLIFailuresHaveNoSuccessfulPayload/result/INVALID_INPUT","Elapsed":0}
{"Time":"2026-09-08T19:30:50.252673473+03:00","Action":"run","Package":"virmill.local/core/internal/ui/cli","Test":"TestGuestRecipeCLIFailuresHaveNoSuccessfulPayload/result/RECOVERY_REQUIRED"}
{"Time":"2026-09-08T19:30:50.252675557+03:00","Action":"output","Package":"virmill.local/core/internal/ui/cli","Test":"TestGuestRecipeCLIFailuresHaveNoSuccessfulPayload/result/RECOVERY_REQUIRED","Output":"=== RUN   TestGuestRecipeCLIFailuresHaveNoSuccessfulPayload/result/RECOVERY_REQUIRED\n","OutputType":"frame"}
{"Time":"2026-09-08T19:30:50.2542419+03:00","Action":"output","Package":"virmill.local/core/internal/ui/cli","Test":"TestGuestRecipeCLIFailuresHaveNoSuccessfulPayload/result/RECOVERY_REQUIRED","Output":"--- PASS: TestGuestRecipeCLIFailuresHaveNoSuccessfulPayload/result/RECOVERY_REQUIRED (0.00s)\n","OutputType":"frame"}
{"Time":"2026-09-08T19:30:50.254259317+03:00","Action":"pass","Package":"virmill.local/core/internal/ui/cli","Test":"TestGuestRecipeCLIFailuresHaveNoSuccessfulPayload/result/RECOVERY_REQUIRED","Elapsed":0}
{"Time":"2026-09-08T19:30:50.254266038+03:00","Action":"run","Package":"virmill.local/core/internal/ui/cli","Test":"TestGuestRecipeCLIFailuresHaveNoSuccessfulPayload/result/canceled"}
{"Time":"2026-09-08T19:30:50.254269206+03:00","Action":"output","Package":"virmill.local/core/internal/ui/cli","Test":"TestGuestRecipeCLIFailuresHaveNoSuccessfulPayload/result/canceled","Output":"=== RUN   TestGuestRecipeCLIFailuresHaveNoSuccessfulPayload/result/canceled\n","OutputType":"frame"}
{"Time":"2026-09-08T19:30:50.255106036+03:00","Action":"output","Package":"virmill.local/core/internal/ui/cli","Test":"TestGuestRecipeCLIFailuresHaveNoSuccessfulPayload/result/canceled","Output":"--- PASS: TestGuestRecipeCLIFailuresHaveNoSuccessfulPayload/result/canceled (0.00s)\n","OutputType":"frame"}
{"Time":"2026-09-08T19:30:50.25511443+03:00","Action":"pass","Package":"virmill.local/core/internal/ui/cli","Test":"TestGuestRecipeCLIFailuresHaveNoSuccessfulPayload/result/canceled","Elapsed":0}
{"Time":"2026-09-08T19:30:50.255136274+03:00","Action":"run","Package":"virmill.local/core/internal/ui/cli","Test":"TestGuestRecipeCLIFailuresHaveNoSuccessfulPayload/result/transport"}
{"Time":"2026-09-08T19:30:50.255140296+03:00","Action":"output","Package":"virmill.local/core/internal/ui/cli","Test":"TestGuestRecipeCLIFailuresHaveNoSuccessfulPayload/result/transport","Output":"=== RUN   TestGuestRecipeCLIFailuresHaveNoSuccessfulPayload/result/transport\n","OutputType":"frame"}
{"Time":"2026-09-08T19:30:50.255993011+03:00","Action":"output","Package":"virmill.local/core/internal/ui/cli","Test":"TestGuestRecipeCLIFailuresHaveNoSuccessfulPayload/result/transport","Output":"--- PASS: TestGuestRecipeCLIFailuresHaveNoSuccessfulPayload/result/transport (0.00s)\n","OutputType":"frame"}
{"Time":"2026-09-08T19:30:50.256008647+03:00","Action":"pass","Package":"virmill.local/core/internal/ui/cli","Test":"TestGuestRecipeCLIFailuresHaveNoSuccessfulPayload/result/transport","Elapsed":0}
{"Time":"2026-09-08T19:30:50.25603078+03:00","Action":"output","Package":"virmill.local/core/internal/ui/cli","Test":"TestGuestRecipeCLIFailuresHaveNoSuccessfulPayload","Output":"--- PASS: TestGuestRecipeCLIFailuresHaveNoSuccessfulPayload (0.01s)\n","OutputType":"frame"}
{"Time":"2026-09-08T19:30:50.256044664+03:00","Action":"pass","Package":"virmill.local/core/internal/ui/cli","Test":"TestGuestRecipeCLIFailuresHaveNoSuccessfulPayload","Elapsed":0.01}
{"Time":"2026-09-08T19:30:50.256061341+03:00","Action":"run","Package":"virmill.local/core/internal/ui/cli","Test":"TestReadOnlyHostInventoryCommands"}
{"Time":"2026-09-08T19:30:50.256065359+03:00","Action":"output","Package":"virmill.local/core/internal/ui/cli","Test":"TestReadOnlyHostInventoryCommands","Output":"=== RUN   TestReadOnlyHostInventoryCommands\n","OutputType":"frame"}
{"Time":"2026-09-08T19:30:50.258237618+03:00","Action":"output","Package":"virmill.local/core/internal/ui/cli","Test":"TestReadOnlyHostInventoryCommands","Output":"--- PASS: TestReadOnlyHostInventoryCommands (0.00s)\n","OutputType":"frame"}
{"Time":"2026-09-08T19:30:50.258248296+03:00","Action":"pass","Package":"virmill.local/core/internal/ui/cli","Test":"TestReadOnlyHostInventoryCommands","Elapsed":0}
{"Time":"2026-09-08T19:30:50.258252564+03:00","Action":"run","Package":"virmill.local/core/internal/ui/cli","Test":"TestLocalBackupCLIServiceParity"}
{"Time":"2026-09-08T19:30:50.258254907+03:00","Action":"output","Package":"virmill.local/core/internal/ui/cli","Test":"TestLocalBackupCLIServiceParity","Output":"=== RUN   TestLocalBackupCLIServiceParity\n","OutputType":"frame"}
{"Time":"2026-09-08T19:30:50.25828763+03:00","Action":"run","Package":"virmill.local/core/internal/ui/cli","Test":"TestLocalBackupCLIServiceParity/backup.repository.init"}
{"Time":"2026-09-08T19:30:50.258291749+03:00","Action":"output","Package":"virmill.local/core/internal/ui/cli","Test":"TestLocalBackupCLIServiceParity/backup.repository.init","Output":"=== RUN   TestLocalBackupCLIServiceParity/backup.repository.init\n","OutputType":"frame"}
{"Time":"2026-09-08T19:30:50.259483377+03:00","Action":"output","Package":"virmill.local/core/internal/ui/cli","Test":"TestLocalBackupCLIServiceParity/backup.repository.init","Output":"--- PASS: TestLocalBackupCLIServiceParity/backup.repository.init (0.00s)\n","OutputType":"frame"}
{"Time":"2026-09-08T19:30:50.259502349+03:00","Action":"pass","Package":"virmill.local/core/internal/ui/cli","Test":"TestLocalBackupCLIServiceParity/backup.repository.init","Elapsed":0}
{"Time":"2026-09-08T19:30:50.259523397+03:00","Action":"run","Package":"virmill.local/core/internal/ui/cli","Test":"TestLocalBackupCLIServiceParity/backup.repository.check"}
{"Time":"2026-09-08T19:30:50.259527113+03:00","Action":"output","Package":"virmill.local/core/internal/ui/cli","Test":"TestLocalBackupCLIServiceParity/backup.repository.check","Output":"=== RUN   TestLocalBackupCLIServiceParity/backup.repository.check\n","OutputType":"frame"}
{"Time":"2026-09-08T19:30:50.260034656+03:00","Action":"output","Package":"virmill.local/core/internal/ui/cli","Test":"TestLocalBackupCLIServiceParity/backup.repository.check","Output":"--- PASS: TestLocalBackupCLIServiceParity/backup.repository.check (0.00s)\n","OutputType":"frame"}
{"Time":"2026-09-08T19:30:50.260043074+03:00","Action":"pass","Package":"virmill.local/core/internal/ui/cli","Test":"TestLocalBackupCLIServiceParity/backup.repository.check","Elapsed":0}
{"Time":"2026-09-08T19:30:50.260056338+03:00","Action":"run","Package":"virmill.local/core/internal/ui/cli","Test":"TestLocalBackupCLIServiceParity/backup.create"}
{"Time":"2026-09-08T19:30:50.260059319+03:00","Action":"output","Package":"virmill.local/core/internal/ui/cli","Test":"TestLocalBackupCLIServiceParity/backup.create","Output":"=== RUN   TestLocalBackupCLIServiceParity/backup.create\n","OutputType":"frame"}
{"Time":"2026-09-08T19:30:50.260587589+03:00","Action":"output","Package":"virmill.local/core/internal/ui/cli","Test":"TestLocalBackupCLIServiceParity/backup.create","Output":"--- PASS: TestLocalBackupCLIServiceParity/backup.create (0.00s)\n","OutputType":"frame"}
{"Time":"2026-09-08T19:30:50.260596123+03:00","Action":"pass","Package":"virmill.local/core/internal/ui/cli","Test":"TestLocalBackupCLIServiceParity/backup.create","Elapsed":0}
{"Time":"2026-09-08T19:30:50.260610333+03:00","Action":"run","Package":"virmill.local/core/internal/ui/cli","Test":"TestLocalBackupCLIServiceParity/backup.restore"}
{"Time":"2026-09-08T19:30:50.260613647+03:00","Action":"output","Package":"virmill.local/core/internal/ui/cli","Test":"TestLocalBackupCLIServiceParity/backup.restore","Output":"=== RUN   TestLocalBackupCLIServiceParity/backup.restore\n","OutputType":"frame"}
{"Time":"2026-09-08T19:30:50.261136949+03:00","Action":"output","Package":"virmill.local/core/internal/ui/cli","Test":"TestLocalBackupCLIServiceParity/backup.restore","Output":"--- PASS: TestLocalBackupCLIServiceParity/backup.restore (0.00s)\n","OutputType":"frame"}
{"Time":"2026-09-08T19:30:50.261145646+03:00","Action":"pass","Package":"virmill.local/core/internal/ui/cli","Test":"TestLocalBackupCLIServiceParity/backup.restore","Elapsed":0}
{"Time":"2026-09-08T19:30:50.261163415+03:00","Action":"run","Package":"virmill.local/core/internal/ui/cli","Test":"TestLocalBackupCLIServiceParity/backup.result"}
{"Time":"2026-09-08T19:30:50.261166617+03:00","Action":"output","Package":"virmill.local/core/internal/ui/cli","Test":"TestLocalBackupCLIServiceParity/backup.result","Output":"=== RUN   TestLocalBackupCLIServiceParity/backup.result\n","OutputType":"frame"}
{"Time":"2026-09-08T19:30:50.261648186+03:00","Action":"output","Package":"virmill.local/core/internal/ui/cli","Test":"TestLocalBackupCLIServiceParity/backup.result","Output":"--- PASS: TestLocalBackupCLIServiceParity/backup.result (0.00s)\n","OutputType":"frame"}
{"Time":"2026-09-08T19:30:50.261659801+03:00","Action":"pass","Package":"virmill.local/core/internal/ui/cli","Test":"TestLocalBackupCLIServiceParity/backup.result","Elapsed":0}
{"Time":"2026-09-08T19:30:50.261678934+03:00","Action":"output","Package":"virmill.local/core/internal/ui/cli","Test":"TestLocalBackupCLIServiceParity","Output":"--- PASS: TestLocalBackupCLIServiceParity (0.00s)\n","OutputType":"frame"}
{"Time":"2026-09-08T19:30:50.261691085+03:00","Action":"pass","Package":"virmill.local/core/internal/ui/cli","Test":"TestLocalBackupCLIServiceParity","Elapsed":0}
{"Time":"2026-09-08T19:30:50.261705762+03:00","Action":"run","Package":"virmill.local/core/internal/ui/cli","Test":"TestNetworkAllocationCLIPlanReadbackAndExactApply"}
{"Time":"2026-09-08T19:30:50.261709628+03:00","Action":"output","Package":"virmill.local/core/internal/ui/cli","Test":"TestNetworkAllocationCLIPlanReadbackAndExactApply","Output":"=== RUN   TestNetworkAllocationCLIPlanReadbackAndExactApply\n","OutputType":"frame"}
{"Time":"2026-09-08T19:30:50.26173105+03:00","Action":"run","Package":"virmill.local/core/internal/ui/cli","Test":"TestNetworkAllocationCLIPlanReadbackAndExactApply/json/ranges"}
{"Time":"2026-09-08T19:30:50.261734628+03:00","Action":"output","Package":"virmill.local/core/internal/ui/cli","Test":"TestNetworkAllocationCLIPlanReadbackAndExactApply/json/ranges","Output":"=== RUN   TestNetworkAllocationCLIPlanReadbackAndExactApply/json/ranges\n","OutputType":"frame"}
{"Time":"2026-09-08T19:30:50.286733046+03:00","Action":"output","Package":"virmill.local/core/internal/ui/cli","Test":"TestNetworkAllocationCLIPlanReadbackAndExactApply/json/ranges","Output":"--- PASS: TestNetworkAllocationCLIPlanReadbackAndExactApply/json/ranges (0.02s)\n","OutputType":"frame"}
{"Time":"2026-09-08T19:30:50.286771395+03:00","Action":"pass","Package":"virmill.local/core/internal/ui/cli","Test":"TestNetworkAllocationCLIPlanReadbackAndExactApply/json/ranges","Elapsed":0.02}
{"Time":"2026-09-08T19:30:50.2867828+03:00","Action":"run","Package":"virmill.local/core/internal/ui/cli","Test":"TestNetworkAllocationCLIPlanReadbackAndExactApply/json/planned-conflict"}
{"Time":"2026-09-08T19:30:50.286785982+03:00","Action":"output","Package":"virmill.local/core/internal/ui/cli","Test":"TestNetworkAllocationCLIPlanReadbackAndExactApply/json/planned-conflict","Output":"=== RUN   TestNetworkAllocationCLIPlanReadbackAndExactApply/json/planned-conflict\n","OutputType":"frame"}
{"Time":"2026-09-08T19:30:50.312845307+03:00","Action":"output","Package":"virmill.local/core/internal/ui/cli","Test":"TestNetworkAllocationCLIPlanReadbackAndExactApply/json/planned-conflict","Output":"--- PASS: TestNetworkAllocationCLIPlanReadbackAndExactApply/json/planned-conflict (0.03s)\n","OutputType":"frame"}
{"Time":"2026-09-08T19:30:50.312872753+03:00","Action":"pass","Package":"virmill.local/core/internal/ui/cli","Test":"TestNetworkAllocationCLIPlanReadbackAndExactApply/json/planned-conflict","Elapsed":0.03}
{"Time":"2026-09-08T19:30:50.312877769+03:00","Action":"run","Package":"virmill.local/core/internal/ui/cli","Test":"TestNetworkAllocationCLIPlanReadbackAndExactApply/ndjson/ranges"}
{"Time":"2026-09-08T19:30:50.312879408+03:00","Action":"output","Package":"virmill.local/core/internal/ui/cli","Test":"TestNetworkAllocationCLIPlanReadbackAndExactApply/ndjson/ranges","Output":"=== RUN   TestNetworkAllocationCLIPlanReadbackAndExactApply/ndjson/ranges\n","OutputType":"frame"}
{"Time":"2026-09-08T19:30:50.337920611+03:00","Action":"output","Package":"virmill.local/core/internal/ui/cli","Test":"TestNetworkAllocationCLIPlanReadbackAndExactApply/ndjson/ranges","Output":"--- PASS: TestNetworkAllocationCLIPlanReadbackAndExactApply/ndjson/ranges (0.02s)\n","OutputType":"frame"}
{"Time":"2026-09-08T19:30:50.337949624+03:00","Action":"pass","Package":"virmill.local/core/internal/ui/cli","Test":"TestNetworkAllocationCLIPlanReadbackAndExactApply/ndjson/ranges","Elapsed":0.02}
{"Time":"2026-09-08T19:30:50.337958659+03:00","Action":"run","Package":"virmill.local/core/internal/ui/cli","Test":"TestNetworkAllocationCLIPlanReadbackAndExactApply/ndjson/planned-conflict"}
{"Time":"2026-09-08T19:30:50.337961223+03:00","Action":"output","Package":"virmill.local/core/internal/ui/cli","Test":"TestNetworkAllocationCLIPlanReadbackAndExactApply/ndjson/planned-conflict","Output":"=== RUN   TestNetworkAllocationCLIPlanReadbackAndExactApply/ndjson/planned-conflict\n","OutputType":"frame"}
{"Time":"2026-09-08T19:30:50.366077893+03:00","Action":"output","Package":"virmill.local/core/internal/ui/tui","Test":"TestGuestRecipeTUIExactFormReviewedPlanAndCancel/qemu:///session","Output":"--- PASS: TestGuestRecipeTUIExactFormReviewedPlanAndCancel/qemu:///session (0.21s)\n","OutputType":"frame"}
{"Time":"2026-09-08T19:30:50.366115185+03:00","Action":"pass","Package":"virmill.local/core/internal/ui/tui","Test":"TestGuestRecipeTUIExactFormReviewedPlanAndCancel/qemu:///session","Elapsed":0.21}
{"Time":"2026-09-08T19:30:50.366122214+03:00","Action":"output","Package":"virmill.local/core/internal/ui/tui","Test":"TestGuestRecipeTUIExactFormReviewedPlanAndCancel","Output":"--- PASS: TestGuestRecipeTUIExactFormReviewedPlanAndCancel (0.41s)\n","OutputType":"frame"}
{"Time":"2026-09-08T19:30:50.366124678+03:00","Action":"pass","Package":"virmill.local/core/internal/ui/tui","Test":"TestGuestRecipeTUIExactFormReviewedPlanAndCancel","Elapsed":0.41}
{"Time":"2026-09-08T19:30:50.366132057+03:00","Action":"run","Package":"virmill.local/core/internal/ui/tui","Test":"TestGuestRecipeTUIMalformedFormNeverDispatches"}
{"Time":"2026-09-08T19:30:50.366141758+03:00","Action":"output","Package":"virmill.local/core/internal/ui/tui","Test":"TestGuestRecipeTUIMalformedFormNeverDispatches","Output":"=== RUN   TestGuestRecipeTUIMalformedFormNeverDispatches\n","OutputType":"frame"}
{"Time":"2026-09-08T19:30:50.366194449+03:00","Action":"run","Package":"virmill.local/core/internal/ui/tui","Test":"TestGuestRecipeTUIMalformedFormNeverDispatches/not-json"}
{"Time":"2026-09-08T19:30:50.366196817+03:00","Action":"output","Package":"virmill.local/core/internal/ui/tui","Test":"TestGuestRecipeTUIMalformedFormNeverDispatches/not-json","Output":"=== RUN   TestGuestRecipeTUIMalformedFormNeverDispatches/not-json\n","OutputType":"frame"}
{"Time":"2026-09-08T19:30:50.370430128+03:00","Action":"output","Package":"virmill.local/core/internal/ui/tui","Test":"TestGuestRecipeTUIMalformedFormNeverDispatches/not-json","Output":"--- PASS: TestGuestRecipeTUIMalformedFormNeverDispatches/not-json (0.00s)\n","OutputType":"frame"}
{"Time":"2026-09-08T19:30:50.370458186+03:00","Action":"pass","Package":"virmill.local/core/internal/ui/tui","Test":"TestGuestRecipeTUIMalformedFormNeverDispatches/not-json","Elapsed":0}
{"Time":"2026-09-08T19:30:50.3704631+03:00","Action":"run","Package":"virmill.local/core/internal/ui/tui","Test":"TestGuestRecipeTUIMalformedFormNeverDispatches/[]"}
{"Time":"2026-09-08T19:30:50.370465457+03:00","Action":"output","Package":"virmill.local/core/internal/ui/tui","Test":"TestGuestRecipeTUIMalformedFormNeverDispatches/[]","Output":"=== RUN   TestGuestRecipeTUIMalformedFormNeverDispatches/[]\n","OutputType":"frame"}
{"Time":"2026-09-08T19:30:50.371516285+03:00","Action":"output","Package":"virmill.local/core/internal/ui/cli","Test":"TestNetworkAllocationCLIPlanReadbackAndExactApply/ndjson/planned-conflict","Output":"--- PASS: TestNetworkAllocationCLIPlanReadbackAndExactApply/ndjson/planned-conflict (0.03s)\n","OutputType":"frame"}
{"Time":"2026-09-08T19:30:50.371531439+03:00","Action":"pass","Package":"virmill.local/core/internal/ui/cli","Test":"TestNetworkAllocationCLIPlanReadbackAndExactApply/ndjson/planned-conflict","Elapsed":0.03}
{"Time":"2026-09-08T19:30:50.371582505+03:00","Action":"output","Package":"virmill.local/core/internal/ui/cli","Test":"TestNetworkAllocationCLIPlanReadbackAndExactApply","Output":"--- PASS: TestNetworkAllocationCLIPlanReadbackAndExactApply (0.11s)\n","OutputType":"frame"}
{"Time":"2026-09-08T19:30:50.371600007+03:00","Action":"pass","Package":"virmill.local/core/internal/ui/cli","Test":"TestNetworkAllocationCLIPlanReadbackAndExactApply","Elapsed":0.11}
{"Time":"2026-09-08T19:30:50.371619341+03:00","Action":"run","Package":"virmill.local/core/internal/ui/cli","Test":"TestNetworkAllocationCLIFailureHasNoSuccessOrReservation"}
{"Time":"2026-09-08T19:30:50.3716234+03:00","Action":"output","Package":"virmill.local/core/internal/ui/cli","Test":"TestNetworkAllocationCLIFailureHasNoSuccessOrReservation","Output":"=== RUN   TestNetworkAllocationCLIFailureHasNoSuccessOrReservation\n","OutputType":"frame"}
{"Time":"2026-09-08T19:30:50.37167281+03:00","Action":"run","Package":"virmill.local/core/internal/ui/cli","Test":"TestNetworkAllocationCLIFailureHasNoSuccessOrReservation/canceled"}
{"Time":"2026-09-08T19:30:50.371676965+03:00","Action":"output","Package":"virmill.local/core/internal/ui/cli","Test":"TestNetworkAllocationCLIFailureHasNoSuccessOrReservation/canceled","Output":"=== RUN   TestNetworkAllocationCLIFailureHasNoSuccessOrReservation/canceled\n","OutputType":"frame"}
{"Time":"2026-09-08T19:30:50.372767385+03:00","Action":"output","Package":"virmill.local/core/internal/ui/tui","Test":"TestGuestRecipeTUIMalformedFormNeverDispatches/[]","Output":"--- PASS: TestGuestRecipeTUIMalformedFormNeverDispatches/[] (0.00s)\n","OutputType":"frame"}
{"Time":"2026-09-08T19:30:50.372780951+03:00","Action":"pass","Package":"virmill.local/core/internal/ui/tui","Test":"TestGuestRecipeTUIMalformedFormNeverDispatches/[]","Elapsed":0}
{"Time":"2026-09-08T19:30:50.372800468+03:00","Action":"run","Package":"virmill.local/core/internal/ui/tui","Test":"TestGuestRecipeTUIMalformedFormNeverDispatches/{}_{}"}
{"Time":"2026-09-08T19:30:50.372802968+03:00","Action":"output","Package":"virmill.local/core/internal/ui/tui","Test":"TestGuestRecipeTUIMalformedFormNeverDispatches/{}_{}","Output":"=== RUN   TestGuestRecipeTUIMalformedFormNeverDispatches/{}_{}\n","OutputType":"frame"}
{"Time":"2026-09-08T19:30:50.374974499+03:00","Action":"output","Package":"virmill.local/core/internal/ui/cli","Test":"TestNetworkAllocationCLIFailureHasNoSuccessOrReservation/canceled","Output":"--- PASS: TestNetworkAllocationCLIFailureHasNoSuccessOrReservation/canceled (0.00s)\n","OutputType":"frame"}
{"Time":"2026-09-08T19:30:50.374985497+03:00","Action":"pass","Package":"virmill.local/core/internal/ui/cli","Test":"TestNetworkAllocationCLIFailureHasNoSuccessOrReservation/canceled","Elapsed":0}
{"Time":"2026-09-08T19:30:50.37500758+03:00","Action":"run","Package":"virmill.local/core/internal/ui/cli","Test":"TestNetworkAllocationCLIFailureHasNoSuccessOrReservation/exhausted"}
{"Time":"2026-09-08T19:30:50.375010917+03:00","Action":"output","Package":"virmill.local/core/internal/ui/cli","Test":"TestNetworkAllocationCLIFailureHasNoSuccessOrReservation/exhausted","Output":"=== RUN   TestNetworkAllocationCLIFailureHasNoSuccessOrReservation/exhausted\n","OutputType":"frame"}
{"Time":"2026-09-08T19:30:50.375851806+03:00","Action":"output","Package":"virmill.local/core/internal/ui/tui","Test":"TestGuestRecipeTUIMalformedFormNeverDispatches/{}_{}","Output":"--- PASS: TestGuestRecipeTUIMalformedFormNeverDispatches/{}_{} (0.00s)\n","OutputType":"frame"}
{"Time":"2026-09-08T19:30:50.375870058+03:00","Action":"pass","Package":"virmill.local/core/internal/ui/tui","Test":"TestGuestRecipeTUIMalformedFormNeverDispatches/{}_{}","Elapsed":0}
{"Time":"2026-09-08T19:30:50.375890154+03:00","Action":"run","Package":"virmill.local/core/internal/ui/tui","Test":"TestGuestRecipeTUIMalformedFormNeverDispatches/{\"id\":\"a\",\"id\":\"b\"}"}
{"Time":"2026-09-08T19:30:50.375892704+03:00","Action":"output","Package":"virmill.local/core/internal/ui/tui","Test":"TestGuestRecipeTUIMalformedFormNeverDispatches/{\"id\":\"a\",\"id\":\"b\"}","Output":"=== RUN   TestGuestRecipeTUIMalformedFormNeverDispatches/{\"id\":\"a\",\"id\":\"b\"}\n","OutputType":"frame"}
{"Time":"2026-09-08T19:30:50.379615479+03:00","Action":"output","Package":"virmill.local/core/internal/ui/cli","Test":"TestNetworkAllocationCLIFailureHasNoSuccessOrReservation/exhausted","Output":"--- PASS: TestNetworkAllocationCLIFailureHasNoSuccessOrReservation/exhausted (0.00s)\n","OutputType":"frame"}
{"Time":"2026-09-08T19:30:50.379635909+03:00","Action":"pass","Package":"virmill.local/core/internal/ui/cli","Test":"TestNetworkAllocationCLIFailureHasNoSuccessOrReservation/exhausted","Elapsed":0}
{"Time":"2026-09-08T19:30:50.379666749+03:00","Action":"run","Package":"virmill.local/core/internal/ui/cli","Test":"TestNetworkAllocationCLIFailureHasNoSuccessOrReservation/invalid-settings"}
{"Time":"2026-09-08T19:30:50.379670299+03:00","Action":"output","Package":"virmill.local/core/internal/ui/cli","Test":"TestNetworkAllocationCLIFailureHasNoSuccessOrReservation/invalid-settings","Output":"=== RUN   TestNetworkAllocationCLIFailureHasNoSuccessOrReservation/invalid-settings\n","OutputType":"frame"}
{"Time":"2026-09-08T19:30:50.38308565+03:00","Action":"output","Package":"virmill.local/core/internal/ui/tui","Test":"TestGuestRecipeTUIMalformedFormNeverDispatches/{\"id\":\"a\",\"id\":\"b\"}","Output":"--- PASS: TestGuestRecipeTUIMalformedFormNeverDispatches/{\"id\":\"a\",\"id\":\"b\"} (0.01s)\n","OutputType":"frame"}
{"Time":"2026-09-08T19:30:50.383102202+03:00","Action":"pass","Package":"virmill.local/core/internal/ui/tui","Test":"TestGuestRecipeTUIMalformedFormNeverDispatches/{\"id\":\"a\",\"id\":\"b\"}","Elapsed":0.01}
{"Time":"2026-09-08T19:30:50.383129131+03:00","Action":"run","Package":"virmill.local/core/internal/ui/tui","Test":"TestGuestRecipeTUIMalformedFormNeverDispatches/{\"id\":\"a\",\"path\":\"/private/recipe.json\",\"input\":[]}"}
{"Time":"2026-09-08T19:30:50.38313187+03:00","Action":"output","Package":"virmill.local/core/internal/ui/tui","Test":"TestGuestRecipeTUIMalformedFormNeverDispatches/{\"id\":\"a\",\"path\":\"/private/recipe.json\",\"input\":[]}","Output":"=== RUN   TestGuestRecipeTUIMalformedFormNeverDispatches/{\"id\":\"a\",\"path\":\"/private/recipe.json\",\"input\":[]}\n","OutputType":"frame"}
{"Time":"2026-09-08T19:30:50.384183374+03:00","Action":"output","Package":"virmill.local/core/internal/ui/cli","Test":"TestNetworkAllocationCLIFailureHasNoSuccessOrReservation/invalid-settings","Output":"--- PASS: TestNetworkAllocationCLIFailureHasNoSuccessOrReservation/invalid-settings (0.00s)\n","OutputType":"frame"}
{"Time":"2026-09-08T19:30:50.384233249+03:00","Action":"pass","Package":"virmill.local/core/internal/ui/cli","Test":"TestNetworkAllocationCLIFailureHasNoSuccessOrReservation/invalid-settings","Elapsed":0}
{"Time":"2026-09-08T19:30:50.384262448+03:00","Action":"output","Package":"virmill.local/core/internal/ui/cli","Test":"TestNetworkAllocationCLIFailureHasNoSuccessOrReservation","Output":"--- PASS: TestNetworkAllocationCLIFailureHasNoSuccessOrReservation (0.01s)\n","OutputType":"frame"}
{"Time":"2026-09-08T19:30:50.384281852+03:00","Action":"pass","Package":"virmill.local/core/internal/ui/cli","Test":"TestNetworkAllocationCLIFailureHasNoSuccessOrReservation","Elapsed":0.01}
{"Time":"2026-09-08T19:30:50.384309647+03:00","Action":"run","Package":"virmill.local/core/internal/ui/cli","Test":"TestNetworkCreationUsesSharedPreview"}
{"Time":"2026-09-08T19:30:50.384312791+03:00","Action":"output","Package":"virmill.local/core/internal/ui/cli","Test":"TestNetworkCreationUsesSharedPreview","Output":"=== RUN   TestNetworkCreationUsesSharedPreview\n","OutputType":"frame"}
{"Time":"2026-09-08T19:30:50.386729955+03:00","Action":"output","Package":"virmill.local/core/internal/ui/cli","Test":"TestNetworkCreationUsesSharedPreview","Output":"--- PASS: TestNetworkCreationUsesSharedPreview (0.00s)\n","OutputType":"frame"}
{"Time":"2026-09-08T19:30:50.386743433+03:00","Action":"pass","Package":"virmill.local/core/internal/ui/cli","Test":"TestNetworkCreationUsesSharedPreview","Elapsed":0}
{"Time":"2026-09-08T19:30:50.386770195+03:00","Action":"run","Package":"virmill.local/core/internal/ui/cli","Test":"TestProtectedNetworkCLIReviewExamplesAndExactApproval"}
{"Time":"2026-09-08T19:30:50.3867725+03:00","Action":"output","Package":"virmill.local/core/internal/ui/cli","Test":"TestProtectedNetworkCLIReviewExamplesAndExactApproval","Output":"=== RUN   TestProtectedNetworkCLIReviewExamplesAndExactApproval\n","OutputType":"frame"}
{"Time":"2026-09-08T19:30:50.386803203+03:00","Action":"run","Package":"virmill.local/core/internal/ui/cli","Test":"TestProtectedNetworkCLIReviewExamplesAndExactApproval/protected-nat.yaml/json"}
{"Time":"2026-09-08T19:30:50.386805655+03:00","Action":"output","Package":"virmill.local/core/internal/ui/cli","Test":"TestProtectedNetworkCLIReviewExamplesAndExactApproval/protected-nat.yaml/json","Output":"=== RUN   TestProtectedNetworkCLIReviewExamplesAndExactApproval/protected-nat.yaml/json\n","OutputType":"frame"}
{"Time":"2026-09-08T19:30:50.39759735+03:00","Action":"output","Package":"virmill.local/core/internal/ui/tui","Test":"TestGuestRecipeTUIMalformedFormNeverDispatches/{\"id\":\"a\",\"path\":\"/private/recipe.json\",\"input\":[]}","Output":"--- PASS: TestGuestRecipeTUIMalformedFormNeverDispatches/{\"id\":\"a\",\"path\":\"/private/recipe.json\",\"input\":[]} (0.01s)\n","OutputType":"frame"}
{"Time":"2026-09-08T19:30:50.39763574+03:00","Action":"pass","Package":"virmill.local/core/internal/ui/tui","Test":"TestGuestRecipeTUIMalformedFormNeverDispatches/{\"id\":\"a\",\"path\":\"/private/recipe.json\",\"input\":[]}","Elapsed":0.01}
{"Time":"2026-09-08T19:30:50.397645021+03:00","Action":"run","Package":"virmill.local/core/internal/ui/tui","Test":"TestGuestRecipeTUIMalformedFormNeverDispatches/{\"id\":\"a\",\"path\":\"/private/recipe.json\",\"apply\":true}"}
{"Time":"2026-09-08T19:30:50.397648643+03:00","Action":"output","Package":"virmill.local/core/internal/ui/tui","Test":"TestGuestRecipeTUIMalformedFormNeverDispatches/{\"id\":\"a\",\"path\":\"/private/recipe.json\",\"apply\":true}","Output":"=== RUN   TestGuestRecipeTUIMalformedFormNeverDispatches/{\"id\":\"a\",\"path\":\"/private/recipe.json\",\"apply\":true}\n","OutputType":"frame"}
{"Time":"2026-09-08T19:30:50.408165222+03:00","Action":"output","Package":"virmill.local/core/internal/ui/tui","Test":"TestGuestRecipeTUIMalformedFormNeverDispatches/{\"id\":\"a\",\"path\":\"/private/recipe.json\",\"apply\":true}","Output":"--- PASS: TestGuestRecipeTUIMalformedFormNeverDispatches/{\"id\":\"a\",\"path\":\"/private/recipe.json\",\"apply\":true} (0.01s)\n","OutputType":"frame"}
{"Time":"2026-09-08T19:30:50.408196929+03:00","Action":"pass","Package":"virmill.local/core/internal/ui/tui","Test":"TestGuestRecipeTUIMalformedFormNeverDispatches/{\"id\":\"a\",\"path\":\"/private/recipe.json\",\"apply\":true}","Elapsed":0.01}
{"Time":"2026-09-08T19:30:50.408202874+03:00","Action":"output","Package":"virmill.local/core/internal/ui/tui","Test":"TestGuestRecipeTUIMalformedFormNeverDispatches","Output":"--- PASS: TestGuestRecipeTUIMalformedFormNeverDispatches (0.04s)\n","OutputType":"frame"}
{"Time":"2026-09-08T19:30:50.408205705+03:00","Action":"pass","Package":"virmill.local/core/internal/ui/tui","Test":"TestGuestRecipeTUIMalformedFormNeverDispatches","Elapsed":0.04}
{"Time":"2026-09-08T19:30:50.408235492+03:00","Action":"run","Package":"virmill.local/core/internal/ui/tui","Test":"TestGuestRecipeTUIResultReadOnlyAndUnknownEffectVisible"}
{"Time":"2026-09-08T19:30:50.408238313+03:00","Action":"output","Package":"virmill.local/core/internal/ui/tui","Test":"TestGuestRecipeTUIResultReadOnlyAndUnknownEffectVisible","Output":"=== RUN   TestGuestRecipeTUIResultReadOnlyAndUnknownEffectVisible\n","OutputType":"frame"}
{"Time":"2026-09-08T19:30:50.41015233+03:00","Action":"output","Package":"virmill.local/core/internal/ui/cli","Test":"TestProtectedNetworkCLIReviewExamplesAndExactApproval/protected-nat.yaml/json","Output":"--- PASS: TestProtectedNetworkCLIReviewExamplesAndExactApproval/protected-nat.yaml/json (0.02s)\n","OutputType":"frame"}
{"Time":"2026-09-08T19:30:50.410166008+03:00","Action":"pass","Package":"virmill.local/core/internal/ui/cli","Test":"TestProtectedNetworkCLIReviewExamplesAndExactApproval/protected-nat.yaml/json","Elapsed":0.02}
{"Time":"2026-09-08T19:30:50.410185689+03:00","Action":"run","Package":"virmill.local/core/internal/ui/cli","Test":"TestProtectedNetworkCLIReviewExamplesAndExactApproval/protected-nat.yaml/ndjson"}
{"Time":"2026-09-08T19:30:50.410188263+03:00","Action":"output","Package":"virmill.local/core/internal/ui/cli","Test":"TestProtectedNetworkCLIReviewExamplesAndExactApproval/protected-nat.yaml/ndjson","Output":"=== RUN   TestProtectedNetworkCLIReviewExamplesAndExactApproval/protected-nat.yaml/ndjson\n","OutputType":"frame"}
{"Time":"2026-09-08T19:30:50.416463921+03:00","Action":"output","Package":"virmill.local/core/internal/ui/tui","Test":"TestGuestRecipeTUIResultReadOnlyAndUnknownEffectVisible","Output":"--- PASS: TestGuestRecipeTUIResultReadOnlyAndUnknownEffectVisible (0.01s)\n","OutputType":"frame"}
{"Time":"2026-09-08T19:30:50.416484563+03:00","Action":"pass","Package":"virmill.local/core/internal/ui/tui","Test":"TestGuestRecipeTUIResultReadOnlyAndUnknownEffectVisible","Elapsed":0.01}
{"Time":"2026-09-08T19:30:50.416488852+03:00","Action":"run","Package":"virmill.local/core/internal/ui/tui","Test":"TestGuestRecipeTUIFailuresClearSuccessfulPreviewAndAuthority"}
{"Time":"2026-09-08T19:30:50.416490176+03:00","Action":"output","Package":"virmill.local/core/internal/ui/tui","Test":"TestGuestRecipeTUIFailuresClearSuccessfulPreviewAndAuthority","Output":"=== RUN   TestGuestRecipeTUIFailuresClearSuccessfulPreviewAndAuthority\n","OutputType":"frame"}
{"Time":"2026-09-08T19:30:50.416535863+03:00","Action":"run","Package":"virmill.local/core/internal/ui/tui","Test":"TestGuestRecipeTUIFailuresClearSuccessfulPreviewAndAuthority/run/SOURCE_CHANGED"}
{"Time":"2026-09-08T19:30:50.416538568+03:00","Action":"output","Package":"virmill.local/core/internal/ui/tui","Test":"TestGuestRecipeTUIFailuresClearSuccessfulPreviewAndAuthority/run/SOURCE_CHANGED","Output":"=== RUN   TestGuestRecipeTUIFailuresClearSuccessfulPreviewAndAuthority/run/SOURCE_CHANGED\n","OutputType":"frame"}
{"Time":"2026-09-08T19:30:50.430336861+03:00","Action":"output","Package":"virmill.local/core/internal/ui/cli","Test":"TestProtectedNetworkCLIReviewExamplesAndExactApproval/protected-nat.yaml/ndjson","Output":"--- PASS: TestProtectedNetworkCLIReviewExamplesAndExactApproval/protected-nat.yaml/ndjson (0.02s)\n","OutputType":"frame"}
{"Time":"2026-09-08T19:30:50.430370015+03:00","Action":"pass","Package":"virmill.local/core/internal/ui/cli","Test":"TestProtectedNetworkCLIReviewExamplesAndExactApproval/protected-nat.yaml/ndjson","Elapsed":0.02}
{"Time":"2026-09-08T19:30:50.430376559+03:00","Action":"run","Package":"virmill.local/core/internal/ui/cli","Test":"TestProtectedNetworkCLIReviewExamplesAndExactApproval/protected-lab.yaml/json"}
{"Time":"2026-09-08T19:30:50.430378566+03:00","Action":"output","Package":"virmill.local/core/internal/ui/cli","Test":"TestProtectedNetworkCLIReviewExamplesAndExactApproval/protected-lab.yaml/json","Output":"=== RUN   TestProtectedNetworkCLIReviewExamplesAndExactApproval/protected-lab.yaml/json\n","OutputType":"frame"}
{"Time":"2026-09-08T19:30:50.452868423+03:00","Action":"output","Package":"virmill.local/core/internal/ui/cli","Test":"TestProtectedNetworkCLIReviewExamplesAndExactApproval/protected-lab.yaml/json","Output":"--- PASS: TestProtectedNetworkCLIReviewExamplesAndExactApproval/protected-lab.yaml/json (0.02s)\n","OutputType":"frame"}
{"Time":"2026-09-08T19:30:50.452906576+03:00","Action":"pass","Package":"virmill.local/core/internal/ui/cli","Test":"TestProtectedNetworkCLIReviewExamplesAndExactApproval/protected-lab.yaml/json","Elapsed":0.02}
{"Time":"2026-09-08T19:30:50.452913081+03:00","Action":"run","Package":"virmill.local/core/internal/ui/cli","Test":"TestProtectedNetworkCLIReviewExamplesAndExactApproval/protected-lab.yaml/ndjson"}
{"Time":"2026-09-08T19:30:50.452915434+03:00","Action":"output","Package":"virmill.local/core/internal/ui/cli","Test":"TestProtectedNetworkCLIReviewExamplesAndExactApproval/protected-lab.yaml/ndjson","Output":"=== RUN   TestProtectedNetworkCLIReviewExamplesAndExactApproval/protected-lab.yaml/ndjson\n","OutputType":"frame"}
{"Time":"2026-09-08T19:30:50.479757673+03:00","Action":"output","Package":"virmill.local/core/internal/ui/cli","Test":"TestProtectedNetworkCLIReviewExamplesAndExactApproval/protected-lab.yaml/ndjson","Output":"--- PASS: TestProtectedNetworkCLIReviewExamplesAndExactApproval/protected-lab.yaml/ndjson (0.03s)\n","OutputType":"frame"}
{"Time":"2026-09-08T19:30:50.479797473+03:00","Action":"pass","Package":"virmill.local/core/internal/ui/cli","Test":"TestProtectedNetworkCLIReviewExamplesAndExactApproval/protected-lab.yaml/ndjson","Elapsed":0.03}
{"Time":"2026-09-08T19:30:50.479808526+03:00","Action":"run","Package":"virmill.local/core/internal/ui/cli","Test":"TestProtectedNetworkCLIReviewExamplesAndExactApproval/protected-static-lab.yaml/json"}
{"Time":"2026-09-08T19:30:50.479811897+03:00","Action":"output","Package":"virmill.local/core/internal/ui/cli","Test":"TestProtectedNetworkCLIReviewExamplesAndExactApproval/protected-static-lab.yaml/json","Output":"=== RUN   TestProtectedNetworkCLIReviewExamplesAndExactApproval/protected-static-lab.yaml/json\n","OutputType":"frame"}
{"Time":"2026-09-08T19:30:50.486149692+03:00","Action":"output","Package":"virmill.local/core/internal/ui/tui","Test":"TestGuestRecipeTUIFailuresClearSuccessfulPreviewAndAuthority/run/SOURCE_CHANGED","Output":"--- PASS: TestGuestRecipeTUIFailuresClearSuccessfulPreviewAndAuthority/run/SOURCE_CHANGED (0.07s)\n","OutputType":"frame"}
{"Time":"2026-09-08T19:30:50.486181293+03:00","Action":"pass","Package":"virmill.local/core/internal/ui/tui","Test":"TestGuestRecipeTUIFailuresClearSuccessfulPreviewAndAuthority/run/SOURCE_CHANGED","Elapsed":0.07}
{"Time":"2026-09-08T19:30:50.486188894+03:00","Action":"run","Package":"virmill.local/core/internal/ui/tui","Test":"TestGuestRecipeTUIFailuresClearSuccessfulPreviewAndAuthority/run/PERMISSION_DENIED"}
{"Time":"2026-09-08T19:30:50.486190756+03:00","Action":"output","Package":"virmill.local/core/internal/ui/tui","Test":"TestGuestRecipeTUIFailuresClearSuccessfulPreviewAndAuthority/run/PERMISSION_DENIED","Output":"=== RUN   TestGuestRecipeTUIFailuresClearSuccessfulPreviewAndAuthority/run/PERMISSION_DENIED\n","OutputType":"frame"}
{"Time":"2026-09-08T19:30:50.501398302+03:00","Action":"output","Package":"virmill.local/core/internal/ui/cli","Test":"TestProtectedNetworkCLIReviewExamplesAndExactApproval/protected-static-lab.yaml/json","Output":"--- PASS: TestProtectedNetworkCLIReviewExamplesAndExactApproval/protected-static-lab.yaml/json (0.02s)\n","OutputType":"frame"}
{"Time":"2026-09-08T19:30:50.50142716+03:00","Action":"pass","Package":"virmill.local/core/internal/ui/cli","Test":"TestProtectedNetworkCLIReviewExamplesAndExactApproval/protected-static-lab.yaml/json","Elapsed":0.02}
{"Time":"2026-09-08T19:30:50.501435008+03:00","Action":"run","Package":"virmill.local/core/internal/ui/cli","Test":"TestProtectedNetworkCLIReviewExamplesAndExactApproval/protected-static-lab.yaml/ndjson"}
{"Time":"2026-09-08T19:30:50.501436804+03:00","Action":"output","Package":"virmill.local/core/internal/ui/cli","Test":"TestProtectedNetworkCLIReviewExamplesAndExactApproval/protected-static-lab.yaml/ndjson","Output":"=== RUN   TestProtectedNetworkCLIReviewExamplesAndExactApproval/protected-static-lab.yaml/ndjson\n","OutputType":"frame"}
{"Time":"2026-09-08T19:30:50.522002716+03:00","Action":"output","Package":"virmill.local/core/internal/ui/cli","Test":"TestProtectedNetworkCLIReviewExamplesAndExactApproval/protected-static-lab.yaml/ndjson","Output":"--- PASS: TestProtectedNetworkCLIReviewExamplesAndExactApproval/protected-static-lab.yaml/ndjson (0.02s)\n","OutputType":"frame"}
{"Time":"2026-09-08T19:30:50.522034892+03:00","Action":"pass","Package":"virmill.local/core/internal/ui/cli","Test":"TestProtectedNetworkCLIReviewExamplesAndExactApproval/protected-static-lab.yaml/ndjson","Elapsed":0.02}
{"Time":"2026-09-08T19:30:50.522068044+03:00","Action":"run","Package":"virmill.local/core/internal/ui/cli","Test":"TestProtectedNetworkCLIReviewExamplesAndExactApproval/guest-only.yaml/json"}
{"Time":"2026-09-08T19:30:50.522081361+03:00","Action":"output","Package":"virmill.local/core/internal/ui/cli","Test":"TestProtectedNetworkCLIReviewExamplesAndExactApproval/guest-only.yaml/json","Output":"=== RUN   TestProtectedNetworkCLIReviewExamplesAndExactApproval/guest-only.yaml/json\n","OutputType":"frame"}
{"Time":"2026-09-08T19:30:50.543356341+03:00","Action":"output","Package":"virmill.local/core/internal/ui/cli","Test":"TestProtectedNetworkCLIReviewExamplesAndExactApproval/guest-only.yaml/json","Output":"--- PASS: TestProtectedNetworkCLIReviewExamplesAndExactApproval/guest-only.yaml/json (0.02s)\n","OutputType":"frame"}
{"Time":"2026-09-08T19:30:50.543400788+03:00","Action":"pass","Package":"virmill.local/core/internal/ui/cli","Test":"TestProtectedNetworkCLIReviewExamplesAndExactApproval/guest-only.yaml/json","Elapsed":0.02}
{"Time":"2026-09-08T19:30:50.543409966+03:00","Action":"run","Package":"virmill.local/core/internal/ui/cli","Test":"TestProtectedNetworkCLIReviewExamplesAndExactApproval/guest-only.yaml/ndjson"}
{"Time":"2026-09-08T19:30:50.543413118+03:00","Action":"output","Package":"virmill.local/core/internal/ui/cli","Test":"TestProtectedNetworkCLIReviewExamplesAndExactApproval/guest-only.yaml/ndjson","Output":"=== RUN   TestProtectedNetworkCLIReviewExamplesAndExactApproval/guest-only.yaml/ndjson\n","OutputType":"frame"}
{"Time":"2026-09-08T19:30:50.559735639+03:00","Action":"output","Package":"virmill.local/core/internal/ui/tui","Test":"TestGuestRecipeTUIFailuresClearSuccessfulPreviewAndAuthority/run/PERMISSION_DENIED","Output":"--- PASS: TestGuestRecipeTUIFailuresClearSuccessfulPreviewAndAuthority/run/PERMISSION_DENIED (0.07s)\n","OutputType":"frame"}
{"Time":"2026-09-08T19:30:50.55977655+03:00","Action":"pass","Package":"virmill.local/core/internal/ui/tui","Test":"TestGuestRecipeTUIFailuresClearSuccessfulPreviewAndAuthority/run/PERMISSION_DENIED","Elapsed":0.07}
{"Time":"2026-09-08T19:30:50.559786374+03:00","Action":"run","Package":"virmill.local/core/internal/ui/tui","Test":"TestGuestRecipeTUIFailuresClearSuccessfulPreviewAndAuthority/run/INVALID_INPUT"}
{"Time":"2026-09-08T19:30:50.559789367+03:00","Action":"output","Package":"virmill.local/core/internal/ui/tui","Test":"TestGuestRecipeTUIFailuresClearSuccessfulPreviewAndAuthority/run/INVALID_INPUT","Output":"=== RUN   TestGuestRecipeTUIFailuresClearSuccessfulPreviewAndAuthority/run/INVALID_INPUT\n","OutputType":"frame"}
{"Time":"2026-09-08T19:30:50.56495148+03:00","Action":"output","Package":"virmill.local/core/internal/ui/cli","Test":"TestProtectedNetworkCLIReviewExamplesAndExactApproval/guest-only.yaml/ndjson","Output":"--- PASS: TestProtectedNetworkCLIReviewExamplesAndExactApproval/guest-only.yaml/ndjson (0.02s)\n","OutputType":"frame"}
{"Time":"2026-09-08T19:30:50.56499561+03:00","Action":"pass","Package":"virmill.local/core/internal/ui/cli","Test":"TestProtectedNetworkCLIReviewExamplesAndExactApproval/guest-only.yaml/ndjson","Elapsed":0.02}
{"Time":"2026-09-08T19:30:50.565007422+03:00","Action":"run","Package":"virmill.local/core/internal/ui/cli","Test":"TestProtectedNetworkCLIReviewExamplesAndExactApproval/protected-guest-only-no-cidr.yaml/json"}
{"Time":"2026-09-08T19:30:50.565010432+03:00","Action":"output","Package":"virmill.local/core/internal/ui/cli","Test":"TestProtectedNetworkCLIReviewExamplesAndExactApproval/protected-guest-only-no-cidr.yaml/json","Output":"=== RUN   TestProtectedNetworkCLIReviewExamplesAndExactApproval/protected-guest-only-no-cidr.yaml/json\n","OutputType":"frame"}
{"Time":"2026-09-08T19:30:50.584717793+03:00","Action":"output","Package":"virmill.local/core/internal/ui/cli","Test":"TestProtectedNetworkCLIReviewExamplesAndExactApproval/protected-guest-only-no-cidr.yaml/json","Output":"--- PASS: TestProtectedNetworkCLIReviewExamplesAndExactApproval/protected-guest-only-no-cidr.yaml/json (0.02s)\n","OutputType":"frame"}
{"Time":"2026-09-08T19:30:50.584753784+03:00","Action":"pass","Package":"virmill.local/core/internal/ui/cli","Test":"TestProtectedNetworkCLIReviewExamplesAndExactApproval/protected-guest-only-no-cidr.yaml/json","Elapsed":0.02}
{"Time":"2026-09-08T19:30:50.584762169+03:00","Action":"run","Package":"virmill.local/core/internal/ui/cli","Test":"TestProtectedNetworkCLIReviewExamplesAndExactApproval/protected-guest-only-no-cidr.yaml/ndjson"}
{"Time":"2026-09-08T19:30:50.584764254+03:00","Action":"output","Package":"virmill.local/core/internal/ui/cli","Test":"TestProtectedNetworkCLIReviewExamplesAndExactApproval/protected-guest-only-no-cidr.yaml/ndjson","Output":"=== RUN   TestProtectedNetworkCLIReviewExamplesAndExactApproval/protected-guest-only-no-cidr.yaml/ndjson\n","OutputType":"frame"}
{"Time":"2026-09-08T19:30:50.604300702+03:00","Action":"output","Package":"virmill.local/core/internal/ui/cli","Test":"TestProtectedNetworkCLIReviewExamplesAndExactApproval/protected-guest-only-no-cidr.yaml/ndjson","Output":"--- PASS: TestProtectedNetworkCLIReviewExamplesAndExactApproval/protected-guest-only-no-cidr.yaml/ndjson (0.02s)\n","OutputType":"frame"}
{"Time":"2026-09-08T19:30:50.604333405+03:00","Action":"pass","Package":"virmill.local/core/internal/ui/cli","Test":"TestProtectedNetworkCLIReviewExamplesAndExactApproval/protected-guest-only-no-cidr.yaml/ndjson","Elapsed":0.02}
{"Time":"2026-09-08T19:30:50.604339965+03:00","Action":"run","Package":"virmill.local/core/internal/ui/cli","Test":"TestProtectedNetworkCLIReviewExamplesAndExactApproval/allowed-host-nat.yaml/json"}
{"Time":"2026-09-08T19:30:50.604342118+03:00","Action":"output","Package":"virmill.local/core/internal/ui/cli","Test":"TestProtectedNetworkCLIReviewExamplesAndExactApproval/allowed-host-nat.yaml/json","Output":"=== RUN   TestProtectedNetworkCLIReviewExamplesAndExactApproval/allowed-host-nat.yaml/json\n","OutputType":"frame"}
{"Time":"2026-09-08T19:30:50.627158618+03:00","Action":"output","Package":"virmill.local/core/internal/ui/cli","Test":"TestProtectedNetworkCLIReviewExamplesAndExactApproval/allowed-host-nat.yaml/json","Output":"--- PASS: TestProtectedNetworkCLIReviewExamplesAndExactApproval/allowed-host-nat.yaml/json (0.02s)\n","OutputType":"frame"}
{"Time":"2026-09-08T19:30:50.627189911+03:00","Action":"pass","Package":"virmill.local/core/internal/ui/cli","Test":"TestProtectedNetworkCLIReviewExamplesAndExactApproval/allowed-host-nat.yaml/json","Elapsed":0.02}
{"Time":"2026-09-08T19:30:50.627200889+03:00","Action":"run","Package":"virmill.local/core/internal/ui/cli","Test":"TestProtectedNetworkCLIReviewExamplesAndExactApproval/allowed-host-nat.yaml/ndjson"}
{"Time":"2026-09-08T19:30:50.627203213+03:00","Action":"output","Package":"virmill.local/core/internal/ui/cli","Test":"TestProtectedNetworkCLIReviewExamplesAndExactApproval/allowed-host-nat.yaml/ndjson","Output":"=== RUN   TestProtectedNetworkCLIReviewExamplesAndExactApproval/allowed-host-nat.yaml/ndjson\n","OutputType":"frame"}
{"Time":"2026-09-08T19:30:50.631257351+03:00","Action":"output","Package":"virmill.local/core/internal/ui/tui","Test":"TestGuestRecipeTUIFailuresClearSuccessfulPreviewAndAuthority/run/INVALID_INPUT","Output":"--- PASS: TestGuestRecipeTUIFailuresClearSuccessfulPreviewAndAuthority/run/INVALID_INPUT (0.07s)\n","OutputType":"frame"}
{"Time":"2026-09-08T19:30:50.631276083+03:00","Action":"pass","Package":"virmill.local/core/internal/ui/tui","Test":"TestGuestRecipeTUIFailuresClearSuccessfulPreviewAndAuthority/run/INVALID_INPUT","Elapsed":0.07}
{"Time":"2026-09-08T19:30:50.631281581+03:00","Action":"run","Package":"virmill.local/core/internal/ui/tui","Test":"TestGuestRecipeTUIFailuresClearSuccessfulPreviewAndAuthority/run/RECOVERY_REQUIRED"}
{"Time":"2026-09-08T19:30:50.631291645+03:00","Action":"output","Package":"virmill.local/core/internal/ui/tui","Test":"TestGuestRecipeTUIFailuresClearSuccessfulPreviewAndAuthority/run/RECOVERY_REQUIRED","Output":"=== RUN   TestGuestRecipeTUIFailuresClearSuccessfulPreviewAndAuthority/run/RECOVERY_REQUIRED\n","OutputType":"frame"}
{"Time":"2026-09-08T19:30:50.648313635+03:00","Action":"output","Package":"virmill.local/core/internal/ui/cli","Test":"TestProtectedNetworkCLIReviewExamplesAndExactApproval/allowed-host-nat.yaml/ndjson","Output":"--- PASS: TestProtectedNetworkCLIReviewExamplesAndExactApproval/allowed-host-nat.yaml/ndjson (0.02s)\n","OutputType":"frame"}
{"Time":"2026-09-08T19:30:50.648334555+03:00","Action":"pass","Package":"virmill.local/core/internal/ui/cli","Test":"TestProtectedNetworkCLIReviewExamplesAndExactApproval/allowed-host-nat.yaml/ndjson","Elapsed":0.02}
{"Time":"2026-09-08T19:30:50.648342875+03:00","Action":"run","Package":"virmill.local/core/internal/ui/cli","Test":"TestProtectedNetworkCLIReviewExamplesAndExactApproval/allowed-host-lab.yaml/json"}
{"Time":"2026-09-08T19:30:50.648344833+03:00","Action":"output","Package":"virmill.local/core/internal/ui/cli","Test":"TestProtectedNetworkCLIReviewExamplesAndExactApproval/allowed-host-lab.yaml/json","Output":"=== RUN   TestProtectedNetworkCLIReviewExamplesAndExactApproval/allowed-host-lab.yaml/json\n","OutputType":"frame"}
{"Time":"2026-09-08T19:30:50.670010948+03:00","Action":"output","Package":"virmill.local/core/internal/ui/cli","Test":"TestProtectedNetworkCLIReviewExamplesAndExactApproval/allowed-host-lab.yaml/json","Output":"--- PASS: TestProtectedNetworkCLIReviewExamplesAndExactApproval/allowed-host-lab.yaml/json (0.02s)\n","OutputType":"frame"}
{"Time":"2026-09-08T19:30:50.670047203+03:00","Action":"pass","Package":"virmill.local/core/internal/ui/cli","Test":"TestProtectedNetworkCLIReviewExamplesAndExactApproval/allowed-host-lab.yaml/json","Elapsed":0.02}
{"Time":"2026-09-08T19:30:50.670058645+03:00","Action":"run","Package":"virmill.local/core/internal/ui/cli","Test":"TestProtectedNetworkCLIReviewExamplesAndExactApproval/allowed-host-lab.yaml/ndjson"}
{"Time":"2026-09-08T19:30:50.670062136+03:00","Action":"output","Package":"virmill.local/core/internal/ui/cli","Test":"TestProtectedNetworkCLIReviewExamplesAndExactApproval/allowed-host-lab.yaml/ndjson","Output":"=== RUN   TestProtectedNetworkCLIReviewExamplesAndExactApproval/allowed-host-lab.yaml/ndjson\n","OutputType":"frame"}
{"Time":"2026-09-08T19:30:50.689177645+03:00","Action":"output","Package":"virmill.local/core/internal/ui/cli","Test":"TestProtectedNetworkCLIReviewExamplesAndExactApproval/allowed-host-lab.yaml/ndjson","Output":"--- PASS: TestProtectedNetworkCLIReviewExamplesAndExactApproval/allowed-host-lab.yaml/ndjson (0.02s)\n","OutputType":"frame"}
{"Time":"2026-09-08T19:30:50.689213356+03:00","Action":"pass","Package":"virmill.local/core/internal/ui/cli","Test":"TestProtectedNetworkCLIReviewExamplesAndExactApproval/allowed-host-lab.yaml/ndjson","Elapsed":0.02}
{"Time":"2026-09-08T19:30:50.689220666+03:00","Action":"output","Package":"virmill.local/core/internal/ui/cli","Test":"TestProtectedNetworkCLIReviewExamplesAndExactApproval","Output":"--- PASS: TestProtectedNetworkCLIReviewExamplesAndExactApproval (0.30s)\n","OutputType":"frame"}
{"Time":"2026-09-08T19:30:50.689223039+03:00","Action":"pass","Package":"virmill.local/core/internal/ui/cli","Test":"TestProtectedNetworkCLIReviewExamplesAndExactApproval","Elapsed":0.3}
{"Time":"2026-09-08T19:30:50.689225413+03:00","Action":"run","Package":"virmill.local/core/internal/ui/cli","Test":"TestProtectedNetworkCLICancellationAndValidationDoNotExposeSuccess"}
{"Time":"2026-09-08T19:30:50.689226618+03:00","Action":"output","Package":"virmill.local/core/internal/ui/cli","Test":"TestProtectedNetworkCLICancellationAndValidationDoNotExposeSuccess","Output":"=== RUN   TestProtectedNetworkCLICancellationAndValidationDoNotExposeSuccess\n","OutputType":"frame"}
{"Time":"2026-09-08T19:30:50.689250584+03:00","Action":"run","Package":"virmill.local/core/internal/ui/cli","Test":"TestProtectedNetworkCLICancellationAndValidationDoNotExposeSuccess/canceled"}
{"Time":"2026-09-08T19:30:50.689252593+03:00","Action":"output","Package":"virmill.local/core/internal/ui/cli","Test":"TestProtectedNetworkCLICancellationAndValidationDoNotExposeSuccess/canceled","Output":"=== RUN   TestProtectedNetworkCLICancellationAndValidationDoNotExposeSuccess/canceled\n","OutputType":"frame"}
{"Time":"2026-09-08T19:30:50.691516351+03:00","Action":"output","Package":"virmill.local/core/internal/ui/cli","Test":"TestProtectedNetworkCLICancellationAndValidationDoNotExposeSuccess/canceled","Output":"--- PASS: TestProtectedNetworkCLICancellationAndValidationDoNotExposeSuccess/canceled (0.00s)\n","OutputType":"frame"}
{"Time":"2026-09-08T19:30:50.691528928+03:00","Action":"pass","Package":"virmill.local/core/internal/ui/cli","Test":"TestProtectedNetworkCLICancellationAndValidationDoNotExposeSuccess/canceled","Elapsed":0}
{"Time":"2026-09-08T19:30:50.691546739+03:00","Action":"run","Package":"virmill.local/core/internal/ui/cli","Test":"TestProtectedNetworkCLICancellationAndValidationDoNotExposeSuccess/session"}
{"Time":"2026-09-08T19:30:50.691548842+03:00","Action":"output","Package":"virmill.local/core/internal/ui/cli","Test":"TestProtectedNetworkCLICancellationAndValidationDoNotExposeSuccess/session","Output":"=== RUN   TestProtectedNetworkCLICancellationAndValidationDoNotExposeSuccess/session\n","OutputType":"frame"}
{"Time":"2026-09-08T19:30:50.693514518+03:00","Action":"output","Package":"virmill.local/core/internal/ui/tui","Test":"TestGuestRecipeTUIFailuresClearSuccessfulPreviewAndAuthority/run/RECOVERY_REQUIRED","Output":"--- PASS: TestGuestRecipeTUIFailuresClearSuccessfulPreviewAndAuthority/run/RECOVERY_REQUIRED (0.06s)\n","OutputType":"frame"}
{"Time":"2026-09-08T19:30:50.693527059+03:00","Action":"pass","Package":"virmill.local/core/internal/ui/tui","Test":"TestGuestRecipeTUIFailuresClearSuccessfulPreviewAndAuthority/run/RECOVERY_REQUIRED","Elapsed":0.06}
{"Time":"2026-09-08T19:30:50.69354808+03:00","Action":"run","Package":"virmill.local/core/internal/ui/tui","Test":"TestGuestRecipeTUIFailuresClearSuccessfulPreviewAndAuthority/run/canceled"}
{"Time":"2026-09-08T19:30:50.69354972+03:00","Action":"output","Package":"virmill.local/core/internal/ui/tui","Test":"TestGuestRecipeTUIFailuresClearSuccessfulPreviewAndAuthority/run/canceled","Output":"=== RUN   TestGuestRecipeTUIFailuresClearSuccessfulPreviewAndAuthority/run/canceled\n","OutputType":"frame"}
{"Time":"2026-09-08T19:30:50.693597331+03:00","Action":"output","Package":"virmill.local/core/internal/ui/cli","Test":"TestProtectedNetworkCLICancellationAndValidationDoNotExposeSuccess/session","Output":"--- PASS: TestProtectedNetworkCLICancellationAndValidationDoNotExposeSuccess/session (0.00s)\n","OutputType":"frame"}
{"Time":"2026-09-08T19:30:50.693613965+03:00","Action":"pass","Package":"virmill.local/core/internal/ui/cli","Test":"TestProtectedNetworkCLICancellationAndValidationDoNotExposeSuccess/session","Elapsed":0}
{"Time":"2026-09-08T19:30:50.693642774+03:00","Action":"run","Package":"virmill.local/core/internal/ui/cli","Test":"TestProtectedNetworkCLICancellationAndValidationDoNotExposeSuccess/unexpected-input"}
{"Time":"2026-09-08T19:30:50.693645294+03:00","Action":"output","Package":"virmill.local/core/internal/ui/cli","Test":"TestProtectedNetworkCLICancellationAndValidationDoNotExposeSuccess/unexpected-input","Output":"=== RUN   TestProtectedNetworkCLICancellationAndValidationDoNotExposeSuccess/unexpected-input\n","OutputType":"frame"}
{"Time":"2026-09-08T19:30:50.696510712+03:00","Action":"output","Package":"virmill.local/core/internal/ui/cli","Test":"TestProtectedNetworkCLICancellationAndValidationDoNotExposeSuccess/unexpected-input","Output":"--- PASS: TestProtectedNetworkCLICancellationAndValidationDoNotExposeSuccess/unexpected-input (0.00s)\n","OutputType":"frame"}
{"Time":"2026-09-08T19:30:50.696531228+03:00","Action":"pass","Package":"virmill.local/core/internal/ui/cli","Test":"TestProtectedNetworkCLICancellationAndValidationDoNotExposeSuccess/unexpected-input","Elapsed":0}
{"Time":"2026-09-08T19:30:50.696537459+03:00","Action":"output","Package":"virmill.local/core/internal/ui/cli","Test":"TestProtectedNetworkCLICancellationAndValidationDoNotExposeSuccess","Output":"--- PASS: TestProtectedNetworkCLICancellationAndValidationDoNotExposeSuccess (0.01s)\n","OutputType":"frame"}
{"Time":"2026-09-08T19:30:50.696544918+03:00","Action":"pass","Package":"virmill.local/core/internal/ui/cli","Test":"TestProtectedNetworkCLICancellationAndValidationDoNotExposeSuccess","Elapsed":0.01}
{"Time":"2026-09-08T19:30:50.696560741+03:00","Action":"run","Package":"virmill.local/core/internal/ui/cli","Test":"TestBackupPolicyCommandsNormalizePathsAndNeverApply"}
{"Time":"2026-09-08T19:30:50.696562759+03:00","Action":"output","Package":"virmill.local/core/internal/ui/cli","Test":"TestBackupPolicyCommandsNormalizePathsAndNeverApply","Output":"=== RUN   TestBackupPolicyCommandsNormalizePathsAndNeverApply\n","OutputType":"frame"}
{"Time":"2026-09-08T19:30:50.697600242+03:00","Action":"output","Package":"virmill.local/core/internal/ui/cli","Test":"TestBackupPolicyCommandsNormalizePathsAndNeverApply","Output":"--- PASS: TestBackupPolicyCommandsNormalizePathsAndNeverApply (0.00s)\n","OutputType":"frame"}
{"Time":"2026-09-08T19:30:50.697615976+03:00","Action":"pass","Package":"virmill.local/core/internal/ui/cli","Test":"TestBackupPolicyCommandsNormalizePathsAndNeverApply","Elapsed":0}
{"Time":"2026-09-08T19:30:50.69763061+03:00","Action":"run","Package":"virmill.local/core/internal/ui/cli","Test":"TestProviderConformanceUsesSharedPluginTest"}
{"Time":"2026-09-08T19:30:50.697633518+03:00","Action":"output","Package":"virmill.local/core/internal/ui/cli","Test":"TestProviderConformanceUsesSharedPluginTest","Output":"=== RUN   TestProviderConformanceUsesSharedPluginTest\n","OutputType":"frame"}
{"Time":"2026-09-08T19:30:50.698140588+03:00","Action":"output","Package":"virmill.local/core/internal/ui/cli","Test":"TestProviderConformanceUsesSharedPluginTest","Output":"--- PASS: TestProviderConformanceUsesSharedPluginTest (0.00s)\n","OutputType":"frame"}
{"Time":"2026-09-08T19:30:50.698143906+03:00","Action":"pass","Package":"virmill.local/core/internal/ui/cli","Test":"TestProviderConformanceUsesSharedPluginTest","Elapsed":0}
{"Time":"2026-09-08T19:30:50.69815331+03:00","Action":"run","Package":"virmill.local/core/internal/ui/cli","Test":"TestRebootUsesSharedPlanWithoutApplying"}
{"Time":"2026-09-08T19:30:50.698155475+03:00","Action":"output","Package":"virmill.local/core/internal/ui/cli","Test":"TestRebootUsesSharedPlanWithoutApplying","Output":"=== RUN   TestRebootUsesSharedPlanWithoutApplying\n","OutputType":"frame"}
{"Time":"2026-09-08T19:30:50.698594102+03:00","Action":"output","Package":"virmill.local/core/internal/ui/cli","Test":"TestRebootUsesSharedPlanWithoutApplying","Output":"--- PASS: TestRebootUsesSharedPlanWithoutApplying (0.00s)\n","OutputType":"frame"}
{"Time":"2026-09-08T19:30:50.698604266+03:00","Action":"pass","Package":"virmill.local/core/internal/ui/cli","Test":"TestRebootUsesSharedPlanWithoutApplying","Elapsed":0}
{"Time":"2026-09-08T19:30:50.698612929+03:00","Action":"run","Package":"virmill.local/core/internal/ui/cli","Test":"TestRecoveryInspectionAndDeclaredVerificationUseSharedService"}
{"Time":"2026-09-08T19:30:50.698614679+03:00","Action":"output","Package":"virmill.local/core/internal/ui/cli","Test":"TestRecoveryInspectionAndDeclaredVerificationUseSharedService","Output":"=== RUN   TestRecoveryInspectionAndDeclaredVerificationUseSharedService\n","OutputType":"frame"}
{"Time":"2026-09-08T19:30:50.699553858+03:00","Action":"output","Package":"virmill.local/core/internal/ui/cli","Test":"TestRecoveryInspectionAndDeclaredVerificationUseSharedService","Output":"--- PASS: TestRecoveryInspectionAndDeclaredVerificationUseSharedService (0.00s)\n","OutputType":"frame"}
{"Time":"2026-09-08T19:30:50.699564795+03:00","Action":"pass","Package":"virmill.local/core/internal/ui/cli","Test":"TestRecoveryInspectionAndDeclaredVerificationUseSharedService","Elapsed":0}
{"Time":"2026-09-08T19:30:50.699580945+03:00","Action":"run","Package":"virmill.local/core/internal/ui/cli","Test":"TestRecoveryCLIManifestRootReachesActualMemberVerification"}
{"Time":"2026-09-08T19:30:50.699583129+03:00","Action":"output","Package":"virmill.local/core/internal/ui/cli","Test":"TestRecoveryCLIManifestRootReachesActualMemberVerification","Output":"=== RUN   TestRecoveryCLIManifestRootReachesActualMemberVerification\n","OutputType":"frame"}
{"Time":"2026-09-08T19:30:50.707184413+03:00","Action":"output","Package":"virmill.local/core/internal/ui/cli","Test":"TestRecoveryCLIManifestRootReachesActualMemberVerification","Output":"--- PASS: TestRecoveryCLIManifestRootReachesActualMemberVerification (0.01s)\n","OutputType":"frame"}
{"Time":"2026-09-08T19:30:50.707201132+03:00","Action":"pass","Package":"virmill.local/core/internal/ui/cli","Test":"TestRecoveryCLIManifestRootReachesActualMemberVerification","Elapsed":0.01}
{"Time":"2026-09-08T19:30:50.707206729+03:00","Action":"run","Package":"virmill.local/core/internal/ui/cli","Test":"TestRecoveryCLIFailuresAndCancellationAreVisible"}
{"Time":"2026-09-08T19:30:50.707209346+03:00","Action":"output","Package":"virmill.local/core/internal/ui/cli","Test":"TestRecoveryCLIFailuresAndCancellationAreVisible","Output":"=== RUN   TestRecoveryCLIFailuresAndCancellationAreVisible\n","OutputType":"frame"}
{"Time":"2026-09-08T19:30:50.707212166+03:00","Action":"run","Package":"virmill.local/core/internal/ui/cli","Test":"TestRecoveryCLIFailuresAndCancellationAreVisible/unsupported-native-adapter"}
{"Time":"2026-09-08T19:30:50.707214421+03:00","Action":"output","Package":"virmill.local/core/internal/ui/cli","Test":"TestRecoveryCLIFailuresAndCancellationAreVisible/unsupported-native-adapter","Output":"=== RUN   TestRecoveryCLIFailuresAndCancellationAreVisible/unsupported-native-adapter\n","OutputType":"frame"}
{"Time":"2026-09-08T19:30:50.708138363+03:00","Action":"output","Package":"virmill.local/core/internal/ui/cli","Test":"TestRecoveryCLIFailuresAndCancellationAreVisible/unsupported-native-adapter","Output":"--- PASS: TestRecoveryCLIFailuresAndCancellationAreVisible/unsupported-native-adapter (0.00s)\n","OutputType":"frame"}
{"Time":"2026-09-08T19:30:50.708151756+03:00","Action":"pass","Package":"virmill.local/core/internal/ui/cli","Test":"TestRecoveryCLIFailuresAndCancellationAreVisible/unsupported-native-adapter","Elapsed":0}
{"Time":"2026-09-08T19:30:50.708156252+03:00","Action":"run","Package":"virmill.local/core/internal/ui/cli","Test":"TestRecoveryCLIFailuresAndCancellationAreVisible/canceled-inspection"}
{"Time":"2026-09-08T19:30:50.708158843+03:00","Action":"output","Package":"virmill.local/core/internal/ui/cli","Test":"TestRecoveryCLIFailuresAndCancellationAreVisible/canceled-inspection","Output":"=== RUN   TestRecoveryCLIFailuresAndCancellationAreVisible/canceled-inspection\n","OutputType":"frame"}
{"Time":"2026-09-08T19:30:50.70860454+03:00","Action":"output","Package":"virmill.local/core/internal/ui/cli","Test":"TestRecoveryCLIFailuresAndCancellationAreVisible/canceled-inspection","Output":"--- PASS: TestRecoveryCLIFailuresAndCancellationAreVisible/canceled-inspection (0.00s)\n","OutputType":"frame"}
{"Time":"2026-09-08T19:30:50.708613183+03:00","Action":"pass","Package":"virmill.local/core/internal/ui/cli","Test":"TestRecoveryCLIFailuresAndCancellationAreVisible/canceled-inspection","Elapsed":0}
{"Time":"2026-09-08T19:30:50.708630344+03:00","Action":"run","Package":"virmill.local/core/internal/ui/cli","Test":"TestRecoveryCLIFailuresAndCancellationAreVisible/canceled-member-verification"}
{"Time":"2026-09-08T19:30:50.7086325+03:00","Action":"output","Package":"virmill.local/core/internal/ui/cli","Test":"TestRecoveryCLIFailuresAndCancellationAreVisible/canceled-member-verification","Output":"=== RUN   TestRecoveryCLIFailuresAndCancellationAreVisible/canceled-member-verification\n","OutputType":"frame"}
{"Time":"2026-09-08T19:30:50.709238158+03:00","Action":"output","Package":"virmill.local/core/internal/ui/cli","Test":"TestRecoveryCLIFailuresAndCancellationAreVisible/canceled-member-verification","Output":"--- PASS: TestRecoveryCLIFailuresAndCancellationAreVisible/canceled-member-verification (0.00s)\n","OutputType":"frame"}
{"Time":"2026-09-08T19:30:50.709247769+03:00","Action":"pass","Package":"virmill.local/core/internal/ui/cli","Test":"TestRecoveryCLIFailuresAndCancellationAreVisible/canceled-member-verification","Elapsed":0}
{"Time":"2026-09-08T19:30:50.709254942+03:00","Action":"run","Package":"virmill.local/core/internal/ui/cli","Test":"TestRecoveryCLIFailuresAndCancellationAreVisible/transport-failure"}
{"Time":"2026-09-08T19:30:50.709256506+03:00","Action":"output","Package":"virmill.local/core/internal/ui/cli","Test":"TestRecoveryCLIFailuresAndCancellationAreVisible/transport-failure","Output":"=== RUN   TestRecoveryCLIFailuresAndCancellationAreVisible/transport-failure\n","OutputType":"frame"}
{"Time":"2026-09-08T19:30:50.709936752+03:00","Action":"output","Package":"virmill.local/core/internal/ui/cli","Test":"TestRecoveryCLIFailuresAndCancellationAreVisible/transport-failure","Output":"--- PASS: TestRecoveryCLIFailuresAndCancellationAreVisible/transport-failure (0.00s)\n","OutputType":"frame"}
{"Time":"2026-09-08T19:30:50.709942004+03:00","Action":"pass","Package":"virmill.local/core/internal/ui/cli","Test":"TestRecoveryCLIFailuresAndCancellationAreVisible/transport-failure","Elapsed":0}
{"Time":"2026-09-08T19:30:50.709958842+03:00","Action":"output","Package":"virmill.local/core/internal/ui/cli","Test":"TestRecoveryCLIFailuresAndCancellationAreVisible","Output":"--- PASS: TestRecoveryCLIFailuresAndCancellationAreVisible (0.00s)\n","OutputType":"frame"}
{"Time":"2026-09-08T19:30:50.709970023+03:00","Action":"pass","Package":"virmill.local/core/internal/ui/cli","Test":"TestRecoveryCLIFailuresAndCancellationAreVisible","Elapsed":0}
{"Time":"2026-09-08T19:30:50.709979734+03:00","Action":"run","Package":"virmill.local/core/internal/ui/cli","Test":"TestRecoveryCLIStrictInputAndPathNormalizationRefuseBeforeDispatch"}
{"Time":"2026-09-08T19:30:50.709981865+03:00","Action":"output","Package":"virmill.local/core/internal/ui/cli","Test":"TestRecoveryCLIStrictInputAndPathNormalizationRefuseBeforeDispatch","Output":"=== RUN   TestRecoveryCLIStrictInputAndPathNormalizationRefuseBeforeDispatch\n","OutputType":"frame"}
{"Time":"2026-09-08T19:30:50.712926058+03:00","Action":"output","Package":"virmill.local/core/internal/ui/cli","Test":"TestRecoveryCLIStrictInputAndPathNormalizationRefuseBeforeDispatch","Output":"--- PASS: TestRecoveryCLIStrictInputAndPathNormalizationRefuseBeforeDispatch (0.00s)\n","OutputType":"frame"}
{"Time":"2026-09-08T19:30:50.712945349+03:00","Action":"pass","Package":"virmill.local/core/internal/ui/cli","Test":"TestRecoveryCLIStrictInputAndPathNormalizationRefuseBeforeDispatch","Elapsed":0}
{"Time":"2026-09-08T19:30:50.712950536+03:00","Action":"run","Package":"virmill.local/core/internal/ui/cli","Test":"TestManagedVolumeAccessUsesSharedService"}
{"Time":"2026-09-08T19:30:50.712956369+03:00","Action":"output","Package":"virmill.local/core/internal/ui/cli","Test":"TestManagedVolumeAccessUsesSharedService","Output":"=== RUN   TestManagedVolumeAccessUsesSharedService\n","OutputType":"frame"}
{"Time":"2026-09-08T19:30:50.714720321+03:00","Action":"output","Package":"virmill.local/core/internal/ui/cli","Test":"TestManagedVolumeAccessUsesSharedService","Output":"--- PASS: TestManagedVolumeAccessUsesSharedService (0.00s)\n","OutputType":"frame"}
{"Time":"2026-09-08T19:30:50.714730959+03:00","Action":"pass","Package":"virmill.local/core/internal/ui/cli","Test":"TestManagedVolumeAccessUsesSharedService","Elapsed":0}
{"Time":"2026-09-08T19:30:50.714736377+03:00","Action":"run","Package":"virmill.local/core/internal/ui/cli","Test":"TestCleanJSONNoninteractiveAndSharedMethod"}
{"Time":"2026-09-08T19:30:50.714737664+03:00","Action":"output","Package":"virmill.local/core/internal/ui/cli","Test":"TestCleanJSONNoninteractiveAndSharedMethod","Output":"=== RUN   TestCleanJSONNoninteractiveAndSharedMethod\n","OutputType":"frame"}
{"Time":"2026-09-08T19:30:50.71566173+03:00","Action":"output","Package":"virmill.local/core/internal/ui/cli","Test":"TestCleanJSONNoninteractiveAndSharedMethod","Output":"--- PASS: TestCleanJSONNoninteractiveAndSharedMethod (0.00s)\n","OutputType":"frame"}
{"Time":"2026-09-08T19:30:50.715669458+03:00","Action":"pass","Package":"virmill.local/core/internal/ui/cli","Test":"TestCleanJSONNoninteractiveAndSharedMethod","Elapsed":0}
{"Time":"2026-09-08T19:30:50.715680884+03:00","Action":"run","Package":"virmill.local/core/internal/ui/cli","Test":"TestPlanApplyRequiresExplicitBinding"}
{"Time":"2026-09-08T19:30:50.715683518+03:00","Action":"output","Package":"virmill.local/core/internal/ui/cli","Test":"TestPlanApplyRequiresExplicitBinding","Output":"=== RUN   TestPlanApplyRequiresExplicitBinding\n","OutputType":"frame"}
{"Time":"2026-09-08T19:30:50.716085246+03:00","Action":"output","Package":"virmill.local/core/internal/ui/cli","Test":"TestPlanApplyRequiresExplicitBinding","Output":"--- PASS: TestPlanApplyRequiresExplicitBinding (0.00s)\n","OutputType":"frame"}
{"Time":"2026-09-08T19:30:50.716089685+03:00","Action":"pass","Package":"virmill.local/core/internal/ui/cli","Test":"TestPlanApplyRequiresExplicitBinding","Elapsed":0}
{"Time":"2026-09-08T19:30:50.716105633+03:00","Action":"run","Package":"virmill.local/core/internal/ui/cli","Test":"TestPluginPlansUseSharedServiceAndExplicitInputs"}
{"Time":"2026-09-08T19:30:50.716107846+03:00","Action":"output","Package":"virmill.local/core/internal/ui/cli","Test":"TestPluginPlansUseSharedServiceAndExplicitInputs","Output":"=== RUN   TestPluginPlansUseSharedServiceAndExplicitInputs\n","OutputType":"frame"}
{"Time":"2026-09-08T19:30:50.718498621+03:00","Action":"output","Package":"virmill.local/core/internal/ui/cli","Test":"TestPluginPlansUseSharedServiceAndExplicitInputs","Output":"--- PASS: TestPluginPlansUseSharedServiceAndExplicitInputs (0.00s)\n","OutputType":"frame"}
{"Time":"2026-09-08T19:30:50.718516286+03:00","Action":"pass","Package":"virmill.local/core/internal/ui/cli","Test":"TestPluginPlansUseSharedServiceAndExplicitInputs","Elapsed":0}
{"Time":"2026-09-08T19:30:50.718538804+03:00","Action":"run","Package":"virmill.local/core/internal/ui/cli","Test":"TestImportPreparationUsesSharedService"}
{"Time":"2026-09-08T19:30:50.718541264+03:00","Action":"output","Package":"virmill.local/core/internal/ui/cli","Test":"TestImportPreparationUsesSharedService","Output":"=== RUN   TestImportPreparationUsesSharedService\n","OutputType":"frame"}
{"Time":"2026-09-08T19:30:50.719818199+03:00","Action":"output","Package":"virmill.local/core/internal/ui/cli","Test":"TestImportPreparationUsesSharedService","Output":"--- PASS: TestImportPreparationUsesSharedService (0.00s)\n","OutputType":"frame"}
{"Time":"2026-09-08T19:30:50.719838567+03:00","Action":"pass","Package":"virmill.local/core/internal/ui/cli","Test":"TestImportPreparationUsesSharedService","Elapsed":0}
{"Time":"2026-09-08T19:30:50.719866127+03:00","Action":"run","Package":"virmill.local/core/internal/ui/cli","Test":"TestExistingDiskPreparationUsesSharedService"}
{"Time":"2026-09-08T19:30:50.719868502+03:00","Action":"output","Package":"virmill.local/core/internal/ui/cli","Test":"TestExistingDiskPreparationUsesSharedService","Output":"=== RUN   TestExistingDiskPreparationUsesSharedService\n","OutputType":"frame"}
{"Time":"2026-09-08T19:30:50.721221292+03:00","Action":"output","Package":"virmill.local/core/internal/ui/cli","Test":"TestExistingDiskPreparationUsesSharedService","Output":"--- PASS: TestExistingDiskPreparationUsesSharedService (0.00s)\n","OutputType":"frame"}
{"Time":"2026-09-08T19:30:50.721241052+03:00","Action":"pass","Package":"virmill.local/core/internal/ui/cli","Test":"TestExistingDiskPreparationUsesSharedService","Elapsed":0}
{"Time":"2026-09-08T19:30:50.721264955+03:00","Action":"run","Package":"virmill.local/core/internal/ui/cli","Test":"TestInstallationPreparationUsesSharedService"}
{"Time":"2026-09-08T19:30:50.721267125+03:00","Action":"output","Package":"virmill.local/core/internal/ui/cli","Test":"TestInstallationPreparationUsesSharedService","Output":"=== RUN   TestInstallationPreparationUsesSharedService\n","OutputType":"frame"}
{"Time":"2026-09-08T19:30:50.722595575+03:00","Action":"output","Package":"virmill.local/core/internal/ui/cli","Test":"TestInstallationPreparationUsesSharedService","Output":"--- PASS: TestInstallationPreparationUsesSharedService (0.00s)\n","OutputType":"frame"}
{"Time":"2026-09-08T19:30:50.722618048+03:00","Action":"pass","Package":"virmill.local/core/internal/ui/cli","Test":"TestInstallationPreparationUsesSharedService","Elapsed":0}
{"Time":"2026-09-08T19:30:50.722639257+03:00","Action":"run","Package":"virmill.local/core/internal/ui/cli","Test":"TestResourceInventoryCommandsPreserveExplicitConnection"}
{"Time":"2026-09-08T19:30:50.722641888+03:00","Action":"output","Package":"virmill.local/core/internal/ui/cli","Test":"TestResourceInventoryCommandsPreserveExplicitConnection","Output":"=== RUN   TestResourceInventoryCommandsPreserveExplicitConnection\n","OutputType":"frame"}
{"Time":"2026-09-08T19:30:50.724806039+03:00","Action":"output","Package":"virmill.local/core/internal/ui/cli","Test":"TestResourceInventoryCommandsPreserveExplicitConnection","Output":"--- PASS: TestResourceInventoryCommandsPreserveExplicitConnection (0.00s)\n","OutputType":"frame"}
{"Time":"2026-09-08T19:30:50.724813921+03:00","Action":"pass","Package":"virmill.local/core/internal/ui/cli","Test":"TestResourceInventoryCommandsPreserveExplicitConnection","Elapsed":0}
{"Time":"2026-09-08T19:30:50.724818659+03:00","Action":"run","Package":"virmill.local/core/internal/ui/cli","Test":"TestCreationAndRecoveryCommandsUseSharedService"}
{"Time":"2026-09-08T19:30:50.724820003+03:00","Action":"output","Package":"virmill.local/core/internal/ui/cli","Test":"TestCreationAndRecoveryCommandsUseSharedService","Output":"=== RUN   TestCreationAndRecoveryCommandsUseSharedService\n","OutputType":"frame"}
{"Time":"2026-09-08T19:30:50.728488616+03:00","Action":"output","Package":"virmill.local/core/internal/ui/cli","Test":"TestCreationAndRecoveryCommandsUseSharedService","Output":"--- PASS: TestCreationAndRecoveryCommandsUseSharedService (0.00s)\n","OutputType":"frame"}
{"Time":"2026-09-08T19:30:50.728512659+03:00","Action":"pass","Package":"virmill.local/core/internal/ui/cli","Test":"TestCreationAndRecoveryCommandsUseSharedService","Elapsed":0}
{"Time":"2026-09-08T19:30:50.728517367+03:00","Action":"run","Package":"virmill.local/core/internal/ui/cli","Test":"TestNoCloudCreationOptionsUseSharedService"}
{"Time":"2026-09-08T19:30:50.728520859+03:00","Action":"output","Package":"virmill.local/core/internal/ui/cli","Test":"TestNoCloudCreationOptionsUseSharedService","Output":"=== RUN   TestNoCloudCreationOptionsUseSharedService\n","OutputType":"frame"}
{"Time":"2026-09-08T19:30:50.729679281+03:00","Action":"output","Package":"virmill.local/core/internal/ui/cli","Test":"TestNoCloudCreationOptionsUseSharedService","Output":"--- PASS: TestNoCloudCreationOptionsUseSharedService (0.00s)\n","OutputType":"frame"}
{"Time":"2026-09-08T19:30:50.72969542+03:00","Action":"pass","Package":"virmill.local/core/internal/ui/cli","Test":"TestNoCloudCreationOptionsUseSharedService","Elapsed":0}
{"Time":"2026-09-08T19:30:50.729705581+03:00","Action":"run","Package":"virmill.local/core/internal/ui/cli","Test":"TestFixedResourcesUseSharedPlanning"}
{"Time":"2026-09-08T19:30:50.729708673+03:00","Action":"output","Package":"virmill.local/core/internal/ui/cli","Test":"TestFixedResourcesUseSharedPlanning","Output":"=== RUN   TestFixedResourcesUseSharedPlanning\n","OutputType":"frame"}
{"Time":"2026-09-08T19:30:50.730244092+03:00","Action":"output","Package":"virmill.local/core/internal/ui/cli","Test":"TestFixedResourcesUseSharedPlanning","Output":"--- PASS: TestFixedResourcesUseSharedPlanning (0.00s)\n","OutputType":"frame"}
{"Time":"2026-09-08T19:30:50.730256754+03:00","Action":"pass","Package":"virmill.local/core/internal/ui/cli","Test":"TestFixedResourcesUseSharedPlanning","Elapsed":0}
{"Time":"2026-09-08T19:30:50.73026378+03:00","Action":"run","Package":"virmill.local/core/internal/ui/cli","Test":"TestBootAndMediaCommandsUseSharedService"}
{"Time":"2026-09-08T19:30:50.730266811+03:00","Action":"output","Package":"virmill.local/core/internal/ui/cli","Test":"TestBootAndMediaCommandsUseSharedService","Output":"=== RUN   TestBootAndMediaCommandsUseSharedService\n","OutputType":"frame"}
{"Time":"2026-09-08T19:30:50.732269429+03:00","Action":"output","Package":"virmill.local/core/internal/ui/cli","Test":"TestBootAndMediaCommandsUseSharedService","Output":"--- PASS: TestBootAndMediaCommandsUseSharedService (0.00s)\n","OutputType":"frame"}
{"Time":"2026-09-08T19:30:50.732289962+03:00","Action":"pass","Package":"virmill.local/core/internal/ui/cli","Test":"TestBootAndMediaCommandsUseSharedService","Elapsed":0}
{"Time":"2026-09-08T19:30:50.732295108+03:00","Action":"run","Package":"virmill.local/core/internal/ui/cli","Test":"TestCLIPlanDisplaysSharedDowntimeEstimate"}
{"Time":"2026-09-08T19:30:50.732297807+03:00","Action":"output","Package":"virmill.local/core/internal/ui/cli","Test":"TestCLIPlanDisplaysSharedDowntimeEstimate","Output":"=== RUN   TestCLIPlanDisplaysSharedDowntimeEstimate\n","OutputType":"frame"}
{"Time":"2026-09-08T19:30:50.732649116+03:00","Action":"output","Package":"virmill.local/core/internal/ui/cli","Test":"TestCLIPlanDisplaysSharedDowntimeEstimate","Output":"--- PASS: TestCLIPlanDisplaysSharedDowntimeEstimate (0.00s)\n","OutputType":"frame"}
{"Time":"2026-09-08T19:30:50.732662573+03:00","Action":"pass","Package":"virmill.local/core/internal/ui/cli","Test":"TestCLIPlanDisplaysSharedDowntimeEstimate","Elapsed":0}
{"Time":"2026-09-08T19:30:50.732666371+03:00","Action":"run","Package":"virmill.local/core/internal/ui/cli","Test":"TestCLIActiveCreationResultIsObservationNotFailureOrCompletion"}
{"Time":"2026-09-08T19:30:50.732667953+03:00","Action":"output","Package":"virmill.local/core/internal/ui/cli","Test":"TestCLIActiveCreationResultIsObservationNotFailureOrCompletion","Output":"=== RUN   TestCLIActiveCreationResultIsObservationNotFailureOrCompletion\n","OutputType":"frame"}
{"Time":"2026-09-08T19:30:50.733347592+03:00","Action":"output","Package":"virmill.local/core/internal/ui/cli","Test":"TestCLIActiveCreationResultIsObservationNotFailureOrCompletion","Output":"--- PASS: TestCLIActiveCreationResultIsObservationNotFailureOrCompletion (0.00s)\n","OutputType":"frame"}
{"Time":"2026-09-08T19:30:50.73335361+03:00","Action":"pass","Package":"virmill.local/core/internal/ui/cli","Test":"TestCLIActiveCreationResultIsObservationNotFailureOrCompletion","Elapsed":0}
{"Time":"2026-09-08T19:30:50.733372203+03:00","Action":"output","Package":"virmill.local/core/internal/ui/cli","Output":"PASS\n","OutputType":"frame"}
{"Time":"2026-09-08T19:30:50.757059232+03:00","Action":"output","Package":"virmill.local/core/internal/ui/tui","Test":"TestGuestRecipeTUIFailuresClearSuccessfulPreviewAndAuthority/run/canceled","Output":"--- PASS: TestGuestRecipeTUIFailuresClearSuccessfulPreviewAndAuthority/run/canceled (0.06s)\n","OutputType":"frame"}
{"Time":"2026-09-08T19:30:50.757087446+03:00","Action":"pass","Package":"virmill.local/core/internal/ui/tui","Test":"TestGuestRecipeTUIFailuresClearSuccessfulPreviewAndAuthority/run/canceled","Elapsed":0.06}
{"Time":"2026-09-08T19:30:50.757096478+03:00","Action":"run","Package":"virmill.local/core/internal/ui/tui","Test":"TestGuestRecipeTUIFailuresClearSuccessfulPreviewAndAuthority/run/transport"}
{"Time":"2026-09-08T19:30:50.757098454+03:00","Action":"output","Package":"virmill.local/core/internal/ui/tui","Test":"TestGuestRecipeTUIFailuresClearSuccessfulPreviewAndAuthority/run/transport","Output":"=== RUN   TestGuestRecipeTUIFailuresClearSuccessfulPreviewAndAuthority/run/transport\n","OutputType":"frame"}
{"Time":"2026-09-08T19:30:50.817378071+03:00","Action":"output","Package":"virmill.local/core/internal/ui/tui","Test":"TestGuestRecipeTUIFailuresClearSuccessfulPreviewAndAuthority/run/transport","Output":"--- PASS: TestGuestRecipeTUIFailuresClearSuccessfulPreviewAndAuthority/run/transport (0.06s)\n","OutputType":"frame"}
{"Time":"2026-09-08T19:30:50.817412002+03:00","Action":"pass","Package":"virmill.local/core/internal/ui/tui","Test":"TestGuestRecipeTUIFailuresClearSuccessfulPreviewAndAuthority/run/transport","Elapsed":0.06}
{"Time":"2026-09-08T19:30:50.817418919+03:00","Action":"run","Package":"virmill.local/core/internal/ui/tui","Test":"TestGuestRecipeTUIFailuresClearSuccessfulPreviewAndAuthority/result/SOURCE_CHANGED"}
{"Time":"2026-09-08T19:30:50.817420579+03:00","Action":"output","Package":"virmill.local/core/internal/ui/tui","Test":"TestGuestRecipeTUIFailuresClearSuccessfulPreviewAndAuthority/result/SOURCE_CHANGED","Output":"=== RUN   TestGuestRecipeTUIFailuresClearSuccessfulPreviewAndAuthority/result/SOURCE_CHANGED\n","OutputType":"frame"}
{"Time":"2026-09-08T19:30:50.826371748+03:00","Action":"output","Package":"virmill.local/core/internal/ui/tui","Test":"TestGuestRecipeTUIFailuresClearSuccessfulPreviewAndAuthority/result/SOURCE_CHANGED","Output":"--- PASS: TestGuestRecipeTUIFailuresClearSuccessfulPreviewAndAuthority/result/SOURCE_CHANGED (0.01s)\n","OutputType":"frame"}
{"Time":"2026-09-08T19:30:50.826393065+03:00","Action":"pass","Package":"virmill.local/core/internal/ui/tui","Test":"TestGuestRecipeTUIFailuresClearSuccessfulPreviewAndAuthority/result/SOURCE_CHANGED","Elapsed":0.01}
{"Time":"2026-09-08T19:30:50.826396946+03:00","Action":"run","Package":"virmill.local/core/internal/ui/tui","Test":"TestGuestRecipeTUIFailuresClearSuccessfulPreviewAndAuthority/result/PERMISSION_DENIED"}
{"Time":"2026-09-08T19:30:50.826398303+03:00","Action":"output","Package":"virmill.local/core/internal/ui/tui","Test":"TestGuestRecipeTUIFailuresClearSuccessfulPreviewAndAuthority/result/PERMISSION_DENIED","Output":"=== RUN   TestGuestRecipeTUIFailuresClearSuccessfulPreviewAndAuthority/result/PERMISSION_DENIED\n","OutputType":"frame"}
{"Time":"2026-09-08T19:30:50.837278443+03:00","Action":"output","Package":"virmill.local/core/internal/ui/tui","Test":"TestGuestRecipeTUIFailuresClearSuccessfulPreviewAndAuthority/result/PERMISSION_DENIED","Output":"--- PASS: TestGuestRecipeTUIFailuresClearSuccessfulPreviewAndAuthority/result/PERMISSION_DENIED (0.01s)\n","OutputType":"frame"}
{"Time":"2026-09-08T19:30:50.837295523+03:00","Action":"pass","Package":"virmill.local/core/internal/ui/tui","Test":"TestGuestRecipeTUIFailuresClearSuccessfulPreviewAndAuthority/result/PERMISSION_DENIED","Elapsed":0.01}
{"Time":"2026-09-08T19:30:50.837316567+03:00","Action":"run","Package":"virmill.local/core/internal/ui/tui","Test":"TestGuestRecipeTUIFailuresClearSuccessfulPreviewAndAuthority/result/INVALID_INPUT"}
{"Time":"2026-09-08T19:30:50.837322658+03:00","Action":"output","Package":"virmill.local/core/internal/ui/tui","Test":"TestGuestRecipeTUIFailuresClearSuccessfulPreviewAndAuthority/result/INVALID_INPUT","Output":"=== RUN   TestGuestRecipeTUIFailuresClearSuccessfulPreviewAndAuthority/result/INVALID_INPUT\n","OutputType":"frame"}
{"Time":"2026-09-08T19:30:50.847598828+03:00","Action":"output","Package":"virmill.local/core/internal/ui/tui","Test":"TestGuestRecipeTUIFailuresClearSuccessfulPreviewAndAuthority/result/INVALID_INPUT","Output":"--- PASS: TestGuestRecipeTUIFailuresClearSuccessfulPreviewAndAuthority/result/INVALID_INPUT (0.01s)\n","OutputType":"frame"}
{"Time":"2026-09-08T19:30:50.847615613+03:00","Action":"pass","Package":"virmill.local/core/internal/ui/tui","Test":"TestGuestRecipeTUIFailuresClearSuccessfulPreviewAndAuthority/result/INVALID_INPUT","Elapsed":0.01}
{"Time":"2026-09-08T19:30:50.847633304+03:00","Action":"run","Package":"virmill.local/core/internal/ui/tui","Test":"TestGuestRecipeTUIFailuresClearSuccessfulPreviewAndAuthority/result/RECOVERY_REQUIRED"}
{"Time":"2026-09-08T19:30:50.847635217+03:00","Action":"output","Package":"virmill.local/core/internal/ui/tui","Test":"TestGuestRecipeTUIFailuresClearSuccessfulPreviewAndAuthority/result/RECOVERY_REQUIRED","Output":"=== RUN   TestGuestRecipeTUIFailuresClearSuccessfulPreviewAndAuthority/result/RECOVERY_REQUIRED\n","OutputType":"frame"}
{"Time":"2026-09-08T19:30:50.858392054+03:00","Action":"output","Package":"virmill.local/core/internal/ui/tui","Test":"TestGuestRecipeTUIFailuresClearSuccessfulPreviewAndAuthority/result/RECOVERY_REQUIRED","Output":"--- PASS: TestGuestRecipeTUIFailuresClearSuccessfulPreviewAndAuthority/result/RECOVERY_REQUIRED (0.01s)\n","OutputType":"frame"}
{"Time":"2026-09-08T19:30:50.858410908+03:00","Action":"pass","Package":"virmill.local/core/internal/ui/tui","Test":"TestGuestRecipeTUIFailuresClearSuccessfulPreviewAndAuthority/result/RECOVERY_REQUIRED","Elapsed":0.01}
{"Time":"2026-09-08T19:30:50.858423966+03:00","Action":"run","Package":"virmill.local/core/internal/ui/tui","Test":"TestGuestRecipeTUIFailuresClearSuccessfulPreviewAndAuthority/result/canceled"}
{"Time":"2026-09-08T19:30:50.858425826+03:00","Action":"output","Package":"virmill.local/core/internal/ui/tui","Test":"TestGuestRecipeTUIFailuresClearSuccessfulPreviewAndAuthority/result/canceled","Output":"=== RUN   TestGuestRecipeTUIFailuresClearSuccessfulPreviewAndAuthority/result/canceled\n","OutputType":"frame"}
{"Time":"2026-09-08T19:30:50.868906772+03:00","Action":"output","Package":"virmill.local/core/internal/ui/tui","Test":"TestGuestRecipeTUIFailuresClearSuccessfulPreviewAndAuthority/result/canceled","Output":"--- PASS: TestGuestRecipeTUIFailuresClearSuccessfulPreviewAndAuthority/result/canceled (0.01s)\n","OutputType":"frame"}
{"Time":"2026-09-08T19:30:50.868933754+03:00","Action":"pass","Package":"virmill.local/core/internal/ui/tui","Test":"TestGuestRecipeTUIFailuresClearSuccessfulPreviewAndAuthority/result/canceled","Elapsed":0.01}
{"Time":"2026-09-08T19:30:50.868952731+03:00","Action":"run","Package":"virmill.local/core/internal/ui/tui","Test":"TestGuestRecipeTUIFailuresClearSuccessfulPreviewAndAuthority/result/transport"}
{"Time":"2026-09-08T19:30:50.868955289+03:00","Action":"output","Package":"virmill.local/core/internal/ui/tui","Test":"TestGuestRecipeTUIFailuresClearSuccessfulPreviewAndAuthority/result/transport","Output":"=== RUN   TestGuestRecipeTUIFailuresClearSuccessfulPreviewAndAuthority/result/transport\n","OutputType":"frame"}
{"Time":"2026-09-08T19:30:50.87781282+03:00","Action":"output","Package":"virmill.local/core/internal/ui/tui","Test":"TestGuestRecipeTUIFailuresClearSuccessfulPreviewAndAuthority/result/transport","Output":"--- PASS: TestGuestRecipeTUIFailuresClearSuccessfulPreviewAndAuthority/result/transport (0.01s)\n","OutputType":"frame"}
{"Time":"2026-09-08T19:30:50.877821976+03:00","Action":"pass","Package":"virmill.local/core/internal/ui/tui","Test":"TestGuestRecipeTUIFailuresClearSuccessfulPreviewAndAuthority/result/transport","Elapsed":0.01}
{"Time":"2026-09-08T19:30:50.877845583+03:00","Action":"output","Package":"virmill.local/core/internal/ui/tui","Test":"TestGuestRecipeTUIFailuresClearSuccessfulPreviewAndAuthority","Output":"--- PASS: TestGuestRecipeTUIFailuresClearSuccessfulPreviewAndAuthority (0.46s)\n","OutputType":"frame"}
{"Time":"2026-09-08T19:30:50.87786282+03:00","Action":"pass","Package":"virmill.local/core/internal/ui/tui","Test":"TestGuestRecipeTUIFailuresClearSuccessfulPreviewAndAuthority","Elapsed":0.46}
{"Time":"2026-09-08T19:30:50.877881227+03:00","Action":"run","Package":"virmill.local/core/internal/ui/tui","Test":"TestGuidedFormsExactPreviewRequests"}
{"Time":"2026-09-08T19:30:50.87788375+03:00","Action":"output","Package":"virmill.local/core/internal/ui/tui","Test":"TestGuidedFormsExactPreviewRequests","Output":"=== RUN   TestGuidedFormsExactPreviewRequests\n","OutputType":"frame"}
{"Time":"2026-09-08T19:30:50.877940708+03:00","Action":"run","Package":"virmill.local/core/internal/ui/tui","Test":"TestGuidedFormsExactPreviewRequests/resources-both"}
{"Time":"2026-09-08T19:30:50.877943174+03:00","Action":"output","Package":"virmill.local/core/internal/ui/tui","Test":"TestGuidedFormsExactPreviewRequests/resources-both","Output":"=== RUN   TestGuidedFormsExactPreviewRequests/resources-both\n","OutputType":"frame"}
{"Time":"2026-09-08T19:30:50.878154536+03:00","Action":"output","Package":"virmill.local/core/internal/ui/tui","Test":"TestGuidedFormsExactPreviewRequests/resources-both","Output":"--- PASS: TestGuidedFormsExactPreviewRequests/resources-both (0.00s)\n","OutputType":"frame"}
{"Time":"2026-09-08T19:30:50.878163219+03:00","Action":"pass","Package":"virmill.local/core/internal/ui/tui","Test":"TestGuidedFormsExactPreviewRequests/resources-both","Elapsed":0}
{"Time":"2026-09-08T19:30:50.878182195+03:00","Action":"run","Package":"virmill.local/core/internal/ui/tui","Test":"TestGuidedFormsExactPreviewRequests/resources-cpu-only"}
{"Time":"2026-09-08T19:30:50.878184057+03:00","Action":"output","Package":"virmill.local/core/internal/ui/tui","Test":"TestGuidedFormsExactPreviewRequests/resources-cpu-only","Output":"=== RUN   TestGuidedFormsExactPreviewRequests/resources-cpu-only\n","OutputType":"frame"}
{"Time":"2026-09-08T19:30:50.878344678+03:00","Action":"output","Package":"virmill.local/core/internal/ui/tui","Test":"TestGuidedFormsExactPreviewRequests/resources-cpu-only","Output":"--- PASS: TestGuidedFormsExactPreviewRequests/resources-cpu-only (0.00s)\n","OutputType":"frame"}
{"Time":"2026-09-08T19:30:50.878357482+03:00","Action":"pass","Package":"virmill.local/core/internal/ui/tui","Test":"TestGuidedFormsExactPreviewRequests/resources-cpu-only","Elapsed":0}
{"Time":"2026-09-08T19:30:50.878377862+03:00","Action":"run","Package":"virmill.local/core/internal/ui/tui","Test":"TestGuidedFormsExactPreviewRequests/resources-memory-only"}
{"Time":"2026-09-08T19:30:50.8783797+03:00","Action":"output","Package":"virmill.local/core/internal/ui/tui","Test":"TestGuidedFormsExactPreviewRequests/resources-memory-only","Output":"=== RUN   TestGuidedFormsExactPreviewRequests/resources-memory-only\n","OutputType":"frame"}
{"Time":"2026-09-08T19:30:50.878531461+03:00","Action":"output","Package":"virmill.local/core/internal/ui/tui","Test":"TestGuidedFormsExactPreviewRequests/resources-memory-only","Output":"--- PASS: TestGuidedFormsExactPreviewRequests/resources-memory-only (0.00s)\n","OutputType":"frame"}
{"Time":"2026-09-08T19:30:50.878556601+03:00","Action":"pass","Package":"virmill.local/core/internal/ui/tui","Test":"TestGuidedFormsExactPreviewRequests/resources-memory-only","Elapsed":0}
{"Time":"2026-09-08T19:30:50.878558514+03:00","Action":"run","Package":"virmill.local/core/internal/ui/tui","Test":"TestGuidedFormsExactPreviewRequests/capture"}
{"Time":"2026-09-08T19:30:50.878559758+03:00","Action":"output","Package":"virmill.local/core/internal/ui/tui","Test":"TestGuidedFormsExactPreviewRequests/capture","Output":"=== RUN   TestGuidedFormsExactPreviewRequests/capture\n","OutputType":"frame"}
{"Time":"2026-09-08T19:30:50.878727521+03:00","Action":"output","Package":"virmill.local/core/internal/ui/tui","Test":"TestGuidedFormsExactPreviewRequests/capture","Output":"--- PASS: TestGuidedFormsExactPreviewRequests/capture (0.00s)\n","OutputType":"frame"}
{"Time":"2026-09-08T19:30:50.878737202+03:00","Action":"pass","Package":"virmill.local/core/internal/ui/tui","Test":"TestGuidedFormsExactPreviewRequests/capture","Elapsed":0}
{"Time":"2026-09-08T19:30:50.878747123+03:00","Action":"run","Package":"virmill.local/core/internal/ui/tui","Test":"TestGuidedFormsExactPreviewRequests/capture-auxiliary"}
{"Time":"2026-09-08T19:30:50.878749204+03:00","Action":"output","Package":"virmill.local/core/internal/ui/tui","Test":"TestGuidedFormsExactPreviewRequests/capture-auxiliary","Output":"=== RUN   TestGuidedFormsExactPreviewRequests/capture-auxiliary\n","OutputType":"frame"}
{"Time":"2026-09-08T19:30:50.878935452+03:00","Action":"output","Package":"virmill.local/core/internal/ui/tui","Test":"TestGuidedFormsExactPreviewRequests/capture-auxiliary","Output":"--- PASS: TestGuidedFormsExactPreviewRequests/capture-auxiliary (0.00s)\n","OutputType":"frame"}
{"Time":"2026-09-08T19:30:50.878938174+03:00","Action":"pass","Package":"virmill.local/core/internal/ui/tui","Test":"TestGuidedFormsExactPreviewRequests/capture-auxiliary","Elapsed":0}
{"Time":"2026-09-08T19:30:50.878950624+03:00","Action":"run","Package":"virmill.local/core/internal/ui/tui","Test":"TestGuidedFormsExactPreviewRequests/guest-default-port-empty-arguments"}
{"Time":"2026-09-08T19:30:50.878952946+03:00","Action":"output","Package":"virmill.local/core/internal/ui/tui","Test":"TestGuidedFormsExactPreviewRequests/guest-default-port-empty-arguments","Output":"=== RUN   TestGuidedFormsExactPreviewRequests/guest-default-port-empty-arguments\n","OutputType":"frame"}
{"Time":"2026-09-08T19:30:50.879317337+03:00","Action":"output","Package":"virmill.local/core/internal/ui/tui","Test":"TestGuidedFormsExactPreviewRequests/guest-default-port-empty-arguments","Output":"--- PASS: TestGuidedFormsExactPreviewRequests/guest-default-port-empty-arguments (0.00s)\n","OutputType":"frame"}
{"Time":"2026-09-08T19:30:50.879327917+03:00","Action":"pass","Package":"virmill.local/core/internal/ui/tui","Test":"TestGuidedFormsExactPreviewRequests/guest-default-port-empty-arguments","Elapsed":0}
{"Time":"2026-09-08T19:30:50.879344934+03:00","Action":"run","Package":"virmill.local/core/internal/ui/tui","Test":"TestGuidedFormsExactPreviewRequests/repository-init"}
{"Time":"2026-09-08T19:30:50.879346486+03:00","Action":"output","Package":"virmill.local/core/internal/ui/tui","Test":"TestGuidedFormsExactPreviewRequests/repository-init","Output":"=== RUN   TestGuidedFormsExactPreviewRequests/repository-init\n","OutputType":"frame"}
{"Time":"2026-09-08T19:30:50.87953319+03:00","Action":"output","Package":"virmill.local/core/internal/ui/tui","Test":"TestGuidedFormsExactPreviewRequests/repository-init","Output":"--- PASS: TestGuidedFormsExactPreviewRequests/repository-init (0.00s)\n","OutputType":"frame"}
{"Time":"2026-09-08T19:30:50.879536672+03:00","Action":"pass","Package":"virmill.local/core/internal/ui/tui","Test":"TestGuidedFormsExactPreviewRequests/repository-init","Elapsed":0}
{"Time":"2026-09-08T19:30:50.879550254+03:00","Action":"run","Package":"virmill.local/core/internal/ui/tui","Test":"TestGuidedFormsExactPreviewRequests/repository-check"}
{"Time":"2026-09-08T19:30:50.879553153+03:00","Action":"output","Package":"virmill.local/core/internal/ui/tui","Test":"TestGuidedFormsExactPreviewRequests/repository-check","Output":"=== RUN   TestGuidedFormsExactPreviewRequests/repository-check\n","OutputType":"frame"}
{"Time":"2026-09-08T19:30:50.879713042+03:00","Action":"output","Package":"virmill.local/core/internal/ui/tui","Test":"TestGuidedFormsExactPreviewRequests/repository-check","Output":"--- PASS: TestGuidedFormsExactPreviewRequests/repository-check (0.00s)\n","OutputType":"frame"}
{"Time":"2026-09-08T19:30:50.879722065+03:00","Action":"pass","Package":"virmill.local/core/internal/ui/tui","Test":"TestGuidedFormsExactPreviewRequests/repository-check","Elapsed":0}
{"Time":"2026-09-08T19:30:50.879739082+03:00","Action":"output","Package":"virmill.local/core/internal/ui/tui","Test":"TestGuidedFormsExactPreviewRequests","Output":"--- PASS: TestGuidedFormsExactPreviewRequests (0.00s)\n","OutputType":"frame"}
{"Time":"2026-09-08T19:30:50.879743368+03:00","Action":"pass","Package":"virmill.local/core/internal/ui/tui","Test":"TestGuidedFormsExactPreviewRequests","Elapsed":0}
{"Time":"2026-09-08T19:30:50.87975709+03:00","Action":"run","Package":"virmill.local/core/internal/ui/tui","Test":"TestGuidedGuestArgumentsAreLiteralAndBounded"}
{"Time":"2026-09-08T19:30:50.879758605+03:00","Action":"output","Package":"virmill.local/core/internal/ui/tui","Test":"TestGuidedGuestArgumentsAreLiteralAndBounded","Output":"=== RUN   TestGuidedGuestArgumentsAreLiteralAndBounded\n","OutputType":"frame"}
{"Time":"2026-09-08T19:30:50.879787086+03:00","Action":"run","Package":"virmill.local/core/internal/ui/tui","Test":"TestGuidedGuestArgumentsAreLiteralAndBounded/#00"}
{"Time":"2026-09-08T19:30:50.879788769+03:00","Action":"output","Package":"virmill.local/core/internal/ui/tui","Test":"TestGuidedGuestArgumentsAreLiteralAndBounded/#00","Output":"=== RUN   TestGuidedGuestArgumentsAreLiteralAndBounded/#00\n","OutputType":"frame"}
{"Time":"2026-09-08T19:30:50.879896128+03:00","Action":"output","Package":"virmill.local/core/internal/ui/tui","Test":"TestGuidedGuestArgumentsAreLiteralAndBounded/#00","Output":"--- PASS: TestGuidedGuestArgumentsAreLiteralAndBounded/#00 (0.00s)\n","OutputType":"frame"}
{"Time":"2026-09-08T19:30:50.879898462+03:00","Action":"pass","Package":"virmill.local/core/internal/ui/tui","Test":"TestGuidedGuestArgumentsAreLiteralAndBounded/#00","Elapsed":0}
{"Time":"2026-09-08T19:30:50.879920462+03:00","Action":"run","Package":"virmill.local/core/internal/ui/tui","Test":"TestGuidedGuestArgumentsAreLiteralAndBounded/alpha_\"two_words\"_'ضيف'_escaped\\_space_''_\"\""}
{"Time":"2026-09-08T19:30:50.879922834+03:00","Action":"output","Package":"virmill.local/core/internal/ui/tui","Test":"TestGuidedGuestArgumentsAreLiteralAndBounded/alpha_\"two_words\"_'ضيف'_escaped\\_space_''_\"\"","Output":"=== RUN   TestGuidedGuestArgumentsAreLiteralAndBounded/alpha_\"two_words\"_'ضيف'_escaped\\_space_''_\"\"\n","OutputType":"frame"}
{"Time":"2026-09-08T19:30:50.880029514+03:00","Action":"output","Package":"virmill.local/core/internal/ui/tui","Test":"TestGuidedGuestArgumentsAreLiteralAndBounded/alpha_\"two_words\"_'ضيف'_escaped\\_space_''_\"\"","Output":"--- PASS: TestGuidedGuestArgumentsAreLiteralAndBounded/alpha_\"two_words\"_'ضيف'_escaped\\_space_''_\"\" (0.00s)\n","OutputType":"frame"}
{"Time":"2026-09-08T19:30:50.880032049+03:00","Action":"pass","Package":"virmill.local/core/internal/ui/tui","Test":"TestGuidedGuestArgumentsAreLiteralAndBounded/alpha_\"two_words\"_'ضيف'_escaped\\_space_''_\"\"","Elapsed":0}
{"Time":"2026-09-08T19:30:50.880048096+03:00","Action":"run","Package":"virmill.local/core/internal/ui/tui","Test":"TestGuidedGuestArgumentsAreLiteralAndBounded/'$(touch_never)'_'$HOME'_'`id`'_'*'_';'_'--flag'"}
{"Time":"2026-09-08T19:30:50.880049534+03:00","Action":"output","Package":"virmill.local/core/internal/ui/tui","Test":"TestGuidedGuestArgumentsAreLiteralAndBounded/'$(touch_never)'_'$HOME'_'`id`'_'*'_';'_'--flag'","Output":"=== RUN   TestGuidedGuestArgumentsAreLiteralAndBounded/'$(touch_never)'_'$HOME'_'`id`'_'*'_';'_'--flag'\n","OutputType":"frame"}
{"Time":"2026-09-08T19:30:50.880146028+03:00","Action":"output","Package":"virmill.local/core/internal/ui/tui","Test":"TestGuidedGuestArgumentsAreLiteralAndBounded/'$(touch_never)'_'$HOME'_'`id`'_'*'_';'_'--flag'","Output":"--- PASS: TestGuidedGuestArgumentsAreLiteralAndBounded/'$(touch_never)'_'$HOME'_'`id`'_'*'_';'_'--flag' (0.00s)\n","OutputType":"frame"}
{"Time":"2026-09-08T19:30:50.880150412+03:00","Action":"pass","Package":"virmill.local/core/internal/ui/tui","Test":"TestGuidedGuestArgumentsAreLiteralAndBounded/'$(touch_never)'_'$HOME'_'`id`'_'*'_';'_'--flag'","Elapsed":0}
{"Time":"2026-09-08T19:30:50.880163122+03:00","Action":"run","Package":"virmill.local/core/internal/ui/tui","Test":"TestGuidedGuestArgumentsAreLiteralAndBounded/'a\\b'_\"c\\\\d\"_a\"b\"c"}
{"Time":"2026-09-08T19:30:50.880164842+03:00","Action":"output","Package":"virmill.local/core/internal/ui/tui","Test":"TestGuidedGuestArgumentsAreLiteralAndBounded/'a\\b'_\"c\\\\d\"_a\"b\"c","Output":"=== RUN   TestGuidedGuestArgumentsAreLiteralAndBounded/'a\\b'_\"c\\\\d\"_a\"b\"c\n","OutputType":"frame"}
{"Time":"2026-09-08T19:30:50.88026237+03:00","Action":"output","Package":"virmill.local/core/internal/ui/tui","Test":"TestGuidedGuestArgumentsAreLiteralAndBounded/'a\\b'_\"c\\\\d\"_a\"b\"c","Output":"--- PASS: TestGuidedGuestArgumentsAreLiteralAndBounded/'a\\b'_\"c\\\\d\"_a\"b\"c (0.00s)\n","OutputType":"frame"}
{"Time":"2026-09-08T19:30:50.880265881+03:00","Action":"pass","Package":"virmill.local/core/internal/ui/tui","Test":"TestGuidedGuestArgumentsAreLiteralAndBounded/'a\\b'_\"c\\\\d\"_a\"b\"c","Elapsed":0}
{"Time":"2026-09-08T19:30:50.881734843+03:00","Action":"output","Package":"virmill.local/core/internal/ui/tui","Test":"TestGuidedGuestArgumentsAreLiteralAndBounded","Output":"--- PASS: TestGuidedGuestArgumentsAreLiteralAndBounded (0.00s)\n","OutputType":"frame"}
{"Time":"2026-09-08T19:30:50.88173847+03:00","Action":"pass","Package":"virmill.local/core/internal/ui/tui","Test":"TestGuidedGuestArgumentsAreLiteralAndBounded","Elapsed":0}
{"Time":"2026-09-08T19:30:50.881753204+03:00","Action":"run","Package":"virmill.local/core/internal/ui/tui","Test":"TestGuidedFormsInvalidFieldsStayInlineAndDoNotSubmit"}
{"Time":"2026-09-08T19:30:50.881755462+03:00","Action":"output","Package":"virmill.local/core/internal/ui/tui","Test":"TestGuidedFormsInvalidFieldsStayInlineAndDoNotSubmit","Output":"=== RUN   TestGuidedFormsInvalidFieldsStayInlineAndDoNotSubmit\n","OutputType":"frame"}
{"Time":"2026-09-08T19:30:50.88177659+03:00","Action":"run","Package":"virmill.local/core/internal/ui/tui","Test":"TestGuidedFormsInvalidFieldsStayInlineAndDoNotSubmit/resources/vcpus/"}
{"Time":"2026-09-08T19:30:50.881778861+03:00","Action":"output","Package":"virmill.local/core/internal/ui/tui","Test":"TestGuidedFormsInvalidFieldsStayInlineAndDoNotSubmit/resources/vcpus/","Output":"=== RUN   TestGuidedFormsInvalidFieldsStayInlineAndDoNotSubmit/resources/vcpus/\n","OutputType":"frame"}
{"Time":"2026-09-08T19:30:50.881984265+03:00","Action":"output","Package":"virmill.local/core/internal/ui/tui","Test":"TestGuidedFormsInvalidFieldsStayInlineAndDoNotSubmit/resources/vcpus/","Output":"--- PASS: TestGuidedFormsInvalidFieldsStayInlineAndDoNotSubmit/resources/vcpus/ (0.00s)\n","OutputType":"frame"}
{"Time":"2026-09-08T19:30:50.881987438+03:00","Action":"pass","Package":"virmill.local/core/internal/ui/tui","Test":"TestGuidedFormsInvalidFieldsStayInlineAndDoNotSubmit/resources/vcpus/","Elapsed":0}
{"Time":"2026-09-08T19:30:50.88199996+03:00","Action":"run","Package":"virmill.local/core/internal/ui/tui","Test":"TestGuidedFormsInvalidFieldsStayInlineAndDoNotSubmit/resources/vcpus/0"}
{"Time":"2026-09-08T19:30:50.882002254+03:00","Action":"output","Package":"virmill.local/core/internal/ui/tui","Test":"TestGuidedFormsInvalidFieldsStayInlineAndDoNotSubmit/resources/vcpus/0","Output":"=== RUN   TestGuidedFormsInvalidFieldsStayInlineAndDoNotSubmit/resources/vcpus/0\n","OutputType":"frame"}
{"Time":"2026-09-08T19:30:50.882165837+03:00","Action":"output","Package":"virmill.local/core/internal/ui/tui","Test":"TestGuidedFormsInvalidFieldsStayInlineAndDoNotSubmit/resources/vcpus/0","Output":"--- PASS: TestGuidedFormsInvalidFieldsStayInlineAndDoNotSubmit/resources/vcpus/0 (0.00s)\n","OutputType":"frame"}
{"Time":"2026-09-08T19:30:50.882171299+03:00","Action":"pass","Package":"virmill.local/core/internal/ui/tui","Test":"TestGuidedFormsInvalidFieldsStayInlineAndDoNotSubmit/resources/vcpus/0","Elapsed":0}
{"Time":"2026-09-08T19:30:50.882184859+03:00","Action":"run","Package":"virmill.local/core/internal/ui/tui","Test":"TestGuidedFormsInvalidFieldsStayInlineAndDoNotSubmit/resources/vcpus/513"}
{"Time":"2026-09-08T19:30:50.882186503+03:00","Action":"output","Package":"virmill.local/core/internal/ui/tui","Test":"TestGuidedFormsInvalidFieldsStayInlineAndDoNotSubmit/resources/vcpus/513","Output":"=== RUN   TestGuidedFormsInvalidFieldsStayInlineAndDoNotSubmit/resources/vcpus/513\n","OutputType":"frame"}
{"Time":"2026-09-08T19:30:50.882356384+03:00","Action":"output","Package":"virmill.local/core/internal/ui/tui","Test":"TestGuidedFormsInvalidFieldsStayInlineAndDoNotSubmit/resources/vcpus/513","Output":"--- PASS: TestGuidedFormsInvalidFieldsStayInlineAndDoNotSubmit/resources/vcpus/513 (0.00s)\n","OutputType":"frame"}
{"Time":"2026-09-08T19:30:50.882359486+03:00","Action":"pass","Package":"virmill.local/core/internal/ui/tui","Test":"TestGuidedFormsInvalidFieldsStayInlineAndDoNotSubmit/resources/vcpus/513","Elapsed":0}
{"Time":"2026-09-08T19:30:50.882369332+03:00","Action":"run","Package":"virmill.local/core/internal/ui/tui","Test":"TestGuidedFormsInvalidFieldsStayInlineAndDoNotSubmit/resources/vcpus/1.5"}
{"Time":"2026-09-08T19:30:50.882370992+03:00","Action":"output","Package":"virmill.local/core/internal/ui/tui","Test":"TestGuidedFormsInvalidFieldsStayInlineAndDoNotSubmit/resources/vcpus/1.5","Output":"=== RUN   TestGuidedFormsInvalidFieldsStayInlineAndDoNotSubmit/resources/vcpus/1.5\n","OutputType":"frame"}
{"Time":"2026-09-08T19:30:50.882529284+03:00","Action":"output","Package":"virmill.local/core/internal/ui/tui","Test":"TestGuidedFormsInvalidFieldsStayInlineAndDoNotSubmit/resources/vcpus/1.5","Output":"--- PASS: TestGuidedFormsInvalidFieldsStayInlineAndDoNotSubmit/resources/vcpus/1.5 (0.00s)\n","OutputType":"frame"}
{"Time":"2026-09-08T19:30:50.882532218+03:00","Action":"pass","Package":"virmill.local/core/internal/ui/tui","Test":"TestGuidedFormsInvalidFieldsStayInlineAndDoNotSubmit/resources/vcpus/1.5","Elapsed":0}
{"Time":"2026-09-08T19:30:50.882545697+03:00","Action":"run","Package":"virmill.local/core/internal/ui/tui","Test":"TestGuidedFormsInvalidFieldsStayInlineAndDoNotSubmit/resources/vcpus/+1"}
{"Time":"2026-09-08T19:30:50.882547314+03:00","Action":"output","Package":"virmill.local/core/internal/ui/tui","Test":"TestGuidedFormsInvalidFieldsStayInlineAndDoNotSubmit/resources/vcpus/+1","Output":"=== RUN   TestGuidedFormsInvalidFieldsStayInlineAndDoNotSubmit/resources/vcpus/+1\n","OutputType":"frame"}
{"Time":"2026-09-08T19:30:50.882712128+03:00","Action":"output","Package":"virmill.local/core/internal/ui/tui","Test":"TestGuidedFormsInvalidFieldsStayInlineAndDoNotSubmit/resources/vcpus/+1","Output":"--- PASS: TestGuidedFormsInvalidFieldsStayInlineAndDoNotSubmit/resources/vcpus/+1 (0.00s)\n","OutputType":"frame"}
{"Time":"2026-09-08T19:30:50.882716329+03:00","Action":"pass","Package":"virmill.local/core/internal/ui/tui","Test":"TestGuidedFormsInvalidFieldsStayInlineAndDoNotSubmit/resources/vcpus/+1","Elapsed":0}
{"Time":"2026-09-08T19:30:50.882728562+03:00","Action":"run","Package":"virmill.local/core/internal/ui/tui","Test":"TestGuidedFormsInvalidFieldsStayInlineAndDoNotSubmit/resources/vcpus/01"}
{"Time":"2026-09-08T19:30:50.882730093+03:00","Action":"output","Package":"virmill.local/core/internal/ui/tui","Test":"TestGuidedFormsInvalidFieldsStayInlineAndDoNotSubmit/resources/vcpus/01","Output":"=== RUN   TestGuidedFormsInvalidFieldsStayInlineAndDoNotSubmit/resources/vcpus/01\n","OutputType":"frame"}
{"Time":"2026-09-08T19:30:50.882884421+03:00","Action":"output","Package":"virmill.local/core/internal/ui/tui","Test":"TestGuidedFormsInvalidFieldsStayInlineAndDoNotSubmit/resources/vcpus/01","Output":"--- PASS: TestGuidedFormsInvalidFieldsStayInlineAndDoNotSubmit/resources/vcpus/01 (0.00s)\n","OutputType":"frame"}
{"Time":"2026-09-08T19:30:50.882892806+03:00","Action":"pass","Package":"virmill.local/core/internal/ui/tui","Test":"TestGuidedFormsInvalidFieldsStayInlineAndDoNotSubmit/resources/vcpus/01","Elapsed":0}
{"Time":"2026-09-08T19:30:50.88290523+03:00","Action":"run","Package":"virmill.local/core/internal/ui/tui","Test":"TestGuidedFormsInvalidFieldsStayInlineAndDoNotSubmit/resources/memoryMiB/1048577"}
{"Time":"2026-09-08T19:30:50.882906681+03:00","Action":"output","Package":"virmill.local/core/internal/ui/tui","Test":"TestGuidedFormsInvalidFieldsStayInlineAndDoNotSubmit/resources/memoryMiB/1048577","Output":"=== RUN   TestGuidedFormsInvalidFieldsStayInlineAndDoNotSubmit/resources/memoryMiB/1048577\n","OutputType":"frame"}
{"Time":"2026-09-08T19:30:50.883064543+03:00","Action":"output","Package":"virmill.local/core/internal/ui/tui","Test":"TestGuidedFormsInvalidFieldsStayInlineAndDoNotSubmit/resources/memoryMiB/1048577","Output":"--- PASS: TestGuidedFormsInvalidFieldsStayInlineAndDoNotSubmit/resources/memoryMiB/1048577 (0.00s)\n","OutputType":"frame"}
{"Time":"2026-09-08T19:30:50.883069744+03:00","Action":"pass","Package":"virmill.local/core/internal/ui/tui","Test":"TestGuidedFormsInvalidFieldsStayInlineAndDoNotSubmit/resources/memoryMiB/1048577","Elapsed":0}
{"Time":"2026-09-08T19:30:50.883084446+03:00","Action":"run","Package":"virmill.local/core/internal/ui/tui","Test":"TestGuidedFormsInvalidFieldsStayInlineAndDoNotSubmit/resources/memoryMiB/-2"}
{"Time":"2026-09-08T19:30:50.88308676+03:00","Action":"output","Package":"virmill.local/core/internal/ui/tui","Test":"TestGuidedFormsInvalidFieldsStayInlineAndDoNotSubmit/resources/memoryMiB/-2","Output":"=== RUN   TestGuidedFormsInvalidFieldsStayInlineAndDoNotSubmit/resources/memoryMiB/-2\n","OutputType":"frame"}
{"Time":"2026-09-08T19:30:50.883235677+03:00","Action":"output","Package":"virmill.local/core/internal/ui/tui","Test":"TestGuidedFormsInvalidFieldsStayInlineAndDoNotSubmit/resources/memoryMiB/-2","Output":"--- PASS: TestGuidedFormsInvalidFieldsStayInlineAndDoNotSubmit/resources/memoryMiB/-2 (0.00s)\n","OutputType":"frame"}
{"Time":"2026-09-08T19:30:50.883246565+03:00","Action":"pass","Package":"virmill.local/core/internal/ui/tui","Test":"TestGuidedFormsInvalidFieldsStayInlineAndDoNotSubmit/resources/memoryMiB/-2","Elapsed":0}
{"Time":"2026-09-08T19:30:50.883255647+03:00","Action":"run","Package":"virmill.local/core/internal/ui/tui","Test":"TestGuidedFormsInvalidFieldsStayInlineAndDoNotSubmit/capture/sourceRoot/relative"}
{"Time":"2026-09-08T19:30:50.883257905+03:00","Action":"output","Package":"virmill.local/core/internal/ui/tui","Test":"TestGuidedFormsInvalidFieldsStayInlineAndDoNotSubmit/capture/sourceRoot/relative","Output":"=== RUN   TestGuidedFormsInvalidFieldsStayInlineAndDoNotSubmit/capture/sourceRoot/relative\n","OutputType":"frame"}
{"Time":"2026-09-08T19:30:50.883440775+03:00","Action":"output","Package":"virmill.local/core/internal/ui/tui","Test":"TestGuidedFormsInvalidFieldsStayInlineAndDoNotSubmit/capture/sourceRoot/relative","Output":"--- PASS: TestGuidedFormsInvalidFieldsStayInlineAndDoNotSubmit/capture/sourceRoot/relative (0.00s)\n","OutputType":"frame"}
{"Time":"2026-09-08T19:30:50.883444425+03:00","Action":"pass","Package":"virmill.local/core/internal/ui/tui","Test":"TestGuidedFormsInvalidFieldsStayInlineAndDoNotSubmit/capture/sourceRoot/relative","Elapsed":0}
{"Time":"2026-09-08T19:30:50.883457532+03:00","Action":"run","Package":"virmill.local/core/internal/ui/tui","Test":"TestGuidedFormsInvalidFieldsStayInlineAndDoNotSubmit/capture/sourceRoot//private/../other"}
{"Time":"2026-09-08T19:30:50.88345994+03:00","Action":"output","Package":"virmill.local/core/internal/ui/tui","Test":"TestGuidedFormsInvalidFieldsStayInlineAndDoNotSubmit/capture/sourceRoot//private/../other","Output":"=== RUN   TestGuidedFormsInvalidFieldsStayInlineAndDoNotSubmit/capture/sourceRoot//private/../other\n","OutputType":"frame"}
{"Time":"2026-09-08T19:30:50.883640169+03:00","Action":"output","Package":"virmill.local/core/internal/ui/tui","Test":"TestGuidedFormsInvalidFieldsStayInlineAndDoNotSubmit/capture/sourceRoot//private/../other","Output":"--- PASS: TestGuidedFormsInvalidFieldsStayInlineAndDoNotSubmit/capture/sourceRoot//private/../other (0.00s)\n","OutputType":"frame"}
{"Time":"2026-09-08T19:30:50.883646275+03:00","Action":"pass","Package":"virmill.local/core/internal/ui/tui","Test":"TestGuidedFormsInvalidFieldsStayInlineAndDoNotSubmit/capture/sourceRoot//private/../other","Elapsed":0}
{"Time":"2026-09-08T19:30:50.883659516+03:00","Action":"run","Package":"virmill.local/core/internal/ui/tui","Test":"TestGuidedFormsInvalidFieldsStayInlineAndDoNotSubmit/capture/sourceRoot//private/source/"}
{"Time":"2026-09-08T19:30:50.883661738+03:00","Action":"output","Package":"virmill.local/core/internal/ui/tui","Test":"TestGuidedFormsInvalidFieldsStayInlineAndDoNotSubmit/capture/sourceRoot//private/source/","Output":"=== RUN   TestGuidedFormsInvalidFieldsStayInlineAndDoNotSubmit/capture/sourceRoot//private/source/\n","OutputType":"frame"}
{"Time":"2026-09-08T19:30:50.883843651+03:00","Action":"output","Package":"virmill.local/core/internal/ui/tui","Test":"TestGuidedFormsInvalidFieldsStayInlineAndDoNotSubmit/capture/sourceRoot//private/source/","Output":"--- PASS: TestGuidedFormsInvalidFieldsStayInlineAndDoNotSubmit/capture/sourceRoot//private/source/ (0.00s)\n","OutputType":"frame"}
{"Time":"2026-09-08T19:30:50.883847032+03:00","Action":"pass","Package":"virmill.local/core/internal/ui/tui","Test":"TestGuidedFormsInvalidFieldsStayInlineAndDoNotSubmit/capture/sourceRoot//private/source/","Elapsed":0}
{"Time":"2026-09-08T19:30:50.883861626+03:00","Action":"run","Package":"virmill.local/core/internal/ui/tui","Test":"TestGuidedFormsInvalidFieldsStayInlineAndDoNotSubmit/capture/sourceRoot/_/private/source"}
{"Time":"2026-09-08T19:30:50.883863983+03:00","Action":"output","Package":"virmill.local/core/internal/ui/tui","Test":"TestGuidedFormsInvalidFieldsStayInlineAndDoNotSubmit/capture/sourceRoot/_/private/source","Output":"=== RUN   TestGuidedFormsInvalidFieldsStayInlineAndDoNotSubmit/capture/sourceRoot/_/private/source\n","OutputType":"frame"}
{"Time":"2026-09-08T19:30:50.884033388+03:00","Action":"output","Package":"virmill.local/core/internal/ui/tui","Test":"TestGuidedFormsInvalidFieldsStayInlineAndDoNotSubmit/capture/sourceRoot/_/private/source","Output":"--- PASS: TestGuidedFormsInvalidFieldsStayInlineAndDoNotSubmit/capture/sourceRoot/_/private/source (0.00s)\n","OutputType":"frame"}
{"Time":"2026-09-08T19:30:50.884038258+03:00","Action":"pass","Package":"virmill.local/core/internal/ui/tui","Test":"TestGuidedFormsInvalidFieldsStayInlineAndDoNotSubmit/capture/sourceRoot/_/private/source","Elapsed":0}
{"Time":"2026-09-08T19:30:50.884053398+03:00","Action":"run","Package":"virmill.local/core/internal/ui/tui","Test":"TestGuidedFormsInvalidFieldsStayInlineAndDoNotSubmit/capture/auxiliaryRootID/../other"}
{"Time":"2026-09-08T19:30:50.884055702+03:00","Action":"output","Package":"virmill.local/core/internal/ui/tui","Test":"TestGuidedFormsInvalidFieldsStayInlineAndDoNotSubmit/capture/auxiliaryRootID/../other","Output":"=== RUN   TestGuidedFormsInvalidFieldsStayInlineAndDoNotSubmit/capture/auxiliaryRootID/../other\n","OutputType":"frame"}
{"Time":"2026-09-08T19:30:50.884275748+03:00","Action":"output","Package":"virmill.local/core/internal/ui/tui","Test":"TestGuidedFormsInvalidFieldsStayInlineAndDoNotSubmit/capture/auxiliaryRootID/../other","Output":"--- PASS: TestGuidedFormsInvalidFieldsStayInlineAndDoNotSubmit/capture/auxiliaryRootID/../other (0.00s)\n","OutputType":"frame"}
{"Time":"2026-09-08T19:30:50.884280293+03:00","Action":"pass","Package":"virmill.local/core/internal/ui/tui","Test":"TestGuidedFormsInvalidFieldsStayInlineAndDoNotSubmit/capture/auxiliaryRootID/../other","Elapsed":0}
{"Time":"2026-09-08T19:30:50.884296867+03:00","Action":"run","Package":"virmill.local/core/internal/ui/tui","Test":"TestGuidedFormsInvalidFieldsStayInlineAndDoNotSubmit/guest-recipe/recipe/relative.json"}
{"Time":"2026-09-08T19:30:50.884298947+03:00","Action":"output","Package":"virmill.local/core/internal/ui/tui","Test":"TestGuidedFormsInvalidFieldsStayInlineAndDoNotSubmit/guest-recipe/recipe/relative.json","Output":"=== RUN   TestGuidedFormsInvalidFieldsStayInlineAndDoNotSubmit/guest-recipe/recipe/relative.json\n","OutputType":"frame"}
{"Time":"2026-09-08T19:30:50.884657912+03:00","Action":"output","Package":"virmill.local/core/internal/ui/tui","Test":"TestGuidedFormsInvalidFieldsStayInlineAndDoNotSubmit/guest-recipe/recipe/relative.json","Output":"--- PASS: TestGuidedFormsInvalidFieldsStayInlineAndDoNotSubmit/guest-recipe/recipe/relative.json (0.00s)\n","OutputType":"frame"}
{"Time":"2026-09-08T19:30:50.884670902+03:00","Action":"pass","Package":"virmill.local/core/internal/ui/tui","Test":"TestGuidedFormsInvalidFieldsStayInlineAndDoNotSubmit/guest-recipe/recipe/relative.json","Elapsed":0}
{"Time":"2026-09-08T19:30:50.884675947+03:00","Action":"run","Package":"virmill.local/core/internal/ui/tui","Test":"TestGuidedFormsInvalidFieldsStayInlineAndDoNotSubmit/guest-recipe/address/host.example"}
{"Time":"2026-09-08T19:30:50.884678109+03:00","Action":"output","Package":"virmill.local/core/internal/ui/tui","Test":"TestGuidedFormsInvalidFieldsStayInlineAndDoNotSubmit/guest-recipe/address/host.example","Output":"=== RUN   TestGuidedFormsInvalidFieldsStayInlineAndDoNotSubmit/guest-recipe/address/host.example\n","OutputType":"frame"}
{"Time":"2026-09-08T19:30:50.885049744+03:00","Action":"output","Package":"virmill.local/core/internal/ui/tui","Test":"TestGuidedFormsInvalidFieldsStayInlineAndDoNotSubmit/guest-recipe/address/host.example","Output":"--- PASS: TestGuidedFormsInvalidFieldsStayInlineAndDoNotSubmit/guest-recipe/address/host.example (0.00s)\n","OutputType":"frame"}
{"Time":"2026-09-08T19:30:50.885060892+03:00","Action":"pass","Package":"virmill.local/core/internal/ui/tui","Test":"TestGuidedFormsInvalidFieldsStayInlineAndDoNotSubmit/guest-recipe/address/host.example","Elapsed":0}
{"Time":"2026-09-08T19:30:50.885072938+03:00","Action":"run","Package":"virmill.local/core/internal/ui/tui","Test":"TestGuidedFormsInvalidFieldsStayInlineAndDoNotSubmit/guest-recipe/address/127.0.0.1"}
{"Time":"2026-09-08T19:30:50.88507465+03:00","Action":"output","Package":"virmill.local/core/internal/ui/tui","Test":"TestGuidedFormsInvalidFieldsStayInlineAndDoNotSubmit/guest-recipe/address/127.0.0.1","Output":"=== RUN   TestGuidedFormsInvalidFieldsStayInlineAndDoNotSubmit/guest-recipe/address/127.0.0.1\n","OutputType":"frame"}
{"Time":"2026-09-08T19:30:50.885459887+03:00","Action":"output","Package":"virmill.local/core/internal/ui/tui","Test":"TestGuidedFormsInvalidFieldsStayInlineAndDoNotSubmit/guest-recipe/address/127.0.0.1","Output":"--- PASS: TestGuidedFormsInvalidFieldsStayInlineAndDoNotSubmit/guest-recipe/address/127.0.0.1 (0.00s)\n","OutputType":"frame"}
{"Time":"2026-09-08T19:30:50.885466322+03:00","Action":"pass","Package":"virmill.local/core/internal/ui/tui","Test":"TestGuidedFormsInvalidFieldsStayInlineAndDoNotSubmit/guest-recipe/address/127.0.0.1","Elapsed":0}
{"Time":"2026-09-08T19:30:50.885481216+03:00","Action":"run","Package":"virmill.local/core/internal/ui/tui","Test":"TestGuidedFormsInvalidFieldsStayInlineAndDoNotSubmit/guest-recipe/address/fe80::1"}
{"Time":"2026-09-08T19:30:50.885483788+03:00","Action":"output","Package":"virmill.local/core/internal/ui/tui","Test":"TestGuidedFormsInvalidFieldsStayInlineAndDoNotSubmit/guest-recipe/address/fe80::1","Output":"=== RUN   TestGuidedFormsInvalidFieldsStayInlineAndDoNotSubmit/guest-recipe/address/fe80::1\n","OutputType":"frame"}
{"Time":"2026-09-08T19:30:50.885863299+03:00","Action":"output","Package":"virmill.local/core/internal/ui/tui","Test":"TestGuidedFormsInvalidFieldsStayInlineAndDoNotSubmit/guest-recipe/address/fe80::1","Output":"--- PASS: TestGuidedFormsInvalidFieldsStayInlineAndDoNotSubmit/guest-recipe/address/fe80::1 (0.00s)\n","OutputType":"frame"}
{"Time":"2026-09-08T19:30:50.885869132+03:00","Action":"pass","Package":"virmill.local/core/internal/ui/tui","Test":"TestGuidedFormsInvalidFieldsStayInlineAndDoNotSubmit/guest-recipe/address/fe80::1","Elapsed":0}
{"Time":"2026-09-08T19:30:50.885885522+03:00","Action":"run","Package":"virmill.local/core/internal/ui/tui","Test":"TestGuidedFormsInvalidFieldsStayInlineAndDoNotSubmit/guest-recipe/address/::ffff:192.0.2.25"}
{"Time":"2026-09-08T19:30:50.885888166+03:00","Action":"output","Package":"virmill.local/core/internal/ui/tui","Test":"TestGuidedFormsInvalidFieldsStayInlineAndDoNotSubmit/guest-recipe/address/::ffff:192.0.2.25","Output":"=== RUN   TestGuidedFormsInvalidFieldsStayInlineAndDoNotSubmit/guest-recipe/address/::ffff:192.0.2.25\n","OutputType":"frame"}
{"Time":"2026-09-08T19:30:50.886270982+03:00","Action":"output","Package":"virmill.local/core/internal/ui/tui","Test":"TestGuidedFormsInvalidFieldsStayInlineAndDoNotSubmit/guest-recipe/address/::ffff:192.0.2.25","Output":"--- PASS: TestGuidedFormsInvalidFieldsStayInlineAndDoNotSubmit/guest-recipe/address/::ffff:192.0.2.25 (0.00s)\n","OutputType":"frame"}
{"Time":"2026-09-08T19:30:50.886275462+03:00","Action":"pass","Package":"virmill.local/core/internal/ui/tui","Test":"TestGuidedFormsInvalidFieldsStayInlineAndDoNotSubmit/guest-recipe/address/::ffff:192.0.2.25","Elapsed":0}
{"Time":"2026-09-08T19:30:50.886292994+03:00","Action":"run","Package":"virmill.local/core/internal/ui/tui","Test":"TestGuidedFormsInvalidFieldsStayInlineAndDoNotSubmit/guest-recipe/port/0"}
{"Time":"2026-09-08T19:30:50.886295886+03:00","Action":"output","Package":"virmill.local/core/internal/ui/tui","Test":"TestGuidedFormsInvalidFieldsStayInlineAndDoNotSubmit/guest-recipe/port/0","Output":"=== RUN   TestGuidedFormsInvalidFieldsStayInlineAndDoNotSubmit/guest-recipe/port/0\n","OutputType":"frame"}
{"Time":"2026-09-08T19:30:50.886665441+03:00","Action":"output","Package":"virmill.local/core/internal/ui/tui","Test":"TestGuidedFormsInvalidFieldsStayInlineAndDoNotSubmit/guest-recipe/port/0","Output":"--- PASS: TestGuidedFormsInvalidFieldsStayInlineAndDoNotSubmit/guest-recipe/port/0 (0.00s)\n","OutputType":"frame"}
{"Time":"2026-09-08T19:30:50.886676992+03:00","Action":"pass","Package":"virmill.local/core/internal/ui/tui","Test":"TestGuidedFormsInvalidFieldsStayInlineAndDoNotSubmit/guest-recipe/port/0","Elapsed":0}
{"Time":"2026-09-08T19:30:50.886686009+03:00","Action":"run","Package":"virmill.local/core/internal/ui/tui","Test":"TestGuidedFormsInvalidFieldsStayInlineAndDoNotSubmit/guest-recipe/port/65536"}
{"Time":"2026-09-08T19:30:50.886688534+03:00","Action":"output","Package":"virmill.local/core/internal/ui/tui","Test":"TestGuidedFormsInvalidFieldsStayInlineAndDoNotSubmit/guest-recipe/port/65536","Output":"=== RUN   TestGuidedFormsInvalidFieldsStayInlineAndDoNotSubmit/guest-recipe/port/65536\n","OutputType":"frame"}
{"Time":"2026-09-08T19:30:50.887052277+03:00","Action":"output","Package":"virmill.local/core/internal/ui/tui","Test":"TestGuidedFormsInvalidFieldsStayInlineAndDoNotSubmit/guest-recipe/port/65536","Output":"--- PASS: TestGuidedFormsInvalidFieldsStayInlineAndDoNotSubmit/guest-recipe/port/65536 (0.00s)\n","OutputType":"frame"}
{"Time":"2026-09-08T19:30:50.887055575+03:00","Action":"pass","Package":"virmill.local/core/internal/ui/tui","Test":"TestGuidedFormsInvalidFieldsStayInlineAndDoNotSubmit/guest-recipe/port/65536","Elapsed":0}
{"Time":"2026-09-08T19:30:50.887071423+03:00","Action":"run","Package":"virmill.local/core/internal/ui/tui","Test":"TestGuidedFormsInvalidFieldsStayInlineAndDoNotSubmit/guest-recipe/user/ROOT"}
{"Time":"2026-09-08T19:30:50.887073688+03:00","Action":"output","Package":"virmill.local/core/internal/ui/tui","Test":"TestGuidedFormsInvalidFieldsStayInlineAndDoNotSubmit/guest-recipe/user/ROOT","Output":"=== RUN   TestGuidedFormsInvalidFieldsStayInlineAndDoNotSubmit/guest-recipe/user/ROOT\n","OutputType":"frame"}
{"Time":"2026-09-08T19:30:50.88746305+03:00","Action":"output","Package":"virmill.local/core/internal/ui/tui","Test":"TestGuidedFormsInvalidFieldsStayInlineAndDoNotSubmit/guest-recipe/user/ROOT","Output":"--- PASS: TestGuidedFormsInvalidFieldsStayInlineAndDoNotSubmit/guest-recipe/user/ROOT (0.00s)\n","OutputType":"frame"}
{"Time":"2026-09-08T19:30:50.887466863+03:00","Action":"pass","Package":"virmill.local/core/internal/ui/tui","Test":"TestGuidedFormsInvalidFieldsStayInlineAndDoNotSubmit/guest-recipe/user/ROOT","Elapsed":0}
{"Time":"2026-09-08T19:30:50.887484654+03:00","Action":"run","Package":"virmill.local/core/internal/ui/tui","Test":"TestGuidedFormsInvalidFieldsStayInlineAndDoNotSubmit/guest-recipe/user/-option"}
{"Time":"2026-09-08T19:30:50.887487072+03:00","Action":"output","Package":"virmill.local/core/internal/ui/tui","Test":"TestGuidedFormsInvalidFieldsStayInlineAndDoNotSubmit/guest-recipe/user/-option","Output":"=== RUN   TestGuidedFormsInvalidFieldsStayInlineAndDoNotSubmit/guest-recipe/user/-option\n","OutputType":"frame"}
{"Time":"2026-09-08T19:30:50.887855076+03:00","Action":"output","Package":"virmill.local/core/internal/ui/tui","Test":"TestGuidedFormsInvalidFieldsStayInlineAndDoNotSubmit/guest-recipe/user/-option","Output":"--- PASS: TestGuidedFormsInvalidFieldsStayInlineAndDoNotSubmit/guest-recipe/user/-option (0.00s)\n","OutputType":"frame"}
{"Time":"2026-09-08T19:30:50.887858487+03:00","Action":"pass","Package":"virmill.local/core/internal/ui/tui","Test":"TestGuidedFormsInvalidFieldsStayInlineAndDoNotSubmit/guest-recipe/user/-option","Elapsed":0}
{"Time":"2026-09-08T19:30:50.887874616+03:00","Action":"run","Package":"virmill.local/core/internal/ui/tui","Test":"TestGuidedFormsInvalidFieldsStayInlineAndDoNotSubmit/guest-recipe/identityFile/paste-a-key"}
{"Time":"2026-09-08T19:30:50.887880673+03:00","Action":"output","Package":"virmill.local/core/internal/ui/tui","Test":"TestGuidedFormsInvalidFieldsStayInlineAndDoNotSubmit/guest-recipe/identityFile/paste-a-key","Output":"=== RUN   TestGuidedFormsInvalidFieldsStayInlineAndDoNotSubmit/guest-recipe/identityFile/paste-a-key\n","OutputType":"frame"}
{"Time":"2026-09-08T19:30:50.888219615+03:00","Action":"output","Package":"virmill.local/core/internal/ui/tui","Test":"TestGuidedFormsInvalidFieldsStayInlineAndDoNotSubmit/guest-recipe/identityFile/paste-a-key","Output":"--- PASS: TestGuidedFormsInvalidFieldsStayInlineAndDoNotSubmit/guest-recipe/identityFile/paste-a-key (0.00s)\n","OutputType":"frame"}
{"Time":"2026-09-08T19:30:50.888223684+03:00","Action":"pass","Package":"virmill.local/core/internal/ui/tui","Test":"TestGuidedFormsInvalidFieldsStayInlineAndDoNotSubmit/guest-recipe/identityFile/paste-a-key","Elapsed":0}
{"Time":"2026-09-08T19:30:50.888238317+03:00","Action":"run","Package":"virmill.local/core/internal/ui/tui","Test":"TestGuidedFormsInvalidFieldsStayInlineAndDoNotSubmit/guest-recipe/knownHostsFile//private/../hosts"}
{"Time":"2026-09-08T19:30:50.888240656+03:00","Action":"output","Package":"virmill.local/core/internal/ui/tui","Test":"TestGuidedFormsInvalidFieldsStayInlineAndDoNotSubmit/guest-recipe/knownHostsFile//private/../hosts","Output":"=== RUN   TestGuidedFormsInvalidFieldsStayInlineAndDoNotSubmit/guest-recipe/knownHostsFile//private/../hosts\n","OutputType":"frame"}
{"Time":"2026-09-08T19:30:50.888610329+03:00","Action":"output","Package":"virmill.local/core/internal/ui/tui","Test":"TestGuidedFormsInvalidFieldsStayInlineAndDoNotSubmit/guest-recipe/knownHostsFile//private/../hosts","Output":"--- PASS: TestGuidedFormsInvalidFieldsStayInlineAndDoNotSubmit/guest-recipe/knownHostsFile//private/../hosts (0.00s)\n","OutputType":"frame"}
{"Time":"2026-09-08T19:30:50.88861839+03:00","Action":"pass","Package":"virmill.local/core/internal/ui/tui","Test":"TestGuidedFormsInvalidFieldsStayInlineAndDoNotSubmit/guest-recipe/knownHostsFile//private/../hosts","Elapsed":0}
{"Time":"2026-09-08T19:30:50.888636003+03:00","Action":"run","Package":"virmill.local/core/internal/ui/tui","Test":"TestGuidedFormsInvalidFieldsStayInlineAndDoNotSubmit/guest-recipe/arguments/'unfinished"}
{"Time":"2026-09-08T19:30:50.88863841+03:00","Action":"output","Package":"virmill.local/core/internal/ui/tui","Test":"TestGuidedFormsInvalidFieldsStayInlineAndDoNotSubmit/guest-recipe/arguments/'unfinished","Output":"=== RUN   TestGuidedFormsInvalidFieldsStayInlineAndDoNotSubmit/guest-recipe/arguments/'unfinished\n","OutputType":"frame"}
{"Time":"2026-09-08T19:30:50.889421453+03:00","Action":"output","Package":"virmill.local/core/internal/ui/tui","Test":"TestGuidedFormsInvalidFieldsStayInlineAndDoNotSubmit/guest-recipe/arguments/'unfinished","Output":"--- PASS: TestGuidedFormsInvalidFieldsStayInlineAndDoNotSubmit/guest-recipe/arguments/'unfinished (0.00s)\n","OutputType":"frame"}
{"Time":"2026-09-08T19:30:50.889426285+03:00","Action":"pass","Package":"virmill.local/core/internal/ui/tui","Test":"TestGuidedFormsInvalidFieldsStayInlineAndDoNotSubmit/guest-recipe/arguments/'unfinished","Elapsed":0}
{"Time":"2026-09-08T19:30:50.889428077+03:00","Action":"run","Package":"virmill.local/core/internal/ui/tui","Test":"TestGuidedFormsInvalidFieldsStayInlineAndDoNotSubmit/repository-init/repository/relative"}
{"Time":"2026-09-08T19:30:50.88942936+03:00","Action":"output","Package":"virmill.local/core/internal/ui/tui","Test":"TestGuidedFormsInvalidFieldsStayInlineAndDoNotSubmit/repository-init/repository/relative","Output":"=== RUN   TestGuidedFormsInvalidFieldsStayInlineAndDoNotSubmit/repository-init/repository/relative\n","OutputType":"frame"}
{"Time":"2026-09-08T19:30:50.889431365+03:00","Action":"output","Package":"virmill.local/core/internal/ui/tui","Test":"TestGuidedFormsInvalidFieldsStayInlineAndDoNotSubmit/repository-init/repository/relative","Output":"--- PASS: TestGuidedFormsInvalidFieldsStayInlineAndDoNotSubmit/repository-init/repository/relative (0.00s)\n","OutputType":"frame"}
{"Time":"2026-09-08T19:30:50.889432896+03:00","Action":"pass","Package":"virmill.local/core/internal/ui/tui","Test":"TestGuidedFormsInvalidFieldsStayInlineAndDoNotSubmit/repository-init/repository/relative","Elapsed":0}
{"Time":"2026-09-08T19:30:50.889434327+03:00","Action":"run","Package":"virmill.local/core/internal/ui/tui","Test":"TestGuidedFormsInvalidFieldsStayInlineAndDoNotSubmit/repository-check/passwordFile/plaintext-password"}
{"Time":"2026-09-08T19:30:50.889435776+03:00","Action":"output","Package":"virmill.local/core/internal/ui/tui","Test":"TestGuidedFormsInvalidFieldsStayInlineAndDoNotSubmit/repository-check/passwordFile/plaintext-password","Output":"=== RUN   TestGuidedFormsInvalidFieldsStayInlineAndDoNotSubmit/repository-check/passwordFile/plaintext-password\n","OutputType":"frame"}
{"Time":"2026-09-08T19:30:50.889472074+03:00","Action":"output","Package":"virmill.local/core/internal/ui/tui","Test":"TestGuidedFormsInvalidFieldsStayInlineAndDoNotSubmit/repository-check/passwordFile/plaintext-password","Output":"--- PASS: TestGuidedFormsInvalidFieldsStayInlineAndDoNotSubmit/repository-check/passwordFile/plaintext-password (0.00s)\n","OutputType":"frame"}
{"Time":"2026-09-08T19:30:50.889475511+03:00","Action":"pass","Package":"virmill.local/core/internal/ui/tui","Test":"TestGuidedFormsInvalidFieldsStayInlineAndDoNotSubmit/repository-check/passwordFile/plaintext-password","Elapsed":0}
{"Time":"2026-09-08T19:30:50.889492401+03:00","Action":"run","Package":"virmill.local/core/internal/ui/tui","Test":"TestGuidedFormsInvalidFieldsStayInlineAndDoNotSubmit/repository-check/passwordFile//private/repository/key"}
{"Time":"2026-09-08T19:30:50.889494848+03:00","Action":"output","Package":"virmill.local/core/internal/ui/tui","Test":"TestGuidedFormsInvalidFieldsStayInlineAndDoNotSubmit/repository-check/passwordFile//private/repository/key","Output":"=== RUN   TestGuidedFormsInvalidFieldsStayInlineAndDoNotSubmit/repository-check/passwordFile//private/repository/key\n","OutputType":"frame"}
{"Time":"2026-09-08T19:30:50.88968457+03:00","Action":"output","Package":"virmill.local/core/internal/ui/tui","Test":"TestGuidedFormsInvalidFieldsStayInlineAndDoNotSubmit/repository-check/passwordFile//private/repository/key","Output":"--- PASS: TestGuidedFormsInvalidFieldsStayInlineAndDoNotSubmit/repository-check/passwordFile//private/repository/key (0.00s)\n","OutputType":"frame"}
{"Time":"2026-09-08T19:30:50.889687933+03:00","Action":"pass","Package":"virmill.local/core/internal/ui/tui","Test":"TestGuidedFormsInvalidFieldsStayInlineAndDoNotSubmit/repository-check/passwordFile//private/repository/key","Elapsed":0}
{"Time":"2026-09-08T19:30:50.889703699+03:00","Action":"run","Package":"virmill.local/core/internal/ui/tui","Test":"TestGuidedFormsInvalidFieldsStayInlineAndDoNotSubmit/repository-check/passwordFile//private/repository"}
{"Time":"2026-09-08T19:30:50.88970576+03:00","Action":"output","Package":"virmill.local/core/internal/ui/tui","Test":"TestGuidedFormsInvalidFieldsStayInlineAndDoNotSubmit/repository-check/passwordFile//private/repository","Output":"=== RUN   TestGuidedFormsInvalidFieldsStayInlineAndDoNotSubmit/repository-check/passwordFile//private/repository\n","OutputType":"frame"}
{"Time":"2026-09-08T19:30:50.88988825+03:00","Action":"output","Package":"virmill.local/core/internal/ui/tui","Test":"TestGuidedFormsInvalidFieldsStayInlineAndDoNotSubmit/repository-check/passwordFile//private/repository","Output":"--- PASS: TestGuidedFormsInvalidFieldsStayInlineAndDoNotSubmit/repository-check/passwordFile//private/repository (0.00s)\n","OutputType":"frame"}
{"Time":"2026-09-08T19:30:50.889897639+03:00","Action":"pass","Package":"virmill.local/core/internal/ui/tui","Test":"TestGuidedFormsInvalidFieldsStayInlineAndDoNotSubmit/repository-check/passwordFile//private/repository","Elapsed":0}
{"Time":"2026-09-08T19:30:50.889918453+03:00","Action":"output","Package":"virmill.local/core/internal/ui/tui","Test":"TestGuidedFormsInvalidFieldsStayInlineAndDoNotSubmit","Output":"--- PASS: TestGuidedFormsInvalidFieldsStayInlineAndDoNotSubmit (0.01s)\n","OutputType":"frame"}
{"Time":"2026-09-08T19:30:50.889930243+03:00","Action":"pass","Package":"virmill.local/core/internal/ui/tui","Test":"TestGuidedFormsInvalidFieldsStayInlineAndDoNotSubmit","Elapsed":0.01}
{"Time":"2026-09-08T19:30:50.889944323+03:00","Action":"run","Package":"virmill.local/core/internal/ui/tui","Test":"TestGuidedFormsFocusUnicodeEditingAndValueIsolation"}
{"Time":"2026-09-08T19:30:50.889946361+03:00","Action":"output","Package":"virmill.local/core/internal/ui/tui","Test":"TestGuidedFormsFocusUnicodeEditingAndValueIsolation","Output":"=== RUN   TestGuidedFormsFocusUnicodeEditingAndValueIsolation\n","OutputType":"frame"}
{"Time":"2026-09-08T19:30:50.889995689+03:00","Action":"output","Package":"virmill.local/core/internal/ui/tui","Test":"TestGuidedFormsFocusUnicodeEditingAndValueIsolation","Output":"--- PASS: TestGuidedFormsFocusUnicodeEditingAndValueIsolation (0.00s)\n","OutputType":"frame"}
{"Time":"2026-09-08T19:30:50.890000425+03:00","Action":"pass","Package":"virmill.local/core/internal/ui/tui","Test":"TestGuidedFormsFocusUnicodeEditingAndValueIsolation","Elapsed":0}
{"Time":"2026-09-08T19:30:50.890013576+03:00","Action":"run","Package":"virmill.local/core/internal/ui/tui","Test":"TestGuidedFormsRejectControlsAndExcessWithoutLosingInput"}
{"Time":"2026-09-08T19:30:50.890015588+03:00","Action":"output","Package":"virmill.local/core/internal/ui/tui","Test":"TestGuidedFormsRejectControlsAndExcessWithoutLosingInput","Output":"=== RUN   TestGuidedFormsRejectControlsAndExcessWithoutLosingInput\n","OutputType":"frame"}
{"Time":"2026-09-08T19:30:50.890470378+03:00","Action":"output","Package":"virmill.local/core/internal/ui/tui","Test":"TestGuidedFormsRejectControlsAndExcessWithoutLosingInput","Output":"--- PASS: TestGuidedFormsRejectControlsAndExcessWithoutLosingInput (0.00s)\n","OutputType":"frame"}
{"Time":"2026-09-08T19:30:50.890474522+03:00","Action":"pass","Package":"virmill.local/core/internal/ui/tui","Test":"TestGuidedFormsRejectControlsAndExcessWithoutLosingInput","Elapsed":0}
{"Time":"2026-09-08T19:30:50.8904876+03:00","Action":"run","Package":"virmill.local/core/internal/ui/tui","Test":"TestGuidedFormsIdentityAndConnectionRefusals"}
{"Time":"2026-09-08T19:30:50.890490285+03:00","Action":"output","Package":"virmill.local/core/internal/ui/tui","Test":"TestGuidedFormsIdentityAndConnectionRefusals","Output":"=== RUN   TestGuidedFormsIdentityAndConnectionRefusals\n","OutputType":"frame"}
{"Time":"2026-09-08T19:30:50.890625112+03:00","Action":"output","Package":"virmill.local/core/internal/ui/tui","Test":"TestGuidedFormsIdentityAndConnectionRefusals","Output":"--- PASS: TestGuidedFormsIdentityAndConnectionRefusals (0.00s)\n","OutputType":"frame"}
{"Time":"2026-09-08T19:30:50.890628327+03:00","Action":"pass","Package":"virmill.local/core/internal/ui/tui","Test":"TestGuidedFormsIdentityAndConnectionRefusals","Elapsed":0}
{"Time":"2026-09-08T19:30:50.890644319+03:00","Action":"run","Package":"virmill.local/core/internal/ui/tui","Test":"TestGuidedFormsResizeSanitizationAndFocusVisible"}
{"Time":"2026-09-08T19:30:50.890646797+03:00","Action":"output","Package":"virmill.local/core/internal/ui/tui","Test":"TestGuidedFormsResizeSanitizationAndFocusVisible","Output":"=== RUN   TestGuidedFormsResizeSanitizationAndFocusVisible\n","OutputType":"frame"}
{"Time":"2026-09-08T19:30:50.927620601+03:00","Action":"output","Package":"virmill.local/core/internal/ui/tui","Test":"TestGuidedFormsResizeSanitizationAndFocusVisible","Output":"--- PASS: TestGuidedFormsResizeSanitizationAndFocusVisible (0.04s)\n","OutputType":"frame"}
{"Time":"2026-09-08T19:30:50.927649055+03:00","Action":"pass","Package":"virmill.local/core/internal/ui/tui","Test":"TestGuidedFormsResizeSanitizationAndFocusVisible","Elapsed":0.04}
{"Time":"2026-09-08T19:30:50.927654366+03:00","Action":"run","Package":"virmill.local/core/internal/ui/tui","Test":"TestGuidedFormsCompactLayoutShowsOnlyFocusedHelp"}
{"Time":"2026-09-08T19:30:50.927656139+03:00","Action":"output","Package":"virmill.local/core/internal/ui/tui","Test":"TestGuidedFormsCompactLayoutShowsOnlyFocusedHelp","Output":"=== RUN   TestGuidedFormsCompactLayoutShowsOnlyFocusedHelp\n","OutputType":"frame"}
{"Time":"2026-09-08T19:30:50.929088983+03:00","Action":"output","Package":"virmill.local/core/internal/ui/tui","Test":"TestGuidedFormsCompactLayoutShowsOnlyFocusedHelp","Output":"--- PASS: TestGuidedFormsCompactLayoutShowsOnlyFocusedHelp (0.00s)\n","OutputType":"frame"}
{"Time":"2026-09-08T19:30:50.929102686+03:00","Action":"pass","Package":"virmill.local/core/internal/ui/tui","Test":"TestGuidedFormsCompactLayoutShowsOnlyFocusedHelp","Elapsed":0}
{"Time":"2026-09-08T19:30:50.929114843+03:00","Action":"run","Package":"virmill.local/core/internal/ui/tui","Test":"TestGuidedFormCompactInputKeepsCursorAndInlineErrorVisible"}
{"Time":"2026-09-08T19:30:50.929116848+03:00","Action":"output","Package":"virmill.local/core/internal/ui/tui","Test":"TestGuidedFormCompactInputKeepsCursorAndInlineErrorVisible","Output":"=== RUN   TestGuidedFormCompactInputKeepsCursorAndInlineErrorVisible\n","OutputType":"frame"}
{"Time":"2026-09-08T19:30:50.93023904+03:00","Action":"output","Package":"virmill.local/core/internal/ui/tui","Test":"TestGuidedFormCompactInputKeepsCursorAndInlineErrorVisible","Output":"--- PASS: TestGuidedFormCompactInputKeepsCursorAndInlineErrorVisible (0.00s)\n","OutputType":"frame"}
{"Time":"2026-09-08T19:30:50.930248447+03:00","Action":"pass","Package":"virmill.local/core/internal/ui/tui","Test":"TestGuidedFormCompactInputKeepsCursorAndInlineErrorVisible","Elapsed":0}
{"Time":"2026-09-08T19:30:50.930264726+03:00","Action":"run","Package":"virmill.local/core/internal/ui/tui","Test":"TestGuidedBrowseKindsAndEssentialContext"}
{"Time":"2026-09-08T19:30:50.930266115+03:00","Action":"output","Package":"virmill.local/core/internal/ui/tui","Test":"TestGuidedBrowseKindsAndEssentialContext","Output":"=== RUN   TestGuidedBrowseKindsAndEssentialContext\n","OutputType":"frame"}
{"Time":"2026-09-08T19:30:50.93080017+03:00","Action":"output","Package":"virmill.local/core/internal/ui/tui","Test":"TestGuidedBrowseKindsAndEssentialContext","Output":"--- PASS: TestGuidedBrowseKindsAndEssentialContext (0.00s)\n","OutputType":"frame"}
{"Time":"2026-09-08T19:30:50.930810983+03:00","Action":"pass","Package":"virmill.local/core/internal/ui/tui","Test":"TestGuidedBrowseKindsAndEssentialContext","Elapsed":0}
{"Time":"2026-09-08T19:30:50.93081988+03:00","Action":"run","Package":"virmill.local/core/internal/ui/tui","Test":"TestReadOnlyHostInventoryNavigation"}
{"Time":"2026-09-08T19:30:50.930821388+03:00","Action":"output","Package":"virmill.local/core/internal/ui/tui","Test":"TestReadOnlyHostInventoryNavigation","Output":"=== RUN   TestReadOnlyHostInventoryNavigation\n","OutputType":"frame"}
{"Time":"2026-09-08T19:30:50.931470899+03:00","Action":"output","Package":"virmill.local/core/internal/ui/tui","Test":"TestReadOnlyHostInventoryNavigation","Output":"--- PASS: TestReadOnlyHostInventoryNavigation (0.00s)\n","OutputType":"frame"}
{"Time":"2026-09-08T19:30:50.931479857+03:00","Action":"pass","Package":"virmill.local/core/internal/ui/tui","Test":"TestReadOnlyHostInventoryNavigation","Elapsed":0}
{"Time":"2026-09-08T19:30:50.931496617+03:00","Action":"run","Package":"virmill.local/core/internal/ui/tui","Test":"TestLocalBackupTUIServiceParity"}
{"Time":"2026-09-08T19:30:50.931497982+03:00","Action":"output","Package":"virmill.local/core/internal/ui/tui","Test":"TestLocalBackupTUIServiceParity","Output":"=== RUN   TestLocalBackupTUIServiceParity\n","OutputType":"frame"}
{"Time":"2026-09-08T19:30:50.931520227+03:00","Action":"run","Package":"virmill.local/core/internal/ui/tui","Test":"TestLocalBackupTUIServiceParity/backup.repository.init"}
{"Time":"2026-09-08T19:30:50.931521482+03:00","Action":"output","Package":"virmill.local/core/internal/ui/tui","Test":"TestLocalBackupTUIServiceParity/backup.repository.init","Output":"=== RUN   TestLocalBackupTUIServiceParity/backup.repository.init\n","OutputType":"frame"}
{"Time":"2026-09-08T19:30:50.944449182+03:00","Action":"output","Package":"virmill.local/core/internal/ui/tui","Test":"TestLocalBackupTUIServiceParity/backup.repository.init","Output":"--- PASS: TestLocalBackupTUIServiceParity/backup.repository.init (0.01s)\n","OutputType":"frame"}
{"Time":"2026-09-08T19:30:50.944469726+03:00","Action":"pass","Package":"virmill.local/core/internal/ui/tui","Test":"TestLocalBackupTUIServiceParity/backup.repository.init","Elapsed":0.01}
{"Time":"2026-09-08T19:30:50.944477415+03:00","Action":"run","Package":"virmill.local/core/internal/ui/tui","Test":"TestLocalBackupTUIServiceParity/backup.repository.check"}
{"Time":"2026-09-08T19:30:50.944481784+03:00","Action":"output","Package":"virmill.local/core/internal/ui/tui","Test":"TestLocalBackupTUIServiceParity/backup.repository.check","Output":"=== RUN   TestLocalBackupTUIServiceParity/backup.repository.check\n","OutputType":"frame"}
{"Time":"2026-09-08T19:30:50.957209434+03:00","Action":"output","Package":"virmill.local/core/internal/ui/tui","Test":"TestLocalBackupTUIServiceParity/backup.repository.check","Output":"--- PASS: TestLocalBackupTUIServiceParity/backup.repository.check (0.01s)\n","OutputType":"frame"}
{"Time":"2026-09-08T19:30:50.95722255+03:00","Action":"pass","Package":"virmill.local/core/internal/ui/tui","Test":"TestLocalBackupTUIServiceParity/backup.repository.check","Elapsed":0.01}
{"Time":"2026-09-08T19:30:50.957242214+03:00","Action":"run","Package":"virmill.local/core/internal/ui/tui","Test":"TestLocalBackupTUIServiceParity/backup.create"}
{"Time":"2026-09-08T19:30:50.957243685+03:00","Action":"output","Package":"virmill.local/core/internal/ui/tui","Test":"TestLocalBackupTUIServiceParity/backup.create","Output":"=== RUN   TestLocalBackupTUIServiceParity/backup.create\n","OutputType":"frame"}
{"Time":"2026-09-08T19:30:50.973732497+03:00","Action":"output","Package":"virmill.local/core/internal/ui/tui","Test":"TestLocalBackupTUIServiceParity/backup.create","Output":"--- PASS: TestLocalBackupTUIServiceParity/backup.create (0.02s)\n","OutputType":"frame"}
{"Time":"2026-09-08T19:30:50.973747309+03:00","Action":"pass","Package":"virmill.local/core/internal/ui/tui","Test":"TestLocalBackupTUIServiceParity/backup.create","Elapsed":0.02}
{"Time":"2026-09-08T19:30:50.973758717+03:00","Action":"run","Package":"virmill.local/core/internal/ui/tui","Test":"TestLocalBackupTUIServiceParity/backup.restore"}
{"Time":"2026-09-08T19:30:50.973760267+03:00","Action":"output","Package":"virmill.local/core/internal/ui/tui","Test":"TestLocalBackupTUIServiceParity/backup.restore","Output":"=== RUN   TestLocalBackupTUIServiceParity/backup.restore\n","OutputType":"frame"}
{"Time":"2026-09-08T19:30:50.999183272+03:00","Action":"output","Package":"virmill.local/core/internal/ui/tui","Test":"TestLocalBackupTUIServiceParity/backup.restore","Output":"--- PASS: TestLocalBackupTUIServiceParity/backup.restore (0.03s)\n","OutputType":"frame"}
{"Time":"2026-09-08T19:30:50.999208629+03:00","Action":"pass","Package":"virmill.local/core/internal/ui/tui","Test":"TestLocalBackupTUIServiceParity/backup.restore","Elapsed":0.03}
{"Time":"2026-09-08T19:30:50.999213307+03:00","Action":"run","Package":"virmill.local/core/internal/ui/tui","Test":"TestLocalBackupTUIServiceParity/backup.result"}
{"Time":"2026-09-08T19:30:50.999214522+03:00","Action":"output","Package":"virmill.local/core/internal/ui/tui","Test":"TestLocalBackupTUIServiceParity/backup.result","Output":"=== RUN   TestLocalBackupTUIServiceParity/backup.result\n","OutputType":"frame"}
{"Time":"2026-09-08T19:30:51.002027772+03:00","Action":"output","Package":"virmill.local/core/internal/ui/tui","Test":"TestLocalBackupTUIServiceParity/backup.result","Output":"--- PASS: TestLocalBackupTUIServiceParity/backup.result (0.00s)\n","OutputType":"frame"}
{"Time":"2026-09-08T19:30:51.002050024+03:00","Action":"pass","Package":"virmill.local/core/internal/ui/tui","Test":"TestLocalBackupTUIServiceParity/backup.result","Elapsed":0}
{"Time":"2026-09-08T19:30:51.002068687+03:00","Action":"output","Package":"virmill.local/core/internal/ui/tui","Test":"TestLocalBackupTUIServiceParity","Output":"--- PASS: TestLocalBackupTUIServiceParity (0.07s)\n","OutputType":"frame"}
{"Time":"2026-09-08T19:30:51.002079417+03:00","Action":"pass","Package":"virmill.local/core/internal/ui/tui","Test":"TestLocalBackupTUIServiceParity","Elapsed":0.07}
{"Time":"2026-09-08T19:30:51.0020984+03:00","Action":"run","Package":"virmill.local/core/internal/ui/tui","Test":"TestManagedVolumeAccessFormUsesSharedService"}
{"Time":"2026-09-08T19:30:51.002100863+03:00","Action":"output","Package":"virmill.local/core/internal/ui/tui","Test":"TestManagedVolumeAccessFormUsesSharedService","Output":"=== RUN   TestManagedVolumeAccessFormUsesSharedService\n","OutputType":"frame"}
{"Time":"2026-09-08T19:30:51.002948816+03:00","Action":"output","Package":"virmill.local/core/internal/ui/tui","Test":"TestManagedVolumeAccessFormUsesSharedService","Output":"--- PASS: TestManagedVolumeAccessFormUsesSharedService (0.00s)\n","OutputType":"frame"}
{"Time":"2026-09-08T19:30:51.002957444+03:00","Action":"pass","Package":"virmill.local/core/internal/ui/tui","Test":"TestManagedVolumeAccessFormUsesSharedService","Elapsed":0}
{"Time":"2026-09-08T19:30:51.002967789+03:00","Action":"run","Package":"virmill.local/core/internal/ui/tui","Test":"TestKeyboardNavigationSharedServiceAndResize"}
{"Time":"2026-09-08T19:30:51.002969128+03:00","Action":"output","Package":"virmill.local/core/internal/ui/tui","Test":"TestKeyboardNavigationSharedServiceAndResize","Output":"=== RUN   TestKeyboardNavigationSharedServiceAndResize\n","OutputType":"frame"}
{"Time":"2026-09-08T19:30:51.003945662+03:00","Action":"output","Package":"virmill.local/core/internal/ui/tui","Test":"TestKeyboardNavigationSharedServiceAndResize","Output":"--- PASS: TestKeyboardNavigationSharedServiceAndResize (0.00s)\n","OutputType":"frame"}
{"Time":"2026-09-08T19:30:51.003953045+03:00","Action":"pass","Package":"virmill.local/core/internal/ui/tui","Test":"TestKeyboardNavigationSharedServiceAndResize","Elapsed":0}
{"Time":"2026-09-08T19:30:51.003965621+03:00","Action":"run","Package":"virmill.local/core/internal/ui/tui","Test":"TestEscDiscardsApprovalWithoutMutation"}
{"Time":"2026-09-08T19:30:51.003969993+03:00","Action":"output","Package":"virmill.local/core/internal/ui/tui","Test":"TestEscDiscardsApprovalWithoutMutation","Output":"=== RUN   TestEscDiscardsApprovalWithoutMutation\n","OutputType":"frame"}
{"Time":"2026-09-08T19:30:51.004031215+03:00","Action":"output","Package":"virmill.local/core/internal/ui/tui","Test":"TestEscDiscardsApprovalWithoutMutation","Output":"--- PASS: TestEscDiscardsApprovalWithoutMutation (0.00s)\n","OutputType":"frame"}
{"Time":"2026-09-08T19:30:51.004039174+03:00","Action":"pass","Package":"virmill.local/core/internal/ui/tui","Test":"TestEscDiscardsApprovalWithoutMutation","Elapsed":0}
{"Time":"2026-09-08T19:30:51.004050703+03:00","Action":"run","Package":"virmill.local/core/internal/ui/tui","Test":"TestPluginFormDispatchAndScrollableActionMenu"}
{"Time":"2026-09-08T19:30:51.004052046+03:00","Action":"output","Package":"virmill.local/core/internal/ui/tui","Test":"TestPluginFormDispatchAndScrollableActionMenu","Output":"=== RUN   TestPluginFormDispatchAndScrollableActionMenu\n","OutputType":"frame"}
{"Time":"2026-09-08T19:30:51.00584123+03:00","Action":"output","Package":"virmill.local/core/internal/ui/tui","Test":"TestPluginFormDispatchAndScrollableActionMenu","Output":"--- PASS: TestPluginFormDispatchAndScrollableActionMenu (0.00s)\n","OutputType":"frame"}
{"Time":"2026-09-08T19:30:51.005851986+03:00","Action":"pass","Package":"virmill.local/core/internal/ui/tui","Test":"TestPluginFormDispatchAndScrollableActionMenu","Elapsed":0}
{"Time":"2026-09-08T19:30:51.005867501+03:00","Action":"run","Package":"virmill.local/core/internal/ui/tui","Test":"TestImportFormDispatchesCompleteMappingToSharedService"}
{"Time":"2026-09-08T19:30:51.005871031+03:00","Action":"output","Package":"virmill.local/core/internal/ui/tui","Test":"TestImportFormDispatchesCompleteMappingToSharedService","Output":"=== RUN   TestImportFormDispatchesCompleteMappingToSharedService\n","OutputType":"frame"}
{"Time":"2026-09-08T19:30:51.007122603+03:00","Action":"output","Package":"virmill.local/core/internal/ui/tui","Test":"TestImportFormDispatchesCompleteMappingToSharedService","Output":"--- PASS: TestImportFormDispatchesCompleteMappingToSharedService (0.00s)\n","OutputType":"frame"}
{"Time":"2026-09-08T19:30:51.007135321+03:00","Action":"pass","Package":"virmill.local/core/internal/ui/tui","Test":"TestImportFormDispatchesCompleteMappingToSharedService","Elapsed":0}
{"Time":"2026-09-08T19:30:51.007149185+03:00","Action":"run","Package":"virmill.local/core/internal/ui/tui","Test":"TestSelectedDiskPreparationFormUsesSharedService"}
{"Time":"2026-09-08T19:30:51.007151326+03:00","Action":"output","Package":"virmill.local/core/internal/ui/tui","Test":"TestSelectedDiskPreparationFormUsesSharedService","Output":"=== RUN   TestSelectedDiskPreparationFormUsesSharedService\n","OutputType":"frame"}
{"Time":"2026-09-08T19:30:51.008367845+03:00","Action":"output","Package":"virmill.local/core/internal/ui/tui","Test":"TestSelectedDiskPreparationFormUsesSharedService","Output":"--- PASS: TestSelectedDiskPreparationFormUsesSharedService (0.00s)\n","OutputType":"frame"}
{"Time":"2026-09-08T19:30:51.008381957+03:00","Action":"pass","Package":"virmill.local/core/internal/ui/tui","Test":"TestSelectedDiskPreparationFormUsesSharedService","Elapsed":0}
{"Time":"2026-09-08T19:30:51.00839346+03:00","Action":"run","Package":"virmill.local/core/internal/ui/tui","Test":"TestInstallationPreparationFormUsesSharedService"}
{"Time":"2026-09-08T19:30:51.008395013+03:00","Action":"output","Package":"virmill.local/core/internal/ui/tui","Test":"TestInstallationPreparationFormUsesSharedService","Output":"=== RUN   TestInstallationPreparationFormUsesSharedService\n","OutputType":"frame"}
{"Time":"2026-09-08T19:30:51.009564616+03:00","Action":"output","Package":"virmill.local/core/internal/ui/tui","Test":"TestInstallationPreparationFormUsesSharedService","Output":"--- PASS: TestInstallationPreparationFormUsesSharedService (0.00s)\n","OutputType":"frame"}
{"Time":"2026-09-08T19:30:51.009570483+03:00","Action":"pass","Package":"virmill.local/core/internal/ui/tui","Test":"TestInstallationPreparationFormUsesSharedService","Elapsed":0}
{"Time":"2026-09-08T19:30:51.009583834+03:00","Action":"run","Package":"virmill.local/core/internal/ui/tui","Test":"TestStorageAndNetworkInventoryAreReachableWithoutApproval"}
{"Time":"2026-09-08T19:30:51.009585293+03:00","Action":"output","Package":"virmill.local/core/internal/ui/tui","Test":"TestStorageAndNetworkInventoryAreReachableWithoutApproval","Output":"=== RUN   TestStorageAndNetworkInventoryAreReachableWithoutApproval\n","OutputType":"frame"}
{"Time":"2026-09-08T19:30:51.009853433+03:00","Action":"output","Package":"virmill.local/core/internal/ui/tui","Test":"TestStorageAndNetworkInventoryAreReachableWithoutApproval","Output":"--- PASS: TestStorageAndNetworkInventoryAreReachableWithoutApproval (0.00s)\n","OutputType":"frame"}
{"Time":"2026-09-08T19:30:51.009865463+03:00","Action":"pass","Package":"virmill.local/core/internal/ui/tui","Test":"TestStorageAndNetworkInventoryAreReachableWithoutApproval","Elapsed":0}
{"Time":"2026-09-08T19:30:51.009876571+03:00","Action":"run","Package":"virmill.local/core/internal/ui/tui","Test":"TestCreationAndDefinitionRecoveryHaveSharedTUIAccess"}
{"Time":"2026-09-08T19:30:51.009878082+03:00","Action":"output","Package":"virmill.local/core/internal/ui/tui","Test":"TestCreationAndDefinitionRecoveryHaveSharedTUIAccess","Output":"=== RUN   TestCreationAndDefinitionRecoveryHaveSharedTUIAccess\n","OutputType":"frame"}
{"Time":"2026-09-08T19:30:51.015077227+03:00","Action":"output","Package":"virmill.local/core/internal/ui/tui","Test":"TestCreationAndDefinitionRecoveryHaveSharedTUIAccess","Output":"--- PASS: TestCreationAndDefinitionRecoveryHaveSharedTUIAccess (0.01s)\n","OutputType":"frame"}
{"Time":"2026-09-08T19:30:51.015085161+03:00","Action":"pass","Package":"virmill.local/core/internal/ui/tui","Test":"TestCreationAndDefinitionRecoveryHaveSharedTUIAccess","Elapsed":0.01}
{"Time":"2026-09-08T19:30:51.015101931+03:00","Action":"run","Package":"virmill.local/core/internal/ui/tui","Test":"TestLargeCreationFormRemainsBoundedAndVisible"}
{"Time":"2026-09-08T19:30:51.015104111+03:00","Action":"output","Package":"virmill.local/core/internal/ui/tui","Test":"TestLargeCreationFormRemainsBoundedAndVisible","Output":"=== RUN   TestLargeCreationFormRemainsBoundedAndVisible\n","OutputType":"frame"}
{"Time":"2026-09-08T19:30:51.026858729+03:00","Action":"output","Package":"virmill.local/core/internal/ui/tui","Test":"TestLargeCreationFormRemainsBoundedAndVisible","Output":"--- PASS: TestLargeCreationFormRemainsBoundedAndVisible (0.01s)\n","OutputType":"frame"}
{"Time":"2026-09-08T19:30:51.026874571+03:00","Action":"pass","Package":"virmill.local/core/internal/ui/tui","Test":"TestLargeCreationFormRemainsBoundedAndVisible","Elapsed":0.01}
{"Time":"2026-09-08T19:30:51.026884971+03:00","Action":"run","Package":"virmill.local/core/internal/ui/tui","Test":"TestNoCloudCreationFormUsesSharedService"}
{"Time":"2026-09-08T19:30:51.026886469+03:00","Action":"output","Package":"virmill.local/core/internal/ui/tui","Test":"TestNoCloudCreationFormUsesSharedService","Output":"=== RUN   TestNoCloudCreationFormUsesSharedService\n","OutputType":"frame"}
{"Time":"2026-09-08T19:30:51.029078876+03:00","Action":"output","Package":"virmill.local/core/internal/ui/tui","Test":"TestNoCloudCreationFormUsesSharedService","Output":"--- PASS: TestNoCloudCreationFormUsesSharedService (0.00s)\n","OutputType":"frame"}
{"Time":"2026-09-08T19:30:51.029096624+03:00","Action":"pass","Package":"virmill.local/core/internal/ui/tui","Test":"TestNoCloudCreationFormUsesSharedService","Elapsed":0}
{"Time":"2026-09-08T19:30:51.029110724+03:00","Action":"run","Package":"virmill.local/core/internal/ui/tui","Test":"TestFixedResourceFormUsesSharedPlanning"}
{"Time":"2026-09-08T19:30:51.029112165+03:00","Action":"output","Package":"virmill.local/core/internal/ui/tui","Test":"TestFixedResourceFormUsesSharedPlanning","Output":"=== RUN   TestFixedResourceFormUsesSharedPlanning\n","OutputType":"frame"}
{"Time":"2026-09-08T19:30:51.03020912+03:00","Action":"output","Package":"virmill.local/core/internal/ui/tui","Test":"TestFixedResourceFormUsesSharedPlanning","Output":"--- PASS: TestFixedResourceFormUsesSharedPlanning (0.00s)\n","OutputType":"frame"}
{"Time":"2026-09-08T19:30:51.030218286+03:00","Action":"pass","Package":"virmill.local/core/internal/ui/tui","Test":"TestFixedResourceFormUsesSharedPlanning","Elapsed":0}
{"Time":"2026-09-08T19:30:51.030238333+03:00","Action":"run","Package":"virmill.local/core/internal/ui/tui","Test":"TestBootInspectionAndMediaEditingHaveSharedTUIAccess"}
{"Time":"2026-09-08T19:30:51.030240001+03:00","Action":"output","Package":"virmill.local/core/internal/ui/tui","Test":"TestBootInspectionAndMediaEditingHaveSharedTUIAccess","Output":"=== RUN   TestBootInspectionAndMediaEditingHaveSharedTUIAccess\n","OutputType":"frame"}
{"Time":"2026-09-08T19:30:51.032403826+03:00","Action":"output","Package":"virmill.local/core/internal/ui/tui","Test":"TestBootInspectionAndMediaEditingHaveSharedTUIAccess","Output":"--- PASS: TestBootInspectionAndMediaEditingHaveSharedTUIAccess (0.00s)\n","OutputType":"frame"}
{"Time":"2026-09-08T19:30:51.032418108+03:00","Action":"pass","Package":"virmill.local/core/internal/ui/tui","Test":"TestBootInspectionAndMediaEditingHaveSharedTUIAccess","Elapsed":0}
{"Time":"2026-09-08T19:30:51.032433768+03:00","Action":"run","Package":"virmill.local/core/internal/ui/tui","Test":"TestTUIReviewShowsSharedDowntimeEstimate"}
{"Time":"2026-09-08T19:30:51.032435336+03:00","Action":"output","Package":"virmill.local/core/internal/ui/tui","Test":"TestTUIReviewShowsSharedDowntimeEstimate","Output":"=== RUN   TestTUIReviewShowsSharedDowntimeEstimate\n","OutputType":"frame"}
{"Time":"2026-09-08T19:30:51.033417866+03:00","Action":"output","Package":"virmill.local/core/internal/ui/tui","Test":"TestTUIReviewShowsSharedDowntimeEstimate","Output":"--- PASS: TestTUIReviewShowsSharedDowntimeEstimate (0.00s)\n","OutputType":"frame"}
{"Time":"2026-09-08T19:30:51.033433335+03:00","Action":"pass","Package":"virmill.local/core/internal/ui/tui","Test":"TestTUIReviewShowsSharedDowntimeEstimate","Elapsed":0}
{"Time":"2026-09-08T19:30:51.033444734+03:00","Action":"run","Package":"virmill.local/core/internal/ui/tui","Test":"TestTUIActiveCreationResultIsProgressWithoutApproval"}
{"Time":"2026-09-08T19:30:51.033446275+03:00","Action":"output","Package":"virmill.local/core/internal/ui/tui","Test":"TestTUIActiveCreationResultIsProgressWithoutApproval","Output":"=== RUN   TestTUIActiveCreationResultIsProgressWithoutApproval\n","OutputType":"frame"}
{"Time":"2026-09-08T19:30:51.034525051+03:00","Action":"output","Package":"virmill.local/core/internal/ui/tui","Test":"TestTUIActiveCreationResultIsProgressWithoutApproval","Output":"--- PASS: TestTUIActiveCreationResultIsProgressWithoutApproval (0.00s)\n","OutputType":"frame"}
{"Time":"2026-09-08T19:30:51.034540797+03:00","Action":"pass","Package":"virmill.local/core/internal/ui/tui","Test":"TestTUIActiveCreationResultIsProgressWithoutApproval","Elapsed":0}
{"Time":"2026-09-08T19:30:51.034551783+03:00","Action":"run","Package":"virmill.local/core/internal/ui/tui","Test":"TestNetworkAllocationTUIExactReviewApprovalAndPathCancellation"}
{"Time":"2026-09-08T19:30:51.034553186+03:00","Action":"output","Package":"virmill.local/core/internal/ui/tui","Test":"TestNetworkAllocationTUIExactReviewApprovalAndPathCancellation","Output":"=== RUN   TestNetworkAllocationTUIExactReviewApprovalAndPathCancellation\n","OutputType":"frame"}
{"Time":"2026-09-08T19:30:51.130880915+03:00","Action":"output","Package":"virmill.local/core/internal/ui/tui","Test":"TestNetworkAllocationTUIExactReviewApprovalAndPathCancellation","Output":"--- PASS: TestNetworkAllocationTUIExactReviewApprovalAndPathCancellation (0.10s)\n","OutputType":"frame"}
{"Time":"2026-09-08T19:30:51.130921282+03:00","Action":"pass","Package":"virmill.local/core/internal/ui/tui","Test":"TestNetworkAllocationTUIExactReviewApprovalAndPathCancellation","Elapsed":0.1}
{"Time":"2026-09-08T19:30:51.130930043+03:00","Action":"run","Package":"virmill.local/core/internal/ui/tui","Test":"TestNetworkAllocationTUIFailedSelectionClearsPriorApproval"}
{"Time":"2026-09-08T19:30:51.130940415+03:00","Action":"output","Package":"virmill.local/core/internal/ui/tui","Test":"TestNetworkAllocationTUIFailedSelectionClearsPriorApproval","Output":"=== RUN   TestNetworkAllocationTUIFailedSelectionClearsPriorApproval\n","OutputType":"frame"}
{"Time":"2026-09-08T19:30:51.130944425+03:00","Action":"run","Package":"virmill.local/core/internal/ui/tui","Test":"TestNetworkAllocationTUIFailedSelectionClearsPriorApproval/canceled"}
{"Time":"2026-09-08T19:30:51.130947437+03:00","Action":"output","Package":"virmill.local/core/internal/ui/tui","Test":"TestNetworkAllocationTUIFailedSelectionClearsPriorApproval/canceled","Output":"=== RUN   TestNetworkAllocationTUIFailedSelectionClearsPriorApproval/canceled\n","OutputType":"frame"}
{"Time":"2026-09-08T19:30:51.159311005+03:00","Action":"output","Package":"virmill.local/core/internal/ui/tui","Test":"TestNetworkAllocationTUIFailedSelectionClearsPriorApproval/canceled","Output":"--- PASS: TestNetworkAllocationTUIFailedSelectionClearsPriorApproval/canceled (0.03s)\n","OutputType":"frame"}
{"Time":"2026-09-08T19:30:51.159349996+03:00","Action":"pass","Package":"virmill.local/core/internal/ui/tui","Test":"TestNetworkAllocationTUIFailedSelectionClearsPriorApproval/canceled","Elapsed":0.03}
{"Time":"2026-09-08T19:30:51.159357141+03:00","Action":"run","Package":"virmill.local/core/internal/ui/tui","Test":"TestNetworkAllocationTUIFailedSelectionClearsPriorApproval/settings-unavailable"}
{"Time":"2026-09-08T19:30:51.159358524+03:00","Action":"output","Package":"virmill.local/core/internal/ui/tui","Test":"TestNetworkAllocationTUIFailedSelectionClearsPriorApproval/settings-unavailable","Output":"=== RUN   TestNetworkAllocationTUIFailedSelectionClearsPriorApproval/settings-unavailable\n","OutputType":"frame"}
{"Time":"2026-09-08T19:30:51.187740715+03:00","Action":"output","Package":"virmill.local/core/internal/ui/tui","Test":"TestNetworkAllocationTUIFailedSelectionClearsPriorApproval/settings-unavailable","Output":"--- PASS: TestNetworkAllocationTUIFailedSelectionClearsPriorApproval/settings-unavailable (0.03s)\n","OutputType":"frame"}
{"Time":"2026-09-08T19:30:51.187774293+03:00","Action":"pass","Package":"virmill.local/core/internal/ui/tui","Test":"TestNetworkAllocationTUIFailedSelectionClearsPriorApproval/settings-unavailable","Elapsed":0.03}
{"Time":"2026-09-08T19:30:51.187783137+03:00","Action":"output","Package":"virmill.local/core/internal/ui/tui","Test":"TestNetworkAllocationTUIFailedSelectionClearsPriorApproval","Output":"--- PASS: TestNetworkAllocationTUIFailedSelectionClearsPriorApproval (0.06s)\n","OutputType":"frame"}
{"Time":"2026-09-08T19:30:51.187785363+03:00","Action":"pass","Package":"virmill.local/core/internal/ui/tui","Test":"TestNetworkAllocationTUIFailedSelectionClearsPriorApproval","Elapsed":0.06}
{"Time":"2026-09-08T19:30:51.187788681+03:00","Action":"run","Package":"virmill.local/core/internal/ui/tui","Test":"TestNetworkCreationAndRecoveryUseSharedPreview"}
{"Time":"2026-09-08T19:30:51.187790241+03:00","Action":"output","Package":"virmill.local/core/internal/ui/tui","Test":"TestNetworkCreationAndRecoveryUseSharedPreview","Output":"=== RUN   TestNetworkCreationAndRecoveryUseSharedPreview\n","OutputType":"frame"}
{"Time":"2026-09-08T19:30:51.189129183+03:00","Action":"output","Package":"virmill.local/core/internal/ui/tui","Test":"TestNetworkCreationAndRecoveryUseSharedPreview","Output":"--- PASS: TestNetworkCreationAndRecoveryUseSharedPreview (0.00s)\n","OutputType":"frame"}
{"Time":"2026-09-08T19:30:51.189132736+03:00","Action":"pass","Package":"virmill.local/core/internal/ui/tui","Test":"TestNetworkCreationAndRecoveryUseSharedPreview","Elapsed":0}
{"Time":"2026-09-08T19:30:51.189148743+03:00","Action":"run","Package":"virmill.local/core/internal/ui/tui","Test":"TestProtectedNetworkTUIReviewAndApprovalPreservePolicy"}
{"Time":"2026-09-08T19:30:51.18915094+03:00","Action":"output","Package":"virmill.local/core/internal/ui/tui","Test":"TestProtectedNetworkTUIReviewAndApprovalPreservePolicy","Output":"=== RUN   TestProtectedNetworkTUIReviewAndApprovalPreservePolicy\n","OutputType":"frame"}
{"Time":"2026-09-08T19:30:51.189177215+03:00","Action":"run","Package":"virmill.local/core/internal/ui/tui","Test":"TestProtectedNetworkTUIReviewAndApprovalPreservePolicy/protected-nat.yaml"}
{"Time":"2026-09-08T19:30:51.189179367+03:00","Action":"output","Package":"virmill.local/core/internal/ui/tui","Test":"TestProtectedNetworkTUIReviewAndApprovalPreservePolicy/protected-nat.yaml","Output":"=== RUN   TestProtectedNetworkTUIReviewAndApprovalPreservePolicy/protected-nat.yaml\n","OutputType":"frame"}
{"Time":"2026-09-08T19:30:51.258537347+03:00","Action":"output","Package":"virmill.local/core/internal/ui/tui","Test":"TestProtectedNetworkTUIReviewAndApprovalPreservePolicy/protected-nat.yaml","Output":"--- PASS: TestProtectedNetworkTUIReviewAndApprovalPreservePolicy/protected-nat.yaml (0.07s)\n","OutputType":"frame"}
{"Time":"2026-09-08T19:30:51.258566702+03:00","Action":"pass","Package":"virmill.local/core/internal/ui/tui","Test":"TestProtectedNetworkTUIReviewAndApprovalPreservePolicy/protected-nat.yaml","Elapsed":0.07}
{"Time":"2026-09-08T19:30:51.258574578+03:00","Action":"run","Package":"virmill.local/core/internal/ui/tui","Test":"TestProtectedNetworkTUIReviewAndApprovalPreservePolicy/protected-lab.yaml"}
{"Time":"2026-09-08T19:30:51.258576588+03:00","Action":"output","Package":"virmill.local/core/internal/ui/tui","Test":"TestProtectedNetworkTUIReviewAndApprovalPreservePolicy/protected-lab.yaml","Output":"=== RUN   TestProtectedNetworkTUIReviewAndApprovalPreservePolicy/protected-lab.yaml\n","OutputType":"frame"}
{"Time":"2026-09-08T19:30:51.32304602+03:00","Action":"output","Package":"virmill.local/core/internal/ui/tui","Test":"TestProtectedNetworkTUIReviewAndApprovalPreservePolicy/protected-lab.yaml","Output":"--- PASS: TestProtectedNetworkTUIReviewAndApprovalPreservePolicy/protected-lab.yaml (0.06s)\n","OutputType":"frame"}
{"Time":"2026-09-08T19:30:51.323079852+03:00","Action":"pass","Package":"virmill.local/core/internal/ui/tui","Test":"TestProtectedNetworkTUIReviewAndApprovalPreservePolicy/protected-lab.yaml","Elapsed":0.06}
{"Time":"2026-09-08T19:30:51.323085757+03:00","Action":"run","Package":"virmill.local/core/internal/ui/tui","Test":"TestProtectedNetworkTUIReviewAndApprovalPreservePolicy/protected-static-lab.yaml"}
{"Time":"2026-09-08T19:30:51.323087115+03:00","Action":"output","Package":"virmill.local/core/internal/ui/tui","Test":"TestProtectedNetworkTUIReviewAndApprovalPreservePolicy/protected-static-lab.yaml","Output":"=== RUN   TestProtectedNetworkTUIReviewAndApprovalPreservePolicy/protected-static-lab.yaml\n","OutputType":"frame"}
{"Time":"2026-09-08T19:30:51.395992359+03:00","Action":"output","Package":"virmill.local/core/internal/ui/tui","Test":"TestProtectedNetworkTUIReviewAndApprovalPreservePolicy/protected-static-lab.yaml","Output":"--- PASS: TestProtectedNetworkTUIReviewAndApprovalPreservePolicy/protected-static-lab.yaml (0.07s)\n","OutputType":"frame"}
{"Time":"2026-09-08T19:30:51.39602764+03:00","Action":"pass","Package":"virmill.local/core/internal/ui/tui","Test":"TestProtectedNetworkTUIReviewAndApprovalPreservePolicy/protected-static-lab.yaml","Elapsed":0.07}
{"Time":"2026-09-08T19:30:51.396034645+03:00","Action":"run","Package":"virmill.local/core/internal/ui/tui","Test":"TestProtectedNetworkTUIReviewAndApprovalPreservePolicy/guest-only.yaml"}
{"Time":"2026-09-08T19:30:51.396036614+03:00","Action":"output","Package":"virmill.local/core/internal/ui/tui","Test":"TestProtectedNetworkTUIReviewAndApprovalPreservePolicy/guest-only.yaml","Output":"=== RUN   TestProtectedNetworkTUIReviewAndApprovalPreservePolicy/guest-only.yaml\n","OutputType":"frame"}
{"Time":"2026-09-08T19:30:51.463664524+03:00","Action":"output","Package":"virmill.local/core/internal/ui/tui","Test":"TestProtectedNetworkTUIReviewAndApprovalPreservePolicy/guest-only.yaml","Output":"--- PASS: TestProtectedNetworkTUIReviewAndApprovalPreservePolicy/guest-only.yaml (0.07s)\n","OutputType":"frame"}
{"Time":"2026-09-08T19:30:51.463710215+03:00","Action":"pass","Package":"virmill.local/core/internal/ui/tui","Test":"TestProtectedNetworkTUIReviewAndApprovalPreservePolicy/guest-only.yaml","Elapsed":0.07}
{"Time":"2026-09-08T19:30:51.463718684+03:00","Action":"run","Package":"virmill.local/core/internal/ui/tui","Test":"TestProtectedNetworkTUIReviewAndApprovalPreservePolicy/protected-guest-only-no-cidr.yaml"}
{"Time":"2026-09-08T19:30:51.46372143+03:00","Action":"output","Package":"virmill.local/core/internal/ui/tui","Test":"TestProtectedNetworkTUIReviewAndApprovalPreservePolicy/protected-guest-only-no-cidr.yaml","Output":"=== RUN   TestProtectedNetworkTUIReviewAndApprovalPreservePolicy/protected-guest-only-no-cidr.yaml\n","OutputType":"frame"}
{"Time":"2026-09-08T19:30:51.527698334+03:00","Action":"output","Package":"virmill.local/core/internal/ui/tui","Test":"TestProtectedNetworkTUIReviewAndApprovalPreservePolicy/protected-guest-only-no-cidr.yaml","Output":"--- PASS: TestProtectedNetworkTUIReviewAndApprovalPreservePolicy/protected-guest-only-no-cidr.yaml (0.06s)\n","OutputType":"frame"}
{"Time":"2026-09-08T19:30:51.527732292+03:00","Action":"pass","Package":"virmill.local/core/internal/ui/tui","Test":"TestProtectedNetworkTUIReviewAndApprovalPreservePolicy/protected-guest-only-no-cidr.yaml","Elapsed":0.06}
{"Time":"2026-09-08T19:30:51.527742545+03:00","Action":"run","Package":"virmill.local/core/internal/ui/tui","Test":"TestProtectedNetworkTUIReviewAndApprovalPreservePolicy/allowed-host-nat.yaml"}
{"Time":"2026-09-08T19:30:51.527744397+03:00","Action":"output","Package":"virmill.local/core/internal/ui/tui","Test":"TestProtectedNetworkTUIReviewAndApprovalPreservePolicy/allowed-host-nat.yaml","Output":"=== RUN   TestProtectedNetworkTUIReviewAndApprovalPreservePolicy/allowed-host-nat.yaml\n","OutputType":"frame"}
{"Time":"2026-09-08T19:30:51.591610162+03:00","Action":"output","Package":"virmill.local/core/internal/ui/tui","Test":"TestProtectedNetworkTUIReviewAndApprovalPreservePolicy/allowed-host-nat.yaml","Output":"--- PASS: TestProtectedNetworkTUIReviewAndApprovalPreservePolicy/allowed-host-nat.yaml (0.06s)\n","OutputType":"frame"}
{"Time":"2026-09-08T19:30:51.591641147+03:00","Action":"pass","Package":"virmill.local/core/internal/ui/tui","Test":"TestProtectedNetworkTUIReviewAndApprovalPreservePolicy/allowed-host-nat.yaml","Elapsed":0.06}
{"Time":"2026-09-08T19:30:51.591648231+03:00","Action":"run","Package":"virmill.local/core/internal/ui/tui","Test":"TestProtectedNetworkTUIReviewAndApprovalPreservePolicy/allowed-host-lab.yaml"}
{"Time":"2026-09-08T19:30:51.591650147+03:00","Action":"output","Package":"virmill.local/core/internal/ui/tui","Test":"TestProtectedNetworkTUIReviewAndApprovalPreservePolicy/allowed-host-lab.yaml","Output":"=== RUN   TestProtectedNetworkTUIReviewAndApprovalPreservePolicy/allowed-host-lab.yaml\n","OutputType":"frame"}
{"Time":"2026-09-08T19:30:51.657041887+03:00","Action":"output","Package":"virmill.local/core/internal/ui/tui","Test":"TestProtectedNetworkTUIReviewAndApprovalPreservePolicy/allowed-host-lab.yaml","Output":"--- PASS: TestProtectedNetworkTUIReviewAndApprovalPreservePolicy/allowed-host-lab.yaml (0.07s)\n","OutputType":"frame"}
{"Time":"2026-09-08T19:30:51.65707618+03:00","Action":"pass","Package":"virmill.local/core/internal/ui/tui","Test":"TestProtectedNetworkTUIReviewAndApprovalPreservePolicy/allowed-host-lab.yaml","Elapsed":0.07}
{"Time":"2026-09-08T19:30:51.657091669+03:00","Action":"output","Package":"virmill.local/core/internal/ui/tui","Test":"TestProtectedNetworkTUIReviewAndApprovalPreservePolicy","Output":"--- PASS: TestProtectedNetworkTUIReviewAndApprovalPreservePolicy (0.47s)\n","OutputType":"frame"}
{"Time":"2026-09-08T19:30:51.657094562+03:00","Action":"pass","Package":"virmill.local/core/internal/ui/tui","Test":"TestProtectedNetworkTUIReviewAndApprovalPreservePolicy","Elapsed":0.47}
{"Time":"2026-09-08T19:30:51.657097075+03:00","Action":"run","Package":"virmill.local/core/internal/ui/tui","Test":"TestProtectedNetworkTUIFailedPreviewClearsPriorApproval"}
{"Time":"2026-09-08T19:30:51.65709883+03:00","Action":"output","Package":"virmill.local/core/internal/ui/tui","Test":"TestProtectedNetworkTUIFailedPreviewClearsPriorApproval","Output":"=== RUN   TestProtectedNetworkTUIFailedPreviewClearsPriorApproval\n","OutputType":"frame"}
{"Time":"2026-09-08T19:30:51.657101085+03:00","Action":"run","Package":"virmill.local/core/internal/ui/tui","Test":"TestProtectedNetworkTUIFailedPreviewClearsPriorApproval/canceled"}
{"Time":"2026-09-08T19:30:51.657102369+03:00","Action":"output","Package":"virmill.local/core/internal/ui/tui","Test":"TestProtectedNetworkTUIFailedPreviewClearsPriorApproval/canceled","Output":"=== RUN   TestProtectedNetworkTUIFailedPreviewClearsPriorApproval/canceled\n","OutputType":"frame"}
{"Time":"2026-09-08T19:30:51.670999914+03:00","Action":"output","Package":"virmill.local/core/internal/ui/tui","Test":"TestProtectedNetworkTUIFailedPreviewClearsPriorApproval/canceled","Output":"--- PASS: TestProtectedNetworkTUIFailedPreviewClearsPriorApproval/canceled (0.01s)\n","OutputType":"frame"}
{"Time":"2026-09-08T19:30:51.671032703+03:00","Action":"pass","Package":"virmill.local/core/internal/ui/tui","Test":"TestProtectedNetworkTUIFailedPreviewClearsPriorApproval/canceled","Elapsed":0.01}
{"Time":"2026-09-08T19:30:51.671040743+03:00","Action":"run","Package":"virmill.local/core/internal/ui/tui","Test":"TestProtectedNetworkTUIFailedPreviewClearsPriorApproval/session"}
{"Time":"2026-09-08T19:30:51.671042711+03:00","Action":"output","Package":"virmill.local/core/internal/ui/tui","Test":"TestProtectedNetworkTUIFailedPreviewClearsPriorApproval/session","Output":"=== RUN   TestProtectedNetworkTUIFailedPreviewClearsPriorApproval/session\n","OutputType":"frame"}
{"Time":"2026-09-08T19:30:51.684264113+03:00","Action":"output","Package":"virmill.local/core/internal/ui/tui","Test":"TestProtectedNetworkTUIFailedPreviewClearsPriorApproval/session","Output":"--- PASS: TestProtectedNetworkTUIFailedPreviewClearsPriorApproval/session (0.01s)\n","OutputType":"frame"}
{"Time":"2026-09-08T19:30:51.684275861+03:00","Action":"pass","Package":"virmill.local/core/internal/ui/tui","Test":"TestProtectedNetworkTUIFailedPreviewClearsPriorApproval/session","Elapsed":0.01}
{"Time":"2026-09-08T19:30:51.684297041+03:00","Action":"run","Package":"virmill.local/core/internal/ui/tui","Test":"TestProtectedNetworkTUIFailedPreviewClearsPriorApproval/missing-path"}
{"Time":"2026-09-08T19:30:51.684299104+03:00","Action":"output","Package":"virmill.local/core/internal/ui/tui","Test":"TestProtectedNetworkTUIFailedPreviewClearsPriorApproval/missing-path","Output":"=== RUN   TestProtectedNetworkTUIFailedPreviewClearsPriorApproval/missing-path\n","OutputType":"frame"}
{"Time":"2026-09-08T19:30:51.697855424+03:00","Action":"output","Package":"virmill.local/core/internal/ui/tui","Test":"TestProtectedNetworkTUIFailedPreviewClearsPriorApproval/missing-path","Output":"--- PASS: TestProtectedNetworkTUIFailedPreviewClearsPriorApproval/missing-path (0.01s)\n","OutputType":"frame"}
{"Time":"2026-09-08T19:30:51.697861931+03:00","Action":"pass","Package":"virmill.local/core/internal/ui/tui","Test":"TestProtectedNetworkTUIFailedPreviewClearsPriorApproval/missing-path","Elapsed":0.01}
{"Time":"2026-09-08T19:30:51.697906504+03:00","Action":"output","Package":"virmill.local/core/internal/ui/tui","Test":"TestProtectedNetworkTUIFailedPreviewClearsPriorApproval","Output":"--- PASS: TestProtectedNetworkTUIFailedPreviewClearsPriorApproval (0.04s)\n","OutputType":"frame"}
{"Time":"2026-09-08T19:30:51.697920343+03:00","Action":"pass","Package":"virmill.local/core/internal/ui/tui","Test":"TestProtectedNetworkTUIFailedPreviewClearsPriorApproval","Elapsed":0.04}
{"Time":"2026-09-08T19:30:51.697937046+03:00","Action":"run","Package":"virmill.local/core/internal/ui/tui","Test":"TestBackupPolicyFormsUseSharedReadOnlyMethods"}
{"Time":"2026-09-08T19:30:51.697940261+03:00","Action":"output","Package":"virmill.local/core/internal/ui/tui","Test":"TestBackupPolicyFormsUseSharedReadOnlyMethods","Output":"=== RUN   TestBackupPolicyFormsUseSharedReadOnlyMethods\n","OutputType":"frame"}
{"Time":"2026-09-08T19:30:51.699480151+03:00","Action":"output","Package":"virmill.local/core/internal/ui/tui","Test":"TestBackupPolicyFormsUseSharedReadOnlyMethods","Output":"--- PASS: TestBackupPolicyFormsUseSharedReadOnlyMethods (0.00s)\n","OutputType":"frame"}
{"Time":"2026-09-08T19:30:51.699494396+03:00","Action":"pass","Package":"virmill.local/core/internal/ui/tui","Test":"TestBackupPolicyFormsUseSharedReadOnlyMethods","Elapsed":0}
{"Time":"2026-09-08T19:30:51.699513754+03:00","Action":"run","Package":"virmill.local/core/internal/ui/tui","Test":"TestHumanDetailsStableReadableCollections"}
{"Time":"2026-09-08T19:30:51.699516238+03:00","Action":"output","Package":"virmill.local/core/internal/ui/tui","Test":"TestHumanDetailsStableReadableCollections","Output":"=== RUN   TestHumanDetailsStableReadableCollections\n","OutputType":"frame"}
{"Time":"2026-09-08T19:30:51.709066027+03:00","Action":"output","Package":"virmill.local/core/internal/ui/tui","Test":"TestHumanDetailsStableReadableCollections","Output":"--- PASS: TestHumanDetailsStableReadableCollections (0.01s)\n","OutputType":"frame"}
{"Time":"2026-09-08T19:30:51.709075828+03:00","Action":"pass","Package":"virmill.local/core/internal/ui/tui","Test":"TestHumanDetailsStableReadableCollections","Elapsed":0.01}
{"Time":"2026-09-08T19:30:51.709093939+03:00","Action":"run","Package":"virmill.local/core/internal/ui/tui","Test":"TestHumanDetailsWrapsCompleteValuesAndSanitizes"}
{"Time":"2026-09-08T19:30:51.709095526+03:00","Action":"output","Package":"virmill.local/core/internal/ui/tui","Test":"TestHumanDetailsWrapsCompleteValuesAndSanitizes","Output":"=== RUN   TestHumanDetailsWrapsCompleteValuesAndSanitizes\n","OutputType":"frame"}
{"Time":"2026-09-08T19:30:51.709370298+03:00","Action":"output","Package":"virmill.local/core/internal/ui/tui","Test":"TestHumanDetailsWrapsCompleteValuesAndSanitizes","Output":"--- PASS: TestHumanDetailsWrapsCompleteValuesAndSanitizes (0.00s)\n","OutputType":"frame"}
{"Time":"2026-09-08T19:30:51.709375248+03:00","Action":"pass","Package":"virmill.local/core/internal/ui/tui","Test":"TestHumanDetailsWrapsCompleteValuesAndSanitizes","Elapsed":0}
{"Time":"2026-09-08T19:30:51.709425668+03:00","Action":"run","Package":"virmill.local/core/internal/ui/tui","Test":"TestHumanDetailsNativeXMLNoticeDoesNotHideOtherFacts"}
{"Time":"2026-09-08T19:30:51.709429087+03:00","Action":"output","Package":"virmill.local/core/internal/ui/tui","Test":"TestHumanDetailsNativeXMLNoticeDoesNotHideOtherFacts","Output":"=== RUN   TestHumanDetailsNativeXMLNoticeDoesNotHideOtherFacts\n","OutputType":"frame"}
{"Time":"2026-09-08T19:30:51.709921028+03:00","Action":"output","Package":"virmill.local/core/internal/ui/tui","Test":"TestHumanDetailsNativeXMLNoticeDoesNotHideOtherFacts","Output":"--- PASS: TestHumanDetailsNativeXMLNoticeDoesNotHideOtherFacts (0.00s)\n","OutputType":"frame"}
{"Time":"2026-09-08T19:30:51.709931932+03:00","Action":"pass","Package":"virmill.local/core/internal/ui/tui","Test":"TestHumanDetailsNativeXMLNoticeDoesNotHideOtherFacts","Elapsed":0}
{"Time":"2026-09-08T19:30:51.709946348+03:00","Action":"run","Package":"virmill.local/core/internal/ui/tui","Test":"TestPlanDetailsPreservesEveryApprovalAndPolicyFact"}
{"Time":"2026-09-08T19:30:51.709948353+03:00","Action":"output","Package":"virmill.local/core/internal/ui/tui","Test":"TestPlanDetailsPreservesEveryApprovalAndPolicyFact","Output":"=== RUN   TestPlanDetailsPreservesEveryApprovalAndPolicyFact\n","OutputType":"frame"}
{"Time":"2026-09-08T19:30:51.711669837+03:00","Action":"output","Package":"virmill.local/core/internal/ui/tui","Test":"TestPlanDetailsPreservesEveryApprovalAndPolicyFact","Output":"--- PASS: TestPlanDetailsPreservesEveryApprovalAndPolicyFact (0.00s)\n","OutputType":"frame"}
{"Time":"2026-09-08T19:30:51.71167806+03:00","Action":"pass","Package":"virmill.local/core/internal/ui/tui","Test":"TestPlanDetailsPreservesEveryApprovalAndPolicyFact","Elapsed":0}
{"Time":"2026-09-08T19:30:51.711697408+03:00","Action":"run","Package":"virmill.local/core/internal/ui/tui","Test":"TestHumanDetailsExactIdentifierMapKeysAndNumbers"}
{"Time":"2026-09-08T19:30:51.711699407+03:00","Action":"output","Package":"virmill.local/core/internal/ui/tui","Test":"TestHumanDetailsExactIdentifierMapKeysAndNumbers","Output":"=== RUN   TestHumanDetailsExactIdentifierMapKeysAndNumbers\n","OutputType":"frame"}
{"Time":"2026-09-08T19:30:51.711982771+03:00","Action":"output","Package":"virmill.local/core/internal/ui/tui","Test":"TestHumanDetailsExactIdentifierMapKeysAndNumbers","Output":"--- PASS: TestHumanDetailsExactIdentifierMapKeysAndNumbers (0.00s)\n","OutputType":"frame"}
{"Time":"2026-09-08T19:30:51.711996409+03:00","Action":"pass","Package":"virmill.local/core/internal/ui/tui","Test":"TestHumanDetailsExactIdentifierMapKeysAndNumbers","Elapsed":0}
{"Time":"2026-09-08T19:30:51.712002009+03:00","Action":"run","Package":"virmill.local/core/internal/ui/tui","Test":"TestHumanDetailsPathologicalDataHasExplicitBoundedNotice"}
{"Time":"2026-09-08T19:30:51.712004328+03:00","Action":"output","Package":"virmill.local/core/internal/ui/tui","Test":"TestHumanDetailsPathologicalDataHasExplicitBoundedNotice","Output":"=== RUN   TestHumanDetailsPathologicalDataHasExplicitBoundedNotice\n","OutputType":"frame"}
{"Time":"2026-09-08T19:30:51.745761263+03:00","Action":"output","Package":"virmill.local/core/internal/ui/cli","Output":"ok  \tvirmill.local/core/internal/ui/cli\t3.595s\n"}
{"Time":"2026-09-08T19:30:51.749762385+03:00","Action":"pass","Package":"virmill.local/core/internal/ui/cli","Elapsed":3.599}
{"Time":"2026-09-08T19:30:51.800460294+03:00","Action":"output","Package":"virmill.local/core/internal/ui/tui","Test":"TestHumanDetailsPathologicalDataHasExplicitBoundedNotice","Output":"--- PASS: TestHumanDetailsPathologicalDataHasExplicitBoundedNotice (0.09s)\n","OutputType":"frame"}
{"Time":"2026-09-08T19:30:51.800494051+03:00","Action":"pass","Package":"virmill.local/core/internal/ui/tui","Test":"TestHumanDetailsPathologicalDataHasExplicitBoundedNotice","Elapsed":0.09}
{"Time":"2026-09-08T19:30:51.800499747+03:00","Action":"run","Package":"virmill.local/core/internal/ui/tui","Test":"TestProviderConformanceUsesSharedPluginTest"}
{"Time":"2026-09-08T19:30:51.800501498+03:00","Action":"output","Package":"virmill.local/core/internal/ui/tui","Test":"TestProviderConformanceUsesSharedPluginTest","Output":"=== RUN   TestProviderConformanceUsesSharedPluginTest\n","OutputType":"frame"}
{"Time":"2026-09-08T19:30:51.80124084+03:00","Action":"output","Package":"virmill.local/core/internal/ui/tui","Test":"TestProviderConformanceUsesSharedPluginTest","Output":"--- PASS: TestProviderConformanceUsesSharedPluginTest (0.00s)\n","OutputType":"frame"}
{"Time":"2026-09-08T19:30:51.801251084+03:00","Action":"pass","Package":"virmill.local/core/internal/ui/tui","Test":"TestProviderConformanceUsesSharedPluginTest","Elapsed":0}
{"Time":"2026-09-08T19:30:51.801264437+03:00","Action":"run","Package":"virmill.local/core/internal/ui/tui","Test":"TestRebootFormUsesSharedPreview"}
{"Time":"2026-09-08T19:30:51.801266899+03:00","Action":"output","Package":"virmill.local/core/internal/ui/tui","Test":"TestRebootFormUsesSharedPreview","Output":"=== RUN   TestRebootFormUsesSharedPreview\n","OutputType":"frame"}
{"Time":"2026-09-08T19:30:51.802347793+03:00","Action":"output","Package":"virmill.local/core/internal/ui/tui","Test":"TestRebootFormUsesSharedPreview","Output":"--- PASS: TestRebootFormUsesSharedPreview (0.00s)\n","OutputType":"frame"}
{"Time":"2026-09-08T19:30:51.802357861+03:00","Action":"pass","Package":"virmill.local/core/internal/ui/tui","Test":"TestRebootFormUsesSharedPreview","Elapsed":0}
{"Time":"2026-09-08T19:30:51.802373529+03:00","Action":"run","Package":"virmill.local/core/internal/ui/tui","Test":"TestProtectionInspectionAndManifestForms"}
{"Time":"2026-09-08T19:30:51.802378483+03:00","Action":"output","Package":"virmill.local/core/internal/ui/tui","Test":"TestProtectionInspectionAndManifestForms","Output":"=== RUN   TestProtectionInspectionAndManifestForms\n","OutputType":"frame"}
{"Time":"2026-09-08T19:30:51.8040478+03:00","Action":"output","Package":"virmill.local/core/internal/ui/tui","Test":"TestProtectionInspectionAndManifestForms","Output":"--- PASS: TestProtectionInspectionAndManifestForms (0.00s)\n","OutputType":"frame"}
{"Time":"2026-09-08T19:30:51.804058919+03:00","Action":"pass","Package":"virmill.local/core/internal/ui/tui","Test":"TestProtectionInspectionAndManifestForms","Elapsed":0}
{"Time":"2026-09-08T19:30:51.804076536+03:00","Action":"run","Package":"virmill.local/core/internal/ui/tui","Test":"TestRecoveryTUIManifestRootReachesActualMemberVerification"}
{"Time":"2026-09-08T19:30:51.804078526+03:00","Action":"output","Package":"virmill.local/core/internal/ui/tui","Test":"TestRecoveryTUIManifestRootReachesActualMemberVerification","Output":"=== RUN   TestRecoveryTUIManifestRootReachesActualMemberVerification\n","OutputType":"frame"}
{"Time":"2026-09-08T19:30:51.811439823+03:00","Action":"output","Package":"virmill.local/core/internal/ui/tui","Test":"TestRecoveryTUIManifestRootReachesActualMemberVerification","Output":"--- PASS: TestRecoveryTUIManifestRootReachesActualMemberVerification (0.01s)\n","OutputType":"frame"}
{"Time":"2026-09-08T19:30:51.811456825+03:00","Action":"pass","Package":"virmill.local/core/internal/ui/tui","Test":"TestRecoveryTUIManifestRootReachesActualMemberVerification","Elapsed":0.01}
{"Time":"2026-09-08T19:30:51.81147593+03:00","Action":"run","Package":"virmill.local/core/internal/ui/tui","Test":"TestRecoveryTUIFailuresClearStaleApprovalAndRemainVisible"}
{"Time":"2026-09-08T19:30:51.811491685+03:00","Action":"output","Package":"virmill.local/core/internal/ui/tui","Test":"TestRecoveryTUIFailuresClearStaleApprovalAndRemainVisible","Output":"=== RUN   TestRecoveryTUIFailuresClearStaleApprovalAndRemainVisible\n","OutputType":"frame"}
{"Time":"2026-09-08T19:30:51.811506002+03:00","Action":"run","Package":"virmill.local/core/internal/ui/tui","Test":"TestRecoveryTUIFailuresClearStaleApprovalAndRemainVisible/unsupported-native"}
{"Time":"2026-09-08T19:30:51.81150849+03:00","Action":"output","Package":"virmill.local/core/internal/ui/tui","Test":"TestRecoveryTUIFailuresClearStaleApprovalAndRemainVisible/unsupported-native","Output":"=== RUN   TestRecoveryTUIFailuresClearStaleApprovalAndRemainVisible/unsupported-native\n","OutputType":"frame"}
{"Time":"2026-09-08T19:30:51.81498534+03:00","Action":"output","Package":"virmill.local/core/internal/ui/tui","Test":"TestRecoveryTUIFailuresClearStaleApprovalAndRemainVisible/unsupported-native","Output":"--- PASS: TestRecoveryTUIFailuresClearStaleApprovalAndRemainVisible/unsupported-native (0.00s)\n","OutputType":"frame"}
{"Time":"2026-09-08T19:30:51.81500144+03:00","Action":"pass","Package":"virmill.local/core/internal/ui/tui","Test":"TestRecoveryTUIFailuresClearStaleApprovalAndRemainVisible/unsupported-native","Elapsed":0}
{"Time":"2026-09-08T19:30:51.815022342+03:00","Action":"run","Package":"virmill.local/core/internal/ui/tui","Test":"TestRecoveryTUIFailuresClearStaleApprovalAndRemainVisible/transport-error"}
{"Time":"2026-09-08T19:30:51.815024375+03:00","Action":"output","Package":"virmill.local/core/internal/ui/tui","Test":"TestRecoveryTUIFailuresClearStaleApprovalAndRemainVisible/transport-error","Output":"=== RUN   TestRecoveryTUIFailuresClearStaleApprovalAndRemainVisible/transport-error\n","OutputType":"frame"}
{"Time":"2026-09-08T19:30:51.817655318+03:00","Action":"output","Package":"virmill.local/core/internal/ui/tui","Test":"TestRecoveryTUIFailuresClearStaleApprovalAndRemainVisible/transport-error","Output":"--- PASS: TestRecoveryTUIFailuresClearStaleApprovalAndRemainVisible/transport-error (0.00s)\n","OutputType":"frame"}
{"Time":"2026-09-08T19:30:51.817668107+03:00","Action":"pass","Package":"virmill.local/core/internal/ui/tui","Test":"TestRecoveryTUIFailuresClearStaleApprovalAndRemainVisible/transport-error","Elapsed":0}
{"Time":"2026-09-08T19:30:51.817678225+03:00","Action":"run","Package":"virmill.local/core/internal/ui/tui","Test":"TestRecoveryTUIFailuresClearStaleApprovalAndRemainVisible/canceled-observation"}
{"Time":"2026-09-08T19:30:51.817679735+03:00","Action":"output","Package":"virmill.local/core/internal/ui/tui","Test":"TestRecoveryTUIFailuresClearStaleApprovalAndRemainVisible/canceled-observation","Output":"=== RUN   TestRecoveryTUIFailuresClearStaleApprovalAndRemainVisible/canceled-observation\n","OutputType":"frame"}
{"Time":"2026-09-08T19:30:51.820135686+03:00","Action":"output","Package":"virmill.local/core/internal/ui/tui","Test":"TestRecoveryTUIFailuresClearStaleApprovalAndRemainVisible/canceled-observation","Output":"--- PASS: TestRecoveryTUIFailuresClearStaleApprovalAndRemainVisible/canceled-observation (0.00s)\n","OutputType":"frame"}
{"Time":"2026-09-08T19:30:51.820148555+03:00","Action":"pass","Package":"virmill.local/core/internal/ui/tui","Test":"TestRecoveryTUIFailuresClearStaleApprovalAndRemainVisible/canceled-observation","Elapsed":0}
{"Time":"2026-09-08T19:30:51.820186016+03:00","Action":"output","Package":"virmill.local/core/internal/ui/tui","Test":"TestRecoveryTUIFailuresClearStaleApprovalAndRemainVisible","Output":"--- PASS: TestRecoveryTUIFailuresClearStaleApprovalAndRemainVisible (0.01s)\n","OutputType":"frame"}
{"Time":"2026-09-08T19:30:51.820190749+03:00","Action":"pass","Package":"virmill.local/core/internal/ui/tui","Test":"TestRecoveryTUIFailuresClearStaleApprovalAndRemainVisible","Elapsed":0.01}
{"Time":"2026-09-08T19:30:51.820200463+03:00","Action":"run","Package":"virmill.local/core/internal/ui/tui","Test":"TestRecoveryTUIStrictFormsPathsAndEscapeNeverDispatchUnsafeInput"}
{"Time":"2026-09-08T19:30:51.820202389+03:00","Action":"output","Package":"virmill.local/core/internal/ui/tui","Test":"TestRecoveryTUIStrictFormsPathsAndEscapeNeverDispatchUnsafeInput","Output":"=== RUN   TestRecoveryTUIStrictFormsPathsAndEscapeNeverDispatchUnsafeInput\n","OutputType":"frame"}
{"Time":"2026-09-08T19:30:51.824248221+03:00","Action":"output","Package":"virmill.local/core/internal/ui/tui","Test":"TestRecoveryTUIStrictFormsPathsAndEscapeNeverDispatchUnsafeInput","Output":"--- PASS: TestRecoveryTUIStrictFormsPathsAndEscapeNeverDispatchUnsafeInput (0.00s)\n","OutputType":"frame"}
{"Time":"2026-09-08T19:30:51.824259156+03:00","Action":"pass","Package":"virmill.local/core/internal/ui/tui","Test":"TestRecoveryTUIStrictFormsPathsAndEscapeNeverDispatchUnsafeInput","Elapsed":0}
{"Time":"2026-09-08T19:30:51.824269207+03:00","Action":"run","Package":"virmill.local/core/internal/ui/tui","Test":"TestSearchEnterSelectsWithoutExecutingAndNextEnterUsesRegistry"}
{"Time":"2026-09-08T19:30:51.824270784+03:00","Action":"output","Package":"virmill.local/core/internal/ui/tui","Test":"TestSearchEnterSelectsWithoutExecutingAndNextEnterUsesRegistry","Output":"=== RUN   TestSearchEnterSelectsWithoutExecutingAndNextEnterUsesRegistry\n","OutputType":"frame"}
{"Time":"2026-09-08T19:30:51.82487905+03:00","Action":"output","Package":"virmill.local/core/internal/ui/tui","Test":"TestSearchEnterSelectsWithoutExecutingAndNextEnterUsesRegistry","Output":"--- PASS: TestSearchEnterSelectsWithoutExecutingAndNextEnterUsesRegistry (0.00s)\n","OutputType":"frame"}
{"Time":"2026-09-08T19:30:51.824887378+03:00","Action":"pass","Package":"virmill.local/core/internal/ui/tui","Test":"TestSearchEnterSelectsWithoutExecutingAndNextEnterUsesRegistry","Elapsed":0}
{"Time":"2026-09-08T19:30:51.824899035+03:00","Action":"run","Package":"virmill.local/core/internal/ui/tui","Test":"TestSearchPreservesSelectedIdentityWhileFilteringAndClearing"}
{"Time":"2026-09-08T19:30:51.824900855+03:00","Action":"output","Package":"virmill.local/core/internal/ui/tui","Test":"TestSearchPreservesSelectedIdentityWhileFilteringAndClearing","Output":"=== RUN   TestSearchPreservesSelectedIdentityWhileFilteringAndClearing\n","OutputType":"frame"}
{"Time":"2026-09-08T19:30:51.825491162+03:00","Action":"output","Package":"virmill.local/core/internal/ui/tui","Test":"TestSearchPreservesSelectedIdentityWhileFilteringAndClearing","Output":"--- PASS: TestSearchPreservesSelectedIdentityWhileFilteringAndClearing (0.00s)\n","OutputType":"frame"}
{"Time":"2026-09-08T19:30:51.825516856+03:00","Action":"pass","Package":"virmill.local/core/internal/ui/tui","Test":"TestSearchPreservesSelectedIdentityWhileFilteringAndClearing","Elapsed":0}
{"Time":"2026-09-08T19:30:51.825531663+03:00","Action":"run","Package":"virmill.local/core/internal/ui/tui","Test":"TestSearchKeepsSelectionAndFocusAcrossSections"}
{"Time":"2026-09-08T19:30:51.825533048+03:00","Action":"output","Package":"virmill.local/core/internal/ui/tui","Test":"TestSearchKeepsSelectionAndFocusAcrossSections","Output":"=== RUN   TestSearchKeepsSelectionAndFocusAcrossSections\n","OutputType":"frame"}
{"Time":"2026-09-08T19:30:51.825975998+03:00","Action":"output","Package":"virmill.local/core/internal/ui/tui","Test":"TestSearchKeepsSelectionAndFocusAcrossSections","Output":"--- PASS: TestSearchKeepsSelectionAndFocusAcrossSections (0.00s)\n","OutputType":"frame"}
{"Time":"2026-09-08T19:30:51.825979686+03:00","Action":"pass","Package":"virmill.local/core/internal/ui/tui","Test":"TestSearchKeepsSelectionAndFocusAcrossSections","Elapsed":0}
{"Time":"2026-09-08T19:30:51.825991637+03:00","Action":"run","Package":"virmill.local/core/internal/ui/tui","Test":"TestSearchUnicodeCaseFoldingBackspaceAndWordMatching"}
{"Time":"2026-09-08T19:30:51.825993348+03:00","Action":"output","Package":"virmill.local/core/internal/ui/tui","Test":"TestSearchUnicodeCaseFoldingBackspaceAndWordMatching","Output":"=== RUN   TestSearchUnicodeCaseFoldingBackspaceAndWordMatching\n","OutputType":"frame"}
{"Time":"2026-09-08T19:30:51.826015347+03:00","Action":"run","Package":"virmill.local/core/internal/ui/tui","Test":"TestSearchUnicodeCaseFoldingBackspaceAndWordMatching/résumé"}
{"Time":"2026-09-08T19:30:51.826017145+03:00","Action":"output","Package":"virmill.local/core/internal/ui/tui","Test":"TestSearchUnicodeCaseFoldingBackspaceAndWordMatching/résumé","Output":"=== RUN   TestSearchUnicodeCaseFoldingBackspaceAndWordMatching/résumé\n","OutputType":"frame"}
{"Time":"2026-09-08T19:30:51.826147962+03:00","Action":"output","Package":"virmill.local/core/internal/ui/tui","Test":"TestSearchUnicodeCaseFoldingBackspaceAndWordMatching/résumé","Output":"--- PASS: TestSearchUnicodeCaseFoldingBackspaceAndWordMatching/résumé (0.00s)\n","OutputType":"frame"}
{"Time":"2026-09-08T19:30:51.826151731+03:00","Action":"pass","Package":"virmill.local/core/internal/ui/tui","Test":"TestSearchUnicodeCaseFoldingBackspaceAndWordMatching/résumé","Elapsed":0}
{"Time":"2026-09-08T19:30:51.826164074+03:00","Action":"run","Package":"virmill.local/core/internal/ui/tui","Test":"TestSearchUnicodeCaseFoldingBackspaceAndWordMatching/RÉSUMÉ"}
{"Time":"2026-09-08T19:30:51.826165683+03:00","Action":"output","Package":"virmill.local/core/internal/ui/tui","Test":"TestSearchUnicodeCaseFoldingBackspaceAndWordMatching/RÉSUMÉ","Output":"=== RUN   TestSearchUnicodeCaseFoldingBackspaceAndWordMatching/RÉSUMÉ\n","OutputType":"frame"}
{"Time":"2026-09-08T19:30:51.826279647+03:00","Action":"output","Package":"virmill.local/core/internal/ui/tui","Test":"TestSearchUnicodeCaseFoldingBackspaceAndWordMatching/RÉSUMÉ","Output":"--- PASS: TestSearchUnicodeCaseFoldingBackspaceAndWordMatching/RÉSUMÉ (0.00s)\n","OutputType":"frame"}
{"Time":"2026-09-08T19:30:51.826287825+03:00","Action":"pass","Package":"virmill.local/core/internal/ui/tui","Test":"TestSearchUnicodeCaseFoldingBackspaceAndWordMatching/RÉSUMÉ","Elapsed":0}
{"Time":"2026-09-08T19:30:51.826297882+03:00","Action":"run","Package":"virmill.local/core/internal/ui/tui","Test":"TestSearchUnicodeCaseFoldingBackspaceAndWordMatching/café"}
{"Time":"2026-09-08T19:30:51.826299527+03:00","Action":"output","Package":"virmill.local/core/internal/ui/tui","Test":"TestSearchUnicodeCaseFoldingBackspaceAndWordMatching/café","Output":"=== RUN   TestSearchUnicodeCaseFoldingBackspaceAndWordMatching/café\n","OutputType":"frame"}
{"Time":"2026-09-08T19:30:51.826408352+03:00","Action":"output","Package":"virmill.local/core/internal/ui/tui","Test":"TestSearchUnicodeCaseFoldingBackspaceAndWordMatching/café","Output":"--- PASS: TestSearchUnicodeCaseFoldingBackspaceAndWordMatching/café (0.00s)\n","OutputType":"frame"}
{"Time":"2026-09-08T19:30:51.826418317+03:00","Action":"pass","Package":"virmill.local/core/internal/ui/tui","Test":"TestSearchUnicodeCaseFoldingBackspaceAndWordMatching/café","Elapsed":0}
{"Time":"2026-09-08T19:30:51.826427932+03:00","Action":"run","Package":"virmill.local/core/internal/ui/tui","Test":"TestSearchUnicodeCaseFoldingBackspaceAndWordMatching/ς"}
{"Time":"2026-09-08T19:30:51.826430276+03:00","Action":"output","Package":"virmill.local/core/internal/ui/tui","Test":"TestSearchUnicodeCaseFoldingBackspaceAndWordMatching/ς","Output":"=== RUN   TestSearchUnicodeCaseFoldingBackspaceAndWordMatching/ς\n","OutputType":"frame"}
{"Time":"2026-09-08T19:30:51.826538723+03:00","Action":"output","Package":"virmill.local/core/internal/ui/tui","Test":"TestSearchUnicodeCaseFoldingBackspaceAndWordMatching/ς","Output":"--- PASS: TestSearchUnicodeCaseFoldingBackspaceAndWordMatching/ς (0.00s)\n","OutputType":"frame"}
{"Time":"2026-09-08T19:30:51.826543472+03:00","Action":"pass","Package":"virmill.local/core/internal/ui/tui","Test":"TestSearchUnicodeCaseFoldingBackspaceAndWordMatching/ς","Elapsed":0}
{"Time":"2026-09-08T19:30:51.82655756+03:00","Action":"run","Package":"virmill.local/core/internal/ui/tui","Test":"TestSearchUnicodeCaseFoldingBackspaceAndWordMatching/界面"}
{"Time":"2026-09-08T19:30:51.826559772+03:00","Action":"output","Package":"virmill.local/core/internal/ui/tui","Test":"TestSearchUnicodeCaseFoldingBackspaceAndWordMatching/界面","Output":"=== RUN   TestSearchUnicodeCaseFoldingBackspaceAndWordMatching/界面\n","OutputType":"frame"}
{"Time":"2026-09-08T19:30:51.826662294+03:00","Action":"output","Package":"virmill.local/core/internal/ui/tui","Test":"TestSearchUnicodeCaseFoldingBackspaceAndWordMatching/界面","Output":"--- PASS: TestSearchUnicodeCaseFoldingBackspaceAndWordMatching/界面 (0.00s)\n","OutputType":"frame"}
{"Time":"2026-09-08T19:30:51.826667394+03:00","Action":"pass","Package":"virmill.local/core/internal/ui/tui","Test":"TestSearchUnicodeCaseFoldingBackspaceAndWordMatching/界面","Elapsed":0}
{"Time":"2026-09-08T19:30:51.826677339+03:00","Action":"run","Package":"virmill.local/core/internal/ui/tui","Test":"TestSearchUnicodeCaseFoldingBackspaceAndWordMatching/VM_café"}
{"Time":"2026-09-08T19:30:51.826680091+03:00","Action":"output","Package":"virmill.local/core/internal/ui/tui","Test":"TestSearchUnicodeCaseFoldingBackspaceAndWordMatching/VM_café","Output":"=== RUN   TestSearchUnicodeCaseFoldingBackspaceAndWordMatching/VM_café\n","OutputType":"frame"}
{"Time":"2026-09-08T19:30:51.82679073+03:00","Action":"output","Package":"virmill.local/core/internal/ui/tui","Test":"TestSearchUnicodeCaseFoldingBackspaceAndWordMatching/VM_café","Output":"--- PASS: TestSearchUnicodeCaseFoldingBackspaceAndWordMatching/VM_café (0.00s)\n","OutputType":"frame"}
{"Time":"2026-09-08T19:30:51.826800913+03:00","Action":"pass","Package":"virmill.local/core/internal/ui/tui","Test":"TestSearchUnicodeCaseFoldingBackspaceAndWordMatching/VM_café","Elapsed":0}
{"Time":"2026-09-08T19:30:51.827018067+03:00","Action":"output","Package":"virmill.local/core/internal/ui/tui","Test":"TestSearchUnicodeCaseFoldingBackspaceAndWordMatching","Output":"--- PASS: TestSearchUnicodeCaseFoldingBackspaceAndWordMatching (0.00s)\n","OutputType":"frame"}
{"Time":"2026-09-08T19:30:51.82702115+03:00","Action":"pass","Package":"virmill.local/core/internal/ui/tui","Test":"TestSearchUnicodeCaseFoldingBackspaceAndWordMatching","Elapsed":0}
{"Time":"2026-09-08T19:30:51.827033996+03:00","Action":"run","Package":"virmill.local/core/internal/ui/tui","Test":"TestSearchSpaceEventsAndShortcutTextAreInput"}
{"Time":"2026-09-08T19:30:51.827035979+03:00","Action":"output","Package":"virmill.local/core/internal/ui/tui","Test":"TestSearchSpaceEventsAndShortcutTextAreInput","Output":"=== RUN   TestSearchSpaceEventsAndShortcutTextAreInput\n","OutputType":"frame"}
{"Time":"2026-09-08T19:30:51.827232777+03:00","Action":"output","Package":"virmill.local/core/internal/ui/tui","Test":"TestSearchSpaceEventsAndShortcutTextAreInput","Output":"--- PASS: TestSearchSpaceEventsAndShortcutTextAreInput (0.00s)\n","OutputType":"frame"}
{"Time":"2026-09-08T19:30:51.827235916+03:00","Action":"pass","Package":"virmill.local/core/internal/ui/tui","Test":"TestSearchSpaceEventsAndShortcutTextAreInput","Elapsed":0}
{"Time":"2026-09-08T19:30:51.827249677+03:00","Action":"run","Package":"virmill.local/core/internal/ui/tui","Test":"TestSearchInputLimitsAndControlsRefuseWholePaste"}
{"Time":"2026-09-08T19:30:51.827251754+03:00","Action":"output","Package":"virmill.local/core/internal/ui/tui","Test":"TestSearchInputLimitsAndControlsRefuseWholePaste","Output":"=== RUN   TestSearchInputLimitsAndControlsRefuseWholePaste\n","OutputType":"frame"}
{"Time":"2026-09-08T19:30:51.828679739+03:00","Action":"output","Package":"virmill.local/core/internal/ui/tui","Test":"TestSearchInputLimitsAndControlsRefuseWholePaste","Output":"--- PASS: TestSearchInputLimitsAndControlsRefuseWholePaste (0.00s)\n","OutputType":"frame"}
{"Time":"2026-09-08T19:30:51.828682975+03:00","Action":"pass","Package":"virmill.local/core/internal/ui/tui","Test":"TestSearchInputLimitsAndControlsRefuseWholePaste","Elapsed":0}
{"Time":"2026-09-08T19:30:51.828696626+03:00","Action":"run","Package":"virmill.local/core/internal/ui/tui","Test":"TestSearchNoResultsCannotExecuteOrDiscardPlan"}
{"Time":"2026-09-08T19:30:51.82869864+03:00","Action":"output","Package":"virmill.local/core/internal/ui/tui","Test":"TestSearchNoResultsCannotExecuteOrDiscardPlan","Output":"=== RUN   TestSearchNoResultsCannotExecuteOrDiscardPlan\n","OutputType":"frame"}
{"Time":"2026-09-08T19:30:51.828895331+03:00","Action":"output","Package":"virmill.local/core/internal/ui/tui","Test":"TestSearchNoResultsCannotExecuteOrDiscardPlan","Output":"--- PASS: TestSearchNoResultsCannotExecuteOrDiscardPlan (0.00s)\n","OutputType":"frame"}
{"Time":"2026-09-08T19:30:51.828909283+03:00","Action":"pass","Package":"virmill.local/core/internal/ui/tui","Test":"TestSearchNoResultsCannotExecuteOrDiscardPlan","Elapsed":0}
{"Time":"2026-09-08T19:30:51.82891387+03:00","Action":"run","Package":"virmill.local/core/internal/ui/tui","Test":"TestSearchDoesNotInterceptFormOrDigestEditing"}
{"Time":"2026-09-08T19:30:51.828915148+03:00","Action":"output","Package":"virmill.local/core/internal/ui/tui","Test":"TestSearchDoesNotInterceptFormOrDigestEditing","Output":"=== RUN   TestSearchDoesNotInterceptFormOrDigestEditing\n","OutputType":"frame"}
{"Time":"2026-09-08T19:30:51.829145069+03:00","Action":"output","Package":"virmill.local/core/internal/ui/tui","Test":"TestSearchDoesNotInterceptFormOrDigestEditing","Output":"--- PASS: TestSearchDoesNotInterceptFormOrDigestEditing (0.00s)\n","OutputType":"frame"}
{"Time":"2026-09-08T19:30:51.829149064+03:00","Action":"pass","Package":"virmill.local/core/internal/ui/tui","Test":"TestSearchDoesNotInterceptFormOrDigestEditing","Elapsed":0}
{"Time":"2026-09-08T19:30:51.82915757+03:00","Action":"run","Package":"virmill.local/core/internal/ui/tui","Test":"TestSearchResultAndBusyStateKeepFocusWithoutReexecution"}
{"Time":"2026-09-08T19:30:51.82915915+03:00","Action":"output","Package":"virmill.local/core/internal/ui/tui","Test":"TestSearchResultAndBusyStateKeepFocusWithoutReexecution","Output":"=== RUN   TestSearchResultAndBusyStateKeepFocusWithoutReexecution\n","OutputType":"frame"}
{"Time":"2026-09-08T19:30:51.829300011+03:00","Action":"output","Package":"virmill.local/core/internal/ui/tui","Test":"TestSearchResultAndBusyStateKeepFocusWithoutReexecution","Output":"--- PASS: TestSearchResultAndBusyStateKeepFocusWithoutReexecution (0.00s)\n","OutputType":"frame"}
{"Time":"2026-09-08T19:30:51.829303707+03:00","Action":"pass","Package":"virmill.local/core/internal/ui/tui","Test":"TestSearchResultAndBusyStateKeepFocusWithoutReexecution","Elapsed":0}
{"Time":"2026-09-08T19:30:51.829312234+03:00","Action":"run","Package":"virmill.local/core/internal/ui/tui","Test":"TestSearchNarrowResizeBoundsAndSelectedActionRemainVisible"}
{"Time":"2026-09-08T19:30:51.829313938+03:00","Action":"output","Package":"virmill.local/core/internal/ui/tui","Test":"TestSearchNarrowResizeBoundsAndSelectedActionRemainVisible","Output":"=== RUN   TestSearchNarrowResizeBoundsAndSelectedActionRemainVisible\n","OutputType":"frame"}
{"Time":"2026-09-08T19:30:51.8395124+03:00","Action":"output","Package":"virmill.local/core/internal/ui/tui","Test":"TestSearchNarrowResizeBoundsAndSelectedActionRemainVisible","Output":"--- PASS: TestSearchNarrowResizeBoundsAndSelectedActionRemainVisible (0.01s)\n","OutputType":"frame"}
{"Time":"2026-09-08T19:30:51.839524541+03:00","Action":"pass","Package":"virmill.local/core/internal/ui/tui","Test":"TestSearchNarrowResizeBoundsAndSelectedActionRemainVisible","Elapsed":0.01}
{"Time":"2026-09-08T19:30:51.839533096+03:00","Action":"run","Package":"virmill.local/core/internal/ui/tui","Test":"TestSearchCompactResultPagingHasNoGaps"}
{"Time":"2026-09-08T19:30:51.839534769+03:00","Action":"output","Package":"virmill.local/core/internal/ui/tui","Test":"TestSearchCompactResultPagingHasNoGaps","Output":"=== RUN   TestSearchCompactResultPagingHasNoGaps\n","OutputType":"frame"}
{"Time":"2026-09-08T19:30:51.843164254+03:00","Action":"output","Package":"virmill.local/core/internal/ui/tui","Test":"TestSearchCompactResultPagingHasNoGaps","Output":"--- PASS: TestSearchCompactResultPagingHasNoGaps (0.00s)\n","OutputType":"frame"}
{"Time":"2026-09-08T19:30:51.843169649+03:00","Action":"pass","Package":"virmill.local/core/internal/ui/tui","Test":"TestSearchCompactResultPagingHasNoGaps","Elapsed":0}
{"Time":"2026-09-08T19:30:51.843185123+03:00","Action":"run","Package":"virmill.local/core/internal/ui/tui","Test":"TestSearchCtrlCOnlyDetaches"}
{"Time":"2026-09-08T19:30:51.843187188+03:00","Action":"output","Package":"virmill.local/core/internal/ui/tui","Test":"TestSearchCtrlCOnlyDetaches","Output":"=== RUN   TestSearchCtrlCOnlyDetaches\n","OutputType":"frame"}
{"Time":"2026-09-08T19:30:51.843281643+03:00","Action":"output","Package":"virmill.local/core/internal/ui/tui","Test":"TestSearchCtrlCOnlyDetaches","Output":"--- PASS: TestSearchCtrlCOnlyDetaches (0.00s)\n","OutputType":"frame"}
{"Time":"2026-09-08T19:30:51.843290413+03:00","Action":"pass","Package":"virmill.local/core/internal/ui/tui","Test":"TestSearchCtrlCOnlyDetaches","Elapsed":0}
{"Time":"2026-09-08T19:30:51.843303521+03:00","Action":"run","Package":"virmill.local/core/internal/ui/tui","Test":"TestTerminalPhysicalSpaceAndShortcutWordsRemainLiteralFormInput"}
{"Time":"2026-09-08T19:30:51.843305114+03:00","Action":"output","Package":"virmill.local/core/internal/ui/tui","Test":"TestTerminalPhysicalSpaceAndShortcutWordsRemainLiteralFormInput","Output":"=== RUN   TestTerminalPhysicalSpaceAndShortcutWordsRemainLiteralFormInput\n","OutputType":"frame"}
{"Time":"2026-09-08T19:30:51.843332106+03:00","Action":"run","Package":"virmill.local/core/internal/ui/tui","Test":"TestTerminalPhysicalSpaceAndShortcutWordsRemainLiteralFormInput/0"}
{"Time":"2026-09-08T19:30:51.843334888+03:00","Action":"output","Package":"virmill.local/core/internal/ui/tui","Test":"TestTerminalPhysicalSpaceAndShortcutWordsRemainLiteralFormInput/0","Output":"=== RUN   TestTerminalPhysicalSpaceAndShortcutWordsRemainLiteralFormInput/0\n","OutputType":"frame"}
{"Time":"2026-09-08T19:30:51.843813877+03:00","Action":"output","Package":"virmill.local/core/internal/ui/tui","Test":"TestTerminalPhysicalSpaceAndShortcutWordsRemainLiteralFormInput/0","Output":"--- PASS: TestTerminalPhysicalSpaceAndShortcutWordsRemainLiteralFormInput/0 (0.00s)\n","OutputType":"frame"}
{"Time":"2026-09-08T19:30:51.843826772+03:00","Action":"pass","Package":"virmill.local/core/internal/ui/tui","Test":"TestTerminalPhysicalSpaceAndShortcutWordsRemainLiteralFormInput/0","Elapsed":0}
{"Time":"2026-09-08T19:30:51.843837455+03:00","Action":"run","Package":"virmill.local/core/internal/ui/tui","Test":"TestTerminalPhysicalSpaceAndShortcutWordsRemainLiteralFormInput/1"}
{"Time":"2026-09-08T19:30:51.84384002+03:00","Action":"output","Package":"virmill.local/core/internal/ui/tui","Test":"TestTerminalPhysicalSpaceAndShortcutWordsRemainLiteralFormInput/1","Output":"=== RUN   TestTerminalPhysicalSpaceAndShortcutWordsRemainLiteralFormInput/1\n","OutputType":"frame"}
{"Time":"2026-09-08T19:30:51.844301881+03:00","Action":"output","Package":"virmill.local/core/internal/ui/tui","Test":"TestTerminalPhysicalSpaceAndShortcutWordsRemainLiteralFormInput/1","Output":"--- PASS: TestTerminalPhysicalSpaceAndShortcutWordsRemainLiteralFormInput/1 (0.00s)\n","OutputType":"frame"}
{"Time":"2026-09-08T19:30:51.844311216+03:00","Action":"pass","Package":"virmill.local/core/internal/ui/tui","Test":"TestTerminalPhysicalSpaceAndShortcutWordsRemainLiteralFormInput/1","Elapsed":0}
{"Time":"2026-09-08T19:30:51.844342891+03:00","Action":"output","Package":"virmill.local/core/internal/ui/tui","Test":"TestTerminalPhysicalSpaceAndShortcutWordsRemainLiteralFormInput","Output":"--- PASS: TestTerminalPhysicalSpaceAndShortcutWordsRemainLiteralFormInput (0.00s)\n","OutputType":"frame"}
{"Time":"2026-09-08T19:30:51.844350459+03:00","Action":"pass","Package":"virmill.local/core/internal/ui/tui","Test":"TestTerminalPhysicalSpaceAndShortcutWordsRemainLiteralFormInput","Elapsed":0}
{"Time":"2026-09-08T19:30:51.84436033+03:00","Action":"run","Package":"virmill.local/core/internal/ui/tui","Test":"TestTerminalPathWithPhysicalSpacesReachesOnlySelectedService"}
{"Time":"2026-09-08T19:30:51.844362507+03:00","Action":"output","Package":"virmill.local/core/internal/ui/tui","Test":"TestTerminalPathWithPhysicalSpacesReachesOnlySelectedService","Output":"=== RUN   TestTerminalPathWithPhysicalSpacesReachesOnlySelectedService\n","OutputType":"frame"}
{"Time":"2026-09-08T19:30:51.844635692+03:00","Action":"output","Package":"virmill.local/core/internal/ui/tui","Test":"TestTerminalPathWithPhysicalSpacesReachesOnlySelectedService","Output":"--- PASS: TestTerminalPathWithPhysicalSpacesReachesOnlySelectedService (0.00s)\n","OutputType":"frame"}
{"Time":"2026-09-08T19:30:51.844646415+03:00","Action":"pass","Package":"virmill.local/core/internal/ui/tui","Test":"TestTerminalPathWithPhysicalSpacesReachesOnlySelectedService","Elapsed":0}
{"Time":"2026-09-08T19:30:51.844659495+03:00","Action":"run","Package":"virmill.local/core/internal/ui/tui","Test":"TestTerminalLongApprovalRetainsVisibleInputAndPageableExactReview"}
{"Time":"2026-09-08T19:30:51.84466179+03:00","Action":"output","Package":"virmill.local/core/internal/ui/tui","Test":"TestTerminalLongApprovalRetainsVisibleInputAndPageableExactReview","Output":"=== RUN   TestTerminalLongApprovalRetainsVisibleInputAndPageableExactReview\n","OutputType":"frame"}
{"Time":"2026-09-08T19:30:52.23109563+03:00","Action":"output","Package":"virmill.local/core/internal/ui/tui","Test":"TestTerminalLongApprovalRetainsVisibleInputAndPageableExactReview","Output":"--- PASS: TestTerminalLongApprovalRetainsVisibleInputAndPageableExactReview (0.39s)\n","OutputType":"frame"}
{"Time":"2026-09-08T19:30:52.231124766+03:00","Action":"pass","Package":"virmill.local/core/internal/ui/tui","Test":"TestTerminalLongApprovalRetainsVisibleInputAndPageableExactReview","Elapsed":0.39}
{"Time":"2026-09-08T19:30:52.231132902+03:00","Action":"run","Package":"virmill.local/core/internal/ui/tui","Test":"TestTerminalResizeRevealsDetailsAfterPriorNarrowScroll"}
{"Time":"2026-09-08T19:30:52.231134546+03:00","Action":"output","Package":"virmill.local/core/internal/ui/tui","Test":"TestTerminalResizeRevealsDetailsAfterPriorNarrowScroll","Output":"=== RUN   TestTerminalResizeRevealsDetailsAfterPriorNarrowScroll\n","OutputType":"frame"}
{"Time":"2026-09-08T19:30:52.238736718+03:00","Action":"output","Package":"virmill.local/core/internal/ui/tui","Test":"TestTerminalResizeRevealsDetailsAfterPriorNarrowScroll","Output":"--- PASS: TestTerminalResizeRevealsDetailsAfterPriorNarrowScroll (0.01s)\n","OutputType":"frame"}
{"Time":"2026-09-08T19:30:52.238751343+03:00","Action":"pass","Package":"virmill.local/core/internal/ui/tui","Test":"TestTerminalResizeRevealsDetailsAfterPriorNarrowScroll","Elapsed":0.01}
{"Time":"2026-09-08T19:30:52.238755935+03:00","Action":"run","Package":"virmill.local/core/internal/ui/tui","Test":"TestTerminalDialogFocusCannotRetargetSubmitOrLoseCancellation"}
{"Time":"2026-09-08T19:30:52.238757206+03:00","Action":"output","Package":"virmill.local/core/internal/ui/tui","Test":"TestTerminalDialogFocusCannotRetargetSubmitOrLoseCancellation","Output":"=== RUN   TestTerminalDialogFocusCannotRetargetSubmitOrLoseCancellation\n","OutputType":"frame"}
{"Time":"2026-09-08T19:30:52.23878271+03:00","Action":"run","Package":"virmill.local/core/internal/ui/tui","Test":"TestTerminalDialogFocusCannotRetargetSubmitOrLoseCancellation/false"}
{"Time":"2026-09-08T19:30:52.238785389+03:00","Action":"output","Package":"virmill.local/core/internal/ui/tui","Test":"TestTerminalDialogFocusCannotRetargetSubmitOrLoseCancellation/false","Output":"=== RUN   TestTerminalDialogFocusCannotRetargetSubmitOrLoseCancellation/false\n","OutputType":"frame"}
{"Time":"2026-09-08T19:30:52.239332992+03:00","Action":"output","Package":"virmill.local/core/internal/ui/tui","Test":"TestTerminalDialogFocusCannotRetargetSubmitOrLoseCancellation/false","Output":"--- PASS: TestTerminalDialogFocusCannotRetargetSubmitOrLoseCancellation/false (0.00s)\n","OutputType":"frame"}
{"Time":"2026-09-08T19:30:52.239344896+03:00","Action":"pass","Package":"virmill.local/core/internal/ui/tui","Test":"TestTerminalDialogFocusCannotRetargetSubmitOrLoseCancellation/false","Elapsed":0}
{"Time":"2026-09-08T19:30:52.239362158+03:00","Action":"run","Package":"virmill.local/core/internal/ui/tui","Test":"TestTerminalDialogFocusCannotRetargetSubmitOrLoseCancellation/true"}
{"Time":"2026-09-08T19:30:52.239364467+03:00","Action":"output","Package":"virmill.local/core/internal/ui/tui","Test":"TestTerminalDialogFocusCannotRetargetSubmitOrLoseCancellation/true","Output":"=== RUN   TestTerminalDialogFocusCannotRetargetSubmitOrLoseCancellation/true\n","OutputType":"frame"}
{"Time":"2026-09-08T19:30:52.243290142+03:00","Action":"output","Package":"virmill.local/core/internal/ui/tui","Test":"TestTerminalDialogFocusCannotRetargetSubmitOrLoseCancellation/true","Output":"--- PASS: TestTerminalDialogFocusCannotRetargetSubmitOrLoseCancellation/true (0.00s)\n","OutputType":"frame"}
{"Time":"2026-09-08T19:30:52.243299404+03:00","Action":"pass","Package":"virmill.local/core/internal/ui/tui","Test":"TestTerminalDialogFocusCannotRetargetSubmitOrLoseCancellation/true","Elapsed":0}
{"Time":"2026-09-08T19:30:52.243335269+03:00","Action":"output","Package":"virmill.local/core/internal/ui/tui","Test":"TestTerminalDialogFocusCannotRetargetSubmitOrLoseCancellation","Output":"--- PASS: TestTerminalDialogFocusCannotRetargetSubmitOrLoseCancellation (0.00s)\n","OutputType":"frame"}
{"Time":"2026-09-08T19:30:52.24334786+03:00","Action":"pass","Package":"virmill.local/core/internal/ui/tui","Test":"TestTerminalDialogFocusCannotRetargetSubmitOrLoseCancellation","Elapsed":0}
{"Time":"2026-09-08T19:30:52.243362788+03:00","Action":"run","Package":"virmill.local/core/internal/ui/tui","Test":"TestTerminalApprovalMismatchRemainsReadableAfterReviewPaging"}
{"Time":"2026-09-08T19:30:52.243364819+03:00","Action":"output","Package":"virmill.local/core/internal/ui/tui","Test":"TestTerminalApprovalMismatchRemainsReadableAfterReviewPaging","Output":"=== RUN   TestTerminalApprovalMismatchRemainsReadableAfterReviewPaging\n","OutputType":"frame"}
{"Time":"2026-09-08T19:30:52.264217254+03:00","Action":"output","Package":"virmill.local/core/internal/ui/tui","Test":"TestTerminalApprovalMismatchRemainsReadableAfterReviewPaging","Output":"--- PASS: TestTerminalApprovalMismatchRemainsReadableAfterReviewPaging (0.02s)\n","OutputType":"frame"}
{"Time":"2026-09-08T19:30:52.264231118+03:00","Action":"pass","Package":"virmill.local/core/internal/ui/tui","Test":"TestTerminalApprovalMismatchRemainsReadableAfterReviewPaging","Elapsed":0.02}
{"Time":"2026-09-08T19:30:52.264239176+03:00","Action":"run","Package":"virmill.local/core/internal/ui/tui","Test":"TestTerminalBackendErrorsPreserveNavigationAndHaveTextMeaning"}
{"Time":"2026-09-08T19:30:52.264245182+03:00","Action":"output","Package":"virmill.local/core/internal/ui/tui","Test":"TestTerminalBackendErrorsPreserveNavigationAndHaveTextMeaning","Output":"=== RUN   TestTerminalBackendErrorsPreserveNavigationAndHaveTextMeaning\n","OutputType":"frame"}
{"Time":"2026-09-08T19:30:52.265517635+03:00","Action":"output","Package":"virmill.local/core/internal/ui/tui","Test":"TestTerminalBackendErrorsPreserveNavigationAndHaveTextMeaning","Output":"--- PASS: TestTerminalBackendErrorsPreserveNavigationAndHaveTextMeaning (0.00s)\n","OutputType":"frame"}
{"Time":"2026-09-08T19:30:52.265527454+03:00","Action":"pass","Package":"virmill.local/core/internal/ui/tui","Test":"TestTerminalBackendErrorsPreserveNavigationAndHaveTextMeaning","Elapsed":0}
{"Time":"2026-09-08T19:30:52.265542605+03:00","Action":"run","Package":"virmill.local/core/internal/ui/tui","Test":"TestTerminalTopLevelTextDoesNotMasqueradeAsControl"}
{"Time":"2026-09-08T19:30:52.265544984+03:00","Action":"output","Package":"virmill.local/core/internal/ui/tui","Test":"TestTerminalTopLevelTextDoesNotMasqueradeAsControl","Output":"=== RUN   TestTerminalTopLevelTextDoesNotMasqueradeAsControl\n","OutputType":"frame"}
{"Time":"2026-09-08T19:30:52.265683217+03:00","Action":"output","Package":"virmill.local/core/internal/ui/tui","Test":"TestTerminalTopLevelTextDoesNotMasqueradeAsControl","Output":"--- PASS: TestTerminalTopLevelTextDoesNotMasqueradeAsControl (0.00s)\n","OutputType":"frame"}
{"Time":"2026-09-08T19:30:52.265692511+03:00","Action":"pass","Package":"virmill.local/core/internal/ui/tui","Test":"TestTerminalTopLevelTextDoesNotMasqueradeAsControl","Elapsed":0}
{"Time":"2026-09-08T19:30:52.265701168+03:00","Action":"run","Package":"virmill.local/core/internal/ui/tui","Test":"TestTerminalExactApprovalDigestAndAcknowledgementsUnchanged"}
{"Time":"2026-09-08T19:30:52.265704044+03:00","Action":"output","Package":"virmill.local/core/internal/ui/tui","Test":"TestTerminalExactApprovalDigestAndAcknowledgementsUnchanged","Output":"=== RUN   TestTerminalExactApprovalDigestAndAcknowledgementsUnchanged\n","OutputType":"frame"}
{"Time":"2026-09-08T19:30:52.266164191+03:00","Action":"output","Package":"virmill.local/core/internal/ui/tui","Test":"TestTerminalExactApprovalDigestAndAcknowledgementsUnchanged","Output":"--- PASS: TestTerminalExactApprovalDigestAndAcknowledgementsUnchanged (0.00s)\n","OutputType":"frame"}
{"Time":"2026-09-08T19:30:52.266176434+03:00","Action":"pass","Package":"virmill.local/core/internal/ui/tui","Test":"TestTerminalExactApprovalDigestAndAcknowledgementsUnchanged","Elapsed":0}
{"Time":"2026-09-08T19:30:52.266679101+03:00","Action":"run","Package":"virmill.local/core/internal/ui/tui","Test":"TestTerminalFormsPreserveInputAcrossResizeAndExposeErrors"}
{"Time":"2026-09-08T19:30:52.26668211+03:00","Action":"output","Package":"virmill.local/core/internal/ui/tui","Test":"TestTerminalFormsPreserveInputAcrossResizeAndExposeErrors","Output":"=== RUN   TestTerminalFormsPreserveInputAcrossResizeAndExposeErrors\n","OutputType":"frame"}
{"Time":"2026-09-08T19:30:52.266717165+03:00","Action":"run","Package":"virmill.local/core/internal/ui/tui","Test":"TestTerminalFormsPreserveInputAcrossResizeAndExposeErrors/0"}
{"Time":"2026-09-08T19:30:52.266718568+03:00","Action":"output","Package":"virmill.local/core/internal/ui/tui","Test":"TestTerminalFormsPreserveInputAcrossResizeAndExposeErrors/0","Output":"=== RUN   TestTerminalFormsPreserveInputAcrossResizeAndExposeErrors/0\n","OutputType":"frame"}
{"Time":"2026-09-08T19:30:52.281565617+03:00","Action":"output","Package":"virmill.local/core/internal/ui/tui","Test":"TestTerminalFormsPreserveInputAcrossResizeAndExposeErrors/0","Output":"--- PASS: TestTerminalFormsPreserveInputAcrossResizeAndExposeErrors/0 (0.01s)\n","OutputType":"frame"}
{"Time":"2026-09-08T19:30:52.281582863+03:00","Action":"pass","Package":"virmill.local/core/internal/ui/tui","Test":"TestTerminalFormsPreserveInputAcrossResizeAndExposeErrors/0","Elapsed":0.01}
{"Time":"2026-09-08T19:30:52.281600806+03:00","Action":"run","Package":"virmill.local/core/internal/ui/tui","Test":"TestTerminalFormsPreserveInputAcrossResizeAndExposeErrors/1"}
{"Time":"2026-09-08T19:30:52.281602559+03:00","Action":"output","Package":"virmill.local/core/internal/ui/tui","Test":"TestTerminalFormsPreserveInputAcrossResizeAndExposeErrors/1","Output":"=== RUN   TestTerminalFormsPreserveInputAcrossResizeAndExposeErrors/1\n","OutputType":"frame"}
{"Time":"2026-09-08T19:30:52.297919216+03:00","Action":"output","Package":"virmill.local/core/internal/ui/tui","Test":"TestTerminalFormsPreserveInputAcrossResizeAndExposeErrors/1","Output":"--- PASS: TestTerminalFormsPreserveInputAcrossResizeAndExposeErrors/1 (0.02s)\n","OutputType":"frame"}
{"Time":"2026-09-08T19:30:52.297932874+03:00","Action":"pass","Package":"virmill.local/core/internal/ui/tui","Test":"TestTerminalFormsPreserveInputAcrossResizeAndExposeErrors/1","Elapsed":0.02}
{"Time":"2026-09-08T19:30:52.297967236+03:00","Action":"output","Package":"virmill.local/core/internal/ui/tui","Test":"TestTerminalFormsPreserveInputAcrossResizeAndExposeErrors","Output":"--- PASS: TestTerminalFormsPreserveInputAcrossResizeAndExposeErrors (0.03s)\n","OutputType":"frame"}
{"Time":"2026-09-08T19:30:52.297973547+03:00","Action":"pass","Package":"virmill.local/core/internal/ui/tui","Test":"TestTerminalFormsPreserveInputAcrossResizeAndExposeErrors","Elapsed":0.03}
{"Time":"2026-09-08T19:30:52.297994234+03:00","Action":"run","Package":"virmill.local/core/internal/ui/tui","Test":"TestTerminalBusyDetachDoesNotCancelOrResubmit"}
{"Time":"2026-09-08T19:30:52.297995975+03:00","Action":"output","Package":"virmill.local/core/internal/ui/tui","Test":"TestTerminalBusyDetachDoesNotCancelOrResubmit","Output":"=== RUN   TestTerminalBusyDetachDoesNotCancelOrResubmit\n","OutputType":"frame"}
{"Time":"2026-09-08T19:30:52.298571173+03:00","Action":"output","Package":"virmill.local/core/internal/ui/tui","Test":"TestTerminalBusyDetachDoesNotCancelOrResubmit","Output":"--- PASS: TestTerminalBusyDetachDoesNotCancelOrResubmit (0.00s)\n","OutputType":"frame"}
{"Time":"2026-09-08T19:30:52.298580926+03:00","Action":"pass","Package":"virmill.local/core/internal/ui/tui","Test":"TestTerminalBusyDetachDoesNotCancelOrResubmit","Elapsed":0}
{"Time":"2026-09-08T19:30:52.298593642+03:00","Action":"run","Package":"virmill.local/core/internal/ui/tui","Test":"TestImportOpensBrowserAndSelectionOnlyFillsSource"}
{"Time":"2026-09-08T19:30:52.298596029+03:00","Action":"output","Package":"virmill.local/core/internal/ui/tui","Test":"TestImportOpensBrowserAndSelectionOnlyFillsSource","Output":"=== RUN   TestImportOpensBrowserAndSelectionOnlyFillsSource\n","OutputType":"frame"}
{"Time":"2026-09-08T19:30:52.300204144+03:00","Action":"output","Package":"virmill.local/core/internal/ui/tui","Test":"TestImportOpensBrowserAndSelectionOnlyFillsSource","Output":"--- PASS: TestImportOpensBrowserAndSelectionOnlyFillsSource (0.00s)\n","OutputType":"frame"}
{"Time":"2026-09-08T19:30:52.300213436+03:00","Action":"pass","Package":"virmill.local/core/internal/ui/tui","Test":"TestImportOpensBrowserAndSelectionOnlyFillsSource","Elapsed":0}
{"Time":"2026-09-08T19:30:52.300227923+03:00","Action":"run","Package":"virmill.local/core/internal/ui/tui","Test":"TestPickerCancelAndResizeCannotSubmitUnderlyingForm"}
{"Time":"2026-09-08T19:30:52.300230084+03:00","Action":"output","Package":"virmill.local/core/internal/ui/tui","Test":"TestPickerCancelAndResizeCannotSubmitUnderlyingForm","Output":"=== RUN   TestPickerCancelAndResizeCannotSubmitUnderlyingForm\n","OutputType":"frame"}
{"Time":"2026-09-08T19:30:52.301149971+03:00","Action":"output","Package":"virmill.local/core/internal/ui/tui","Test":"TestPickerCancelAndResizeCannotSubmitUnderlyingForm","Output":"--- PASS: TestPickerCancelAndResizeCannotSubmitUnderlyingForm (0.00s)\n","OutputType":"frame"}
{"Time":"2026-09-08T19:30:52.30116097+03:00","Action":"pass","Package":"virmill.local/core/internal/ui/tui","Test":"TestPickerCancelAndResizeCannotSubmitUnderlyingForm","Elapsed":0}
{"Time":"2026-09-08T19:30:52.301177529+03:00","Action":"run","Package":"virmill.local/core/internal/ui/tui","Test":"TestPickerPreservesInventoryRepliesAndOtherFields"}
{"Time":"2026-09-08T19:30:52.301179596+03:00","Action":"output","Package":"virmill.local/core/internal/ui/tui","Test":"TestPickerPreservesInventoryRepliesAndOtherFields","Output":"=== RUN   TestPickerPreservesInventoryRepliesAndOtherFields\n","OutputType":"frame"}
{"Time":"2026-09-08T19:30:52.301730611+03:00","Action":"output","Package":"virmill.local/core/internal/ui/tui","Test":"TestPickerPreservesInventoryRepliesAndOtherFields","Output":"--- PASS: TestPickerPreservesInventoryRepliesAndOtherFields (0.00s)\n","OutputType":"frame"}
{"Time":"2026-09-08T19:30:52.301746342+03:00","Action":"pass","Package":"virmill.local/core/internal/ui/tui","Test":"TestPickerPreservesInventoryRepliesAndOtherFields","Elapsed":0}
{"Time":"2026-09-08T19:30:52.301759163+03:00","Action":"run","Package":"virmill.local/core/internal/ui/tui","Test":"TestCommonTasksKeepAllAdvancedActionsReachable"}
{"Time":"2026-09-08T19:30:52.301761392+03:00","Action":"output","Package":"virmill.local/core/internal/ui/tui","Test":"TestCommonTasksKeepAllAdvancedActionsReachable","Output":"=== RUN   TestCommonTasksKeepAllAdvancedActionsReachable\n","OutputType":"frame"}
{"Time":"2026-09-08T19:30:52.306570377+03:00","Action":"output","Package":"virmill.local/core/internal/ui/tui","Test":"TestCommonTasksKeepAllAdvancedActionsReachable","Output":"--- PASS: TestCommonTasksKeepAllAdvancedActionsReachable (0.00s)\n","OutputType":"frame"}
{"Time":"2026-09-08T19:30:52.306579124+03:00","Action":"pass","Package":"virmill.local/core/internal/ui/tui","Test":"TestCommonTasksKeepAllAdvancedActionsReachable","Elapsed":0}
{"Time":"2026-09-08T19:30:52.306591513+03:00","Action":"run","Package":"virmill.local/core/internal/ui/tui","Test":"TestUnsupportedPickerPathReturnsEditableForm"}
{"Time":"2026-09-08T19:30:52.30659325+03:00","Action":"output","Package":"virmill.local/core/internal/ui/tui","Test":"TestUnsupportedPickerPathReturnsEditableForm","Output":"=== RUN   TestUnsupportedPickerPathReturnsEditableForm\n","OutputType":"frame"}
{"Time":"2026-09-08T19:30:52.307571357+03:00","Action":"output","Package":"virmill.local/core/internal/ui/tui","Test":"TestUnsupportedPickerPathReturnsEditableForm","Output":"--- PASS: TestUnsupportedPickerPathReturnsEditableForm (0.00s)\n","OutputType":"frame"}
{"Time":"2026-09-08T19:30:52.307585503+03:00","Action":"pass","Package":"virmill.local/core/internal/ui/tui","Test":"TestUnsupportedPickerPathReturnsEditableForm","Elapsed":0}
{"Time":"2026-09-08T19:30:52.30759568+03:00","Action":"run","Package":"virmill.local/core/internal/ui/tui","Test":"TestWorkspaceResourceFirstDefaultAndNativeUUID"}
{"Time":"2026-09-08T19:30:52.307597747+03:00","Action":"output","Package":"virmill.local/core/internal/ui/tui","Test":"TestWorkspaceResourceFirstDefaultAndNativeUUID","Output":"=== RUN   TestWorkspaceResourceFirstDefaultAndNativeUUID\n","OutputType":"frame"}
{"Time":"2026-09-08T19:30:52.308988033+03:00","Action":"output","Package":"virmill.local/core/internal/ui/tui","Test":"TestWorkspaceResourceFirstDefaultAndNativeUUID","Output":"--- PASS: TestWorkspaceResourceFirstDefaultAndNativeUUID (0.00s)\n","OutputType":"frame"}
{"Time":"2026-09-08T19:30:52.309003392+03:00","Action":"pass","Package":"virmill.local/core/internal/ui/tui","Test":"TestWorkspaceResourceFirstDefaultAndNativeUUID","Elapsed":0}
{"Time":"2026-09-08T19:30:52.309013681+03:00","Action":"run","Package":"virmill.local/core/internal/ui/tui","Test":"TestWorkspaceCanceledDetailCannotReopenAndRefreshRetainsIdentity"}
{"Time":"2026-09-08T19:30:52.309015557+03:00","Action":"output","Package":"virmill.local/core/internal/ui/tui","Test":"TestWorkspaceCanceledDetailCannotReopenAndRefreshRetainsIdentity","Output":"=== RUN   TestWorkspaceCanceledDetailCannotReopenAndRefreshRetainsIdentity\n","OutputType":"frame"}
{"Time":"2026-09-08T19:30:52.309936144+03:00","Action":"output","Package":"virmill.local/core/internal/ui/tui","Test":"TestWorkspaceCanceledDetailCannotReopenAndRefreshRetainsIdentity","Output":"--- PASS: TestWorkspaceCanceledDetailCannotReopenAndRefreshRetainsIdentity (0.00s)\n","OutputType":"frame"}
{"Time":"2026-09-08T19:30:52.309946711+03:00","Action":"pass","Package":"virmill.local/core/internal/ui/tui","Test":"TestWorkspaceCanceledDetailCannotReopenAndRefreshRetainsIdentity","Elapsed":0}
{"Time":"2026-09-08T19:30:52.309960513+03:00","Action":"run","Package":"virmill.local/core/internal/ui/tui","Test":"TestWorkspaceApprovalRequiresVisibleExplicitAcknowledgements"}
{"Time":"2026-09-08T19:30:52.309962494+03:00","Action":"output","Package":"virmill.local/core/internal/ui/tui","Test":"TestWorkspaceApprovalRequiresVisibleExplicitAcknowledgements","Output":"=== RUN   TestWorkspaceApprovalRequiresVisibleExplicitAcknowledgements\n","OutputType":"frame"}
{"Time":"2026-09-08T19:30:52.31106578+03:00","Action":"output","Package":"virmill.local/core/internal/ui/tui","Test":"TestWorkspaceApprovalRequiresVisibleExplicitAcknowledgements","Output":"--- PASS: TestWorkspaceApprovalRequiresVisibleExplicitAcknowledgements (0.00s)\n","OutputType":"frame"}
{"Time":"2026-09-08T19:30:52.31107353+03:00","Action":"pass","Package":"virmill.local/core/internal/ui/tui","Test":"TestWorkspaceApprovalRequiresVisibleExplicitAcknowledgements","Elapsed":0}
{"Time":"2026-09-08T19:30:52.311088551+03:00","Action":"run","Package":"virmill.local/core/internal/ui/tui","Test":"TestWorkspaceHelpAndSmallTerminalNeverSubmitHiddenActions"}
{"Time":"2026-09-08T19:30:52.311090915+03:00","Action":"output","Package":"virmill.local/core/internal/ui/tui","Test":"TestWorkspaceHelpAndSmallTerminalNeverSubmitHiddenActions","Output":"=== RUN   TestWorkspaceHelpAndSmallTerminalNeverSubmitHiddenActions\n","OutputType":"frame"}
{"Time":"2026-09-08T19:30:52.311108942+03:00","Action":"run","Package":"virmill.local/core/internal/ui/tui","Test":"TestWorkspaceHelpAndSmallTerminalNeverSubmitHiddenActions/help"}
{"Time":"2026-09-08T19:30:52.311111291+03:00","Action":"output","Package":"virmill.local/core/internal/ui/tui","Test":"TestWorkspaceHelpAndSmallTerminalNeverSubmitHiddenActions/help","Output":"=== RUN   TestWorkspaceHelpAndSmallTerminalNeverSubmitHiddenActions/help\n","OutputType":"frame"}
{"Time":"2026-09-08T19:30:52.312171265+03:00","Action":"output","Package":"virmill.local/core/internal/ui/tui","Test":"TestWorkspaceHelpAndSmallTerminalNeverSubmitHiddenActions/help","Output":"--- PASS: TestWorkspaceHelpAndSmallTerminalNeverSubmitHiddenActions/help (0.00s)\n","OutputType":"frame"}
{"Time":"2026-09-08T19:30:52.312184611+03:00","Action":"pass","Package":"virmill.local/core/internal/ui/tui","Test":"TestWorkspaceHelpAndSmallTerminalNeverSubmitHiddenActions/help","Elapsed":0}
{"Time":"2026-09-08T19:30:52.312194706+03:00","Action":"run","Package":"virmill.local/core/internal/ui/tui","Test":"TestWorkspaceHelpAndSmallTerminalNeverSubmitHiddenActions/small"}
{"Time":"2026-09-08T19:30:52.31219644+03:00","Action":"output","Package":"virmill.local/core/internal/ui/tui","Test":"TestWorkspaceHelpAndSmallTerminalNeverSubmitHiddenActions/small","Output":"=== RUN   TestWorkspaceHelpAndSmallTerminalNeverSubmitHiddenActions/small\n","OutputType":"frame"}
{"Time":"2026-09-08T19:30:52.313240144+03:00","Action":"output","Package":"virmill.local/core/internal/ui/tui","Test":"TestWorkspaceHelpAndSmallTerminalNeverSubmitHiddenActions/small","Output":"--- PASS: TestWorkspaceHelpAndSmallTerminalNeverSubmitHiddenActions/small (0.00s)\n","OutputType":"frame"}
{"Time":"2026-09-08T19:30:52.313251337+03:00","Action":"pass","Package":"virmill.local/core/internal/ui/tui","Test":"TestWorkspaceHelpAndSmallTerminalNeverSubmitHiddenActions/small","Elapsed":0}
{"Time":"2026-09-08T19:30:52.31328033+03:00","Action":"output","Package":"virmill.local/core/internal/ui/tui","Test":"TestWorkspaceHelpAndSmallTerminalNeverSubmitHiddenActions","Output":"--- PASS: TestWorkspaceHelpAndSmallTerminalNeverSubmitHiddenActions (0.00s)\n","OutputType":"frame"}
{"Time":"2026-09-08T19:30:52.313289189+03:00","Action":"pass","Package":"virmill.local/core/internal/ui/tui","Test":"TestWorkspaceHelpAndSmallTerminalNeverSubmitHiddenActions","Elapsed":0}
{"Time":"2026-09-08T19:30:52.313304418+03:00","Action":"run","Package":"virmill.local/core/internal/ui/tui","Test":"TestWorkspaceEveryRegisteredActionIsSelectable"}
{"Time":"2026-09-08T19:30:52.31330647+03:00","Action":"output","Package":"virmill.local/core/internal/ui/tui","Test":"TestWorkspaceEveryRegisteredActionIsSelectable","Output":"=== RUN   TestWorkspaceEveryRegisteredActionIsSelectable\n","OutputType":"frame"}
{"Time":"2026-09-08T19:30:52.345018122+03:00","Action":"output","Package":"virmill.local/core/internal/ui/tui","Test":"TestWorkspaceEveryRegisteredActionIsSelectable","Output":"--- PASS: TestWorkspaceEveryRegisteredActionIsSelectable (0.03s)\n","OutputType":"frame"}
{"Time":"2026-09-08T19:30:52.345054779+03:00","Action":"pass","Package":"virmill.local/core/internal/ui/tui","Test":"TestWorkspaceEveryRegisteredActionIsSelectable","Elapsed":0.03}
{"Time":"2026-09-08T19:30:52.345063128+03:00","Action":"run","Package":"virmill.local/core/internal/ui/tui","Test":"TestWorkspaceBadPlanDigestAndCanceledFormRefuseLateAuthority"}
{"Time":"2026-09-08T19:30:52.345065693+03:00","Action":"output","Package":"virmill.local/core/internal/ui/tui","Test":"TestWorkspaceBadPlanDigestAndCanceledFormRefuseLateAuthority","Output":"=== RUN   TestWorkspaceBadPlanDigestAndCanceledFormRefuseLateAuthority\n","OutputType":"frame"}
{"Time":"2026-09-08T19:30:52.347606824+03:00","Action":"output","Package":"virmill.local/core/internal/ui/tui","Test":"TestWorkspaceBadPlanDigestAndCanceledFormRefuseLateAuthority","Output":"--- PASS: TestWorkspaceBadPlanDigestAndCanceledFormRefuseLateAuthority (0.00s)\n","OutputType":"frame"}
{"Time":"2026-09-08T19:30:52.347634836+03:00","Action":"pass","Package":"virmill.local/core/internal/ui/tui","Test":"TestWorkspaceBadPlanDigestAndCanceledFormRefuseLateAuthority","Elapsed":0}
{"Time":"2026-09-08T19:30:52.347638879+03:00","Action":"run","Package":"virmill.local/core/internal/ui/tui","Test":"TestWorkspaceSearchTextCannotExecuteAndScalarCaptureIDs"}
{"Time":"2026-09-08T19:30:52.347640475+03:00","Action":"output","Package":"virmill.local/core/internal/ui/tui","Test":"TestWorkspaceSearchTextCannotExecuteAndScalarCaptureIDs","Output":"=== RUN   TestWorkspaceSearchTextCannotExecuteAndScalarCaptureIDs\n","OutputType":"frame"}
{"Time":"2026-09-08T19:30:52.347942759+03:00","Action":"output","Package":"virmill.local/core/internal/ui/tui","Test":"TestWorkspaceSearchTextCannotExecuteAndScalarCaptureIDs","Output":"--- PASS: TestWorkspaceSearchTextCannotExecuteAndScalarCaptureIDs (0.00s)\n","OutputType":"frame"}
{"Time":"2026-09-08T19:30:52.347946593+03:00","Action":"pass","Package":"virmill.local/core/internal/ui/tui","Test":"TestWorkspaceSearchTextCannotExecuteAndScalarCaptureIDs","Elapsed":0}
{"Time":"2026-09-08T19:30:52.347963307+03:00","Action":"run","Package":"virmill.local/core/internal/ui/tui","Test":"TestWorkspaceRenderingFitsAndSanitizes"}
{"Time":"2026-09-08T19:30:52.347965658+03:00","Action":"output","Package":"virmill.local/core/internal/ui/tui","Test":"TestWorkspaceRenderingFitsAndSanitizes","Output":"=== RUN   TestWorkspaceRenderingFitsAndSanitizes\n","OutputType":"frame"}
{"Time":"2026-09-08T19:30:52.348245253+03:00","Action":"run","Package":"virmill.local/core/internal/ui/tui","Test":"TestWorkspaceRenderingFitsAndSanitizes/overviewP"}
{"Time":"2026-09-08T19:30:52.348247295+03:00","Action":"output","Package":"virmill.local/core/internal/ui/tui","Test":"TestWorkspaceRenderingFitsAndSanitizes/overviewP","Output":"=== RUN   TestWorkspaceRenderingFitsAndSanitizes/overviewP\n","OutputType":"frame"}
{"Time":"2026-09-08T19:30:52.348518985+03:00","Action":"output","Package":"virmill.local/core/internal/ui/tui","Test":"TestWorkspaceRenderingFitsAndSanitizes/overviewP","Output":"--- PASS: TestWorkspaceRenderingFitsAndSanitizes/overviewP (0.00s)\n","OutputType":"frame"}
{"Time":"2026-09-08T19:30:52.348523639+03:00","Action":"pass","Package":"virmill.local/core/internal/ui/tui","Test":"TestWorkspaceRenderingFitsAndSanitizes/overviewP","Elapsed":0}
{"Time":"2026-09-08T19:30:52.348537081+03:00","Action":"run","Package":"virmill.local/core/internal/ui/tui","Test":"TestWorkspaceRenderingFitsAndSanitizes/detailsP"}
{"Time":"2026-09-08T19:30:52.348539092+03:00","Action":"output","Package":"virmill.local/core/internal/ui/tui","Test":"TestWorkspaceRenderingFitsAndSanitizes/detailsP","Output":"=== RUN   TestWorkspaceRenderingFitsAndSanitizes/detailsP\n","OutputType":"frame"}
{"Time":"2026-09-08T19:30:52.349402684+03:00","Action":"output","Package":"virmill.local/core/internal/ui/tui","Test":"TestWorkspaceRenderingFitsAndSanitizes/detailsP","Output":"--- PASS: TestWorkspaceRenderingFitsAndSanitizes/detailsP (0.00s)\n","OutputType":"frame"}
{"Time":"2026-09-08T19:30:52.349408004+03:00","Action":"pass","Package":"virmill.local/core/internal/ui/tui","Test":"TestWorkspaceRenderingFitsAndSanitizes/detailsP","Elapsed":0}
{"Time":"2026-09-08T19:30:52.349419867+03:00","Action":"run","Package":"virmill.local/core/internal/ui/tui","Test":"TestWorkspaceRenderingFitsAndSanitizes/catalogP"}
{"Time":"2026-09-08T19:30:52.349422047+03:00","Action":"output","Package":"virmill.local/core/internal/ui/tui","Test":"TestWorkspaceRenderingFitsAndSanitizes/catalogP","Output":"=== RUN   TestWorkspaceRenderingFitsAndSanitizes/catalogP\n","OutputType":"frame"}
{"Time":"2026-09-08T19:30:52.350568587+03:00","Action":"output","Package":"virmill.local/core/internal/ui/tui","Test":"TestWorkspaceRenderingFitsAndSanitizes/catalogP","Output":"--- PASS: TestWorkspaceRenderingFitsAndSanitizes/catalogP (0.00s)\n","OutputType":"frame"}
{"Time":"2026-09-08T19:30:52.350576287+03:00","Action":"pass","Package":"virmill.local/core/internal/ui/tui","Test":"TestWorkspaceRenderingFitsAndSanitizes/catalogP","Elapsed":0}
{"Time":"2026-09-08T19:30:52.350587187+03:00","Action":"run","Package":"virmill.local/core/internal/ui/tui","Test":"TestWorkspaceRenderingFitsAndSanitizes/planP"}
{"Time":"2026-09-08T19:30:52.350589272+03:00","Action":"output","Package":"virmill.local/core/internal/ui/tui","Test":"TestWorkspaceRenderingFitsAndSanitizes/planP","Output":"=== RUN   TestWorkspaceRenderingFitsAndSanitizes/planP\n","OutputType":"frame"}
{"Time":"2026-09-08T19:30:52.351917307+03:00","Action":"output","Package":"virmill.local/core/internal/ui/tui","Test":"TestWorkspaceRenderingFitsAndSanitizes/planP","Output":"--- PASS: TestWorkspaceRenderingFitsAndSanitizes/planP (0.00s)\n","OutputType":"frame"}
{"Time":"2026-09-08T19:30:52.351929509+03:00","Action":"pass","Package":"virmill.local/core/internal/ui/tui","Test":"TestWorkspaceRenderingFitsAndSanitizes/planP","Elapsed":0}
{"Time":"2026-09-08T19:30:52.351932137+03:00","Action":"run","Package":"virmill.local/core/internal/ui/tui","Test":"TestWorkspaceRenderingFitsAndSanitizes/approvalP"}
{"Time":"2026-09-08T19:30:52.351933389+03:00","Action":"output","Package":"virmill.local/core/internal/ui/tui","Test":"TestWorkspaceRenderingFitsAndSanitizes/approvalP","Output":"=== RUN   TestWorkspaceRenderingFitsAndSanitizes/approvalP\n","OutputType":"frame"}
{"Time":"2026-09-08T19:30:52.352714042+03:00","Action":"output","Package":"virmill.local/core/internal/ui/tui","Test":"TestWorkspaceRenderingFitsAndSanitizes/approvalP","Output":"--- PASS: TestWorkspaceRenderingFitsAndSanitizes/approvalP (0.00s)\n","OutputType":"frame"}
{"Time":"2026-09-08T19:30:52.352719597+03:00","Action":"pass","Package":"virmill.local/core/internal/ui/tui","Test":"TestWorkspaceRenderingFitsAndSanitizes/approvalP","Elapsed":0}
{"Time":"2026-09-08T19:30:52.35298303+03:00","Action":"run","Package":"virmill.local/core/internal/ui/tui","Test":"TestWorkspaceRenderingFitsAndSanitizes/overviewx"}
{"Time":"2026-09-08T19:30:52.352985481+03:00","Action":"output","Package":"virmill.local/core/internal/ui/tui","Test":"TestWorkspaceRenderingFitsAndSanitizes/overviewx","Output":"=== RUN   TestWorkspaceRenderingFitsAndSanitizes/overviewx\n","OutputType":"frame"}
{"Time":"2026-09-08T19:30:52.353245164+03:00","Action":"output","Package":"virmill.local/core/internal/ui/tui","Test":"TestWorkspaceRenderingFitsAndSanitizes/overviewx","Output":"--- PASS: TestWorkspaceRenderingFitsAndSanitizes/overviewx (0.00s)\n","OutputType":"frame"}
{"Time":"2026-09-08T19:30:52.353254985+03:00","Action":"pass","Package":"virmill.local/core/internal/ui/tui","Test":"TestWorkspaceRenderingFitsAndSanitizes/overviewx","Elapsed":0}
{"Time":"2026-09-08T19:30:52.35326599+03:00","Action":"run","Package":"virmill.local/core/internal/ui/tui","Test":"TestWorkspaceRenderingFitsAndSanitizes/detailsx"}
{"Time":"2026-09-08T19:30:52.353268137+03:00","Action":"output","Package":"virmill.local/core/internal/ui/tui","Test":"TestWorkspaceRenderingFitsAndSanitizes/detailsx","Output":"=== RUN   TestWorkspaceRenderingFitsAndSanitizes/detailsx\n","OutputType":"frame"}
{"Time":"2026-09-08T19:30:52.354197518+03:00","Action":"output","Package":"virmill.local/core/internal/ui/tui","Test":"TestWorkspaceRenderingFitsAndSanitizes/detailsx","Output":"--- PASS: TestWorkspaceRenderingFitsAndSanitizes/detailsx (0.00s)\n","OutputType":"frame"}
{"Time":"2026-09-08T19:30:52.354207619+03:00","Action":"pass","Package":"virmill.local/core/internal/ui/tui","Test":"TestWorkspaceRenderingFitsAndSanitizes/detailsx","Elapsed":0}
{"Time":"2026-09-08T19:30:52.354221385+03:00","Action":"run","Package":"virmill.local/core/internal/ui/tui","Test":"TestWorkspaceRenderingFitsAndSanitizes/catalogx"}
{"Time":"2026-09-08T19:30:52.354223322+03:00","Action":"output","Package":"virmill.local/core/internal/ui/tui","Test":"TestWorkspaceRenderingFitsAndSanitizes/catalogx","Output":"=== RUN   TestWorkspaceRenderingFitsAndSanitizes/catalogx\n","OutputType":"frame"}
{"Time":"2026-09-08T19:30:52.355472529+03:00","Action":"output","Package":"virmill.local/core/internal/ui/tui","Test":"TestWorkspaceRenderingFitsAndSanitizes/catalogx","Output":"--- PASS: TestWorkspaceRenderingFitsAndSanitizes/catalogx (0.00s)\n","OutputType":"frame"}
{"Time":"2026-09-08T19:30:52.35548686+03:00","Action":"pass","Package":"virmill.local/core/internal/ui/tui","Test":"TestWorkspaceRenderingFitsAndSanitizes/catalogx","Elapsed":0}
{"Time":"2026-09-08T19:30:52.355499941+03:00","Action":"run","Package":"virmill.local/core/internal/ui/tui","Test":"TestWorkspaceRenderingFitsAndSanitizes/planx"}
{"Time":"2026-09-08T19:30:52.35550506+03:00","Action":"output","Package":"virmill.local/core/internal/ui/tui","Test":"TestWorkspaceRenderingFitsAndSanitizes/planx","Output":"=== RUN   TestWorkspaceRenderingFitsAndSanitizes/planx\n","OutputType":"frame"}
{"Time":"2026-09-08T19:30:52.356880096+03:00","Action":"output","Package":"virmill.local/core/internal/ui/tui","Test":"TestWorkspaceRenderingFitsAndSanitizes/planx","Output":"--- PASS: TestWorkspaceRenderingFitsAndSanitizes/planx (0.00s)\n","OutputType":"frame"}
{"Time":"2026-09-08T19:30:52.356890876+03:00","Action":"pass","Package":"virmill.local/core/internal/ui/tui","Test":"TestWorkspaceRenderingFitsAndSanitizes/planx","Elapsed":0}
{"Time":"2026-09-08T19:30:52.356903196+03:00","Action":"run","Package":"virmill.local/core/internal/ui/tui","Test":"TestWorkspaceRenderingFitsAndSanitizes/approvalx"}
{"Time":"2026-09-08T19:30:52.356905139+03:00","Action":"output","Package":"virmill.local/core/internal/ui/tui","Test":"TestWorkspaceRenderingFitsAndSanitizes/approvalx","Output":"=== RUN   TestWorkspaceRenderingFitsAndSanitizes/approvalx\n","OutputType":"frame"}
{"Time":"2026-09-08T19:30:52.357731033+03:00","Action":"output","Package":"virmill.local/core/internal/ui/tui","Test":"TestWorkspaceRenderingFitsAndSanitizes/approvalx","Output":"--- PASS: TestWorkspaceRenderingFitsAndSanitizes/approvalx (0.00s)\n","OutputType":"frame"}
{"Time":"2026-09-08T19:30:52.357741796+03:00","Action":"pass","Package":"virmill.local/core/internal/ui/tui","Test":"TestWorkspaceRenderingFitsAndSanitizes/approvalx","Elapsed":0}
{"Time":"2026-09-08T19:30:52.357994504+03:00","Action":"run","Package":"virmill.local/core/internal/ui/tui","Test":"TestWorkspaceRenderingFitsAndSanitizes/overview\u003c"}
{"Time":"2026-09-08T19:30:52.357997457+03:00","Action":"output","Package":"virmill.local/core/internal/ui/tui","Test":"TestWorkspaceRenderingFitsAndSanitizes/overview\u003c","Output":"=== RUN   TestWorkspaceRenderingFitsAndSanitizes/overview\u003c\n","OutputType":"frame"}
{"Time":"2026-09-08T19:30:52.358230244+03:00","Action":"output","Package":"virmill.local/core/internal/ui/tui","Test":"TestWorkspaceRenderingFitsAndSanitizes/overview\u003c","Output":"--- PASS: TestWorkspaceRenderingFitsAndSanitizes/overview\u003c (0.00s)\n","OutputType":"frame"}
{"Time":"2026-09-08T19:30:52.358235605+03:00","Action":"pass","Package":"virmill.local/core/internal/ui/tui","Test":"TestWorkspaceRenderingFitsAndSanitizes/overview\u003c","Elapsed":0}
{"Time":"2026-09-08T19:30:52.358249149+03:00","Action":"run","Package":"virmill.local/core/internal/ui/tui","Test":"TestWorkspaceRenderingFitsAndSanitizes/details\u003c"}
{"Time":"2026-09-08T19:30:52.358251411+03:00","Action":"output","Package":"virmill.local/core/internal/ui/tui","Test":"TestWorkspaceRenderingFitsAndSanitizes/details\u003c","Output":"=== RUN   TestWorkspaceRenderingFitsAndSanitizes/details\u003c\n","OutputType":"frame"}
{"Time":"2026-09-08T19:30:52.359070363+03:00","Action":"output","Package":"virmill.local/core/internal/ui/tui","Test":"TestWorkspaceRenderingFitsAndSanitizes/details\u003c","Output":"--- PASS: TestWorkspaceRenderingFitsAndSanitizes/details\u003c (0.00s)\n","OutputType":"frame"}
{"Time":"2026-09-08T19:30:52.359078219+03:00","Action":"pass","Package":"virmill.local/core/internal/ui/tui","Test":"TestWorkspaceRenderingFitsAndSanitizes/details\u003c","Elapsed":0}
{"Time":"2026-09-08T19:30:52.359090465+03:00","Action":"run","Package":"virmill.local/core/internal/ui/tui","Test":"TestWorkspaceRenderingFitsAndSanitizes/catalog\u003c"}
{"Time":"2026-09-08T19:30:52.359095612+03:00","Action":"output","Package":"virmill.local/core/internal/ui/tui","Test":"TestWorkspaceRenderingFitsAndSanitizes/catalog\u003c","Output":"=== RUN   TestWorkspaceRenderingFitsAndSanitizes/catalog\u003c\n","OutputType":"frame"}
{"Time":"2026-09-08T19:30:52.360251534+03:00","Action":"output","Package":"virmill.local/core/internal/ui/tui","Test":"TestWorkspaceRenderingFitsAndSanitizes/catalog\u003c","Output":"--- PASS: TestWorkspaceRenderingFitsAndSanitizes/catalog\u003c (0.00s)\n","OutputType":"frame"}
{"Time":"2026-09-08T19:30:52.360260317+03:00","Action":"pass","Package":"virmill.local/core/internal/ui/tui","Test":"TestWorkspaceRenderingFitsAndSanitizes/catalog\u003c","Elapsed":0}
{"Time":"2026-09-08T19:30:52.360263172+03:00","Action":"run","Package":"virmill.local/core/internal/ui/tui","Test":"TestWorkspaceRenderingFitsAndSanitizes/plan\u003c"}
{"Time":"2026-09-08T19:30:52.360264793+03:00","Action":"output","Package":"virmill.local/core/internal/ui/tui","Test":"TestWorkspaceRenderingFitsAndSanitizes/plan\u003c","Output":"=== RUN   TestWorkspaceRenderingFitsAndSanitizes/plan\u003c\n","OutputType":"frame"}
{"Time":"2026-09-08T19:30:52.36160457+03:00","Action":"output","Package":"virmill.local/core/internal/ui/tui","Test":"TestWorkspaceRenderingFitsAndSanitizes/plan\u003c","Output":"--- PASS: TestWorkspaceRenderingFitsAndSanitizes/plan\u003c (0.00s)\n","OutputType":"frame"}
{"Time":"2026-09-08T19:30:52.361616061+03:00","Action":"pass","Package":"virmill.local/core/internal/ui/tui","Test":"TestWorkspaceRenderingFitsAndSanitizes/plan\u003c","Elapsed":0}
{"Time":"2026-09-08T19:30:52.361628804+03:00","Action":"run","Package":"virmill.local/core/internal/ui/tui","Test":"TestWorkspaceRenderingFitsAndSanitizes/approval\u003c"}
{"Time":"2026-09-08T19:30:52.361630944+03:00","Action":"output","Package":"virmill.local/core/internal/ui/tui","Test":"TestWorkspaceRenderingFitsAndSanitizes/approval\u003c","Output":"=== RUN   TestWorkspaceRenderingFitsAndSanitizes/approval\u003c\n","OutputType":"frame"}
{"Time":"2026-09-08T19:30:52.362473444+03:00","Action":"output","Package":"virmill.local/core/internal/ui/tui","Test":"TestWorkspaceRenderingFitsAndSanitizes/approval\u003c","Output":"--- PASS: TestWorkspaceRenderingFitsAndSanitizes/approval\u003c (0.00s)\n","OutputType":"frame"}
{"Time":"2026-09-08T19:30:52.362483507+03:00","Action":"pass","Package":"virmill.local/core/internal/ui/tui","Test":"TestWorkspaceRenderingFitsAndSanitizes/approval\u003c","Elapsed":0}
{"Time":"2026-09-08T19:30:52.362778429+03:00","Action":"run","Package":"virmill.local/core/internal/ui/tui","Test":"TestWorkspaceRenderingFitsAndSanitizes/overview("}
{"Time":"2026-09-08T19:30:52.362780889+03:00","Action":"output","Package":"virmill.local/core/internal/ui/tui","Test":"TestWorkspaceRenderingFitsAndSanitizes/overview(","Output":"=== RUN   TestWorkspaceRenderingFitsAndSanitizes/overview(\n","OutputType":"frame"}
{"Time":"2026-09-08T19:30:52.362845101+03:00","Action":"output","Package":"virmill.local/core/internal/ui/tui","Test":"TestWorkspaceRenderingFitsAndSanitizes/overview(","Output":"--- PASS: TestWorkspaceRenderingFitsAndSanitizes/overview( (0.00s)\n","OutputType":"frame"}
{"Time":"2026-09-08T19:30:52.362851138+03:00","Action":"pass","Package":"virmill.local/core/internal/ui/tui","Test":"TestWorkspaceRenderingFitsAndSanitizes/overview(","Elapsed":0}
{"Time":"2026-09-08T19:30:52.362862422+03:00","Action":"run","Package":"virmill.local/core/internal/ui/tui","Test":"TestWorkspaceRenderingFitsAndSanitizes/details("}
{"Time":"2026-09-08T19:30:52.362864824+03:00","Action":"output","Package":"virmill.local/core/internal/ui/tui","Test":"TestWorkspaceRenderingFitsAndSanitizes/details(","Output":"=== RUN   TestWorkspaceRenderingFitsAndSanitizes/details(\n","OutputType":"frame"}
{"Time":"2026-09-08T19:30:52.363070555+03:00","Action":"output","Package":"virmill.local/core/internal/ui/tui","Test":"TestWorkspaceRenderingFitsAndSanitizes/details(","Output":"--- PASS: TestWorkspaceRenderingFitsAndSanitizes/details( (0.00s)\n","OutputType":"frame"}
{"Time":"2026-09-08T19:30:52.363073607+03:00","Action":"pass","Package":"virmill.local/core/internal/ui/tui","Test":"TestWorkspaceRenderingFitsAndSanitizes/details(","Elapsed":0}
{"Time":"2026-09-08T19:30:52.363088437+03:00","Action":"run","Package":"virmill.local/core/internal/ui/tui","Test":"TestWorkspaceRenderingFitsAndSanitizes/catalog("}
{"Time":"2026-09-08T19:30:52.363090692+03:00","Action":"output","Package":"virmill.local/core/internal/ui/tui","Test":"TestWorkspaceRenderingFitsAndSanitizes/catalog(","Output":"=== RUN   TestWorkspaceRenderingFitsAndSanitizes/catalog(\n","OutputType":"frame"}
{"Time":"2026-09-08T19:30:52.363156376+03:00","Action":"output","Package":"virmill.local/core/internal/ui/tui","Test":"TestWorkspaceRenderingFitsAndSanitizes/catalog(","Output":"--- PASS: TestWorkspaceRenderingFitsAndSanitizes/catalog( (0.00s)\n","OutputType":"frame"}
{"Time":"2026-09-08T19:30:52.363165722+03:00","Action":"pass","Package":"virmill.local/core/internal/ui/tui","Test":"TestWorkspaceRenderingFitsAndSanitizes/catalog(","Elapsed":0}
{"Time":"2026-09-08T19:30:52.363176003+03:00","Action":"run","Package":"virmill.local/core/internal/ui/tui","Test":"TestWorkspaceRenderingFitsAndSanitizes/plan("}
{"Time":"2026-09-08T19:30:52.363177992+03:00","Action":"output","Package":"virmill.local/core/internal/ui/tui","Test":"TestWorkspaceRenderingFitsAndSanitizes/plan(","Output":"=== RUN   TestWorkspaceRenderingFitsAndSanitizes/plan(\n","OutputType":"frame"}
{"Time":"2026-09-08T19:30:52.363876074+03:00","Action":"output","Package":"virmill.local/core/internal/ui/tui","Test":"TestWorkspaceRenderingFitsAndSanitizes/plan(","Output":"--- PASS: TestWorkspaceRenderingFitsAndSanitizes/plan( (0.00s)\n","OutputType":"frame"}
{"Time":"2026-09-08T19:30:52.363889557+03:00","Action":"pass","Package":"virmill.local/core/internal/ui/tui","Test":"TestWorkspaceRenderingFitsAndSanitizes/plan(","Elapsed":0}
{"Time":"2026-09-08T19:30:52.363899087+03:00","Action":"run","Package":"virmill.local/core/internal/ui/tui","Test":"TestWorkspaceRenderingFitsAndSanitizes/approval("}
{"Time":"2026-09-08T19:30:52.363901194+03:00","Action":"output","Package":"virmill.local/core/internal/ui/tui","Test":"TestWorkspaceRenderingFitsAndSanitizes/approval(","Output":"=== RUN   TestWorkspaceRenderingFitsAndSanitizes/approval(\n","OutputType":"frame"}
{"Time":"2026-09-08T19:30:52.364630641+03:00","Action":"output","Package":"virmill.local/core/internal/ui/tui","Test":"TestWorkspaceRenderingFitsAndSanitizes/approval(","Output":"--- PASS: TestWorkspaceRenderingFitsAndSanitizes/approval( (0.00s)\n","OutputType":"frame"}
{"Time":"2026-09-08T19:30:52.364641199+03:00","Action":"pass","Package":"virmill.local/core/internal/ui/tui","Test":"TestWorkspaceRenderingFitsAndSanitizes/approval(","Elapsed":0}
{"Time":"2026-09-08T19:30:52.364661488+03:00","Action":"output","Package":"virmill.local/core/internal/ui/tui","Test":"TestWorkspaceRenderingFitsAndSanitizes","Output":"--- PASS: TestWorkspaceRenderingFitsAndSanitizes (0.02s)\n","OutputType":"frame"}
{"Time":"2026-09-08T19:30:52.364670296+03:00","Action":"pass","Package":"virmill.local/core/internal/ui/tui","Test":"TestWorkspaceRenderingFitsAndSanitizes","Elapsed":0.02}
{"Time":"2026-09-08T19:30:52.364686559+03:00","Action":"run","Package":"virmill.local/core/internal/ui/tui","Test":"TestWorkspaceRenderFixtures"}
{"Time":"2026-09-08T19:30:52.364689423+03:00","Action":"output","Package":"virmill.local/core/internal/ui/tui","Test":"TestWorkspaceRenderFixtures","Output":"=== RUN   TestWorkspaceRenderFixtures\n","OutputType":"frame"}
{"Time":"2026-09-08T19:30:52.364719297+03:00","Action":"output","Package":"virmill.local/core/internal/ui/tui","Test":"TestWorkspaceRenderFixtures","Output":"--- PASS: TestWorkspaceRenderFixtures (0.00s)\n","OutputType":"frame"}
{"Time":"2026-09-08T19:30:52.364722732+03:00","Action":"pass","Package":"virmill.local/core/internal/ui/tui","Test":"TestWorkspaceRenderFixtures","Elapsed":0}
{"Time":"2026-09-08T19:30:52.364735143+03:00","Action":"run","Package":"virmill.local/core/internal/ui/tui","Test":"TestWorkspaceActionButtonsAreKeyboardSelectable"}
{"Time":"2026-09-08T19:30:52.364737241+03:00","Action":"output","Package":"virmill.local/core/internal/ui/tui","Test":"TestWorkspaceActionButtonsAreKeyboardSelectable","Output":"=== RUN   TestWorkspaceActionButtonsAreKeyboardSelectable\n","OutputType":"frame"}
{"Time":"2026-09-08T19:30:52.366190314+03:00","Action":"output","Package":"virmill.local/core/internal/ui/tui","Test":"TestWorkspaceActionButtonsAreKeyboardSelectable","Output":"--- PASS: TestWorkspaceActionButtonsAreKeyboardSelectable (0.00s)\n","OutputType":"frame"}
{"Time":"2026-09-08T19:30:52.366203524+03:00","Action":"pass","Package":"virmill.local/core/internal/ui/tui","Test":"TestWorkspaceActionButtonsAreKeyboardSelectable","Elapsed":0}
{"Time":"2026-09-08T19:30:52.366218497+03:00","Action":"output","Package":"virmill.local/core/internal/ui/tui","Output":"PASS\n","OutputType":"frame"}
{"Time":"2026-09-08T19:30:53.373070003+03:00","Action":"output","Package":"virmill.local/core/internal/ui/tui","Output":"ok  \tvirmill.local/core/internal/ui/tui\t5.258s\n"}
{"Time":"2026-09-08T19:30:53.41273548+03:00","Action":"pass","Package":"virmill.local/core/internal/ui/tui","Elapsed":5.298}
